bucket,fuzz_level,profile,duration_ms,runner_hours,cumulative_runner_hours,unique_bug_outputs,confirmed_likely_real_outputs,cumulative_unique_bug_outputs,cumulative_confirmed_likely_real_outputs,unique_bug_outputs_per_100_runner_hours,confirmed_likely_real_outputs_per_100_runner_hours
2026-07-09T01:30:00Z,browser-e2e,async-server-blocks,176883,0.049134166666666666,0.049134166666666666,0,0,0,0,0,0
2026-07-09T01:45:00Z,browser-e2e,async-server-blocks,235623,0.06545083333333333,0.11458499999999999,0,0,0,0,0,0
2026-07-09T08:30:00Z,browser-e2e,async-server-blocks,76298,0.02119388888888889,0.1357788888888889,0,0,0,0,0,0
2026-07-09T14:15:00Z,browser-e2e,async-server-blocks,333602,0.09266722222222222,0.22844611111111113,1,0,1,0,437.73999703309556,0
2026-07-09T14:30:00Z,browser-e2e,async-server-blocks,56406,0.015668333333333333,0.24411444444444447,1,0,2,0,819.2878567884826,0
2026-07-09T15:15:00Z,browser-e2e,async-server-blocks,364534,0.10125944444444444,0.3453738888888889,1,0,3,0,868.6238585236932,0
2026-07-09T15:45:00Z,browser-e2e,async-server-blocks,53718,0.014921666666666666,0.3602955555555556,0,0,3,0,832.6497381779155,0
2026-07-10T01:00:00Z,browser-e2e,async-server-blocks,70298,0.019527222222222224,0.37982277777777784,1,0,4,0,1053.1227282899479,0
2026-07-09T01:30:00Z,browser-e2e,block-gauntlet,116850,0.03245833333333333,0.03245833333333333,1,0,1,0,3080.872913992298,0
2026-07-09T15:15:00Z,browser-e2e,block-gauntlet,265307,0.0736963888888889,0.10615472222222222,1,0,2,0,1884.04242235521,0
2026-07-09T17:30:00Z,browser-e2e,block-gauntlet,21296,0.005915555555555556,0.11207027777777778,0,0,2,0,1784.5944880816353,0
2026-07-09T20:30:00Z,browser-e2e,block-gauntlet,55945,0.015540277777777778,0.12761055555555556,0,0,2,0,1567.2684687351707,0
2026-07-09T21:30:00Z,browser-e2e,block-gauntlet,24895,0.006915277777777778,0.13452583333333334,0,0,2,0,1486.7032973840214,0
2026-07-08T18:00:00Z,browser-e2e,collaboration-ui-signals,69943,0.019428611111111112,0.019428611111111112,1,0,1,0,5147.048310767339,0
2026-07-08T21:30:00Z,browser-e2e,collaboration-ui-signals,53505,0.0148625,0.03429111111111111,0,0,1,0,2916.2076339835394,0
2026-07-09T05:30:00Z,browser-e2e,collaboration-ui-signals,931512,0.25875333333333334,0.29304444444444444,0,0,1,0,341.245165693486,0
2026-07-09T05:45:00Z,browser-e2e,collaboration-ui-signals,772739,0.21464972222222223,0.5076941666666667,0,0,1,0,196.96897574491206,0
2026-07-09T06:00:00Z,browser-e2e,collaboration-ui-signals,929825,0.2582847222222222,0.7659788888888889,1,0,2,0,261.1038018164121,0
2026-07-09T06:15:00Z,browser-e2e,collaboration-ui-signals,58284,0.01619,0.7821688888888889,0,0,2,0,255.69925222174237,0
2026-07-09T14:00:00Z,browser-e2e,collaboration-ui-signals,334793,0.09299805555555556,0.8751669444444444,0,0,2,0,228.5278269130239,0
2026-07-09T14:15:00Z,browser-e2e,collaboration-ui-signals,387371,0.10760305555555555,0.9827699999999999,0,0,2,0,203.5064155397499,0
2026-07-09T19:30:00Z,browser-e2e,collaboration-ui-signals,176460,0.04901666666666667,1.0317866666666666,0,0,2,0,193.83851959061306,0
2026-07-10T00:15:00Z,browser-e2e,collaboration-ui-signals,57235,0.01589861111111111,1.0476852777777776,0,0,2,0,190.89702245717876,0
2026-07-10T01:30:00Z,browser-e2e,collaboration-ui-signals,179081,0.049744722222222225,1.09743,0,0,2,0,182.24397000264256,0
2026-07-10T03:15:00Z,browser-e2e,collaboration-ui-signals,98793,0.0274425,1.1248725,0,0,2,0,177.79792820964155,0
2026-07-08T13:45:00Z,browser-e2e,large-post-three-user-http-lifecycle,356691,0.09908083333333334,0.09908083333333334,1,0,1,0,1009.2769371809212,0
2026-07-08T14:00:00Z,browser-e2e,large-post-three-user-http-lifecycle,330305,0.09175138888888888,0.19083222222222224,1,0,2,0,1048.0410366290341,0
2026-07-08T15:00:00Z,browser-e2e,large-post-three-user-http-lifecycle,500402,0.13900055555555554,0.32983277777777775,2,0,4,0,1212.7357465651787,0
2026-07-08T15:15:00Z,browser-e2e,large-post-three-user-http-lifecycle,522562,0.14515611111111112,0.4749888888888889,0,0,4,0,842.1249619874148,0
2026-07-08T15:30:00Z,browser-e2e,large-post-three-user-http-lifecycle,578803,0.1607786111111111,0.6357675,1,1,5,1,786.4510217964901,157.290204359298
2026-07-08T15:45:00Z,browser-e2e,large-post-three-user-http-lifecycle,664785,0.1846625,0.82043,1,0,6,1,731.3238179978791,121.88730299964652
2026-07-08T17:00:00Z,browser-e2e,large-post-three-user-http-lifecycle,449151,0.12476416666666666,0.9451941666666667,1,1,7,2,740.5885739526182,211.59673541503378
2026-07-08T17:45:00Z,browser-e2e,large-post-three-user-http-lifecycle,1058464,0.29401777777777777,1.2392119444444445,1,1,8,3,645.5715695660526,242.08933858726974
2026-07-08T18:00:00Z,browser-e2e,large-post-three-user-http-lifecycle,114105,0.03169583333333333,1.2709077777777777,0,0,8,3,629.4713227727863,236.05174603979484
2026-07-08T18:15:00Z,browser-e2e,large-post-three-user-http-lifecycle,376662,0.10462833333333334,1.375536111111111,2,1,10,4,726.9892748887808,290.7957099555123
2026-07-08T18:30:00Z,browser-e2e,large-post-three-user-http-lifecycle,799354,0.22204277777777778,1.5975788888888889,0,0,10,4,625.9471797949815,250.37887191799257
2026-07-08T18:45:00Z,browser-e2e,large-post-three-user-http-lifecycle,1065279,0.29591083333333335,1.8934897222222222,0,0,10,4,528.1253910511793,211.2501564204717
2026-07-08T19:00:00Z,browser-e2e,large-post-three-user-http-lifecycle,993890,0.27608055555555555,2.169570277777778,1,0,11,4,507.01284547772065,184.36830744644388
2026-07-08T19:15:00Z,browser-e2e,large-post-three-user-http-lifecycle,344289,0.09563583333333334,2.265206111111111,0,0,11,4,485.607024722548,176.58437262638108
2026-07-08T19:30:00Z,browser-e2e,large-post-three-user-http-lifecycle,302917,0.08414361111111111,2.349349722222222,0,0,11,4,468.21466791224384,170.25987924081593
2026-07-09T01:15:00Z,browser-e2e,large-post-three-user-http-lifecycle,533417,0.1481713888888889,2.497521111111111,1,0,12,4,480.47641906263505,160.1588063542117
2026-07-09T01:30:00Z,browser-e2e,large-post-three-user-http-lifecycle,225886,0.06274611111111111,2.560267222222222,0,0,12,4,468.7010752566844,156.23369175222814
2026-07-09T01:45:00Z,browser-e2e,large-post-three-user-http-lifecycle,429305,0.11925138888888889,2.679518611111111,1,0,13,4,485.161772942839,149.28054552087352
2026-07-09T02:00:00Z,browser-e2e,large-post-three-user-http-lifecycle,159424,0.044284444444444446,2.7238030555555555,0,0,13,4,477.2738606590805,146.8534955874094
2026-07-09T02:15:00Z,browser-e2e,large-post-three-user-http-lifecycle,660796,0.18355444444444444,2.9073575,1,0,14,4,481.5369282931322,137.58197951232347
2026-07-09T03:00:00Z,browser-e2e,large-post-three-user-http-lifecycle,843868,0.23440777777777777,3.1417652777777776,0,0,14,4,445.60935532085426,127.3169586631012
2026-07-09T04:00:00Z,browser-e2e,large-post-three-user-http-lifecycle,445990,0.12388611111111111,3.2656513888888887,0,0,14,4,428.7046696911328,122.48704848318079
2026-07-09T04:15:00Z,browser-e2e,large-post-three-user-http-lifecycle,657399,0.18261083333333333,3.448262222222222,2,1,16,5,464.00183538503774,145.0005735578243
2026-07-09T04:30:00Z,browser-e2e,large-post-three-user-http-lifecycle,211247,0.05867972222222222,3.5069419444444443,0,0,16,5,456.2379490013102,142.57435906290945
2026-07-09T04:45:00Z,browser-e2e,large-post-three-user-http-lifecycle,545936,0.1516488888888889,3.6585908333333332,0,0,16,5,437.32684874800384,136.66464023375121
2026-07-09T05:00:00Z,browser-e2e,large-post-three-user-http-lifecycle,811353,0.22537583333333333,3.883966666666667,2,1,18,6,463.44373020709065,154.48124340236356
2026-07-09T05:15:00Z,browser-e2e,large-post-three-user-http-lifecycle,338264,0.09396222222222222,3.977928888888889,0,0,18,6,452.4967766587638,150.8322588862546
2026-07-09T05:30:00Z,browser-e2e,large-post-three-user-http-lifecycle,954221,0.2650613888888889,4.242990277777778,0,0,18,6,424.2291125264447,141.40970417548158
2026-07-09T05:45:00Z,browser-e2e,large-post-three-user-http-lifecycle,903950,0.25109722222222225,4.494087500000001,0,0,18,6,400.5262469856227,133.50874899520755
2026-07-09T06:00:00Z,browser-e2e,large-post-three-user-http-lifecycle,922125,0.25614583333333335,4.750233333333334,1,0,19,6,399.98035184236556,126.30958479232598
2026-07-09T06:45:00Z,browser-e2e,large-post-three-user-http-lifecycle,93713,0.02603138888888889,4.776264722222223,0,0,19,6,397.8003964395003,125.6211778230001
2026-07-09T07:00:00Z,browser-e2e,large-post-three-user-http-lifecycle,92309,0.025641388888888887,4.801906111111111,0,0,19,6,395.6762077466691,124.95038139368498
2026-07-09T08:30:00Z,browser-e2e,large-post-three-user-http-lifecycle,298839,0.08301083333333334,4.884916944444445,1,1,20,7,409.4235424564536,143.29823985975878
2026-07-09T08:45:00Z,browser-e2e,large-post-three-user-http-lifecycle,989848,0.2749577777777778,5.159874722222223,1,0,21,7,406.9866252674416,135.66220842248052
2026-07-09T09:15:00Z,browser-e2e,large-post-three-user-http-lifecycle,957707,0.2660297222222222,5.425904444444445,0,0,21,7,387.0322490013953,129.0107496671318
2026-07-09T09:30:00Z,browser-e2e,large-post-three-user-http-lifecycle,1079486,0.2998572222222222,5.725761666666667,1,1,22,8,384.2283573917531,139.71940268791022
2026-07-09T11:00:00Z,browser-e2e,large-post-three-user-http-lifecycle,166656,0.04629333333333333,5.772055000000001,0,0,22,8,381.1467492946619,138.5988179253316
2026-07-09T11:15:00Z,browser-e2e,large-post-three-user-http-lifecycle,863965,0.2399902777777778,6.012045277777778,0,0,22,8,365.93204115275427,133.06619678281973
2026-07-09T11:30:00Z,browser-e2e,large-post-three-user-http-lifecycle,401046,0.11140166666666666,6.123446944444445,0,0,22,8,359.2747712129638,130.64537135016863
2026-07-09T11:45:00Z,browser-e2e,large-post-three-user-http-lifecycle,183161,0.05087805555555556,6.1743250000000005,0,0,22,8,356.31425297502153,129.5688192636442
2026-07-09T12:00:00Z,browser-e2e,large-post-three-user-http-lifecycle,318113,0.08836472222222222,6.262689722222222,0,0,22,8,351.2867629692123,127.74064107971357
2026-07-09T12:15:00Z,browser-e2e,large-post-three-user-http-lifecycle,372285,0.1034125,6.3661022222222226,0,0,22,8,345.58037606126334,125.66559129500486
2026-07-09T12:30:00Z,browser-e2e,large-post-three-user-http-lifecycle,334929,0.09303583333333333,6.459138055555556,0,0,22,8,340.60272145874984,123.85553507590903
2026-07-09T13:15:00Z,browser-e2e,large-post-three-user-http-lifecycle,347050,0.09640277777777778,6.555540833333334,0,0,22,8,335.5939740034162,122.03417236487861
2026-07-09T14:15:00Z,browser-e2e,large-post-three-user-http-lifecycle,245101,0.06808361111111111,6.623624444444444,1,1,23,9,347.2419095151329,135.87726894070417
2026-07-09T14:30:00Z,browser-e2e,large-post-three-user-http-lifecycle,778052,0.21612555555555554,6.8397499999999996,1,1,24,10,350.89001791001135,146.2041741291714
2026-07-09T14:45:00Z,browser-e2e,large-post-three-user-http-lifecycle,1214946,0.337485,7.177235,0,0,24,10,334.39061142626656,139.32942142761107
2026-07-09T15:00:00Z,browser-e2e,large-post-three-user-http-lifecycle,965498,0.2681938888888889,7.445428888888888,0,0,24,10,322.345433126306,134.31059713596085
2026-07-09T15:15:00Z,browser-e2e,large-post-three-user-http-lifecycle,1235365,0.34315694444444444,7.788585833333332,1,0,25,10,320.98253180963644,128.39301272385458
2026-07-09T15:30:00Z,browser-e2e,large-post-three-user-http-lifecycle,1798708,0.4996411111111111,8.288226944444444,0,0,25,10,301.6326672468515,120.6530668987406
2026-07-09T15:45:00Z,browser-e2e,large-post-three-user-http-lifecycle,1629877,0.4527436111111111,8.740970555555556,1,0,26,10,297.4498064574192,114.403771714392
2026-07-09T16:00:00Z,browser-e2e,large-post-three-user-http-lifecycle,1887203,0.5242230555555556,9.265193611111112,0,0,26,10,280.6201477411112,107.93082605427355
2026-07-09T16:15:00Z,browser-e2e,large-post-three-user-http-lifecycle,1458181,0.4050502777777778,9.67024388888889,1,0,27,10,279.2070221829979,103.41000821592513
2026-07-09T16:30:00Z,browser-e2e,large-post-three-user-http-lifecycle,940374,0.261215,9.93145888888889,1,0,28,10,281.93239596778494,100.69014141706604
2026-07-09T16:45:00Z,browser-e2e,large-post-three-user-http-lifecycle,958968,0.26638,10.19783888888889,0,0,28,10,274.56797763796357,98.05999201355841
2026-07-09T17:15:00Z,browser-e2e,large-post-three-user-http-lifecycle,292845,0.08134583333333334,10.279184722222224,0,0,28,10,272.39514374586287,97.28397990923673
2026-07-09T17:30:00Z,browser-e2e,large-post-three-user-http-lifecycle,214484,0.05957888888888889,10.338763611111114,0,0,28,10,270.82542026503324,96.723364380369
2026-07-09T17:45:00Z,browser-e2e,large-post-three-user-http-lifecycle,1058916,0.2941433333333333,10.632906944444446,1,1,29,11,272.73820932997177,103.45242422860998
2026-07-09T18:00:00Z,browser-e2e,large-post-three-user-http-lifecycle,165225,0.04589583333333333,10.67880277777778,0,0,29,11,271.5660229286002,103.00780180050353
2026-07-09T18:15:00Z,browser-e2e,large-post-three-user-http-lifecycle,314711,0.08741972222222222,10.766222500000001,0,0,29,11,269.36095738314896,102.17139762809099
2026-07-09T18:30:00Z,browser-e2e,large-post-three-user-http-lifecycle,1125381,0.31260583333333336,11.078828333333334,1,1,30,12,270.78675738424204,108.31470295369681
2026-07-09T18:45:00Z,browser-e2e,large-post-three-user-http-lifecycle,1004805,0.2791125,11.357940833333334,0,0,30,12,264.13238491220056,105.65295396488021
2026-07-09T19:00:00Z,browser-e2e,large-post-three-user-http-lifecycle,505363,0.1403786111111111,11.498319444444444,0,0,30,12,260.90769303243593,104.36307721297436
2026-07-09T19:15:00Z,browser-e2e,large-post-three-user-http-lifecycle,947862,0.263295,11.761614444444444,0,0,30,12,255.06702452885108,102.02680981154043
2026-07-09T19:30:00Z,browser-e2e,large-post-three-user-http-lifecycle,856776,0.23799333333333333,11.999607777777777,0,0,30,12,250.00817156338536,100.00326862535415
2026-07-09T19:45:00Z,browser-e2e,large-post-three-user-http-lifecycle,321486,0.08930166666666667,12.088909444444445,1,0,31,12,256.433387498376,99.26453709614556
2026-07-09T20:00:00Z,browser-e2e,large-post-three-user-http-lifecycle,706275,0.1961875,12.285096944444446,1,0,32,12,260.4782049723345,97.67932686462542
2026-07-09T20:15:00Z,browser-e2e,large-post-three-user-http-lifecycle,201901,0.05608361111111111,12.341180555555557,0,0,32,12,259.2944804263053,97.23543015986449
2026-07-09T20:30:00Z,browser-e2e,large-post-three-user-http-lifecycle,285984,0.07944,12.420620555555557,0,0,32,12,257.6360807164895,96.61353026868356
2026-07-09T21:00:00Z,browser-e2e,large-post-three-user-http-lifecycle,166794,0.04633166666666667,12.466952222222224,0,0,32,12,256.67861262001395,96.25447973250522
2026-07-09T21:15:00Z,browser-e2e,large-post-three-user-http-lifecycle,430120,0.11947777777777778,12.586430000000002,0,0,32,12,254.24206864059147,95.3407757402218
2026-07-09T21:45:00Z,browser-e2e,large-post-three-user-http-lifecycle,777182,0.21588388888888888,12.802313888888891,0,0,32,12,249.95481502584272,93.73305563469103
2026-07-09T22:30:00Z,browser-e2e,large-post-three-user-http-lifecycle,186727,0.05186861111111111,12.854182500000002,0,0,32,12,248.94620875345433,93.35482828254537
2026-07-09T22:45:00Z,browser-e2e,large-post-three-user-http-lifecycle,692367,0.19232416666666666,13.04650666666667,0,0,32,12,245.27638560718165,91.97864460269311
2026-07-09T23:00:00Z,browser-e2e,large-post-three-user-http-lifecycle,240914,0.06692055555555555,13.113427222222224,1,1,33,13,251.65046056058992,99.13502991780815
2026-07-09T23:15:00Z,browser-e2e,large-post-three-user-http-lifecycle,667441,0.1854002777777778,13.298827500000002,0,0,33,13,248.14217644375037,97.75297859905318
2026-07-10T04:30:00Z,browser-e2e,large-post-three-user-http-lifecycle,467515,0.1298652777777778,13.42869277777778,5,0,38,13,282.976166249656,96.80763582225075
2026-07-10T05:00:00Z,browser-e2e,large-post-three-user-http-lifecycle,310908,0.08636333333333333,13.515056111111113,4,0,42,13,310.7645255388219,96.18901980963534
2026-07-10T05:15:00Z,browser-e2e,large-post-three-user-http-lifecycle,255169,0.07088027777777778,13.585936388888891,0,0,42,13,309.1432110218714,95.68718436391258
2026-07-10T05:45:00Z,browser-e2e,large-post-three-user-http-lifecycle,326904,0.09080666666666666,13.676743055555558,2,0,44,13,321.71402081087564,95.05186978503144
2026-07-10T06:00:00Z,browser-e2e,large-post-three-user-http-lifecycle,156781,0.04355027777777778,13.720293333333336,0,0,44,13,320.6928520478667,94.75016083232427
2026-07-10T06:15:00Z,browser-e2e,large-post-three-user-http-lifecycle,248914,0.06914277777777778,13.789436111111113,0,0,44,13,319.08483889740876,94.27506603787076
2026-07-10T06:30:00Z,browser-e2e,large-post-three-user-http-lifecycle,62657,0.01740472222222222,13.806840833333336,1,1,45,14,325.92539121156665,101.39901059915405
2026-07-10T06:45:00Z,browser-e2e,large-post-three-user-http-lifecycle,921163,0.2558786111111111,14.062719444444447,2,0,47,14,334.2170067864619,99.5540020214993
2026-07-10T07:00:00Z,browser-e2e,large-post-three-user-http-lifecycle,160831,0.04467527777777778,14.107394722222224,0,0,47,14,333.1586088391271,99.23873454782509
2026-07-10T07:30:00Z,browser-e2e,large-post-three-user-http-lifecycle,353566,0.09821277777777777,14.205607500000003,1,0,48,14,337.8947362863573,98.55263141685421
2026-07-08T14:00:00Z,browser-e2e,many-user-lifecycle,831405,0.23094583333333332,0.23094583333333332,0,0,0,0,0,0
2026-07-08T15:00:00Z,browser-e2e,many-user-lifecycle,291210,0.08089166666666667,0.3118375,0,0,0,0,0,0
2026-07-08T15:15:00Z,browser-e2e,many-user-lifecycle,428248,0.11895777777777777,0.43079527777777776,0,0,0,0,0,0
2026-07-08T15:45:00Z,browser-e2e,many-user-lifecycle,828522,0.230145,0.6609402777777778,0,0,0,0,0,0
2026-07-08T17:15:00Z,browser-e2e,many-user-lifecycle,721805,0.20050138888888888,0.8614416666666667,0,0,0,0,0,0
2026-07-08T17:45:00Z,browser-e2e,many-user-lifecycle,298771,0.08299194444444444,0.9444336111111111,0,0,0,0,0,0
2026-07-08T18:15:00Z,browser-e2e,many-user-lifecycle,113400,0.0315,0.9759336111111111,0,0,0,0,0,0
2026-07-08T18:45:00Z,browser-e2e,many-user-lifecycle,110770,0.030769444444444443,1.0067030555555556,0,0,0,0,0,0
2026-07-08T19:00:00Z,browser-e2e,many-user-lifecycle,351643,0.0976786111111111,1.1043816666666668,0,0,0,0,0,0
2026-07-09T03:15:00Z,browser-e2e,many-user-lifecycle,1212922,0.3369227777777778,1.4413044444444445,2,1,2,1,138.76318828468655,69.38159414234327
2026-07-09T03:30:00Z,browser-e2e,many-user-lifecycle,303819,0.08439416666666667,1.5256986111111113,1,0,3,1,196.63123359699517,65.54374453233171
2026-07-09T05:00:00Z,browser-e2e,many-user-lifecycle,240821,0.06689472222222222,1.5925933333333335,0,0,3,1,188.37200540836955,62.79066846945652
2026-07-09T12:00:00Z,browser-e2e,many-user-lifecycle,434409,0.12066916666666666,1.7132625000000001,1,0,4,1,233.47268734359153,58.36817183589788
2026-07-09T12:15:00Z,browser-e2e,many-user-lifecycle,429198,0.11922166666666667,1.8324841666666667,1,0,5,1,272.8536535786348,54.57073071572697
2026-07-09T12:30:00Z,browser-e2e,many-user-lifecycle,253101,0.07030583333333333,1.90279,0,0,5,1,262.77203474897385,52.554406949794775
2026-07-09T12:45:00Z,browser-e2e,many-user-lifecycle,931677,0.2587991666666667,2.1615891666666665,3,1,8,2,370.0980798463477,92.52451996158692
2026-07-09T13:00:00Z,browser-e2e,many-user-lifecycle,337198,0.09366611111111112,2.2552552777777777,2,0,10,2,443.40878385410673,88.68175677082134
2026-07-09T21:45:00Z,browser-e2e,many-user-lifecycle,650116,0.1805877777777778,2.4358430555555555,1,0,11,2,451.58902889542577,82.1070961628047
2026-07-09T22:00:00Z,browser-e2e,many-user-lifecycle,126190,0.03505277777777778,2.470895833333333,0,0,11,2,445.18266822930286,80.9423033144187
2026-07-09T23:15:00Z,browser-e2e,many-user-lifecycle,63573,0.017659166666666667,2.488555,0,0,11,2,442.02358396740277,80.3679243577096
2026-07-10T00:15:00Z,browser-e2e,many-user-lifecycle,24618,0.006838333333333333,2.4953933333333334,0,0,11,2,440.8122700763273,80.14768546842315
2026-07-10T01:15:00Z,browser-e2e,many-user-lifecycle,132724,0.03686777777777778,2.532261111111111,0,0,11,2,434.3943818326616,78.98079669684758
2026-07-10T01:30:00Z,browser-e2e,many-user-lifecycle,609971,0.1694363888888889,2.7016975,1,0,12,2,444.1651961405746,74.02753269009577
2026-07-10T02:30:00Z,browser-e2e,many-user-lifecycle,1280639,0.35573305555555557,3.0574305555555554,2,0,14,2,457.9008335793945,65.41440479705635
2026-07-10T03:45:00Z,browser-e2e,many-user-lifecycle,661445,0.18373472222222223,3.2411652777777777,2,0,16,2,493.64961761437826,61.70620220179728
2026-07-10T04:00:00Z,browser-e2e,many-user-lifecycle,983495,0.27319305555555556,3.5143583333333335,9,0,25,2,711.3674141557373,56.90939313245898
2026-07-10T04:15:00Z,browser-e2e,many-user-lifecycle,445559,0.12376638888888888,3.6381247222222224,1,0,26,2,714.6538941116565,54.97337647012743
2026-07-08T20:15:00Z,browser-e2e,media-cross-entity,23913,0.0066425,0.0066425,0,0,0,0,0,0
2026-07-09T03:15:00Z,browser-e2e,media-cross-entity,58495,0.01624861111111111,0.02289111111111111,1,0,1,0,4368.5079118532185,0
2026-07-09T07:30:00Z,browser-e2e,media-cross-entity,135349,0.03759694444444445,0.06048805555555556,0,0,1,0,1653.2189550737749,0
2026-07-09T08:15:00Z,browser-e2e,media-cross-entity,25086,0.006968333333333333,0.06745638888888889,0,0,1,0,1482.439271463456,0
2026-07-09T12:00:00Z,browser-e2e,media-cross-entity,47429,0.013174722222222223,0.08063111111111111,0,0,1,0,1240.2160732003088,0
2026-07-09T12:30:00Z,browser-e2e,media-cross-entity,59704,0.016584444444444443,0.09721555555555556,0,0,1,0,1028.6419640203899,0
2026-07-09T14:00:00Z,browser-e2e,media-cross-entity,53158,0.014766111111111112,0.11198166666666667,0,0,1,0,893.0033189956689,0
2026-07-09T15:00:00Z,browser-e2e,media-cross-entity,20657,0.005738055555555555,0.11771972222222223,1,0,2,0,1698.9506620008447,0
2026-07-09T15:45:00Z,browser-e2e,media-cross-entity,129289,0.03591361111111111,0.15363333333333334,0,0,2,0,1301.8008244738553,0
2026-07-09T17:00:00Z,browser-e2e,media-cross-entity,165247,0.04590194444444445,0.1995352777777778,2,0,4,0,2004.6580457089874,0
2026-07-09T17:15:00Z,browser-e2e,media-cross-entity,85066,0.023629444444444446,0.22316472222222225,1,0,5,0,2240.4974900204506,0
2026-07-09T17:30:00Z,browser-e2e,media-cross-entity,326409,0.09066916666666666,0.3138338888888889,0,0,5,0,1593.1995163754357,0
2026-07-09T17:45:00Z,browser-e2e,media-cross-entity,707426,0.19650722222222222,0.5103411111111111,3,0,8,0,1567.5789831202223,0
2026-07-09T18:00:00Z,browser-e2e,media-cross-entity,627266,0.17424055555555557,0.6845816666666666,2,0,10,0,1460.7461004165561,0
2026-07-09T18:15:00Z,browser-e2e,media-cross-entity,190254,0.05284833333333333,0.73743,0,0,10,0,1356.0609142562682,0
2026-07-09T19:00:00Z,browser-e2e,media-cross-entity,33239,0.009233055555555555,0.7466630555555556,0,0,10,0,1339.2921915172954,0
2026-07-09T20:30:00Z,browser-e2e,media-cross-entity,84061,0.02335027777777778,0.7700133333333333,0,0,10,0,1298.6788107565237,0
2026-07-09T23:30:00Z,browser-e2e,media-cross-entity,25678,0.007132777777777778,0.7771461111111111,0,0,10,0,1286.7593181033453,0
2026-07-10T01:15:00Z,browser-e2e,media-cross-entity,45810,0.012725,0.7898711111111111,0,0,10,0,1266.0293381198621,0
2026-07-09T05:15:00Z,browser-e2e,multi-reload-lifecycle,255757,0.07104361111111111,0.07104361111111111,0,0,0,0,0,0
2026-07-09T08:15:00Z,browser-e2e,multi-reload-lifecycle,74273,0.02063138888888889,0.091675,0,0,0,0,0,0
2026-07-09T08:45:00Z,browser-e2e,multi-reload-lifecycle,21885,0.006079166666666667,0.09775416666666667,0,0,0,0,0,0
2026-07-09T09:00:00Z,browser-e2e,multi-reload-lifecycle,170640,0.0474,0.14515416666666667,1,0,1,0,688.9226971323593,0
2026-07-09T10:00:00Z,browser-e2e,multi-reload-lifecycle,114325,0.03175694444444444,0.1769111111111111,0,0,1,0,565.2556211531215,0
2026-07-09T10:15:00Z,browser-e2e,multi-reload-lifecycle,74832,0.020786666666666665,0.19769777777777778,1,0,2,0,1011.6451598399352,0
2026-07-09T10:45:00Z,browser-e2e,multi-reload-lifecycle,190818,0.053005,0.2507027777777778,0,0,2,0,797.7574152659746,0
2026-07-09T13:30:00Z,browser-e2e,multi-reload-lifecycle,67565,0.018768055555555555,0.2694708333333333,0,0,2,0,742.1953520016081,0
2026-07-09T14:30:00Z,browser-e2e,multi-reload-lifecycle,173029,0.04806361111111111,0.31753444444444445,0,0,2,0,629.8529293409989,0
2026-07-09T17:45:00Z,browser-e2e,multi-reload-lifecycle,842490,0.234025,0.5515594444444445,1,0,3,0,543.9123616171119,0
2026-07-09T18:00:00Z,browser-e2e,multi-reload-lifecycle,196391,0.054553055555555556,0.6061125,0,0,3,0,494.95761925385136,0
2026-07-10T00:45:00Z,browser-e2e,multi-reload-lifecycle,165684,0.04602333333333333,0.6521358333333334,0,0,3,0,460.0268604572411,0
2026-07-10T02:00:00Z,browser-e2e,multi-reload-lifecycle,241431,0.06706416666666666,0.7192000000000001,0,0,3,0,417.13014460511675,0
2026-07-10T02:45:00Z,browser-e2e,multi-reload-lifecycle,33607,0.009335277777777777,0.7285352777777778,0,0,3,0,411.7851381405689,0
2026-07-10T03:00:00Z,browser-e2e,multi-reload-lifecycle,204772,0.05688111111111111,0.785416388888889,0,0,3,0,381.96299981007945,0
2026-07-10T04:00:00Z,browser-e2e,multi-reload-lifecycle,290036,0.08056555555555556,0.8659819444444445,0,0,3,0,346.42754612217664,0
2026-07-08T14:00:00Z,browser-e2e,parser-serialization,341732,0.09492555555555555,0.09492555555555555,1,0,1,0,1053.457095033535,0
2026-07-08T17:15:00Z,browser-e2e,parser-serialization,32506,0.009029444444444444,0.10395499999999999,0,0,1,0,961.9546919340099,0
2026-07-08T17:30:00Z,browser-e2e,parser-serialization,190273,0.05285361111111111,0.1568086111111111,0,0,1,0,637.7200798567255,0
2026-07-09T03:15:00Z,browser-e2e,parser-serialization,32312,0.008975555555555556,0.16578416666666668,0,0,1,0,603.193911762784,0
2026-07-09T05:30:00Z,browser-e2e,parser-serialization,271919,0.07553305555555556,0.24131722222222224,0,0,1,0,414.3923051953284,0
2026-07-09T05:45:00Z,browser-e2e,parser-serialization,684970,0.19026944444444444,0.4315866666666667,1,0,2,0,463.4063455775588,0
2026-07-09T06:15:00Z,browser-e2e,parser-serialization,201233,0.055898055555555555,0.4874847222222222,0,0,2,0,410.2692676978481,0
2026-07-09T09:00:00Z,browser-e2e,parser-serialization,412920,0.1147,0.6021847222222222,0,0,2,0,332.12400218648304,0
2026-07-09T09:15:00Z,browser-e2e,parser-serialization,103096,0.02863777777777778,0.6308225,0,0,2,0,317.046395776942,0
2026-07-09T10:00:00Z,browser-e2e,parser-serialization,457429,0.1270636111111111,0.757886111111111,0,0,2,0,263.891892288126,0
2026-07-10T02:45:00Z,browser-e2e,parser-serialization,32095,0.008915277777777777,0.7668013888888888,1,0,3,0,391.2355980923642,0
2026-07-10T03:30:00Z,browser-e2e,parser-serialization,237266,0.06590722222222223,0.832708611111111,8,0,11,0,1320.9903023966967,0
2026-07-09T10:00:00Z,browser-e2e,parser-transform,104775,0.029104166666666667,0.029104166666666667,0,0,0,0,0,0
2026-07-09T11:45:00Z,browser-e2e,parser-transform,51807,0.014390833333333334,0.043495,0,0,0,0,0,0
2026-07-09T20:15:00Z,browser-e2e,parser-transform,51871,0.014408611111111112,0.057903611111111114,0,0,0,0,0,0
2026-07-09T20:30:00Z,browser-e2e,parser-transform,102719,0.028533055555555555,0.08643666666666666,0,0,0,0,0,0
2026-07-10T03:00:00Z,browser-e2e,parser-transform,231152,0.06420888888888888,0.15064555555555553,2,0,2,0,1327.6196517211115,0
2026-07-09T01:15:00Z,browser-e2e,permissions-auth-locks,21955,0.006098611111111111,0.006098611111111111,0,0,0,0,0,0
2026-07-09T01:30:00Z,browser-e2e,permissions-auth-locks,22265,0.0061847222222222225,0.012283333333333334,0,0,0,0,0,0
2026-07-09T05:15:00Z,browser-e2e,permissions-auth-locks,131836,0.03662111111111111,0.048904444444444445,0,0,0,0,0,0
2026-07-09T08:45:00Z,browser-e2e,permissions-auth-locks,392332,0.10898111111111111,0.15788555555555556,0,0,0,0,0,0
2026-07-09T18:00:00Z,browser-e2e,permissions-auth-locks,351175,0.09754861111111111,0.2554341666666667,0,0,0,0,0,0
2026-07-09T18:15:00Z,browser-e2e,permissions-auth-locks,346147,0.09615194444444444,0.35158611111111115,0,0,0,0,0,0
2026-07-09T18:45:00Z,browser-e2e,permissions-auth-locks,528680,0.14685555555555554,0.49844166666666667,0,0,0,0,0,0
2026-07-08T13:45:00Z,browser-e2e,persistence-no-title,150564,0.04182333333333333,0.04182333333333333,0,0,0,0,0,0
2026-07-08T15:00:00Z,browser-e2e,persistence-no-title,70255,0.019515277777777777,0.06133861111111111,0,0,0,0,0,0
2026-07-08T15:30:00Z,browser-e2e,persistence-no-title,145166,0.04032388888888889,0.10166249999999999,0,0,0,0,0,0
2026-07-08T17:00:00Z,browser-e2e,persistence-no-title,237955,0.06609861111111111,0.16776111111111108,1,0,1,0,596.0857038778688,0
2026-07-08T17:30:00Z,browser-e2e,persistence-no-title,66940,0.018594444444444445,0.18635555555555552,0,0,1,0,536.6086334366803,0
2026-07-08T18:00:00Z,browser-e2e,persistence-no-title,167229,0.0464525,0.23280805555555553,0,0,1,0,429.53840132966,0
2026-07-09T03:00:00Z,browser-e2e,persistence-no-title,141766,0.039379444444444446,0.27218749999999997,0,0,1,0,367.39380022962115,0
2026-07-09T05:15:00Z,browser-e2e,persistence-no-title,74544,0.02070666666666667,0.2928941666666666,0,0,1,0,341.4202513422084,0
2026-07-09T08:30:00Z,browser-e2e,persistence-no-title,230414,0.06400388888888889,0.35689805555555554,1,0,2,0,560.3841121764463,0
2026-07-09T11:45:00Z,browser-e2e,persistence-no-title,87985,0.024440277777777776,0.38133833333333333,0,0,2,0,524.4686477012976,0
2026-07-09T14:30:00Z,browser-e2e,persistence-no-title,149984,0.041662222222222225,0.42300055555555555,0,0,2,0,472.8126177927268,0
2026-07-09T17:30:00Z,browser-e2e,persistence-no-title,282392,0.07844222222222222,0.5014427777777778,0,0,2,0,398.8490987672239,0
2026-07-09T19:00:00Z,browser-e2e,persistence-no-title,203758,0.056599444444444445,0.5580422222222222,0,0,2,0,358.3958203083001,0
2026-07-09T19:15:00Z,browser-e2e,persistence-no-title,490036,0.1361211111111111,0.6941633333333334,1,0,3,0,432.17494441750017,0
2026-07-09T20:00:00Z,browser-e2e,persistence-no-title,807574,0.22432611111111112,0.9184894444444445,2,0,5,0,544.3720698417268,0
2026-07-09T20:30:00Z,browser-e2e,persistence-no-title,124825,0.03467361111111111,0.9531630555555556,1,0,6,0,629.4830632627564,0
2026-07-09T23:15:00Z,browser-e2e,persistence-no-title,217815,0.060504166666666664,1.0136672222222223,0,0,6,0,591.910231332768,0
2026-07-10T04:30:00Z,browser-e2e,persistence-no-title,213190,0.05921944444444444,1.0728866666666668,0,0,6,0,559.2389379431191,0
2026-07-10T04:45:00Z,browser-e2e,persistence-no-title,72569,0.020158055555555554,1.0930447222222224,0,0,6,0,548.9253896036072,0
2026-07-10T05:00:00Z,browser-e2e,persistence-no-title,72623,0.020173055555555555,1.1132177777777779,0,0,6,0,538.9780975270886,0
2026-07-10T05:15:00Z,browser-e2e,persistence-no-title,139226,0.03867388888888889,1.1518916666666668,0,0,6,0,520.8823167687933,0
2026-07-10T05:45:00Z,browser-e2e,persistence-no-title,69905,0.019418055555555556,1.1713097222222224,0,0,6,0,512.2470928198846,0
2026-07-10T06:00:00Z,browser-e2e,persistence-no-title,71121,0.019755833333333334,1.1910655555555558,0,0,6,0,503.75060986474284,0
2026-07-10T06:15:00Z,browser-e2e,persistence-no-title,208618,0.05794944444444444,1.2490150000000002,0,0,6,0,480.378538288171,0
2026-07-10T06:45:00Z,browser-e2e,persistence-no-title,181739,0.05048305555555556,1.2994980555555558,2,0,8,0,615.6223140002987,0
2026-07-10T07:30:00Z,browser-e2e,persistence-no-title,70706,0.019640555555555557,1.3191386111111114,0,0,8,0,606.4563596741053,0
2026-07-08T13:45:00Z,browser-e2e,plain-editor-product-smoke,102089,0.028358055555555556,0.028358055555555556,0,0,0,0,0,0
2026-07-08T14:00:00Z,browser-e2e,plain-editor-product-smoke,123974,0.03443722222222222,0.06279527777777778,0,0,0,0,0,0
2026-07-08T15:00:00Z,browser-e2e,plain-editor-product-smoke,437502,0.12152833333333334,0.18432361111111112,1,0,1,0,542.5240933442842,0
2026-07-08T15:30:00Z,browser-e2e,plain-editor-product-smoke,76275,0.0211875,0.20551111111111112,0,0,1,0,486.5916955017301,0
2026-07-08T17:00:00Z,browser-e2e,plain-editor-product-smoke,293574,0.08154833333333333,0.2870594444444444,0,0,1,0,348.35990222698746,0
2026-07-08T17:15:00Z,browser-e2e,plain-editor-product-smoke,160806,0.04466833333333333,0.33172777777777773,0,0,1,0,301.45199376999216,0
2026-07-08T20:15:00Z,browser-e2e,plain-editor-product-smoke,67213,0.01867027777777778,0.35039805555555553,0,0,1,0,285.38971154234906,0
2026-07-08T20:30:00Z,browser-e2e,plain-editor-product-smoke,66244,0.01840111111111111,0.3687991666666666,0,0,1,0,271.1502873063253,0
2026-07-08T20:45:00Z,browser-e2e,plain-editor-product-smoke,81753,0.022709166666666666,0.3915083333333333,0,0,1,0,255.42240480194124,0
2026-07-08T21:00:00Z,browser-e2e,plain-editor-product-smoke,17302,0.004806111111111111,0.3963144444444444,0,0,1,0,252.324893532913,0
2026-07-08T21:15:00Z,browser-e2e,plain-editor-product-smoke,98135,0.027259722222222223,0.42357416666666664,0,0,1,0,236.08616358016798,0
2026-07-08T21:45:00Z,browser-e2e,plain-editor-product-smoke,53736,0.014926666666666666,0.4385008333333333,0,0,1,0,228.049737647781,0
2026-07-08T22:00:00Z,browser-e2e,plain-editor-product-smoke,137445,0.03817916666666667,0.47667999999999994,0,0,1,0,209.7843416967358,0
2026-07-08T22:15:00Z,browser-e2e,plain-editor-product-smoke,51126,0.014201666666666666,0.4908816666666666,0,0,1,0,203.71508408340097,0
2026-07-08T22:30:00Z,browser-e2e,plain-editor-product-smoke,96445,0.026790277777777777,0.5176719444444444,0,0,1,0,193.17253150992772,0
2026-07-08T23:15:00Z,browser-e2e,plain-editor-product-smoke,163242,0.045345,0.5630169444444444,0,0,1,0,177.6145478155631,0
2026-07-08T23:30:00Z,browser-e2e,plain-editor-product-smoke,179703,0.0499175,0.6129344444444443,0,0,1,0,163.1495846030299,0
2026-07-09T00:00:00Z,browser-e2e,plain-editor-product-smoke,49956,0.013876666666666667,0.626811111111111,0,0,1,0,159.53769521209654,0
2026-07-09T00:15:00Z,browser-e2e,plain-editor-product-smoke,84848,0.02356888888888889,0.6503799999999998,0,0,1,0,153.7562655678219,0
2026-07-09T00:30:00Z,browser-e2e,plain-editor-product-smoke,33113,0.009198055555555555,0.6595780555555554,0,0,1,0,151.61207859738616,0
2026-07-09T00:45:00Z,browser-e2e,plain-editor-product-smoke,366160,0.10171111111111111,0.7612891666666665,0,0,1,0,131.3561316494937,0
2026-07-09T01:00:00Z,browser-e2e,plain-editor-product-smoke,82909,0.023030277777777778,0.7843194444444442,0,0,1,0,127.49907031927896,0
2026-07-09T01:15:00Z,browser-e2e,plain-editor-product-smoke,238064,0.06612888888888889,0.8504483333333331,0,0,1,0,117.58503847970387,0
2026-07-09T01:45:00Z,browser-e2e,plain-editor-product-smoke,54664,0.015184444444444445,0.8656327777777776,0,0,1,0,115.52242771665432,0
2026-07-09T02:00:00Z,browser-e2e,plain-editor-product-smoke,115528,0.03209111111111111,0.8977238888888887,0,0,1,0,111.39282494060599,0
2026-07-09T02:15:00Z,browser-e2e,plain-editor-product-smoke,272979,0.0758275,0.9735513888888887,0,0,1,0,102.7167144346943,0
2026-07-09T02:30:00Z,browser-e2e,plain-editor-product-smoke,209273,0.05813138888888889,1.0316827777777775,0,0,1,0,96.92901941757509,0
2026-07-09T02:45:00Z,browser-e2e,plain-editor-product-smoke,124126,0.034479444444444445,1.066162222222222,0,0,1,0,93.79435691462423,0
2026-07-09T03:00:00Z,browser-e2e,plain-editor-product-smoke,484109,0.13447472222222223,1.2006369444444442,0,0,1,0,83.28912454569833,0
2026-07-09T03:15:00Z,browser-e2e,plain-editor-product-smoke,34845,0.009679166666666668,1.210316111111111,0,0,1,0,82.62304292404787,0
2026-07-09T04:00:00Z,browser-e2e,plain-editor-product-smoke,16962,0.004711666666666667,1.2150277777777776,0,0,1,0,82.30264511556665,0
2026-07-09T04:45:00Z,browser-e2e,plain-editor-product-smoke,208255,0.057848611111111115,1.2728763888888888,0,0,1,0,78.56222400927035,0
2026-07-09T05:00:00Z,browser-e2e,plain-editor-product-smoke,692604,0.19239,1.4652663888888888,0,0,1,0,68.2469759480595,0
2026-07-09T05:15:00Z,browser-e2e,plain-editor-product-smoke,625935,0.17387083333333334,1.6391372222222222,0,0,1,0,61.00770493420149,0
2026-07-09T05:30:00Z,browser-e2e,plain-editor-product-smoke,696677,0.1935213888888889,1.8326586111111112,0,0,1,0,54.56553631632005,0
2026-07-09T05:45:00Z,browser-e2e,plain-editor-product-smoke,792696,0.22019333333333332,2.0528519444444444,0,0,1,0,48.71271903978571,0
2026-07-09T06:00:00Z,browser-e2e,plain-editor-product-smoke,711606,0.19766833333333333,2.2505202777777775,1,0,2,0,88.8683394568145,0
2026-07-09T06:15:00Z,browser-e2e,plain-editor-product-smoke,70423,0.019561944444444444,2.270082222222222,0,0,2,0,88.10253568886884,0
2026-07-09T06:45:00Z,browser-e2e,plain-editor-product-smoke,17083,0.004745277777777778,2.2748275,0,0,2,0,87.91875427917063,0
2026-07-09T08:30:00Z,browser-e2e,plain-editor-product-smoke,106578,0.029605,2.3044325,0,0,2,0,86.78926373412978,0
2026-07-09T08:45:00Z,browser-e2e,plain-editor-product-smoke,17887,0.004968611111111111,2.309401111111111,0,0,2,0,86.6025390902211,0
2026-07-09T09:30:00Z,browser-e2e,plain-editor-product-smoke,73262,0.020350555555555556,2.3297516666666662,0,0,2,0,85.84605941548851,0
2026-07-09T09:45:00Z,browser-e2e,plain-editor-product-smoke,32908,0.00914111111111111,2.3388927777777773,0,0,2,0,85.51054665704834,0
2026-07-09T10:00:00Z,browser-e2e,plain-editor-product-smoke,109880,0.03052222222222222,2.3694149999999996,0,0,2,0,84.40902079205206,0
2026-07-09T10:15:00Z,browser-e2e,plain-editor-product-smoke,92140,0.025594444444444444,2.395009444444444,0,0,2,0,83.50697758788705,0
2026-07-09T10:45:00Z,browser-e2e,plain-editor-product-smoke,201665,0.05601805555555556,2.4510274999999995,0,0,2,0,81.59843167814316,0
2026-07-09T11:00:00Z,browser-e2e,plain-editor-product-smoke,75179,0.020883055555555554,2.471910555555555,0,0,2,0,80.9090764026656,0
2026-07-09T11:15:00Z,browser-e2e,plain-editor-product-smoke,19443,0.005400833333333333,2.4773113888888885,0,0,2,0,80.73268499754607,0
2026-07-09T15:00:00Z,browser-e2e,plain-editor-product-smoke,461066,0.12807388888888888,2.6053852777777773,0,0,2,0,76.7640785053437,0
2026-07-09T15:15:00Z,browser-e2e,plain-editor-product-smoke,778516,0.21625444444444444,2.821639722222222,1,0,3,0,106.3211570340847,0
2026-07-09T15:30:00Z,browser-e2e,plain-editor-product-smoke,757972,0.21054777777777778,3.0321874999999996,0,0,3,0,98.93847263732867,0
2026-07-09T15:45:00Z,browser-e2e,plain-editor-product-smoke,757253,0.21034805555555555,3.242535555555555,0,0,3,0,92.52018824774304,0
2026-07-09T16:00:00Z,browser-e2e,plain-editor-product-smoke,811922,0.2255338888888889,3.4680694444444438,0,0,3,0,86.50345813593059,0
2026-07-09T16:15:00Z,browser-e2e,plain-editor-product-smoke,713058,0.19807166666666667,3.6661411111111106,0,0,3,0,81.82991077205915,0
2026-07-09T16:30:00Z,browser-e2e,plain-editor-product-smoke,731062,0.20307277777777777,3.8692138888888885,0,0,3,0,77.5351295159726,0
2026-07-09T16:45:00Z,browser-e2e,plain-editor-product-smoke,802467,0.2229075,4.092121388888889,0,0,3,0,73.31160820756037,0
2026-07-09T17:00:00Z,browser-e2e,plain-editor-product-smoke,704104,0.19558444444444445,4.287705833333333,0,0,3,0,69.96748649773276,0
2026-07-09T17:15:00Z,browser-e2e,plain-editor-product-smoke,420613,0.11683694444444444,4.4045427777777775,0,0,3,0,68.1114965016548,0
2026-07-09T17:45:00Z,browser-e2e,plain-editor-product-smoke,415066,0.11529611111111111,4.519838888888889,0,0,3,0,66.37404725586335,0
2026-07-09T18:00:00Z,browser-e2e,plain-editor-product-smoke,15963,0.004434166666666667,4.524273055555556,0,0,3,0,66.30899512831496,0
2026-07-09T20:15:00Z,browser-e2e,plain-editor-product-smoke,69823,0.01939527777777778,4.543668333333334,0,0,3,0,66.02594599591153,0
2026-07-09T20:30:00Z,browser-e2e,plain-editor-product-smoke,16469,0.004574722222222222,4.548243055555556,0,0,3,0,65.95953565708369,0
2026-07-09T21:15:00Z,browser-e2e,plain-editor-product-smoke,210151,0.058375277777777776,4.6066183333333335,0,0,3,0,65.12369341067615,0
2026-07-09T21:30:00Z,browser-e2e,plain-editor-product-smoke,190982,0.05305055555555555,4.659668888888889,0,0,3,0,64.38225701301619,0
2026-07-09T21:45:00Z,browser-e2e,plain-editor-product-smoke,17904,0.004973333333333333,4.664642222222222,0,0,3,0,64.31361414404059,0
2026-07-09T22:00:00Z,browser-e2e,plain-editor-product-smoke,103715,0.028809722222222223,4.693451944444444,0,0,3,0,63.918839172329164,0
2026-07-09T22:30:00Z,browser-e2e,plain-editor-product-smoke,105210,0.029225,4.722676944444444,0,0,3,0,63.523294845078745,0
2026-07-09T22:45:00Z,browser-e2e,plain-editor-product-smoke,17841,0.004955833333333333,4.727632777777778,0,0,3,0,63.45670531140849,0
2026-07-09T23:45:00Z,browser-e2e,plain-editor-product-smoke,55778,0.015493888888888889,4.743126666666667,0,0,3,0,63.249417753971,0
2026-07-10T04:15:00Z,browser-e2e,plain-editor-product-smoke,65917,0.01831027777777778,4.761436944444445,0,0,3,0,63.00618983309951,0
2026-07-10T04:30:00Z,browser-e2e,plain-editor-product-smoke,49811,0.01383638888888889,4.775273333333334,2,0,5,0,104.70604824017053,0
2026-07-10T04:45:00Z,browser-e2e,plain-editor-product-smoke,32084,0.008912222222222222,4.784185555555556,0,0,5,0,104.51099653093165,0
2026-07-10T05:15:00Z,browser-e2e,plain-editor-product-smoke,79219,0.022005277777777776,4.806190833333334,1,0,6,0,124.83898804822736,0
2026-07-10T05:30:00Z,browser-e2e,plain-editor-product-smoke,63463,0.017628611111111112,4.823819444444445,0,0,6,0,124.38276492521197,0
2026-07-10T05:45:00Z,browser-e2e,plain-editor-product-smoke,63982,0.017772777777777776,4.841592222222223,0,0,6,0,123.92617396526806,0
2026-07-10T06:00:00Z,browser-e2e,plain-editor-product-smoke,180667,0.05018527777777778,4.891777500000001,3,0,9,0,183.98220278825025,0
2026-07-10T06:15:00Z,browser-e2e,plain-editor-product-smoke,98293,0.027303611111111112,4.919081111111112,0,0,9,0,182.9610001687307,0
2026-07-10T06:30:00Z,browser-e2e,plain-editor-product-smoke,174709,0.048530277777777776,4.96761138888889,0,0,9,0,181.1735922043016,0
2026-07-10T07:00:00Z,browser-e2e,plain-editor-product-smoke,62119,0.01725527777777778,4.984866666666668,0,0,9,0,180.54645393390658,0
2026-07-08T13:45:00Z,browser-e2e,real-user-editing,2108920,0.5858111111111111,0.5858111111111111,2,1,2,1,341.40697608254465,170.70348804127232
2026-07-08T14:00:00Z,browser-e2e,real-user-editing,4157598,1.1548883333333333,1.7406994444444444,2,0,4,1,229.7926855073264,57.4481713768316
2026-07-08T14:15:00Z,browser-e2e,real-user-editing,113733,0.0315925,1.7722919444444443,0,0,4,1,225.69644987321033,56.42411246830258
2026-07-08T15:00:00Z,browser-e2e,real-user-editing,1053046,0.2925127777777778,2.064804722222222,0,0,4,1,193.72291999095424,48.43072999773856
2026-07-08T15:30:00Z,browser-e2e,real-user-editing,2476215,0.6878375,2.752642222222222,2,0,6,1,217.97238854950677,36.3287314249178
2026-07-08T18:00:00Z,browser-e2e,real-user-editing,381600,0.106,2.858642222222222,1,0,7,1,244.8714968800262,34.98164241143231
2026-07-09T02:15:00Z,browser-e2e,real-user-editing,291342,0.08092833333333334,2.9395705555555556,0,0,7,1,238.13002163770332,34.0185745196719
2026-07-09T04:15:00Z,browser-e2e,real-user-editing,424983,0.11805083333333333,3.057621388888889,0,0,7,1,228.93612745637336,32.705161065196194
2026-07-09T05:15:00Z,browser-e2e,real-user-editing,1838741,0.5107613888888889,3.568382777777778,0,0,7,1,196.16729582915633,28.023899404165192
2026-07-09T05:30:00Z,browser-e2e,real-user-editing,1078470,0.299575,3.867957777777778,2,0,9,1,232.6809266560993,25.853436295122144
2026-07-09T05:45:00Z,browser-e2e,real-user-editing,1200387,0.33344083333333335,4.201398611111111,2,0,11,1,261.81757595932834,23.801597814484396
2026-07-09T06:00:00Z,browser-e2e,real-user-editing,1160844,0.32245666666666667,4.523855277777778,1,0,12,1,265.2604750409849,22.10503958674874
2026-07-09T09:15:00Z,browser-e2e,real-user-editing,965255,0.2681263888888889,4.791981666666667,0,0,12,1,250.4183203260725,20.86819336050604
2026-07-09T09:30:00Z,browser-e2e,real-user-editing,1072972,0.2980477777777778,5.090029444444444,0,0,12,1,235.75502128180224,19.64625177348352
2026-07-09T10:00:00Z,browser-e2e,real-user-editing,1049806,0.2916127777777778,5.381642222222222,0,0,12,1,222.98026335620807,18.58168861301734
2026-07-09T10:15:00Z,browser-e2e,real-user-editing,3627081,1.0075225,6.3891647222222225,0,0,12,1,187.8179781194664,15.6514981766222
2026-07-09T10:30:00Z,browser-e2e,real-user-editing,3538065,0.9827958333333333,7.371960555555556,1,0,13,1,176.34386269474976,13.56491251498075
2026-07-09T10:45:00Z,browser-e2e,real-user-editing,2814381,0.7817725,8.153733055555556,1,0,14,1,171.70049478699923,12.26432105621423
2026-07-09T11:00:00Z,browser-e2e,real-user-editing,3470482,0.9640227777777778,9.117755833333334,0,0,14,1,153.54655526985943,10.967611090704246
2026-07-09T11:15:00Z,browser-e2e,real-user-editing,3117642,0.8660116666666666,9.9837675,1,0,15,1,150.24388338370258,10.016258892246839
2026-07-09T18:30:00Z,browser-e2e,real-user-editing,767307,0.21314083333333333,10.196908333333335,0,0,15,1,147.10341124638268,9.806894083092178
2026-07-09T23:15:00Z,browser-e2e,real-user-editing,19896,0.005526666666666667,10.202435000000001,0,0,15,1,147.0237252185385,9.8015816812359
2026-07-10T00:15:00Z,browser-e2e,real-user-editing,91152,0.02532,10.227755000000002,0,0,15,1,146.65975084463793,9.777316722975861
2026-07-10T00:30:00Z,browser-e2e,real-user-editing,273467,0.07596305555555556,10.303718055555558,0,0,15,1,145.57851757125962,9.705234504750642
2026-07-10T01:15:00Z,browser-e2e,real-user-editing,1199156,0.3330988888888889,10.636816944444448,0,0,15,1,141.01963095110347,9.401308730073564
2026-07-10T02:45:00Z,browser-e2e,real-user-editing,56829,0.015785833333333332,10.652602777777782,5,0,20,1,187.74754317997915,9.387377158998959
2026-07-10T03:45:00Z,browser-e2e,real-user-editing,230410,0.06400277777777778,10.71660555555556,8,0,28,1,261.27676207588524,9.331312931281616
2026-07-10T04:00:00Z,browser-e2e,real-user-editing,857722,0.2382561111111111,10.954861666666671,6,0,34,1,310.36448505283107,9.128367207436208
2026-07-08T14:00:00Z,browser-e2e,real-world-editor-usability,392512,0.1090311111111111,0.1090311111111111,0,0,0,0,0,0
2026-07-08T15:15:00Z,browser-e2e,real-world-editor-usability,202843,0.05634527777777778,0.1653763888888889,1,0,1,0,604.6812406043452,0
2026-07-08T15:30:00Z,browser-e2e,real-world-editor-usability,176872,0.04913111111111111,0.21450750000000002,0,0,1,0,466.1841660547999,0
2026-07-08T15:45:00Z,browser-e2e,real-world-editor-usability,741784,0.2060511111111111,0.42055861111111115,1,0,2,0,475.5579715074725,0
2026-07-08T17:00:00Z,browser-e2e,real-world-editor-usability,11486,0.0031905555555555554,0.4237491666666667,0,0,2,0,471.9773293556133,0
2026-07-09T05:00:00Z,browser-e2e,real-world-editor-usability,947429,0.2631747222222222,0.6869238888888889,0,0,2,0,291.1530713009609,0
2026-07-09T05:15:00Z,browser-e2e,real-world-editor-usability,958288,0.2661911111111111,0.9531149999999999,1,0,3,0,314.75740073338477,0
2026-07-09T05:30:00Z,browser-e2e,real-world-editor-usability,782947,0.2174852777777778,1.1706002777777778,2,0,5,0,427.13128425800534,0
2026-07-09T05:45:00Z,browser-e2e,real-world-editor-usability,972884,0.27024555555555557,1.4408458333333334,1,0,6,0,416.42206689936177,0
2026-07-09T06:00:00Z,browser-e2e,real-world-editor-usability,793959,0.22054416666666668,1.6613900000000001,0,0,6,0,361.1433799408928,0
2026-07-09T06:15:00Z,browser-e2e,real-world-editor-usability,191873,0.05329805555555556,1.7146880555555557,0,0,6,0,349.91787459882966,0
2026-07-09T14:30:00Z,browser-e2e,real-world-editor-usability,807796,0.22438777777777777,1.9390758333333336,0,0,6,0,309.42575307567046,0
2026-07-09T14:45:00Z,browser-e2e,real-world-editor-usability,940186,0.2611627777777778,2.200238611111111,1,1,7,1,318.1473120528973,45.449616007556756
2026-07-09T15:00:00Z,browser-e2e,real-world-editor-usability,942608,0.26183555555555554,2.4620741666666666,0,0,7,1,284.31312487540146,40.61616069648593
2026-07-09T15:15:00Z,browser-e2e,real-world-editor-usability,927008,0.25750222222222224,2.7195763888888886,0,0,7,1,257.39302740673975,36.77043248667711
2026-07-09T15:30:00Z,browser-e2e,real-world-editor-usability,759883,0.21107861111111112,2.930655,0,0,7,1,238.8544540384317,34.1220648626331
2026-07-09T15:45:00Z,browser-e2e,real-world-editor-usability,1042510,0.2895861111111111,3.220241111111111,0,0,7,1,217.3750274737882,31.053575353398312
2026-07-09T16:00:00Z,browser-e2e,real-world-editor-usability,755358,0.20982166666666666,3.4300627777777777,0,0,7,1,204.0778975052773,29.153985357896754
2026-07-09T16:15:00Z,browser-e2e,real-world-editor-usability,940688,0.2613022222222222,3.691365,0,0,7,1,189.63174868917054,27.09024981273865
2026-07-09T16:30:00Z,browser-e2e,real-world-editor-usability,941844,0.2616233333333333,3.952988333333333,0,0,7,1,177.0812208316662,25.2973172616666
2026-07-09T16:45:00Z,browser-e2e,real-world-editor-usability,754050,0.20945833333333333,4.162446666666666,0,0,7,1,168.17032290303624,24.024331843290888
2026-07-09T17:00:00Z,browser-e2e,real-world-editor-usability,947501,0.26319472222222223,4.425641388888888,0,0,7,1,158.16916430631622,22.595594900902316
2026-07-09T17:15:00Z,browser-e2e,real-world-editor-usability,571364,0.15871222222222223,4.58435361111111,0,0,7,1,152.693282277224,21.81332603960343
2026-07-09T17:30:00Z,browser-e2e,real-world-editor-usability,363062,0.10085055555555555,4.685204166666666,0,0,7,1,149.40650932145437,21.34378704592205
2026-07-09T17:45:00Z,browser-e2e,real-world-editor-usability,558927,0.1552575,4.840461666666666,0,0,7,1,144.61430504046274,20.65918643435182
2026-07-10T04:30:00Z,browser-e2e,real-world-editor-usability,524635,0.14573194444444446,4.98619361111111,4,0,11,1,220.60916317986275,20.055378470896613
2026-07-10T05:00:00Z,browser-e2e,real-world-editor-usability,172912,0.04803111111111111,5.034224722222222,0,0,11,1,218.50434986430938,19.864031805846306
2026-07-10T05:15:00Z,browser-e2e,real-world-editor-usability,171899,0.04774972222222222,5.081974444444444,0,0,11,1,216.45130490620775,19.677391355109794
2026-07-08T13:45:00Z,browser-e2e,rtc-reference-oracle,1102741,0.30631694444444446,0.30631694444444446,4,0,4,0,1305.8370007100489,0
2026-07-08T15:45:00Z,browser-e2e,rtc-reference-oracle,674698,0.18741611111111112,0.4937330555555556,3,0,7,0,1417.77017382875,0
2026-07-08T17:45:00Z,browser-e2e,rtc-reference-oracle,110215,0.03061527777777778,0.5243483333333333,0,0,7,0,1334.9904166759375,0
2026-07-09T02:15:00Z,browser-e2e,rtc-reference-oracle,216412,0.06011444444444444,0.5844627777777778,0,0,7,0,1197.6810613355285,0
2026-07-09T02:30:00Z,browser-e2e,rtc-reference-oracle,14761,0.004100277777777778,0.5885630555555555,1,0,8,0,1359.2426375537032,0
2026-07-09T03:00:00Z,browser-e2e,rtc-reference-oracle,109882,0.030522777777777777,0.6190858333333333,0,0,8,0,1292.2279220840405,0
2026-07-09T04:15:00Z,browser-e2e,rtc-reference-oracle,95556,0.026543333333333332,0.6456291666666667,0,0,8,0,1239.101393343702,0
2026-07-09T05:00:00Z,browser-e2e,rtc-reference-oracle,881806,0.24494611111111111,0.8905752777777778,2,1,10,1,1122.8697056303495,112.28697056303494
2026-07-09T05:15:00Z,browser-e2e,rtc-reference-oracle,872175,0.24227083333333332,1.1328461111111112,1,0,11,1,971.0056725366737,88.27324295787943
2026-07-09T05:30:00Z,browser-e2e,rtc-reference-oracle,887283,0.2464675,1.3793136111111113,0,0,11,1,797.4981114801665,72.49982831637877
2026-07-09T05:45:00Z,browser-e2e,rtc-reference-oracle,880654,0.2446261111111111,1.6239397222222225,0,0,11,1,677.3650431401137,61.57864028546488
2026-07-09T06:00:00Z,browser-e2e,rtc-reference-oracle,875469,0.24318583333333332,1.867125555555556,0,0,11,1,589.1408838184421,53.55826216531292
2026-07-09T06:15:00Z,browser-e2e,rtc-reference-oracle,93879,0.0260775,1.893203055555556,0,0,11,1,581.025895121011,52.82053592009191
2026-07-09T09:30:00Z,browser-e2e,rtc-reference-oracle,216177,0.06004916666666667,1.9532522222222226,0,0,11,1,563.163316793018,51.19666516300164
2026-07-09T10:00:00Z,browser-e2e,rtc-reference-oracle,135613,0.037670277777777775,1.9909225000000004,0,0,11,1,552.5076942974927,50.227972208862965
2026-07-09T10:15:00Z,browser-e2e,rtc-reference-oracle,110095,0.030581944444444443,2.021504444444445,0,0,11,1,544.1491870191286,49.46810791082987
2026-07-09T10:45:00Z,browser-e2e,rtc-reference-oracle,110559,0.030710833333333333,2.0522152777777785,0,0,11,1,536.0061451209565,48.72783137463241
2026-07-09T11:45:00Z,browser-e2e,rtc-reference-oracle,131120,0.036422222222222224,2.088637500000001,0,0,11,1,526.6591258655461,47.87810235141328
2026-07-09T14:30:00Z,browser-e2e,rtc-reference-oracle,216209,0.06005805555555556,2.1486955555555562,0,0,11,1,511.9385094625885,46.53986449659895
2026-07-09T14:45:00Z,browser-e2e,rtc-reference-oracle,849478,0.2359661111111111,2.384661666666667,0,0,11,1,461.28136975406005,41.934669977641825
2026-07-09T15:00:00Z,browser-e2e,rtc-reference-oracle,955698,0.26547166666666666,2.6501333333333337,0,0,11,1,415.07345542362646,37.733950493056945
2026-07-09T15:15:00Z,browser-e2e,rtc-reference-oracle,854485,0.23735694444444444,2.8874902777777782,0,0,11,1,380.953663624649,34.63215123860445
2026-07-09T15:30:00Z,browser-e2e,rtc-reference-oracle,855882,0.237745,3.125235277777778,0,0,11,1,351.9735003062436,31.997590936931235
2026-07-09T15:45:00Z,browser-e2e,rtc-reference-oracle,870441,0.24178916666666667,3.3670244444444446,0,0,11,1,326.6979548708025,29.699814079163865
2026-07-09T16:00:00Z,browser-e2e,rtc-reference-oracle,850803,0.23633416666666668,3.603358611111111,0,0,11,1,305.2707539594041,27.75188672358219
2026-07-09T16:15:00Z,browser-e2e,rtc-reference-oracle,1052841,0.29245583333333336,3.8958144444444445,0,0,11,1,282.35431016706536,25.668573651551394
2026-07-09T16:30:00Z,browser-e2e,rtc-reference-oracle,684000,0.19,4.085814444444445,0,0,11,1,269.22416936865295,24.47492448805936
2026-07-09T16:45:00Z,browser-e2e,rtc-reference-oracle,1041499,0.28930527777777776,4.375119722222222,0,0,11,1,251.42169125403615,22.85651738673056
2026-07-09T17:00:00Z,browser-e2e,rtc-reference-oracle,853024,0.2369511111111111,4.612070833333333,0,0,11,1,238.50457630655788,21.68223420968708
2026-07-09T17:15:00Z,browser-e2e,rtc-reference-oracle,562123,0.15614527777777779,4.768216111111111,0,0,11,1,230.69424169695887,20.972203790632626
2026-07-09T18:45:00Z,browser-e2e,rtc-reference-oracle,65856,0.018293333333333335,4.7865094444444445,0,0,11,1,229.81256232069833,20.892051120063485
2026-07-09T20:30:00Z,browser-e2e,rtc-reference-oracle,133434,0.037065,4.823574444444445,0,0,11,1,228.04665143437887,20.731513766761715
2026-07-08T15:00:00Z,browser-e2e,session-lifecycle,539374,0.1498261111111111,0.1498261111111111,0,0,0,0,0,0
2026-07-08T15:15:00Z,browser-e2e,session-lifecycle,622988,0.17305222222222222,0.3228783333333333,1,0,1,0,309.7141854258828,0
2026-07-08T15:30:00Z,browser-e2e,session-lifecycle,150293,0.04174805555555555,0.3646263888888889,0,0,1,0,274.25332627384955,0
2026-07-08T15:45:00Z,browser-e2e,session-lifecycle,988588,0.2746077777777778,0.6392341666666667,2,0,3,0,469.31158508684223,0
2026-07-08T17:00:00Z,browser-e2e,session-lifecycle,410368,0.11399111111111111,0.7532252777777778,1,0,4,0,531.0496232682342,0
2026-07-08T17:15:00Z,browser-e2e,session-lifecycle,873584,0.24266222222222222,0.9958875,4,0,8,0,803.3035859974143,0
2026-07-08T17:30:00Z,browser-e2e,session-lifecycle,67527,0.0187575,1.014645,1,0,9,0,887.0097423236698,0
2026-07-08T17:45:00Z,browser-e2e,session-lifecycle,268142,0.07448388888888889,1.0891288888888888,1,0,10,0,918.1649758828667,0
2026-07-08T18:00:00Z,browser-e2e,session-lifecycle,373388,0.10371888888888889,1.1928477777777777,1,0,11,0,922.162928491388,0
2026-07-08T18:15:00Z,browser-e2e,session-lifecycle,245540,0.06820555555555556,1.2610533333333334,1,0,12,0,951.5854470865626,0
2026-07-08T18:30:00Z,browser-e2e,session-lifecycle,238182,0.06616166666666666,1.327215,1,0,13,0,979.4946561031935,0
2026-07-08T19:00:00Z,browser-e2e,session-lifecycle,515607,0.14322416666666668,1.4704391666666667,0,0,13,0,884.0896172175319,0
2026-07-08T19:15:00Z,browser-e2e,session-lifecycle,285852,0.07940333333333334,1.5498425,1,0,14,0,903.3175951749936,0
2026-07-08T19:30:00Z,browser-e2e,session-lifecycle,471187,0.13088527777777778,1.6807277777777778,0,0,14,0,832.9724887697458,0
2026-07-08T19:45:00Z,browser-e2e,session-lifecycle,300136,0.0833711111111111,1.7640988888888889,0,0,14,0,793.6063045092584,0
2026-07-08T20:00:00Z,browser-e2e,session-lifecycle,182239,0.05062194444444444,1.8147208333333333,0,0,14,0,771.4685224770568,0
2026-07-08T20:30:00Z,browser-e2e,session-lifecycle,29481,0.008189166666666668,1.82291,0,0,14,0,768.0028086959861,0
2026-07-08T20:45:00Z,browser-e2e,session-lifecycle,31368,0.008713333333333333,1.8316233333333334,0,0,14,0,764.3492930678979,0
2026-07-08T21:30:00Z,browser-e2e,session-lifecycle,31895,0.008859722222222222,1.8404830555555556,0,0,14,0,760.6698664103733,0
2026-07-08T21:45:00Z,browser-e2e,session-lifecycle,62897,0.01747138888888889,1.8579544444444445,0,0,14,0,753.5168605377838,0
2026-07-08T22:00:00Z,browser-e2e,session-lifecycle,32789,0.009108055555555555,1.8670625,0,0,14,0,749.8409935393164,0
2026-07-08T22:15:00Z,browser-e2e,session-lifecycle,59696,0.016582222222222224,1.8836447222222223,0,0,14,0,743.2399451359148,0
2026-07-08T22:30:00Z,browser-e2e,session-lifecycle,31305,0.008695833333333333,1.8923405555555557,0,0,14,0,739.8245500208002,0
2026-07-08T22:45:00Z,browser-e2e,session-lifecycle,90851,0.025236388888888888,1.9175769444444446,0,0,14,0,730.0880436928721,0
2026-07-08T23:00:00Z,browser-e2e,session-lifecycle,152477,0.042354722222222224,1.9599316666666668,0,0,14,0,714.3106179722251,0
2026-07-08T23:15:00Z,browser-e2e,session-lifecycle,59979,0.016660833333333333,1.9765925000000002,0,0,14,0,708.2896449318713,0
2026-07-08T23:45:00Z,browser-e2e,session-lifecycle,178997,0.04972138888888889,2.026313888888889,0,0,14,0,690.9097389485285,0
2026-07-09T00:00:00Z,browser-e2e,session-lifecycle,92847,0.025790833333333332,2.0521047222222224,0,0,14,0,682.22639168431,0
2026-07-09T00:15:00Z,browser-e2e,session-lifecycle,389098,0.10808277777777778,2.1601875,0,0,14,0,648.0918901715708,0
2026-07-09T00:30:00Z,browser-e2e,session-lifecycle,123467,0.03429638888888889,2.194483888888889,0,0,14,0,637.9632163573768,0
2026-07-09T00:45:00Z,browser-e2e,session-lifecycle,124278,0.034521666666666666,2.2290055555555557,0,0,14,0,628.0827773222238,0
2026-07-09T01:00:00Z,browser-e2e,session-lifecycle,90919,0.02525527777777778,2.2542608333333334,0,0,14,0,621.0461448375723,0
2026-07-09T01:15:00Z,browser-e2e,session-lifecycle,94618,0.026282777777777776,2.2805436111111113,0,0,14,0,613.888720732642,0
2026-07-09T01:30:00Z,browser-e2e,session-lifecycle,1713962,0.4761005555555556,2.756644166666667,2,2,16,2,580.4158619190664,72.5519827398833
2026-07-09T01:45:00Z,browser-e2e,session-lifecycle,2013812,0.5593922222222222,3.316036388888889,1,1,17,3,512.6602366898701,90.46945353350648
2026-07-09T02:00:00Z,browser-e2e,session-lifecycle,1083904,0.30108444444444443,3.6171208333333333,1,0,18,3,497.63336170918626,82.93889361819771
2026-07-09T02:15:00Z,browser-e2e,session-lifecycle,2311895,0.6421930555555555,4.259313888888888,0,0,18,3,422.6032753058168,70.43387921763613
2026-07-09T02:30:00Z,browser-e2e,session-lifecycle,882920,0.24525555555555556,4.504569444444444,0,0,18,3,399.5942391830518,66.59903986384197
2026-07-09T02:45:00Z,browser-e2e,session-lifecycle,380711,0.10575305555555556,4.6103225,0,0,18,3,390.4282184163906,65.07136973606511
2026-07-09T03:00:00Z,browser-e2e,session-lifecycle,766363,0.21287861111111112,4.823201111111111,2,0,20,3,414.662369228735,62.199355384310245
2026-07-09T03:30:00Z,browser-e2e,session-lifecycle,388653,0.10795916666666666,4.931160277777777,0,0,20,3,405.5840587889587,60.83760881834381
2026-07-09T03:45:00Z,browser-e2e,session-lifecycle,84320,0.023422222222222223,4.954582499999999,0,0,20,3,403.666706528754,60.550005979313106
2026-07-09T04:00:00Z,browser-e2e,session-lifecycle,81398,0.022610555555555554,4.977193055555555,0,0,20,3,401.83291619914064,60.2749374298711
2026-07-09T04:30:00Z,browser-e2e,session-lifecycle,114959,0.031933055555555555,5.00912611111111,0,0,20,3,399.2712412577622,59.890686188664326
2026-07-09T04:45:00Z,browser-e2e,session-lifecycle,343043,0.09528972222222222,5.1044158333333325,1,0,21,3,411.4084879774849,58.772641139640704
2026-07-09T05:00:00Z,browser-e2e,session-lifecycle,1631098,0.4530827777777778,5.55749861111111,0,0,21,3,377.8678407227073,53.9811201032439
2026-07-09T05:15:00Z,browser-e2e,session-lifecycle,2485936,0.6905377777777778,6.248036388888888,0,0,21,3,336.10559690953573,48.01508527279082
2026-07-09T05:30:00Z,browser-e2e,session-lifecycle,3394408,0.9428911111111111,7.190927499999999,3,1,24,4,333.7538864075601,55.62564773459336
2026-07-09T05:45:00Z,browser-e2e,session-lifecycle,3193960,0.8872111111111111,8.07813861111111,2,0,26,4,321.85632423090874,49.51635757398596
2026-07-09T06:00:00Z,browser-e2e,session-lifecycle,2330963,0.6474897222222222,8.725628333333331,2,0,28,4,320.89379618697956,45.84197088385422
2026-07-09T06:15:00Z,browser-e2e,session-lifecycle,300025,0.08334027777777778,8.808968611111109,0,0,28,4,317.85787004261164,45.408267148944525
2026-07-09T06:30:00Z,browser-e2e,session-lifecycle,29503,0.008195277777777777,8.817163888888887,0,0,28,4,317.5624311042321,45.366061586318864
2026-07-09T06:45:00Z,browser-e2e,session-lifecycle,217113,0.060309166666666664,8.877473055555553,0,0,28,4,315.40506881603545,45.057866973719356
2026-07-09T07:15:00Z,browser-e2e,session-lifecycle,378809,0.10522472222222222,8.982697777777775,0,0,28,4,311.7103646664923,44.530052095213186
2026-07-09T07:30:00Z,browser-e2e,session-lifecycle,373243,0.10367861111111111,9.086376388888885,0,0,28,4,308.153644551191,44.02194922159872
2026-07-09T07:45:00Z,browser-e2e,session-lifecycle,145723,0.04047861111111111,9.1268549999999955,0,0,28,4,306.78694906405343,43.82670700915049
2026-07-09T08:00:00Z,browser-e2e,session-lifecycle,120392,0.03344222222222222,9.160297222222217,0,0,28,4,305.66693766304905,43.66670538043558
2026-07-09T08:15:00Z,browser-e2e,session-lifecycle,188232,0.05228666666666667,9.212583888888885,0,0,28,4,303.9321034978064,43.41887192825805
2026-07-09T08:30:00Z,browser-e2e,session-lifecycle,237716,0.06603222222222223,9.278616111111107,0,0,28,4,301.76913954301983,43.10987707757427
2026-07-09T08:45:00Z,browser-e2e,session-lifecycle,697961,0.19387805555555557,9.472494166666664,1,0,29,4,306.1495683159127,42.22752666426381
2026-07-09T09:00:00Z,browser-e2e,session-lifecycle,135426,0.03761833333333333,9.510112499999996,0,0,29,4,304.9385588235682,42.0604908722163
2026-07-09T09:15:00Z,browser-e2e,session-lifecycle,269436,0.07484333333333333,9.58495583333333,0,0,29,4,302.55747135680605,41.732065014731866
2026-07-09T09:30:00Z,browser-e2e,session-lifecycle,352301,0.09786138888888889,9.68281722222222,0,0,29,4,299.4996118840758,41.31029129435529
2026-07-09T09:45:00Z,browser-e2e,session-lifecycle,246321,0.0684225,9.75123972222222,0,0,29,4,297.3980829730967,41.02042523766851
2026-07-09T10:00:00Z,browser-e2e,session-lifecycle,404482,0.11235611111111111,9.863595833333331,0,0,29,4,294.0104246972137,40.553162027201886
2026-07-09T10:15:00Z,browser-e2e,session-lifecycle,182767,0.05076861111111111,9.914364444444443,0,0,29,4,292.50488180561365,40.34550093870533
2026-07-09T10:30:00Z,browser-e2e,session-lifecycle,364234,0.1011761111111111,10.015540555555553,0,0,29,4,289.55002317786926,39.93793423143024
2026-07-09T10:45:00Z,browser-e2e,session-lifecycle,300594,0.08349833333333333,10.099038888888886,0,0,29,4,287.15603850091355,39.60772944840187
2026-07-09T11:15:00Z,browser-e2e,session-lifecycle,318734,0.08853722222222223,10.187576111111108,1,0,30,4,294.47632756608726,39.26351034214497
2026-07-09T11:30:00Z,browser-e2e,session-lifecycle,211649,0.058791388888888886,10.246367499999996,0,0,30,4,292.78668757488947,39.03822500998526
2026-07-09T12:00:00Z,browser-e2e,session-lifecycle,110122,0.030589444444444443,10.276956944444441,0,0,30,4,291.91520566034404,38.922027421379205
2026-07-09T12:30:00Z,browser-e2e,session-lifecycle,77241,0.021455833333333334,10.298412777777774,0,0,30,4,291.3070261150816,38.840936815344214
2026-07-09T13:00:00Z,browser-e2e,session-lifecycle,40573,0.011270277777777778,10.309683055555551,0,0,30,4,290.9885768392655,38.798476911902064
2026-07-09T13:30:00Z,browser-e2e,session-lifecycle,95925,0.026645833333333334,10.336328888888884,0,0,30,4,290.2384427052116,38.69845902736155
2026-07-09T14:00:00Z,browser-e2e,session-lifecycle,152731,0.04242527777777778,10.378754166666662,0,0,30,4,289.05203378215367,38.54027117095382
2026-07-09T14:15:00Z,browser-e2e,session-lifecycle,205795,0.05716527777777778,10.435919444444439,0,0,30,4,287.4686812187928,38.32915749583904
2026-07-09T14:30:00Z,browser-e2e,session-lifecycle,2516219,0.6989497222222222,11.134869166666661,1,1,31,5,278.4047080930379,44.90398517629644
2026-07-09T14:45:00Z,browser-e2e,session-lifecycle,1866977,0.5186047222222222,11.653473888888882,1,1,32,6,274.5962303181604,51.48679318465508
2026-07-09T15:00:00Z,browser-e2e,session-lifecycle,1898727,0.5274241666666667,12.180898055555549,1,0,33,6,270.9159854182437,49.25745189422613
2026-07-09T15:15:00Z,browser-e2e,session-lifecycle,2666687,0.7407463888888889,12.921644444444437,1,0,34,6,263.12440453055524,46.43371844656858
2026-07-09T15:30:00Z,browser-e2e,session-lifecycle,3313196,0.9203322222222222,13.84197666666666,0,0,34,6,245.62965838453238,43.34641030315277
2026-07-09T15:45:00Z,browser-e2e,session-lifecycle,3238707,0.8996408333333333,14.741617499999993,0,0,34,6,230.63954820425923,40.701096741928104
2026-07-09T16:00:00Z,browser-e2e,session-lifecycle,3667427,1.0187297222222222,15.760347222222215,3,0,37,6,234.76640126195764,38.07022723166881
2026-07-09T16:15:00Z,browser-e2e,session-lifecycle,3569305,0.9914736111111111,16.751820833333326,4,0,41,6,244.74951354790548,35.81700198262031
2026-07-09T16:30:00Z,browser-e2e,session-lifecycle,3315573,0.9209925,17.672813333333327,2,0,43,6,243.3115723510538,33.95045195596099
2026-07-09T16:45:00Z,browser-e2e,session-lifecycle,3375682,0.9376894444444445,18.61050277777777,2,0,45,6,241.79894835368506,32.239859780491344
2026-07-09T17:00:00Z,browser-e2e,session-lifecycle,3203543,0.8898730555555555,19.500375833333326,2,0,47,6,241.02099570645038,30.76863774975962
2026-07-09T17:15:00Z,browser-e2e,session-lifecycle,1523137,0.4230936111111111,19.923469444444436,1,0,48,6,240.92189432089384,30.11523679011173
2026-07-09T17:30:00Z,browser-e2e,session-lifecycle,904928,0.25136888888888886,20.174838333333323,1,0,49,6,242.8767913299265,29.74001526488896
2026-07-09T17:45:00Z,browser-e2e,session-lifecycle,1152538,0.32014944444444443,20.494987777777766,0,0,49,6,239.0828456757098,29.27545049090324
2026-07-09T18:00:00Z,browser-e2e,session-lifecycle,37867,0.01051861111111111,20.505506388888875,0,0,49,6,238.96020449683294,29.26043320369383
2026-07-09T19:15:00Z,browser-e2e,session-lifecycle,65913,0.018309166666666668,20.523815555555544,0,0,49,6,238.74702960257457,29.234330155417297
2026-07-09T19:30:00Z,browser-e2e,session-lifecycle,144726,0.04020166666666666,20.564017222222212,0,0,49,6,238.28029061874568,29.177178443111718
2026-07-09T20:00:00Z,browser-e2e,session-lifecycle,95768,0.02660222222222222,20.590619444444435,0,0,49,6,237.9724424134346,29.139482744502196
2026-07-09T20:15:00Z,browser-e2e,session-lifecycle,455906,0.12664055555555556,20.717259999999992,0,0,49,6,236.51776344941376,28.961358789724134
2026-07-09T20:30:00Z,browser-e2e,session-lifecycle,24542,0.006817222222222222,20.724077222222213,0,0,49,6,236.4399605086291,28.951831899015808
2026-07-09T20:45:00Z,browser-e2e,session-lifecycle,56022,0.015561666666666666,20.73963888888888,0,0,49,6,236.26255144804577,28.930108340577036
2026-07-09T21:15:00Z,browser-e2e,session-lifecycle,130473,0.0362425,20.77588138888888,0,0,49,6,235.8504030842495,28.879641193989738
2026-07-09T22:00:00Z,browser-e2e,session-lifecycle,151515,0.0420875,20.81796888888888,0,0,49,6,235.37358645085035,28.821255483777595
2026-07-09T22:30:00Z,browser-e2e,session-lifecycle,644204,0.17894555555555555,20.996914444444435,0,0,49,6,233.36762232207357,28.57562722311105
2026-07-09T23:00:00Z,browser-e2e,session-lifecycle,71820,0.01995,21.016864444444437,0,0,49,6,233.146100977744,28.54850216054008
2026-07-09T23:15:00Z,browser-e2e,session-lifecycle,78620,0.02183888888888889,21.038703333333327,0,0,49,6,232.90408740335874,28.518867845309234
2026-07-10T00:30:00Z,browser-e2e,session-lifecycle,40355,0.011209722222222222,21.04991305555555,0,0,49,6,232.78005885666965,28.503680676326898
2026-07-10T00:45:00Z,browser-e2e,session-lifecycle,43150,0.01198611111111111,21.06189916666666,0,0,49,6,232.64758610918247,28.487459523573364
2026-07-10T01:00:00Z,browser-e2e,session-lifecycle,196837,0.054676944444444445,21.116576111111105,0,0,49,6,232.04519398491507,28.413697222642664
2026-07-10T01:45:00Z,browser-e2e,session-lifecycle,652215,0.18117083333333334,21.297746944444437,5,0,54,6,253.54794636662737,28.171994040736372
2026-07-10T02:00:00Z,browser-e2e,session-lifecycle,286276,0.07952111111111111,21.377268055555547,1,0,55,6,257.28264180935196,28.06719728829294
2026-07-10T02:15:00Z,browser-e2e,session-lifecycle,33993,0.0094425,21.386710555555545,5,0,60,6,280.5480526990815,28.05480526990815
2026-07-10T02:30:00Z,browser-e2e,session-lifecycle,777917,0.21608805555555555,21.6027986111111,0,0,60,6,277.7417920710506,27.77417920710506
2026-07-10T03:30:00Z,browser-e2e,session-lifecycle,76095,0.0211375,21.6239361111111,2,0,62,6,286.71930809184335,27.747029815339676
2026-07-10T03:45:00Z,browser-e2e,session-lifecycle,855027,0.2375075,21.8614436111111,5,0,67,6,306.475643566133,27.44558002084773
2026-07-10T04:00:00Z,browser-e2e,session-lifecycle,1675980,0.46555,22.3269936111111,22,0,89,6,398.62061838772985,26.87330011602673
2026-07-10T04:15:00Z,browser-e2e,session-lifecycle,858006,0.238335,22.5653286111111,8,0,97,6,429.863006525141,26.58946432114274
2026-07-10T04:30:00Z,browser-e2e,session-lifecycle,173957,0.048321388888888886,22.61364999999999,0,0,97,6,428.9444649581118,26.532647316996606
2026-07-10T05:00:00Z,browser-e2e,session-lifecycle,175913,0.04886472222222222,22.662514722222213,0,0,97,6,428.0195785372599,26.475437847665564
2026-07-10T05:15:00Z,browser-e2e,session-lifecycle,90594,0.025165,22.687679722222214,0,0,97,6,427.54482250994613,26.446071495460586
2026-07-10T05:45:00Z,browser-e2e,session-lifecycle,88928,0.024702222222222223,22.712381944444434,0,0,97,6,427.0798203256119,26.417308473749188
2026-07-10T06:00:00Z,browser-e2e,session-lifecycle,85243,0.023678611111111112,22.736060555555547,0,0,97,6,426.63503540105626,26.389796004189048
2026-07-10T06:15:00Z,browser-e2e,session-lifecycle,174573,0.0484925,22.784553055555545,0,0,97,6,425.72702551366723,26.333630444144365
2026-07-10T06:45:00Z,browser-e2e,session-lifecycle,326303,0.09063972222222222,22.875192777777766,3,0,100,6,437.1547858479495,26.22928715087697
2026-07-10T07:00:00Z,browser-e2e,session-lifecycle,86010,0.023891666666666665,22.899084444444433,0,0,100,6,436.6986821792392,26.20192093075435
2026-07-10T07:15:00Z,browser-e2e,session-lifecycle,88893,0.0246925,22.923776944444434,0,0,100,6,436.2282892664202,26.17369735598521
2026-07-10T07:30:00Z,browser-e2e,session-lifecycle,86570,0.024047222222222223,22.947824166666656,0,0,100,6,435.7711618919283,26.146269713515697
2026-07-08T17:45:00Z,browser-e2e,table-stale-snapshot-http,63593,0.01766472222222222,0.01766472222222222,1,0,1,0,5661.000424575032,0
2026-07-09T03:00:00Z,browser-e2e,table-stale-snapshot-http,62967,0.017490833333333334,0.03515555555555555,1,0,2,0,5689.001264222504,0
2026-07-09T03:15:00Z,browser-e2e,table-stale-snapshot-http,83052,0.02307,0.05822555555555555,0,0,2,0,3434.9178482147972,0
2026-07-09T04:45:00Z,browser-e2e,table-stale-snapshot-http,353375,0.09815972222222222,0.15638527777777778,1,0,3,0,1918.3391445983655,0
2026-07-09T05:00:00Z,browser-e2e,table-stale-snapshot-http,328844,0.09134555555555555,0.24773083333333334,1,0,4,0,1614.655691493119,0
2026-07-09T06:00:00Z,browser-e2e,table-stale-snapshot-http,251129,0.06975805555555556,0.31748888888888893,1,0,5,0,1574.8582627563517,0
2026-07-09T06:45:00Z,browser-e2e,table-stale-snapshot-http,129873,0.036075833333333335,0.35356472222222224,0,0,5,0,1414.1682373100004,0
2026-07-09T07:00:00Z,browser-e2e,table-stale-snapshot-http,81508,0.022641111111111112,0.37620583333333335,0,0,5,0,1329.0596681338009,0
2026-07-09T09:15:00Z,browser-e2e,table-stale-snapshot-http,337257,0.0936825,0.46988833333333335,0,0,5,0,1064.082601185388,0
2026-07-09T09:30:00Z,browser-e2e,table-stale-snapshot-http,705295,0.19591527777777779,0.6658036111111112,2,0,7,0,1051.3610745243946,0
2026-07-09T18:00:00Z,browser-e2e,table-stale-snapshot-http,33530,0.009313888888888889,0.6751175,1,0,8,0,1184.9789110784418,0
2026-07-09T23:15:00Z,browser-e2e,table-stale-snapshot-http,79494,0.022081666666666666,0.6971991666666667,0,0,8,0,1147.4483020753275,0
2026-07-08T15:00:00Z,browser-e2e,three-user-late-join,286113,0.07947583333333333,0.07947583333333333,1,0,1,0,1258.2441203300793,0
2026-07-08T17:15:00Z,browser-e2e,three-user-late-join,402852,0.11190333333333333,0.19137916666666666,2,0,3,0,1567.5687444209793,0
2026-07-09T03:00:00Z,browser-e2e,three-user-late-join,850880,0.23635555555555557,0.4277347222222222,1,0,4,0,935.1590582168985,0
2026-07-09T22:30:00Z,browser-e2e,three-user-late-join,113463,0.0315175,0.4592522222222222,0,0,4,0,870.9810876134393,0
2026-07-10T01:15:00Z,browser-e2e,three-user-late-join,68968,0.019157777777777777,0.47840999999999995,0,0,4,0,836.1029242699777,0
2026-07-08T17:30:00Z,browser-e2e,unknown,172586,0.047940555555555556,0.047940555555555556,0,0,0,0,0,0
2026-07-09T02:00:00Z,browser-e2e,unknown,71006,0.019723888888888888,0.06766444444444444,0,0,0,0,0,0
2026-07-09T05:00:00Z,browser-e2e,unknown,312240,0.08673333333333333,0.15439777777777777,0,0,0,0,0,0
2026-07-09T06:30:00Z,browser-e2e,unknown,237333,0.06592583333333334,0.2203236111111111,0,0,0,0,0,0
2026-07-09T08:45:00Z,browser-e2e,unknown,196937,0.054704722222222224,0.2750283333333333,0,0,0,0,0,0
2026-07-09T09:45:00Z,browser-e2e,unknown,45084,0.012523333333333332,0.28755166666666665,0,0,0,0,0,0
2026-07-09T10:30:00Z,browser-e2e,unknown,46600,0.012944444444444444,0.3004961111111111,0,0,0,0,0,0
2026-07-09T15:30:00Z,browser-e2e,unknown,1172641,0.3257336111111111,0.6262297222222222,0,0,0,0,0,0
2026-07-09T15:45:00Z,browser-e2e,unknown,833470,0.23151944444444444,0.8577491666666666,0,0,0,0,0,0
2026-07-09T16:15:00Z,browser-e2e,unknown,185065,0.05140694444444444,0.909156111111111,0,0,0,0,0,0
2026-07-09T16:30:00Z,browser-e2e,unknown,194542,0.054039444444444446,0.9631955555555555,0,0,0,0,0,0
2026-07-09T17:15:00Z,browser-e2e,unknown,123032,0.034175555555555556,0.997371111111111,0,0,0,0,0,0
2026-07-10T02:45:00Z,browser-e2e,unknown,325808,0.09050222222222222,1.0878733333333332,1,0,1,0,91.92246646362015,0
2026-07-10T04:15:00Z,browser-e2e,unknown,136090,0.037802777777777775,1.125676111111111,0,0,1,0,88.83549985021348,0
2026-05-16T17:15:00Z,protocol-server,wp-http-polling-protocol-state-machine,4325,0.001201388888888889,0.001201388888888889,0,0,0,0,0,0
2026-05-16T17:30:00Z,protocol-server,wp-http-polling-protocol-state-machine,489180,0.13588333333333333,0.1370847222222222,0,0,0,0,0,0
2026-05-16T17:45:00Z,protocol-server,wp-http-polling-protocol-state-machine,911018,0.25306055555555557,0.39014527777777774,0,0,0,0,0,0
2026-05-16T18:00:00Z,protocol-server,wp-http-polling-protocol-state-machine,901960,0.25054444444444446,0.6406897222222222,0,0,0,0,0,0
2026-05-16T18:15:00Z,protocol-server,wp-http-polling-protocol-state-machine,905801,0.2516113888888889,0.8923011111111111,0,0,0,0,0,0
2026-05-16T18:30:00Z,protocol-server,wp-http-polling-protocol-state-machine,894863,0.24857305555555556,1.1408741666666666,0,0,0,0,0,0
2026-05-16T18:45:00Z,protocol-server,wp-http-polling-protocol-state-machine,909024,0.25250666666666666,1.3933808333333333,0,0,0,0,0,0
2026-05-16T19:00:00Z,protocol-server,wp-http-polling-protocol-state-machine,899690,0.24991388888888888,1.643294722222222,0,0,0,0,0,0
2026-05-16T19:15:00Z,protocol-server,wp-http-polling-protocol-state-machine,897266,0.24924055555555555,1.8925352777777775,0,0,0,0,0,0
2026-05-16T19:30:00Z,protocol-server,wp-http-polling-protocol-state-machine,900420,0.25011666666666665,2.1426519444444443,0,0,0,0,0,0
2026-05-16T19:45:00Z,protocol-server,wp-http-polling-protocol-state-machine,901156,0.2503211111111111,2.3929730555555553,0,0,0,0,0,0
2026-05-16T20:00:00Z,protocol-server,wp-http-polling-protocol-state-machine,899090,0.24974722222222223,2.6427202777777774,0,0,0,0,0,0
2026-05-16T20:15:00Z,protocol-server,wp-http-polling-protocol-state-machine,895539,0.24876083333333332,2.8914811111111107,0,0,0,0,0,0
2026-05-16T20:30:00Z,protocol-server,wp-http-polling-protocol-state-machine,901610,0.2504472222222222,3.141928333333333,0,0,0,0,0,0
2026-05-16T20:45:00Z,protocol-server,wp-http-polling-protocol-state-machine,902129,0.2505913888888889,3.3925197222222216,0,0,0,0,0,0
2026-05-16T21:00:00Z,protocol-server,wp-http-polling-protocol-state-machine,898404,0.24955666666666668,3.6420763888888885,0,0,0,0,0,0
2026-05-16T21:15:00Z,protocol-server,wp-http-polling-protocol-state-machine,899914,0.24997611111111112,3.8920524999999997,0,0,0,0,0,0
2026-05-16T21:30:00Z,protocol-server,wp-http-polling-protocol-state-machine,898992,0.24972,4.1417725,0,0,0,0,0,0
2026-05-16T21:45:00Z,protocol-server,wp-http-polling-protocol-state-machine,897768,0.24938,4.3911525000000005,0,0,0,0,0,0
2026-05-16T22:00:00Z,protocol-server,wp-http-polling-protocol-state-machine,897841,0.2494002777777778,4.640552777777779,0,0,0,0,0,0
2026-05-16T22:15:00Z,protocol-server,wp-http-polling-protocol-state-machine,898210,0.24950277777777777,4.8900555555555565,0,0,0,0,0,0
2026-05-16T22:30:00Z,protocol-server,wp-http-polling-protocol-state-machine,897754,0.2493761111111111,5.139431666666668,0,0,0,0,0,0
2026-05-16T22:45:00Z,protocol-server,wp-http-polling-protocol-state-machine,898077,0.24946583333333333,5.3888975000000015,0,0,0,0,0,0
2026-05-16T23:00:00Z,protocol-server,wp-http-polling-protocol-state-machine,897671,0.24935305555555556,5.638250555555557,0,0,0,0,0,0
2026-05-16T23:15:00Z,protocol-server,wp-http-polling-protocol-state-machine,898074,0.249465,5.887715555555557,0,0,0,0,0,0
2026-05-16T23:30:00Z,protocol-server,wp-http-polling-protocol-state-machine,897773,0.2493813888888889,6.137096944444446,0,0,0,0,0,0
2026-05-16T23:45:00Z,protocol-server,wp-http-polling-protocol-state-machine,897607,0.24933527777777778,6.386432222222224,0,0,0,0,0,0
2026-05-17T00:00:00Z,protocol-server,wp-http-polling-protocol-state-machine,897526,0.24931277777777777,6.635745000000002,0,0,0,0,0,0
2026-05-17T00:15:00Z,protocol-server,wp-http-polling-protocol-state-machine,894560,0.2484888888888889,6.8842338888888905,0,0,0,0,0,0
2026-05-17T00:30:00Z,protocol-server,wp-http-polling-protocol-state-machine,904744,0.25131777777777775,7.135551666666668,0,0,0,0,0,0
2026-05-17T00:45:00Z,protocol-server,wp-http-polling-protocol-state-machine,891201,0.24755583333333334,7.383107500000001,0,0,0,0,0,0
2026-05-17T01:00:00Z,protocol-server,wp-http-polling-protocol-state-machine,909959,0.2527663888888889,7.63587388888889,0,0,0,0,0,0
2026-05-17T01:15:00Z,protocol-server,wp-http-polling-protocol-state-machine,921839,0.2560663888888889,7.8919402777777785,0,0,0,0,0,0
2026-05-17T01:30:00Z,protocol-server,wp-http-polling-protocol-state-machine,890714,0.24742055555555556,8.139360833333335,0,0,0,0,0,0
2026-05-17T01:45:00Z,protocol-server,wp-http-polling-protocol-state-machine,918169,0.2550469444444444,8.39440777777778,0,0,0,0,0,0
2026-05-17T02:00:00Z,protocol-server,wp-http-polling-protocol-state-machine,905135,0.2514263888888889,8.645834166666669,0,0,0,0,0,0
2026-05-17T02:15:00Z,protocol-server,wp-http-polling-protocol-state-machine,909717,0.25269916666666664,8.898533333333335,0,0,0,0,0,0
2026-05-17T02:30:00Z,protocol-server,wp-http-polling-protocol-state-machine,906574,0.2518261111111111,9.150359444444446,0,0,0,0,0,0
2026-05-17T02:45:00Z,protocol-server,wp-http-polling-protocol-state-machine,928518,0.25792166666666666,9.408281111111112,0,0,0,0,0,0
2026-05-17T03:00:00Z,protocol-server,wp-http-polling-protocol-state-machine,899048,0.24973555555555554,9.658016666666667,0,0,0,0,0,0
2026-05-17T03:15:00Z,protocol-server,wp-http-polling-protocol-state-machine,898418,0.24956055555555556,9.907577222222223,0,0,0,0,0,0
2026-05-17T03:30:00Z,protocol-server,wp-http-polling-protocol-state-machine,914290,0.25396944444444447,10.161546666666666,0,0,0,0,0,0
2026-05-17T03:45:00Z,protocol-server,wp-http-polling-protocol-state-machine,900251,0.25006972222222223,10.411616388888888,0,0,0,0,0,0
2026-05-17T04:00:00Z,protocol-server,wp-http-polling-protocol-state-machine,908408,0.25233555555555554,10.663951944444443,0,0,0,0,0,0
2026-05-17T04:15:00Z,protocol-server,wp-http-polling-protocol-state-machine,917233,0.25478694444444444,10.918738888888887,0,0,0,0,0,0
2026-05-17T04:30:00Z,protocol-server,wp-http-polling-protocol-state-machine,916686,0.254635,11.173373888888888,0,0,0,0,0,0
2026-05-17T04:45:00Z,protocol-server,wp-http-polling-protocol-state-machine,904542,0.25126166666666666,11.424635555555554,0,0,0,0,0,0
2026-05-17T05:00:00Z,protocol-server,wp-http-polling-protocol-state-machine,897965,0.2494347222222222,11.674070277777776,0,0,0,0,0,0
2026-05-17T05:15:00Z,protocol-server,wp-http-polling-protocol-state-machine,907053,0.2519591666666667,11.926029444444444,0,0,0,0,0,0
2026-05-17T05:30:00Z,protocol-server,wp-http-polling-protocol-state-machine,904687,0.2513019444444444,12.177331388888888,0,0,0,0,0,0
2026-05-17T05:45:00Z,protocol-server,wp-http-polling-protocol-state-machine,924851,0.25690305555555554,12.434234444444444,0,0,0,0,0,0
2026-05-17T06:00:00Z,protocol-server,wp-http-polling-protocol-state-machine,903393,0.2509425,12.685176944444445,0,0,0,0,0,0
2026-05-17T06:15:00Z,protocol-server,wp-http-polling-protocol-state-machine,911395,0.25316527777777775,12.938342222222222,0,0,0,0,0,0
2026-05-17T06:30:00Z,protocol-server,wp-http-polling-protocol-state-machine,895154,0.2486538888888889,13.18699611111111,0,0,0,0,0,0
2026-05-17T06:45:00Z,protocol-server,wp-http-polling-protocol-state-machine,915662,0.2543505555555556,13.441346666666666,0,0,0,0,0,0
2026-05-17T07:00:00Z,protocol-server,wp-http-polling-protocol-state-machine,915338,0.25426055555555555,13.695607222222222,0,0,0,0,0,0
2026-05-17T07:15:00Z,protocol-server,wp-http-polling-protocol-state-machine,898498,0.24958277777777776,13.94519,0,0,0,0,0,0
2026-05-17T07:30:00Z,protocol-server,wp-http-polling-protocol-state-machine,907217,0.2520047222222222,14.197194722222223,0,0,0,0,0,0
2026-05-17T07:45:00Z,protocol-server,wp-http-polling-protocol-state-machine,913852,0.2538477777777778,14.451042500000002,0,0,0,0,0,0
2026-05-17T08:00:00Z,protocol-server,wp-http-polling-protocol-state-machine,897470,0.24929722222222223,14.700339722222223,0,0,0,0,0,0
2026-05-17T08:15:00Z,protocol-server,wp-http-polling-protocol-state-machine,904997,0.25138805555555555,14.951727777777778,0,0,0,0,0,0
2026-05-17T08:30:00Z,protocol-server,wp-http-polling-protocol-state-machine,920875,0.25579861111111113,15.207526388888889,0,0,0,0,0,0
2026-05-17T08:45:00Z,protocol-server,wp-http-polling-protocol-state-machine,898517,0.24958805555555555,15.457114444444445,0,0,0,0,0,0
2026-05-17T09:00:00Z,protocol-server,wp-http-polling-protocol-state-machine,907070,0.2519638888888889,15.709078333333334,0,0,0,0,0,0
2026-05-17T09:15:00Z,protocol-server,wp-http-polling-protocol-state-machine,906718,0.2518661111111111,15.960944444444445,0,0,0,0,0,0
2026-05-17T09:30:00Z,protocol-server,wp-http-polling-protocol-state-machine,898561,0.24960027777777777,16.210544722222224,0,0,0,0,0,0
2026-05-17T09:45:00Z,protocol-server,wp-http-polling-protocol-state-machine,895988,0.24888555555555555,16.45943027777778,0,0,0,0,0,0
2026-05-17T10:00:00Z,protocol-server,wp-http-polling-protocol-state-machine,907660,0.2521277777777778,16.711558055555557,0,0,0,0,0,0
2026-05-17T10:15:00Z,protocol-server,wp-http-polling-protocol-state-machine,902122,0.2505894444444444,16.9621475,0,0,0,0,0,0
2026-05-17T10:30:00Z,protocol-server,wp-http-polling-protocol-state-machine,909396,0.25261,17.2147575,0,0,0,0,0,0
2026-05-17T10:45:00Z,protocol-server,wp-http-polling-protocol-state-machine,899066,0.24974055555555555,17.464498055555556,0,0,0,0,0,0
2026-05-17T11:00:00Z,protocol-server,wp-http-polling-protocol-state-machine,917470,0.25485277777777776,17.719350833333333,0,0,0,0,0,0
2026-05-17T11:15:00Z,protocol-server,wp-http-polling-protocol-state-machine,877327,0.24370194444444446,17.96305277777778,0,0,0,0,0,0
2026-05-17T11:30:00Z,protocol-server,wp-http-polling-protocol-state-machine,910243,0.25284527777777777,18.215898055555556,0,0,0,0,0,0
2026-05-17T11:45:00Z,protocol-server,wp-http-polling-protocol-state-machine,914597,0.2540547222222222,18.469952777777777,0,0,0,0,0,0
2026-05-17T12:00:00Z,protocol-server,wp-http-polling-protocol-state-machine,898894,0.2496927777777778,18.719645555555555,0,0,0,0,0,0
2026-05-17T12:15:00Z,protocol-server,wp-http-polling-protocol-state-machine,895781,0.24882805555555557,18.96847361111111,0,0,0,0,0,0
2026-05-17T12:30:00Z,protocol-server,wp-http-polling-protocol-state-machine,916000,0.2544444444444444,19.222918055555557,0,0,0,0,0,0
2026-05-17T12:45:00Z,protocol-server,wp-http-polling-protocol-state-machine,915918,0.25442166666666666,19.477339722222222,0,0,0,0,0,0
2026-05-17T13:00:00Z,protocol-server,wp-http-polling-protocol-state-machine,900595,0.25016527777777775,19.727505,0,0,0,0,0,0
2026-05-17T13:15:00Z,protocol-server,wp-http-polling-protocol-state-machine,918655,0.2551819444444444,19.982686944444445,0,0,0,0,0,0
2026-05-17T13:30:00Z,protocol-server,wp-http-polling-protocol-state-machine,117101,0.03252805555555555,20.015215,0,0,0,0,0,0
2026-05-17T14:00:00Z,protocol-server,wp-http-polling-protocol-state-machine,36561,0.010155833333333333,20.025370833333334,0,0,0,0,0,0
2026-05-17T14:15:00Z,protocol-server,wp-http-polling-protocol-state-machine,4483,0.0012452777777777779,20.02661611111111,0,0,0,0,0,0
2026-05-17T14:30:00Z,protocol-server,wp-http-polling-protocol-state-machine,12493,0.003470277777777778,20.03008638888889,0,0,0,0,0,0
2026-05-17T14:45:00Z,protocol-server,wp-http-polling-protocol-state-machine,8805,0.0024458333333333333,20.032532222222223,0,0,0,0,0,0
2026-05-17T15:00:00Z,protocol-server,wp-http-polling-protocol-state-machine,10400,0.0028888888888888888,20.035421111111113,0,0,0,0,0,0
2026-05-17T15:30:00Z,protocol-server,wp-http-polling-protocol-state-machine,7044,0.0019566666666666665,20.03737777777778,0,0,0,0,0,0
2026-05-17T15:45:00Z,protocol-server,wp-http-polling-protocol-state-machine,13919,0.003866388888888889,20.04124416666667,0,0,0,0,0,0
2026-05-17T16:15:00Z,protocol-server,wp-http-polling-protocol-state-machine,5730,0.0015916666666666666,20.042835833333335,0,0,0,0,0,0
2026-05-17T16:30:00Z,protocol-server,wp-http-polling-protocol-state-machine,11168,0.0031022222222222224,20.045938055555556,0,0,0,0,0,0
2026-05-17T16:45:00Z,protocol-server,wp-http-polling-protocol-state-machine,8460,0.00235,20.048288055555556,0,0,0,0,0,0
2026-05-17T17:15:00Z,protocol-server,wp-http-polling-protocol-state-machine,16180,0.004494444444444444,20.0527825,0,0,0,0,0,0
2026-05-17T17:30:00Z,protocol-server,wp-http-polling-protocol-state-machine,9562,0.0026561111111111113,20.05543861111111,0,0,0,0,0,0
2026-05-17T17:45:00Z,protocol-server,wp-http-polling-protocol-state-machine,413865,0.1149625,20.17040111111111,0,0,0,0,0,0
2026-05-17T18:00:00Z,protocol-server,wp-http-polling-protocol-state-machine,688976,0.19138222222222223,20.361783333333335,0,0,0,0,0,0
2026-05-17T18:15:00Z,protocol-server,wp-http-polling-protocol-state-machine,5175,0.0014375,20.363220833333337,0,0,0,0,0,0
2026-05-17T18:30:00Z,protocol-server,wp-http-polling-protocol-state-machine,19509,0.005419166666666667,20.368640000000003,0,0,0,0,0,0
2026-05-17T19:00:00Z,protocol-server,wp-http-polling-protocol-state-machine,5924,0.0016455555555555555,20.370285555555558,0,0,0,0,0,0
2026-05-17T19:15:00Z,protocol-server,wp-http-polling-protocol-state-machine,4070,0.0011305555555555557,20.371416111111113,0,0,0,0,0,0
2026-05-17T19:45:00Z,protocol-server,wp-http-polling-protocol-state-machine,11335,0.003148611111111111,20.374564722222225,0,0,0,0,0,0
2026-05-17T20:00:00Z,protocol-server,wp-http-polling-protocol-state-machine,8982,0.002495,20.377059722222224,0,0,0,0,0,0
2026-05-17T20:15:00Z,protocol-server,wp-http-polling-protocol-state-machine,6697,0.0018602777777777778,20.37892,0,0,0,0,0,0
2026-05-17T20:30:00Z,protocol-server,wp-http-polling-protocol-state-machine,780628,0.21684111111111112,20.595761111111113,0,0,0,0,0,0
2026-05-17T20:45:00Z,protocol-server,wp-http-polling-protocol-state-machine,600556,0.16682111111111111,20.762582222222225,0,0,0,0,0,0
2026-05-17T21:00:00Z,protocol-server,wp-http-polling-protocol-state-machine,6619,0.0018386111111111112,20.764420833333336,0,0,0,0,0,0
2026-05-17T21:30:00Z,protocol-server,wp-http-polling-protocol-state-machine,6455,0.0017930555555555555,20.766213888888892,0,0,0,0,0,0
2026-05-17T21:45:00Z,protocol-server,wp-http-polling-protocol-state-machine,8403,0.0023341666666666667,20.76854805555556,0,0,0,0,0,0
2026-05-17T22:00:00Z,protocol-server,wp-http-polling-protocol-state-machine,14670,0.004075,20.77262305555556,0,0,0,0,0,0
2026-05-17T22:30:00Z,protocol-server,wp-http-polling-protocol-state-machine,6550,0.0018194444444444445,20.774442500000003,0,0,0,0,0,0
2026-05-17T22:45:00Z,protocol-server,wp-http-polling-protocol-state-machine,6352,0.0017644444444444444,20.776206944444446,0,0,0,0,0,0
2026-05-17T23:00:00Z,protocol-server,wp-http-polling-protocol-state-machine,9732,0.002703333333333333,20.77891027777778,0,0,0,0,0,0
2026-05-17T23:30:00Z,protocol-server,wp-http-polling-protocol-state-machine,8878,0.002466111111111111,20.78137638888889,0,0,0,0,0,0
2026-05-17T23:45:00Z,protocol-server,wp-http-polling-protocol-state-machine,9704,0.0026955555555555556,20.784071944444445,0,0,0,0,0,0
2026-05-18T00:00:00Z,protocol-server,wp-http-polling-protocol-state-machine,7739,0.002149722222222222,20.786221666666666,0,0,0,0,0,0
2026-05-18T00:30:00Z,protocol-server,wp-http-polling-protocol-state-machine,158459,0.04401638888888889,20.830238055555554,0,0,0,0,0,0
2026-05-18T00:45:00Z,protocol-server,wp-http-polling-protocol-state-machine,912599,0.2534997222222222,21.083737777777777,0,0,0,0,0,0
2026-05-18T01:00:00Z,protocol-server,wp-http-polling-protocol-state-machine,657346,0.1825961111111111,21.266333888888887,0,0,0,0,0,0
2026-05-18T01:15:00Z,protocol-server,wp-http-polling-protocol-state-machine,19421,0.005394722222222223,21.271728611111108,0,0,0,0,0,0
2026-05-18T01:30:00Z,protocol-server,wp-http-polling-protocol-state-machine,4930,0.0013694444444444444,21.273098055555554,0,0,0,0,0,0
2026-05-18T01:45:00Z,protocol-server,wp-http-polling-protocol-state-machine,27352,0.007597777777777778,21.280695833333333,0,0,0,0,0,0
2026-05-18T02:15:00Z,protocol-server,wp-http-polling-protocol-state-machine,24581,0.006828055555555556,21.287523888888888,0,0,0,0,0,0
2026-05-18T02:45:00Z,protocol-server,wp-http-polling-protocol-state-machine,6521,0.0018113888888888889,21.289335277777777,0,0,0,0,0,0
2026-05-18T03:00:00Z,protocol-server,wp-http-polling-protocol-state-machine,5800,0.0016111111111111111,21.290946388888887,0,0,0,0,0,0
2026-05-18T03:15:00Z,protocol-server,wp-http-polling-protocol-state-machine,5943,0.0016508333333333334,21.29259722222222,0,0,0,0,0,0
2026-05-18T03:45:00Z,protocol-server,wp-http-polling-protocol-state-machine,95421,0.026505833333333333,21.319103055555555,0,0,0,0,0,0
2026-05-18T04:00:00Z,protocol-server,wp-http-polling-protocol-state-machine,915768,0.25438,21.573483055555556,0,0,0,0,0,0
2026-05-18T04:15:00Z,protocol-server,wp-http-polling-protocol-state-machine,162428,0.04511888888888889,21.618601944444446,0,0,0,0,0,0
2026-05-18T04:30:00Z,protocol-server,wp-http-polling-protocol-state-machine,474052,0.1316811111111111,21.750283055555556,0,0,0,0,0,0
2026-05-18T04:45:00Z,protocol-server,wp-http-polling-protocol-state-machine,283307,0.07869638888888889,21.828979444444446,0,0,0,0,0,0
2026-05-18T05:00:00Z,protocol-server,wp-http-polling-protocol-state-machine,422570,0.11738055555555556,21.946360000000002,0,0,0,0,0,0
2026-05-18T05:15:00Z,protocol-server,wp-http-polling-protocol-state-machine,519093,0.1441925,22.0905525,0,0,0,0,0,0
2026-05-18T05:30:00Z,protocol-server,wp-http-polling-protocol-state-machine,838380,0.23288333333333333,22.323435833333335,0,0,0,0,0,0
2026-05-18T05:45:00Z,protocol-server,wp-http-polling-protocol-state-machine,234290,0.06508055555555556,22.388516388888892,0,0,0,0,0,0
2026-05-18T06:00:00Z,protocol-server,wp-http-polling-protocol-state-machine,607293,0.1686925,22.55720888888889,0,0,0,0,0,0
2026-05-18T06:15:00Z,protocol-server,wp-http-polling-protocol-state-machine,563131,0.1564252777777778,22.71363416666667,0,0,0,0,0,0
2026-05-18T06:30:00Z,protocol-server,wp-http-polling-protocol-state-machine,12833,0.003564722222222222,22.71719888888889,0,0,0,0,0,0
2026-05-18T06:45:00Z,protocol-server,wp-http-polling-protocol-state-machine,254611,0.07072527777777778,22.78792416666667,0,0,0,0,0,0
2026-05-18T07:00:00Z,protocol-server,wp-http-polling-protocol-state-machine,297150,0.08254166666666667,22.870465833333338,0,0,0,0,0,0
2026-05-18T07:15:00Z,protocol-server,wp-http-polling-protocol-state-machine,18462,0.005128333333333334,22.87559416666667,0,0,0,0,0,0
2026-05-18T07:30:00Z,protocol-server,wp-http-polling-protocol-state-machine,142149,0.03948583333333333,22.915080000000003,0,0,0,0,0,0
2026-05-18T07:45:00Z,protocol-server,wp-http-polling-protocol-state-machine,458121,0.12725583333333335,23.042335833333336,0,0,0,0,0,0
2026-05-18T08:00:00Z,protocol-server,wp-http-polling-protocol-state-machine,898337,0.24953805555555555,23.29187388888889,0,0,0,0,0,0
2026-05-18T08:15:00Z,protocol-server,wp-http-polling-protocol-state-machine,937178,0.2603272222222222,23.552201111111113,0,0,0,0,0,0
2026-05-18T08:30:00Z,protocol-server,wp-http-polling-protocol-state-machine,917655,0.25490416666666665,23.80710527777778,0,0,0,0,0,0
2026-05-18T08:45:00Z,protocol-server,wp-http-polling-protocol-state-machine,923042,0.2564005555555556,24.063505833333334,0,0,0,0,0,0
2026-05-18T09:00:00Z,protocol-server,wp-http-polling-protocol-state-machine,894134,0.24837055555555557,24.31187638888889,0,0,0,0,0,0
2026-05-18T09:15:00Z,protocol-server,wp-http-polling-protocol-state-machine,932248,0.2589577777777778,24.570834166666668,0,0,0,0,0,0
2026-05-18T09:30:00Z,protocol-server,wp-http-polling-protocol-state-machine,916905,0.25469583333333334,24.82553,0,0,0,0,0,0
2026-05-18T09:45:00Z,protocol-server,wp-http-polling-protocol-state-machine,904419,0.2512275,25.0767575,0,0,0,0,0,0
2026-05-18T10:00:00Z,protocol-server,wp-http-polling-protocol-state-machine,904919,0.2513663888888889,25.32812388888889,0,0,0,0,0,0
2026-05-18T10:15:00Z,protocol-server,wp-http-polling-protocol-state-machine,903721,0.2510336111111111,25.5791575,0,0,0,0,0,0
2026-05-18T10:30:00Z,protocol-server,wp-http-polling-protocol-state-machine,903545,0.25098472222222223,25.83014222222222,0,0,0,0,0,0
2026-05-18T10:45:00Z,protocol-server,wp-http-polling-protocol-state-machine,911913,0.25330916666666664,26.08345138888889,0,0,0,0,0,0
2026-05-18T11:00:00Z,protocol-server,wp-http-polling-protocol-state-machine,898383,0.24955083333333333,26.333002222222223,0,0,0,0,0,0
2026-05-18T11:15:00Z,protocol-server,wp-http-polling-protocol-state-machine,919391,0.25538638888888887,26.588388611111114,0,0,0,0,0,0
2026-05-18T11:30:00Z,protocol-server,wp-http-polling-protocol-state-machine,899452,0.24984777777777778,26.83823638888889,0,0,0,0,0,0
2026-05-18T11:45:00Z,protocol-server,wp-http-polling-protocol-state-machine,900057,0.2500158333333333,27.088252222222224,0,0,0,0,0,0
2026-05-18T12:00:00Z,protocol-server,wp-http-polling-protocol-state-machine,913136,0.25364888888888887,27.341901111111113,0,0,0,0,0,0
2026-05-18T12:15:00Z,protocol-server,wp-http-polling-protocol-state-machine,907297,0.25202694444444446,27.59392805555556,0,0,0,0,0,0
2026-05-18T12:30:00Z,protocol-server,wp-http-polling-protocol-state-machine,895188,0.24866333333333332,27.84259138888889,0,0,0,0,0,0
2026-05-18T12:45:00Z,protocol-server,wp-http-polling-protocol-state-machine,903724,0.25103444444444445,28.093625833333334,0,0,0,0,0,0
2026-05-18T13:00:00Z,protocol-server,wp-http-polling-protocol-state-machine,906791,0.25188638888888887,28.345512222222222,0,0,0,0,0,0
2026-05-18T13:15:00Z,protocol-server,wp-http-polling-protocol-state-machine,908090,0.25224722222222223,28.597759444444446,0,0,0,0,0,0
2026-05-18T13:30:00Z,protocol-server,wp-http-polling-protocol-state-machine,903619,0.25100527777777776,28.848764722222224,0,0,0,0,0,0
2026-05-18T13:45:00Z,protocol-server,wp-http-polling-protocol-state-machine,904420,0.25122777777777777,29.099992500000003,0,0,0,0,0,0
2026-05-18T14:00:00Z,protocol-server,wp-http-polling-protocol-state-machine,900637,0.25017694444444444,29.350169444444447,0,0,0,0,0,0
2026-05-18T14:15:00Z,protocol-server,wp-http-polling-protocol-state-machine,896114,0.24892055555555556,29.599090000000004,0,0,0,0,0,0
2026-05-18T14:30:00Z,protocol-server,wp-http-polling-protocol-state-machine,909729,0.2527025,29.851792500000006,0,0,0,0,0,0
2026-05-18T14:45:00Z,protocol-server,wp-http-polling-protocol-state-machine,914279,0.2539663888888889,30.105758888888893,0,0,0,0,0,0
2026-05-18T15:00:00Z,protocol-server,wp-http-polling-protocol-state-machine,893216,0.24811555555555556,30.353874444444447,0,0,0,0,0,0
2026-05-18T15:15:00Z,protocol-server,wp-http-polling-protocol-state-machine,913116,0.25364333333333333,30.60751777777778,0,0,0,0,0,0
2026-05-18T15:30:00Z,protocol-server,wp-http-polling-protocol-state-machine,888580,0.24682777777777778,30.854345555555557,0,0,0,0,0,0
2026-05-18T15:45:00Z,protocol-server,wp-http-polling-protocol-state-machine,937164,0.26032333333333335,31.11466888888889,0,0,0,0,0,0
2026-05-18T16:00:00Z,protocol-server,wp-http-polling-protocol-state-machine,907421,0.2520613888888889,31.36673027777778,0,0,0,0,0,0
2026-05-18T16:15:00Z,protocol-server,wp-http-polling-protocol-state-machine,904614,0.2512816666666667,31.618011944444447,0,0,0,0,0,0
2026-05-18T16:30:00Z,protocol-server,wp-http-polling-protocol-state-machine,895310,0.2486972222222222,31.86670916666667,0,0,0,0,0,0
2026-05-18T16:45:00Z,protocol-server,wp-http-polling-protocol-state-machine,902624,0.2507288888888889,32.11743805555556,0,0,0,0,0,0
2026-05-18T17:00:00Z,protocol-server,wp-http-polling-protocol-state-machine,916122,0.2544783333333333,32.37191638888889,0,0,0,0,0,0
2026-05-18T17:15:00Z,protocol-server,wp-http-polling-protocol-state-machine,906257,0.25173805555555556,32.62365444444445,0,0,0,0,0,0
2026-05-18T17:30:00Z,protocol-server,wp-http-polling-protocol-state-machine,915525,0.2543125,32.877966944444445,0,0,0,0,0,0
2026-05-18T17:45:00Z,protocol-server,wp-http-polling-protocol-state-machine,923584,0.2565511111111111,33.13451805555555,0,0,0,0,0,0
2026-05-18T18:00:00Z,protocol-server,wp-http-polling-protocol-state-machine,897788,0.24938555555555555,33.38390361111111,0,0,0,0,0,0
2026-05-18T18:15:00Z,protocol-server,wp-http-polling-protocol-state-machine,891983,0.24777305555555557,33.631676666666664,0,0,0,0,0,0
2026-05-18T18:30:00Z,protocol-server,wp-http-polling-protocol-state-machine,925498,0.25708277777777777,33.88875944444444,0,0,0,0,0,0
2026-05-18T18:45:00Z,protocol-server,wp-http-polling-protocol-state-machine,897674,0.2493538888888889,34.13811333333333,0,0,0,0,0,0
2026-05-18T19:00:00Z,protocol-server,wp-http-polling-protocol-state-machine,916381,0.2545502777777778,34.39266361111111,0,0,0,0,0,0
2026-05-18T19:15:00Z,protocol-server,wp-http-polling-protocol-state-machine,910237,0.2528436111111111,34.64550722222222,0,0,0,0,0,0
2026-05-18T19:30:00Z,protocol-server,wp-http-polling-protocol-state-machine,907947,0.2522075,34.89771472222222,0,0,0,0,0,0
2026-05-18T19:45:00Z,protocol-server,wp-http-polling-protocol-state-machine,909944,0.2527622222222222,35.15047694444444,0,0,0,0,0,0
2026-05-18T20:00:00Z,protocol-server,wp-http-polling-protocol-state-machine,903355,0.25093194444444444,35.40140888888889,0,0,0,0,0,0
2026-05-18T20:15:00Z,protocol-server,wp-http-polling-protocol-state-machine,900901,0.25025027777777775,35.65165916666667,0,0,0,0,0,0
2026-05-18T20:30:00Z,protocol-server,wp-http-polling-protocol-state-machine,932690,0.25908055555555554,35.910739722222225,0,0,0,0,0,0
2026-05-18T20:45:00Z,protocol-server,wp-http-polling-protocol-state-machine,897544,0.24931777777777778,36.1600575,0,0,0,0,0,0
2026-05-18T21:00:00Z,protocol-server,wp-http-polling-protocol-state-machine,920419,0.25567194444444447,36.415729444444445,0,0,0,0,0,0
2026-05-18T21:15:00Z,protocol-server,wp-http-polling-protocol-state-machine,894136,0.2483711111111111,36.66410055555556,0,0,0,0,0,0
2026-05-18T21:30:00Z,protocol-server,wp-http-polling-protocol-state-machine,909598,0.2526661111111111,36.91676666666667,0,0,0,0,0,0
2026-05-18T21:45:00Z,protocol-server,wp-http-polling-protocol-state-machine,907026,0.2519516666666667,37.16871833333333,0,0,0,0,0,0
2026-05-18T22:00:00Z,protocol-server,wp-http-polling-protocol-state-machine,906914,0.25192055555555554,37.42063888888889,0,0,0,0,0,0
2026-05-18T22:15:00Z,protocol-server,wp-http-polling-protocol-state-machine,899385,0.24982916666666666,37.67046805555555,0,0,0,0,0,0
2026-05-18T22:30:00Z,protocol-server,wp-http-polling-protocol-state-machine,905958,0.251655,37.92212305555555,0,0,0,0,0,0
2026-05-18T22:45:00Z,protocol-server,wp-http-polling-protocol-state-machine,914977,0.2541602777777778,38.17628333333333,0,0,0,0,0,0
2026-05-18T23:00:00Z,protocol-server,wp-http-polling-protocol-state-machine,907628,0.2521188888888889,38.42840222222222,0,0,0,0,0,0
2026-05-18T23:15:00Z,protocol-server,wp-http-polling-protocol-state-machine,907189,0.2519969444444444,38.68039916666666,0,0,0,0,0,0
2026-05-18T23:30:00Z,protocol-server,wp-http-polling-protocol-state-machine,910743,0.2529841666666667,38.933383333333325,0,0,0,0,0,0
2026-05-18T23:45:00Z,protocol-server,wp-http-polling-protocol-state-machine,897256,0.24923777777777778,39.182621111111104,0,0,0,0,0,0
2026-05-19T00:00:00Z,protocol-server,wp-http-polling-protocol-state-machine,893482,0.24818944444444443,39.430810555555546,0,0,0,0,0,0
2026-05-19T00:15:00Z,protocol-server,wp-http-polling-protocol-state-machine,931763,0.25882305555555557,39.6896336111111,0,0,0,0,0,0
2026-05-19T00:30:00Z,protocol-server,wp-http-polling-protocol-state-machine,888594,0.24683166666666667,39.936465277777764,0,0,0,0,0,0
2026-05-19T00:45:00Z,protocol-server,wp-http-polling-protocol-state-machine,913296,0.2536933333333333,40.190158611111094,0,0,0,0,0,0
2026-05-19T01:00:00Z,protocol-server,wp-http-polling-protocol-state-machine,904753,0.25132027777777777,40.441478888888874,0,0,0,0,0,0
2026-05-19T01:15:00Z,protocol-server,wp-http-polling-protocol-state-machine,895874,0.2488538888888889,40.69033277777776,0,0,0,0,0,0
2026-05-19T01:30:00Z,protocol-server,wp-http-polling-protocol-state-machine,910665,0.2529625,40.943295277777764,0,0,0,0,0,0
2026-05-19T01:45:00Z,protocol-server,wp-http-polling-protocol-state-machine,915289,0.25424694444444446,41.19754222222221,0,0,0,0,0,0
2026-05-19T02:00:00Z,protocol-server,wp-http-polling-protocol-state-machine,897799,0.2493886111111111,41.44693083333332,0,0,0,0,0,0
2026-05-19T02:15:00Z,protocol-server,wp-http-polling-protocol-state-machine,903300,0.2509166666666667,41.69784749999999,0,0,0,0,0,0
2026-05-19T02:30:00Z,protocol-server,wp-http-polling-protocol-state-machine,906261,0.2517391666666667,41.949586666666654,0,0,0,0,0,0
2026-05-19T02:45:00Z,protocol-server,wp-http-polling-protocol-state-machine,902716,0.25075444444444445,42.2003411111111,0,0,0,0,0,0
2026-05-19T03:00:00Z,protocol-server,wp-http-polling-protocol-state-machine,914519,0.25403305555555555,42.45437416666665,0,0,0,0,0,0
2026-05-19T03:15:00Z,protocol-server,wp-http-polling-protocol-state-machine,922008,0.25611333333333336,42.710487499999985,0,0,0,0,0,0
2026-05-19T03:30:00Z,protocol-server,wp-http-polling-protocol-state-machine,903515,0.2509763888888889,42.96146388888887,0,0,0,0,0,0
2026-05-19T03:45:00Z,protocol-server,wp-http-polling-protocol-state-machine,907140,0.25198333333333334,43.21344722222221,0,0,0,0,0,0
2026-05-19T04:00:00Z,protocol-server,wp-http-polling-protocol-state-machine,894114,0.248365,43.46181222222221,0,0,0,0,0,0
2026-05-19T04:15:00Z,protocol-server,wp-http-polling-protocol-state-machine,911755,0.2532652777777778,43.715077499999985,0,0,0,0,0,0
2026-05-19T04:30:00Z,protocol-server,wp-http-polling-protocol-state-machine,908515,0.2523652777777778,43.96744277777776,0,0,0,0,0,0
2026-05-19T04:45:00Z,protocol-server,wp-http-polling-protocol-state-machine,912695,0.2535263888888889,44.22096916666665,0,0,0,0,0,0
2026-05-19T05:00:00Z,protocol-server,wp-http-polling-protocol-state-machine,897855,0.24940416666666668,44.47037333333331,0,0,0,0,0,0
2026-05-19T05:15:00Z,protocol-server,wp-http-polling-protocol-state-machine,902376,0.25066,44.72103333333332,0,0,0,0,0,0
2026-05-19T05:30:00Z,protocol-server,wp-http-polling-protocol-state-machine,915345,0.2542625,44.97529583333332,0,0,0,0,0,0
2026-05-19T05:45:00Z,protocol-server,wp-http-polling-protocol-state-machine,897225,0.24922916666666667,45.224524999999986,0,0,0,0,0,0
2026-05-19T06:00:00Z,protocol-server,wp-http-polling-protocol-state-machine,923234,0.25645388888888887,45.48097888888888,0,0,0,0,0,0
2026-05-19T06:15:00Z,protocol-server,wp-http-polling-protocol-state-machine,908976,0.25249333333333335,45.73347222222221,0,0,0,0,0,0
2026-05-19T06:30:00Z,protocol-server,wp-http-polling-protocol-state-machine,912425,0.2534513888888889,45.9869236111111,0,0,0,0,0,0
2026-05-19T06:45:00Z,protocol-server,wp-http-polling-protocol-state-machine,905158,0.2514327777777778,46.23835638888888,0,0,0,0,0,0
2026-05-19T07:00:00Z,protocol-server,wp-http-polling-protocol-state-machine,915184,0.25421777777777776,46.49257416666666,0,0,0,0,0,0
2026-05-19T07:15:00Z,protocol-server,wp-http-polling-protocol-state-machine,899882,0.24996722222222223,46.74254138888888,0,0,0,0,0,0
2026-05-19T07:30:00Z,protocol-server,wp-http-polling-protocol-state-machine,904667,0.2512963888888889,46.99383777777777,0,0,0,0,0,0
2026-05-19T07:45:00Z,protocol-server,wp-http-polling-protocol-state-machine,909999,0.2527775,47.24661527777777,0,0,0,0,0,0
2026-05-19T08:00:00Z,protocol-server,wp-http-polling-protocol-state-machine,913309,0.25369694444444446,47.50031222222221,0,0,0,0,0,0
2026-05-19T08:15:00Z,protocol-server,wp-http-polling-protocol-state-machine,899912,0.24997555555555556,47.75028777777777,0,0,0,0,0,0
2026-05-19T08:30:00Z,protocol-server,wp-http-polling-protocol-state-machine,908878,0.2524661111111111,48.00275388888888,0,0,0,0,0,0
2026-05-19T08:45:00Z,protocol-server,wp-http-polling-protocol-state-machine,482228,0.13395222222222222,48.1367061111111,0,0,0,0,0,0
2026-05-19T09:15:00Z,protocol-server,wp-http-polling-protocol-state-machine,328124,0.09114555555555555,48.22785166666666,0,0,0,0,0,0
2026-05-19T09:30:00Z,protocol-server,wp-http-polling-protocol-state-machine,904119,0.25114416666666667,48.47899583333333,0,0,0,0,0,0
2026-05-19T09:45:00Z,protocol-server,wp-http-polling-protocol-state-machine,818282,0.22730055555555556,48.70629638888889,0,0,0,0,0,0
2026-05-19T10:00:00Z,protocol-server,wp-http-polling-protocol-state-machine,901013,0.2502813888888889,48.956577777777774,0,0,0,0,0,0
2026-05-19T10:15:00Z,protocol-server,wp-http-polling-protocol-state-machine,117362,0.032600555555555556,48.98917833333333,0,0,0,0,0,0
2026-05-19T10:30:00Z,protocol-server,wp-http-polling-protocol-state-machine,904304,0.25119555555555556,49.24037388888888,0,0,0,0,0,0
2026-05-19T10:45:00Z,protocol-server,wp-http-polling-protocol-state-machine,894972,0.24860333333333334,49.48897722222222,0,0,0,0,0,0
2026-05-19T11:00:00Z,protocol-server,wp-http-polling-protocol-state-machine,919497,0.25541583333333334,49.74439305555555,0,0,0,0,0,0
2026-05-19T11:15:00Z,protocol-server,wp-http-polling-protocol-state-machine,901301,0.25036138888888887,49.99475444444444,0,0,0,0,0,0
2026-05-19T11:30:00Z,protocol-server,wp-http-polling-protocol-state-machine,911503,0.2531952777777778,50.247949722222216,0,0,0,0,0,0
2026-05-19T11:45:00Z,protocol-server,wp-http-polling-protocol-state-machine,896496,0.24902666666666667,50.49697638888888,0,0,0,0,0,0
2026-05-19T12:00:00Z,protocol-server,wp-http-polling-protocol-state-machine,907947,0.2522075,50.74918388888888,0,0,0,0,0,0
2026-05-19T12:15:00Z,protocol-server,wp-http-polling-protocol-state-machine,903675,0.25102083333333336,51.000204722222215,0,0,0,0,0,0
2026-05-19T12:30:00Z,protocol-server,wp-http-polling-protocol-state-machine,895207,0.2486686111111111,51.24887333333333,0,0,0,0,0,0
2026-05-19T12:45:00Z,protocol-server,wp-http-polling-protocol-state-machine,908390,0.25233055555555556,51.50120388888888,0,0,0,0,0,0
2026-05-19T13:00:00Z,protocol-server,wp-http-polling-protocol-state-machine,902963,0.25082305555555556,51.75202694444444,0,0,0,0,0,0
2026-05-19T13:15:00Z,protocol-server,wp-http-polling-protocol-state-machine,901824,0.25050666666666666,52.002533611111105,0,0,0,0,0,0
2026-05-19T13:30:00Z,protocol-server,wp-http-polling-protocol-state-machine,912790,0.2535527777777778,52.25608638888888,0,0,0,0,0,0
2026-05-19T13:45:00Z,protocol-server,wp-http-polling-protocol-state-machine,891232,0.24756444444444445,52.503650833333324,0,0,0,0,0,0
2026-05-19T14:00:00Z,protocol-server,wp-http-polling-protocol-state-machine,913516,0.25375444444444445,52.75740527777777,0,0,0,0,0,0
2026-05-19T14:15:00Z,protocol-server,wp-http-polling-protocol-state-machine,902958,0.25082166666666666,53.00822694444444,0,0,0,0,0,0
2026-05-19T14:30:00Z,protocol-server,wp-http-polling-protocol-state-machine,900390,0.2501083333333333,53.25833527777777,0,0,0,0,0,0
2026-05-19T14:45:00Z,protocol-server,wp-http-polling-protocol-state-machine,913750,0.25381944444444443,53.51215472222221,0,0,0,0,0,0
2026-05-19T15:00:00Z,protocol-server,wp-http-polling-protocol-state-machine,898691,0.2496363888888889,53.7617911111111,0,0,0,0,0,0
2026-05-19T15:15:00Z,protocol-server,wp-http-polling-protocol-state-machine,901671,0.25046416666666665,54.01225527777777,0,0,0,0,0,0
2026-05-19T15:30:00Z,protocol-server,wp-http-polling-protocol-state-machine,907200,0.252,54.26425527777777,0,0,0,0,0,0
2026-05-19T15:45:00Z,protocol-server,wp-http-polling-protocol-state-machine,900009,0.2500025,54.51425777777777,0,0,0,0,0,0
2026-05-19T16:00:00Z,protocol-server,wp-http-polling-protocol-state-machine,911059,0.2530719444444444,54.767329722222215,0,0,0,0,0,0
2026-05-19T16:15:00Z,protocol-server,wp-http-polling-protocol-state-machine,907864,0.25218444444444443,55.01951416666666,0,0,0,0,0,0
2026-05-19T16:30:00Z,protocol-server,wp-http-polling-protocol-state-machine,898789,0.2496636111111111,55.26917777777777,0,0,0,0,0,0
2026-05-19T16:45:00Z,protocol-server,wp-http-polling-protocol-state-machine,910076,0.2527988888888889,55.52197666666666,0,0,0,0,0,0
2026-05-19T17:00:00Z,protocol-server,wp-http-polling-protocol-state-machine,901437,0.2503991666666667,55.77237583333333,0,0,0,0,0,0
2026-05-19T17:15:00Z,protocol-server,wp-http-polling-protocol-state-machine,894719,0.24853305555555555,56.02090888888888,0,0,0,0,0,0
2026-05-19T17:30:00Z,protocol-server,wp-http-polling-protocol-state-machine,914215,0.2539486111111111,56.274857499999996,0,0,0,0,0,0
2026-05-19T17:45:00Z,protocol-server,wp-http-polling-protocol-state-machine,892923,0.24803416666666667,56.52289166666666,0,0,0,0,0,0
2026-05-19T18:00:00Z,protocol-server,wp-http-polling-protocol-state-machine,927024,0.25750666666666666,56.78039833333332,0,0,0,0,0,0
2026-05-19T18:15:00Z,protocol-server,wp-http-polling-protocol-state-machine,914172,0.25393666666666664,57.03433499999999,0,0,0,0,0,0
2026-05-19T18:30:00Z,protocol-server,wp-http-polling-protocol-state-machine,893046,0.24806833333333334,57.28240333333333,0,0,0,0,0,0
2026-05-19T18:45:00Z,protocol-server,wp-http-polling-protocol-state-machine,915342,0.25426166666666666,57.53666499999999,0,0,0,0,0,0
2026-05-19T19:00:00Z,protocol-server,wp-http-polling-protocol-state-machine,900160,0.25004444444444446,57.78670944444443,0,0,0,0,0,0
2026-05-19T19:15:00Z,protocol-server,wp-http-polling-protocol-state-machine,902376,0.25066,58.03736944444444,0,0,0,0,0,0
2026-05-19T19:30:00Z,protocol-server,wp-http-polling-protocol-state-machine,901449,0.2504025,58.28777194444444,0,0,0,0,0,0
2026-05-19T19:45:00Z,protocol-server,wp-http-polling-protocol-state-machine,903734,0.25103722222222224,58.53880916666666,0,0,0,0,0,0
2026-05-19T20:00:00Z,protocol-server,wp-http-polling-protocol-state-machine,898012,0.24944777777777777,58.788256944444434,0,0,0,0,0,0
2026-05-19T20:15:00Z,protocol-server,wp-http-polling-protocol-state-machine,763053,0.21195916666666667,59.0002161111111,0,0,0,0,0,0
2026-05-19T21:00:00Z,protocol-server,wp-http-polling-protocol-state-machine,316509,0.08791916666666667,59.088135277777766,0,0,0,0,0,0
2026-05-19T21:15:00Z,protocol-server,wp-http-polling-protocol-state-machine,915897,0.25441583333333334,59.3425511111111,0,0,0,0,0,0
2026-05-19T21:30:00Z,protocol-server,wp-http-polling-protocol-state-machine,96731,0.026869722222222222,59.36942083333332,0,0,0,0,0,0
2026-05-19T21:45:00Z,protocol-server,wp-http-polling-protocol-state-machine,906188,0.2517188888888889,59.62113972222221,0,0,0,0,0,0
2026-05-19T22:00:00Z,protocol-server,wp-http-polling-protocol-state-machine,904823,0.25133972222222223,59.87247944444443,0,0,0,0,0,0
2026-05-19T22:15:00Z,protocol-server,wp-http-polling-protocol-state-machine,924625,0.2568402777777778,60.129319722222206,0,0,0,0,0,0
2026-05-19T22:30:00Z,protocol-server,wp-http-polling-protocol-state-machine,904153,0.2511536111111111,60.38047333333332,0,0,0,0,0,0
2026-05-19T22:45:00Z,protocol-server,wp-http-polling-protocol-state-machine,898418,0.24956055555555556,60.630033888888875,0,0,0,0,0,0
2026-05-19T23:00:00Z,protocol-server,wp-http-polling-protocol-state-machine,899315,0.24980972222222222,60.8798436111111,0,0,0,0,0,0
2026-05-19T23:15:00Z,protocol-server,wp-http-polling-protocol-state-machine,905059,0.25140527777777777,61.13124888888888,0,0,0,0,0,0
2026-05-19T23:30:00Z,protocol-server,wp-http-polling-protocol-state-machine,905448,0.2515133333333333,61.38276222222221,0,0,0,0,0,0
2026-05-19T23:45:00Z,protocol-server,wp-http-polling-protocol-state-machine,902002,0.2505561111111111,61.63331833333332,0,0,0,0,0,0
2026-05-20T00:00:00Z,protocol-server,wp-http-polling-protocol-state-machine,901228,0.2503411111111111,61.88365944444443,0,0,0,0,0,0
2026-05-20T00:15:00Z,protocol-server,wp-http-polling-protocol-state-machine,942302,0.26175055555555554,62.14540999999999,0,0,0,0,0,0
2026-05-20T00:30:00Z,protocol-server,wp-http-polling-protocol-state-machine,894257,0.24840472222222224,62.39381472222221,0,0,0,0,0,0
2026-05-20T00:45:00Z,protocol-server,wp-http-polling-protocol-state-machine,915751,0.2543752777777778,62.648189999999985,0,0,0,0,0,0
2026-05-20T01:00:00Z,protocol-server,wp-http-polling-protocol-state-machine,904001,0.2511113888888889,62.89930138888887,0,0,0,0,0,0
2026-05-20T01:15:00Z,protocol-server,wp-http-polling-protocol-state-machine,918197,0.2550547222222222,63.15435611111109,0,0,0,0,0,0
2026-05-20T01:30:00Z,protocol-server,wp-http-polling-protocol-state-machine,902437,0.25067694444444444,63.405033055555535,0,0,0,0,0,0
2026-05-20T01:45:00Z,protocol-server,wp-http-polling-protocol-state-machine,899148,0.24976333333333334,63.65479638888887,0,0,0,0,0,0
2026-05-20T02:00:00Z,protocol-server,wp-http-polling-protocol-state-machine,908817,0.25244916666666667,63.907245555555534,0,0,0,0,0,0
2026-05-20T02:15:00Z,protocol-server,wp-http-polling-protocol-state-machine,913451,0.2537363888888889,64.16098194444442,0,0,0,0,0,0
2026-05-20T02:30:00Z,protocol-server,wp-http-polling-protocol-state-machine,891560,0.24765555555555555,64.40863749999997,0,0,0,0,0,0
2026-05-20T02:45:00Z,protocol-server,wp-http-polling-protocol-state-machine,911329,0.25314694444444447,64.66178444444441,0,0,0,0,0,0
2026-05-20T03:00:00Z,protocol-server,wp-http-polling-protocol-state-machine,903341,0.25092805555555553,64.91271249999997,0,0,0,0,0,0
2026-05-20T03:15:00Z,protocol-server,wp-http-polling-protocol-state-machine,911022,0.2530616666666667,65.16577416666664,0,0,0,0,0,0
2026-05-20T03:30:00Z,protocol-server,wp-http-polling-protocol-state-machine,906253,0.25173694444444444,65.41751111111108,0,0,0,0,0,0
2026-05-20T03:45:00Z,protocol-server,wp-http-polling-protocol-state-machine,894212,0.2483922222222222,65.6659033333333,0,0,0,0,0,0
2026-05-20T04:00:00Z,protocol-server,wp-http-polling-protocol-state-machine,921891,0.2560808333333333,65.92198416666663,0,0,0,0,0,0
2026-05-20T04:15:00Z,protocol-server,wp-http-polling-protocol-state-machine,909314,0.25258722222222224,66.17457138888885,0,0,0,0,0,0
2026-05-20T04:30:00Z,protocol-server,wp-http-polling-protocol-state-machine,896238,0.248955,66.42352638888885,0,0,0,0,0,0
2026-05-20T04:45:00Z,protocol-server,wp-http-polling-protocol-state-machine,901652,0.2504588888888889,66.67398527777773,0,0,0,0,0,0
2026-05-20T05:00:00Z,protocol-server,wp-http-polling-protocol-state-machine,918845,0.2552347222222222,66.92921999999996,0,0,0,0,0,0
2026-05-20T05:15:00Z,protocol-server,wp-http-polling-protocol-state-machine,907153,0.25198694444444447,67.1812069444444,0,0,0,0,0,0
2026-05-20T05:30:00Z,protocol-server,wp-http-polling-protocol-state-machine,907706,0.25214055555555553,67.43334749999995,0,0,0,0,0,0
2026-05-20T05:45:00Z,protocol-server,wp-http-polling-protocol-state-machine,894072,0.24835333333333334,67.68170083333328,0,0,0,0,0,0
2026-05-20T06:00:00Z,protocol-server,wp-http-polling-protocol-state-machine,914502,0.25402833333333336,67.93572916666662,0,0,0,0,0,0
2026-05-20T06:15:00Z,protocol-server,wp-http-polling-protocol-state-machine,892417,0.2478936111111111,68.18362277777773,0,0,0,0,0,0
2026-05-20T06:30:00Z,protocol-server,wp-http-polling-protocol-state-machine,908261,0.2522947222222222,68.43591749999995,0,0,0,0,0,0
2026-05-20T06:45:00Z,protocol-server,wp-http-polling-protocol-state-machine,908434,0.2523427777777778,68.68826027777773,0,0,0,0,0,0
2026-05-20T07:00:00Z,protocol-server,wp-http-polling-protocol-state-machine,917168,0.2547688888888889,68.94302916666662,0,0,0,0,0,0
2026-05-20T07:15:00Z,protocol-server,wp-http-polling-protocol-state-machine,909150,0.25254166666666666,69.19557083333329,0,0,0,0,0,0
2026-05-20T07:30:00Z,protocol-server,wp-http-polling-protocol-state-machine,905641,0.25156694444444444,69.44713777777774,0,0,0,0,0,0
2026-05-20T07:45:00Z,protocol-server,wp-http-polling-protocol-state-machine,903858,0.2510716666666667,69.6982094444444,0,0,0,0,0,0
2026-05-20T08:00:00Z,protocol-server,wp-http-polling-protocol-state-machine,901477,0.2504102777777778,69.94861972222218,0,0,0,0,0,0
2026-05-20T08:15:00Z,protocol-server,wp-http-polling-protocol-state-machine,907228,0.2520077777777778,70.20062749999995,0,0,0,0,0,0
2026-05-20T08:30:00Z,protocol-server,wp-http-polling-protocol-state-machine,906606,0.251835,70.45246249999995,0,0,0,0,0,0
2026-05-20T08:45:00Z,protocol-server,wp-http-polling-protocol-state-machine,900630,0.250175,70.70263749999995,0,0,0,0,0,0
2026-05-20T09:00:00Z,protocol-server,wp-http-polling-protocol-state-machine,903811,0.2510586111111111,70.95369611111106,0,0,0,0,0,0
2026-05-20T09:15:00Z,protocol-server,wp-http-polling-protocol-state-machine,906280,0.25174444444444444,71.2054405555555,0,0,0,0,0,0
2026-05-20T09:30:00Z,protocol-server,wp-http-polling-protocol-state-machine,894358,0.24843277777777778,71.45387333333328,0,0,0,0,0,0
2026-05-20T09:45:00Z,protocol-server,wp-http-polling-protocol-state-machine,942295,0.2617486111111111,71.7156219444444,0,0,0,0,0,0
2026-05-20T10:00:00Z,protocol-server,wp-http-polling-protocol-state-machine,897500,0.24930555555555556,71.96492749999994,0,0,0,0,0,0
2026-05-20T10:15:00Z,protocol-server,wp-http-polling-protocol-state-machine,896278,0.2489661111111111,72.21389361111106,0,0,0,0,0,0
2026-05-20T10:30:00Z,protocol-server,wp-http-polling-protocol-state-machine,899880,0.24996666666666667,72.46386027777773,0,0,0,0,0,0
2026-05-20T10:45:00Z,protocol-server,wp-http-polling-protocol-state-machine,894976,0.24860444444444443,72.71246472222217,0,0,0,0,0,0
2026-05-20T11:00:00Z,protocol-server,wp-http-polling-protocol-state-machine,904436,0.25123222222222225,72.9636969444444,0,0,0,0,0,0
2026-05-20T11:15:00Z,protocol-server,wp-http-polling-protocol-state-machine,905455,0.25151527777777777,73.21521222222218,0,0,0,0,0,0
2026-05-20T11:30:00Z,protocol-server,wp-http-polling-protocol-state-machine,902588,0.2507188888888889,73.46593111111106,0,0,0,0,0,0
2026-05-20T11:45:00Z,protocol-server,wp-http-polling-protocol-state-machine,897116,0.2491988888888889,73.71512999999995,0,0,0,0,0,0
2026-05-20T12:00:00Z,protocol-server,wp-http-polling-protocol-state-machine,897134,0.2492038888888889,73.96433388888883,0,0,0,0,0,0
2026-05-20T12:15:00Z,protocol-server,wp-http-polling-protocol-state-machine,900892,0.2502477777777778,74.2145816666666,0,0,0,0,0,0
2026-05-20T12:30:00Z,protocol-server,wp-http-polling-protocol-state-machine,891339,0.24759416666666667,74.46217583333328,0,0,0,0,0,0
2026-05-20T12:45:00Z,protocol-server,wp-http-polling-protocol-state-machine,906318,0.251755,74.71393083333328,0,0,0,0,0,0
2026-05-20T13:00:00Z,protocol-server,wp-http-polling-protocol-state-machine,903570,0.25099166666666667,74.96492249999994,0,0,0,0,0,0
2026-05-20T13:15:00Z,protocol-server,wp-http-polling-protocol-state-machine,904817,0.25133805555555555,75.2162605555555,0,0,0,0,0,0
2026-05-20T13:30:00Z,protocol-server,wp-http-polling-protocol-state-machine,911651,0.2532363888888889,75.46949694444439,0,0,0,0,0,0
2026-05-20T13:45:00Z,protocol-server,wp-http-polling-protocol-state-machine,899466,0.24985166666666667,75.71934861111106,0,0,0,0,0,0
2026-05-20T14:00:00Z,protocol-server,wp-http-polling-protocol-state-machine,908492,0.2523588888888889,75.97170749999995,0,0,0,0,0,0
2026-05-20T14:15:00Z,protocol-server,wp-http-polling-protocol-state-machine,900575,0.2501597222222222,76.22186722222217,0,0,0,0,0,0
2026-05-20T14:30:00Z,protocol-server,wp-http-polling-protocol-state-machine,890462,0.24735055555555555,76.46921777777773,0,0,0,0,0,0
2026-05-20T14:45:00Z,protocol-server,wp-http-polling-protocol-state-machine,899378,0.24982722222222223,76.71904499999995,0,0,0,0,0,0
2026-05-20T15:00:00Z,protocol-server,wp-http-polling-protocol-state-machine,907457,0.2520713888888889,76.971116388888845,0,0,0,0,0,0
2026-05-20T15:15:00Z,protocol-server,wp-http-polling-protocol-state-machine,306345,0.08509583333333333,77.05621222222217,0,0,0,0,0,0
2026-05-20T15:45:00Z,protocol-server,wp-http-polling-protocol-state-machine,100592,0.027942222222222222,77.0841544444444,0,0,0,0,0,0
2026-05-20T16:00:00Z,protocol-server,wp-http-polling-protocol-state-machine,899191,0.24977527777777778,77.33392972222217,0,0,0,0,0,0
2026-05-20T16:15:00Z,protocol-server,wp-http-polling-protocol-state-machine,896840,0.24912222222222222,77.58305194444439,0,0,0,0,0,0
2026-05-20T16:30:00Z,protocol-server,wp-http-polling-protocol-state-machine,895384,0.2487177777777778,77.83176972222218,0,0,0,0,0,0
2026-05-20T16:45:00Z,protocol-server,wp-http-polling-protocol-state-machine,913271,0.2536863888888889,78.08545611111107,0,0,0,0,0,0
2026-05-20T17:00:00Z,protocol-server,wp-http-polling-protocol-state-machine,922493,0.2562480555555556,78.34170416666663,0,0,0,0,0,0
2026-05-20T17:15:00Z,protocol-server,wp-http-polling-protocol-state-machine,899874,0.249965,78.59166916666663,0,0,0,0,0,0
2026-05-20T17:30:00Z,protocol-server,wp-http-polling-protocol-state-machine,903379,0.2509386111111111,78.84260777777774,0,0,0,0,0,0
2026-05-20T17:45:00Z,protocol-server,wp-http-polling-protocol-state-machine,898129,0.2494802777777778,79.09208805555552,0,0,0,0,0,0
2026-05-20T18:00:00Z,protocol-server,wp-http-polling-protocol-state-machine,907782,0.2521616666666667,79.34424972222219,0,0,0,0,0,0
2026-05-20T18:15:00Z,protocol-server,wp-http-polling-protocol-state-machine,905954,0.2516538888888889,79.59590361111108,0,0,0,0,0,0
2026-05-20T18:30:00Z,protocol-server,wp-http-polling-protocol-state-machine,899199,0.2497775,79.84568111111108,0,0,0,0,0,0
2026-05-20T18:45:00Z,protocol-server,wp-http-polling-protocol-state-machine,107715,0.029920833333333334,79.87560194444441,0,0,0,0,0,0
2026-05-20T19:00:00Z,protocol-server,wp-http-polling-protocol-state-machine,5237,0.0014547222222222223,79.87705666666663,0,0,0,0,0,0
2026-05-20T19:45:00Z,protocol-server,wp-http-polling-protocol-state-machine,241629,0.06711916666666666,79.9441758333333,0,0,0,0,0,0
2026-05-20T20:00:00Z,protocol-server,wp-http-polling-protocol-state-machine,632596,0.1757211111111111,80.11989694444442,0,0,0,0,0,0
2026-05-20T21:30:00Z,protocol-server,wp-http-polling-protocol-state-machine,24164,0.006712222222222222,80.12660916666664,0,0,0,0,0,0
2026-05-20T21:45:00Z,protocol-server,wp-http-polling-protocol-state-machine,434995,0.12083194444444445,80.24744111111109,0,0,0,0,0,0
2026-05-20T22:15:00Z,protocol-server,wp-http-polling-protocol-state-machine,27889,0.007746944444444444,80.25518805555554,0,0,0,0,0,0
2026-05-20T22:30:00Z,protocol-server,wp-http-polling-protocol-state-machine,225794,0.06272055555555556,80.3179086111111,0,0,0,0,0,0
2026-05-20T23:00:00Z,protocol-server,wp-http-polling-protocol-state-machine,304555,0.08459861111111111,80.4025072222222,0,0,0,0,0,0
2026-05-20T23:15:00Z,protocol-server,wp-http-polling-protocol-state-machine,495652,0.13768111111111112,80.5401883333333,0,0,0,0,0,0
2026-05-20T23:30:00Z,protocol-server,wp-http-polling-protocol-state-machine,5122,0.0014227777777777778,80.54161111111108,0,0,0,0,0,0
2026-05-20T23:45:00Z,protocol-server,wp-http-polling-protocol-state-machine,4651,0.0012919444444444445,80.54290305555553,0,0,0,0,0,0
2026-05-21T00:00:00Z,protocol-server,wp-http-polling-protocol-state-machine,583425,0.1620625,80.70496555555553,0,0,0,0,0,0
2026-05-21T00:15:00Z,protocol-server,wp-http-polling-protocol-state-machine,795718,0.22103277777777777,80.92599833333331,0,0,0,0,0,0
2026-05-21T00:45:00Z,protocol-server,wp-http-polling-protocol-state-machine,515227,0.1431186111111111,81.06911694444442,0,0,0,0,0,0
2026-05-21T01:00:00Z,protocol-server,wp-http-polling-protocol-state-machine,899323,0.24981194444444443,81.31892888888886,0,0,0,0,0,0
2026-05-21T01:15:00Z,protocol-server,wp-http-polling-protocol-state-machine,907679,0.25213305555555554,81.57106194444442,0,0,0,0,0,0
2026-05-21T01:30:00Z,protocol-server,wp-http-polling-protocol-state-machine,742250,0.20618055555555556,81.77724249999999,0,0,0,0,0,0
2026-05-21T01:45:00Z,protocol-server,wp-http-polling-protocol-state-machine,5187,0.0014408333333333332,81.77868333333332,0,0,0,0,0,0
2026-05-21T02:00:00Z,protocol-server,wp-http-polling-protocol-state-machine,24050,0.006680555555555556,81.78536388888888,0,0,0,0,0,0
2026-05-21T02:15:00Z,protocol-server,wp-http-polling-protocol-state-machine,906637,0.2518436111111111,82.0372075,0,0,0,0,0,0
2026-05-21T02:30:00Z,protocol-server,wp-http-polling-protocol-state-machine,366932,0.10192555555555556,82.13913305555555,0,0,0,0,0,0
2026-05-21T02:45:00Z,protocol-server,wp-http-polling-protocol-state-machine,5419,0.0015052777777777777,82.14063833333333,0,0,0,0,0,0
2026-05-21T03:00:00Z,protocol-server,wp-http-polling-protocol-state-machine,631844,0.1755122222222222,82.31615055555555,0,0,0,0,0,0
2026-05-21T03:15:00Z,protocol-server,wp-http-polling-protocol-state-machine,830004,0.23055666666666666,82.54670722222222,0,0,0,0,0,0
2026-05-21T03:30:00Z,protocol-server,wp-http-polling-protocol-state-machine,6626,0.0018405555555555556,82.54854777777778,0,0,0,0,0,0
2026-05-21T03:45:00Z,protocol-server,wp-http-polling-protocol-state-machine,714893,0.19858138888888888,82.74712916666667,0,0,0,0,0,0
2026-05-21T04:00:00Z,protocol-server,wp-http-polling-protocol-state-machine,907802,0.2521672222222222,82.9992963888889,0,0,0,0,0,0
2026-05-21T04:15:00Z,protocol-server,wp-http-polling-protocol-state-machine,896182,0.24893944444444444,83.24823583333334,0,0,0,0,0,0
2026-05-21T04:30:00Z,protocol-server,wp-http-polling-protocol-state-machine,922622,0.25628388888888887,83.50451972222223,0,0,0,0,0,0
2026-05-21T04:45:00Z,protocol-server,wp-http-polling-protocol-state-machine,900833,0.2502313888888889,83.75475111111112,0,0,0,0,0,0
2026-05-21T05:00:00Z,protocol-server,wp-http-polling-protocol-state-machine,396125,0.11003472222222223,83.86478583333334,0,0,0,0,0,0
2026-05-21T05:15:00Z,protocol-server,wp-http-polling-protocol-state-machine,310529,0.08625805555555556,83.9510438888889,0,0,0,0,0,0
2026-05-21T05:45:00Z,protocol-server,wp-http-polling-protocol-state-machine,6731,0.0018697222222222223,83.95291361111113,0,0,0,0,0,0
2026-05-21T06:00:00Z,protocol-server,wp-http-polling-protocol-state-machine,493340,0.13703888888888888,84.08995250000002,0,0,0,0,0,0
2026-05-21T06:15:00Z,protocol-server,wp-http-polling-protocol-state-machine,906320,0.25175555555555557,84.34170805555559,0,0,0,0,0,0
2026-05-21T06:30:00Z,protocol-server,wp-http-polling-protocol-state-machine,903543,0.2509841666666667,84.59269222222225,0,0,0,0,0,0
2026-05-21T06:45:00Z,protocol-server,wp-http-polling-protocol-state-machine,618714,0.171865,84.76455722222225,0,0,0,0,0,0
2026-05-21T07:00:00Z,protocol-server,wp-http-polling-protocol-state-machine,785372,0.2181588888888889,84.98271611111115,0,0,0,0,0,0
2026-05-21T07:30:00Z,protocol-server,wp-http-polling-protocol-state-machine,226942,0.06303944444444444,85.04575555555559,0,0,0,0,0,0
2026-05-21T07:45:00Z,protocol-server,wp-http-polling-protocol-state-machine,916176,0.25449333333333335,85.30024888888892,0,0,0,0,0,0
2026-05-21T08:00:00Z,protocol-server,wp-http-polling-protocol-state-machine,552222,0.153395,85.45364388888892,0,0,0,0,0,0
2026-05-21T08:30:00Z,protocol-server,wp-http-polling-protocol-state-machine,448899,0.12469416666666666,85.57833805555559,0,0,0,0,0,0
2026-05-21T08:45:00Z,protocol-server,wp-http-polling-protocol-state-machine,903321,0.2509225,85.82926055555559,0,0,0,0,0,0
2026-05-21T09:00:00Z,protocol-server,wp-http-polling-protocol-state-machine,542434,0.15067611111111112,85.9799366666667,0,0,0,0,0,0
2026-05-21T09:15:00Z,protocol-server,wp-http-polling-protocol-state-machine,8480,0.0023555555555555556,85.98229222222226,0,0,0,0,0,0
2026-05-21T09:30:00Z,protocol-server,wp-http-polling-protocol-state-machine,448986,0.12471833333333333,86.10701055555559,0,0,0,0,0,0
2026-05-21T09:45:00Z,protocol-server,wp-http-polling-protocol-state-machine,5110,0.0014194444444444445,86.10843000000004,0,0,0,0,0,0
2026-05-21T10:00:00Z,protocol-server,wp-http-polling-protocol-state-machine,255257,0.07090472222222222,86.17933472222226,0,0,0,0,0,0
2026-05-21T10:15:00Z,protocol-server,wp-http-polling-protocol-state-machine,892229,0.2478413888888889,86.42717611111115,0,0,0,0,0,0
2026-05-21T10:30:00Z,protocol-server,wp-http-polling-protocol-state-machine,424389,0.11788583333333333,86.54506194444448,0,0,0,0,0,0
2026-05-21T10:45:00Z,protocol-server,wp-http-polling-protocol-state-machine,4999,0.001388611111111111,86.5464505555556,0,0,0,0,0,0
2026-05-21T11:00:00Z,protocol-server,wp-http-polling-protocol-state-machine,632631,0.17573083333333334,86.72218138888893,0,0,0,0,0,0
2026-05-21T11:15:00Z,protocol-server,wp-http-polling-protocol-state-machine,470486,0.13069055555555556,86.85287194444449,0,0,0,0,0,0
2026-05-21T11:30:00Z,protocol-server,wp-http-polling-protocol-state-machine,4821,0.0013391666666666667,86.85421111111116,0,0,0,0,0,0
2026-05-21T12:00:00Z,protocol-server,wp-http-polling-protocol-state-machine,280986,0.07805166666666667,86.93226277777782,0,0,0,0,0,0
2026-05-21T12:15:00Z,protocol-server,wp-http-polling-protocol-state-machine,901899,0.2505275,87.18279027777783,0,0,0,0,0,0
2026-05-21T12:30:00Z,protocol-server,wp-http-polling-protocol-state-machine,912704,0.2535288888888889,87.43631916666672,0,0,0,0,0,0
2026-05-21T12:45:00Z,protocol-server,wp-http-polling-protocol-state-machine,891664,0.24768444444444446,87.68400361111117,0,0,0,0,0,0
2026-05-21T13:00:00Z,protocol-server,wp-http-polling-protocol-state-machine,675979,0.18777194444444445,87.87177555555562,0,0,0,0,0,0
2026-05-21T13:15:00Z,protocol-server,wp-http-polling-protocol-state-machine,253000,0.07027777777777777,87.94205333333339,0,0,0,0,0,0
2026-05-21T13:45:00Z,protocol-server,wp-http-polling-protocol-state-machine,6197,0.0017213888888888888,87.94377472222227,0,0,0,0,0,0
2026-05-21T14:15:00Z,protocol-server,wp-http-polling-protocol-state-machine,183357,0.0509325,87.99470722222227,0,0,0,0,0,0
2026-05-21T14:30:00Z,protocol-server,wp-http-polling-protocol-state-machine,734522,0.20403388888888888,88.19874111111116,0,0,0,0,0,0
2026-05-21T14:45:00Z,protocol-server,wp-http-polling-protocol-state-machine,689456,0.19151555555555555,88.39025666666672,0,0,0,0,0,0
2026-05-21T15:00:00Z,protocol-server,wp-http-polling-protocol-state-machine,4921,0.0013669444444444445,88.39162361111116,0,0,0,0,0,0
2026-05-21T15:15:00Z,protocol-server,wp-http-polling-protocol-state-machine,516634,0.14350944444444444,88.5351330555556,0,0,0,0,0,0
2026-05-21T15:30:00Z,protocol-server,wp-http-polling-protocol-state-machine,899935,0.24998194444444444,88.78511500000005,0,0,0,0,0,0
2026-05-21T15:45:00Z,protocol-server,wp-http-polling-protocol-state-machine,387455,0.10762638888888888,88.89274138888894,0,0,0,0,0,0
2026-05-21T16:00:00Z,protocol-server,wp-http-polling-protocol-state-machine,4898,0.0013605555555555556,88.89410194444449,0,0,0,0,0,0
2026-05-21T16:30:00Z,protocol-server,wp-http-polling-protocol-state-machine,4797,0.0013325,88.89543444444449,0,0,0,0,0,0
2026-05-21T17:00:00Z,protocol-server,wp-http-polling-protocol-state-machine,4595,0.001276388888888889,88.89671083333337,0,0,0,0,0,0
2026-05-21T17:15:00Z,protocol-server,wp-http-polling-protocol-state-machine,4511,0.0012530555555555556,88.89796388888892,0,0,0,0,0,0
2026-05-21T17:45:00Z,protocol-server,wp-http-polling-protocol-state-machine,4748,0.001318888888888889,88.89928277777781,0,0,0,0,0,0
2026-05-21T18:15:00Z,protocol-server,wp-http-polling-protocol-state-machine,4532,0.0012588888888888888,88.9005416666667,0,0,0,0,0,0
2026-05-21T18:30:00Z,protocol-server,wp-http-polling-protocol-state-machine,6871,0.0019086111111111111,88.9024502777778,0,0,0,0,0,0
2026-05-21T19:00:00Z,protocol-server,wp-http-polling-protocol-state-machine,6377,0.001771388888888889,88.90422166666669,0,0,0,0,0,0
2026-05-21T19:30:00Z,protocol-server,wp-http-polling-protocol-state-machine,5436,0.00151,88.90573166666668,0,0,0,0,0,0
2026-05-21T19:45:00Z,protocol-server,wp-http-polling-protocol-state-machine,5799,0.0016108333333333333,88.90734250000001,0,0,0,0,0,0
2026-05-21T20:15:00Z,protocol-server,wp-http-polling-protocol-state-machine,12863,0.0035730555555555554,88.91091555555556,0,0,0,0,0,0
2026-05-21T21:00:00Z,protocol-server,wp-http-polling-protocol-state-machine,336335,0.09342638888888889,89.00434194444445,0,0,0,0,0,0
2026-05-21T21:15:00Z,protocol-server,wp-http-polling-protocol-state-machine,251330,0.06981388888888888,89.07415583333334,0,0,0,0,0,0
2026-05-21T22:00:00Z,protocol-server,wp-http-polling-protocol-state-machine,48723,0.013534166666666667,89.08769000000001,0,0,0,0,0,0
2026-05-21T22:15:00Z,protocol-server,wp-http-polling-protocol-state-machine,482024,0.13389555555555555,89.22158555555556,0,0,0,0,0,0
2026-05-21T22:30:00Z,protocol-server,wp-http-polling-protocol-state-machine,691988,0.19221888888888888,89.41380444444445,0,0,0,0,0,0
2026-05-21T22:45:00Z,protocol-server,wp-http-polling-protocol-state-machine,899275,0.24979861111111112,89.66360305555557,0,0,0,0,0,0
2026-05-21T23:00:00Z,protocol-server,wp-http-polling-protocol-state-machine,527917,0.1466436111111111,89.81024666666669,0,0,0,0,0,0
2026-05-21T23:30:00Z,protocol-server,wp-http-polling-protocol-state-machine,45486,0.012635,89.82288166666669,0,0,0,0,0,0
2026-05-21T23:45:00Z,protocol-server,wp-http-polling-protocol-state-machine,378534,0.10514833333333333,89.92803000000002,0,0,0,0,0,0
2026-05-22T00:00:00Z,protocol-server,wp-http-polling-protocol-state-machine,54724,0.015201111111111111,89.94323111111113,0,0,0,0,0,0
2026-05-22T00:30:00Z,protocol-server,wp-http-polling-protocol-state-machine,512351,0.14231972222222222,90.08555083333336,0,0,0,0,0,0
2026-05-22T00:45:00Z,protocol-server,wp-http-polling-protocol-state-machine,643525,0.17875694444444445,90.2643077777778,0,0,0,0,0,0
2026-05-22T01:00:00Z,protocol-server,wp-http-polling-protocol-state-machine,202784,0.05632888888888889,90.32063666666669,0,0,0,0,0,0
2026-05-22T01:15:00Z,protocol-server,wp-http-polling-protocol-state-machine,27443,0.007623055555555556,90.32825972222224,0,0,0,0,0,0
2026-05-22T01:45:00Z,protocol-server,wp-http-polling-protocol-state-machine,1253,3.4805555555555555e-4,90.3286077777778,0,0,0,0,0,0
2026-05-22T02:00:00Z,protocol-server,wp-http-polling-protocol-state-machine,53063,0.014739722222222222,90.34334750000002,0,0,0,0,0,0
2026-05-22T02:15:00Z,protocol-server,wp-http-polling-protocol-state-machine,160763,0.04465638888888889,90.3880038888889,0,0,0,0,0,0
2026-05-22T02:30:00Z,protocol-server,wp-http-polling-protocol-state-machine,494016,0.13722666666666666,90.52523055555557,0,0,0,0,0,0
2026-05-22T02:45:00Z,protocol-server,wp-http-polling-protocol-state-machine,233667,0.0649075,90.59013805555557,0,0,0,0,0,0
2026-05-22T03:15:00Z,protocol-server,wp-http-polling-protocol-state-machine,566534,0.15737055555555557,90.74750861111113,0,0,0,0,0,0
2026-05-22T03:30:00Z,protocol-server,wp-http-polling-protocol-state-machine,882364,0.2451011111111111,90.99260972222224,0,0,0,0,0,0
2026-05-22T03:45:00Z,protocol-server,wp-http-polling-protocol-state-machine,915494,0.2543038888888889,91.24691361111113,0,0,0,0,0,0
2026-05-22T04:00:00Z,protocol-server,wp-http-polling-protocol-state-machine,84325,0.02342361111111111,91.27033722222224,0,0,0,0,0,0
2026-05-22T04:15:00Z,protocol-server,wp-http-polling-protocol-state-machine,15083,0.004189722222222222,91.27452694444446,0,0,0,0,0,0
2026-05-22T04:30:00Z,protocol-server,wp-http-polling-protocol-state-machine,14689,0.004080277777777778,91.27860722222223,0,0,0,0,0,0
2026-05-22T05:00:00Z,protocol-server,wp-http-polling-protocol-state-machine,14019,0.003894166666666667,91.2825013888889,0,0,0,0,0,0
2026-05-22T05:30:00Z,protocol-server,wp-http-polling-protocol-state-machine,14190,0.003941666666666666,91.28644305555557,0,0,0,0,0,0
2026-05-22T06:00:00Z,protocol-server,wp-http-polling-protocol-state-machine,16004,0.004445555555555556,91.29088861111111,0,0,0,0,0,0
2026-05-22T06:30:00Z,protocol-server,wp-http-polling-protocol-state-machine,375941,0.10442805555555555,91.39531666666667,0,0,0,0,0,0
2026-05-22T06:45:00Z,protocol-server,wp-http-polling-protocol-state-machine,934190,0.2594972222222222,91.6548138888889,0,0,0,0,0,0
2026-05-22T07:00:00Z,protocol-server,wp-http-polling-protocol-state-machine,910644,0.25295666666666666,91.90777055555556,0,0,0,0,0,0
2026-05-22T07:15:00Z,protocol-server,wp-http-polling-protocol-state-machine,905075,0.25140972222222224,92.15918027777778,0,0,0,0,0,0
2026-05-22T07:30:00Z,protocol-server,wp-http-polling-protocol-state-machine,879526,0.24431277777777777,92.40349305555556,0,0,0,0,0,0
2026-05-22T07:45:00Z,protocol-server,wp-http-polling-protocol-state-machine,559109,0.15530805555555555,92.55880111111111,0,0,0,0,0,0
2026-05-22T08:00:00Z,protocol-server,wp-http-polling-protocol-state-machine,453500,0.12597222222222224,92.68477333333333,0,0,0,0,0,0
2026-05-22T08:15:00Z,protocol-server,wp-http-polling-protocol-state-machine,902261,0.25062805555555556,92.93540138888888,0,0,0,0,0,0
2026-05-22T08:30:00Z,protocol-server,wp-http-polling-protocol-state-machine,910521,0.2529225,93.18832388888887,0,0,0,0,0,0
2026-05-22T08:45:00Z,protocol-server,wp-http-polling-protocol-state-machine,896572,0.24904777777777778,93.43737166666665,0,0,0,0,0,0
2026-05-22T09:00:00Z,protocol-server,wp-http-polling-protocol-state-machine,915031,0.25417527777777776,93.69154694444443,0,0,0,0,0,0
2026-05-22T09:15:00Z,protocol-server,wp-http-polling-protocol-state-machine,936362,0.26010055555555556,93.95164749999998,0,0,0,0,0,0
2026-05-22T09:30:00Z,protocol-server,wp-http-polling-protocol-state-machine,899081,0.24974472222222222,94.2013922222222,0,0,0,0,0,0
2026-05-22T09:45:00Z,protocol-server,wp-http-polling-protocol-state-machine,942253,0.26173694444444445,94.46312916666665,0,0,0,0,0,0
2026-05-22T10:00:00Z,protocol-server,wp-http-polling-protocol-state-machine,880514,0.24458722222222223,94.70771638888887,0,0,0,0,0,0
2026-05-22T10:15:00Z,protocol-server,wp-http-polling-protocol-state-machine,920452,0.25568111111111114,94.96339749999999,0,0,0,0,0,0
2026-05-22T10:30:00Z,protocol-server,wp-http-polling-protocol-state-machine,916726,0.25464611111111113,95.2180436111111,0,0,0,0,0,0
2026-05-22T10:45:00Z,protocol-server,wp-http-polling-protocol-state-machine,911670,0.25324166666666664,95.47128527777777,0,0,0,0,0,0
2026-05-22T11:00:00Z,protocol-server,wp-http-polling-protocol-state-machine,910591,0.25294194444444446,95.72422722222221,0,0,0,0,0,0
2026-05-22T11:15:00Z,protocol-server,wp-http-polling-protocol-state-machine,898978,0.2497161111111111,95.97394333333332,0,0,0,0,0,0
2026-05-22T11:30:00Z,protocol-server,wp-http-polling-protocol-state-machine,948382,0.26343944444444445,96.23738277777777,0,0,0,0,0,0
2026-05-22T11:45:00Z,protocol-server,wp-http-polling-protocol-state-machine,902855,0.25079305555555553,96.48817583333333,0,0,0,0,0,0
2026-05-22T12:00:00Z,protocol-server,wp-http-polling-protocol-state-machine,910898,0.25302722222222224,96.74120305555554,0,0,0,0,0,0
2026-05-22T12:15:00Z,protocol-server,wp-http-polling-protocol-state-machine,905465,0.25151805555555556,96.9927211111111,0,0,0,0,0,0
2026-05-22T12:30:00Z,protocol-server,wp-http-polling-protocol-state-machine,783971,0.2177697222222222,97.21049083333332,0,0,0,0,0,0
2026-05-22T12:45:00Z,protocol-server,wp-http-polling-protocol-state-machine,14804,0.004112222222222222,97.21460305555554,0,0,0,0,0,0
2026-05-22T13:15:00Z,protocol-server,wp-http-polling-protocol-state-machine,476533,0.13237027777777777,97.34697333333332,0,0,0,0,0,0
2026-05-22T13:30:00Z,protocol-server,wp-http-polling-protocol-state-machine,888653,0.24684805555555556,97.59382138888888,0,0,0,0,0,0
2026-05-22T13:45:00Z,protocol-server,wp-http-polling-protocol-state-machine,942669,0.2618525,97.85567388888889,0,0,0,0,0,0
2026-05-22T14:00:00Z,protocol-server,wp-http-polling-protocol-state-machine,684007,0.19000194444444443,98.04567583333333,0,0,0,0,0,0
2026-05-22T14:15:00Z,protocol-server,wp-http-polling-protocol-state-machine,120072,0.03335333333333333,98.07902916666667,0,0,0,0,0,0
2026-05-22T14:30:00Z,protocol-server,wp-http-polling-protocol-state-machine,805065,0.22362916666666666,98.30265833333334,0,0,0,0,0,0
2026-05-22T14:45:00Z,protocol-server,wp-http-polling-protocol-state-machine,301670,0.08379722222222222,98.38645555555556,0,0,0,0,0,0
2026-05-22T15:00:00Z,protocol-server,wp-http-polling-protocol-state-machine,928333,0.25787027777777777,98.64432583333334,0,0,0,0,0,0
2026-05-22T15:15:00Z,protocol-server,wp-http-polling-protocol-state-machine,891203,0.2475563888888889,98.89188222222224,0,0,0,0,0,0
2026-05-22T15:30:00Z,protocol-server,wp-http-polling-protocol-state-machine,912675,0.2535208333333333,99.14540305555558,0,0,0,0,0,0
2026-05-22T15:45:00Z,protocol-server,wp-http-polling-protocol-state-machine,892428,0.24789666666666665,99.39329972222224,0,0,0,0,0,0
2026-05-22T16:00:00Z,protocol-server,wp-http-polling-protocol-state-machine,937974,0.2605483333333333,99.65384805555557,0,0,0,0,0,0
2026-05-22T16:15:00Z,protocol-server,wp-http-polling-protocol-state-machine,875161,0.2431002777777778,99.89694833333336,0,0,0,0,0,0
2026-05-22T16:30:00Z,protocol-server,wp-http-polling-protocol-state-machine,900735,0.25020416666666667,100.14715250000002,0,0,0,0,0,0
2026-05-22T16:45:00Z,protocol-server,wp-http-polling-protocol-state-machine,923288,0.2564688888888889,100.40362138888891,0,0,0,0,0,0
2026-05-22T17:00:00Z,protocol-server,wp-http-polling-protocol-state-machine,892442,0.24790055555555557,100.65152194444447,0,0,0,0,0,0
2026-05-22T17:15:00Z,protocol-server,wp-http-polling-protocol-state-machine,884719,0.24575527777777778,100.89727722222224,0,0,0,0,0,0
2026-05-22T17:30:00Z,protocol-server,wp-http-polling-protocol-state-machine,920145,0.25559583333333336,101.15287305555557,0,0,0,0,0,0
2026-05-22T17:45:00Z,protocol-server,wp-http-polling-protocol-state-machine,879512,0.24430888888888888,101.39718194444447,0,0,0,0,0,0
2026-05-22T18:00:00Z,protocol-server,wp-http-polling-protocol-state-machine,896189,0.2489413888888889,101.64612333333336,0,0,0,0,0,0
2026-05-22T18:15:00Z,protocol-server,wp-http-polling-protocol-state-machine,1020241,0.28340027777777776,101.92952361111114,0,0,0,0,0,0
2026-05-22T18:30:00Z,protocol-server,wp-http-polling-protocol-state-machine,893296,0.2481377777777778,102.17766138888891,0,0,0,0,0,0
2026-05-22T18:45:00Z,protocol-server,wp-http-polling-protocol-state-machine,927175,0.2575486111111111,102.43521000000001,0,0,0,0,0,0
2026-05-22T19:00:00Z,protocol-server,wp-http-polling-protocol-state-machine,909812,0.25272555555555554,102.68793555555557,0,0,0,0,0,0
2026-05-22T19:15:00Z,protocol-server,wp-http-polling-protocol-state-machine,923339,0.25648305555555556,102.94441861111112,0,0,0,0,0,0
2026-05-22T19:30:00Z,protocol-server,wp-http-polling-protocol-state-machine,885272,0.2459088888888889,103.19032750000001,0,0,0,0,0,0
2026-05-22T19:45:00Z,protocol-server,wp-http-polling-protocol-state-machine,919629,0.2554525,103.44578000000001,0,0,0,0,0,0
2026-05-22T20:00:00Z,protocol-server,wp-http-polling-protocol-state-machine,415025,0.11528472222222222,103.56106472222224,0,0,0,0,0,0
2026-05-22T20:30:00Z,protocol-server,wp-http-polling-protocol-state-machine,519831,0.1443975,103.70546222222224,0,0,0,0,0,0
2026-05-22T21:00:00Z,protocol-server,wp-http-polling-protocol-state-machine,21292,0.005914444444444444,103.71137666666668,0,0,0,0,0,0
2026-05-22T21:30:00Z,protocol-server,wp-http-polling-protocol-state-machine,353502,0.098195,103.80957166666668,0,0,0,0,0,0
2026-05-22T21:45:00Z,protocol-server,wp-http-polling-protocol-state-machine,779554,0.21654277777777778,104.02611444444446,0,0,0,0,0,0
2026-05-22T22:15:00Z,protocol-server,wp-http-polling-protocol-state-machine,283988,0.07888555555555556,104.10500000000002,0,0,0,0,0,0
2026-05-22T22:30:00Z,protocol-server,wp-http-polling-protocol-state-machine,838065,0.23279583333333334,104.33779583333335,0,0,0,0,0,0
2026-05-22T22:45:00Z,protocol-server,wp-http-polling-protocol-state-machine,29581,0.008216944444444445,104.34601277777779,0,0,0,0,0,0
2026-05-22T23:15:00Z,protocol-server,wp-http-polling-protocol-state-machine,816455,0.22679305555555557,104.57280583333335,0,0,0,0,0,0
2026-05-22T23:45:00Z,protocol-server,wp-http-polling-protocol-state-machine,15378,0.004271666666666667,104.57707750000002,0,0,0,0,0,0
2026-05-23T00:00:00Z,protocol-server,wp-http-polling-protocol-state-machine,14939,0.004149722222222222,104.58122722222224,0,0,0,0,0,0
2026-05-23T00:15:00Z,protocol-server,wp-http-polling-protocol-state-machine,459770,0.12771388888888888,104.70894111111113,0,0,0,0,0,0
2026-05-23T00:30:00Z,protocol-server,wp-http-polling-protocol-state-machine,852569,0.23682472222222223,104.94576583333335,0,0,0,0,0,0
2026-05-23T00:45:00Z,protocol-server,wp-http-polling-protocol-state-machine,605993,0.16833138888888888,105.11409722222224,0,0,0,0,0,0
2026-05-23T01:00:00Z,protocol-server,wp-http-polling-protocol-state-machine,900560,0.2501555555555556,105.36425277777779,0,0,0,0,0,0
2026-05-23T01:15:00Z,protocol-server,wp-http-polling-protocol-state-machine,903010,0.2508361111111111,105.6150888888889,0,0,0,0,0,0
2026-05-23T01:30:00Z,protocol-server,wp-http-polling-protocol-state-machine,917755,0.25493194444444445,105.87002083333336,0,0,0,0,0,0
2026-05-23T01:45:00Z,protocol-server,wp-http-polling-protocol-state-machine,219556,0.06098777777777778,105.93100861111114,0,0,0,0,0,0
2026-05-23T02:00:00Z,protocol-server,wp-http-polling-protocol-state-machine,218839,0.06078861111111111,105.99179722222225,0,0,0,0,0,0
2026-05-23T02:15:00Z,protocol-server,wp-http-polling-protocol-state-machine,935426,0.2598405555555556,106.2516377777778,0,0,0,0,0,0
2026-05-23T02:30:00Z,protocol-server,wp-http-polling-protocol-state-machine,900081,0.2500225,106.5016602777778,0,0,0,0,0,0
2026-05-23T02:45:00Z,protocol-server,wp-http-polling-protocol-state-machine,917976,0.25499333333333335,106.75665361111113,0,0,0,0,0,0
2026-05-23T03:00:00Z,protocol-server,wp-http-polling-protocol-state-machine,899448,0.24984666666666666,107.0065002777778,0,0,0,0,0,0
2026-05-23T03:15:00Z,protocol-server,wp-http-polling-protocol-state-machine,895887,0.2488575,107.2553577777778,0,0,0,0,0,0
2026-05-23T03:30:00Z,protocol-server,wp-http-polling-protocol-state-machine,766242,0.212845,107.4682027777778,0,0,0,0,0,0
2026-05-23T03:45:00Z,protocol-server,wp-http-polling-protocol-state-machine,21170,0.0058805555555555555,107.47408333333335,0,0,0,0,0,0
2026-05-23T04:15:00Z,protocol-server,wp-http-polling-protocol-state-machine,625555,0.17376527777777778,107.64784861111113,0,0,0,0,0,0
2026-05-23T05:00:00Z,protocol-server,wp-http-polling-protocol-state-machine,15371,0.0042697222222222225,107.65211833333335,0,0,0,0,0,0
2026-05-23T05:15:00Z,protocol-server,wp-http-polling-protocol-state-machine,19475,0.005409722222222222,107.65752805555557,0,0,0,0,0,0
2026-05-23T05:30:00Z,protocol-server,wp-http-polling-protocol-state-machine,16052,0.004458888888888889,107.66198694444446,0,0,0,0,0,0
2026-05-23T05:45:00Z,protocol-server,wp-http-polling-protocol-state-machine,492928,0.13692444444444443,107.79891138888891,0,0,0,0,0,0
2026-05-23T06:00:00Z,protocol-server,wp-http-polling-protocol-state-machine,482725,0.13409027777777777,107.93300166666668,0,0,0,0,0,0
2026-05-23T06:30:00Z,protocol-server,wp-http-polling-protocol-state-machine,181656,0.05046,107.98346166666668,0,0,0,0,0,0
2026-05-23T06:45:00Z,protocol-server,wp-http-polling-protocol-state-machine,240130,0.06670277777777778,108.05016444444446,0,0,0,0,0,0
2026-05-23T07:15:00Z,protocol-server,wp-http-polling-protocol-state-machine,482016,0.13389333333333334,108.1840577777778,0,0,0,0,0,0
2026-05-23T07:30:00Z,protocol-server,wp-http-polling-protocol-state-machine,911993,0.2533313888888889,108.43738916666669,0,0,0,0,0,0
2026-05-23T07:45:00Z,protocol-server,wp-http-polling-protocol-state-machine,886488,0.24624666666666667,108.68363583333335,0,0,0,0,0,0
2026-05-23T08:00:00Z,protocol-server,wp-http-polling-protocol-state-machine,911570,0.2532138888888889,108.93684972222225,0,0,0,0,0,0
2026-05-23T08:15:00Z,protocol-server,wp-http-polling-protocol-state-machine,898178,0.24949388888888888,109.18634361111114,0,0,0,0,0,0
2026-05-23T08:30:00Z,protocol-server,wp-http-polling-protocol-state-machine,913236,0.25367666666666666,109.4400202777778,0,0,0,0,0,0
2026-05-23T08:45:00Z,protocol-server,wp-http-polling-protocol-state-machine,907932,0.25220333333333333,109.69222361111113,0,0,0,0,0,0
2026-05-23T09:00:00Z,protocol-server,wp-http-polling-protocol-state-machine,902514,0.25069833333333336,109.94292194444446,0,0,0,0,0,0
2026-05-23T09:15:00Z,protocol-server,wp-http-polling-protocol-state-machine,907577,0.25210472222222224,110.19502666666669,0,0,0,0,0,0
2026-05-23T09:30:00Z,protocol-server,wp-http-polling-protocol-state-machine,924806,0.25689055555555557,110.45191722222225,0,0,0,0,0,0
2026-05-23T09:45:00Z,protocol-server,wp-http-polling-protocol-state-machine,161467,0.044851944444444444,110.4967691666667,0,0,0,0,0,0
2026-05-23T10:15:00Z,protocol-server,wp-http-polling-protocol-state-machine,35211,0.009780833333333334,110.50655000000003,0,0,0,0,0,0
2026-05-23T10:30:00Z,protocol-server,wp-http-polling-protocol-state-machine,455837,0.12662138888888888,110.63317138888893,0,0,0,0,0,0
2026-05-23T10:45:00Z,protocol-server,wp-http-polling-protocol-state-machine,902036,0.25056555555555554,110.88373694444448,0,0,0,0,0,0
2026-05-23T11:00:00Z,protocol-server,wp-http-polling-protocol-state-machine,631389,0.17538583333333332,111.05912277777782,0,0,0,0,0,0
2026-05-23T11:30:00Z,protocol-server,wp-http-polling-protocol-state-machine,773488,0.2148577777777778,111.2739805555556,0,0,0,0,0,0
2026-05-23T11:45:00Z,protocol-server,wp-http-polling-protocol-state-machine,892562,0.2479338888888889,111.52191444444449,0,0,0,0,0,0
2026-05-23T12:00:00Z,protocol-server,wp-http-polling-protocol-state-machine,886029,0.24611916666666667,111.76803361111116,0,0,0,0,0,0
2026-05-23T12:30:00Z,protocol-server,wp-http-polling-protocol-state-machine,14490,0.004025,111.77205861111116,0,0,0,0,0,0
2026-05-23T13:15:00Z,protocol-server,wp-http-polling-protocol-state-machine,14279,0.003966388888888889,111.77602500000005,0,0,0,0,0,0
2026-05-23T13:30:00Z,protocol-server,wp-http-polling-protocol-state-machine,736193,0.20449805555555556,111.98052305555561,0,0,0,0,0,0
2026-05-23T13:45:00Z,protocol-server,wp-http-polling-protocol-state-machine,900224,0.25006222222222224,112.23058527777783,0,0,0,0,0,0
2026-05-23T14:00:00Z,protocol-server,wp-http-polling-protocol-state-machine,915423,0.25428416666666664,112.4848694444445,0,0,0,0,0,0
2026-05-23T14:15:00Z,protocol-server,wp-http-polling-protocol-state-machine,913329,0.2537025,112.7385719444445,0,0,0,0,0,0
2026-05-23T14:30:00Z,protocol-server,wp-http-polling-protocol-state-machine,900136,0.2500377777777778,112.98860972222228,0,0,0,0,0,0
2026-05-23T14:45:00Z,protocol-server,wp-http-polling-protocol-state-machine,905605,0.25155694444444443,113.24016666666672,0,0,0,0,0,0
2026-05-23T15:00:00Z,protocol-server,wp-http-polling-protocol-state-machine,898864,0.24968444444444443,113.48985111111116,0,0,0,0,0,0
2026-05-23T15:15:00Z,protocol-server,wp-http-polling-protocol-state-machine,522874,0.14524277777777778,113.63509388888895,0,0,0,0,0,0
2026-05-23T15:30:00Z,protocol-server,wp-http-polling-protocol-state-machine,917671,0.2549086111111111,113.89000250000005,0,0,0,0,0,0
2026-05-23T15:45:00Z,protocol-server,wp-http-polling-protocol-state-machine,944795,0.2624430555555556,114.1524455555556,0,0,0,0,0,0
2026-05-23T16:00:00Z,protocol-server,wp-http-polling-protocol-state-machine,905257,0.2514602777777778,114.40390583333338,0,0,0,0,0,0
2026-05-23T16:15:00Z,protocol-server,wp-http-polling-protocol-state-machine,895960,0.24887777777777778,114.65278361111116,0,0,0,0,0,0
2026-05-23T16:30:00Z,protocol-server,wp-http-polling-protocol-state-machine,901565,0.25043472222222224,114.90321833333338,0,0,0,0,0,0
2026-05-23T16:45:00Z,protocol-server,wp-http-polling-protocol-state-machine,919672,0.25546444444444444,115.15868277777783,0,0,0,0,0,0
2026-05-23T17:00:00Z,protocol-server,wp-http-polling-protocol-state-machine,908825,0.2524513888888889,115.41113416666671,0,0,0,0,0,0
2026-05-23T17:15:00Z,protocol-server,wp-http-polling-protocol-state-machine,911361,0.25315583333333336,115.66429000000005,0,0,0,0,0,0
2026-05-23T17:30:00Z,protocol-server,wp-http-polling-protocol-state-machine,904510,0.25125277777777777,115.91554277777783,0,0,0,0,0,0
2026-05-23T17:45:00Z,protocol-server,wp-http-polling-protocol-state-machine,928187,0.2578297222222222,116.17337250000006,0,0,0,0,0,0
2026-05-23T18:00:00Z,protocol-server,wp-http-polling-protocol-state-machine,872666,0.24240722222222222,116.41577972222228,0,0,0,0,0,0
2026-05-23T18:15:00Z,protocol-server,wp-http-polling-protocol-state-machine,933442,0.25928944444444446,116.67506916666673,0,0,0,0,0,0
2026-05-23T18:30:00Z,protocol-server,wp-http-polling-protocol-state-machine,899301,0.24980583333333334,116.92487500000007,0,0,0,0,0,0
2026-05-23T18:45:00Z,protocol-server,wp-http-polling-protocol-state-machine,924468,0.2567966666666667,117.18167166666674,0,0,0,0,0,0
2026-05-23T19:00:00Z,protocol-server,wp-http-polling-protocol-state-machine,884278,0.24563277777777778,117.42730444444452,0,0,0,0,0,0
2026-05-23T19:15:00Z,protocol-server,wp-http-polling-protocol-state-machine,1003012,0.27861444444444444,117.70591888888896,0,0,0,0,0,0
2026-05-23T19:30:00Z,protocol-server,wp-http-polling-protocol-state-machine,885484,0.24596777777777779,117.95188666666674,0,0,0,0,0,0
2026-05-23T19:45:00Z,protocol-server,wp-http-polling-protocol-state-machine,961811,0.26716972222222224,118.21905638888896,0,0,0,0,0,0
2026-05-23T20:00:00Z,protocol-server,wp-http-polling-protocol-state-machine,908124,0.2522566666666667,118.47131305555563,0,0,0,0,0,0
2026-05-23T20:15:00Z,protocol-server,wp-http-polling-protocol-state-machine,921929,0.2560913888888889,118.72740444444452,0,0,0,0,0,0
2026-05-23T20:30:00Z,protocol-server,wp-http-polling-protocol-state-machine,902875,0.2507986111111111,118.97820305555562,0,0,0,0,0,0
2026-05-23T20:45:00Z,protocol-server,wp-http-polling-protocol-state-machine,898740,0.24965,119.22785305555563,0,0,0,0,0,0
2026-05-23T21:00:00Z,protocol-server,wp-http-polling-protocol-state-machine,907777,0.2521602777777778,119.4800133333334,0,0,0,0,0,0
2026-05-23T21:15:00Z,protocol-server,wp-http-polling-protocol-state-machine,939940,0.26109444444444446,119.74110777777784,0,0,0,0,0,0
2026-05-23T21:30:00Z,protocol-server,wp-http-polling-protocol-state-machine,870477,0.24179916666666668,119.98290694444451,0,0,0,0,0,0
2026-05-23T21:45:00Z,protocol-server,wp-http-polling-protocol-state-machine,936987,0.26027416666666664,120.24318111111117,0,0,0,0,0,0
2026-05-23T22:00:00Z,protocol-server,wp-http-polling-protocol-state-machine,966455,0.2684597222222222,120.51164083333339,0,0,0,0,0,0
2026-05-23T22:15:00Z,protocol-server,wp-http-polling-protocol-state-machine,906287,0.2517463888888889,120.76338722222228,0,0,0,0,0,0
2026-05-23T22:30:00Z,protocol-server,wp-http-polling-protocol-state-machine,924224,0.2567288888888889,121.02011611111116,0,0,0,0,0,0
2026-05-23T22:45:00Z,protocol-server,wp-http-polling-protocol-state-machine,983737,0.2732602777777778,121.29337638888894,0,0,0,0,0,0
2026-05-23T23:00:00Z,protocol-server,wp-http-polling-protocol-state-machine,873599,0.2426663888888889,121.53604277777784,0,0,0,0,0,0
2026-05-23T23:15:00Z,protocol-server,wp-http-polling-protocol-state-machine,924790,0.2568861111111111,121.79292888888895,0,0,0,0,0,0
2026-05-23T23:30:00Z,protocol-server,wp-http-polling-protocol-state-machine,922782,0.2563283333333333,122.04925722222228,0,0,0,0,0,0
2026-05-23T23:45:00Z,protocol-server,wp-http-polling-protocol-state-machine,888680,0.24685555555555555,122.29611277777784,0,0,0,0,0,0
2026-05-24T00:00:00Z,protocol-server,wp-http-polling-protocol-state-machine,598073,0.1661313888888889,122.46224416666672,0,0,0,0,0,0
2026-05-24T02:45:00Z,protocol-server,wp-http-polling-protocol-state-machine,13164,0.0036566666666666666,122.4659008333334,0,0,0,0,0,0
2026-05-24T03:15:00Z,protocol-server,wp-http-polling-protocol-state-machine,14979,0.004160833333333333,122.47006166666672,0,0,0,0,0,0
2026-05-24T03:45:00Z,protocol-server,wp-http-polling-protocol-state-machine,12761,0.003544722222222222,122.47360638888894,0,0,0,0,0,0
2026-05-24T04:15:00Z,protocol-server,wp-http-polling-protocol-state-machine,720240,0.20006666666666667,122.67367305555561,0,0,0,0,0,0
2026-05-24T04:30:00Z,protocol-server,wp-http-polling-protocol-state-machine,634891,0.17635861111111112,122.85003166666672,0,0,0,0,0,0
2026-05-24T04:45:00Z,protocol-server,wp-http-polling-protocol-state-machine,13246,0.0036794444444444444,122.85371111111117,0,0,0,0,0,0
2026-05-24T05:00:00Z,protocol-server,wp-http-polling-protocol-state-machine,13666,0.003796111111111111,122.85750722222228,0,0,0,0,0,0
2026-05-24T05:15:00Z,protocol-server,wp-http-polling-protocol-state-machine,744526,0.2068127777777778,123.06432000000007,0,0,0,0,0,0
2026-05-24T05:30:00Z,protocol-server,wp-http-polling-protocol-state-machine,920013,0.25555916666666667,123.31987916666674,0,0,0,0,0,0
2026-05-24T05:45:00Z,protocol-server,wp-http-polling-protocol-state-machine,907761,0.25215583333333336,123.57203500000007,0,0,0,0,0,0
2026-05-24T06:00:00Z,protocol-server,wp-http-polling-protocol-state-machine,923520,0.25653333333333334,123.82856833333341,0,0,0,0,0,0
2026-05-24T06:15:00Z,protocol-server,wp-http-polling-protocol-state-machine,915586,0.25432944444444444,124.08289777777786,0,0,0,0,0,0
2026-05-24T06:30:00Z,protocol-server,wp-http-polling-protocol-state-machine,899627,0.24989638888888888,124.33279416666674,0,0,0,0,0,0
2026-05-24T06:45:00Z,protocol-server,wp-http-polling-protocol-state-machine,939456,0.26096,124.59375416666674,0,0,0,0,0,0
2026-05-24T07:00:00Z,protocol-server,wp-http-polling-protocol-state-machine,902808,0.25078,124.84453416666675,0,0,0,0,0,0
2026-05-24T07:15:00Z,protocol-server,wp-http-polling-protocol-state-machine,893438,0.24817722222222222,125.09271138888897,0,0,0,0,0,0
2026-05-24T07:30:00Z,protocol-server,wp-http-polling-protocol-state-machine,939096,0.26086,125.35357138888897,0,0,0,0,0,0
2026-05-24T07:45:00Z,protocol-server,wp-http-polling-protocol-state-machine,883849,0.2455136111111111,125.59908500000007,0,0,0,0,0,0
2026-05-24T08:00:00Z,protocol-server,wp-http-polling-protocol-state-machine,900446,0.25012388888888887,125.84920888888897,0,0,0,0,0,0
2026-05-24T08:15:00Z,protocol-server,wp-http-polling-protocol-state-machine,900605,0.25016805555555555,126.09937694444453,0,0,0,0,0,0
2026-05-24T08:30:00Z,protocol-server,wp-http-polling-protocol-state-machine,905179,0.2514386111111111,126.35081555555564,0,0,0,0,0,0
2026-05-24T08:45:00Z,protocol-server,wp-http-polling-protocol-state-machine,754189,0.20949694444444444,126.56031250000008,0,0,0,0,0,0
2026-05-24T09:00:00Z,protocol-server,wp-http-polling-protocol-state-machine,155913,0.04330916666666667,126.60362166666674,0,0,0,0,0,0
2026-05-24T09:30:00Z,protocol-server,wp-http-polling-protocol-state-machine,36854,0.010237222222222222,126.61385888888896,0,0,0,0,0,0
2026-05-24T10:00:00Z,protocol-server,wp-http-polling-protocol-state-machine,13017,0.0036158333333333333,126.61747472222228,0,0,0,0,0,0
2026-05-24T10:45:00Z,protocol-server,wp-http-polling-protocol-state-machine,18184,0.005051111111111111,126.6225258333334,0,0,0,0,0,0
2026-05-24T11:15:00Z,protocol-server,wp-http-polling-protocol-state-machine,13087,0.0036352777777777776,126.62616111111117,0,0,0,0,0,0
2026-05-24T12:00:00Z,protocol-server,wp-http-polling-protocol-state-machine,16124,0.004478888888888889,126.63064000000006,0,0,0,0,0,0
2026-05-24T12:30:00Z,protocol-server,wp-http-polling-protocol-state-machine,395663,0.10990638888888889,126.74054638888894,0,0,0,0,0,0
2026-05-24T12:45:00Z,protocol-server,wp-http-polling-protocol-state-machine,902162,0.25060055555555555,126.9911469444445,0,0,0,0,0,0
2026-05-24T13:00:00Z,protocol-server,wp-http-polling-protocol-state-machine,915701,0.2543613888888889,127.24550833333339,0,0,0,0,0,0
2026-05-24T13:15:00Z,protocol-server,wp-http-polling-protocol-state-machine,914149,0.25393027777777777,127.49943861111117,0,0,0,0,0,0
2026-05-24T13:30:00Z,protocol-server,wp-http-polling-protocol-state-machine,898414,0.24955944444444444,127.74899805555562,0,0,0,0,0,0
2026-05-24T13:45:00Z,protocol-server,wp-http-polling-protocol-state-machine,912227,0.2533963888888889,128.00239444444452,0,0,0,0,0,0
2026-05-24T14:00:00Z,protocol-server,wp-http-polling-protocol-state-machine,897562,0.24932277777777778,128.2517172222223,0,0,0,0,0,0
2026-05-24T14:15:00Z,protocol-server,wp-http-polling-protocol-state-machine,918152,0.2550422222222222,128.50675944444453,0,0,0,0,0,0
2026-05-24T14:30:00Z,protocol-server,wp-http-polling-protocol-state-machine,886983,0.24638416666666665,128.7531436111112,0,0,0,0,0,0
2026-05-24T14:45:00Z,protocol-server,wp-http-polling-protocol-state-machine,912177,0.2533825,129.00652611111119,0,0,0,0,0,0
2026-05-24T15:00:00Z,protocol-server,wp-http-polling-protocol-state-machine,912038,0.25334388888888887,129.25987000000006,0,0,0,0,0,0
2026-05-24T15:15:00Z,protocol-server,wp-http-polling-protocol-state-machine,911566,0.2532127777777778,129.51308277777784,0,0,0,0,0,0
2026-05-24T15:30:00Z,protocol-server,wp-http-polling-protocol-state-machine,917779,0.2549386111111111,129.76802138888894,0,0,0,0,0,0
2026-05-24T15:45:00Z,protocol-server,wp-http-polling-protocol-state-machine,907967,0.25221305555555557,130.0202344444445,0,0,0,0,0,0
2026-05-24T16:00:00Z,protocol-server,wp-http-polling-protocol-state-machine,897128,0.24920222222222221,130.2694366666667,0,0,0,0,0,0
2026-05-24T16:15:00Z,protocol-server,wp-http-polling-protocol-state-machine,902018,0.25056055555555556,130.51999722222226,0,0,0,0,0,0
2026-05-24T16:30:00Z,protocol-server,wp-http-polling-protocol-state-machine,904591,0.25127527777777775,130.77127250000004,0,0,0,0,0,0
2026-05-24T16:45:00Z,protocol-server,wp-http-polling-protocol-state-machine,910322,0.25286722222222224,131.02413972222226,0,0,0,0,0,0
2026-05-24T17:00:00Z,protocol-server,wp-http-polling-protocol-state-machine,901664,0.2504622222222222,131.27460194444447,0,0,0,0,0,0
2026-05-24T17:15:00Z,protocol-server,wp-http-polling-protocol-state-machine,921375,0.2559375,131.53053944444446,0,0,0,0,0,0
2026-05-24T17:30:00Z,protocol-server,wp-http-polling-protocol-state-machine,903302,0.25091722222222224,131.78145666666668,0,0,0,0,0,0
2026-05-24T17:45:00Z,protocol-server,wp-http-polling-protocol-state-machine,907512,0.2520866666666667,132.03354333333334,0,0,0,0,0,0
2026-05-24T18:00:00Z,protocol-server,wp-http-polling-protocol-state-machine,905611,0.2515586111111111,132.28510194444445,0,0,0,0,0,0
2026-05-24T18:15:00Z,protocol-server,wp-http-polling-protocol-state-machine,892593,0.2479425,132.53304444444444,0,0,0,0,0,0
2026-05-24T18:30:00Z,protocol-server,wp-http-polling-protocol-state-machine,902381,0.2506613888888889,132.78370583333333,0,0,0,0,0,0
2026-05-24T18:45:00Z,protocol-server,wp-http-polling-protocol-state-machine,918051,0.25501416666666665,133.03871999999998,0,0,0,0,0,0
2026-05-24T19:00:00Z,protocol-server,wp-http-polling-protocol-state-machine,893962,0.24832277777777778,133.28704277777777,0,0,0,0,0,0
2026-05-24T19:15:00Z,protocol-server,wp-http-polling-protocol-state-machine,929367,0.2581575,133.54520027777778,0,0,0,0,0,0
2026-05-24T19:30:00Z,protocol-server,wp-http-polling-protocol-state-machine,889974,0.247215,133.7924152777778,0,0,0,0,0,0
2026-05-24T19:45:00Z,protocol-server,wp-http-polling-protocol-state-machine,899734,0.2499261111111111,134.0423413888889,0,0,0,0,0,0
2026-05-24T20:00:00Z,protocol-server,wp-http-polling-protocol-state-machine,901447,0.25040194444444447,134.29274333333333,0,0,0,0,0,0
2026-05-24T20:15:00Z,protocol-server,wp-http-polling-protocol-state-machine,914101,0.25391694444444446,134.5466602777778,0,0,0,0,0,0
2026-05-24T20:30:00Z,protocol-server,wp-http-polling-protocol-state-machine,888493,0.2468036111111111,134.7934638888889,0,0,0,0,0,0
2026-05-24T20:45:00Z,protocol-server,wp-http-polling-protocol-state-machine,910654,0.25295944444444446,135.04642333333337,0,0,0,0,0,0
2026-05-24T21:00:00Z,protocol-server,wp-http-polling-protocol-state-machine,908699,0.2524163888888889,135.29883972222225,0,0,0,0,0,0
2026-05-24T21:15:00Z,protocol-server,wp-http-polling-protocol-state-machine,907208,0.25200222222222224,135.55084194444447,0,0,0,0,0,0
2026-05-24T21:30:00Z,protocol-server,wp-http-polling-protocol-state-machine,917333,0.25481472222222223,135.8056566666667,0,0,0,0,0,0
2026-05-24T21:45:00Z,protocol-server,wp-http-polling-protocol-state-machine,893591,0.24821972222222222,136.0538763888889,0,0,0,0,0,0
2026-05-24T22:00:00Z,protocol-server,wp-http-polling-protocol-state-machine,904315,0.25119861111111114,136.30507500000002,0,0,0,0,0,0
2026-05-24T22:15:00Z,protocol-server,wp-http-polling-protocol-state-machine,908812,0.25244777777777777,136.5575227777778,0,0,0,0,0,0
2026-05-24T22:30:00Z,protocol-server,wp-http-polling-protocol-state-machine,917704,0.2549177777777778,136.81244055555558,0,0,0,0,0,0
2026-05-24T22:45:00Z,protocol-server,wp-http-polling-protocol-state-machine,891533,0.24764805555555555,137.06008861111113,0,0,0,0,0,0
2026-05-24T23:00:00Z,protocol-server,wp-http-polling-protocol-state-machine,905159,0.25143305555555556,137.3115216666667,0,0,0,0,0,0
2026-05-24T23:15:00Z,protocol-server,wp-http-polling-protocol-state-machine,897077,0.24918805555555557,137.56070972222224,0,0,0,0,0,0
2026-05-24T23:30:00Z,protocol-server,wp-http-polling-protocol-state-machine,924841,0.2569002777777778,137.81761000000003,0,0,0,0,0,0
2026-05-24T23:45:00Z,protocol-server,wp-http-polling-protocol-state-machine,898884,0.24969,138.06730000000002,0,0,0,0,0,0
2026-05-25T00:00:00Z,protocol-server,wp-http-polling-protocol-state-machine,900904,0.2502511111111111,138.31755111111113,0,0,0,0,0,0
2026-05-25T00:15:00Z,protocol-server,wp-http-polling-protocol-state-machine,895031,0.24861972222222223,138.56617083333336,0,0,0,0,0,0
2026-05-25T00:30:00Z,protocol-server,wp-http-polling-protocol-state-machine,902478,0.25068833333333335,138.8168591666667,0,0,0,0,0,0
2026-05-25T00:45:00Z,protocol-server,wp-http-polling-protocol-state-machine,909264,0.2525733333333333,139.06943250000003,0,0,0,0,0,0
2026-05-25T01:00:00Z,protocol-server,wp-http-polling-protocol-state-machine,902564,0.2507122222222222,139.32014472222227,0,0,0,0,0,0
2026-05-25T01:15:00Z,protocol-server,wp-http-polling-protocol-state-machine,913447,0.25373527777777777,139.57388000000003,0,0,0,0,0,0
2026-05-25T01:30:00Z,protocol-server,wp-http-polling-protocol-state-machine,924330,0.2567583333333333,139.83063833333335,0,0,0,0,0,0
2026-05-25T01:45:00Z,protocol-server,wp-http-polling-protocol-state-machine,887900,0.24663888888888888,140.07727722222225,0,0,0,0,0,0
2026-05-25T02:00:00Z,protocol-server,wp-http-polling-protocol-state-machine,909014,0.2525038888888889,140.32978111111115,0,0,0,0,0,0
2026-05-25T02:15:00Z,protocol-server,wp-http-polling-protocol-state-machine,107719,0.029921944444444445,140.3597030555556,0,0,0,0,0,0
2026-05-25T02:45:00Z,protocol-server,wp-http-polling-protocol-state-machine,93686,0.026023888888888888,140.38572694444449,0,0,0,0,0,0
2026-05-25T03:00:00Z,protocol-server,wp-http-polling-protocol-state-machine,900709,0.25019694444444446,140.63592388888893,0,0,0,0,0,0
2026-05-25T03:15:00Z,protocol-server,wp-http-polling-protocol-state-machine,916109,0.2544747222222222,140.89039861111115,0,0,0,0,0,0
2026-05-25T03:30:00Z,protocol-server,wp-http-polling-protocol-state-machine,904018,0.2511161111111111,141.14151472222227,0,0,0,0,0,0
2026-05-25T03:45:00Z,protocol-server,wp-http-polling-protocol-state-machine,924920,0.2569222222222222,141.39843694444448,0,0,0,0,0,0
2026-05-25T04:00:00Z,protocol-server,wp-http-polling-protocol-state-machine,904388,0.2512188888888889,141.64965583333338,0,0,0,0,0,0
2026-05-25T04:15:00Z,protocol-server,wp-http-polling-protocol-state-machine,212023,0.058895277777777776,141.70855111111115,0,0,0,0,0,0
2026-05-25T04:45:00Z,protocol-server,wp-http-polling-protocol-state-machine,15474,0.004298333333333334,141.7128494444445,0,0,0,0,0,0
2026-05-25T05:30:00Z,protocol-server,wp-http-polling-protocol-state-machine,14082,0.003911666666666667,141.71676111111114,0,0,0,0,0,0
2026-05-25T05:45:00Z,protocol-server,wp-http-polling-protocol-state-machine,14769,0.0041025,141.72086361111113,0,0,0,0,0,0
2026-05-25T06:15:00Z,protocol-server,wp-http-polling-protocol-state-machine,13585,0.0037736111111111113,141.72463722222224,0,0,0,0,0,0
2026-05-25T06:45:00Z,protocol-server,wp-http-polling-protocol-state-machine,29028,0.008063333333333334,141.73270055555557,0,0,0,0,0,0
2026-05-25T07:15:00Z,protocol-server,wp-http-polling-protocol-state-machine,828520,0.23014444444444446,141.96284500000002,0,0,0,0,0,0
2026-05-25T07:30:00Z,protocol-server,wp-http-polling-protocol-state-machine,502173,0.1394925,142.1023375,0,0,0,0,0,0
2026-05-25T08:15:00Z,protocol-server,wp-http-polling-protocol-state-machine,840631,0.2335086111111111,142.33584611111112,0,0,0,0,0,0
2026-05-25T08:30:00Z,protocol-server,wp-http-polling-protocol-state-machine,538288,0.14952444444444443,142.48537055555556,0,0,0,0,0,0
2026-05-25T08:45:00Z,protocol-server,wp-http-polling-protocol-state-machine,30928,0.008591111111111112,142.49396166666668,0,0,0,0,0,0
2026-05-25T09:30:00Z,protocol-server,wp-http-polling-protocol-state-machine,16631,0.004619722222222222,142.4985813888889,0,0,0,0,0,0
2026-05-25T10:15:00Z,protocol-server,wp-http-polling-protocol-state-machine,14797,0.004110277777777778,142.5026916666667,0,0,0,0,0,0
2026-05-25T10:45:00Z,protocol-server,wp-http-polling-protocol-state-machine,16609,0.004613611111111111,142.50730527777782,0,0,0,0,0,0
2026-05-25T11:00:00Z,protocol-server,wp-http-polling-protocol-state-machine,14068,0.003907777777777777,142.5112130555556,0,0,0,0,0,0
2026-05-25T11:45:00Z,protocol-server,wp-http-polling-protocol-state-machine,21209,0.005891388888888889,142.5171044444445,0,0,0,0,0,0
2026-05-25T12:15:00Z,protocol-server,wp-http-polling-protocol-state-machine,48495,0.013470833333333333,142.53057527777784,0,0,0,0,0,0
2026-05-25T12:30:00Z,protocol-server,wp-http-polling-protocol-state-machine,902166,0.25060166666666667,142.7811769444445,0,0,0,0,0,0
2026-05-25T12:45:00Z,protocol-server,wp-http-polling-protocol-state-machine,887608,0.24655777777777776,143.02773472222228,0,0,0,0,0,0
2026-05-25T13:00:00Z,protocol-server,wp-http-polling-protocol-state-machine,909180,0.25255,143.2802847222223,0,0,0,0,0,0
2026-05-25T13:15:00Z,protocol-server,wp-http-polling-protocol-state-machine,905216,0.2514488888888889,143.53173361111118,0,0,0,0,0,0
2026-05-25T13:30:00Z,protocol-server,wp-http-polling-protocol-state-machine,890608,0.24739111111111112,143.7791247222223,0,0,0,0,0,0
2026-05-25T13:45:00Z,protocol-server,wp-http-polling-protocol-state-machine,908013,0.2522258333333333,144.03135055555563,0,0,0,0,0,0
2026-05-25T14:00:00Z,protocol-server,wp-http-polling-protocol-state-machine,919652,0.2554588888888889,144.28680944444451,0,0,0,0,0,0
2026-05-25T14:15:00Z,protocol-server,wp-http-polling-protocol-state-machine,888248,0.24673555555555557,144.53354500000006,0,0,0,0,0,0
2026-05-25T14:30:00Z,protocol-server,wp-http-polling-protocol-state-machine,897822,0.249395,144.78294000000005,0,0,0,0,0,0
2026-05-25T14:45:00Z,protocol-server,wp-http-polling-protocol-state-machine,914937,0.25414916666666665,145.03708916666673,0,0,0,0,0,0
2026-05-25T15:00:00Z,protocol-server,wp-http-polling-protocol-state-machine,897233,0.24923138888888888,145.28632055555562,0,0,0,0,0,0
2026-05-25T15:15:00Z,protocol-server,wp-http-polling-protocol-state-machine,902790,0.250775,145.53709555555562,0,0,0,0,0,0
2026-05-25T15:30:00Z,protocol-server,wp-http-polling-protocol-state-machine,935094,0.25974833333333336,145.79684388888896,0,0,0,0,0,0
2026-05-25T15:45:00Z,protocol-server,wp-http-polling-protocol-state-machine,903624,0.25100666666666666,146.0478505555556,0,0,0,0,0,0
2026-05-25T16:00:00Z,protocol-server,wp-http-polling-protocol-state-machine,891343,0.2475952777777778,146.2954458333334,0,0,0,0,0,0
2026-05-25T16:15:00Z,protocol-server,wp-http-polling-protocol-state-machine,909635,0.2526763888888889,146.54812222222228,0,0,0,0,0,0
2026-05-25T16:30:00Z,protocol-server,wp-http-polling-protocol-state-machine,891070,0.24751944444444443,146.7956416666667,0,0,0,0,0,0
2026-05-25T16:45:00Z,protocol-server,wp-http-polling-protocol-state-machine,955681,0.26546694444444446,147.06110861111117,0,0,0,0,0,0
2026-05-25T17:00:00Z,protocol-server,wp-http-polling-protocol-state-machine,889361,0.24704472222222223,147.3081533333334,0,0,0,0,0,0
2026-05-25T17:15:00Z,protocol-server,wp-http-polling-protocol-state-machine,890848,0.24745777777777778,147.55561111111118,0,0,0,0,0,0
2026-05-25T17:30:00Z,protocol-server,wp-http-polling-protocol-state-machine,917699,0.2549163888888889,147.81052750000006,0,0,0,0,0,0
2026-05-25T17:45:00Z,protocol-server,wp-http-polling-protocol-state-machine,880629,0.24461916666666667,148.05514666666673,0,0,0,0,0,0
2026-05-25T18:00:00Z,protocol-server,wp-http-polling-protocol-state-machine,920021,0.2555613888888889,148.3107080555556,0,0,0,0,0,0
2026-05-25T18:15:00Z,protocol-server,wp-http-polling-protocol-state-machine,923901,0.25663916666666664,148.56734722222228,0,0,0,0,0,0
2026-05-25T18:30:00Z,protocol-server,wp-http-polling-protocol-state-machine,893742,0.24826166666666666,148.81560888888896,0,0,0,0,0,0
2026-05-25T18:45:00Z,protocol-server,wp-http-polling-protocol-state-machine,917667,0.2549075,149.07051638888896,0,0,0,0,0,0
2026-05-25T19:00:00Z,protocol-server,wp-http-polling-protocol-state-machine,893796,0.24827666666666667,149.31879305555563,0,0,0,0,0,0
2026-05-25T19:15:00Z,protocol-server,wp-http-polling-protocol-state-machine,909747,0.2527075,149.57150055555564,0,0,0,0,0,0
2026-05-25T19:30:00Z,protocol-server,wp-http-polling-protocol-state-machine,914456,0.25401555555555555,149.8255161111112,0,0,0,0,0,0
2026-05-25T19:45:00Z,protocol-server,wp-http-polling-protocol-state-machine,898785,0.2496625,150.0751786111112,0,0,0,0,0,0
2026-05-25T20:00:00Z,protocol-server,wp-http-polling-protocol-state-machine,941081,0.2614113888888889,150.3365900000001,0,0,0,0,0,0
2026-05-25T20:15:00Z,protocol-server,wp-http-polling-protocol-state-machine,919093,0.2553036111111111,150.5918936111112,0,0,0,0,0,0
2026-05-25T20:30:00Z,protocol-server,wp-http-polling-protocol-state-machine,907411,0.2520586111111111,150.84395222222233,0,0,0,0,0,0
2026-05-25T20:45:00Z,protocol-server,wp-http-polling-protocol-state-machine,921439,0.25595527777777777,151.09990750000011,0,0,0,0,0,0
2026-05-25T21:00:00Z,protocol-server,wp-http-polling-protocol-state-machine,890663,0.24740638888888888,151.347313888889,0,0,0,0,0,0
2026-05-25T21:15:00Z,protocol-server,wp-http-polling-protocol-state-machine,894494,0.24847055555555556,151.59578444444455,0,0,0,0,0,0
2026-05-25T21:30:00Z,protocol-server,wp-http-polling-protocol-state-machine,914940,0.25415,151.84993444444456,0,0,0,0,0,0
2026-05-25T21:45:00Z,protocol-server,wp-http-polling-protocol-state-machine,888236,0.24673222222222221,152.09666666666678,0,0,0,0,0,0
2026-05-25T22:00:00Z,protocol-server,wp-http-polling-protocol-state-machine,895826,0.24884055555555556,152.34550722222232,0,0,0,0,0,0
2026-05-25T22:15:00Z,protocol-server,wp-http-polling-protocol-state-machine,900679,0.2501886111111111,152.59569583333342,0,0,0,0,0,0
2026-05-25T22:30:00Z,protocol-server,wp-http-polling-protocol-state-machine,892959,0.24804416666666668,152.84374000000008,0,0,0,0,0,0
2026-05-25T22:45:00Z,protocol-server,wp-http-polling-protocol-state-machine,910980,0.25305,153.09679000000008,0,0,0,0,0,0
2026-05-25T23:00:00Z,protocol-server,wp-http-polling-protocol-state-machine,904779,0.2513275,153.3481175000001,0,0,0,0,0,0
2026-05-25T23:15:00Z,protocol-server,wp-http-polling-protocol-state-machine,892830,0.24800833333333333,153.59612583333342,0,0,0,0,0,0
2026-05-25T23:30:00Z,protocol-server,wp-http-polling-protocol-state-machine,905393,0.25149805555555554,153.84762388888896,0,0,0,0,0,0
2026-05-25T23:45:00Z,protocol-server,wp-http-polling-protocol-state-machine,886435,0.24623194444444443,154.0938558333334,0,0,0,0,0,0
2026-05-26T00:00:00Z,protocol-server,wp-http-polling-protocol-state-machine,911444,0.2531788888888889,154.3470347222223,0,0,0,0,0,0
2026-05-26T00:15:00Z,protocol-server,wp-http-polling-protocol-state-machine,891922,0.24775611111111112,154.5947908333334,0,0,0,0,0,0
2026-05-26T00:30:00Z,protocol-server,wp-http-polling-protocol-state-machine,909885,0.25274583333333334,154.84753666666674,0,0,0,0,0,0
2026-05-26T00:45:00Z,protocol-server,wp-http-polling-protocol-state-machine,913075,0.2536319444444444,155.10116861111118,0,0,0,0,0,0
2026-05-26T01:00:00Z,protocol-server,wp-http-polling-protocol-state-machine,893963,0.24832305555555556,155.34949166666672,0,0,0,0,0,0
2026-05-26T01:15:00Z,protocol-server,wp-http-polling-protocol-state-machine,904382,0.2512172222222222,155.60070888888893,0,0,0,0,0,0
2026-05-26T01:30:00Z,protocol-server,wp-http-polling-protocol-state-machine,891623,0.24767305555555555,155.8483819444445,0,0,0,0,0,0
2026-05-26T01:45:00Z,protocol-server,wp-http-polling-protocol-state-machine,907779,0.25216083333333333,156.10054277777783,0,0,0,0,0,0
2026-05-26T02:00:00Z,protocol-server,wp-http-polling-protocol-state-machine,886919,0.2463663888888889,156.34690916666673,0,0,0,0,0,0
2026-05-26T02:15:00Z,protocol-server,wp-http-polling-protocol-state-machine,916912,0.2546977777777778,156.6016069444445,0,0,0,0,0,0
2026-05-26T02:30:00Z,protocol-server,wp-http-polling-protocol-state-machine,884041,0.24556694444444443,156.84717388888896,0,0,0,0,0,0
2026-05-26T02:45:00Z,protocol-server,wp-http-polling-protocol-state-machine,914447,0.25401305555555553,157.10118694444452,0,0,0,0,0,0
2026-05-26T03:00:00Z,protocol-server,wp-http-polling-protocol-state-machine,891206,0.24755722222222223,157.34874416666673,0,0,0,0,0,0
2026-05-26T03:15:00Z,protocol-server,wp-http-polling-protocol-state-machine,903865,0.2510736111111111,157.59981777777784,0,0,0,0,0,0
2026-05-26T03:30:00Z,protocol-server,wp-http-polling-protocol-state-machine,903402,0.250945,157.85076277777785,0,0,0,0,0,0
2026-05-26T03:45:00Z,protocol-server,wp-http-polling-protocol-state-machine,887927,0.2466463888888889,158.09740916666672,0,0,0,0,0,0
2026-05-26T04:00:00Z,protocol-server,wp-http-polling-protocol-state-machine,891736,0.24770444444444445,158.34511361111117,0,0,0,0,0,0
2026-05-26T04:15:00Z,protocol-server,wp-http-polling-protocol-state-machine,918793,0.2552202777777778,158.60033388888894,0,0,0,0,0,0
2026-05-26T04:30:00Z,protocol-server,wp-http-polling-protocol-state-machine,892231,0.24784194444444443,158.84817583333339,0,0,0,0,0,0
2026-05-26T04:45:00Z,protocol-server,wp-http-polling-protocol-state-machine,901130,0.2503138888888889,159.09848972222227,0,0,0,0,0,0
2026-05-26T05:00:00Z,protocol-server,wp-http-polling-protocol-state-machine,891770,0.2477138888888889,159.34620361111115,0,0,0,0,0,0
2026-05-26T05:15:00Z,protocol-server,wp-http-polling-protocol-state-machine,899070,0.24974166666666667,159.59594527777782,0,0,0,0,0,0
2026-05-26T05:30:00Z,protocol-server,wp-http-polling-protocol-state-machine,911809,0.2532802777777778,159.8492255555556,0,0,0,0,0,0
2026-05-26T05:45:00Z,protocol-server,wp-http-polling-protocol-state-machine,885909,0.24608583333333334,160.09531138888892,0,0,0,0,0,0
2026-05-26T06:00:00Z,protocol-server,wp-http-polling-protocol-state-machine,901156,0.2503211111111111,160.34563250000002,0,0,0,0,0,0
2026-05-26T06:15:00Z,protocol-server,wp-http-polling-protocol-state-machine,898437,0.24956583333333332,160.59519833333334,0,0,0,0,0,0
2026-05-26T06:30:00Z,protocol-server,wp-http-polling-protocol-state-machine,87684,0.024356666666666665,160.61955500000002,0,0,0,0,0,0
2026-05-26T06:45:00Z,protocol-server,wp-http-polling-protocol-state-machine,237843,0.0660675,160.68562250000002,0,0,0,0,0,0
2026-05-26T07:45:00Z,protocol-server,wp-http-polling-protocol-state-machine,13825,0.003840277777777778,160.6894627777778,0,0,0,0,0,0
2026-05-26T08:15:00Z,protocol-server,wp-http-polling-protocol-state-machine,267472,0.07429777777777778,160.7637605555556,0,0,0,0,0,0
2026-05-26T08:30:00Z,protocol-server,wp-http-polling-protocol-state-machine,14425,0.004006944444444444,160.76776750000005,0,0,0,0,0,0
2026-05-26T09:15:00Z,protocol-server,wp-http-polling-protocol-state-machine,14448,0.004013333333333333,160.7717808333334,0,0,0,0,0,0
2026-05-26T10:00:00Z,protocol-server,wp-http-polling-protocol-state-machine,14256,0.00396,160.7757408333334,0,0,0,0,0,0
2026-05-26T10:15:00Z,protocol-server,wp-http-polling-protocol-state-machine,250643,0.06962305555555555,160.84536388888895,0,0,0,0,0,0
2026-05-26T10:45:00Z,protocol-server,wp-http-polling-protocol-state-machine,13333,0.003703611111111111,160.84906750000007,0,0,0,0,0,0
2026-05-26T11:15:00Z,protocol-server,wp-http-polling-protocol-state-machine,17827,0.004951944444444445,160.85401944444453,0,0,0,0,0,0
2026-05-26T11:45:00Z,protocol-server,wp-http-polling-protocol-state-machine,14279,0.003966388888888889,160.85798583333343,0,0,0,0,0,0
2026-05-26T13:00:00Z,protocol-server,wp-http-polling-protocol-state-machine,15789,0.004385833333333334,160.86237166666677,0,0,0,0,0,0
2026-05-26T13:30:00Z,protocol-server,wp-http-polling-protocol-state-machine,14069,0.003908055555555555,160.86627972222232,0,0,0,0,0,0
2026-05-26T14:15:00Z,protocol-server,wp-http-polling-protocol-state-machine,433,1.2027777777777777e-4,160.86640000000008,0,0,0,0,0,0
2026-05-26T15:00:00Z,protocol-server,wp-http-polling-protocol-state-machine,14418,0.004005,160.8704050000001,0,0,0,0,0,0
2026-05-26T15:45:00Z,protocol-server,wp-http-polling-protocol-state-machine,14294,0.003970555555555555,160.87437555555564,0,0,0,0,0,0
2026-05-26T17:15:00Z,protocol-server,wp-http-polling-protocol-state-machine,14069,0.003908055555555555,160.8782836111112,0,0,0,0,0,0
2026-05-26T17:30:00Z,protocol-server,wp-http-polling-protocol-state-machine,260329,0.0723136111111111,160.95059722222229,0,0,0,0,0,0
2026-05-26T18:00:00Z,protocol-server,wp-http-polling-protocol-state-machine,17278,0.004799444444444445,160.95539666666673,0,0,0,0,0,0
2026-05-26T18:45:00Z,protocol-server,wp-http-polling-protocol-state-machine,13956,0.0038766666666666667,160.95927333333339,0,0,0,0,0,0
2026-05-26T19:15:00Z,protocol-server,wp-http-polling-protocol-state-machine,3052,8.477777777777778e-4,160.96012111111116,0,0,0,0,0,0
2026-05-26T20:00:00Z,protocol-server,wp-http-polling-protocol-state-machine,14239,0.003955277777777778,160.96407638888894,0,0,0,0,0,0
2026-05-26T20:30:00Z,protocol-server,wp-http-polling-protocol-state-machine,415,1.1527777777777777e-4,160.96419166666672,0,0,0,0,0,0
2026-05-26T21:00:00Z,protocol-server,wp-http-polling-protocol-state-machine,14479,0.004021944444444444,160.96821361111117,0,0,0,0,0,0
2026-05-26T21:30:00Z,protocol-server,wp-http-polling-protocol-state-machine,13887,0.0038575,160.97207111111118,0,0,0,0,0,0
2026-05-26T22:15:00Z,protocol-server,wp-http-polling-protocol-state-machine,14232,0.003953333333333333,160.9760244444445,0,0,0,0,0,0
2026-05-26T22:45:00Z,protocol-server,wp-http-polling-protocol-state-machine,31101,0.008639166666666667,160.98466361111116,0,0,0,0,0,0
2026-05-26T23:30:00Z,protocol-server,wp-http-polling-protocol-state-machine,15475,0.004298611111111111,160.98896222222228,0,0,0,0,0,0
2026-05-27T00:00:00Z,protocol-server,wp-http-polling-protocol-state-machine,29971,0.008325277777777777,160.99728750000006,0,0,0,0,0,0
2026-05-27T00:45:00Z,protocol-server,wp-http-polling-protocol-state-machine,13317,0.0036991666666666666,161.00098666666673,0,0,0,0,0,0
2026-05-27T01:30:00Z,protocol-server,wp-http-polling-protocol-state-machine,14978,0.004160555555555555,161.0051472222223,0,0,0,0,0,0
2026-05-27T02:00:00Z,protocol-server,wp-http-polling-protocol-state-machine,14646,0.0040683333333333335,161.0092155555556,0,0,0,0,0,0
2026-05-27T02:30:00Z,protocol-server,wp-http-polling-protocol-state-machine,305728,0.08492444444444444,161.09414000000007,0,0,0,0,0,0
2026-05-27T02:45:00Z,protocol-server,wp-http-polling-protocol-state-machine,311214,0.08644833333333334,161.1805883333334,0,0,0,0,0,0
2026-05-27T03:30:00Z,protocol-server,wp-http-polling-protocol-state-machine,14922,0.004145,161.18473333333338,0,0,0,0,0,0
2026-05-27T04:15:00Z,protocol-server,wp-http-polling-protocol-state-machine,20243,0.005623055555555556,161.19035638888894,0,0,0,0,0,0
2026-05-27T04:45:00Z,protocol-server,wp-http-polling-protocol-state-machine,16603,0.0046119444444444446,161.19496833333338,0,0,0,0,0,0
2026-05-27T05:15:00Z,protocol-server,wp-http-polling-protocol-state-machine,16505,0.004584722222222222,161.1995530555556,0,0,0,0,0,0
2026-05-27T05:45:00Z,protocol-server,wp-http-polling-protocol-state-machine,13874,0.003853888888888889,161.2034069444445,0,0,0,0,0,0
2026-05-27T06:00:00Z,protocol-server,wp-http-polling-protocol-state-machine,17017,0.004726944444444444,161.20813388888897,0,0,0,0,0,0
2026-05-27T06:45:00Z,protocol-server,wp-http-polling-protocol-state-machine,14112,0.00392,161.21205388888896,0,0,0,0,0,0
2026-05-27T07:30:00Z,protocol-server,wp-http-polling-protocol-state-machine,15439,0.004288611111111111,161.21634250000008,0,0,0,0,0,0
2026-05-27T08:15:00Z,protocol-server,wp-http-polling-protocol-state-machine,15962,0.004433888888888889,161.22077638888896,0,0,0,0,0,0
2026-05-27T08:45:00Z,protocol-server,wp-http-polling-protocol-state-machine,16054,0.004459444444444445,161.22523583333341,0,0,0,0,0,0
2026-05-27T09:45:00Z,protocol-server,wp-http-polling-protocol-state-machine,13135,0.003648611111111111,161.22888444444453,0,0,0,0,0,0
2026-05-27T10:15:00Z,protocol-server,wp-http-polling-protocol-state-machine,246026,0.06834055555555556,161.29722500000008,0,0,0,0,0,0
2026-05-27T11:00:00Z,protocol-server,wp-http-polling-protocol-state-machine,13761,0.0038225,161.3010475000001,0,0,0,0,0,0
2026-05-27T11:45:00Z,protocol-server,wp-http-polling-protocol-state-machine,15416,0.004282222222222222,161.30532972222233,0,0,0,0,0,0
2026-05-27T12:15:00Z,protocol-server,wp-http-polling-protocol-state-machine,16182,0.004495,161.30982472222232,0,0,0,0,0,0
2026-05-27T12:45:00Z,protocol-server,wp-http-polling-protocol-state-machine,14233,0.003953611111111111,161.31377833333343,0,0,0,0,0,0
2026-05-27T13:30:00Z,protocol-server,wp-http-polling-protocol-state-machine,43745,0.012151388888888889,161.32592972222233,0,0,0,0,0,0
2026-05-27T14:00:00Z,protocol-server,wp-http-polling-protocol-state-machine,56662,0.015739444444444445,161.34166916666678,0,0,0,0,0,0
2026-05-27T14:45:00Z,protocol-server,wp-http-polling-protocol-state-machine,13613,0.003781388888888889,161.34545055555566,0,0,0,0,0,0
2026-05-27T15:15:00Z,protocol-server,wp-http-polling-protocol-state-machine,14104,0.003917777777777778,161.34936833333344,0,0,0,0,0,0
2026-05-27T16:00:00Z,protocol-server,wp-http-polling-protocol-state-machine,28263,0.007850833333333333,161.35721916666677,0,0,0,0,0,0
2026-05-27T16:15:00Z,protocol-server,wp-http-polling-protocol-state-machine,14331,0.003980833333333334,161.3612000000001,0,0,0,0,0,0
2026-05-27T16:30:00Z,protocol-server,wp-http-polling-protocol-state-machine,248571,0.0690475,161.43024750000012,0,0,0,0,0,0
2026-05-27T17:00:00Z,protocol-server,wp-http-polling-protocol-state-machine,14225,0.003951388888888889,161.434198888889,0,0,0,0,0,0
2026-05-27T17:15:00Z,protocol-server,wp-http-polling-protocol-state-machine,14149,0.003930277777777778,161.43812916666678,0,0,0,0,0,0
2026-05-27T17:45:00Z,protocol-server,wp-http-polling-protocol-state-machine,14005,0.0038902777777777777,161.44201944444455,0,0,0,0,0,0
2026-05-27T18:15:00Z,protocol-server,wp-http-polling-protocol-state-machine,14078,0.003910555555555555,161.44593000000012,0,0,0,0,0,0
2026-05-27T18:45:00Z,protocol-server,wp-http-polling-protocol-state-machine,13932,0.00387,161.44980000000012,0,0,0,0,0,0
2026-05-27T19:00:00Z,protocol-server,wp-http-polling-protocol-state-machine,15096,0.004193333333333334,161.45399333333347,0,0,0,0,0,0
2026-05-27T19:30:00Z,protocol-server,wp-http-polling-protocol-state-machine,13896,0.00386,161.45785333333347,0,0,0,0,0,0
2026-05-27T20:00:00Z,protocol-server,wp-http-polling-protocol-state-machine,15719,0.004366388888888889,161.46221972222236,0,0,0,0,0,0
2026-05-27T21:00:00Z,protocol-server,wp-http-polling-protocol-state-machine,15444,0.00429,161.46650972222236,0,0,0,0,0,0
2026-05-27T21:30:00Z,protocol-server,wp-http-polling-protocol-state-machine,27641,0.007678055555555555,161.4741877777779,0,0,0,0,0,0
2026-05-27T21:45:00Z,protocol-server,wp-http-polling-protocol-state-machine,13861,0.003850277777777778,161.4780380555557,0,0,0,0,0,0
2026-05-27T22:00:00Z,protocol-server,wp-http-polling-protocol-state-machine,14825,0.004118055555555555,161.48215611111124,0,0,0,0,0,0
2026-05-27T22:45:00Z,protocol-server,wp-http-polling-protocol-state-machine,14800,0.004111111111111111,161.48626722222235,0,0,0,0,0,0
2026-05-27T23:15:00Z,protocol-server,wp-http-polling-protocol-state-machine,13865,0.003851388888888889,161.49011861111123,0,0,0,0,0,0
2026-05-27T23:30:00Z,protocol-server,wp-http-polling-protocol-state-machine,269754,0.07493166666666666,161.56505027777789,0,0,0,0,0,0
2026-05-27T23:45:00Z,protocol-server,wp-http-polling-protocol-state-machine,13936,0.003871111111111111,161.568921388889,0,0,0,0,0,0
2026-05-28T00:30:00Z,protocol-server,wp-http-polling-protocol-state-machine,14012,0.0038922222222222223,161.57281361111123,0,0,0,0,0,0
2026-05-28T01:15:00Z,protocol-server,wp-http-polling-protocol-state-machine,14279,0.003966388888888889,161.57678000000013,0,0,0,0,0,0
2026-05-28T01:45:00Z,protocol-server,wp-http-polling-protocol-state-machine,14261,0.003961388888888889,161.580741388889,0,0,0,0,0,0
2026-05-28T02:15:00Z,protocol-server,wp-http-polling-protocol-state-machine,14823,0.0041175,161.58485888888902,0,0,0,0,0,0
2026-05-28T03:00:00Z,protocol-server,wp-http-polling-protocol-state-machine,13625,0.0037847222222222223,161.58864361111125,0,0,0,0,0,0
2026-05-28T03:45:00Z,protocol-server,wp-http-polling-protocol-state-machine,14929,0.004146944444444444,161.5927905555557,0,0,0,0,0,0
2026-05-28T04:15:00Z,protocol-server,wp-http-polling-protocol-state-machine,14892,0.004136666666666667,161.59692722222235,0,0,0,0,0,0
2026-05-28T04:45:00Z,protocol-server,wp-http-polling-protocol-state-machine,21527,0.005979722222222222,161.60290694444458,0,0,0,0,0,0
2026-05-28T05:30:00Z,protocol-server,wp-http-polling-protocol-state-machine,16618,0.004616111111111111,161.6075230555557,0,0,0,0,0,0
2026-05-28T06:00:00Z,protocol-server,wp-http-polling-protocol-state-machine,240704,0.06686222222222223,161.67438527777793,0,0,0,0,0,0
2026-05-28T06:45:00Z,protocol-server,wp-http-polling-protocol-state-machine,15385,0.004273611111111111,161.67865888888903,0,0,0,0,0,0
2026-05-28T07:30:00Z,protocol-server,wp-http-polling-protocol-state-machine,13509,0.0037525,161.68241138888902,0,0,0,0,0,0
2026-05-28T08:00:00Z,protocol-server,wp-http-polling-protocol-state-machine,13355,0.0037097222222222223,161.68612111111125,0,0,0,0,0,0
2026-05-28T08:15:00Z,protocol-server,wp-http-polling-protocol-state-machine,36668,0.010185555555555555,161.6963066666668,0,0,0,0,0,0
2026-05-28T08:30:00Z,protocol-server,wp-http-polling-protocol-state-machine,13857,0.0038491666666666665,161.70015583333347,0,0,0,0,0,0
2026-05-28T09:15:00Z,protocol-server,wp-http-polling-protocol-state-machine,13869,0.0038525,161.70400833333346,0,0,0,0,0,0
2026-05-28T09:45:00Z,protocol-server,wp-http-polling-protocol-state-machine,13295,0.0036930555555555558,161.707701388889,0,0,0,0,0,0
2026-05-28T10:15:00Z,protocol-server,wp-http-polling-protocol-state-machine,13827,0.0038408333333333333,161.71154222222233,0,0,0,0,0,0
2026-05-28T10:45:00Z,protocol-server,wp-http-polling-protocol-state-machine,14070,0.003908333333333333,161.71545055555566,0,0,0,0,0,0
2026-05-28T11:15:00Z,protocol-server,wp-http-polling-protocol-state-machine,14342,0.003983888888888889,161.71943444444454,0,0,0,0,0,0
2026-05-28T11:45:00Z,protocol-server,wp-http-polling-protocol-state-machine,13594,0.003776111111111111,161.72321055555565,0,0,0,0,0,0
2026-05-28T12:30:00Z,protocol-server,wp-http-polling-protocol-state-machine,17634,0.0048983333333333335,161.72810888888898,0,0,0,0,0,0
2026-05-28T13:00:00Z,protocol-server,wp-http-polling-protocol-state-machine,13138,0.0036494444444444443,161.73175833333343,0,0,0,0,0,0
2026-05-28T13:45:00Z,protocol-server,wp-http-polling-protocol-state-machine,14064,0.003906666666666667,161.7356650000001,0,0,0,0,0,0
2026-05-28T14:15:00Z,protocol-server,wp-http-polling-protocol-state-machine,14162,0.003933888888888889,161.739598888889,0,0,0,0,0,0
2026-05-28T15:30:00Z,protocol-server,wp-http-polling-protocol-state-machine,13901,0.003861388888888889,161.74346027777787,0,0,0,0,0,0
2026-05-28T16:30:00Z,protocol-server,wp-http-polling-protocol-state-machine,13115,0.0036430555555555556,161.74710333333343,0,0,0,0,0,0
2026-05-28T17:15:00Z,protocol-server,wp-http-polling-protocol-state-machine,13886,0.0038572222222222224,161.75096055555565,0,0,0,0,0,0
2026-05-28T17:45:00Z,protocol-server,wp-http-polling-protocol-state-machine,13838,0.003843888888888889,161.75480444444455,0,0,0,0,0,0
2026-05-28T18:15:00Z,protocol-server,wp-http-polling-protocol-state-machine,27982,0.007772777777777778,161.76257722222232,0,0,0,0,0,0
2026-05-28T19:00:00Z,protocol-server,wp-http-polling-protocol-state-machine,15199,0.004221944444444445,161.76679916666677,0,0,0,0,0,0
2026-05-28T19:30:00Z,protocol-server,wp-http-polling-protocol-state-machine,26641,0.007400277777777778,161.77419944444455,0,0,0,0,0,0
2026-05-28T20:15:00Z,protocol-server,wp-http-polling-protocol-state-machine,108943,0.030261944444444445,161.804461388889,0,0,0,0,0,0
2026-05-28T20:45:00Z,protocol-server,wp-http-polling-protocol-state-machine,15266,0.004240555555555556,161.80870194444455,0,0,0,0,0,0
2026-05-28T21:30:00Z,protocol-server,wp-http-polling-protocol-state-machine,14399,0.003999722222222222,161.81270166666678,0,0,0,0,0,0
2026-05-28T22:00:00Z,protocol-server,wp-http-polling-protocol-state-machine,15761,0.004378055555555555,161.81707972222233,0,0,0,0,0,0
2026-05-28T22:30:00Z,protocol-server,wp-http-polling-protocol-state-machine,15259,0.004238611111111111,161.82131833333344,0,0,0,0,0,0
2026-05-28T23:00:00Z,protocol-server,wp-http-polling-protocol-state-machine,13798,0.003832777777777778,161.8251511111112,0,0,0,0,0,0
2026-05-28T23:30:00Z,protocol-server,wp-http-polling-protocol-state-machine,14170,0.003936111111111111,161.8290872222223,0,0,0,0,0,0
2026-05-29T00:15:00Z,protocol-server,wp-http-polling-protocol-state-machine,16442,0.0045672222222222225,161.83365444444453,0,0,0,0,0,0
2026-05-29T00:45:00Z,protocol-server,wp-http-polling-protocol-state-machine,14508,0.00403,161.83768444444453,0,0,0,0,0,0
2026-05-29T01:15:00Z,protocol-server,wp-http-polling-protocol-state-machine,15003,0.0041675,161.84185194444453,0,0,0,0,0,0
2026-05-29T02:00:00Z,protocol-server,wp-http-polling-protocol-state-machine,15277,0.004243611111111111,161.84609555555565,0,0,0,0,0,0
2026-05-29T02:30:00Z,protocol-server,wp-http-polling-protocol-state-machine,14065,0.003906944444444445,161.8500025000001,0,0,0,0,0,0
2026-05-29T03:15:00Z,protocol-server,wp-http-polling-protocol-state-machine,14418,0.004005,161.8540075000001,0,0,0,0,0,0
2026-05-29T04:00:00Z,protocol-server,wp-http-polling-protocol-state-machine,20904,0.005806666666666667,161.85981416666678,0,0,0,0,0,0
2026-05-29T04:30:00Z,protocol-server,wp-http-polling-protocol-state-machine,13734,0.003815,161.86362916666678,0,0,0,0,0,0
2026-05-29T05:00:00Z,protocol-server,wp-http-polling-protocol-state-machine,15628,0.004341111111111111,161.86797027777789,0,0,0,0,0,0
2026-05-29T05:30:00Z,protocol-server,wp-http-polling-protocol-state-machine,28475,0.0079097222222222225,161.8758800000001,0,0,0,0,0,0
2026-06-26T04:30:00Z,protocol-server,wp-http-polling-protocol-state-machine,9046,0.002512777777777778,161.8783927777779,0,0,0,0,0,0
2026-06-26T04:45:00Z,protocol-server,wp-http-polling-protocol-state-machine,3518,9.772222222222222e-4,161.8793700000001,0,0,0,0,0,0
2026-06-26T06:30:00Z,protocol-server,wp-http-polling-protocol-state-machine,114822,0.031895,161.9112650000001,0,0,0,0,0,0
2026-06-26T06:45:00Z,protocol-server,wp-http-polling-protocol-state-machine,900624,0.25017333333333336,162.16143833333342,0,0,0,0,0,0
2026-06-26T07:00:00Z,protocol-server,wp-http-polling-protocol-state-machine,895672,0.24879777777777778,162.4102361111112,0,0,0,0,0,0
2026-06-26T07:15:00Z,protocol-server,wp-http-polling-protocol-state-machine,898464,0.24957333333333334,162.65980944444453,0,0,0,0,0,0
2026-06-26T07:30:00Z,protocol-server,wp-http-polling-protocol-state-machine,900435,0.25012083333333335,162.90993027777787,0,0,0,0,0,0
2026-06-26T07:45:00Z,protocol-server,wp-http-polling-protocol-state-machine,898151,0.24948638888888888,163.15941666666677,0,0,0,0,0,0
2026-06-26T08:00:00Z,protocol-server,wp-http-polling-protocol-state-machine,896638,0.2490661111111111,163.4084827777779,0,0,0,0,0,0
2026-06-26T08:15:00Z,protocol-server,wp-http-polling-protocol-state-machine,898426,0.24956277777777777,163.65804555555567,0,0,0,0,0,0
2026-06-26T08:30:00Z,protocol-server,wp-http-polling-protocol-state-machine,897359,0.24926638888888888,163.90731194444456,0,0,0,0,0,0
2026-06-26T08:45:00Z,protocol-server,wp-http-polling-protocol-state-machine,899171,0.2497697222222222,164.15708166666678,0,0,0,0,0,0
2026-06-26T09:00:00Z,protocol-server,wp-http-polling-protocol-state-machine,898241,0.24951138888888888,164.40659305555567,0,0,0,0,0,0
2026-06-26T09:15:00Z,protocol-server,wp-http-polling-protocol-state-machine,900450,0.250125,164.65671805555567,0,0,0,0,0,0
2026-06-26T09:30:00Z,protocol-server,wp-http-polling-protocol-state-machine,897126,0.24920166666666665,164.90591972222234,0,0,0,0,0,0
2026-06-26T09:45:00Z,protocol-server,wp-http-polling-protocol-state-machine,900416,0.25011555555555554,165.1560352777779,0,0,0,0,0,0
2026-06-26T10:00:00Z,protocol-server,wp-http-polling-protocol-state-machine,896752,0.24909777777777778,165.4051330555557,0,0,0,0,0,0
2026-06-26T10:15:00Z,protocol-server,wp-http-polling-protocol-state-machine,899089,0.24974694444444445,165.65488000000013,0,0,0,0,0,0
2026-06-26T10:30:00Z,protocol-server,wp-http-polling-protocol-state-machine,898035,0.24945416666666667,165.9043341666668,0,0,0,0,0,0
2026-06-26T10:45:00Z,protocol-server,wp-http-polling-protocol-state-machine,897616,0.24933777777777777,166.1536719444446,0,0,0,0,0,0
2026-06-26T11:00:00Z,protocol-server,wp-http-polling-protocol-state-machine,900234,0.250065,166.4037369444446,0,0,0,0,0,0
2026-06-26T11:15:00Z,protocol-server,wp-http-polling-protocol-state-machine,896458,0.2490161111111111,166.6527530555557,0,0,0,0,0,0
2026-06-26T11:30:00Z,protocol-server,wp-http-polling-protocol-state-machine,899224,0.24978444444444445,166.90253750000016,0,0,0,0,0,0
2026-06-26T11:45:00Z,protocol-server,wp-http-polling-protocol-state-machine,899249,0.24979138888888888,167.15232888888906,0,0,0,0,0,0
2026-06-26T12:00:00Z,protocol-server,wp-http-polling-protocol-state-machine,898288,0.24952444444444444,167.4018533333335,0,0,0,0,0,0
2026-06-26T12:15:00Z,protocol-server,wp-http-polling-protocol-state-machine,896816,0.24911555555555556,167.65096888888905,0,0,0,0,0,0
2026-06-26T12:30:00Z,protocol-server,wp-http-polling-protocol-state-machine,899518,0.24986611111111112,167.90083500000017,0,0,0,0,0,0
2026-06-26T12:45:00Z,protocol-server,wp-http-polling-protocol-state-machine,898848,0.24968,168.15051500000018,0,0,0,0,0,0
2026-06-26T13:00:00Z,protocol-server,wp-http-polling-protocol-state-machine,900406,0.2501127777777778,168.40062777777797,0,0,0,0,0,0
2026-06-26T13:15:00Z,protocol-server,wp-http-polling-protocol-state-machine,897062,0.2491838888888889,168.64981166666686,0,0,0,0,0,0
2026-06-26T13:30:00Z,protocol-server,wp-http-polling-protocol-state-machine,897031,0.2491752777777778,168.89898694444463,0,0,0,0,0,0
2026-06-26T13:45:00Z,protocol-server,wp-http-polling-protocol-state-machine,900917,0.2502547222222222,169.14924166666685,0,0,0,0,0,0
2026-06-26T14:00:00Z,protocol-server,wp-http-polling-protocol-state-machine,896879,0.24913305555555557,169.3983747222224,0,0,0,0,0,0
2026-06-26T14:15:00Z,protocol-server,wp-http-polling-protocol-state-machine,898062,0.24946166666666666,169.64783638888906,0,0,0,0,0,0
2026-06-26T14:30:00Z,protocol-server,wp-http-polling-protocol-state-machine,899515,0.24986527777777778,169.89770166666685,0,0,0,0,0,0
2026-06-26T14:45:00Z,protocol-server,wp-http-polling-protocol-state-machine,899543,0.24987305555555556,170.1475747222224,0,0,0,0,0,0
2026-06-26T15:00:00Z,protocol-server,wp-http-polling-protocol-state-machine,898062,0.24946166666666666,170.39703638888906,0,0,0,0,0,0
2026-06-26T15:15:00Z,protocol-server,wp-http-polling-protocol-state-machine,897282,0.249245,170.64628138888907,0,0,0,0,0,0
2026-06-26T15:30:00Z,protocol-server,wp-http-polling-protocol-state-machine,897926,0.2494238888888889,170.89570527777795,0,0,0,0,0,0
2026-06-26T15:45:00Z,protocol-server,wp-http-polling-protocol-state-machine,899044,0.24973444444444445,171.1454397222224,0,0,0,0,0,0
2026-06-26T16:00:00Z,protocol-server,wp-http-polling-protocol-state-machine,899719,0.24992194444444443,171.39536166666684,0,0,0,0,0,0
2026-06-26T16:15:00Z,protocol-server,wp-http-polling-protocol-state-machine,898874,0.24968722222222223,171.64504888888908,0,0,0,0,0,0
2026-06-26T16:30:00Z,protocol-server,wp-http-polling-protocol-state-machine,897458,0.2492938888888889,171.89434277777798,0,0,0,0,0,0
2026-06-26T16:45:00Z,protocol-server,wp-http-polling-protocol-state-machine,899900,0.24997222222222223,172.1443150000002,0,0,0,0,0,0
2026-06-26T17:00:00Z,protocol-server,wp-http-polling-protocol-state-machine,900300,0.2500833333333333,172.39439833333353,0,0,0,0,0,0
2026-06-26T17:15:00Z,protocol-server,wp-http-polling-protocol-state-machine,896153,0.24893138888888888,172.6433297222224,0,0,0,0,0,0
2026-06-26T17:30:00Z,protocol-server,wp-http-polling-protocol-state-machine,900194,0.2500538888888889,172.8933836111113,0,0,0,0,0,0
2026-06-26T17:45:00Z,protocol-server,wp-http-polling-protocol-state-machine,898875,0.2496875,173.14307111111128,0,0,0,0,0,0
2026-06-26T18:00:00Z,protocol-server,wp-http-polling-protocol-state-machine,897786,0.249385,173.39245611111127,0,0,0,0,0,0
2026-06-26T18:15:00Z,protocol-server,wp-http-polling-protocol-state-machine,899575,0.24988194444444445,173.6423380555557,0,0,0,0,0,0
2026-06-26T18:30:00Z,protocol-server,wp-http-polling-protocol-state-machine,896385,0.24899583333333333,173.89133388888905,0,0,0,0,0,0
2026-06-26T18:45:00Z,protocol-server,wp-http-polling-protocol-state-machine,899780,0.24993888888888888,174.14127277777794,0,0,0,0,0,0
2026-06-26T19:00:00Z,protocol-server,wp-http-polling-protocol-state-machine,900295,0.2500819444444444,174.3913547222224,0,0,0,0,0,0
2026-06-26T19:15:00Z,protocol-server,wp-http-polling-protocol-state-machine,895590,0.248775,174.64012972222238,0,0,0,0,0,0
2026-06-26T19:30:00Z,protocol-server,wp-http-polling-protocol-state-machine,900322,0.2500894444444444,174.89021916666684,0,0,0,0,0,0
2026-06-26T19:45:00Z,protocol-server,wp-http-polling-protocol-state-machine,897555,0.24932083333333332,175.13954000000018,0,0,0,0,0,0
2026-06-26T20:00:00Z,protocol-server,wp-http-polling-protocol-state-machine,899615,0.24989305555555555,175.38943305555574,0,0,0,0,0,0
2026-06-26T20:15:00Z,protocol-server,wp-http-polling-protocol-state-machine,899130,0.24975833333333333,175.6391913888891,0,0,0,0,0,0
2026-06-26T20:30:00Z,protocol-server,wp-http-polling-protocol-state-machine,897045,0.24917916666666667,175.88837055555575,0,0,0,0,0,0
2026-06-26T20:45:00Z,protocol-server,wp-http-polling-protocol-state-machine,898536,0.24959333333333333,176.1379638888891,0,0,0,0,0,0
2026-06-26T21:00:00Z,protocol-server,wp-http-polling-protocol-state-machine,898216,0.24950444444444445,176.38746833333354,0,0,0,0,0,0
2026-06-26T21:15:00Z,protocol-server,wp-http-polling-protocol-state-machine,898149,0.24948583333333332,176.63695416666687,0,0,0,0,0,0
2026-06-26T21:30:00Z,protocol-server,wp-http-polling-protocol-state-machine,900120,0.25003333333333333,176.8869875000002,0,0,0,0,0,0
2026-06-26T21:45:00Z,protocol-server,wp-http-polling-protocol-state-machine,896327,0.24897972222222223,177.13596722222243,0,0,0,0,0,0
2026-06-26T22:00:00Z,protocol-server,wp-http-polling-protocol-state-machine,901314,0.250365,177.38633222222242,0,0,0,0,0,0
2026-06-26T22:15:00Z,protocol-server,wp-http-polling-protocol-state-machine,895733,0.24881472222222223,177.63514694444464,0,0,0,0,0,0
2026-06-26T22:30:00Z,protocol-server,wp-http-polling-protocol-state-machine,899567,0.2498797222222222,177.88502666666687,0,0,0,0,0,0
2026-06-26T22:45:00Z,protocol-server,wp-http-polling-protocol-state-machine,900143,0.2500397222222222,178.1350663888891,0,0,0,0,0,0
2026-06-26T23:00:00Z,protocol-server,wp-http-polling-protocol-state-machine,898531,0.24959194444444444,178.38465833333353,0,0,0,0,0,0
2026-06-26T23:15:00Z,protocol-server,wp-http-polling-protocol-state-machine,898416,0.24956,178.63421833333354,0,0,0,0,0,0
2026-06-26T23:30:00Z,protocol-server,wp-http-polling-protocol-state-machine,897283,0.24924527777777777,178.88346361111132,0,0,0,0,0,0
2026-06-26T23:45:00Z,protocol-server,wp-http-polling-protocol-state-machine,897680,0.24935555555555555,179.13281916666688,0,0,0,0,0,0
2026-06-27T00:00:00Z,protocol-server,wp-http-polling-protocol-state-machine,900983,0.25027305555555557,179.38309222222244,0,0,0,0,0,0
2026-06-27T00:15:00Z,protocol-server,wp-http-polling-protocol-state-machine,895623,0.24878416666666667,179.6318763888891,0,0,0,0,0,0
2026-06-27T00:30:00Z,protocol-server,wp-http-polling-protocol-state-machine,899182,0.2497727777777778,179.88164916666688,0,0,0,0,0,0
2026-06-27T00:45:00Z,protocol-server,wp-http-polling-protocol-state-machine,898944,0.24970666666666666,180.13135583333354,0,0,0,0,0,0
2026-06-27T01:00:00Z,protocol-server,wp-http-polling-protocol-state-machine,897103,0.24919527777777778,180.38055111111132,0,0,0,0,0,0
2026-06-27T01:15:00Z,protocol-server,wp-http-polling-protocol-state-machine,901021,0.25028361111111114,180.63083472222243,0,0,0,0,0,0
2026-06-27T01:30:00Z,protocol-server,wp-http-polling-protocol-state-machine,897955,0.24943194444444444,180.88026666666687,0,0,0,0,0,0
2026-06-27T01:45:00Z,protocol-server,wp-http-polling-protocol-state-machine,897204,0.24922333333333332,181.1294900000002,0,0,0,0,0,0
2026-06-27T02:00:00Z,protocol-server,wp-http-polling-protocol-state-machine,899816,0.2499488888888889,181.3794388888891,0,0,0,0,0,0
2026-06-27T02:15:00Z,protocol-server,wp-http-polling-protocol-state-machine,896372,0.24899222222222223,181.62843111111133,0,0,0,0,0,0
2026-06-27T02:30:00Z,protocol-server,wp-http-polling-protocol-state-machine,899657,0.2499047222222222,181.87833583333355,0,0,0,0,0,0
2026-06-27T02:45:00Z,protocol-server,wp-http-polling-protocol-state-machine,898982,0.24971722222222223,182.12805305555577,0,0,0,0,0,0
2026-06-27T03:00:00Z,protocol-server,wp-http-polling-protocol-state-machine,896350,0.2489861111111111,182.3770391666669,0,0,0,0,0,0
2026-06-27T03:15:00Z,protocol-server,wp-http-polling-protocol-state-machine,898281,0.2495225,182.6265616666669,0,0,0,0,0,0
2026-06-27T03:30:00Z,protocol-server,wp-http-polling-protocol-state-machine,900530,0.25014722222222224,182.8767088888891,0,0,0,0,0,0
2026-06-27T03:45:00Z,protocol-server,wp-http-polling-protocol-state-machine,898370,0.24954722222222223,183.12625611111133,0,0,0,0,0,0
2026-06-27T04:00:00Z,protocol-server,wp-http-polling-protocol-state-machine,898302,0.24952833333333332,183.37578444444466,0,0,0,0,0,0
2026-06-27T04:15:00Z,protocol-server,wp-http-polling-protocol-state-machine,896620,0.24906111111111112,183.62484555555577,0,0,0,0,0,0
2026-06-27T04:30:00Z,protocol-server,wp-http-polling-protocol-state-machine,898016,0.2494488888888889,183.87429444444464,0,0,0,0,0,0
2026-06-27T04:45:00Z,protocol-server,wp-http-polling-protocol-state-machine,901105,0.25030694444444446,184.1246013888891,0,0,0,0,0,0
2026-06-27T05:00:00Z,protocol-server,wp-http-polling-protocol-state-machine,897483,0.24930083333333333,184.37390222222243,0,0,0,0,0,0
2026-06-27T05:15:00Z,protocol-server,wp-http-polling-protocol-state-machine,899683,0.24991194444444445,184.62381416666688,0,0,0,0,0,0
2026-06-27T05:30:00Z,protocol-server,wp-http-polling-protocol-state-machine,897890,0.24941388888888888,184.87322805555576,0,0,0,0,0,0
2026-06-27T05:45:00Z,protocol-server,wp-http-polling-protocol-state-machine,898139,0.24948305555555556,185.1227111111113,0,0,0,0,0,0
2026-06-27T06:00:00Z,protocol-server,wp-http-polling-protocol-state-machine,899444,0.24984555555555554,185.37255666666687,0,0,0,0,0,0
2026-06-27T06:15:00Z,protocol-server,wp-http-polling-protocol-state-machine,896263,0.24896194444444444,185.6215186111113,0,0,0,0,0,0
2026-06-27T06:30:00Z,protocol-server,wp-http-polling-protocol-state-machine,899113,0.2497536111111111,185.87127222222242,0,0,0,0,0,0
2026-06-27T06:45:00Z,protocol-server,wp-http-polling-protocol-state-machine,898772,0.2496588888888889,186.1209311111113,0,0,0,0,0,0
2026-06-27T07:00:00Z,protocol-server,wp-http-polling-protocol-state-machine,898169,0.2494913888888889,186.3704225000002,0,0,0,0,0,0
2026-06-27T07:15:00Z,protocol-server,wp-http-polling-protocol-state-machine,898898,0.24969388888888888,186.62011638888907,0,0,0,0,0,0
2026-06-27T07:30:00Z,protocol-server,wp-http-polling-protocol-state-machine,899217,0.2497825,186.86989888888908,0,0,0,0,0,0
2026-06-27T07:45:00Z,protocol-server,wp-http-polling-protocol-state-machine,896238,0.248955,187.11885388888908,0,0,0,0,0,0
2026-06-27T08:00:00Z,protocol-server,wp-http-polling-protocol-state-machine,901300,0.2503611111111111,187.3692150000002,0,0,0,0,0,0
2026-06-27T08:15:00Z,protocol-server,wp-http-polling-protocol-state-machine,895522,0.24875611111111112,187.6179711111113,0,0,0,0,0,0
2026-06-27T08:30:00Z,protocol-server,wp-http-polling-protocol-state-machine,900470,0.2501305555555556,187.86810166666686,0,0,0,0,0,0
2026-06-27T08:45:00Z,protocol-server,wp-http-polling-protocol-state-machine,897382,0.2492727777777778,188.11737444444464,0,0,0,0,0,0
2026-06-27T09:00:00Z,protocol-server,wp-http-polling-protocol-state-machine,900054,0.250015,188.36738944444463,0,0,0,0,0,0
2026-06-27T09:15:00Z,protocol-server,wp-http-polling-protocol-state-machine,896750,0.24909722222222222,188.61648666666684,0,0,0,0,0,0
2026-06-27T09:30:00Z,protocol-server,wp-http-polling-protocol-state-machine,899987,0.2499963888888889,188.86648305555573,0,0,0,0,0,0
2026-06-27T09:45:00Z,protocol-server,wp-http-polling-protocol-state-machine,897701,0.2493613888888889,189.11584444444463,0,0,0,0,0,0
2026-06-27T10:00:00Z,protocol-server,wp-http-polling-protocol-state-machine,897528,0.24931333333333333,189.36515777777797,0,0,0,0,0,0
2026-06-27T10:15:00Z,protocol-server,wp-http-polling-protocol-state-machine,897579,0.2493275,189.61448527777796,0,0,0,0,0,0
2026-06-27T10:30:00Z,protocol-server,wp-http-polling-protocol-state-machine,897464,0.24929555555555555,189.86378083333352,0,0,0,0,0,0
2026-06-27T10:45:00Z,protocol-server,wp-http-polling-protocol-state-machine,898872,0.24968666666666667,190.11346750000018,0,0,0,0,0,0
2026-06-27T11:00:00Z,protocol-server,wp-http-polling-protocol-state-machine,900291,0.2500808333333333,190.3635483333335,0,0,0,0,0,0
2026-06-27T11:15:00Z,protocol-server,wp-http-polling-protocol-state-machine,898389,0.2495525,190.6131008333335,0,0,0,0,0,0
2026-06-27T11:30:00Z,protocol-server,wp-http-polling-protocol-state-machine,895071,0.24863083333333333,190.86173166666683,0,0,0,0,0,0
2026-06-27T11:45:00Z,protocol-server,wp-http-polling-protocol-state-machine,900096,0.2500266666666667,191.11175833333348,0,0,0,0,0,0
2026-06-27T12:00:00Z,protocol-server,wp-http-polling-protocol-state-machine,898031,0.24945305555555555,191.36121138888905,0,0,0,0,0,0
2026-06-27T12:15:00Z,protocol-server,wp-http-polling-protocol-state-machine,899035,0.24973194444444444,191.6109433333335,0,0,0,0,0,0
2026-06-27T12:30:00Z,protocol-server,wp-http-polling-protocol-state-machine,896823,0.2491175,191.8600608333335,0,0,0,0,0,0
2026-06-27T12:45:00Z,protocol-server,wp-http-polling-protocol-state-machine,896691,0.24908083333333333,192.10914166666683,0,0,0,0,0,0
2026-06-27T13:00:00Z,protocol-server,wp-http-polling-protocol-state-machine,900222,0.2500616666666667,192.35920333333348,0,0,0,0,0,0
2026-06-27T13:15:00Z,protocol-server,wp-http-polling-protocol-state-machine,900389,0.25010805555555554,192.60931138888904,0,0,0,0,0,0
2026-06-27T13:30:00Z,protocol-server,wp-http-polling-protocol-state-machine,899152,0.24976444444444446,192.8590758333335,0,0,0,0,0,0
2026-06-27T13:45:00Z,protocol-server,wp-http-polling-protocol-state-machine,896122,0.24892277777777777,193.10799861111127,0,0,0,0,0,0
2026-06-27T14:00:00Z,protocol-server,wp-http-polling-protocol-state-machine,899710,0.24991944444444444,193.35791805555573,0,0,0,0,0,0
2026-06-27T14:15:00Z,protocol-server,wp-http-polling-protocol-state-machine,899116,0.24975444444444445,193.60767250000018,0,0,0,0,0,0
2026-06-27T14:30:00Z,protocol-server,wp-http-polling-protocol-state-machine,895656,0.24879333333333334,193.85646583333352,0,0,0,0,0,0
2026-06-27T14:45:00Z,protocol-server,wp-http-polling-protocol-state-machine,898400,0.24955555555555556,194.10602138888908,0,0,0,0,0,0
2026-06-27T15:00:00Z,protocol-server,wp-http-polling-protocol-state-machine,897883,0.24941194444444445,194.3554333333335,0,0,0,0,0,0
2026-06-27T15:15:00Z,protocol-server,wp-http-polling-protocol-state-machine,898262,0.24951722222222222,194.60495055555572,0,0,0,0,0,0
2026-06-27T15:30:00Z,protocol-server,wp-http-polling-protocol-state-machine,901182,0.2503283333333333,194.85527888888905,0,0,0,0,0,0
2026-06-27T15:45:00Z,protocol-server,wp-http-polling-protocol-state-machine,896603,0.2490563888888889,195.10433527777795,0,0,0,0,0,0
2026-06-27T16:00:00Z,protocol-server,wp-http-polling-protocol-state-machine,897461,0.2492947222222222,195.35363000000018,0,0,0,0,0,0
2026-06-27T16:15:00Z,protocol-server,wp-http-polling-protocol-state-machine,900172,0.25004777777777776,195.60367777777796,0,0,0,0,0,0
2026-06-27T16:30:00Z,protocol-server,wp-http-polling-protocol-state-machine,899074,0.24974277777777779,195.85342055555574,0,0,0,0,0,0
2026-06-27T16:45:00Z,protocol-server,wp-http-polling-protocol-state-machine,898166,0.24949055555555555,196.1029111111113,0,0,0,0,0,0
2026-06-27T17:00:00Z,protocol-server,wp-http-polling-protocol-state-machine,898002,0.249445,196.3523561111113,0,0,0,0,0,0
2026-06-27T17:15:00Z,protocol-server,wp-http-polling-protocol-state-machine,899516,0.24986555555555556,196.60222166666685,0,0,0,0,0,0
2026-06-27T17:30:00Z,protocol-server,wp-http-polling-protocol-state-machine,898971,0.24971416666666665,196.85193583333353,0,0,0,0,0,0
2026-06-27T17:45:00Z,protocol-server,wp-http-polling-protocol-state-machine,897071,0.2491863888888889,197.10112222222241,0,0,0,0,0,0
2026-06-27T18:00:00Z,protocol-server,wp-http-polling-protocol-state-machine,902056,0.25057111111111113,197.35169333333351,0,0,0,0,0,0
2026-06-27T18:15:00Z,protocol-server,wp-http-polling-protocol-state-machine,896947,0.24915194444444444,197.60084527777795,0,0,0,0,0,0
2026-06-27T18:30:00Z,protocol-server,wp-http-polling-protocol-state-machine,901493,0.2504147222222222,197.85126000000017,0,0,0,0,0,0
2026-06-27T18:45:00Z,protocol-server,wp-http-polling-protocol-state-machine,897496,0.24930444444444444,198.10056444444461,0,0,0,0,0,0
2026-06-27T19:00:00Z,protocol-server,wp-http-polling-protocol-state-machine,897952,0.2494311111111111,198.34999555555572,0,0,0,0,0,0
2026-06-27T19:15:00Z,protocol-server,wp-http-polling-protocol-state-machine,899273,0.24979805555555556,198.59979361111127,0,0,0,0,0,0
2026-06-27T19:30:00Z,protocol-server,wp-http-polling-protocol-state-machine,900506,0.25014055555555553,198.84993416666683,0,0,0,0,0,0
2026-06-27T19:45:00Z,protocol-server,wp-http-polling-protocol-state-machine,896474,0.24902055555555555,199.09895472222237,0,0,0,0,0,0
2026-06-27T20:00:00Z,protocol-server,wp-http-polling-protocol-state-machine,899827,0.24995194444444443,199.3489066666668,0,0,0,0,0,0
2026-06-27T20:15:00Z,protocol-server,wp-http-polling-protocol-state-machine,899799,0.24994416666666666,199.59885083333347,0,0,0,0,0,0
2026-06-27T20:30:00Z,protocol-server,wp-http-polling-protocol-state-machine,897514,0.24930944444444444,199.8481602777779,0,0,0,0,0,0
2026-06-27T20:45:00Z,protocol-server,wp-http-polling-protocol-state-machine,896664,0.24907333333333334,200.09723361111125,0,0,0,0,0,0
2026-06-27T21:00:00Z,protocol-server,wp-http-polling-protocol-state-machine,900475,0.2501319444444444,200.34736555555568,0,0,0,0,0,0
2026-06-27T21:15:00Z,protocol-server,wp-http-polling-protocol-state-machine,899973,0.2499925,200.59735805555567,0,0,0,0,0,0
2026-06-27T21:30:00Z,protocol-server,wp-http-polling-protocol-state-machine,896078,0.24891055555555555,200.84626861111124,0,0,0,0,0,0
2026-06-27T21:45:00Z,protocol-server,wp-http-polling-protocol-state-machine,899609,0.2498913888888889,201.09616000000014,0,0,0,0,0,0
2026-06-27T22:00:00Z,protocol-server,wp-http-polling-protocol-state-machine,899428,0.24984111111111112,201.34600111111126,0,0,0,0,0,0
2026-06-27T22:15:00Z,protocol-server,wp-http-polling-protocol-state-machine,900233,0.2500647222222222,201.59606583333348,0,0,0,0,0,0
2026-06-27T22:30:00Z,protocol-server,wp-http-polling-protocol-state-machine,898154,0.24948722222222222,201.8455530555557,0,0,0,0,0,0
2026-06-27T22:45:00Z,protocol-server,wp-http-polling-protocol-state-machine,898703,0.24963972222222222,202.09519277777792,0,0,0,0,0,0
2026-06-27T23:00:00Z,protocol-server,wp-http-polling-protocol-state-machine,899461,0.24985027777777777,202.3450430555557,0,0,0,0,0,0
2026-06-27T23:15:00Z,protocol-server,wp-http-polling-protocol-state-machine,899191,0.24977527777777778,202.59481833333348,0,0,0,0,0,0
2026-06-27T23:30:00Z,protocol-server,wp-http-polling-protocol-state-machine,898729,0.24964694444444444,202.8444652777779,0,0,0,0,0,0
2026-06-27T23:45:00Z,protocol-server,wp-http-polling-protocol-state-machine,897278,0.24924388888888888,203.0937091666668,0,0,0,0,0,0
2026-06-28T00:00:00Z,protocol-server,wp-http-polling-protocol-state-machine,898373,0.24954805555555556,203.34325722222235,0,0,0,0,0,0
2026-06-28T00:15:00Z,protocol-server,wp-http-polling-protocol-state-machine,899889,0.24996916666666666,203.593226388889,0,0,0,0,0,0
2026-06-28T00:30:00Z,protocol-server,wp-http-polling-protocol-state-machine,896059,0.24890527777777777,203.84213166666677,0,0,0,0,0,0
2026-06-28T00:45:00Z,protocol-server,wp-http-polling-protocol-state-machine,900850,0.2502361111111111,204.0923677777779,0,0,0,0,0,0
2026-06-28T01:00:00Z,protocol-server,wp-http-polling-protocol-state-machine,897050,0.24918055555555554,204.34154833333346,0,0,0,0,0,0
2026-06-28T01:15:00Z,protocol-server,wp-http-polling-protocol-state-machine,898659,0.2496275,204.59117583333347,0,0,0,0,0,0
2026-06-28T01:30:00Z,protocol-server,wp-http-polling-protocol-state-machine,898550,0.24959722222222222,204.8407730555557,0,0,0,0,0,0
2026-06-28T01:45:00Z,protocol-server,wp-http-polling-protocol-state-machine,899605,0.24989027777777778,205.09066333333348,0,0,0,0,0,0
2026-06-28T02:00:00Z,protocol-server,wp-http-polling-protocol-state-machine,897942,0.24942833333333334,205.3400916666668,0,0,0,0,0,0
2026-06-28T02:15:00Z,protocol-server,wp-http-polling-protocol-state-machine,898113,0.24947583333333334,205.58956750000013,0,0,0,0,0,0
2026-06-28T02:30:00Z,protocol-server,wp-http-polling-protocol-state-machine,899221,0.2497836111111111,205.83935111111123,0,0,0,0,0,0
2026-06-28T02:45:00Z,protocol-server,wp-http-polling-protocol-state-machine,898433,0.24956472222222223,206.08891583333346,0,0,0,0,0,0
2026-06-28T03:00:00Z,protocol-server,wp-http-polling-protocol-state-machine,896601,0.24905583333333334,206.3379716666668,0,0,0,0,0,0
2026-06-28T03:15:00Z,protocol-server,wp-http-polling-protocol-state-machine,900432,0.25012,206.5880916666668,0,0,0,0,0,0
2026-06-28T03:30:00Z,protocol-server,wp-http-polling-protocol-state-machine,897379,0.24927194444444445,206.83736361111124,0,0,0,0,0,0
2026-06-28T03:45:00Z,protocol-server,wp-http-polling-protocol-state-machine,899178,0.24977166666666667,207.08713527777792,0,0,0,0,0,0
2026-06-28T04:00:00Z,protocol-server,wp-http-polling-protocol-state-machine,895511,0.24875305555555555,207.3358883333335,0,0,0,0,0,0
2026-06-28T04:15:00Z,protocol-server,wp-http-polling-protocol-state-machine,900719,0.2501997222222222,207.5860880555557,0,0,0,0,0,0
2026-06-28T04:30:00Z,protocol-server,wp-http-polling-protocol-state-machine,898635,0.24962083333333332,207.83570888888903,0,0,0,0,0,0
2026-06-28T04:45:00Z,protocol-server,wp-http-polling-protocol-state-machine,896007,0.24889083333333334,208.08459972222235,0,0,0,0,0,0
2026-06-28T05:00:00Z,protocol-server,wp-http-polling-protocol-state-machine,899704,0.24991777777777777,208.33451750000012,0,0,0,0,0,0
2026-06-28T05:15:00Z,protocol-server,wp-http-polling-protocol-state-machine,896406,0.24900166666666668,208.58351916666678,0,0,0,0,0,0
2026-06-28T05:30:00Z,protocol-server,wp-http-polling-protocol-state-machine,896991,0.24916416666666666,208.83268333333345,0,0,0,0,0,0
2026-06-28T05:45:00Z,protocol-server,wp-http-polling-protocol-state-machine,899398,0.24983277777777776,209.08251611111123,0,0,0,0,0,0
2026-06-28T06:00:00Z,protocol-server,wp-http-polling-protocol-state-machine,897278,0.24924388888888888,209.33176000000012,0,0,0,0,0,0
2026-06-28T06:15:00Z,protocol-server,wp-http-polling-protocol-state-machine,898309,0.24953027777777778,209.5812902777779,0,0,0,0,0,0
2026-06-28T06:30:00Z,protocol-server,wp-http-polling-protocol-state-machine,897886,0.2494127777777778,209.8307030555557,0,0,0,0,0,0
2026-06-28T06:45:00Z,protocol-server,wp-http-polling-protocol-state-machine,897716,0.24936555555555556,210.08006861111124,0,0,0,0,0,0
2026-06-28T07:00:00Z,protocol-server,wp-http-polling-protocol-state-machine,898760,0.24965555555555555,210.3297241666668,0,0,0,0,0,0
2026-06-28T07:15:00Z,protocol-server,wp-http-polling-protocol-state-machine,897967,0.24943527777777777,210.5791594444446,0,0,0,0,0,0
2026-06-28T07:30:00Z,protocol-server,wp-http-polling-protocol-state-machine,897527,0.24931305555555555,210.82847250000015,0,0,0,0,0,0
2026-06-28T07:45:00Z,protocol-server,wp-http-polling-protocol-state-machine,898308,0.24953,211.07800250000014,0,0,0,0,0,0
2026-06-28T08:00:00Z,protocol-server,wp-http-polling-protocol-state-machine,898814,0.24967055555555556,211.3276730555557,0,0,0,0,0,0
2026-06-28T08:15:00Z,protocol-server,wp-http-polling-protocol-state-machine,898225,0.24950694444444443,211.57718000000014,0,0,0,0,0,0
2026-06-28T08:30:00Z,protocol-server,wp-http-polling-protocol-state-machine,899322,0.24981166666666665,211.8269916666668,0,0,0,0,0,0
2026-06-28T08:45:00Z,protocol-server,wp-http-polling-protocol-state-machine,896199,0.24894416666666666,212.07593583333346,0,0,0,0,0,0
2026-06-28T09:00:00Z,protocol-server,wp-http-polling-protocol-state-machine,898935,0.24970416666666667,212.32564000000013,0,0,0,0,0,0
2026-06-28T09:15:00Z,protocol-server,wp-http-polling-protocol-state-machine,897829,0.24939694444444443,212.57503694444458,0,0,0,0,0,0
2026-06-28T09:30:00Z,protocol-server,wp-http-polling-protocol-state-machine,898439,0.24956638888888888,212.82460333333347,0,0,0,0,0,0
2026-06-28T09:45:00Z,protocol-server,wp-http-polling-protocol-state-machine,894484,0.2484677777777778,213.07307111111126,0,0,0,0,0,0
2026-06-28T10:00:00Z,protocol-server,wp-http-polling-protocol-state-machine,897610,0.24933611111111112,213.32240722222238,0,0,0,0,0,0
2026-06-28T10:15:00Z,protocol-server,wp-http-polling-protocol-state-machine,898252,0.24951444444444446,213.57192166666684,0,0,0,0,0,0
2026-06-28T10:30:00Z,protocol-server,wp-http-polling-protocol-state-machine,896276,0.24896555555555555,213.82088722222238,0,0,0,0,0,0
2026-06-28T10:45:00Z,protocol-server,wp-http-polling-protocol-state-machine,895354,0.24870944444444446,214.06959666666683,0,0,0,0,0,0
2026-06-28T11:00:00Z,protocol-server,wp-http-polling-protocol-state-machine,898942,0.2497061111111111,214.31930277777795,0,0,0,0,0,0
2026-06-28T11:15:00Z,protocol-server,wp-http-polling-protocol-state-machine,896693,0.2490813888888889,214.56838416666685,0,0,0,0,0,0
2026-06-28T11:30:00Z,protocol-server,wp-http-polling-protocol-state-machine,895383,0.2487175,214.81710166666684,0,0,0,0,0,0
2026-06-28T11:45:00Z,protocol-server,wp-http-polling-protocol-state-machine,899783,0.24993972222222222,215.06704138888907,0,0,0,0,0,0
2026-06-28T12:00:00Z,protocol-server,wp-http-polling-protocol-state-machine,896684,0.24907888888888888,215.31612027777797,0,0,0,0,0,0
2026-06-28T12:15:00Z,protocol-server,wp-http-polling-protocol-state-machine,894208,0.24839111111111112,215.5645113888891,0,0,0,0,0,0
2026-06-28T12:30:00Z,protocol-server,wp-http-polling-protocol-state-machine,898141,0.24948361111111111,215.8139950000002,0,0,0,0,0,0
2026-06-28T12:45:00Z,protocol-server,wp-http-polling-protocol-state-machine,896760,0.2491,216.0630950000002,0,0,0,0,0,0
2026-06-28T13:00:00Z,protocol-server,wp-http-polling-protocol-state-machine,896183,0.24893972222222222,216.31203472222242,0,0,0,0,0,0
2026-06-28T13:15:00Z,protocol-server,wp-http-polling-protocol-state-machine,894644,0.24851222222222222,216.56054694444464,0,0,0,0,0,0
2026-06-28T13:30:00Z,protocol-server,wp-http-polling-protocol-state-machine,897425,0.24928472222222223,216.80983166666687,0,0,0,0,0,0
2026-06-28T13:45:00Z,protocol-server,wp-http-polling-protocol-state-machine,893641,0.2482336111111111,217.05806527777798,0,0,0,0,0,0
2026-06-28T14:00:00Z,protocol-server,wp-http-polling-protocol-state-machine,896929,0.24914694444444443,217.30721222222243,0,0,0,0,0,0
2026-06-28T14:15:00Z,protocol-server,wp-http-polling-protocol-state-machine,897777,0.2493825,217.55659472222243,0,0,0,0,0,0
2026-06-28T14:30:00Z,protocol-server,wp-http-polling-protocol-state-machine,895075,0.24863194444444445,217.80522666666687,0,0,0,0,0,0
2026-06-28T14:45:00Z,protocol-server,wp-http-polling-protocol-state-machine,897230,0.24923055555555557,218.05445722222242,0,0,0,0,0,0
2026-06-28T15:00:00Z,protocol-server,wp-http-polling-protocol-state-machine,894901,0.2485836111111111,218.30304083333354,0,0,0,0,0,0
2026-06-28T15:15:00Z,protocol-server,wp-http-polling-protocol-state-machine,895145,0.24865138888888888,218.55169222222244,0,0,0,0,0,0
2026-06-28T15:30:00Z,protocol-server,wp-http-polling-protocol-state-machine,897795,0.2493875,218.80107972222245,0,0,0,0,0,0
2026-06-28T15:45:00Z,protocol-server,wp-http-polling-protocol-state-machine,895789,0.24883027777777778,219.04991000000024,0,0,0,0,0,0
2026-06-28T16:00:00Z,protocol-server,wp-http-polling-protocol-state-machine,897939,0.2494275,219.29933750000023,0,0,0,0,0,0
2026-06-28T16:15:00Z,protocol-server,wp-http-polling-protocol-state-machine,892637,0.24795472222222223,219.54729222222247,0,0,0,0,0,0
2026-06-28T16:30:00Z,protocol-server,wp-http-polling-protocol-state-machine,896225,0.2489513888888889,219.79624361111135,0,0,0,0,0,0
2026-06-28T16:45:00Z,protocol-server,wp-http-polling-protocol-state-machine,897121,0.24920027777777778,220.04544388888914,0,0,0,0,0,0
2026-06-28T17:00:00Z,protocol-server,wp-http-polling-protocol-state-machine,893591,0.24821972222222222,220.29366361111136,0,0,0,0,0,0
2026-06-28T17:15:00Z,protocol-server,wp-http-polling-protocol-state-machine,897605,0.24933472222222222,220.54299833333357,0,0,0,0,0,0
2026-06-28T17:30:00Z,protocol-server,wp-http-polling-protocol-state-machine,893344,0.2481511111111111,220.79114944444467,0,0,0,0,0,0
2026-06-28T17:45:00Z,protocol-server,wp-http-polling-protocol-state-machine,896249,0.24895805555555556,221.04010750000023,0,0,0,0,0,0
2026-06-28T18:00:00Z,protocol-server,wp-http-polling-protocol-state-machine,894151,0.24837527777777776,221.288482777778,0,0,0,0,0,0
2026-06-28T18:15:00Z,protocol-server,wp-http-polling-protocol-state-machine,893154,0.24809833333333334,221.53658111111133,0,0,0,0,0,0
2026-06-28T18:30:00Z,protocol-server,wp-http-polling-protocol-state-machine,670524,0.18625666666666665,221.722837777778,0,0,0,0,0,0
2026-07-09T23:00:00Z,unit-property,rtc-http-polling-manager-canary,57000,0.015833333333333335,0.015833333333333335,1,0,1,0,6315.78947368421,0
2026-07-10T00:00:00Z,unit-property,rtc-http-polling-manager-canary,7000,0.0019444444444444444,0.017777777777777778,0,0,1,0,5625,0
2026-07-10T01:00:00Z,unit-property,rtc-http-polling-manager-canary,7000,0.0019444444444444444,0.01972222222222222,0,0,1,0,5070.422535211268,0
2026-07-10T02:00:00Z,unit-property,rtc-http-polling-manager-canary,8000,0.0022222222222222222,0.021944444444444444,0,0,1,0,4556.962025316456,0
2026-07-10T03:15:00Z,unit-property,rtc-http-polling-manager-canary,8000,0.0022222222222222222,0.024166666666666666,0,0,1,0,4137.931034482759,0
2026-07-10T04:15:00Z,unit-property,rtc-http-polling-manager-canary,7000,0.0019444444444444444,0.02611111111111111,0,0,1,0,3829.7872340425533,0
2026-07-10T05:15:00Z,unit-property,rtc-http-polling-manager-canary,7000,0.0019444444444444444,0.028055555555555552,0,0,1,0,3564.356435643565,0
2026-07-10T06:15:00Z,unit-property,rtc-http-polling-manager-canary,24000,0.006666666666666667,0.03472222222222222,0,0,1,0,2880.0000000000005,0
2026-07-10T07:15:00Z,unit-property,rtc-http-polling-manager-canary,25000,0.006944444444444444,0.04166666666666666,0,0,1,0,2400.0000000000005,0
