bucket,fuzz_level,profile,executions,attempts,failed_attempts,duration_ms,runner_hours,cumulative_runner_hours,cumulative_failed_attempts,likely_real_findings,candidate_findings,cumulative_likely_real_findings,cumulative_candidate_findings,likely_real_findings_per_100_runner_hours,candidate_findings_per_100_runner_hours,failed_attempts_per_100_runner_hours
2026-07-03T07:15:00Z,browser-e2e,async-server-blocks,1,1,1,37630,0.010452777777777778,0.010452777777777778,1,0,0,0,0,0,0,9566.83497209673
2026-07-03T11:00:00Z,browser-e2e,async-server-blocks,1,1,1,30172,0.008381111111111112,0.01883388888888889,2,0,0,0,0,0,0,10619.155777115719
2026-07-03T11:15:00Z,browser-e2e,async-server-blocks,2,2,2,75832,0.021064444444444445,0.039898333333333334,4,0,0,0,0,0,0,10025.48143197293
2026-07-03T11:30:00Z,browser-e2e,async-server-blocks,1,1,1,30964,0.008601111111111111,0.04849944444444444,5,0,0,0,0,0,0,10309.39644211274
2026-07-03T11:45:00Z,browser-e2e,async-server-blocks,4,4,4,137781,0.0382725,0.08677194444444444,9,0,0,0,0,0,0,10372.016044612474
2026-07-03T12:30:00Z,browser-e2e,async-server-blocks,1,1,1,31228,0.008674444444444445,0.09544638888888889,10,0,0,0,0,0,0,10477.085740395278
2026-07-03T12:45:00Z,browser-e2e,async-server-blocks,2,2,2,61957,0.01721027777777778,0.11265666666666667,12,0,0,0,0,0,0,10651.833002929254
2026-07-03T16:45:00Z,browser-e2e,async-server-blocks,3,3,3,110705,0.03075138888888889,0.14340805555555555,15,0,0,0,0,0,0,10459.663470012727
2026-07-03T17:45:00Z,browser-e2e,async-server-blocks,1,1,1,31286,0.008690555555555556,0.15209861111111111,16,0,0,0,0,0,0,10519.491192665577
2026-07-03T18:00:00Z,browser-e2e,async-server-blocks,2,2,2,77448,0.021513333333333332,0.17361194444444444,18,0,0,0,0,0,0,10367.950233838877
2026-07-03T18:15:00Z,browser-e2e,async-server-blocks,3,3,3,112965,0.031379166666666666,0.20499111111111112,21,0,0,0,0,0,0,10244.346638336621
2026-07-03T18:30:00Z,browser-e2e,async-server-blocks,3,3,3,113885,0.031634722222222224,0.23662583333333334,24,0,0,0,0,0,0,10142.595025198008
2026-07-03T06:00:00Z,browser-e2e,block-gauntlet,1,1,0,23883,0.006634166666666667,0.006634166666666667,0,0,0,0,0,0,0,0
2026-07-03T06:15:00Z,browser-e2e,block-gauntlet,2,2,0,49496,0.013748888888888889,0.020383055555555557,0,0,0,0,0,0,0,0
2026-07-03T07:15:00Z,browser-e2e,block-gauntlet,2,2,0,59720,0.01658888888888889,0.036971944444444446,0,0,0,0,0,0,0,0
2026-07-03T08:15:00Z,browser-e2e,block-gauntlet,1,1,0,25494,0.007081666666666667,0.04405361111111111,0,0,0,0,0,0,0,0
2026-07-03T08:30:00Z,browser-e2e,block-gauntlet,3,3,0,79832,0.022175555555555556,0.06622916666666667,0,0,0,0,0,0,0,0
2026-07-03T10:15:00Z,browser-e2e,block-gauntlet,4,4,0,96872,0.02690888888888889,0.09313805555555556,0,0,0,0,0,0,0,0
2026-07-03T10:30:00Z,browser-e2e,block-gauntlet,2,2,0,46486,0.012912777777777778,0.10605083333333333,0,0,0,0,0,0,0,0
2026-07-03T10:45:00Z,browser-e2e,block-gauntlet,7,7,0,174192,0.04838666666666667,0.1544375,0,0,0,0,0,0,0,0
2026-07-03T11:30:00Z,browser-e2e,block-gauntlet,2,2,0,48112,0.013364444444444444,0.16780194444444446,0,0,0,0,0,0,0,0
2026-07-03T11:45:00Z,browser-e2e,block-gauntlet,5,5,0,123234,0.03423166666666667,0.20203361111111112,0,0,0,0,0,0,0,0
2026-07-03T12:30:00Z,browser-e2e,block-gauntlet,2,2,0,50662,0.014072777777777778,0.2161063888888889,0,0,0,0,0,0,0,0
2026-07-03T12:45:00Z,browser-e2e,block-gauntlet,2,2,0,49938,0.013871666666666666,0.22997805555555556,0,0,0,0,0,0,0,0
2026-07-03T17:15:00Z,browser-e2e,block-gauntlet,2,2,0,53730,0.014925,0.24490305555555555,0,0,0,0,0,0,0,0
2026-07-03T18:00:00Z,browser-e2e,block-gauntlet,5,5,0,128929,0.03581361111111111,0.28071666666666667,0,0,0,0,0,0,0,0
2026-07-03T18:15:00Z,browser-e2e,block-gauntlet,5,5,0,140968,0.03915777777777778,0.31987444444444446,0,0,0,0,0,0,0,0
2026-07-03T18:30:00Z,browser-e2e,block-gauntlet,5,5,0,137682,0.038245,0.35811944444444443,0,0,0,0,0,0,0,0
2026-07-03T18:45:00Z,browser-e2e,block-gauntlet,5,5,0,135396,0.03761,0.3957294444444444,0,0,0,0,0,0,0,0
2026-07-04T00:45:00Z,browser-e2e,block-gauntlet,6,6,0,206251,0.057291944444444444,0.4530213888888889,0,0,0,0,0,0,0,0
2026-07-04T01:00:00Z,browser-e2e,block-gauntlet,23,23,1,809520,0.22486666666666666,0.6778880555555555,1,0,0,0,0,0,0,147.51698186811407
2026-07-04T01:15:00Z,browser-e2e,block-gauntlet,12,12,0,461764,0.12826777777777779,0.8061558333333333,1,0,0,0,0,0,0,124.04549575299235
2026-07-04T02:00:00Z,browser-e2e,block-gauntlet,25,25,0,851928,0.23664666666666667,1.0428025,1,0,0,0,0,0,0,95.89543561700322
2026-07-04T02:15:00Z,browser-e2e,block-gauntlet,25,25,0,798932,0.22192555555555554,1.2647280555555556,1,0,0,0,0,0,0,79.06838119130134
2026-07-04T02:30:00Z,browser-e2e,block-gauntlet,3,3,0,100890,0.028025,1.2927530555555555,1,0,0,0,0,0,0,77.35429405504317
2026-07-04T05:00:00Z,browser-e2e,block-gauntlet,11,11,0,364428,0.10123,1.3939830555555555,1,0,0,0,0,0,0,71.73688345884963
2026-07-04T05:15:00Z,browser-e2e,block-gauntlet,24,24,0,833186,0.23144055555555557,1.6254236111111111,1,0,0,0,0,0,0,61.52242364170024
2026-07-04T05:30:00Z,browser-e2e,block-gauntlet,24,24,1,820716,0.22797666666666666,1.8534002777777778,2,0,0,0,0,0,0,107.90977124477368
2026-07-04T05:45:00Z,browser-e2e,block-gauntlet,17,17,0,566105,0.1572513888888889,2.010651666666667,2,0,0,0,0,0,0,99.47023809030404
2026-07-04T08:00:00Z,browser-e2e,block-gauntlet,6,6,0,169430,0.04706388888888889,2.0577155555555557,2,0,0,0,0,0,0,97.19516356866082
2026-07-01T17:30:00Z,browser-e2e,collaboration-ui-signals,1,1,1,195566,0.05432388888888889,0.05432388888888889,1,0,0,0,0,0,0,1840.810774879069
2026-07-02T00:00:00Z,browser-e2e,collaboration-ui-signals,1,1,1,194942,0.054150555555555556,0.10847444444444444,2,0,0,0,0,0,0,1843.752240671126
2026-07-02T06:15:00Z,browser-e2e,collaboration-ui-signals,4,4,4,879570,0.244325,0.35279944444444444,6,0,0,0,0,0,0,1700.6829501810125
2026-07-02T06:30:00Z,browser-e2e,collaboration-ui-signals,4,4,4,847963,0.23554527777777778,0.5883447222222222,10,0,0,0,0,0,0,1699.6838115976036
2026-07-02T06:45:00Z,browser-e2e,collaboration-ui-signals,4,4,4,833790,0.23160833333333333,0.8199530555555555,14,0,0,0,0,0,0,1707.4148215124783
2026-07-02T07:00:00Z,browser-e2e,collaboration-ui-signals,4,4,4,889410,0.24705833333333332,1.0670113888888888,18,0,0,0,0,0,0,1686.9548148632175
2026-07-02T07:15:00Z,browser-e2e,collaboration-ui-signals,5,5,5,1072603,0.2979452777777778,1.3649566666666666,23,0,0,0,0,0,0,1685.0351781619443
2026-07-02T07:30:00Z,browser-e2e,collaboration-ui-signals,4,4,4,862002,0.239445,1.6044016666666665,27,0,0,0,0,0,0,1682.8703535378195
2026-07-02T07:45:00Z,browser-e2e,collaboration-ui-signals,5,5,4,904762,0.2513227777777778,1.8557244444444443,31,0,0,0,0,0,0,1670.506636521706
2026-07-02T08:00:00Z,browser-e2e,collaboration-ui-signals,4,4,4,900406,0.2501127777777778,2.105837222222222,35,0,0,0,0,0,0,1662.0467921573552
2026-07-02T08:15:00Z,browser-e2e,collaboration-ui-signals,4,4,4,901191,0.25033083333333334,2.3561680555555555,39,0,0,0,0,0,0,1655.229978525631
2026-07-02T08:30:00Z,browser-e2e,collaboration-ui-signals,4,4,4,867480,0.24096666666666666,2.597134722222222,43,0,0,0,0,0,0,1655.6707525440697
2026-07-02T08:45:00Z,browser-e2e,collaboration-ui-signals,4,4,4,888957,0.2469325,2.844067222222222,47,0,0,0,0,0,0,1652.5629082450585
2026-07-02T09:00:00Z,browser-e2e,collaboration-ui-signals,3,3,3,648672,0.18018666666666666,3.0242538888888886,50,0,0,0,0,0,0,1653.3003457051025
2026-07-02T09:45:00Z,browser-e2e,collaboration-ui-signals,4,4,3,716553,0.1990425,3.2232963888888886,53,0,0,0,0,0,0,1644.2794458088845
2026-07-02T10:00:00Z,browser-e2e,collaboration-ui-signals,4,4,4,901876,0.25052111111111114,3.4738174999999996,57,0,0,0,0,0,0,1640.8461296541918
2026-07-02T10:45:00Z,browser-e2e,collaboration-ui-signals,3,3,3,677540,0.18820555555555554,3.6620230555555553,60,0,0,0,0,0,0,1638.4386195760192
2026-07-02T11:00:00Z,browser-e2e,collaboration-ui-signals,4,4,4,893424,0.24817333333333333,3.9101963888888887,64,0,0,0,0,0,0,1636.74643508599
2026-07-02T11:15:00Z,browser-e2e,collaboration-ui-signals,4,4,4,871131,0.24198083333333334,4.152177222222222,68,0,0,0,0,0,0,1637.6950298765614
2026-07-02T11:30:00Z,browser-e2e,collaboration-ui-signals,4,4,4,835185,0.23199583333333335,4.384173055555555,72,0,0,0,0,0,0,1642.2709388435917
2026-07-02T11:45:00Z,browser-e2e,collaboration-ui-signals,4,4,4,896167,0.24893527777777777,4.633108333333333,76,0,0,0,0,0,0,1640.3674279146649
2026-07-02T12:00:00Z,browser-e2e,collaboration-ui-signals,4,4,4,892603,0.24794527777777778,4.881053611111112,80,0,0,0,0,0,0,1638.9903978495533
2026-07-02T12:15:00Z,browser-e2e,collaboration-ui-signals,5,5,5,1094190,0.30394166666666667,5.184995277777778,85,0,0,0,0,0,0,1639.3457553240028
2026-07-02T12:30:00Z,browser-e2e,collaboration-ui-signals,4,4,4,867309,0.24091916666666666,5.425914444444445,89,0,0,0,0,0,0,1640.2765084349323
2026-07-02T12:45:00Z,browser-e2e,collaboration-ui-signals,4,4,4,912875,0.2535763888888889,5.679490833333334,93,0,0,0,0,0,0,1637.4707298438868
2026-07-02T13:00:00Z,browser-e2e,collaboration-ui-signals,4,4,4,876782,0.24355055555555555,5.9230413888888895,97,0,0,0,0,0,0,1637.6721625137309
2026-07-02T13:15:00Z,browser-e2e,collaboration-ui-signals,4,4,3,737329,0.2048136111111111,6.127855,100,0,0,0,0,0,0,1631.8923995427438
2026-07-02T13:30:00Z,browser-e2e,collaboration-ui-signals,3,3,3,693572,0.19265888888888888,6.320513888888889,103,0,0,0,0,0,0,1629.6143290036632
2026-07-02T14:15:00Z,browser-e2e,collaboration-ui-signals,4,4,3,702185,0.1950513888888889,6.515565277777777,106,0,0,0,0,0,0,1626.87342511213
2026-07-02T14:30:00Z,browser-e2e,collaboration-ui-signals,5,5,5,1047940,0.29109444444444443,6.806659722222221,111,0,0,0,0,0,0,1630.755826350623
2026-07-02T15:30:00Z,browser-e2e,collaboration-ui-signals,1,1,1,194520,0.054033333333333336,6.860693055555554,112,0,0,0,0,0,0,1632.4881333862654
2026-07-02T19:15:00Z,browser-e2e,collaboration-ui-signals,4,4,4,917036,0.25473222222222225,7.115425277777777,116,1,1,1,1,14.053973739603526,14.053973739603526,1630.260953794009
2026-07-02T19:30:00Z,browser-e2e,collaboration-ui-signals,4,4,4,853434,0.237065,7.352490277777777,120,0,0,1,1,13.600834033367002,13.600834033367002,1632.1000840040404
2026-07-02T21:00:00Z,browser-e2e,collaboration-ui-signals,1,1,1,196087,0.054468611111111113,7.406958888888888,121,0,0,1,1,13.500817474498081,13.500817474498081,1633.598914414268
2026-07-02T23:30:00Z,browser-e2e,collaboration-ui-signals,2,2,2,438564,0.12182333333333334,7.528782222222222,123,0,0,1,1,13.28236055292401,13.28236055292401,1633.7303480096532
2026-07-03T00:00:00Z,browser-e2e,collaboration-ui-signals,6,6,6,1075315,0.2986986111111111,7.8274808333333326,129,1,1,2,2,25.55100475600015,25.55100475600015,1648.0398067620097
2026-07-03T00:15:00Z,browser-e2e,collaboration-ui-signals,4,4,4,824406,0.22900166666666666,8.0564825,133,0,0,2,2,24.824729650936376,24.824729650936376,1650.8445217872688
2026-07-03T00:30:00Z,browser-e2e,collaboration-ui-signals,4,4,4,849804,0.23605666666666666,8.292539166666666,137,0,0,2,2,24.118065164399287,24.118065164399287,1652.087463761351
2026-07-03T00:45:00Z,browser-e2e,collaboration-ui-signals,16,16,16,1021095,0.2836375,8.576176666666665,153,1,1,3,3,34.980622678404096,34.980622678404096,1784.0117565986088
2026-07-03T01:00:00Z,browser-e2e,collaboration-ui-signals,9,9,9,912702,0.25352833333333336,8.829704999999999,162,0,0,3,3,33.976220043591496,33.976220043591496,1834.7158823539407
2026-07-03T01:15:00Z,browser-e2e,collaboration-ui-signals,12,12,7,805174,0.22365944444444444,9.053364444444444,169,0,0,3,3,33.13685225431233,33.13685225431233,1866.7093436595947
2026-07-03T01:30:00Z,browser-e2e,collaboration-ui-signals,17,17,0,927228,0.2575633333333333,9.310927777777778,169,0,0,3,3,32.22020481310193,32.22020481310193,1815.071537804742
2026-07-03T01:45:00Z,browser-e2e,collaboration-ui-signals,15,15,0,836198,0.23227722222222222,9.543205,169,0,0,3,3,31.435979841153994,31.435979841153994,1770.893531051675
2026-07-03T02:15:00Z,browser-e2e,collaboration-ui-signals,8,8,2,537990,0.14944166666666667,9.692646666666667,171,0,0,3,3,30.95129847575172,30.95129847575172,1764.224013117848
2026-07-03T02:45:00Z,browser-e2e,collaboration-ui-signals,1,1,0,58101,0.016139166666666666,9.708785833333334,171,0,0,3,3,30.89984732900432,30.89984732900432,1761.2912977532462
2026-07-03T03:30:00Z,browser-e2e,collaboration-ui-signals,6,6,0,310763,0.08632305555555556,9.795108888888889,171,0,0,3,3,30.627530883327484,30.627530883327484,1745.7692603496666
2026-07-03T04:00:00Z,browser-e2e,collaboration-ui-signals,1,1,0,58493,0.016248055555555557,9.811356944444444,171,0,0,3,3,30.57681029226759,30.57681029226759,1742.8781866592528
2026-07-03T04:15:00Z,browser-e2e,collaboration-ui-signals,1,1,0,56603,0.015723055555555556,9.82708,171,0,0,3,3,30.527888243506716,30.527888243506716,1740.0896298798828
2026-07-03T06:30:00Z,browser-e2e,collaboration-ui-signals,6,6,1,313810,0.08716944444444444,9.914249444444446,172,0,0,3,3,30.259476693730775,30.259476693730775,1734.876663773898
2026-07-03T07:15:00Z,browser-e2e,collaboration-ui-signals,13,13,0,758443,0.2106786111111111,10.124928055555557,172,0,0,3,3,29.629840168137267,29.629840168137267,1698.7775029732034
2026-07-03T07:30:00Z,browser-e2e,collaboration-ui-signals,3,3,0,176631,0.049064166666666666,10.173992222222223,172,0,0,3,3,29.486950004221,29.486950004221,1690.5851335753373
2026-07-03T08:00:00Z,browser-e2e,collaboration-ui-signals,2,2,0,115059,0.031960833333333334,10.205953055555556,172,0,0,3,3,29.39460904503148,29.39460904503148,1685.2909185818048
2026-07-03T09:15:00Z,browser-e2e,collaboration-ui-signals,8,8,0,487575,0.1354375,10.341390555555556,172,0,0,3,3,29.009638344896985,29.009638344896985,1663.2192651074272
2026-07-03T09:30:00Z,browser-e2e,collaboration-ui-signals,8,8,0,455585,0.1265513888888889,10.467941944444444,172,0,0,3,3,28.658928525985594,28.658928525985594,1643.1119021565075
2026-07-03T09:45:00Z,browser-e2e,collaboration-ui-signals,7,7,0,382675,0.10629861111111111,10.574240555555555,172,0,0,3,3,28.37083177972382,28.37083177972382,1626.5943553708323
2026-07-03T10:00:00Z,browser-e2e,collaboration-ui-signals,3,3,0,163833,0.04550916666666667,10.619749722222222,172,0,0,3,3,28.249253310766715,28.249253310766715,1619.6238564839582
2026-07-03T10:15:00Z,browser-e2e,collaboration-ui-signals,3,3,0,163731,0.04548083333333333,10.665230555555555,172,0,0,3,3,28.12878713097571,28.12878713097571,1612.7171288426073
2026-07-03T10:30:00Z,browser-e2e,collaboration-ui-signals,4,4,0,216922,0.060256111111111114,10.725486666666665,172,0,0,3,3,27.97075874723323,27.97075874723323,1603.6568348413718
2026-07-03T10:45:00Z,browser-e2e,collaboration-ui-signals,2,2,0,112407,0.031224166666666667,10.756710833333331,172,0,0,3,3,27.889566304073906,27.889566304073906,1599.0018014335706
2026-07-03T11:45:00Z,browser-e2e,collaboration-ui-signals,5,5,0,281156,0.07809888888888888,10.83480972222222,172,0,0,3,3,27.688534242064197,27.688534242064197,1587.4759632116807
2026-07-03T12:00:00Z,browser-e2e,collaboration-ui-signals,3,3,0,172125,0.0478125,10.882622222222219,172,0,0,3,3,27.566885432024154,27.566885432024154,1580.5014314360515
2026-07-03T12:15:00Z,browser-e2e,collaboration-ui-signals,1,1,0,60390,0.016775,10.89939722222222,172,0,0,3,3,27.524457901978785,27.524457901978785,1578.0689197134504
2026-07-03T13:00:00Z,browser-e2e,collaboration-ui-signals,15,15,0,898610,0.24961388888888889,11.14901111111111,172,0,0,3,3,26.908216074968287,26.908216074968287,1542.7377216315151
2026-07-03T13:15:00Z,browser-e2e,collaboration-ui-signals,14,14,0,808061,0.2244613888888889,11.373472499999998,172,0,0,3,3,26.377168450532594,26.377168450532594,1512.2909911638685
2026-07-03T13:30:00Z,browser-e2e,collaboration-ui-signals,16,16,0,905222,0.25145055555555557,11.624923055555554,172,0,0,3,3,25.806622423761326,25.806622423761326,1479.5796856289828
2026-07-03T13:45:00Z,browser-e2e,collaboration-ui-signals,14,14,0,802018,0.22278277777777777,11.847705833333332,172,0,0,3,3,25.32135792534237,25.32135792534237,1451.7578543862958
2026-07-03T14:00:00Z,browser-e2e,collaboration-ui-signals,16,16,0,931269,0.25868583333333334,12.106391666666665,172,0,0,3,3,24.78029856129717,24.78029856129717,1420.737117514371
2026-07-03T14:15:00Z,browser-e2e,collaboration-ui-signals,15,15,0,855831,0.23773083333333334,12.3441225,172,0,0,3,3,24.303064069560232,24.303064069560232,1393.3756733214532
2026-07-03T14:30:00Z,browser-e2e,collaboration-ui-signals,14,14,0,806273,0.22396472222222222,12.568087222222221,172,0,0,3,3,23.869980745324238,23.869980745324238,1368.545562731923
2026-07-03T14:45:00Z,browser-e2e,collaboration-ui-signals,16,16,0,908547,0.2523741666666667,12.820461388888887,172,0,0,3,3,23.40009387337659,23.40009387337659,1341.6053820735913
2026-07-03T15:00:00Z,browser-e2e,collaboration-ui-signals,15,15,0,846589,0.23516361111111111,13.055625,172,0,0,3,3,22.97860117765331,22.97860117765331,1317.4398008521232
2026-07-03T15:15:00Z,browser-e2e,collaboration-ui-signals,15,15,0,865426,0.24039611111111112,13.296021111111111,172,0,0,3,3,22.563141070022702,22.563141070022702,1293.620088014635
2026-07-03T15:30:00Z,browser-e2e,collaboration-ui-signals,15,15,0,845754,0.23493166666666668,13.530952777777777,172,0,0,3,3,22.17138770099749,22.17138770099749,1271.159561523856
2026-07-03T15:45:00Z,browser-e2e,collaboration-ui-signals,15,15,0,855344,0.23759555555555556,13.768548333333333,172,0,0,3,3,21.78878940154548,21.78878940154548,1249.2239256886076
2026-07-03T16:00:00Z,browser-e2e,collaboration-ui-signals,16,16,0,916196,0.2544988888888889,14.023047222222223,172,0,0,3,3,21.393353045591414,21.393353045591414,1226.5522412805744
2026-07-03T16:15:00Z,browser-e2e,collaboration-ui-signals,8,8,0,451116,0.12531,14.148357222222224,172,0,0,3,3,21.203875141688023,21.203875141688023,1215.68884145678
2026-07-03T16:30:00Z,browser-e2e,collaboration-ui-signals,8,8,0,467422,0.12983944444444445,14.278196666666668,172,0,0,3,3,21.011056718413784,21.011056718413784,1204.6339185223903
2026-07-03T16:45:00Z,browser-e2e,collaboration-ui-signals,8,8,0,479933,0.1333147222222222,14.41151138888889,172,0,0,3,3,20.81669242764479,20.81669242764479,1193.4903658516346
2026-07-03T17:00:00Z,browser-e2e,collaboration-ui-signals,12,12,0,732307,0.20341861111111112,14.614930000000001,172,0,0,3,3,20.526954285788573,20.526954285788573,1176.8787123852114
2026-07-03T17:15:00Z,browser-e2e,collaboration-ui-signals,12,12,0,710181,0.1972725,14.812202500000001,172,0,0,3,3,20.253571337550913,20.253571337550913,1161.2047566862523
2026-07-03T17:30:00Z,browser-e2e,collaboration-ui-signals,15,15,0,881763,0.24493416666666668,15.057136666666668,172,0,0,3,3,19.924106863168536,19.924106863168536,1142.3154601549961
2026-07-03T17:45:00Z,browser-e2e,collaboration-ui-signals,8,8,0,468800,0.1302222222222222,15.187358888888891,172,0,0,3,3,19.753269952649944,19.753269952649944,1132.520810618597
2026-07-03T18:00:00Z,browser-e2e,collaboration-ui-signals,7,7,0,430699,0.11963861111111111,15.306997500000001,172,0,0,3,3,19.59887953205715,19.59887953205715,1123.6690931712767
2026-07-03T18:15:00Z,browser-e2e,collaboration-ui-signals,2,2,0,121593,0.03377583333333333,15.340773333333335,172,0,0,3,3,19.55572861168233,19.55572861168233,1121.195107069787
2026-07-03T18:30:00Z,browser-e2e,collaboration-ui-signals,5,5,0,302538,0.08403833333333334,15.424811666666669,172,0,0,3,3,19.449183982473258,19.449183982473258,1115.0865483284667
2026-07-03T18:45:00Z,browser-e2e,collaboration-ui-signals,9,9,0,556005,0.15444583333333334,15.579257500000002,172,0,0,3,3,19.25637341830957,19.25637341830957,1104.0320759830818
2026-07-03T19:00:00Z,browser-e2e,collaboration-ui-signals,5,5,0,293744,0.08159555555555556,15.660853055555558,172,0,0,3,3,19.156044625141124,19.156044625141124,1098.2798918414244
2026-07-03T19:15:00Z,browser-e2e,collaboration-ui-signals,8,8,0,465837,0.12939916666666668,15.790252222222225,172,0,0,3,3,18.999063205450167,18.999063205450167,1089.2796237791429
2026-07-03T19:30:00Z,browser-e2e,collaboration-ui-signals,5,5,0,297032,0.0825088888888889,15.872761111111114,172,0,0,3,3,18.90030334986876,18.90030334986876,1083.6173920591423
2026-07-03T19:45:00Z,browser-e2e,collaboration-ui-signals,2,2,0,121458,0.033738333333333335,15.906499444444448,172,0,0,3,3,18.86021503648805,18.86021503648805,1081.3189954253148
2026-07-03T20:00:00Z,browser-e2e,collaboration-ui-signals,5,5,0,287701,0.07991694444444444,15.986416388888893,172,0,0,3,3,18.765931819998777,18.765931819998777,1075.9134243465965
2026-07-03T20:15:00Z,browser-e2e,collaboration-ui-signals,4,4,0,243085,0.06752361111111112,16.053940000000004,172,0,0,3,3,18.687001446373905,18.687001446373905,1071.3880829254374
2026-07-03T20:30:00Z,browser-e2e,collaboration-ui-signals,6,6,0,393021,0.1091725,16.163112500000004,172,0,0,3,3,18.560781532641062,18.560781532641062,1064.1514745380875
2026-07-03T20:45:00Z,browser-e2e,collaboration-ui-signals,10,10,2,721619,0.2004497222222222,16.363562222222225,174,0,0,3,3,18.333416399553315,18.333416399553315,1063.3381511740922
2026-07-03T21:00:00Z,browser-e2e,collaboration-ui-signals,13,13,0,902093,0.25058138888888887,16.614143611111114,174,0,0,3,3,18.056904227032664,18.056904227032664,1047.3004451678944
2026-07-03T21:15:00Z,browser-e2e,collaboration-ui-signals,5,5,1,261138,0.07253833333333333,16.686681944444448,175,0,0,3,3,17.978409428477182,17.978409428477182,1048.7405499945023
2026-07-03T21:30:00Z,browser-e2e,collaboration-ui-signals,13,13,0,906406,0.25177944444444444,16.938461388888893,175,0,0,3,3,17.711171818521294,17.711171818521294,1033.1516894137421
2026-07-03T21:45:00Z,browser-e2e,collaboration-ui-signals,12,12,0,850719,0.23631083333333333,17.174772222222227,175,0,0,3,3,17.46748056500183,17.46748056500183,1018.9363662917733
2026-07-03T22:00:00Z,browser-e2e,collaboration-ui-signals,12,12,0,839074,0.23307611111111112,17.407848333333337,175,0,0,3,3,17.23360602961748,17.23360602961748,1005.2936850610197
2026-07-03T22:15:00Z,browser-e2e,collaboration-ui-signals,10,10,0,696451,0.19345861111111112,17.60130694444445,175,0,0,3,3,17.044188874547743,17.044188874547743,994.244351015285
2026-07-04T00:30:00Z,browser-e2e,collaboration-ui-signals,4,4,0,246267,0.0684075,17.66971444444445,175,0,0,3,3,16.978203068489503,16.978203068489503,990.3951789952209
2026-07-04T00:45:00Z,browser-e2e,collaboration-ui-signals,12,12,1,856851,0.23801416666666667,17.907728611111114,176,0,0,3,3,16.75254335794773,16.75254335794773,982.8158769996
2026-07-04T01:00:00Z,browser-e2e,collaboration-ui-signals,12,12,0,854173,0.2372702777777778,18.144998888888892,176,0,0,3,3,16.533481310032226,16.533481310032226,969.9642368552239
2026-07-04T01:15:00Z,browser-e2e,collaboration-ui-signals,6,6,0,446345,0.12398472222222222,18.268983611111114,176,0,0,3,3,16.42127478933975,16.42127478933975,963.381454307932
2026-07-04T01:30:00Z,browser-e2e,collaboration-ui-signals,8,8,0,508600,0.14127777777777778,18.41026138888889,176,0,0,3,3,16.295260217275263,16.295260217275263,955.9885994134821
2026-07-04T01:45:00Z,browser-e2e,collaboration-ui-signals,14,14,1,925757,0.25715472222222224,18.667416111111113,177,0,0,3,3,16.07078334860901,16.07078334860901,948.1762175679315
2026-07-04T02:00:00Z,browser-e2e,collaboration-ui-signals,11,11,0,790536,0.21959333333333333,18.887009444444445,177,0,0,3,3,15.883933392549029,15.883933392549029,937.1520701603927
2026-07-04T02:15:00Z,browser-e2e,collaboration-ui-signals,13,13,0,927331,0.25759194444444444,19.14460138888889,177,0,0,3,3,15.67021396298768,15.67021396298768,924.542623816273
2026-07-04T02:30:00Z,browser-e2e,collaboration-ui-signals,2,2,0,146878,0.040799444444444444,19.185400833333336,177,0,0,3,3,15.636889872989794,15.636889872989794,922.5765025063979
2026-07-04T02:45:00Z,browser-e2e,collaboration-ui-signals,1,1,0,61088,0.016968888888888888,19.202369722222226,177,0,0,3,3,15.623071753108709,15.623071753108709,921.7612334334138
2026-07-04T03:45:00Z,browser-e2e,collaboration-ui-signals,7,7,0,447988,0.12444111111111111,19.326810833333337,177,0,0,3,3,15.522478208488698,15.522478208488698,915.8262143008332
2026-07-04T04:15:00Z,browser-e2e,collaboration-ui-signals,1,1,0,62304,0.017306666666666668,19.344117500000003,177,0,0,3,3,15.508590660700854,15.508590660700854,915.0068489813503
2026-07-04T04:30:00Z,browser-e2e,collaboration-ui-signals,7,7,0,457794,0.127165,19.471282500000004,177,0,0,3,3,15.40730560506222,15.40730560506222,909.031030698671
2026-07-04T05:00:00Z,browser-e2e,collaboration-ui-signals,10,10,1,651046,0.18084611111111112,19.652128611111117,178,0,0,3,3,15.265521915543694,15.265521915543694,905.7543003222592
2026-07-04T05:15:00Z,browser-e2e,collaboration-ui-signals,12,12,0,896573,0.24904805555555556,19.90117666666667,178,0,0,3,3,15.074485545494543,15.074485545494543,894.4194756993428
2026-07-04T05:30:00Z,browser-e2e,collaboration-ui-signals,12,12,0,843963,0.23443416666666667,20.135610833333338,178,0,0,3,3,14.898976866565546,14.898976866565546,884.0059607495557
2026-07-04T05:45:00Z,browser-e2e,collaboration-ui-signals,8,8,1,575602,0.15988944444444445,20.295500277777784,179,0,0,3,3,14.781601630607744,14.781601630607744,881.9688972929287
2026-07-04T06:15:00Z,browser-e2e,collaboration-ui-signals,2,2,0,123513,0.03430916666666667,20.32980944444445,179,0,0,3,3,14.756655777803237,14.756655777803237,880.4804614089264
2026-07-04T06:30:00Z,browser-e2e,collaboration-ui-signals,14,14,0,846954,0.235265,20.56507444444445,179,0,0,3,3,14.587839242227664,14.587839242227664,870.4077414529173
2026-07-04T07:15:00Z,browser-e2e,collaboration-ui-signals,5,5,0,310485,0.08624583333333333,20.65132027777778,179,0,0,3,3,14.526916243840367,14.526916243840367,866.7726692158085
2026-07-04T07:45:00Z,browser-e2e,collaboration-ui-signals,7,7,1,439727,0.12214638888888889,20.77346666666667,180,0,0,3,3,14.441499091790165,14.441499091790165,866.4899455074099
2026-07-04T08:00:00Z,browser-e2e,collaboration-ui-signals,2,2,0,115057,0.031960277777777775,20.80542694444445,180,0,0,3,3,14.419314768260847,14.419314768260847,865.1588860956508
2026-07-04T08:15:00Z,browser-e2e,collaboration-ui-signals,5,5,0,310092,0.08613666666666667,20.891563611111117,180,0,0,3,3,14.359863415893193,14.359863415893193,861.5918049535916
2026-07-04T08:45:00Z,browser-e2e,collaboration-ui-signals,2,2,0,123961,0.03443361111111111,20.92599722222223,180,0,0,3,3,14.33623434114848,14.33623434114848,860.1740604689088
2026-07-04T09:00:00Z,browser-e2e,collaboration-ui-signals,7,7,0,459146,0.12754055555555555,21.053537777777784,180,0,0,3,3,14.24938664306827,14.24938664306827,854.9631985840963
2026-07-04T09:15:00Z,browser-e2e,collaboration-ui-signals,4,4,0,260573,0.07238138888888888,21.125919166666673,180,0,0,3,3,14.200565553301562,14.200565553301562,852.0339331980937
2026-07-04T09:30:00Z,browser-e2e,collaboration-ui-signals,3,3,0,185545,0.051540277777777775,21.17745944444445,180,0,0,3,3,14.166005171064082,14.166005171064082,849.9603102638449
2026-07-04T09:45:00Z,browser-e2e,collaboration-ui-signals,2,2,0,114106,0.03169611111111111,21.20915555555556,180,0,0,3,3,14.14483472546447,14.14483472546447,848.6900835278682
2026-07-04T10:00:00Z,browser-e2e,collaboration-ui-signals,5,5,0,308590,0.08571944444444445,21.294875000000005,180,0,0,3,3,14.087896735716924,14.087896735716924,845.2738041430155
2026-07-04T10:30:00Z,browser-e2e,collaboration-ui-signals,6,6,0,373496,0.10374888888888889,21.398623888888892,180,0,0,3,3,14.019593108310728,14.019593108310728,841.1755864986436
2026-07-04T10:45:00Z,browser-e2e,collaboration-ui-signals,5,5,0,305621,0.08489472222222222,21.483518611111116,180,0,0,3,3,13.964192990474206,13.964192990474206,837.8515794284524
2026-07-04T11:00:00Z,browser-e2e,collaboration-ui-signals,9,9,0,516011,0.1433363888888889,21.626855000000006,180,0,0,3,3,13.871642455641373,13.871642455641373,832.2985473384824
2026-07-04T11:15:00Z,browser-e2e,collaboration-ui-signals,8,8,0,462212,0.1283922222222222,21.755247222222227,180,0,0,3,3,13.78977664264649,13.78977664264649,827.3865985587894
2026-07-04T11:30:00Z,browser-e2e,collaboration-ui-signals,3,3,0,177519,0.04931083333333333,21.80455805555556,180,0,0,3,3,13.75859117325991,13.75859117325991,825.5154703955947
2026-07-04T12:00:00Z,browser-e2e,collaboration-ui-signals,6,6,0,364271,0.1011863888888889,21.905744444444448,180,0,0,3,3,13.69503788199645,13.69503788199645,821.702272919787
2026-07-04T12:15:00Z,browser-e2e,collaboration-ui-signals,4,4,0,247561,0.06876694444444445,21.974511388888892,180,0,0,3,3,13.652180687470977,13.652180687470977,819.1308412482587
2026-07-04T12:30:00Z,browser-e2e,collaboration-ui-signals,3,3,0,173554,0.048209444444444444,22.022720833333338,180,0,0,3,3,13.622295004799017,13.622295004799017,817.3377002879411
2026-07-04T12:45:00Z,browser-e2e,collaboration-ui-signals,6,6,0,367570,0.10210277777777778,22.124823611111115,180,0,0,3,3,13.559430134816514,13.559430134816514,813.5658080889909
2026-07-04T13:00:00Z,browser-e2e,collaboration-ui-signals,4,4,0,246007,0.06833527777777777,22.19315888888889,180,0,0,3,3,13.517679096606495,13.517679096606495,811.0607457963897
2026-07-04T13:15:00Z,browser-e2e,collaboration-ui-signals,6,6,1,359318,0.09981055555555556,22.29296944444445,181,0,0,3,3,13.457157457090668,13.457157457090668,811.9151665778036
2026-07-04T13:30:00Z,browser-e2e,collaboration-ui-signals,6,6,0,349950,0.09720833333333333,22.390177777777783,181,0,0,3,3,13.398732380666916,13.398732380666916,808.3901869669039
2026-07-04T13:45:00Z,browser-e2e,collaboration-ui-signals,3,3,0,184031,0.05111972222222222,22.441297500000005,181,0,0,3,3,13.368210995821428,13.368210995821428,806.5487300812262
2026-07-04T14:00:00Z,browser-e2e,collaboration-ui-signals,4,4,0,241145,0.06698472222222222,22.508282222222228,181,0,0,3,3,13.328427155752147,13.328427155752147,804.1484383970461
2026-07-04T14:15:00Z,browser-e2e,collaboration-ui-signals,14,14,0,859440,0.23873333333333333,22.74701555555556,181,0,0,3,3,13.188543317575139,13.188543317575139,795.7087801603667
2026-07-04T14:30:00Z,browser-e2e,collaboration-ui-signals,2,2,0,116373,0.03232583333333333,22.779341388888895,181,0,0,3,3,13.169827646831411,13.169827646831411,794.5796013588284
2026-07-04T14:45:00Z,browser-e2e,collaboration-ui-signals,14,14,0,897574,0.2493261111111111,23.028667500000005,181,0,0,3,3,13.0272409378441,13.0272409378441,785.9768699165941
2026-07-04T15:00:00Z,browser-e2e,collaboration-ui-signals,12,12,0,788746,0.2190961111111111,23.247763611111115,181,0,0,3,3,12.904467071259146,12.904467071259146,778.5695132993018
2026-07-04T15:15:00Z,browser-e2e,collaboration-ui-signals,13,13,1,874028,0.24278555555555556,23.49054916666667,182,0,0,3,3,12.771093509627399,12.771093509627399,774.7796729173955
2026-07-04T15:30:00Z,browser-e2e,collaboration-ui-signals,11,11,0,717267,0.19924083333333334,23.689790000000006,182,0,0,3,3,12.663683384276514,12.663683384276514,768.2634586461086
2026-07-04T15:45:00Z,browser-e2e,collaboration-ui-signals,1,1,0,56846,0.015790555555555554,23.70558055555556,182,0,0,3,3,12.655247961421177,12.655247961421177,767.7517096595515
2026-07-04T16:00:00Z,browser-e2e,collaboration-ui-signals,6,6,1,544764,0.15132333333333334,23.856903888888894,183,0,0,3,3,12.574976258328386,12.574976258328386,767.0735517580316
2026-07-04T16:15:00Z,browser-e2e,collaboration-ui-signals,6,6,0,357485,0.09930138888888888,23.956205277777784,183,0,0,3,3,12.522851450028503,12.522851450028503,763.8939384517387
2026-07-04T16:30:00Z,browser-e2e,collaboration-ui-signals,4,4,0,236634,0.06573166666666666,24.02193694444445,183,0,0,3,3,12.488584941914143,12.488584941914143,761.8036814567627
2026-07-04T16:45:00Z,browser-e2e,collaboration-ui-signals,6,6,0,375543,0.1043175,24.126254444444452,183,0,0,3,3,12.434586590753666,12.434586590753666,758.5097820359736
2026-07-04T17:00:00Z,browser-e2e,collaboration-ui-signals,8,8,0,495589,0.1376636111111111,24.263918055555564,183,0,0,3,3,12.36403779938215,12.36403779938215,754.2063057623111
2026-07-04T17:15:00Z,browser-e2e,collaboration-ui-signals,6,6,0,376142,0.10448388888888889,24.368401944444454,183,0,0,3,3,12.311024772323837,12.311024772323837,750.972511111754
2026-07-04T17:30:00Z,browser-e2e,collaboration-ui-signals,1,1,0,58588,0.016274444444444446,24.3846763888889,183,0,0,3,3,12.302808338137215,12.302808338137215,750.47130862637
2026-07-04T17:45:00Z,browser-e2e,collaboration-ui-signals,14,14,0,906611,0.2518363888888889,24.63651277777779,183,0,0,3,3,12.177048054893586,12.177048054893586,742.7999313485087
2026-07-04T18:00:00Z,browser-e2e,collaboration-ui-signals,3,3,0,211705,0.058806944444444446,24.695319722222234,183,0,0,3,3,12.148050860424503,12.148050860424503,741.0311024858946
2026-07-04T18:30:00Z,browser-e2e,collaboration-ui-signals,9,9,0,553753,0.15382027777777776,24.849140000000013,183,0,0,3,3,12.072852420647147,12.072852420647147,736.4439976594759
2026-07-04T18:45:00Z,browser-e2e,collaboration-ui-signals,14,14,0,901992,0.25055333333333335,25.099693333333345,183,0,0,3,3,11.952337266272039,11.952337266272039,729.0925732425944
2026-07-04T19:00:00Z,browser-e2e,collaboration-ui-signals,4,4,0,266592,0.07405333333333333,25.173746666666677,183,0,0,3,3,11.917177207365764,11.917177207365764,726.9478096493116
2026-07-04T19:30:00Z,browser-e2e,collaboration-ui-signals,7,7,0,400365,0.1112125,25.284959166666678,183,0,0,3,3,11.86476110254083,11.86476110254083,723.7504272549907
2026-07-04T19:45:00Z,browser-e2e,collaboration-ui-signals,9,9,0,520731,0.1446475,25.42960666666668,183,0,0,3,3,11.797272523024994,11.797272523024994,719.6336239045246
2026-07-04T20:00:00Z,browser-e2e,collaboration-ui-signals,9,9,0,522484,0.14513444444444445,25.574741111111123,183,0,0,3,3,11.730324021526963,11.730324021526963,715.5497653131448
2026-07-04T20:15:00Z,browser-e2e,collaboration-ui-signals,4,4,0,234563,0.06515638888888889,25.63989750000001,183,0,0,3,3,11.700514793399618,11.700514793399618,713.7314023973767
2026-07-04T20:30:00Z,browser-e2e,collaboration-ui-signals,4,4,0,235526,0.06542388888888889,25.7053213888889,183,0,0,3,3,11.670735232653994,11.670735232653994,711.9148491918936
2026-07-04T21:30:00Z,browser-e2e,collaboration-ui-signals,1,1,0,60155,0.016709722222222223,25.722031111111125,183,0,0,3,3,11.663153609607805,11.663153609607805,711.4523701860761
2026-07-04T21:45:00Z,browser-e2e,collaboration-ui-signals,3,3,0,187491,0.05208083333333333,25.77411194444446,183,0,0,3,3,11.639586289011373,11.639586289011373,710.0147636296938
2026-07-04T22:00:00Z,browser-e2e,collaboration-ui-signals,4,4,0,236543,0.06570638888888888,25.839818333333348,183,0,0,3,3,11.609988744115906,11.609988744115906,708.2093133910703
2026-07-04T22:15:00Z,browser-e2e,collaboration-ui-signals,5,5,0,285415,0.07928194444444445,25.919100277777794,183,0,0,3,3,11.57447584155575,11.57447584155575,706.0430263349008
2026-07-04T22:30:00Z,browser-e2e,collaboration-ui-signals,4,4,0,227660,0.06323888888888889,25.982339166666684,183,0,0,3,3,11.546304513832096,11.546304513832096,704.3245753437578
2026-07-03T07:00:00Z,browser-e2e,common-blocks,2,2,2,57596,0.01599888888888889,0.01599888888888889,2,0,0,0,0,0,0,12500.868115841378
2026-07-04T02:00:00Z,browser-e2e,common-blocks,21,21,6,930258,0.258405,0.2744038888888889,8,0,0,0,0,0,0,2915.410576866622
2026-07-04T02:15:00Z,browser-e2e,common-blocks,20,20,6,822807,0.2285575,0.5029613888888889,14,0,0,0,0,0,0,2783.5138659307295
2026-07-04T02:30:00Z,browser-e2e,common-blocks,1,1,0,40052,0.011125555555555555,0.5140869444444445,14,0,0,0,0,0,0,2723.2747595116043
2026-07-04T06:30:00Z,browser-e2e,common-blocks,3,3,2,151383,0.042050833333333336,0.5561377777777778,16,0,0,0,0,0,0,2876.984919804045
2026-07-04T09:30:00Z,browser-e2e,common-blocks,1,1,1,47895,0.013304166666666667,0.5694419444444445,17,0,0,0,0,0,0,2985.3789602003126
2026-07-04T15:30:00Z,browser-e2e,common-blocks,2,2,2,119187,0.0331075,0.6025494444444445,19,0,0,0,0,0,0,3153.268196524213
2026-07-04T17:15:00Z,browser-e2e,common-blocks,7,7,4,271279,0.07535527777777777,0.6779047222222222,23,0,0,0,0,0,0,3392.807166854405
2026-07-01T17:30:00Z,browser-e2e,large-post-three-user-http-lifecycle,3,3,3,675046,0.18751277777777778,0.18751277777777778,3,0,0,0,0,0,0,1599.8909703931288
2026-07-01T17:45:00Z,browser-e2e,large-post-three-user-http-lifecycle,5,5,3,929977,0.25832694444444443,0.44583972222222223,6,0,0,0,0,0,0,1345.775107272606
2026-07-01T18:00:00Z,browser-e2e,large-post-three-user-http-lifecycle,3,3,2,663503,0.1843063888888889,0.6301461111111111,8,0,0,0,0,0,0,1269.5468334945247
2026-07-01T18:15:00Z,browser-e2e,large-post-three-user-http-lifecycle,4,4,3,956030,0.2655638888888889,0.89571,11,0,0,0,0,0,0,1228.076051400565
2026-07-01T18:30:00Z,browser-e2e,large-post-three-user-http-lifecycle,5,5,5,1028573,0.2857147222222222,1.1814247222222223,16,0,0,0,0,0,0,1354.297036370164
2026-07-01T18:45:00Z,browser-e2e,large-post-three-user-http-lifecycle,4,4,4,965789,0.2682747222222222,1.4496994444444444,20,0,0,0,0,0,0,1379.596307127263
2026-07-01T19:00:00Z,browser-e2e,large-post-three-user-http-lifecycle,2,2,2,554142,0.15392833333333333,1.6036277777777777,22,0,0,0,0,0,0,1371.8894312548287
2026-07-01T19:15:00Z,browser-e2e,large-post-three-user-http-lifecycle,5,5,4,1191427,0.3309519444444444,1.934579722222222,26,0,0,0,0,0,0,1343.9611560765352
2026-07-01T19:30:00Z,browser-e2e,large-post-three-user-http-lifecycle,5,5,4,959859,0.2666275,2.201207222222222,30,0,0,0,0,0,0,1362.8884957824912
2026-07-01T19:45:00Z,browser-e2e,large-post-three-user-http-lifecycle,5,5,3,896420,0.24900555555555556,2.450212777777778,33,0,0,0,0,0,0,1346.821806632213
2026-07-01T20:00:00Z,browser-e2e,large-post-three-user-http-lifecycle,4,4,2,782385,0.21732916666666666,2.6675419444444444,35,0,0,0,0,0,0,1312.0693405737347
2026-07-01T20:15:00Z,browser-e2e,large-post-three-user-http-lifecycle,4,4,4,802509,0.22291916666666667,2.890461111111111,39,0,0,0,0,0,0,1349.2656880966704
2026-07-01T20:30:00Z,browser-e2e,large-post-three-user-http-lifecycle,6,6,4,1007595,0.2798875,3.170348611111111,43,0,0,0,0,0,0,1356.3177200544453
2026-07-01T20:45:00Z,browser-e2e,large-post-three-user-http-lifecycle,4,4,4,729762,0.20271166666666668,3.373060277777778,47,0,0,0,0,0,0,1393.3934210913153
2026-07-01T21:00:00Z,browser-e2e,large-post-three-user-http-lifecycle,6,6,5,1007487,0.2798575,3.6529177777777777,52,0,0,0,0,0,0,1423.5195852569605
2026-07-01T21:15:00Z,browser-e2e,large-post-three-user-http-lifecycle,4,4,3,814920,0.22636666666666666,3.8792844444444445,55,0,0,0,0,0,0,1417.7872436955727
2026-07-01T21:30:00Z,browser-e2e,large-post-three-user-http-lifecycle,5,5,4,1026086,0.2850238888888889,4.1643083333333335,59,0,0,0,0,0,0,1416.8019098809925
2026-07-01T21:45:00Z,browser-e2e,large-post-three-user-http-lifecycle,5,5,1,857096,0.23808222222222222,4.402390555555556,60,0,0,0,0,0,0,1362.8958912853282
2026-07-01T22:00:00Z,browser-e2e,large-post-three-user-http-lifecycle,5,5,4,951707,0.26436305555555556,4.666753611111111,64,0,0,0,0,0,0,1371.4030208841943
2026-07-01T22:15:00Z,browser-e2e,large-post-three-user-http-lifecycle,3,3,3,804322,0.22342277777777778,4.8901763888888885,67,0,0,0,0,0,0,1370.0937281573858
2026-07-01T22:30:00Z,browser-e2e,large-post-three-user-http-lifecycle,4,4,4,929242,0.25812277777777776,5.148299166666666,71,0,0,0,0,0,0,1379.0962355043148
2026-07-01T22:45:00Z,browser-e2e,large-post-three-user-http-lifecycle,4,4,2,805469,0.2237413888888889,5.372040555555555,73,0,0,0,0,0,0,1358.8877307433252
2026-07-01T23:00:00Z,browser-e2e,large-post-three-user-http-lifecycle,6,6,5,1011258,0.280905,5.652945555555554,78,0,0,0,0,0,0,1379.8116262298656
2026-07-01T23:15:00Z,browser-e2e,large-post-three-user-http-lifecycle,4,4,4,875814,0.24328166666666667,5.896227222222221,82,0,0,0,0,0,0,1390.7198096259108
2026-07-01T23:30:00Z,browser-e2e,large-post-three-user-http-lifecycle,5,5,3,931563,0.2587675,6.154994722222221,85,0,0,0,0,0,0,1380.9922483460928
2026-07-01T23:45:00Z,browser-e2e,large-post-three-user-http-lifecycle,5,5,3,904426,0.25122944444444445,6.406224166666665,88,0,0,0,0,0,0,1373.6640759136724
2026-07-02T00:00:00Z,browser-e2e,large-post-three-user-http-lifecycle,3,3,3,689338,0.19148277777777778,6.597706944444443,91,0,0,0,0,0,0,1379.2670812186643
2026-07-02T00:15:00Z,browser-e2e,large-post-three-user-http-lifecycle,4,4,3,908381,0.25232805555555554,6.850034999999998,94,0,0,0,0,0,0,1372.2557621968358
2026-07-02T00:30:00Z,browser-e2e,large-post-three-user-http-lifecycle,5,5,4,1081954,0.30054277777777777,7.150577777777776,98,0,0,0,0,0,0,1370.5186216498437
2026-07-02T00:45:00Z,browser-e2e,large-post-three-user-http-lifecycle,5,5,5,839403,0.2331675,7.383745277777776,103,0,0,0,0,0,0,1394.9560301056192
2026-07-02T01:00:00Z,browser-e2e,large-post-three-user-http-lifecycle,4,4,2,901678,0.2504661111111111,7.634211388888887,105,0,0,0,0,0,0,1375.387641909168
2026-07-02T01:15:00Z,browser-e2e,large-post-three-user-http-lifecycle,5,5,2,825663,0.22935083333333334,7.86356222222222,107,0,0,0,0,0,0,1360.7064708869577
2026-07-02T01:30:00Z,browser-e2e,large-post-three-user-http-lifecycle,5,5,5,929977,0.25832694444444443,8.121889166666664,112,0,0,0,0,0,0,1378.9895146521233
2026-07-02T01:45:00Z,browser-e2e,large-post-three-user-http-lifecycle,4,4,2,683038,0.18973277777777778,8.311621944444441,114,0,0,0,0,0,0,1371.5734517520802
2026-07-02T02:00:00Z,browser-e2e,large-post-three-user-http-lifecycle,5,5,3,1079869,0.2999636111111111,8.611585555555553,117,0,0,0,0,0,0,1358.6348210234098
2026-07-02T02:15:00Z,browser-e2e,large-post-three-user-http-lifecycle,3,3,2,874677,0.24296583333333333,8.854551388888886,119,0,0,0,0,0,0,1343.9416044196985
2026-07-02T02:30:00Z,browser-e2e,large-post-three-user-http-lifecycle,4,4,1,710506,0.19736277777777778,9.051914166666664,120,0,0,0,0,0,0,1325.6864547157938
2026-07-02T02:45:00Z,browser-e2e,large-post-three-user-http-lifecycle,5,5,3,1152549,0.3201525,9.372066666666665,123,0,0,0,0,0,0,1312.410638706511
2026-07-02T03:00:00Z,browser-e2e,large-post-three-user-http-lifecycle,4,4,2,936520,0.26014444444444446,9.63221111111111,125,0,0,0,0,0,0,1297.7290318710718
2026-07-02T03:15:00Z,browser-e2e,large-post-three-user-http-lifecycle,4,4,4,826759,0.22965527777777778,9.861866388888886,129,0,0,0,0,0,0,1308.0688270664568
2026-07-02T03:30:00Z,browser-e2e,large-post-three-user-http-lifecycle,4,4,2,718947,0.1997075,10.061573888888887,131,0,0,0,0,0,0,1301.9831832141572
2026-07-02T03:45:00Z,browser-e2e,large-post-three-user-http-lifecycle,7,7,5,1034969,0.28749138888888887,10.349065277777775,136,0,0,0,0,0,0,1314.1283425086567
2026-07-02T04:00:00Z,browser-e2e,large-post-three-user-http-lifecycle,4,4,4,803632,0.2232311111111111,10.572296388888887,140,0,0,0,0,0,0,1324.2156183507595
2026-07-02T04:15:00Z,browser-e2e,large-post-three-user-http-lifecycle,4,4,2,763128,0.21198,10.784276388888888,142,0,0,0,0,0,0,1316.731831412477
2026-07-02T04:30:00Z,browser-e2e,large-post-three-user-http-lifecycle,3,3,2,711302,0.1975838888888889,10.981860277777777,144,0,0,0,0,0,0,1311.253251795505
2026-07-02T04:45:00Z,browser-e2e,large-post-three-user-http-lifecycle,2,2,1,335669,0.09324138888888889,11.075101666666665,145,0,0,0,0,0,0,1309.2430603722075
2026-07-02T05:00:00Z,browser-e2e,large-post-three-user-http-lifecycle,6,6,1,987791,0.2743863888888889,11.349488055555554,146,0,0,0,0,0,0,1286.4016357859707
2026-07-02T05:15:00Z,browser-e2e,large-post-three-user-http-lifecycle,5,5,2,809120,0.22475555555555554,11.57424361111111,148,0,1,0,1,0,8.639873443133807,1278.7012695838034
2026-07-02T05:30:00Z,browser-e2e,large-post-three-user-http-lifecycle,6,6,3,983840,0.2732888888888889,11.847532499999998,151,0,0,0,1,0,8.440576128404798,1274.5269953891245
2026-07-02T05:45:00Z,browser-e2e,large-post-three-user-http-lifecycle,4,4,3,724783,0.2013286111111111,12.048861111111108,154,0,0,0,1,0,8.29953960609463,1278.129099338573
2026-07-02T06:00:00Z,browser-e2e,large-post-three-user-http-lifecycle,6,6,6,963260,0.2675722222222222,12.31643333333333,160,0,0,0,1,0,8.119233652599645,1299.0773844159432
2026-07-02T06:15:00Z,browser-e2e,large-post-three-user-http-lifecycle,5,5,2,912130,0.2533694444444444,12.569802777777776,162,0,0,0,1,0,7.955574305174506,1288.80303743827
2026-07-02T06:30:00Z,browser-e2e,large-post-three-user-http-lifecycle,4,4,3,745450,0.20706944444444444,12.77687222222222,165,0,0,0,1,0,7.826641627210973,1291.3958684898105
2026-07-02T06:45:00Z,browser-e2e,large-post-three-user-http-lifecycle,6,6,5,991218,0.27533833333333335,13.052210555555554,170,0,0,0,1,0,7.661537451787116,1302.4613668038098
2026-07-02T07:00:00Z,browser-e2e,large-post-three-user-http-lifecycle,5,5,4,938429,0.2606747222222222,13.312885277777776,174,0,0,0,1,0,7.51151969790671,1307.0044274357674
2026-07-02T07:15:00Z,browser-e2e,large-post-three-user-http-lifecycle,4,4,4,917877,0.25496583333333334,13.567851111111109,178,0,0,0,1,0,7.370363897795657,1311.924773807627
2026-07-02T07:30:00Z,browser-e2e,large-post-three-user-http-lifecycle,4,4,2,782514,0.217365,13.785216111111108,180,0,0,0,1,0,7.254148153643988,1305.746667655918
2026-07-02T07:45:00Z,browser-e2e,large-post-three-user-http-lifecycle,5,5,2,1035455,0.28762638888888886,14.072842499999997,182,0,0,0,1,0,7.1058849695788195,1293.2710644633453
2026-07-02T08:00:00Z,browser-e2e,large-post-three-user-http-lifecycle,4,4,2,743541,0.20653916666666666,14.279381666666664,184,0,0,0,1,0,7.003104359444137,1288.5712021377212
2026-07-02T08:15:00Z,browser-e2e,large-post-three-user-http-lifecycle,5,5,3,924444,0.25679,14.536171666666664,187,0,0,0,1,0,6.879390412629277,1286.446007161675
2026-07-02T08:30:00Z,browser-e2e,large-post-three-user-http-lifecycle,4,4,3,977566,0.2715461111111111,14.807717777777775,190,0,0,0,1,0,6.7532351372925215,1283.114676085579
2026-07-02T08:45:00Z,browser-e2e,large-post-three-user-http-lifecycle,4,4,3,774572,0.2151588888888889,15.022876666666663,193,0,0,0,1,0,6.656514742072259,1284.7073452199459
2026-07-02T09:00:00Z,browser-e2e,large-post-three-user-http-lifecycle,4,4,2,879845,0.24440138888888888,15.267278055555552,195,0,0,0,1,0,6.549956032510417,1277.2414263395312
2026-07-02T09:15:00Z,browser-e2e,large-post-three-user-http-lifecycle,5,5,5,961938,0.267205,15.534483055555553,200,0,0,0,1,0,6.437291774845207,1287.4583549690415
2026-07-02T09:30:00Z,browser-e2e,large-post-three-user-http-lifecycle,4,4,3,647282,0.17980055555555555,15.714283611111108,203,0,0,0,1,0,6.363637215335285,1291.818354713063
2026-07-02T09:45:00Z,browser-e2e,large-post-three-user-http-lifecycle,6,6,5,1130528,0.31403555555555557,16.028319166666662,208,0,0,0,1,0,6.23895737040009,1297.7031330432187
2026-07-02T10:00:00Z,browser-e2e,large-post-three-user-http-lifecycle,4,4,2,842763,0.23410083333333334,16.262419999999995,210,0,0,0,1,0,6.1491463140172264,1291.3207259436176
2026-07-02T10:15:00Z,browser-e2e,large-post-three-user-http-lifecycle,3,3,3,845579,0.23488305555555555,16.49730305555555,213,0,0,0,1,0,6.0615968357521615,1291.1201260152104
2026-07-02T10:30:00Z,browser-e2e,large-post-three-user-http-lifecycle,5,5,4,981098,0.2725272222222222,16.769830277777775,217,0,0,0,1,0,5.963089568802203,1293.990436430078
2026-07-02T10:45:00Z,browser-e2e,large-post-three-user-http-lifecycle,4,4,4,995419,0.2765052777777778,17.04633555555555,221,0,0,0,1,0,5.866363458239511,1296.4663242709319
2026-07-02T11:00:00Z,browser-e2e,large-post-three-user-http-lifecycle,4,4,4,893731,0.2482586111111111,17.294594166666663,225,0,0,0,1,0,5.782153604548783,1300.984561023476
2026-07-02T11:15:00Z,browser-e2e,large-post-three-user-http-lifecycle,5,5,4,852744,0.23687333333333332,17.531467499999994,229,0,0,0,1,0,5.704029055183203,1306.2226536369535
2026-07-02T11:30:00Z,browser-e2e,large-post-three-user-http-lifecycle,4,4,4,798305,0.2217513888888889,17.753218888888885,233,0,0,0,1,0,5.632781335365976,1312.4380511402724
2026-07-02T11:45:00Z,browser-e2e,large-post-three-user-http-lifecycle,6,6,0,987663,0.2743508333333333,18.027569722222218,233,0,0,0,1,0,5.547059395184701,1292.4648390780353
2026-07-02T12:00:00Z,browser-e2e,large-post-three-user-http-lifecycle,5,5,5,914149,0.25393027777777777,18.281499999999994,238,0,0,0,1,0,5.4700106665208015,1301.8625386319507
2026-07-02T12:15:00Z,browser-e2e,large-post-three-user-http-lifecycle,5,5,2,846511,0.23514194444444445,18.516641944444437,240,0,0,0,1,0,5.400547264457046,1296.131343469691
2026-07-02T12:30:00Z,browser-e2e,large-post-three-user-http-lifecycle,4,4,3,734801,0.20411138888888888,18.720753333333327,243,0,0,0,1,0,5.341665381699385,1298.0246877529505
2026-07-02T12:45:00Z,browser-e2e,large-post-three-user-http-lifecycle,4,4,3,830222,0.23061722222222222,18.95137055555555,246,0,0,0,1,0,5.276663221103301,1298.059152391412
2026-07-02T13:00:00Z,browser-e2e,large-post-three-user-http-lifecycle,5,5,4,1154077,0.32057694444444446,19.271947499999992,250,0,0,0,1,0,5.18888918725002,1297.2222968125047
2026-07-02T13:15:00Z,browser-e2e,large-post-three-user-http-lifecycle,4,4,2,873508,0.2426411111111111,19.514588611111105,252,0,0,0,1,0,5.124371412219398,1291.3415958792884
2026-07-02T13:30:00Z,browser-e2e,large-post-three-user-http-lifecycle,5,5,3,922188,0.25616333333333335,19.770751944444438,255,0,0,0,1,0,5.057976564624286,1289.7840239791929
2026-07-02T13:45:00Z,browser-e2e,large-post-three-user-http-lifecycle,3,3,3,742214,0.20617055555555555,19.976922499999993,258,0,0,0,1,0,5.005776039827958,1291.4902182756132
2026-07-02T14:00:00Z,browser-e2e,large-post-three-user-http-lifecycle,5,5,5,860582,0.23905055555555554,20.215973055555548,263,0,0,0,1,0,4.946583561681144,1300.9514767221408
2026-07-02T14:15:00Z,browser-e2e,large-post-three-user-http-lifecycle,6,6,5,989457,0.27484916666666664,20.490822222222214,268,0,0,0,1,0,4.880233643896944,1307.902616564381
2026-07-02T14:30:00Z,browser-e2e,large-post-three-user-http-lifecycle,4,4,3,960470,0.26679722222222224,20.757619444444437,271,0,0,0,1,0,4.817508109137436,1305.5446975762452
2026-07-02T14:45:00Z,browser-e2e,large-post-three-user-http-lifecycle,4,4,3,885175,0.24588194444444444,21.003501388888882,274,0,0,0,1,0,4.761110928528386,1304.544394416778
2026-07-02T15:00:00Z,browser-e2e,large-post-three-user-http-lifecycle,4,4,3,665993,0.18499805555555557,21.18849944444444,277,0,0,0,1,0,4.719541384334307,1307.312963460603
2026-07-02T15:15:00Z,browser-e2e,large-post-three-user-http-lifecycle,5,5,3,990131,0.27503638888888887,21.463535833333328,280,0,0,0,1,0,4.659064600376694,1304.5380881054743
2026-07-02T15:30:00Z,browser-e2e,large-post-three-user-http-lifecycle,6,6,4,978699,0.27186083333333333,21.735396666666663,284,0,0,0,1,0,4.600790201052999,1306.6244170990517
2026-07-02T15:45:00Z,browser-e2e,large-post-three-user-http-lifecycle,4,4,4,781081,0.21696694444444445,21.952363611111107,288,0,0,0,1,0,4.555318132093319,1311.931622042876
2026-07-02T16:00:00Z,browser-e2e,large-post-three-user-http-lifecycle,4,4,2,929250,0.258125,22.210488611111106,290,0,0,0,1,0,4.502377311500189,1305.689420335055
2026-07-02T16:15:00Z,browser-e2e,large-post-three-user-http-lifecycle,3,3,2,787428,0.21873,22.429218611111107,292,0,0,0,1,0,4.458470075745816,1301.8732621177783
2026-07-02T16:30:00Z,browser-e2e,large-post-three-user-http-lifecycle,5,5,1,877441,0.2437336111111111,22.672952222222218,293,0,0,0,1,0,4.410541645387846,1292.2887020986389
2026-07-02T16:45:00Z,browser-e2e,large-post-three-user-http-lifecycle,1,1,1,164718,0.045755,22.718707222222218,294,0,0,0,1,0,4.401658906990332,1294.0877186551575
2026-07-02T17:00:00Z,browser-e2e,large-post-three-user-http-lifecycle,3,3,3,621850,0.17273611111111112,22.891443333333328,297,0,0,0,1,0,4.368444511945003,1297.4280200476658
2026-07-02T17:15:00Z,browser-e2e,large-post-three-user-http-lifecycle,5,5,4,913257,0.2536825,23.145125833333328,301,0,0,0,1,0,4.3205641101324765,1300.4897971498754
2026-07-02T17:30:00Z,browser-e2e,large-post-three-user-http-lifecycle,5,5,2,900800,0.25022222222222223,23.39534805555555,303,0,0,0,1,0,4.274354019548498,1295.1292679231947
2026-07-02T17:45:00Z,browser-e2e,large-post-three-user-http-lifecycle,5,5,4,826644,0.22962333333333335,23.624971388888884,307,0,0,0,1,0,4.232809358957837,1299.472473200056
2026-07-02T18:00:00Z,browser-e2e,large-post-three-user-http-lifecycle,3,3,3,867591,0.2409975,23.865968888888883,310,0,0,0,1,0,4.1900666369575434,1298.9206574568384
2026-07-02T18:15:00Z,browser-e2e,large-post-three-user-http-lifecycle,3,3,2,467892,0.12997,23.995938888888883,312,0,0,0,1,0,4.167371840003483,1300.2200140810867
2026-07-02T19:00:00Z,browser-e2e,large-post-three-user-http-lifecycle,1,1,0,104604,0.029056666666666668,24.02499555555555,312,0,0,0,1,0,4.162331675307052,1298.6474826958001
2026-07-02T19:15:00Z,browser-e2e,large-post-three-user-http-lifecycle,12,12,4,1726525,0.4795902777777778,24.504585833333326,316,0,0,0,1,0,4.080868808807659,1289.55454358322
2026-07-02T19:30:00Z,browser-e2e,large-post-three-user-http-lifecycle,14,14,4,1950186,0.5417183333333333,25.04630416666666,320,0,0,0,1,0,3.9926050300501768,1277.6336096160564
2026-07-02T19:45:00Z,browser-e2e,large-post-three-user-http-lifecycle,4,4,2,629763,0.17493416666666667,25.221238333333325,322,0,0,0,1,0,3.964912375766906,1276.7017849969438
2026-07-02T20:00:00Z,browser-e2e,large-post-three-user-http-lifecycle,4,4,2,531982,0.14777277777777778,25.369011111111103,324,0,0,0,1,0,3.9418170287371614,1277.1487173108403
2026-07-02T20:15:00Z,browser-e2e,large-post-three-user-http-lifecycle,6,6,1,858652,0.23851444444444445,25.607525555555547,325,0,0,0,1,0,3.9051020288176583,1269.158159365739
2026-07-02T20:30:00Z,browser-e2e,large-post-three-user-http-lifecycle,12,12,7,1811872,0.5032977777777777,26.110823333333325,332,0,0,0,1,0,3.8298294436521676,1271.5033752925196
2026-07-02T20:45:00Z,browser-e2e,large-post-three-user-http-lifecycle,8,8,5,1696895,0.4713597222222222,26.582183055555547,337,0,0,0,1,0,3.761918266494688,1267.76645580871
2026-07-02T21:00:00Z,browser-e2e,large-post-three-user-http-lifecycle,11,11,6,1930099,0.5361386111111112,27.118321666666656,343,0,0,0,1,0,3.687543839518585,1264.8275369548746
2026-07-02T21:15:00Z,browser-e2e,large-post-three-user-http-lifecycle,10,10,7,1520631,0.4223975,27.540719166666655,350,0,0,0,1,0,3.630987244553619,1270.8455355937667
2026-07-02T21:30:00Z,browser-e2e,large-post-three-user-http-lifecycle,11,11,5,2038981,0.5663836111111111,28.107102777777765,355,0,0,0,1,0,3.557819558658415,1263.0259433237372
2026-07-02T21:45:00Z,browser-e2e,large-post-three-user-http-lifecycle,10,10,5,1602509,0.4451413888888889,28.552244166666654,360,0,0,0,1,0,3.502351668621029,1260.8466007035704
2026-07-02T22:00:00Z,browser-e2e,large-post-three-user-http-lifecycle,12,12,6,1812371,0.5034363888888889,29.055680555555544,366,0,0,0,1,0,3.441667793972207,1259.6504125938277
2026-07-02T22:15:00Z,browser-e2e,large-post-three-user-http-lifecycle,12,12,8,1906582,0.5296061111111111,29.585286666666654,374,0,0,0,1,0,3.3800585110662005,1264.1418831387589
2026-07-02T22:30:00Z,browser-e2e,large-post-three-user-http-lifecycle,3,3,0,286528,0.07959111111111111,29.664877777777765,374,0,0,0,1,0,3.3709897862755036,1260.7501800670384
2026-07-02T22:45:00Z,browser-e2e,large-post-three-user-http-lifecycle,1,1,0,169570,0.04710277777777778,29.71198055555554,374,0,0,0,1,0,3.3656457136211344,1258.7514968943042
2026-07-02T23:15:00Z,browser-e2e,large-post-three-user-http-lifecycle,2,2,1,369228,0.10256333333333334,29.814543888888874,375,0,0,0,1,0,3.35406774534852,1257.775404505695
2026-07-02T23:30:00Z,browser-e2e,large-post-three-user-http-lifecycle,9,9,3,1559688,0.43324666666666667,30.24779055555554,378,0,0,0,1,0,3.306026594449334,1249.6780527018482
2026-07-02T23:45:00Z,browser-e2e,large-post-three-user-http-lifecycle,9,9,5,1136379,0.31566083333333333,30.563451388888872,383,2,2,2,3,6.543763577457375,9.815645366186061,1253.130725083087
2026-07-03T00:00:00Z,browser-e2e,large-post-three-user-http-lifecycle,13,13,6,1706427,0.4740075,31.03745888888887,389,0,0,2,3,6.4438264973940305,9.665739746091047,1253.324253743139
2026-07-03T00:15:00Z,browser-e2e,large-post-three-user-http-lifecycle,14,14,4,1783108,0.4953077777777778,31.53276666666665,393,0,0,2,3,6.34260869381374,9.51391304072061,1246.3226083344
2026-07-03T00:30:00Z,browser-e2e,large-post-three-user-http-lifecycle,14,14,7,1816929,0.5047025,32.03746916666665,400,0,0,2,3,6.242690362323931,9.364035543485898,1248.5380724647864
2026-07-03T00:45:00Z,browser-e2e,large-post-three-user-http-lifecycle,15,15,13,1608541,0.4468169444444444,32.48428611111109,413,0,0,2,3,6.15682300407984,9.23523450611976,1271.383950342487
2026-07-03T01:00:00Z,browser-e2e,large-post-three-user-http-lifecycle,14,14,8,1874226,0.5206183333333333,33.00490444444442,421,0,0,2,3,6.059705470035535,9.089558205053303,1275.5680014424802
2026-07-03T01:15:00Z,browser-e2e,large-post-three-user-http-lifecycle,17,17,11,1758364,0.48843444444444445,33.493338888888864,432,0,0,2,3,5.971336589149323,8.957004883723984,1289.8087032562537
2026-07-03T01:30:00Z,browser-e2e,large-post-three-user-http-lifecycle,10,10,6,1702757,0.47298805555555556,33.96632694444442,438,0,0,2,3,5.888184504822129,8.832276757233194,1289.5124065560462
2026-07-03T01:45:00Z,browser-e2e,large-post-three-user-http-lifecycle,14,14,7,1724725,0.4790902777777778,34.4454172222222,445,0,0,2,3,5.806287632102523,8.709431448153785,1291.8989981428115
2026-07-03T02:00:00Z,browser-e2e,large-post-three-user-http-lifecycle,6,6,1,704185,0.19560694444444446,34.64102416666664,446,0,0,2,3,5.773501356015051,8.660252034022577,1287.4908023913565
2026-07-03T02:15:00Z,browser-e2e,large-post-three-user-http-lifecycle,14,14,4,1781473,0.4948536111111111,35.13587777777775,450,1,1,3,4,8.53828106693096,11.384374755907945,1280.742160039644
2026-07-03T02:30:00Z,browser-e2e,large-post-three-user-http-lifecycle,8,8,6,1112934,0.30914833333333336,35.44502611111108,456,0,0,3,4,8.463810946550774,11.285081262067699,1286.4992638757176
2026-07-03T03:00:00Z,browser-e2e,large-post-three-user-http-lifecycle,7,7,5,1280063,0.3555730555555556,35.800599166666636,461,0,0,3,4,8.379748020511489,11.172997360681984,1287.6879458185988
2026-07-03T03:15:00Z,browser-e2e,large-post-three-user-http-lifecycle,2,2,1,225937,0.06276027777777778,35.86335944444441,462,0,0,3,4,8.365083601962251,11.153444802616335,1288.2228747021868
2026-07-03T03:30:00Z,browser-e2e,large-post-three-user-http-lifecycle,4,4,3,747816,0.20772666666666667,36.07108611111108,465,0,0,3,4,8.316910643497096,11.08921419132946,1289.12114974205
2026-07-03T03:45:00Z,browser-e2e,large-post-three-user-http-lifecycle,1,1,0,145127,0.04031305555555555,36.11139916666664,465,0,0,3,4,8.307626038398455,11.076834717864607,1287.6820359517606
2026-07-03T04:00:00Z,browser-e2e,large-post-three-user-http-lifecycle,1,1,0,158763,0.04410083333333333,36.15549999999997,465,0,0,3,4,8.297492774266717,11.06332369902229,1286.111380011341
2026-07-03T04:15:00Z,browser-e2e,large-post-three-user-http-lifecycle,4,4,3,472938,0.13137166666666666,36.286871666666634,468,0,0,3,4,8.267452834066763,11.023270445422352,1289.722642114415
2026-07-03T04:30:00Z,browser-e2e,large-post-three-user-http-lifecycle,4,4,1,578059,0.16057194444444445,36.447443611111076,469,0,0,3,4,8.231029950987958,10.974706601317278,1286.7843490044509
2026-07-03T06:15:00Z,browser-e2e,large-post-three-user-http-lifecycle,1,1,1,175173,0.04865916666666667,36.49610277777774,470,0,0,3,4,8.220055763944972,10.960074351926627,1287.8087363513787
2026-07-03T06:30:00Z,browser-e2e,large-post-three-user-http-lifecycle,7,7,4,1217121,0.33808916666666666,36.83419194444441,474,0,0,3,4,8.144606523538737,10.859475364718318,1286.8478307191206
2026-07-03T06:45:00Z,browser-e2e,large-post-three-user-http-lifecycle,3,3,2,615604,0.1710011111111111,37.00519305555552,476,0,0,3,4,8.106970271702489,10.809293695603317,1286.305949776795
2026-07-03T07:00:00Z,browser-e2e,large-post-three-user-http-lifecycle,3,3,0,434837,0.12078805555555555,37.12598111111108,476,0,0,3,4,8.08059453303487,10.774126044046492,1282.1209992415324
2026-07-03T07:15:00Z,browser-e2e,large-post-three-user-http-lifecycle,2,2,0,283400,0.07872222222222222,37.204703333333306,476,0,0,3,4,8.063496631384695,10.751328841846258,1279.4081321797048
2026-07-03T07:30:00Z,browser-e2e,large-post-three-user-http-lifecycle,1,1,0,160205,0.04450138888888889,37.249204722222196,476,0,0,3,4,8.053863223045552,10.738484297394068,1277.879631389894
2026-07-03T08:00:00Z,browser-e2e,large-post-three-user-http-lifecycle,4,4,0,380684,0.10574555555555555,37.35495027777775,476,0,0,3,4,8.031064096435655,10.708085461914207,1274.2621699677904
2026-07-03T08:15:00Z,browser-e2e,large-post-three-user-http-lifecycle,3,3,0,494591,0.13738638888888888,37.492336666666645,476,0,0,3,4,8.00163517860228,10.668846904803042,1269.5927816715619
2026-07-03T08:30:00Z,browser-e2e,large-post-three-user-http-lifecycle,1,1,1,135213,0.037559166666666664,37.52989583333331,477,0,0,3,4,7.993627302678147,10.658169736904195,1270.9867411258253
2026-07-03T08:45:00Z,browser-e2e,large-post-three-user-http-lifecycle,2,2,0,266977,0.07416027777777778,37.60405611111109,477,0,0,3,4,7.977862789949333,10.63715038659911,1268.480183601944
2026-07-03T09:00:00Z,browser-e2e,large-post-three-user-http-lifecycle,2,2,0,196086,0.054468333333333334,37.658524444444424,477,0,0,3,4,7.966323811825759,10.621765082434344,1266.6454860802955
2026-07-03T09:15:00Z,browser-e2e,large-post-three-user-http-lifecycle,3,3,1,552678,0.15352166666666667,37.812046111111094,478,0,0,3,4,7.933979534417335,10.578639379223114,1264.147405817162
2026-07-03T13:45:00Z,browser-e2e,large-post-three-user-http-lifecycle,2,2,0,190836,0.05301,37.865056111111095,478,0,0,3,4,7.9228721890621525,10.563829585416203,1262.3776354572362
2026-07-03T14:00:00Z,browser-e2e,large-post-three-user-http-lifecycle,1,1,1,111571,0.030991944444444443,37.89604805555554,479,0,0,3,4,7.916392747871771,10.555190330495694,1263.9840420768594
2026-07-03T15:15:00Z,browser-e2e,large-post-three-user-http-lifecycle,3,3,1,315253,0.08757027777777777,37.98361833333332,480,0,0,3,4,7.898141703280773,10.530855604374363,1263.7026725249236
2026-07-03T15:30:00Z,browser-e2e,large-post-three-user-http-lifecycle,1,1,1,198310,0.055086111111111113,38.03870444444443,481,0,0,3,4,7.886703934361129,10.515605245814838,1264.5015308092343
2026-07-03T15:45:00Z,browser-e2e,large-post-three-user-http-lifecycle,4,4,0,363425,0.10095138888888888,38.139655833333315,481,0,0,3,4,7.8658287141072165,10.487771618809623,1261.1545371618572
2026-07-03T16:00:00Z,browser-e2e,large-post-three-user-http-lifecycle,1,1,1,287230,0.07978611111111111,38.219441944444426,482,0,0,3,4,7.849408173883814,10.46587756517842,1261.1382466039995
2026-07-03T17:45:00Z,browser-e2e,large-post-three-user-http-lifecycle,3,3,0,284552,0.07904222222222222,38.29848416666665,482,0,0,3,4,7.83320819420595,10.444277592274599,1258.5354498690892
2026-07-03T18:00:00Z,browser-e2e,large-post-three-user-http-lifecycle,3,3,1,312594,0.08683166666666667,38.385315833333316,483,0,0,3,4,7.8154886442144065,10.42065152561921,1258.2936717185196
2026-07-03T18:15:00Z,browser-e2e,large-post-three-user-http-lifecycle,2,2,0,197647,0.05490194444444445,38.44021777777776,483,0,0,3,4,7.804326232860981,10.405768310481307,1256.4965234906178
2026-07-03T18:30:00Z,browser-e2e,large-post-three-user-http-lifecycle,1,1,0,92536,0.025704444444444443,38.465922222222204,483,0,0,3,4,7.799111074651073,10.398814766201431,1255.6568830188228
2026-07-03T18:45:00Z,browser-e2e,large-post-three-user-http-lifecycle,1,1,0,91018,0.02528277777777778,38.49120499999998,483,0,0,3,4,7.793988263033079,10.391984350710771,1254.8321103483256
2026-07-03T19:00:00Z,browser-e2e,large-post-three-user-http-lifecycle,3,3,1,327538,0.09098277777777777,38.582187777777754,484,0,0,3,4,7.775608830891427,10.36747844118857,1254.4648913838168
2026-07-03T19:15:00Z,browser-e2e,large-post-three-user-http-lifecycle,2,2,0,193302,0.053695,38.63588277777775,484,0,0,3,4,7.764802521156612,10.353070028208816,1252.7214734132667
2026-07-03T19:30:00Z,browser-e2e,large-post-three-user-http-lifecycle,1,1,0,102861,0.0285725,38.664455277777755,484,0,0,3,4,7.759064439022986,10.345419252030648,1251.7957294957084
2026-07-03T19:45:00Z,browser-e2e,large-post-three-user-http-lifecycle,2,2,0,187437,0.05206583333333333,38.716521111111085,484,0,0,3,4,7.748630078075489,10.33150677076732,1250.1123192628456
2026-07-03T20:00:00Z,browser-e2e,large-post-three-user-http-lifecycle,1,1,0,96575,0.02682638888888889,38.74334749999998,484,0,0,3,4,7.743264827593955,10.324353103458606,1249.2467255184913
2026-07-03T20:15:00Z,browser-e2e,large-post-three-user-http-lifecycle,3,3,1,480887,0.13357972222222222,38.8769272222222,485,0,0,3,4,7.716659248432547,10.288878997910063,1247.5265784965952
2026-07-03T20:30:00Z,browser-e2e,large-post-three-user-http-lifecycle,7,7,6,1116184,0.3100511111111111,39.186978333333315,491,0,0,3,4,7.655604304269955,10.207472405693274,1252.9672377988493
2026-07-03T20:45:00Z,browser-e2e,large-post-three-user-http-lifecycle,7,7,3,1263498,0.3509716666666667,39.53794999999998,494,2,2,5,6,12.64607800859681,15.175293610316173,1249.4325072493648
2026-07-03T21:00:00Z,browser-e2e,large-post-three-user-http-lifecycle,12,12,5,1806594,0.5018316666666667,40.03978166666665,499,0,0,5,6,12.487580580796546,14.985096696955855,1246.2605419634954
2026-07-03T21:15:00Z,browser-e2e,large-post-three-user-http-lifecycle,4,4,3,654177,0.18171583333333333,40.221497499999984,502,1,1,6,7,14.917395852802354,17.40362849493608,1248.0887863511302
2026-07-03T21:30:00Z,browser-e2e,large-post-three-user-http-lifecycle,9,9,6,1871660,0.5199055555555555,40.74140305555554,508,0,0,6,7,14.727033312569814,17.181538864664784,1246.8888204642442
2026-07-03T21:45:00Z,browser-e2e,large-post-three-user-http-lifecycle,10,10,6,1772258,0.49229388888888886,41.233696944444425,514,0,0,6,7,14.551205554243671,16.97640647995095,1246.5532758135412
2026-07-03T22:00:00Z,browser-e2e,large-post-three-user-http-lifecycle,12,12,3,1693057,0.4702936111111111,41.703990555555535,517,0,0,6,7,14.387112408360927,16.784964476421084,1239.6895191871
2026-07-03T22:15:00Z,browser-e2e,large-post-three-user-http-lifecycle,10,10,3,1455930,0.404425,42.10841555555554,520,0,0,6,7,14.248933190288122,16.623755388669476,1234.907543158304
2026-07-03T22:30:00Z,browser-e2e,large-post-three-user-http-lifecycle,6,6,1,696629,0.19350805555555556,42.30192361111109,521,0,0,6,7,14.183752150750966,16.54771084254279,1231.6224784235421
2026-07-03T22:45:00Z,browser-e2e,large-post-three-user-http-lifecycle,1,1,0,91029,0.025285833333333334,42.32720944444443,521,0,0,6,7,14.175278925191506,16.537825412723425,1230.886720004129
2026-07-03T23:00:00Z,browser-e2e,large-post-three-user-http-lifecycle,2,2,0,188032,0.05223111111111111,42.37944055555554,521,0,0,6,7,14.157808412158138,16.517443147517827,1229.3696971223983
2026-07-04T00:15:00Z,browser-e2e,large-post-three-user-http-lifecycle,1,1,0,92658,0.025738333333333332,42.40517888888888,521,0,0,6,7,14.149215160066538,16.507417686744294,1228.623516399111
2026-07-04T00:30:00Z,browser-e2e,large-post-three-user-http-lifecycle,4,4,2,647723,0.17992305555555554,42.58510194444443,523,1,1,7,8,16.43767345944608,18.785912525081237,1228.1290313271859
2026-07-04T00:45:00Z,browser-e2e,large-post-three-user-http-lifecycle,10,10,4,1703431,0.4731752777777778,43.05827722222221,527,0,0,7,8,16.257036861631164,18.579470699007047,1223.9226322970892
2026-07-04T01:00:00Z,browser-e2e,large-post-three-user-http-lifecycle,10,10,5,1937987,0.5383297222222222,43.59660694444443,532,0,0,7,8,16.05629541060424,18.350051897833417,1220.2784512059222
2026-07-04T01:15:00Z,browser-e2e,large-post-three-user-http-lifecycle,7,7,2,857425,0.2381736111111111,43.83478055555554,534,0,0,7,8,15.969054507135734,18.250348008155125,1218.2107295443545
2026-07-04T01:30:00Z,browser-e2e,large-post-three-user-http-lifecycle,4,4,0,468410,0.1301138888888889,43.964894444444425,534,0,0,7,8,15.92179416885771,18.19633619298024,1214.6054408814312
2026-07-04T02:30:00Z,browser-e2e,large-post-three-user-http-lifecycle,2,2,1,274143,0.07615083333333333,44.04104527777776,535,0,0,7,8,15.894263989079436,18.1648731303765,1214.7758905939284
2026-07-04T02:45:00Z,browser-e2e,large-post-three-user-http-lifecycle,3,3,1,550508,0.15291888888888888,44.19396416666665,536,0,0,7,8,15.839267040180474,18.102019474491968,1212.835304790962
2026-07-04T03:45:00Z,browser-e2e,large-post-three-user-http-lifecycle,7,7,4,1287113,0.3575313888888889,44.55149555555554,540,1,1,8,9,17.956748477779005,20.20134203750138,1212.0805222500828
2026-07-04T04:15:00Z,browser-e2e,large-post-three-user-http-lifecycle,5,5,3,560638,0.15573277777777778,44.70722833333332,543,0,0,8,9,17.89419809332101,20.130972854986133,1214.5686955841634
2026-07-04T04:30:00Z,browser-e2e,large-post-three-user-http-lifecycle,1,1,1,127814,0.03550388888888889,44.74273222222221,544,0,0,8,9,17.879998834820082,20.11499868917259,1215.8399207677655
2026-07-04T05:00:00Z,browser-e2e,large-post-three-user-http-lifecycle,3,3,1,642948,0.17859666666666665,44.92132888888887,545,0,0,8,9,17.808912153484336,20.035026172669877,1213.2321404561203
2026-07-04T06:15:00Z,browser-e2e,large-post-three-user-http-lifecycle,4,4,2,571292,0.15869222222222223,45.080021111111094,547,0,0,8,9,17.746220615740132,19.964498192707648,1213.3978346012314
2026-07-04T07:15:00Z,browser-e2e,large-post-three-user-http-lifecycle,5,5,0,632327,0.1756463888888889,45.25566749999998,547,0,0,8,9,17.67734394813645,19.887011941653505,1208.6883924538297
2026-07-04T07:30:00Z,browser-e2e,large-post-three-user-http-lifecycle,1,1,0,163313,0.04536472222222222,45.301032222222204,547,0,0,8,9,17.659641751111444,19.86709697000037,1207.478004732245
2026-07-04T07:45:00Z,browser-e2e,large-post-three-user-http-lifecycle,2,2,1,169475,0.04707638888888889,45.348108611111094,548,0,0,8,9,17.64130907554512,19.846472709988262,1208.4296716748408
2026-07-04T08:00:00Z,browser-e2e,large-post-three-user-http-lifecycle,2,2,1,291806,0.08105722222222222,45.429165833333315,549,0,0,8,9,17.609832479314555,19.811061539228874,1208.4747538929612
2026-07-04T08:30:00Z,browser-e2e,large-post-three-user-http-lifecycle,3,3,1,360809,0.10022472222222223,45.52939055555554,550,0,0,8,9,17.571067616726165,19.767451068816936,1208.0108986499238
2026-07-04T08:45:00Z,browser-e2e,large-post-three-user-http-lifecycle,3,3,0,293712,0.08158666666666667,45.6109772222222,550,0,0,8,9,17.53963735752258,19.7320920272129,1205.8500683296772
2026-07-04T09:15:00Z,browser-e2e,large-post-three-user-http-lifecycle,6,6,2,1031526,0.286535,45.897512222222204,552,0,0,8,9,17.430138612451067,19.60890593900745,1202.6795642591237
2026-07-04T09:30:00Z,browser-e2e,large-post-three-user-http-lifecycle,1,1,1,154191,0.04283083333333333,45.94034305555554,553,0,0,8,9,17.413888247037296,19.59062427791696,1203.735025076453
2026-07-04T10:15:00Z,browser-e2e,large-post-three-user-http-lifecycle,5,5,0,647368,0.17982444444444445,46.12016749999998,553,0,0,8,9,17.345990775076878,19.514239621961487,1199.0416123271891
2026-07-04T11:45:00Z,browser-e2e,large-post-three-user-http-lifecycle,3,3,2,539128,0.14975777777777777,46.26992527777776,555,0,0,8,9,17.28984853978615,19.451079607259416,1199.483242447664
2026-07-04T12:00:00Z,browser-e2e,large-post-three-user-http-lifecycle,1,1,0,98266,0.02729611111111111,46.29722138888887,555,0,0,8,9,17.279654717939433,19.43961155768186,1198.7760460570482
2026-07-04T12:15:00Z,browser-e2e,large-post-three-user-http-lifecycle,7,7,5,784129,0.2178136111111111,46.51503499999998,560,1,1,9,10,19.348582667948122,21.498425186609026,1203.9118104501053
2026-07-04T13:45:00Z,browser-e2e,large-post-three-user-http-lifecycle,8,8,5,1161354,0.3225983333333333,46.837633333333315,565,1,1,10,11,21.350352885749288,23.485388174324218,1206.2949380448347
2026-07-04T14:00:00Z,browser-e2e,large-post-three-user-http-lifecycle,3,3,2,493311,0.13703083333333332,46.97466416666665,567,0,0,10,11,21.28807129843416,23.416878428277577,1207.033642621217
2026-07-04T14:15:00Z,browser-e2e,large-post-three-user-http-lifecycle,2,2,2,317348,0.08815222222222223,47.06281638888887,569,0,0,10,11,21.24819712736298,23.373016840099282,1209.0224165469538
2026-07-04T14:45:00Z,browser-e2e,large-post-three-user-http-lifecycle,5,5,3,850457,0.23623805555555555,47.29905444444442,572,0,0,10,11,21.142071691402627,23.25627886054289,1209.3265007482303
2026-07-04T15:00:00Z,browser-e2e,large-post-three-user-http-lifecycle,1,1,0,179819,0.04994972222222222,47.349004166666646,572,0,0,10,11,21.119768358380654,23.23174519421872,1208.0507500993735
2026-07-04T15:45:00Z,browser-e2e,large-post-three-user-http-lifecycle,3,3,2,540331,0.15009194444444443,47.49909611111109,574,0,0,10,11,21.053032202144955,23.15833542235945,1208.4440484031204
2026-07-04T16:00:00Z,browser-e2e,large-post-three-user-http-lifecycle,2,2,1,186039,0.0516775,47.55077361111109,575,0,0,10,11,21.030152068153356,23.133167274968695,1209.2337439188182
2026-07-04T16:45:00Z,browser-e2e,large-post-three-user-http-lifecycle,6,6,3,1001072,0.2780755555555556,47.82884916666664,578,1,1,11,12,22.99867170474641,25.08946004154154,1208.475658667584
2026-07-04T17:00:00Z,browser-e2e,large-post-three-user-http-lifecycle,3,3,2,884437,0.24567694444444443,48.07452611111109,580,0,0,11,12,22.881140782493652,24.961244489993078,1206.4601503496654
2026-07-04T17:30:00Z,browser-e2e,large-post-three-user-http-lifecycle,2,2,2,396997,0.11027694444444444,48.184803055555534,582,1,1,12,13,24.904117562054545,26.979460692225754,1207.8497017596453
2026-07-04T17:45:00Z,browser-e2e,large-post-three-user-http-lifecycle,3,3,1,309833,0.08606472222222222,48.27086777777776,583,0,0,12,13,24.859714673545575,26.931357563007705,1207.7678045564226
2026-07-04T18:00:00Z,browser-e2e,large-post-three-user-http-lifecycle,2,2,2,326870,0.09079722222222222,48.36166499999998,585,1,1,13,14,26.880794943681128,28.94854840088737,1209.6357724656507
2026-07-04T18:15:00Z,browser-e2e,large-post-three-user-http-lifecycle,6,6,4,1079008,0.29972444444444446,48.661389444444424,589,0,0,13,14,26.715225661284904,28.77024301984528,1210.4052241920622
2026-07-04T18:30:00Z,browser-e2e,large-post-three-user-http-lifecycle,2,2,1,373504,0.10375111111111111,48.76514055555553,590,0,0,13,14,26.65838722476313,28.709032395898756,1209.880650970019
2026-07-04T20:45:00Z,browser-e2e,large-post-three-user-http-lifecycle,1,1,0,169575,0.04710416666666667,48.8122447222222,590,0,0,13,14,26.63266168966337,28.681327973483626,1208.713107453953
2026-07-04T21:00:00Z,browser-e2e,large-post-three-user-http-lifecycle,2,2,0,196334,0.05453722222222222,48.86678194444442,590,0,0,13,14,26.602938607210554,28.6493185000729,1207.3641367887867
2026-07-04T21:15:00Z,browser-e2e,large-post-three-user-http-lifecycle,2,2,1,345570,0.09599166666666667,48.96277361111109,591,0,0,13,14,26.550783465113827,28.593151423968738,1207.0394636832518
2026-07-04T21:30:00Z,browser-e2e,large-post-three-user-http-lifecycle,3,3,1,261622,0.07267277777777778,49.035446388888865,592,0,0,13,14,26.511433987772815,28.55077506375534,1207.2899169816544
2026-07-04T21:45:00Z,browser-e2e,large-post-three-user-http-lifecycle,2,2,1,372283,0.10341194444444445,49.13885833333331,593,0,0,13,14,26.45564109734609,28.490690412526558,1206.7842439020176
2026-07-02T22:00:00Z,browser-e2e,long-session-large-doc,10,10,10,492614,0.13683722222222222,0.13683722222222222,10,0,0,0,0,0,0,7307.953082941208
2026-07-02T22:15:00Z,browser-e2e,long-session-large-doc,19,19,19,907807,0.2521686111111111,0.38900583333333333,29,0,0,0,0,0,0,7454.901061894959
2026-07-02T22:30:00Z,browser-e2e,long-session-large-doc,3,3,3,149614,0.04155944444444445,0.43056527777777776,32,0,0,0,0,0,0,7432.090243123543
2026-07-03T04:30:00Z,browser-e2e,long-session-large-doc,3,3,0,227668,0.06324111111111111,0.49380638888888884,32,0,0,0,0,0,0,6480.272576465249
2026-07-03T22:30:00Z,browser-e2e,long-session-large-doc,3,3,0,247432,0.06873111111111112,0.5625374999999999,32,0,0,0,0,0,0,5688.509654911895
2026-07-04T02:45:00Z,browser-e2e,long-session-large-doc,2,2,0,144557,0.040154722222222224,0.6026922222222222,32,0,0,0,0,0,0,5309.509368149949
2026-07-04T03:00:00Z,browser-e2e,long-session-large-doc,3,3,0,228501,0.0634725,0.6661647222222222,32,0,0,0,0,0,0,4803.616723091094
2026-07-04T04:00:00Z,browser-e2e,long-session-large-doc,6,6,1,442541,0.12292805555555555,0.7890927777777778,33,0,0,0,0,0,0,4182.017746117729
2026-07-04T04:45:00Z,browser-e2e,long-session-large-doc,1,1,0,74918,0.020810555555555554,0.8099033333333333,33,0,0,0,0,0,0,4074.5603384766086
2026-07-04T05:30:00Z,browser-e2e,long-session-large-doc,4,4,0,367612,0.10211444444444444,0.9120177777777777,33,0,0,0,0,0,0,3618.3505194830514
2026-07-04T05:45:00Z,browser-e2e,long-session-large-doc,6,6,0,540304,0.15008444444444444,1.062102222222222,33,0,0,0,0,0,0,3107.0455658170595
2026-07-04T06:30:00Z,browser-e2e,long-session-large-doc,5,5,0,396963,0.1102675,1.172369722222222,33,0,0,0,0,0,0,2814.811690756448
2026-07-04T06:45:00Z,browser-e2e,long-session-large-doc,3,3,0,227853,0.0632925,1.235662222222222,33,0,0,0,0,0,0,2670.6327511293994
2026-07-04T08:00:00Z,browser-e2e,long-session-large-doc,2,2,0,155976,0.043326666666666666,1.2789888888888887,33,0,0,0,0,0,0,2580.163149710275
2026-07-04T09:30:00Z,browser-e2e,long-session-large-doc,5,5,0,389114,0.10808722222222222,1.387076111111111,33,0,0,0,0,0,0,2379.1052081176354
2026-07-04T10:30:00Z,browser-e2e,long-session-large-doc,3,3,0,241641,0.0671225,1.454198611111111,33,0,0,0,0,0,0,2269.291123499675
2026-07-04T10:45:00Z,browser-e2e,long-session-large-doc,9,9,1,662598,0.184055,1.638253611111111,34,0,0,0,0,0,0,2075.380745044732
2026-07-04T12:30:00Z,browser-e2e,long-session-large-doc,1,1,0,71867,0.019963055555555557,1.6582166666666667,34,0,0,0,0,0,0,2050.395505211422
2026-07-04T12:45:00Z,browser-e2e,long-session-large-doc,5,5,0,364702,0.10130611111111111,1.7595227777777778,34,0,0,0,0,0,0,1932.3421344360734
2026-07-04T13:00:00Z,browser-e2e,long-session-large-doc,2,2,0,157705,0.04380694444444445,1.8033297222222222,34,0,0,0,0,0,0,1885.4011876487123
2026-07-04T13:15:00Z,browser-e2e,long-session-large-doc,1,1,0,74813,0.020781388888888887,1.824111111111111,34,0,0,0,0,0,0,1863.9215447402084
2026-07-04T13:30:00Z,browser-e2e,long-session-large-doc,8,8,1,578382,0.16066166666666667,1.9847727777777777,35,0,0,0,0,0,0,1763.4260400924707
2026-07-04T14:00:00Z,browser-e2e,long-session-large-doc,2,2,0,145799,0.04049972222222222,2.0252725,35,0,0,0,0,0,0,1728.1625065268997
2026-07-04T16:15:00Z,browser-e2e,long-session-large-doc,6,6,0,442290,0.12285833333333333,2.148130833333333,35,0,0,0,0,0,0,1629.3234777366526
2026-07-04T16:30:00Z,browser-e2e,long-session-large-doc,2,2,0,154383,0.04288416666666667,2.1910149999999997,35,0,0,0,0,0,0,1597.4331531276603
2026-07-04T17:00:00Z,browser-e2e,long-session-large-doc,5,5,1,389622,0.10822833333333333,2.299243333333333,36,0,0,0,0,0,0,1565.7324946032973
2026-07-04T17:15:00Z,browser-e2e,long-session-large-doc,5,5,1,420315,0.11675416666666667,2.4159974999999996,37,0,0,0,0,0,0,1531.4585383469978
2026-07-04T18:30:00Z,browser-e2e,long-session-large-doc,5,5,0,387807,0.10772416666666666,2.5237216666666664,37,0,0,0,0,0,0,1466.0887723355654
2026-07-04T19:00:00Z,browser-e2e,long-session-large-doc,6,6,1,428747,0.11909638888888889,2.6428180555555554,38,0,0,0,0,0,0,1437.8591034717256
2026-07-04T19:15:00Z,browser-e2e,long-session-large-doc,3,3,0,223111,0.061975277777777775,2.704793333333333,38,0,0,0,0,0,0,1404.913252768542
2026-07-04T22:00:00Z,browser-e2e,long-session-large-doc,5,5,0,361997,0.10055472222222223,2.805348055555555,38,0,0,0,0,0,0,1354.5556290153343
2026-07-02T19:15:00Z,browser-e2e,many-user-lifecycle,1,1,1,20512,0.005697777777777778,0.005697777777777778,1,0,0,0,0,0,0,17550.702028081123
2026-07-03T06:30:00Z,browser-e2e,many-user-lifecycle,2,2,1,406844,0.11301222222222222,0.11871,2,0,0,0,0,0,0,1684.7780304944824
2026-07-03T06:45:00Z,browser-e2e,many-user-lifecycle,5,5,4,419163,0.11643416666666667,0.23514416666666665,6,0,0,0,0,0,0,2551.626130069142
2026-07-03T07:15:00Z,browser-e2e,many-user-lifecycle,7,7,4,695047,0.19306861111111112,0.4282127777777778,10,0,0,0,0,0,0,2335.2876231053356
2026-07-03T07:30:00Z,browser-e2e,many-user-lifecycle,1,1,1,621375,0.17260416666666667,0.6008169444444444,11,0,0,0,0,0,0,1830.840508363381
2026-07-04T08:15:00Z,browser-e2e,many-user-lifecycle,4,4,0,599034,0.16639833333333334,0.7672152777777778,11,0,0,0,0,0,0,1433.756641533685
2026-07-04T09:00:00Z,browser-e2e,many-user-lifecycle,6,6,4,578009,0.16055805555555555,0.9277733333333333,15,0,0,0,0,0,0,1616.774212092034
2026-07-04T10:00:00Z,browser-e2e,many-user-lifecycle,4,4,0,589963,0.1638786111111111,1.0916519444444444,15,0,0,0,0,0,0,1374.064332165294
2026-07-04T12:45:00Z,browser-e2e,many-user-lifecycle,5,5,1,652904,0.18136222222222223,1.2730141666666666,16,0,0,0,0,0,0,1256.85954005487
2026-07-04T13:00:00Z,browser-e2e,many-user-lifecycle,12,12,0,1698023,0.47167305555555555,1.744687222222222,16,0,0,0,0,0,0,917.0698218114231
2026-07-04T13:15:00Z,browser-e2e,many-user-lifecycle,10,10,0,1441366,0.40037944444444445,2.1450666666666667,16,0,0,0,0,0,0,745.8975634012929
2026-07-04T14:15:00Z,browser-e2e,many-user-lifecycle,6,6,4,634682,0.17630055555555554,2.3213672222222224,20,0,0,0,0,0,0,861.5612303190097
2026-07-04T14:45:00Z,browser-e2e,many-user-lifecycle,6,6,5,366271,0.10174194444444444,2.423109166666667,25,1,1,1,1,41.26929210439342,41.26929210439342,1031.7323026098356
2026-07-04T15:00:00Z,browser-e2e,many-user-lifecycle,6,6,3,833498,0.23152722222222222,2.654636388888889,28,0,0,1,1,37.66994245183819,37.66994245183819,1054.7583886514694
2026-07-04T15:15:00Z,browser-e2e,many-user-lifecycle,10,10,6,922023,0.2561175,2.9107538888888893,34,0,0,1,1,34.35536078186693,34.35536078186693,1168.0822665834755
2026-07-04T15:30:00Z,browser-e2e,many-user-lifecycle,4,4,1,477239,0.1325663888888889,3.043320277777778,35,0,0,1,1,32.85884851824391,32.85884851824391,1150.059698138537
2026-07-04T18:45:00Z,browser-e2e,many-user-lifecycle,10,10,1,1534884,0.42635666666666666,3.4696769444444446,36,0,0,1,1,28.82112703896464,28.82112703896464,1037.5605734027272
2026-07-04T19:00:00Z,browser-e2e,many-user-lifecycle,3,3,0,438799,0.12188861111111111,3.591565555555556,36,0,0,1,1,27.843011203099604,27.843011203099604,1002.3484033115858
2026-07-04T22:00:00Z,browser-e2e,many-user-lifecycle,1,1,0,150688,0.04185777777777778,3.633423333333334,36,0,0,1,1,27.5222540359092,27.5222540359092,990.8011452927311
2026-07-02T20:45:00Z,browser-e2e,media-cross-entity,3,3,2,94296,0.026193333333333332,0.026193333333333332,2,0,0,0,0,0,0,7635.530669381522
2026-07-02T21:00:00Z,browser-e2e,media-cross-entity,21,21,21,879429,0.24428583333333334,0.27047916666666666,23,0,0,0,0,0,0,8503.427559115768
2026-07-02T21:15:00Z,browser-e2e,media-cross-entity,18,18,17,706493,0.19624805555555555,0.4667272222222222,40,0,0,0,0,0,0,8570.316470838903
2026-07-02T21:30:00Z,browser-e2e,media-cross-entity,11,11,10,461166,0.12810166666666667,0.5948288888888889,50,0,0,0,0,0,0,8405.77869265858
2026-07-02T21:45:00Z,browser-e2e,media-cross-entity,20,20,20,856848,0.23801333333333333,0.8328422222222222,70,0,0,0,0,0,0,8404.95331915609
2026-07-03T01:45:00Z,browser-e2e,media-cross-entity,1,1,0,27812,0.007725555555555556,0.8405677777777777,70,0,0,0,0,0,0,8327.70442201105
2026-07-03T02:00:00Z,browser-e2e,media-cross-entity,18,18,14,517853,0.14384805555555555,0.9844158333333333,84,0,0,0,0,0,0,8532.979372707503
2026-07-03T02:15:00Z,browser-e2e,media-cross-entity,21,21,17,702439,0.19512194444444445,1.1795377777777778,101,0,0,0,0,0,0,8562.67615186363
2026-07-03T02:30:00Z,browser-e2e,media-cross-entity,21,21,19,729142,0.20253944444444444,1.3820772222222222,120,0,0,0,0,0,0,8682.582859375521
2026-07-03T02:45:00Z,browser-e2e,media-cross-entity,2,2,1,58058,0.016127222222222223,1.3982044444444444,121,0,0,0,0,0,0,8653.956185075462
2026-07-03T03:00:00Z,browser-e2e,media-cross-entity,6,6,5,167395,0.04649861111111111,1.4447030555555556,126,0,0,0,0,0,0,8721.515436370912
2026-07-03T03:30:00Z,browser-e2e,media-cross-entity,3,3,3,71934,0.019981666666666665,1.4646847222222221,129,0,0,0,0,0,0,8807.356152679806
2026-07-03T04:15:00Z,browser-e2e,media-cross-entity,10,10,8,323121,0.08975583333333334,1.5544405555555554,137,0,0,0,0,0,0,8813.460219521638
2026-07-03T06:45:00Z,browser-e2e,media-cross-entity,20,20,15,753711,0.20936416666666666,1.763804722222222,152,0,0,0,0,0,0,8617.73404305749
2026-07-03T07:00:00Z,browser-e2e,media-cross-entity,4,4,4,164922,0.04581166666666667,1.8096163888888885,156,0,0,0,0,0,0,8620.611581429399
2026-07-03T07:15:00Z,browser-e2e,media-cross-entity,15,15,11,540556,0.15015444444444445,1.959770833333333,167,0,0,0,0,0,0,8521.40450095143
2026-07-03T07:45:00Z,browser-e2e,media-cross-entity,22,22,20,711378,0.197605,2.157375833333333,187,0,0,0,0,0,0,8667.93801574521
2026-07-03T08:15:00Z,browser-e2e,media-cross-entity,5,5,4,277436,0.07706555555555555,2.2344413888888885,191,0,0,0,0,0,0,8547.99776578511
2026-07-03T08:30:00Z,browser-e2e,media-cross-entity,6,6,4,211958,0.05887722222222222,2.293318611111111,195,0,0,0,0,0,0,8502.961562132123
2026-07-03T08:45:00Z,browser-e2e,media-cross-entity,1,1,0,24293,0.006748055555555556,2.3000666666666665,195,0,0,0,0,0,0,8478.015129996233
2026-07-03T09:00:00Z,browser-e2e,media-cross-entity,5,5,5,184456,0.05123777777777778,2.351304444444444,200,0,0,0,0,0,0,8505.916810243392
2026-07-03T09:15:00Z,browser-e2e,media-cross-entity,20,20,16,659266,0.18312944444444446,2.5344338888888887,216,0,0,0,0,0,0,8522.613312067719
2026-07-03T16:15:00Z,browser-e2e,media-cross-entity,1,1,1,35976,0.009993333333333333,2.544427222222222,217,0,0,0,0,0,0,8528.442004738461
2026-07-03T22:30:00Z,browser-e2e,media-cross-entity,6,6,3,213778,0.05938277777777778,2.6038099999999997,220,0,0,0,0,0,0,8449.157196569644
2026-07-04T01:00:00Z,browser-e2e,media-cross-entity,11,11,10,488683,0.13574527777777778,2.7395552777777774,230,0,0,0,0,0,0,8395.523239325443
2026-07-04T01:15:00Z,browser-e2e,media-cross-entity,9,9,9,473288,0.13146888888888889,2.8710241666666665,239,0,0,0,0,0,0,8324.555493988933
2026-07-04T02:45:00Z,browser-e2e,media-cross-entity,14,14,10,532361,0.14787805555555555,3.018902222222222,249,0,0,0,0,0,0,8248.03129320003
2026-07-04T04:00:00Z,browser-e2e,media-cross-entity,30,30,26,1185087,0.3291908333333333,3.3480930555555553,275,0,0,0,0,0,0,8213.630727607382
2026-07-04T04:45:00Z,browser-e2e,media-cross-entity,10,10,7,453030,0.12584166666666666,3.473934722222222,282,0,0,0,0,0,0,8117.5964014548035
2026-07-04T05:30:00Z,browser-e2e,media-cross-entity,9,9,8,422264,0.11729555555555556,3.5912302777777776,290,0,0,0,0,0,0,8075.227082888417
2026-07-04T05:45:00Z,browser-e2e,media-cross-entity,13,13,12,632280,0.17563333333333334,3.766863611111111,302,0,0,0,0,0,0,8017.279922458332
2026-07-04T06:00:00Z,browser-e2e,media-cross-entity,16,16,12,634188,0.17616333333333334,3.943026944444444,314,0,0,0,0,0,0,7963.4251661001845
2026-07-04T06:30:00Z,browser-e2e,media-cross-entity,27,27,23,1041431,0.2892863888888889,4.232313333333333,337,0,0,0,0,0,0,7962.54845655725
2026-07-04T06:45:00Z,browser-e2e,media-cross-entity,9,9,8,382153,0.10615361111111112,4.338466944444444,345,0,0,0,0,0,0,7952.117750759502
2026-07-04T08:00:00Z,browser-e2e,media-cross-entity,14,14,10,513942,0.14276166666666668,4.481228611111111,355,0,0,0,0,0,0,7921.934603376071
2026-07-04T08:45:00Z,browser-e2e,media-cross-entity,3,3,2,129368,0.035935555555555554,4.517164166666666,357,0,0,0,0,0,0,7903.188523330548
2026-07-04T09:00:00Z,browser-e2e,media-cross-entity,14,14,12,525518,0.14597722222222223,4.663141388888889,369,0,0,0,0,0,0,7913.1205602994505
2026-07-04T09:30:00Z,browser-e2e,media-cross-entity,25,25,20,1004433,0.27900916666666664,4.942150555555555,389,0,0,0,0,0,0,7871.067374965308
2026-07-04T10:30:00Z,browser-e2e,media-cross-entity,32,32,26,1237443,0.3437341666666667,5.285884722222222,415,0,0,0,0,0,0,7851.098194694098
2026-07-04T10:45:00Z,browser-e2e,media-cross-entity,33,33,29,1350968,0.3752688888888889,5.661153611111111,444,0,0,0,0,0,0,7842.924437318994
2026-07-04T12:00:00Z,browser-e2e,media-cross-entity,17,17,14,733559,0.2037663888888889,5.86492,458,0,0,0,0,0,0,7809.143176718523
2026-07-04T12:30:00Z,browser-e2e,media-cross-entity,13,13,9,506930,0.14081388888888888,6.005733888888889,467,0,0,0,0,0,0,7775.902306693761
2026-07-04T14:00:00Z,browser-e2e,media-cross-entity,10,10,8,338497,0.09402694444444444,6.099760833333334,475,0,0,0,0,0,0,7787.190563345857
2026-07-04T15:15:00Z,browser-e2e,media-cross-entity,18,18,17,769544,0.21376222222222221,6.313523055555556,492,0,1,0,1,0,15.839017157307355,7792.796441395219
2026-07-04T15:30:00Z,browser-e2e,media-cross-entity,23,23,18,899953,0.24998694444444444,6.56351,510,0,0,0,1,0,15.235750383560015,7770.2326956156085
2026-07-04T16:00:00Z,browser-e2e,media-cross-entity,29,29,23,1065325,0.2959236111111111,6.859433611111111,533,0,0,0,1,0,14.578463131127485,7770.3208488909495
2026-07-04T16:15:00Z,browser-e2e,media-cross-entity,6,6,6,242251,0.06729194444444445,6.926725555555556,539,0,0,0,1,0,14.436835875472987,7781.45453687994
2026-07-04T17:00:00Z,browser-e2e,media-cross-entity,1,1,0,34160,0.009488888888888889,6.9362144444444445,539,0,0,0,1,0,14.417085976932983,7770.809341566878
2026-07-04T18:00:00Z,browser-e2e,media-cross-entity,3,3,2,143556,0.039876666666666664,6.976091111111111,541,0,0,0,1,0,14.334675165111568,7755.059264325358
2026-07-04T18:15:00Z,browser-e2e,media-cross-entity,14,14,11,524794,0.1457761111111111,7.121867222222222,552,0,0,0,1,0,14.041261495015236,7750.7763452484105
2026-07-04T18:30:00Z,browser-e2e,media-cross-entity,8,8,7,354144,0.09837333333333333,7.220240555555555,559,0,0,0,1,0,13.849954060471825,7742.12431980375
2026-07-04T20:45:00Z,browser-e2e,media-cross-entity,10,10,6,325929,0.09053583333333333,7.310776388888888,565,0,0,0,1,0,13.678437785620506,7728.317348875586
2026-07-04T21:00:00Z,browser-e2e,media-cross-entity,8,8,8,333203,0.09255638888888888,7.403332777777777,573,0,0,0,1,0,13.507430099612046,7739.757447077702
2026-07-04T21:45:00Z,browser-e2e,media-cross-entity,10,10,7,386058,0.10723833333333334,7.51057111111111,580,0,0,0,1,0,13.314566698138359,7722.4486849202485
2026-07-01T17:15:00Z,browser-e2e,multi-reload-lifecycle,6,6,5,235524,0.06542333333333333,0.06542333333333333,5,0,0,0,0,0,0,7642.533245019616
2026-07-01T17:30:00Z,browser-e2e,multi-reload-lifecycle,22,22,19,879745,0.2443736111111111,0.30979694444444444,24,0,0,0,0,0,0,7747.009914200072
2026-07-01T17:45:00Z,browser-e2e,multi-reload-lifecycle,17,17,16,724269,0.20118583333333334,0.5109827777777778,40,0,0,0,0,0,0,7828.052478394032
2026-07-01T18:00:00Z,browser-e2e,multi-reload-lifecycle,19,19,15,768040,0.21334444444444445,0.7243272222222222,55,0,0,0,0,0,0,7593.253202780511
2026-07-01T18:15:00Z,browser-e2e,multi-reload-lifecycle,22,22,21,896153,0.24893138888888888,0.9732586111111111,76,0,0,0,0,0,0,7808.818656455076
2026-07-01T18:30:00Z,browser-e2e,multi-reload-lifecycle,10,10,9,446662,0.12407277777777778,1.097331388888889,85,0,0,0,0,0,0,7746.064758620218
2026-07-01T18:45:00Z,browser-e2e,multi-reload-lifecycle,22,22,19,907394,0.2520538888888889,1.349385277777778,104,0,0,0,0,0,0,7707.213181640116
2026-07-01T19:00:00Z,browser-e2e,multi-reload-lifecycle,21,21,21,846420,0.23511666666666667,1.5845019444444446,125,0,0,0,0,0,0,7888.914269766156
2026-07-01T19:15:00Z,browser-e2e,multi-reload-lifecycle,15,15,12,617154,0.17143166666666668,1.7559336111111112,137,0,0,0,0,0,0,7802.117297208622
2026-07-01T19:30:00Z,browser-e2e,multi-reload-lifecycle,22,22,19,918420,0.25511666666666666,2.0110502777777777,156,0,0,0,0,0,0,7757.140720140568
2026-07-01T19:45:00Z,browser-e2e,multi-reload-lifecycle,22,22,19,834436,0.2317877777777778,2.2428380555555556,175,0,0,0,0,0,0,7802.614172990397
2026-07-01T20:00:00Z,browser-e2e,multi-reload-lifecycle,22,22,20,894327,0.24842416666666667,2.4912622222222223,195,0,0,0,0,0,0,7827.357484113363
2026-07-01T20:15:00Z,browser-e2e,multi-reload-lifecycle,21,21,20,858846,0.23856833333333333,2.7298305555555555,215,0,0,0,0,0,0,7875.946716269528
2026-07-01T20:30:00Z,browser-e2e,multi-reload-lifecycle,22,22,20,892023,0.24778416666666667,2.977614722222222,235,0,0,0,0,0,0,7892.223202893667
2026-07-01T20:45:00Z,browser-e2e,multi-reload-lifecycle,20,20,18,817259,0.2270163888888889,3.204631111111111,253,0,0,0,0,0,0,7894.82443463765
2026-07-01T21:00:00Z,browser-e2e,multi-reload-lifecycle,21,21,18,889081,0.24696694444444445,3.4515980555555554,271,0,0,0,0,0,0,7851.435643377106
2026-07-01T21:15:00Z,browser-e2e,multi-reload-lifecycle,20,20,18,854079,0.23724416666666667,3.688842222222222,289,0,0,0,0,0,0,7834.4364597383465
2026-07-01T21:30:00Z,browser-e2e,multi-reload-lifecycle,21,21,19,910125,0.2528125,3.9416547222222222,308,0,0,0,0,0,0,7813.977167090781
2026-07-01T21:45:00Z,browser-e2e,multi-reload-lifecycle,21,21,18,894041,0.24834472222222223,4.189999444444444,326,0,0,0,0,0,0,7780.4306258857905
2026-07-01T22:00:00Z,browser-e2e,multi-reload-lifecycle,11,11,10,479284,0.13313444444444444,4.323133888888888,336,0,0,0,0,0,0,7772.1395782714735
2026-07-01T22:15:00Z,browser-e2e,multi-reload-lifecycle,24,24,19,887265,0.2464625,4.569596388888888,355,0,0,0,0,0,0,7768.738632216912
2026-07-01T22:30:00Z,browser-e2e,multi-reload-lifecycle,15,15,12,611195,0.16977638888888888,4.739372777777777,367,1,1,1,1,21.09983845729235,21.09983845729235,7743.640713826292
2026-07-01T22:45:00Z,browser-e2e,multi-reload-lifecycle,21,21,19,904337,0.25120472222222223,4.990577499999999,386,0,0,1,1,20.037761160907735,20.037761160907735,7734.575808110386
2026-07-01T23:00:00Z,browser-e2e,multi-reload-lifecycle,23,23,19,937745,0.26048472222222224,5.251062222222221,405,0,0,1,1,19.043765959733864,19.043765959733864,7712.725213692215
2026-07-01T23:15:00Z,browser-e2e,multi-reload-lifecycle,21,21,17,822564,0.22849,5.479552222222221,422,0,0,1,1,18.249666385959767,18.249666385959767,7701.359214875021
2026-07-01T23:30:00Z,browser-e2e,multi-reload-lifecycle,19,19,18,919240,0.25534444444444443,5.734896666666666,440,0,0,1,1,17.43710581242673,17.43710581242673,7672.326557467762
2026-07-01T23:45:00Z,browser-e2e,multi-reload-lifecycle,12,12,11,456836,0.1268988888888889,5.861795555555554,451,0,0,1,1,17.05961919897127,17.05961919897127,7693.888258736043
2026-07-02T00:00:00Z,browser-e2e,multi-reload-lifecycle,22,22,21,913990,0.2538861111111111,6.115681666666665,472,0,0,1,1,16.351406997693637,16.351406997693637,7717.864102911397
2026-07-02T00:15:00Z,browser-e2e,multi-reload-lifecycle,20,20,20,885031,0.24584194444444443,6.36152361111111,492,0,0,1,1,15.719504652209237,15.719504652209237,7733.996288886944
2026-07-02T00:30:00Z,browser-e2e,multi-reload-lifecycle,19,19,17,741068,0.20585222222222221,6.567375833333332,509,0,0,1,1,15.226781980778474,15.226781980778474,7750.432028216243
2026-07-02T00:45:00Z,browser-e2e,multi-reload-lifecycle,21,21,19,914847,0.25412416666666665,6.821499999999999,528,0,0,1,1,14.659532360917689,14.659532360917689,7740.23308656454
2026-07-02T01:00:00Z,browser-e2e,multi-reload-lifecycle,8,8,6,323814,0.08994833333333334,6.911448333333332,534,0,0,1,1,14.468747385075346,14.468747385075346,7726.311103630234
2026-07-02T01:15:00Z,browser-e2e,multi-reload-lifecycle,11,11,8,461442,0.12817833333333334,7.039626666666665,542,0,0,1,1,14.205298765843647,14.205298765843647,7699.271931087256
2026-07-02T01:30:00Z,browser-e2e,multi-reload-lifecycle,22,22,21,889467,0.24707416666666668,7.286700833333332,563,0,0,1,1,13.72363189971319,13.72363189971319,7726.404759538526
2026-07-02T01:45:00Z,browser-e2e,multi-reload-lifecycle,17,17,16,714681,0.1985225,7.485223333333332,579,0,0,1,1,13.359654822145144,13.359654822145144,7735.2401420220385
2026-07-02T02:00:00Z,browser-e2e,multi-reload-lifecycle,23,23,20,911891,0.25330305555555555,7.7385263888888876,599,0,0,1,1,12.922356915856973,12.922356915856973,7740.491792598326
2026-07-02T02:15:00Z,browser-e2e,multi-reload-lifecycle,20,20,19,874374,0.24288166666666666,7.981408055555554,618,0,0,1,1,12.529117582253399,12.529117582253399,7742.9946658326
2026-07-02T02:30:00Z,browser-e2e,multi-reload-lifecycle,21,21,17,836374,0.23232611111111112,8.213734166666665,635,0,0,1,1,12.174730514876458,12.174730514876458,7730.953876946551
2026-07-02T02:45:00Z,browser-e2e,multi-reload-lifecycle,22,22,20,908511,0.25236416666666667,8.466098333333331,655,0,0,1,1,11.811816501855738,11.811816501855738,7736.739808715508
2026-07-02T03:00:00Z,browser-e2e,multi-reload-lifecycle,9,9,8,353245,0.0981236111111111,8.564221944444443,663,0,0,1,1,11.676483940828902,11.676483940828902,7741.508852769562
2026-07-02T03:15:00Z,browser-e2e,multi-reload-lifecycle,21,21,19,880521,0.24458916666666666,8.80881111111111,682,0,0,1,1,11.352269760202223,11.352269760202223,7742.247976457917
2026-07-02T03:30:00Z,browser-e2e,multi-reload-lifecycle,21,21,20,885477,0.24596583333333333,9.054776944444443,702,0,0,1,1,11.043894356928911,11.043894356928911,7752.813838564096
2026-07-02T03:45:00Z,browser-e2e,multi-reload-lifecycle,7,7,5,279131,0.07753638888888889,9.132313333333332,707,0,0,1,1,10.950128006996403,10.950128006996403,7741.740500946456
2026-07-02T04:00:00Z,browser-e2e,multi-reload-lifecycle,23,23,17,915128,0.2542022222222222,9.386515555555555,724,0,0,1,1,10.653580597414921,10.653580597414921,7713.192352528403
2026-07-02T04:15:00Z,browser-e2e,multi-reload-lifecycle,18,18,15,735579,0.2043275,9.590843055555554,739,0,0,1,1,10.426612073698191,10.426612073698191,7705.266322462963
2026-07-02T04:30:00Z,browser-e2e,multi-reload-lifecycle,10,10,9,450274,0.1250761111111111,9.715919166666666,748,0,0,1,1,10.29238698723221,10.29238698723221,7698.705466449693
2026-07-02T04:45:00Z,browser-e2e,multi-reload-lifecycle,21,21,19,824675,0.2290763888888889,9.944995555555554,767,1,1,2,2,20.110617333385772,20.110617333385772,7712.421747353444
2026-07-02T05:00:00Z,browser-e2e,multi-reload-lifecycle,22,22,19,887979,0.24666083333333333,10.191656388888887,786,0,0,2,2,19.623895505154913,19.623895505154913,7712.1909335258815
2026-07-02T05:15:00Z,browser-e2e,multi-reload-lifecycle,21,21,18,842464,0.23401777777777777,10.425674166666665,804,0,0,2,2,19.183411720217297,19.183411720217297,7711.731511527353
2026-07-02T05:30:00Z,browser-e2e,multi-reload-lifecycle,21,21,19,886136,0.2461488888888889,10.671823055555555,823,0,0,2,2,18.740940414663612,18.740940414663612,7711.896980634076
2026-07-02T05:45:00Z,browser-e2e,multi-reload-lifecycle,15,15,12,583047,0.1619575,10.833780555555554,835,0,0,2,2,18.460776362821946,18.460776362821946,7707.374131478163
2026-07-02T06:00:00Z,browser-e2e,multi-reload-lifecycle,21,21,16,892976,0.2480488888888889,11.081829444444443,851,0,0,2,2,18.04756164157212,18.04756164157212,7679.237478488937
2026-07-02T06:15:00Z,browser-e2e,multi-reload-lifecycle,18,18,17,674166,0.18726833333333334,11.269097777777777,868,0,0,2,2,17.747649718187045,17.747649718187045,7702.479977693177
2026-07-02T06:30:00Z,browser-e2e,multi-reload-lifecycle,17,17,17,759496,0.2109711111111111,11.480068888888887,885,0,0,2,2,17.421498244977627,17.421498244977627,7709.0129734025995
2026-07-02T06:45:00Z,browser-e2e,multi-reload-lifecycle,24,24,19,919324,0.2553677777777778,11.735436666666665,904,0,0,2,2,17.04239950168024,17.04239950168024,7703.164574759469
2026-07-02T07:00:00Z,browser-e2e,multi-reload-lifecycle,17,17,16,733047,0.20362416666666666,11.93906083333333,920,0,0,2,2,16.75173640472698,16.75173640472698,7705.7987461744115
2026-07-02T07:15:00Z,browser-e2e,multi-reload-lifecycle,22,22,20,930391,0.25844194444444446,12.197502777777775,940,0,0,2,2,16.39679888939016,16.39679888939016,7706.495478013375
2026-07-02T07:30:00Z,browser-e2e,multi-reload-lifecycle,15,15,12,592863,0.16468416666666666,12.362186944444442,952,1,2,3,4,24.26755082641909,32.356734435225455,7700.902795583658
2026-07-02T07:45:00Z,browser-e2e,multi-reload-lifecycle,22,22,18,881196,0.24477666666666667,12.606963611111109,970,0,0,3,4,23.796372326766765,31.72849643568902,7694.160385654587
2026-07-02T08:00:00Z,browser-e2e,multi-reload-lifecycle,20,20,19,864515,0.24014305555555557,12.847106666666665,989,0,0,3,4,23.3515613891792,31.135415185572267,7698.231404632743
2026-07-02T08:15:00Z,browser-e2e,multi-reload-lifecycle,16,16,13,630488,0.17513555555555554,13.022242222222221,1002,0,0,3,4,23.037507280278923,30.71667637370523,7694.52743161316
2026-07-02T08:30:00Z,browser-e2e,multi-reload-lifecycle,21,21,18,890923,0.2474786111111111,13.269720833333333,1020,0,0,3,4,22.60786069036243,30.14381425381657,7686.672634723225
2026-07-02T08:45:00Z,browser-e2e,multi-reload-lifecycle,20,20,19,827237,0.22978805555555556,13.499508888888888,1039,0,0,3,4,22.223030664983863,29.63070755331182,7696.576286972744
2026-07-02T09:00:00Z,browser-e2e,multi-reload-lifecycle,21,21,20,876799,0.24355527777777777,13.743064166666667,1059,0,0,3,4,21.8291929923197,29.10559065642627,7705.705126288854
2026-07-02T09:15:00Z,browser-e2e,multi-reload-lifecycle,17,17,16,850414,0.2362261111111111,13.979290277777778,1075,0,0,3,4,21.460316943049385,28.613755924065845,7689.946904592696
2026-07-02T09:30:00Z,browser-e2e,multi-reload-lifecycle,22,22,18,906334,0.2517594444444444,14.231049722222222,1093,0,0,3,4,21.080665576731192,28.107554102308256,7680.389158455731
2026-07-02T09:45:00Z,browser-e2e,multi-reload-lifecycle,23,23,21,906258,0.25173833333333334,14.482788055555556,1114,0,0,3,4,20.714243614503552,27.618991486004738,7691.889128852319
2026-07-02T10:00:00Z,browser-e2e,multi-reload-lifecycle,20,20,17,859141,0.23865027777777778,14.721438333333333,1131,0,0,3,4,20.37844354656016,27.17125806208021,7682.6732170531795
2026-07-02T10:15:00Z,browser-e2e,multi-reload-lifecycle,21,21,20,873222,0.24256166666666668,14.964,1151,0,0,3,4,20.04811547714515,26.73082063619353,7691.793638064689
2026-07-02T10:30:00Z,browser-e2e,multi-reload-lifecycle,21,21,18,847395,0.2353875,15.1993875,1169,0,0,3,4,19.73763745414083,26.316849938854443,7691.0993946302115
2026-07-02T10:45:00Z,browser-e2e,multi-reload-lifecycle,19,19,19,860565,0.23904583333333335,15.438433333333334,1188,0,0,3,4,19.43202354297608,25.909364723968103,7695.081323018527
2026-07-02T11:00:00Z,browser-e2e,multi-reload-lifecycle,20,20,19,890409,0.24733583333333334,15.685769166666667,1207,0,0,3,4,19.12561614367758,25.500821524903436,7694.872895139612
2026-07-02T11:15:00Z,browser-e2e,multi-reload-lifecycle,22,22,18,851278,0.2364661111111111,15.922235277777778,1225,0,0,3,4,18.841575618387054,25.12210082451607,7693.643377508047
2026-07-02T11:30:00Z,browser-e2e,multi-reload-lifecycle,22,22,21,932927,0.2591463888888889,16.181381666666667,1246,0,0,3,4,18.539825966653652,24.719767955538202,7700.20771815015
2026-07-02T11:45:00Z,browser-e2e,multi-reload-lifecycle,13,13,10,487612,0.13544777777777778,16.316829444444444,1256,0,0,3,4,18.38592485270746,24.514566470276616,7697.5738716668575
2026-07-02T12:00:00Z,browser-e2e,multi-reload-lifecycle,23,23,17,937354,0.2603761111111111,16.577205555555555,1273,0,0,3,4,18.097139411983726,24.129519215978302,7679.219490485094
2026-07-02T12:15:00Z,browser-e2e,multi-reload-lifecycle,15,15,13,627595,0.17433194444444444,16.751537499999998,1286,0,0,3,4,17.908803893373967,23.878405191165292,7676.907268959641
2026-07-02T12:30:00Z,browser-e2e,multi-reload-lifecycle,22,22,20,867593,0.24099805555555556,16.992535555555552,1306,0,0,3,4,17.654810785546232,23.539747714061644,7685.727628641126
2026-07-02T12:45:00Z,browser-e2e,multi-reload-lifecycle,19,19,17,872658,0.242405,17.234940555555553,1323,0,0,3,4,17.40650041890033,23.208667225200436,7676.266684735045
2026-07-02T13:00:00Z,browser-e2e,multi-reload-lifecycle,22,22,18,881002,0.2447227777777778,17.47966333333333,1341,0,0,3,4,17.162801953279423,22.883735937705897,7671.772473115902
2026-07-02T13:15:00Z,browser-e2e,multi-reload-lifecycle,21,21,18,835925,0.2322013888888889,17.71186472222222,1359,0,0,3,4,16.9377987414055,22.583731655207334,7672.822829856692
2026-07-02T13:30:00Z,browser-e2e,multi-reload-lifecycle,22,22,18,902401,0.25066694444444443,17.962531666666663,1377,0,0,3,4,16.70143193438119,22.268575912508254,7665.957257880967
2026-07-02T13:45:00Z,browser-e2e,multi-reload-lifecycle,19,19,13,764260,0.21229444444444445,18.17482611111111,1390,0,0,3,4,16.50634774528028,22.008463660373707,7647.941121979863
2026-07-02T14:00:00Z,browser-e2e,multi-reload-lifecycle,21,21,19,890435,0.24734305555555555,18.422169166666663,1409,0,0,3,4,16.284727237377904,21.712969649837206,7648.393559155155
2026-07-02T14:15:00Z,browser-e2e,multi-reload-lifecycle,21,21,16,829529,0.2304247222222222,18.652593888888884,1425,0,0,3,4,16.08355394359957,21.44473859146609,7639.688123209795
2026-07-02T14:30:00Z,browser-e2e,multi-reload-lifecycle,23,23,22,930650,0.2585138888888889,18.911107777777772,1447,0,0,3,4,15.86369257291879,21.151590097225053,7651.587717671163
2026-07-02T14:45:00Z,browser-e2e,multi-reload-lifecycle,22,22,17,855699,0.23769416666666668,19.14880194444444,1464,0,0,3,4,15.666776484000229,20.889035312000306,7645.386924192111
2026-07-02T15:00:00Z,browser-e2e,multi-reload-lifecycle,8,8,5,336150,0.093375,19.24217694444444,1469,0,0,3,4,15.590751548858162,20.787668731810882,7634.271341757547
2026-07-02T15:15:00Z,browser-e2e,multi-reload-lifecycle,23,23,19,888790,0.2468861111111111,19.48906305555555,1488,0,0,3,4,15.393248979944268,20.524331973259024,7635.051494052357
2026-07-02T15:30:00Z,browser-e2e,multi-reload-lifecycle,19,19,17,781113,0.21697583333333334,19.706038888888884,1505,0,0,3,4,15.223759665325382,20.298346220433842,7637.252765438234
2026-07-02T15:45:00Z,browser-e2e,multi-reload-lifecycle,23,23,17,894044,0.24834555555555557,19.95438444444444,1522,0,0,3,4,15.034289874249863,20.04571983233315,7627.396396202764
2026-07-02T16:00:00Z,browser-e2e,multi-reload-lifecycle,18,18,15,704760,0.19576666666666667,20.150151111111107,1537,0,0,3,4,14.888225817551081,19.850967756734775,7627.734360525337
2026-07-02T16:15:00Z,browser-e2e,multi-reload-lifecycle,19,19,18,805717,0.2238102777777778,20.373961388888883,1555,0,0,3,4,14.724676967514409,19.632902623352543,7632.290894828301
2026-07-02T16:30:00Z,browser-e2e,multi-reload-lifecycle,16,16,14,654526,0.18181277777777777,20.555774166666662,1569,0,0,3,4,14.594439380759562,19.459252507679416,7632.891796137251
2026-07-02T17:00:00Z,browser-e2e,multi-reload-lifecycle,8,8,7,327951,0.0910975,20.646871666666662,1576,0,0,3,4,14.530046238643259,19.37339498485768,7633.1176240339255
2026-07-02T17:15:00Z,browser-e2e,multi-reload-lifecycle,22,22,20,894562,0.24848944444444446,20.895361111111107,1596,0,0,3,4,14.357253670072971,19.14300489343063,7638.058952478821
2026-07-02T17:30:00Z,browser-e2e,multi-reload-lifecycle,19,19,17,757551,0.21043083333333334,21.10579194444444,1613,0,0,3,4,14.21410770984916,18.95214361313221,7642.451911995565
2026-07-02T17:45:00Z,browser-e2e,multi-reload-lifecycle,22,22,20,878763,0.24410083333333332,21.349892777777775,1633,0,0,3,4,14.0515928170027,18.735457089336933,7648.750356721803
2026-07-02T18:00:00Z,browser-e2e,multi-reload-lifecycle,21,21,17,843706,0.23436277777777778,21.584255555555554,1650,0,0,3,4,13.899020016133159,18.532026688177545,7644.461008873238
2026-07-02T18:15:00Z,browser-e2e,multi-reload-lifecycle,10,10,10,350303,0.09730638888888889,21.681561944444443,1660,0,0,3,4,13.836641509901469,18.448855346535293,7656.274968812147
2026-07-02T19:00:00Z,browser-e2e,multi-reload-lifecycle,18,18,14,723073,0.2008536111111111,21.882415555555554,1674,0,0,3,4,13.70963819046181,18.279517587282413,7649.97811027769
2026-07-02T19:15:00Z,browser-e2e,multi-reload-lifecycle,21,21,19,895311,0.2486975,22.131113055555552,1693,0,0,3,4,13.555576678267942,18.07410223769059,7649.863772102542
2026-07-02T19:30:00Z,browser-e2e,multi-reload-lifecycle,19,19,19,733367,0.20371305555555555,22.33482611111111,1712,0,0,3,4,13.431938019466212,17.909250692621615,7665.1592964420515
2026-07-02T19:45:00Z,browser-e2e,multi-reload-lifecycle,2,2,2,89450,0.024847222222222222,22.35967333333333,1714,0,0,3,4,13.417011757178328,17.889349009571102,7665.586050601218
2026-07-02T20:30:00Z,browser-e2e,multi-reload-lifecycle,14,14,14,584354,0.16232055555555555,22.521993888888886,1728,1,1,4,5,17.76041686066428,22.20052107583035,7672.500083806968
2026-07-02T20:45:00Z,browser-e2e,multi-reload-lifecycle,20,20,19,869818,0.24161611111111111,22.763609999999996,1747,0,0,4,5,17.57190533487439,21.96488166859299,7674.52965500639
2026-07-02T21:00:00Z,browser-e2e,multi-reload-lifecycle,23,23,23,937364,0.2603788888888889,23.023988888888884,1770,0,0,4,5,17.373184200633258,21.71648025079157,7687.634008780216
2026-07-02T21:15:00Z,browser-e2e,multi-reload-lifecycle,27,27,26,1443590,0.4009972222222222,23.424986111111107,1796,0,0,4,5,17.075783870380572,21.344729837975716,7667.026957800877
2026-07-02T21:30:00Z,browser-e2e,multi-reload-lifecycle,22,22,21,904336,0.25120444444444445,23.67619055555555,1817,0,0,4,5,16.894609758331292,21.118262197914117,7674.37648272199
2026-07-02T21:45:00Z,browser-e2e,multi-reload-lifecycle,15,15,15,597140,0.16587222222222223,23.842062777777773,1832,0,0,4,5,16.777071838466256,20.97133979808282,7683.898902017545
2026-07-02T22:00:00Z,browser-e2e,multi-reload-lifecycle,20,20,20,877377,0.24371583333333333,24.085778611111106,1852,0,0,4,5,16.60731033272366,20.759137915904574,7689.184684051054
2026-07-02T22:15:00Z,browser-e2e,multi-reload-lifecycle,21,21,21,857973,0.23832583333333332,24.32410444444444,1873,0,0,4,5,16.444593095445242,20.555741369306553,7700.180716942235
2026-07-02T22:30:00Z,browser-e2e,multi-reload-lifecycle,7,7,7,267959,0.07443305555555556,24.398537499999996,1880,0,0,4,5,16.394425280613646,20.493031600767058,7705.379881888413
2026-07-02T23:30:00Z,browser-e2e,multi-reload-lifecycle,13,13,13,560399,0.1556663888888889,24.554203888888885,1893,0,0,4,5,16.290489474228302,20.363111842785376,7709.474143678543
2026-07-02T23:45:00Z,browser-e2e,multi-reload-lifecycle,9,9,8,326121,0.09058916666666667,24.644793055555553,1901,0,0,4,5,16.23060900119143,20.28826125148929,7713.596927816227
2026-07-03T00:00:00Z,browser-e2e,multi-reload-lifecycle,24,24,24,912774,0.2535483333333333,24.898341388888888,1925,0,0,4,5,16.06532715382012,20.08165894227515,7731.438692775932
2026-07-03T00:15:00Z,browser-e2e,multi-reload-lifecycle,21,21,21,840524,0.2334788888888889,25.131820277777777,1946,0,0,4,5,15.916077529556848,19.89509691194606,7743.171718129406
2026-07-03T00:30:00Z,browser-e2e,multi-reload-lifecycle,24,24,20,879903,0.2444175,25.376237777777778,1966,0,0,4,5,15.762777898868995,19.703472373586244,7747.405337294111
2026-07-03T00:45:00Z,browser-e2e,multi-reload-lifecycle,19,19,18,661262,0.1836838888888889,25.559921666666668,1984,0,0,4,5,15.649500229949844,19.561875287437303,7762.152114055122
2026-07-03T01:00:00Z,browser-e2e,multi-reload-lifecycle,25,25,19,926287,0.25730194444444443,25.81722361111111,2003,1,1,5,6,19.36691596011943,23.24029915214332,7758.386533623844
2026-07-03T01:15:00Z,browser-e2e,multi-reload-lifecycle,26,26,13,856739,0.23798305555555554,26.055206666666667,2016,0,0,5,6,19.190022416504853,23.028026899805823,7737.417038334756
2026-07-03T01:30:00Z,browser-e2e,multi-reload-lifecycle,27,27,2,827902,0.22997277777777778,26.285179444444445,2018,0,0,5,6,19.022126177863264,22.826551413435915,7677.3301253856125
2026-07-03T01:45:00Z,browser-e2e,multi-reload-lifecycle,25,25,1,908061,0.2522391666666667,26.53741861111111,2019,0,0,5,6,18.84132014975458,22.609584179705497,7608.1250764709
2026-07-03T02:00:00Z,browser-e2e,multi-reload-lifecycle,2,2,0,62382,0.017328333333333334,26.554746944444442,2019,0,0,5,6,18.829025222724095,22.594830267268915,7603.16038493599
2026-07-03T02:15:00Z,browser-e2e,multi-reload-lifecycle,24,24,1,780149,0.21670805555555556,26.771455,2020,0,1,5,7,18.676609097264233,26.147252736169925,7545.350075294749
2026-07-03T02:30:00Z,browser-e2e,multi-reload-lifecycle,14,14,1,449933,0.12498138888888889,26.896436388888887,2021,0,0,5,7,18.589823304865533,26.025752626811748,7514.006579826649
2026-07-03T02:45:00Z,browser-e2e,multi-reload-lifecycle,14,14,1,631648,0.17545777777777777,27.071894166666663,2022,0,0,5,7,18.46933934218924,25.857075079064938,7469.000829981329
2026-07-03T03:00:00Z,browser-e2e,multi-reload-lifecycle,7,7,0,181977,0.050549166666666666,27.12244333333333,2022,0,0,5,7,18.434917306491442,25.80888422908802,7455.080558745139
2026-07-03T03:15:00Z,browser-e2e,multi-reload-lifecycle,1,1,0,25890,0.0071916666666666665,27.129634999999997,2022,0,0,5,7,18.430030481427416,25.802042673998383,7453.104326689247
2026-07-03T03:30:00Z,browser-e2e,multi-reload-lifecycle,12,12,2,395118,0.109755,27.239389999999997,2024,0,0,5,7,18.355770815719445,25.69807914200722,7430.416026203231
2026-07-03T04:00:00Z,browser-e2e,multi-reload-lifecycle,2,2,0,75704,0.02102888888888889,27.260418888888886,2024,0,0,5,7,18.341611038258687,25.678255453562162,7424.684148287117
2026-07-03T04:15:00Z,browser-e2e,multi-reload-lifecycle,1,1,0,35234,0.009787222222222221,27.270206111111108,2024,0,0,5,7,18.335028270881953,25.669039579234735,7422.019444053015
2026-07-03T04:30:00Z,browser-e2e,multi-reload-lifecycle,13,13,0,345434,0.0959538888888889,27.366159999999997,2024,0,0,5,7,18.270740213460712,25.579036298845,7395.995638408897
2026-07-03T06:30:00Z,browser-e2e,multi-reload-lifecycle,4,4,1,150085,0.04169027777777778,27.407850277777776,2025,0,0,5,7,18.24294845938351,25.540127843136915,7388.394126050322
2026-07-03T07:00:00Z,browser-e2e,multi-reload-lifecycle,2,2,0,77599,0.021555277777777777,27.429405555555554,2025,0,0,5,7,18.228612318531635,25.520057245944287,7382.587989005311
2026-07-03T07:15:00Z,browser-e2e,multi-reload-lifecycle,3,3,0,116356,0.03232111111111111,27.461726666666667,2025,0,0,5,7,18.20715813208152,25.49002138491413,7373.8990434930165
2026-07-03T07:30:00Z,browser-e2e,multi-reload-lifecycle,1,1,0,37070,0.010297222222222221,27.472023888888888,2025,0,0,5,7,18.200333620204297,25.480467068286014,7371.13511618274
2026-07-03T08:00:00Z,browser-e2e,multi-reload-lifecycle,5,5,0,181826,0.050507222222222224,27.52253111111111,2025,0,0,5,7,18.166933774421103,25.433707284189545,7357.608178640547
2026-07-03T09:15:00Z,browser-e2e,multi-reload-lifecycle,12,12,0,457021,0.1269502777777778,27.649481388888887,2025,0,0,5,7,18.083521819723103,25.316930547612344,7323.826336987856
2026-07-03T10:15:00Z,browser-e2e,multi-reload-lifecycle,1,1,0,34059,0.009460833333333333,27.65894222222222,2025,0,0,5,7,18.077336290839114,25.30827080717476,7321.321197789842
2026-07-03T10:45:00Z,browser-e2e,multi-reload-lifecycle,1,1,0,35128,0.009757777777777778,27.668699999999998,2025,0,0,5,7,18.070961049850556,25.299345469790776,7318.739225189474
2026-07-03T11:30:00Z,browser-e2e,multi-reload-lifecycle,2,2,0,66233,0.018398055555555556,27.687098055555552,2025,0,0,5,7,18.05895291000613,25.28253407400858,7313.875928552483
2026-07-03T12:00:00Z,browser-e2e,multi-reload-lifecycle,1,1,0,37518,0.010421666666666666,27.697519722222218,2025,0,0,5,7,18.052157919354816,25.27302108709674,7311.1239573387
2026-07-03T12:15:00Z,browser-e2e,multi-reload-lifecycle,1,1,0,35152,0.009764444444444444,27.70728416666666,2025,0,0,5,7,18.045796079917736,25.26411451188483,7308.547412366684
2026-07-03T12:45:00Z,browser-e2e,multi-reload-lifecycle,3,3,0,105664,0.029351111111111113,27.736635277777772,2025,0,0,5,7,18.02669988600216,25.237379840403023,7300.813453830874
2026-07-03T16:15:00Z,browser-e2e,multi-reload-lifecycle,2,2,0,72739,0.020205277777777777,27.75684055555555,2025,0,0,5,7,18.013577553945517,25.21900857552372,7295.4989093479335
2026-07-03T16:45:00Z,browser-e2e,multi-reload-lifecycle,2,2,0,74561,0.02071138888888889,27.777551944444436,2025,0,0,5,7,18.000146341189758,25.200204877665662,7290.0592681818525
2026-07-03T18:00:00Z,browser-e2e,multi-reload-lifecycle,4,4,0,147247,0.04090194444444444,27.818453888888882,2025,0,0,5,7,17.97368042081259,25.163152589137628,7279.3405704291
2026-07-03T18:15:00Z,browser-e2e,multi-reload-lifecycle,9,9,0,336269,0.09340805555555555,27.91186194444444,2025,0,0,5,7,17.91353084918506,25.078943188859085,7254.97999391995
2026-07-03T18:30:00Z,browser-e2e,multi-reload-lifecycle,4,4,0,148289,0.04119138888888889,27.95305333333333,2025,0,0,5,7,17.887133617842107,25.04198706497895,7244.289115226054
2026-07-03T18:45:00Z,browser-e2e,multi-reload-lifecycle,4,4,0,146988,0.04083,27.99388333333333,2025,0,0,5,7,17.86104464487183,25.00546250282056,7233.723081173091
2026-07-03T19:00:00Z,browser-e2e,multi-reload-lifecycle,4,4,0,152725,0.04242361111111111,28.03630694444444,2025,0,0,5,7,17.834017903669654,24.967625065137515,7222.77725098621
2026-07-03T19:15:00Z,browser-e2e,multi-reload-lifecycle,5,5,0,181097,0.05030472222222222,28.086611666666663,2025,0,0,5,7,17.802076161198276,24.922906625677587,7209.840845285302
2026-07-03T19:30:00Z,browser-e2e,multi-reload-lifecycle,8,8,0,287618,0.07989388888888889,28.166505555555553,2025,0,0,5,7,17.751580827582647,24.852213158615704,7189.390235170971
2026-07-03T19:45:00Z,browser-e2e,multi-reload-lifecycle,8,8,1,309615,0.08600416666666667,28.252509722222218,2026,0,0,5,7,17.69754279941797,24.776559919185157,7171.044342324161
2026-07-03T20:00:00Z,browser-e2e,multi-reload-lifecycle,6,6,0,229169,0.06365805555555555,28.316167777777775,2026,0,0,5,7,17.65775665421769,24.720859315904764,7154.922996289008
2026-07-03T20:15:00Z,browser-e2e,multi-reload-lifecycle,5,5,1,196999,0.05472194444444444,28.37088972222222,2027,0,1,5,8,17.62369826591523,28.19791722546437,7144.647277002035
2026-07-03T20:30:00Z,browser-e2e,multi-reload-lifecycle,9,9,1,474188,0.13171888888888889,28.502608611111107,2028,0,0,5,8,17.54225400285243,28.06760640456389,7115.138223556946
2026-07-03T20:45:00Z,browser-e2e,multi-reload-lifecycle,16,16,1,764363,0.21232305555555556,28.71493166666666,2029,0,0,5,8,17.412543613343097,27.860069781348955,7066.010198294628
2026-07-03T21:00:00Z,browser-e2e,multi-reload-lifecycle,18,18,0,821532,0.22820333333333334,28.943134999999995,2029,0,0,5,8,17.27525370005703,27.640405920091247,7010.297951483142
2026-07-03T21:15:00Z,browser-e2e,multi-reload-lifecycle,8,8,0,326035,0.09056527777777777,29.033700277777772,2029,0,0,5,8,17.221366729568988,27.55418676731038,6988.430618859095
2026-07-03T21:30:00Z,browser-e2e,multi-reload-lifecycle,18,18,1,914896,0.2541377777777778,29.28783805555555,2030,0,0,5,8,17.071932692729295,27.31509230836687,6931.204673248094
2026-07-03T21:45:00Z,browser-e2e,multi-reload-lifecycle,17,17,0,811531,0.22542527777777777,29.513263333333327,2030,0,0,5,8,16.941535551417054,27.106456882267288,6878.263433875324
2026-07-03T22:00:00Z,browser-e2e,multi-reload-lifecycle,18,18,0,818338,0.2273161111111111,29.74057944444444,2030,0,0,5,8,16.81204634677689,26.899274154843024,6825.690816791417
2026-07-03T22:15:00Z,browser-e2e,multi-reload-lifecycle,18,18,0,767067,0.21307416666666668,29.953653611111104,2030,0,0,5,8,16.69245449959161,26.707927199346575,6777.136526834193
2026-07-03T22:30:00Z,browser-e2e,multi-reload-lifecycle,11,11,0,320674,0.0890761111111111,30.042729722222216,2030,0,0,5,8,16.64296169565965,26.62873871305544,6757.042448437817
2026-07-04T00:30:00Z,browser-e2e,multi-reload-lifecycle,3,3,0,120103,0.033361944444444444,30.07609166666666,2030,0,0,5,8,16.624500468395304,26.599200749432487,6749.547190168494
2026-07-04T00:45:00Z,browser-e2e,multi-reload-lifecycle,17,17,2,871146,0.241985,30.31807666666666,2032,0,0,5,8,16.491811320924825,26.38689811347972,6702.272120823849
2026-07-04T01:00:00Z,browser-e2e,multi-reload-lifecycle,18,18,0,853139,0.23698305555555554,30.555059722222214,2032,0,0,5,8,16.363901905135464,26.182243048216744,6650.289734247053
2026-07-04T01:15:00Z,browser-e2e,multi-reload-lifecycle,9,9,0,435203,0.12088972222222222,30.675949444444438,2032,0,0,5,8,16.29941400527873,26.07906240844597,6624.081851745276
2026-07-04T01:30:00Z,browser-e2e,multi-reload-lifecycle,16,16,0,633779,0.17604972222222223,30.85199916666666,2032,0,0,5,8,16.206405208911505,25.930248334258412,6586.283076901636
2026-07-04T01:45:00Z,browser-e2e,multi-reload-lifecycle,17,17,1,845531,0.23486972222222222,31.08686888888888,2033,0,0,5,8,16.083961423940988,25.734338278305582,6539.738714974406
2026-07-04T02:00:00Z,browser-e2e,multi-reload-lifecycle,18,18,1,869584,0.2415511111111111,31.32841999999999,2034,0,0,5,8,15.95994946441602,25.535919143065634,6492.507442124437
2026-07-04T02:15:00Z,browser-e2e,multi-reload-lifecycle,18,18,0,813274,0.22590944444444444,31.554329444444434,2034,0,0,5,8,15.845686116712322,25.353097786739713,6446.025112278572
2026-07-04T02:30:00Z,browser-e2e,multi-reload-lifecycle,3,3,0,140482,0.03902277777777778,31.59335222222221,2034,0,0,5,8,15.826114192729088,25.32178270836654,6438.063253602193
2026-07-04T02:45:00Z,browser-e2e,multi-reload-lifecycle,13,13,1,504639,0.1401775,31.73352972222221,2035,0,0,5,8,15.756205010180834,25.209928016289332,6412.775439143599
2026-07-04T03:00:00Z,browser-e2e,multi-reload-lifecycle,8,8,0,217784,0.06049555555555555,31.794025277777767,2035,0,0,5,8,15.726225151788876,25.1619602428622,6400.573636778072
2026-07-04T03:45:00Z,browser-e2e,multi-reload-lifecycle,13,13,1,532138,0.14781611111111112,31.94184138888888,2036,0,0,5,8,15.653449464999452,25.045519143999126,6374.084622147777
2026-07-04T04:00:00Z,browser-e2e,multi-reload-lifecycle,22,22,0,615213,0.1708925,32.112733888888876,2036,0,0,5,8,15.570147397914377,24.912235836663005,6340.164020430735
2026-07-04T04:15:00Z,browser-e2e,multi-reload-lifecycle,2,2,0,78828,0.021896666666666665,32.13463055555554,2036,0,0,5,8,15.55953783677648,24.89526053884237,6335.843807135383
2026-07-04T04:30:00Z,browser-e2e,multi-reload-lifecycle,9,9,1,491462,0.13651722222222223,32.27114777777776,2037,1,1,6,9,18.59245924971922,27.88868887457883,6312.139915279675
2026-07-04T04:45:00Z,browser-e2e,multi-reload-lifecycle,4,4,2,207332,0.057592222222222225,32.32873999999998,2039,0,0,6,9,18.559337604868002,27.839006407302,6307.081562720976
2026-07-04T05:00:00Z,browser-e2e,multi-reload-lifecycle,16,16,2,692886,0.19246833333333332,32.52120833333331,2041,0,0,6,9,18.449498980793315,27.674248471189973,6275.904569966526
2026-07-04T05:15:00Z,browser-e2e,multi-reload-lifecycle,17,17,0,866439,0.2406775,32.76188583333331,2041,0,0,6,9,18.3139640694778,27.4709461042167,6229.800110967365
2026-07-04T05:30:00Z,browser-e2e,multi-reload-lifecycle,18,18,2,862076,0.23946555555555554,33.001351388888864,2043,0,0,6,9,18.181073645426906,27.271610468140363,6190.655576267862
2026-07-04T05:45:00Z,browser-e2e,multi-reload-lifecycle,16,16,0,647431,0.17984194444444446,33.18119333333331,2043,0,0,6,9,18.08253229389581,27.123798440843718,6157.102246071524
2026-07-04T06:00:00Z,browser-e2e,multi-reload-lifecycle,20,20,0,583327,0.16203527777777776,33.34322861111109,2043,0,0,6,9,17.994658135776923,26.991987203665385,6127.181095232042
2026-07-04T06:15:00Z,browser-e2e,multi-reload-lifecycle,7,7,1,270544,0.07515111111111111,33.4183797222222,2044,0,0,6,9,17.954191824597,26.931287736895502,6116.394681579379
2026-07-04T06:30:00Z,browser-e2e,multi-reload-lifecycle,21,21,1,593936,0.16498222222222222,33.58336194444442,2045,0,0,6,9,17.865989741960778,26.79898461294117,6089.324837051632
2026-07-04T06:45:00Z,browser-e2e,multi-reload-lifecycle,6,6,0,163729,0.04548027777777778,33.6288422222222,2045,0,0,6,9,17.841827441906858,26.762741162860287,6081.089519783254
2026-07-04T07:45:00Z,browser-e2e,multi-reload-lifecycle,6,6,0,227641,0.06323361111111112,33.692075833333305,2045,0,0,6,9,17.808341729018345,26.712512593527517,6069.676472640419
2026-07-04T08:00:00Z,browser-e2e,multi-reload-lifecycle,17,17,0,502278,0.13952166666666665,33.83159749999997,2045,0,0,6,9,17.73490004425598,26.60235006638397,6044.645098417246
2026-07-04T08:15:00Z,browser-e2e,multi-reload-lifecycle,3,3,0,127545,0.035429166666666664,33.86702666666664,2045,0,0,6,9,17.71634710969609,26.57452066454414,6038.321639888085
2026-07-04T08:45:00Z,browser-e2e,multi-reload-lifecycle,16,16,1,641921,0.1783113888888889,34.045338055555526,2046,0,0,6,9,17.62355829808222,26.43533744712333,6009.633379646038
2026-07-04T09:00:00Z,browser-e2e,multi-reload-lifecycle,27,27,0,967179,0.26866083333333335,34.31399888888886,2046,0,0,6,9,17.485574967314133,26.228362450971197,5962.581063854119
2026-07-04T09:15:00Z,browser-e2e,multi-reload-lifecycle,7,7,1,285204,0.07922333333333334,34.39322222222219,2047,0,0,6,9,17.445297684621337,26.16794652693201,5951.75406006998
2026-07-04T09:30:00Z,browser-e2e,multi-reload-lifecycle,19,19,0,635764,0.1766011111111111,34.569823333333304,2047,0,0,6,9,17.356177791671307,26.03426668750696,5921.349323258527
2026-07-04T09:45:00Z,browser-e2e,multi-reload-lifecycle,3,3,0,105582,0.029328333333333335,34.599151666666636,2047,0,0,6,9,17.341465645761755,26.01219846864263,5916.3300294790515
2026-07-04T10:00:00Z,browser-e2e,multi-reload-lifecycle,7,7,0,270208,0.07505777777777778,34.674209444444415,2047,0,0,6,9,17.303927316968245,25.955890975452366,5903.523202972333
2026-07-04T10:15:00Z,browser-e2e,multi-reload-lifecycle,7,7,0,280290,0.07785833333333333,34.75206777777775,2047,0,0,6,9,17.26515969745175,25.89773954617763,5890.29698344729
2026-07-04T10:30:00Z,browser-e2e,multi-reload-lifecycle,13,13,0,392059,0.10890527777777778,34.860973055555526,2047,0,0,6,9,17.211223537674105,25.816835306511155,5871.895763603148
2026-07-04T10:45:00Z,browser-e2e,multi-reload-lifecycle,6,6,0,227262,0.06312833333333333,34.92410138888886,2047,0,0,6,9,17.18011276278366,25.77016914417549,5861.281804236359
2026-07-04T11:00:00Z,browser-e2e,multi-reload-lifecycle,5,5,0,193956,0.05387666666666667,34.977978055555525,2047,0,0,6,9,17.153650192330154,25.730475288495235,5852.253657283305
2026-07-04T11:15:00Z,browser-e2e,multi-reload-lifecycle,8,8,1,266593,0.07405361111111111,35.052031666666636,2048,0,0,6,9,17.117410074993767,25.67611511249065,5842.742638931206
2026-07-04T11:30:00Z,browser-e2e,multi-reload-lifecycle,5,5,0,174357,0.0484325,35.10046416666663,2048,0,0,6,9,17.093791043646473,25.640686565469707,5834.680676231329
2026-07-04T11:45:00Z,browser-e2e,multi-reload-lifecycle,3,3,0,115918,0.03219944444444445,35.13266361111108,2048,0,0,6,9,17.078124409850997,25.617186614776497,5829.333131895807
2026-07-04T12:00:00Z,browser-e2e,multi-reload-lifecycle,4,4,0,153561,0.04265583333333333,35.17531944444441,2048,0,0,6,9,17.05741438816596,25.586121582248943,5822.264111160648
2026-07-04T12:15:00Z,browser-e2e,multi-reload-lifecycle,6,6,1,353461,0.09818361111111111,35.27350305555552,2049,0,0,6,9,17.009935164505894,25.514902746758843,5808.892858678763
2026-07-04T12:30:00Z,browser-e2e,multi-reload-lifecycle,14,14,0,395036,0.10973222222222222,35.38323527777774,2049,0,0,6,9,16.957183120471374,25.435774680707063,5790.878035640974
2026-07-04T13:00:00Z,browser-e2e,multi-reload-lifecycle,1,1,0,36632,0.010175555555555556,35.3934108333333,2049,0,0,6,9,16.952307954307802,25.4284619314617,5789.2131663961145
2026-07-04T13:15:00Z,browser-e2e,multi-reload-lifecycle,3,3,0,112979,0.03138305555555555,35.42479388888886,2049,0,0,6,9,16.937289794315294,25.40593469147294,5784.084464758673
2026-07-04T13:30:00Z,browser-e2e,multi-reload-lifecycle,10,10,0,362634,0.10073166666666666,35.525525555555525,2049,0,0,6,9,16.889264567295648,25.33389685094347,5767.683849731464
2026-07-04T13:45:00Z,browser-e2e,multi-reload-lifecycle,8,8,0,320094,0.088915,35.614440555555525,2049,0,0,6,9,16.84709883520564,25.27064825280846,5753.2842522227265
2026-07-04T14:00:00Z,browser-e2e,multi-reload-lifecycle,11,11,0,415875,0.11552083333333334,35.72996138888886,2049,0,0,6,9,16.792629397763225,25.188944096644835,5734.682939336141
2026-07-04T14:15:00Z,browser-e2e,multi-reload-lifecycle,2,2,0,78565,0.02182361111111111,35.75178499999997,2049,0,0,6,9,16.782378837867828,25.173568256801744,5731.182373131864
2026-07-04T14:45:00Z,browser-e2e,multi-reload-lifecycle,17,17,5,688437,0.1912325,35.94301749999997,2054,0,0,6,9,16.693089276658547,25.03963391498782,5714.600895709443
2026-07-04T15:00:00Z,browser-e2e,multi-reload-lifecycle,20,20,1,879513,0.24430916666666666,36.187326666666635,2055,0,0,6,9,16.580390298703115,24.870585448054673,5678.783677305817
2026-07-04T15:15:00Z,browser-e2e,multi-reload-lifecycle,24,24,1,969336,0.26926,36.45658666666664,2056,0,0,6,9,16.45793133312171,24.686896999682563,5639.584470149705
2026-07-04T15:30:00Z,browser-e2e,multi-reload-lifecycle,44,44,1,1524476,0.42346555555555554,36.88005222222219,2057,0,0,6,9,16.268957440316967,24.40343616047545,5577.540909122
2026-07-04T15:45:00Z,browser-e2e,multi-reload-lifecycle,2,2,0,74316,0.020643333333333333,36.90069555555552,2057,0,0,6,9,16.259856107500067,24.3897841612501,5574.4206688546055
2026-07-04T16:00:00Z,browser-e2e,multi-reload-lifecycle,35,35,0,1108778,0.3079938888888889,37.20868944444441,2057,0,0,6,9,16.125265602161253,24.18789840324188,5528.278557274283
2026-07-04T16:15:00Z,browser-e2e,multi-reload-lifecycle,8,8,0,290976,0.08082666666666667,37.28951611111108,2057,0,0,6,9,16.090313379561913,24.135470069342865,5516.295770293142
2026-07-04T16:30:00Z,browser-e2e,multi-reload-lifecycle,7,7,0,265091,0.07363638888888889,37.36315249999996,2057,0,0,6,9,16.058602121435033,24.087903182152548,5505.42409396531
2026-07-04T16:45:00Z,browser-e2e,multi-reload-lifecycle,18,18,1,654237,0.1817325,37.544884999999965,2058,0,0,6,9,15.98087196165338,23.97130794248007,5481.43908284711
2026-07-04T17:00:00Z,browser-e2e,multi-reload-lifecycle,23,23,1,810399,0.22511083333333334,37.7699958333333,2059,0,0,6,9,15.885625263174632,23.828437894761947,5451.4170694794275
2026-07-04T17:15:00Z,browser-e2e,multi-reload-lifecycle,10,10,0,391208,0.10866888888888888,37.87866472222218,2059,0,0,6,9,15.840051501287464,23.760077251931197,5435.777673525148
2026-07-04T17:30:00Z,browser-e2e,multi-reload-lifecycle,5,5,0,181257,0.05034916666666667,37.929013888888846,2059,0,0,6,9,15.819024500812757,23.728536751219135,5428.561907862244
2026-07-04T17:45:00Z,browser-e2e,multi-reload-lifecycle,10,10,1,429407,0.11927972222222222,38.04829361111107,2060,0,0,6,9,15.769432556754259,23.65414883513139,5414.171844485629
2026-07-04T18:00:00Z,browser-e2e,multi-reload-lifecycle,5,5,0,236037,0.06556583333333334,38.1138594444444,2060,0,0,6,9,15.742304997334976,23.613457496002464,5404.858049085009
2026-07-04T18:15:00Z,browser-e2e,multi-reload-lifecycle,30,30,3,1260854,0.3502372222222222,38.46409666666662,2063,0,0,6,9,15.598962461010196,23.398443691515293,5363.443259510672
2026-07-04T18:30:00Z,browser-e2e,multi-reload-lifecycle,28,28,0,998020,0.2772277777777778,38.741324444444395,2063,0,0,6,9,15.487338355207976,23.231007532811965,5325.063171132342
2026-07-04T18:45:00Z,browser-e2e,multi-reload-lifecycle,20,20,0,837343,0.23259527777777778,38.97391972222217,2063,0,0,6,9,15.394910347133795,23.092365520700692,5293.283341022837
2026-07-04T19:00:00Z,browser-e2e,multi-reload-lifecycle,12,12,0,496001,0.13777805555555556,39.11169777777773,2063,0,0,6,9,15.3406789807244,23.0110184710866,5274.636789539073
2026-07-04T19:15:00Z,browser-e2e,multi-reload-lifecycle,8,8,0,305379,0.0848275,39.19652527777773,2063,0,0,6,9,15.30747931730997,22.961218975964954,5263.221638601744
2026-07-04T19:30:00Z,browser-e2e,multi-reload-lifecycle,6,6,0,219301,0.06091694444444445,39.257442222222174,2063,0,0,6,9,15.283726244914712,22.92558936737207,5255.054540543176
2026-07-04T19:45:00Z,browser-e2e,multi-reload-lifecycle,13,13,0,476194,0.13227611111111112,39.389718333333285,2063,0,0,6,9,15.232401382577393,22.84860207386609,5237.40734204286
2026-07-04T20:00:00Z,browser-e2e,multi-reload-lifecycle,14,14,0,517467,0.14374083333333335,39.53345916666662,2063,0,0,6,9,15.177017459324716,22.765526188987074,5218.364503097815
2026-07-04T20:15:00Z,browser-e2e,multi-reload-lifecycle,6,6,0,228280,0.06341111111111111,39.596870277777725,2063,0,0,6,9,15.152712721760935,22.729069082641402,5210.007724165468
2026-07-04T20:30:00Z,browser-e2e,multi-reload-lifecycle,6,6,0,226676,0.06296555555555555,39.65983583333328,2063,0,0,6,9,15.128655663665462,22.692983495498193,5201.736105690308
2026-07-04T20:45:00Z,browser-e2e,multi-reload-lifecycle,9,9,0,237305,0.06591805555555555,39.72575388888884,2063,0,0,6,9,15.10355226179403,22.655328392691043,5193.104719346848
2026-07-04T21:00:00Z,browser-e2e,multi-reload-lifecycle,7,7,0,185424,0.051506666666666666,39.77726055555551,2063,0,0,6,9,15.083995016750865,22.625992525126296,5186.380286592839
2026-07-04T21:30:00Z,browser-e2e,multi-reload-lifecycle,3,3,1,117593,0.03266472222222222,39.80992527777773,2064,0,1,6,10,15.071618341743676,25.119363902906127,5184.636709559824
2026-07-04T21:45:00Z,browser-e2e,multi-reload-lifecycle,18,18,0,593817,0.16494916666666667,39.974874444444396,2064,0,0,6,10,15.009428005430207,25.015713342383677,5163.243233867991
2026-07-04T22:00:00Z,browser-e2e,multi-reload-lifecycle,3,3,0,110534,0.030703888888888888,40.00557833333328,2064,0,0,6,10,14.997908416688741,24.99651402781457,5159.280495340927
2026-07-01T17:15:00Z,browser-e2e,parser-serialization,6,6,6,256017,0.07111583333333334,0.07111583333333334,6,2,2,2,2,2812.3132448235856,2812.3132448235856,8436.939734470758
2026-07-01T17:30:00Z,browser-e2e,parser-serialization,22,22,20,917025,0.2547291666666667,0.325845,26,0,0,2,2,613.788764596664,613.788764596664,7979.2539397566325
2026-07-01T17:45:00Z,browser-e2e,parser-serialization,20,20,15,841278,0.23368833333333333,0.5595333333333333,41,0,0,2,2,357.4407244132015,357.4407244132015,7327.534850470631
2026-07-01T18:00:00Z,browser-e2e,parser-serialization,19,19,19,904475,0.25124305555555554,0.8107763888888888,60,0,0,2,2,246.67713902483732,246.67713902483732,7400.31417074512
2026-07-01T18:15:00Z,browser-e2e,parser-serialization,22,22,19,892855,0.24801527777777777,1.0587916666666666,79,0,0,2,2,188.89457321632366,188.89457321632366,7461.335642044784
2026-07-01T18:30:00Z,browser-e2e,parser-serialization,17,17,15,729155,0.20254305555555555,1.2613347222222222,94,0,0,2,2,158.5621932674933,158.5621932674933,7452.423083572186
2026-07-01T18:45:00Z,browser-e2e,parser-serialization,23,23,20,908313,0.25230916666666664,1.5136438888888888,114,0,0,2,2,132.13147522222863,132.13147522222863,7531.4940876670325
2026-07-01T19:00:00Z,browser-e2e,parser-serialization,20,20,17,838315,0.23286527777777777,1.7465091666666666,131,0,0,2,2,114.51414273519893,114.51414273519893,7500.67634915553
2026-07-01T19:15:00Z,browser-e2e,parser-serialization,22,22,20,925805,0.25716805555555555,2.003677222222222,151,0,0,2,2,99.81647631757056,99.81647631757056,7536.143961976577
2026-07-01T19:30:00Z,browser-e2e,parser-serialization,14,14,13,600778,0.16688277777777777,2.17056,164,0,0,2,2,92.1421200058971,92.1421200058971,7555.653840483562
2026-07-01T19:45:00Z,browser-e2e,parser-serialization,21,21,21,849693,0.23602583333333332,2.406585833333333,185,0,0,2,2,83.10528435338722,83.10528435338722,7687.238802688318
2026-07-01T20:00:00Z,browser-e2e,parser-serialization,22,22,22,947437,0.26317694444444445,2.6697627777777777,207,0,0,2,2,74.91302285908465,74.91302285908465,7753.497865915261
2026-07-01T20:15:00Z,browser-e2e,parser-serialization,18,18,17,801060,0.22251666666666667,2.892279444444444,224,0,0,2,2,69.14961152324494,69.14961152324494,7744.756490603433
2026-07-01T20:30:00Z,browser-e2e,parser-serialization,21,21,17,929402,0.2581672222222222,3.1504466666666664,241,0,0,2,2,63.4830616610978,63.4830616610978,7649.708930162285
2026-07-01T20:45:00Z,browser-e2e,parser-serialization,13,13,12,606894,0.16858166666666666,3.3190283333333332,253,0,0,2,2,60.25859978095999,60.25859978095999,7622.7128722914385
2026-07-01T21:00:00Z,browser-e2e,parser-serialization,12,12,9,469045,0.13029027777777777,3.449318611111111,262,0,0,2,2,57.9824662632644,57.9824662632644,7595.703080487636
2026-07-01T21:15:00Z,browser-e2e,parser-serialization,21,21,21,828200,0.23005555555555557,3.6793741666666664,283,0,0,2,2,54.35707023544992,54.35707023544992,7691.525438316164
2026-07-01T21:30:00Z,browser-e2e,parser-serialization,1,1,1,37030,0.01028611111111111,3.6896602777777776,284,0,0,2,2,54.20553247261473,54.20553247261473,7697.185611111291
2026-07-01T21:45:00Z,browser-e2e,parser-serialization,21,21,21,918945,0.2552625,3.9449227777777778,305,0,0,2,2,50.698077317666126,50.698077317666126,7731.456790944084
2026-07-01T22:00:00Z,browser-e2e,parser-serialization,20,20,18,869768,0.24160222222222222,4.186525,323,0,0,2,2,47.77231713652731,47.77231713652731,7715.229217549161
2026-07-01T22:15:00Z,browser-e2e,parser-serialization,20,20,19,845991,0.2349975,4.4215225,342,0,0,2,2,45.23328785503183,45.23328785503183,7734.892223210444
2026-07-01T22:30:00Z,browser-e2e,parser-serialization,21,21,18,909062,0.2525172222222222,4.674039722222222,360,0,0,2,2,42.789537934203125,42.789537934203125,7702.116828156562
2026-07-01T22:45:00Z,browser-e2e,parser-serialization,19,19,18,834878,0.23191055555555556,4.9059502777777775,378,0,0,2,2,40.766821650420994,40.766821650420994,7704.9292919295685
2026-07-01T23:00:00Z,browser-e2e,parser-serialization,20,20,18,903162,0.2508783333333333,5.156828611111111,396,0,0,2,2,38.78352667549818,38.78352667549818,7679.138281748639
2026-07-01T23:15:00Z,browser-e2e,parser-serialization,21,21,20,905961,0.25165583333333336,5.408484444444444,416,0,0,2,2,36.97893597631376,36.97893597631376,7691.618683073262
2026-07-01T23:30:00Z,browser-e2e,parser-serialization,19,19,19,808023,0.22445083333333332,5.6329352777777775,435,0,0,2,2,35.50546742282135,35.50546742282135,7722.4391644636435
2026-07-01T23:45:00Z,browser-e2e,parser-serialization,22,22,20,904781,0.25132805555555554,5.884263333333333,455,0,0,2,2,33.988961518264254,33.988961518264254,7732.488745405118
2026-07-02T00:00:00Z,browser-e2e,parser-serialization,22,22,20,868065,0.24112916666666667,6.1253925,475,0,0,2,2,32.65096889709516,32.65096889709516,7754.605113060102
2026-07-02T00:15:00Z,browser-e2e,parser-serialization,21,21,18,892600,0.24794444444444444,6.3733369444444445,493,0,0,2,2,31.380735357846948,31.380735357846948,7735.351265709272
2026-07-02T00:30:00Z,browser-e2e,parser-serialization,15,15,13,701792,0.1949422222222222,6.568279166666667,506,0,0,2,2,30.449375692644,30.449375692644,7703.692050238932
2026-07-02T00:45:00Z,browser-e2e,parser-serialization,21,21,21,901760,0.25048888888888887,6.818768055555555,527,0,0,2,2,29.33081142671381,29.33081142671381,7728.66881093909
2026-07-02T01:00:00Z,browser-e2e,parser-serialization,21,21,19,918701,0.2551947222222222,7.073962777777777,546,0,0,2,2,28.272696122784552,28.272696122784552,7718.446041520183
2026-07-02T01:15:00Z,browser-e2e,parser-serialization,19,19,19,837438,0.23262166666666667,7.306584444444444,565,0,0,2,2,27.372570798394023,27.372570798394023,7732.751250546312
2026-07-02T01:30:00Z,browser-e2e,parser-serialization,21,21,19,886225,0.2461736111111111,7.552758055555555,584,0,0,2,2,26.4803927954354,26.4803927954354,7732.274696267137
2026-07-02T01:45:00Z,browser-e2e,parser-serialization,18,18,17,763829,0.21217472222222222,7.764932777777777,601,0,0,2,2,25.756823107647996,25.756823107647996,7739.925343848223
2026-07-02T02:00:00Z,browser-e2e,parser-serialization,22,22,17,917168,0.2547688888888889,8.019701666666666,618,0,0,2,2,24.938583542488384,24.938583542488384,7706.022314628911
2026-07-02T02:15:00Z,browser-e2e,parser-serialization,20,20,17,837639,0.2326775,8.252379166666666,635,0,0,2,2,24.235435134615223,24.235435134615223,7694.750655240333
2026-07-02T02:30:00Z,browser-e2e,parser-serialization,22,22,19,902779,0.25077194444444445,8.50315111111111,654,0,0,2,2,23.520692198290938,23.520692198290938,7691.266348841136
2026-07-02T02:45:00Z,browser-e2e,parser-serialization,19,19,16,815571,0.2265475,8.729698611111111,670,0,0,2,2,22.91029838595357,22.91029838595357,7674.949959294446
2026-07-02T03:00:00Z,browser-e2e,parser-serialization,22,22,22,924801,0.25688916666666667,8.986587777777778,692,0,0,2,2,22.255388245866154,22.255388245866154,7700.364333069689
2026-07-02T03:15:00Z,browser-e2e,parser-serialization,21,21,19,896573,0.24904805555555556,9.235635833333333,711,0,0,2,2,21.655249688186963,21.655249688186963,7698.441264150465
2026-07-02T03:30:00Z,browser-e2e,parser-serialization,18,18,16,735077,0.20418805555555555,9.439823888888888,727,0,0,2,2,21.18683593614594,21.18683593614594,7701.414862789048
2026-07-02T03:45:00Z,browser-e2e,parser-serialization,18,18,18,754297,0.20952694444444445,9.649350833333333,745,0,0,2,2,20.72678291570737,20.72678291570737,7720.726636100995
2026-07-02T04:00:00Z,browser-e2e,parser-serialization,14,14,13,596633,0.1657313888888889,9.815082222222221,758,0,0,2,2,20.3768033187926,20.3768033187926,7722.808457822395
2026-07-02T04:15:00Z,browser-e2e,parser-serialization,22,22,19,919029,0.2552858333333333,10.070368055555555,777,0,0,2,2,19.860247301454418,19.860247301454418,7715.706076615042
2026-07-02T04:30:00Z,browser-e2e,parser-serialization,10,10,8,401965,0.11165694444444445,10.182025,785,0,0,2,2,19.64245815542586,19.64245815542586,7709.66482600465
2026-07-02T04:45:00Z,browser-e2e,parser-serialization,21,21,18,833024,0.23139555555555555,10.413420555555556,803,1,1,3,3,28.808977645673796,28.808977645673796,7711.203016492019
2026-07-02T05:00:00Z,browser-e2e,parser-serialization,22,22,18,931912,0.25886444444444445,10.672285,821,0,0,3,3,28.11019383384158,28.11019383384158,7692.8230458613125
2026-07-02T05:15:00Z,browser-e2e,parser-serialization,3,3,3,148197,0.04116583333333333,10.713450833333333,824,0,0,3,3,28.00218199224791,28.00218199224791,7691.265987204092
2026-07-02T05:30:00Z,browser-e2e,parser-serialization,21,21,21,906833,0.25189805555555556,10.965348888888888,845,1,1,4,4,36.47854747287769,36.47854747287769,7706.093153645413
2026-07-02T05:45:00Z,browser-e2e,parser-serialization,21,21,18,891323,0.24758972222222222,11.212938611111111,863,0,0,4,4,35.6730749960258,35.6730749960258,7696.4659303925655
2026-07-02T06:00:00Z,browser-e2e,parser-serialization,14,14,12,538892,0.14969222222222223,11.362630833333334,875,0,0,4,4,35.203115006303186,35.203115006303186,7700.681407628823
2026-07-02T06:15:00Z,browser-e2e,parser-serialization,22,22,19,902546,0.25070722222222225,11.613338055555557,894,0,0,4,4,34.44315476622581,34.44315476622581,7698.045090251469
2026-07-02T06:30:00Z,browser-e2e,parser-serialization,20,20,17,811952,0.22554222222222223,11.838880277777779,911,0,0,4,4,33.78697905669523,33.78697905669523,7694.9844801623385
2026-07-02T06:45:00Z,browser-e2e,parser-serialization,23,23,18,931440,0.2587333333333333,12.097613611111113,929,0,0,4,4,33.064372268644625,33.064372268644625,7679.200459392713
2026-07-02T07:00:00Z,browser-e2e,parser-serialization,17,17,14,714067,0.19835194444444446,12.295965555555558,943,0,0,4,4,32.53099548731837,32.53099548731837,7669.182186135306
2026-07-02T07:15:00Z,browser-e2e,parser-serialization,16,16,14,600441,0.16678916666666666,12.462754722222224,957,0,0,4,4,32.095632860908644,32.095632860908644,7678.880161972394
2026-07-02T07:30:00Z,browser-e2e,parser-serialization,23,23,20,930827,0.25856305555555553,12.721317777777779,977,0,0,4,4,31.443283391500493,31.443283391500493,7680.021968373995
2026-07-02T07:45:00Z,browser-e2e,parser-serialization,7,7,7,290695,0.0807486111111111,12.80206638888889,984,0,0,4,4,31.24495591955109,31.24495591955109,7686.259156209569
2026-07-02T08:00:00Z,browser-e2e,parser-serialization,20,20,16,813527,0.22597972222222223,13.028046111111113,1000,0,0,4,4,30.702992343483924,30.702992343483924,7675.7480858709805
2026-07-02T08:15:00Z,browser-e2e,parser-serialization,22,22,18,937832,0.2605088888888889,13.288555000000002,1018,0,0,4,4,30.101090750649707,30.101090750649707,7660.72759604035
2026-07-02T08:30:00Z,browser-e2e,parser-serialization,18,18,14,701294,0.1948038888888889,13.48335888888889,1032,0,0,4,4,29.66619840769976,29.66619840769976,7653.879189186538
2026-07-02T08:45:00Z,browser-e2e,parser-serialization,23,23,19,933614,0.2593372222222222,13.742696111111112,1051,0,0,4,4,29.106370159534844,29.106370159534844,7647.69875941778
2026-07-02T09:00:00Z,browser-e2e,parser-serialization,20,20,18,795344,0.2209288888888889,13.963625,1069,0,0,4,4,28.64585664539115,28.64585664539115,7655.605188480785
2026-07-02T09:15:00Z,browser-e2e,parser-serialization,23,23,19,945257,0.26257138888888887,14.226196388888889,1088,0,0,4,4,28.117143125650415,28.117143125650415,7647.862930176913
2026-07-02T09:30:00Z,browser-e2e,parser-serialization,19,19,17,842790,0.23410833333333333,14.460304722222222,1105,0,0,4,4,27.661934356424062,27.661934356424062,7641.609365962147
2026-07-02T09:45:00Z,browser-e2e,parser-serialization,20,20,19,904890,0.25135833333333335,14.711663055555556,1124,0,0,4,4,27.189312213682616,27.189312213682616,7640.196732044815
2026-07-02T10:00:00Z,browser-e2e,parser-serialization,18,18,14,714294,0.198415,14.910078055555557,1138,0,0,4,4,26.82749201644577,26.82749201644577,7632.4214786788225
2026-07-02T10:15:00Z,browser-e2e,parser-serialization,22,22,19,920817,0.2557825,15.165860555555557,1157,0,0,4,4,26.375028211206388,26.375028211206388,7628.976910091447
2026-07-02T10:30:00Z,browser-e2e,parser-serialization,17,17,15,737157,0.20476583333333334,15.37062638888889,1172,0,0,4,4,26.023662919108602,26.023662919108602,7624.933235298821
2026-07-02T10:45:00Z,browser-e2e,parser-serialization,22,22,19,893878,0.24829944444444443,15.618925833333336,1191,0,0,4,4,25.609955784944873,25.609955784944873,7625.364334967337
2026-07-02T11:00:00Z,browser-e2e,parser-serialization,23,23,21,889857,0.2471825,15.866108333333335,1212,0,0,4,4,25.210971184385162,25.210971184385162,7638.9242688687045
2026-07-02T11:15:00Z,browser-e2e,parser-serialization,19,19,17,832092,0.23113666666666666,16.097245,1229,0,0,4,4,24.848972603697092,24.848972603697092,7634.846832485931
2026-07-02T11:30:00Z,browser-e2e,parser-serialization,21,21,17,896443,0.24901194444444444,16.346256944444445,1246,0,0,4,4,24.470433895629352,24.470433895629352,7622.540158488543
2026-07-02T11:45:00Z,browser-e2e,parser-serialization,18,18,16,770168,0.21393555555555555,16.5601925,1262,0,0,4,4,24.154308592729222,24.154308592729222,7620.68436100607
2026-07-02T12:00:00Z,browser-e2e,parser-serialization,21,21,17,861322,0.23925611111111111,16.79944861111111,1279,0,0,4,4,23.810305282010333,23.810305282010333,7613.345113922804
2026-07-02T12:15:00Z,browser-e2e,parser-serialization,21,21,19,865555,0.24043194444444443,17.039880555555555,1298,0,0,4,4,23.474342950695565,23.474342950695565,7617.424287500711
2026-07-02T12:30:00Z,browser-e2e,parser-serialization,20,20,18,881957,0.24498805555555556,17.28486861111111,1316,0,0,4,4,23.141628033138232,23.141628033138232,7613.595622902479
2026-07-02T12:45:00Z,browser-e2e,parser-serialization,18,18,14,754141,0.2094836111111111,17.494352222222222,1330,0,0,4,4,22.86452192793395,22.86452192793395,7602.453541038038
2026-07-02T13:00:00Z,browser-e2e,parser-serialization,23,23,17,912495,0.2534708333333333,17.747823055555557,1347,0,0,4,4,22.53797543213555,22.53797543213555,7589.663226771646
2026-07-02T13:15:00Z,browser-e2e,parser-serialization,20,20,19,895216,0.24867111111111112,17.99649416666667,1366,0,0,4,4,22.22655125468187,22.22655125468187,7590.367253473859
2026-07-02T13:30:00Z,browser-e2e,parser-serialization,19,19,18,766316,0.21286555555555556,18.209359722222224,1384,0,0,4,4,21.966725140360126,21.966725140360126,7600.4868985646035
2026-07-02T13:45:00Z,browser-e2e,parser-serialization,22,22,18,896271,0.24896416666666665,18.45832388888889,1402,0,0,4,4,21.67043998186545,21.67043998186545,7595.48921364384
2026-07-02T14:00:00Z,browser-e2e,parser-serialization,12,12,9,459439,0.12762194444444444,18.585945833333337,1411,0,0,4,4,21.521638101549396,21.521638101549396,7591.757840321549
2026-07-02T14:15:00Z,browser-e2e,parser-serialization,20,20,19,890953,0.24748694444444444,18.83343277777778,1430,0,0,4,4,21.23882590708444,21.23882590708444,7592.880261782688
2026-07-02T14:30:00Z,browser-e2e,parser-serialization,22,22,19,887831,0.24661972222222223,19.0800525,1449,0,0,4,4,20.964302902206374,20.964302902206374,7594.318726324259
2026-07-02T14:45:00Z,browser-e2e,parser-serialization,19,19,17,821989,0.22833027777777778,19.30838277777778,1466,0,0,4,4,20.716390626995658,20.716390626995658,7592.557164793909
2026-07-02T15:00:00Z,browser-e2e,parser-serialization,23,23,18,927822,0.25772833333333334,19.566111111111113,1484,0,0,4,4,20.443510605071125,20.443510605071125,7584.542434481387
2026-07-02T15:15:00Z,browser-e2e,parser-serialization,12,12,11,507184,0.14088444444444445,19.706995555555558,1495,0,0,4,4,20.297360846932186,20.297360846932186,7586.138616540905
2026-07-02T15:30:00Z,browser-e2e,parser-serialization,22,22,18,925852,0.25718111111111114,19.96417666666667,1513,0,0,4,4,20.035887614031328,20.035887614031328,7578.5744900073505
2026-07-02T15:45:00Z,browser-e2e,parser-serialization,18,18,17,830143,0.23059527777777777,20.194771944444447,1530,0,0,4,4,19.80710656700629,19.80710656700629,7576.218261879906
2026-07-02T16:00:00Z,browser-e2e,parser-serialization,21,21,18,889689,0.24713583333333333,20.441907777777782,1548,0,0,4,4,19.56764526816017,19.56764526816017,7572.6787187779855
2026-07-02T16:15:00Z,browser-e2e,parser-serialization,20,20,19,898169,0.2494913888888889,20.69139916666667,1567,0,0,4,4,19.331703804950514,19.331703804950514,7573.194965589364
2026-07-02T16:30:00Z,browser-e2e,parser-serialization,11,11,9,431154,0.119765,20.81116416666667,1576,0,0,4,4,19.220452868306218,19.220452868306218,7572.858430112649
2026-07-02T16:45:00Z,browser-e2e,parser-serialization,8,8,5,330529,0.09181361111111111,20.90297777777778,1581,0,0,4,4,19.136029529019787,19.136029529019787,7563.51567134507
2026-07-02T17:00:00Z,browser-e2e,parser-serialization,6,6,4,214842,0.05967833333333333,20.962656111111116,1585,0,0,4,4,19.081551396913994,19.081551396913994,7561.06474102717
2026-07-02T17:15:00Z,browser-e2e,parser-serialization,23,23,20,903699,0.2510275,21.213683611111115,1605,0,0,4,4,18.85575401862275,18.85575401862275,7565.871299972378
2026-07-02T17:30:00Z,browser-e2e,parser-serialization,22,22,18,859248,0.23868,21.452363611111114,1623,0,0,4,4,18.645964018287597,18.645964018287597,7565.599900420192
2026-07-02T17:45:00Z,browser-e2e,parser-serialization,20,20,20,871629,0.24211916666666666,21.69448277777778,1643,0,0,4,4,18.43786754896643,18.43786754896643,7573.354095737961
2026-07-02T18:00:00Z,browser-e2e,parser-serialization,22,22,21,925372,0.25704777777777776,21.951530555555557,1664,0,0,4,4,18.221964021491285,18.221964021491285,7580.337032940375
2026-07-02T18:15:00Z,browser-e2e,parser-serialization,2,2,2,97622,0.027117222222222223,21.97864777777778,1666,0,0,4,4,18.199481789977675,18.199481789977675,7580.084165525702
2026-07-02T19:00:00Z,browser-e2e,parser-serialization,19,19,15,785545,0.21820694444444444,22.196854722222223,1681,2,2,6,6,27.03085673662198,27.03085673662198,7573.145029043591
2026-07-02T19:15:00Z,browser-e2e,parser-serialization,22,22,17,884608,0.24572444444444444,22.44257916666667,1698,0,0,6,6,26.73489510916656,26.73489510916656,7565.975315894136
2026-07-02T19:30:00Z,browser-e2e,parser-serialization,14,14,14,595035,0.1652875,22.60786666666667,1712,0,0,6,6,26.539434651065406,26.539434651065406,7572.585353770663
2026-07-02T19:45:00Z,browser-e2e,parser-serialization,2,2,2,110326,0.03064611111111111,22.63851277777778,1714,0,0,6,6,26.50350780060812,26.50350780060812,7571.168728373719
2026-07-02T20:30:00Z,browser-e2e,parser-serialization,6,6,6,271087,0.07530194444444445,22.713814722222224,1720,0,0,6,6,26.415642081159785,26.415642081159785,7572.484063265804
2026-07-02T20:45:00Z,browser-e2e,parser-serialization,21,21,21,876796,0.24355444444444443,22.95736916666667,1741,0,0,6,6,26.135398862304303,26.135398862304303,7583.621569878633
2026-07-02T21:00:00Z,browser-e2e,parser-serialization,20,20,20,929983,0.2583286111111111,23.21569777777778,1761,0,0,6,6,25.84458178872073,25.84458178872073,7585.384754989535
2026-07-02T21:15:00Z,browser-e2e,parser-serialization,14,14,14,682391,0.18955305555555554,23.405250833333337,1775,0,0,6,6,25.6352732244805,25.6352732244805,7583.7683289088145
2026-07-02T21:30:00Z,browser-e2e,parser-serialization,20,20,20,877630,0.24378611111111112,23.649036944444447,1795,0,0,6,6,25.37101199552018,25.37101199552018,7590.161088659787
2026-07-02T21:45:00Z,browser-e2e,parser-serialization,20,20,19,858997,0.23861027777777777,23.887647222222224,1814,0,0,6,6,25.117584600036768,25.117584600036768,7593.883077411116
2026-07-02T22:00:00Z,browser-e2e,parser-serialization,20,20,20,889198,0.24699944444444444,24.13464666666667,1834,0,0,6,6,24.860525545985478,24.860525545985478,7599.033975222895
2026-07-02T22:15:00Z,browser-e2e,parser-serialization,22,22,22,910958,0.2530438888888889,24.387690555555558,1856,0,0,6,6,24.602575575296488,24.602575575296488,7610.3967112917135
2026-07-02T22:30:00Z,browser-e2e,parser-serialization,8,8,8,353292,0.09813666666666666,24.485827222222223,1864,0,0,6,6,24.503970993288203,24.503970993288203,7612.566988581535
2026-07-02T22:45:00Z,browser-e2e,parser-serialization,10,10,10,442589,0.12294138888888889,24.608768611111113,1874,0,0,6,6,24.38155315618246,24.38155315618246,7615.171769114321
2026-07-02T23:45:00Z,browser-e2e,parser-serialization,10,10,10,386505,0.1073625,24.716131111111114,1884,1,2,7,8,28.32158467088385,32.36752533815297,7622.552217135026
2026-07-03T00:00:00Z,browser-e2e,parser-serialization,22,22,21,907686,0.252135,24.968266111111113,1905,0,0,7,8,28.035587128274535,32.040671003742325,7629.684782766141
2026-07-03T00:15:00Z,browser-e2e,parser-serialization,17,17,16,651586,0.1809961111111111,25.149262222222223,1921,0,0,7,8,27.833818495934672,31.810078281068197,7638.395047241501
2026-07-03T00:30:00Z,browser-e2e,parser-serialization,18,18,17,770835,0.21412083333333334,25.363383055555556,1938,0,0,7,8,27.598841939449915,31.541533645085618,7640.936525521991
2026-07-03T00:45:00Z,browser-e2e,parser-serialization,27,27,24,926115,0.2572541666666667,25.62063722222222,1962,0,0,7,8,27.321724823957563,31.224828370237216,7657.889157800677
2026-07-03T01:00:00Z,browser-e2e,parser-serialization,23,23,18,824452,0.22901444444444444,25.849651666666666,1980,0,0,7,8,27.07966857838381,30.94819266101007,7659.677683599992
2026-07-03T01:15:00Z,browser-e2e,parser-serialization,24,24,13,860077,0.2389102777777778,26.088561944444443,1993,0,0,7,8,26.831682079320778,30.664779519223746,7639.363197726616
2026-07-03T01:30:00Z,browser-e2e,parser-serialization,25,25,1,827369,0.22982472222222222,26.318386666666665,1994,0,0,7,8,26.597375016401717,30.39700001874482,7576.452254672146
2026-07-03T01:45:00Z,browser-e2e,parser-serialization,26,26,6,908477,0.2523547222222222,26.570741388888887,2000,0,0,7,8,26.344767342198427,30.108305533941056,7527.076383485264
2026-07-03T02:00:00Z,browser-e2e,parser-serialization,1,1,0,32895,0.0091375,26.57987888888889,2000,0,0,7,8,26.335710667689273,30.09795504878774,7524.488762196935
2026-07-03T02:15:00Z,browser-e2e,parser-serialization,24,24,5,818702,0.22741722222222222,26.80729611111111,2005,1,1,8,9,29.84262182519838,33.572949553348174,7479.307094940344
2026-07-03T02:30:00Z,browser-e2e,parser-serialization,1,1,0,42349,0.011763611111111112,26.81905972222222,2005,0,0,8,9,29.82953199276862,33.558223491864695,7476.0264556876355
2026-07-03T03:00:00Z,browser-e2e,parser-serialization,7,7,2,254761,0.07076694444444444,26.889826666666664,2007,0,0,8,9,29.75102851784839,33.46990708257944,7463.789279415215
2026-07-03T03:15:00Z,browser-e2e,parser-serialization,8,8,0,278376,0.07732666666666667,26.967153333333332,2007,0,0,8,9,29.665719258960223,33.37393416633025,7442.387319091646
2026-07-03T03:30:00Z,browser-e2e,parser-serialization,15,15,4,464090,0.12891388888888888,27.09606722222222,2011,0,0,8,9,29.52457983806219,33.215152317819964,7421.741256792883
2026-07-03T04:00:00Z,browser-e2e,parser-serialization,4,4,3,150784,0.041884444444444446,27.137951666666666,2014,0,0,8,9,29.47901189545686,33.16388838238897,7421.3412446812645
2026-07-03T04:15:00Z,browser-e2e,parser-serialization,3,3,1,119428,0.033174444444444444,27.17112611111111,2015,0,0,8,9,29.443019649923723,33.12339710616419,7415.960574324537
2026-07-03T06:30:00Z,browser-e2e,parser-serialization,2,2,2,82848,0.023013333333333334,27.194139444444446,2017,0,0,8,9,29.418103177500395,33.095366074687945,7417.039263627287
2026-07-03T06:45:00Z,browser-e2e,parser-serialization,18,18,0,641795,0.1782763888888889,27.372415833333335,2017,0,0,8,9,29.226503238555335,32.87981614337475,7368.732129020764
2026-07-03T07:00:00Z,browser-e2e,parser-serialization,3,3,2,119493,0.0331925,27.405608333333333,2019,0,0,8,9,29.191105348570684,32.83999351714202,7367.1052123455265
2026-07-03T07:15:00Z,browser-e2e,parser-serialization,3,3,0,109749,0.030485833333333334,27.436094166666667,2019,0,0,8,9,29.158669420662495,32.80350309824531,7358.919195039697
2026-07-03T07:30:00Z,browser-e2e,parser-serialization,9,9,3,311907,0.08664083333333333,27.522735,2022,0,0,8,9,29.066878709546852,32.70023854824021,7346.653593837967
2026-07-03T07:45:00Z,browser-e2e,parser-serialization,1,1,0,33334,0.009259444444444445,27.531994444444447,2022,0,0,8,9,29.0571030592892,32.68924094170035,7344.182798235345
2026-07-03T08:15:00Z,browser-e2e,parser-serialization,4,4,1,126993,0.03527583333333333,27.56727027777778,2023,0,0,8,9,29.019920795164367,32.64741089455991,7338.412471077189
2026-07-03T09:00:00Z,browser-e2e,parser-serialization,5,5,3,230946,0.06415166666666666,27.631421944444448,2026,0,0,8,9,28.952545461050637,32.571613643681964,7332.232138011073
2026-07-03T09:15:00Z,browser-e2e,parser-serialization,8,8,2,288733,0.08020361111111111,27.71162555555556,2028,0,0,8,9,28.868750351587295,32.4773441455357,7318.228214127379
2026-07-03T09:30:00Z,browser-e2e,parser-serialization,10,10,0,351064,0.09751777777777777,27.80914333333334,2028,0,0,8,9,28.767516870650333,32.36345647948162,7292.565526709859
2026-07-03T09:45:00Z,browser-e2e,parser-serialization,16,16,0,550211,0.1528363888888889,27.961979722222228,2028,0,0,8,9,28.610277524957073,32.18656221557671,7252.705352576618
2026-07-03T10:30:00Z,browser-e2e,parser-serialization,4,4,0,150123,0.04170083333333333,28.00368055555556,2028,0,0,8,9,28.56767339610616,32.13863257061943,7241.905205912912
2026-07-03T10:45:00Z,browser-e2e,parser-serialization,8,8,0,302697,0.0840825,28.087763055555563,2028,0,0,8,9,28.482154254066366,32.04242353582466,7220.226103405824
2026-07-03T11:00:00Z,browser-e2e,parser-serialization,11,11,0,383690,0.10658055555555555,28.19434361111112,2028,0,0,8,9,28.374485713677963,31.921296427887707,7192.932128417364
2026-07-03T11:15:00Z,browser-e2e,parser-serialization,10,10,0,339714,0.094365,28.28870861111112,2028,0,0,8,9,28.279834579857045,31.814813902339175,7168.9380659937615
2026-07-03T11:30:00Z,browser-e2e,parser-serialization,7,7,0,233481,0.06485583333333333,28.35356444444445,2028,0,0,8,9,28.21514739592999,31.742040820421238,7152.539864868252
2026-07-03T11:45:00Z,browser-e2e,parser-serialization,7,7,0,247564,0.06876777777777777,28.42233222222223,2028,0,0,8,9,28.146880901438255,31.665241014118035,7135.234308514598
2026-07-03T12:00:00Z,browser-e2e,parser-serialization,5,5,1,196527,0.05459083333333333,28.476923055555563,2029,0,0,8,9,28.092922765541832,31.604538111234564,7125.067536410547
2026-07-03T12:15:00Z,browser-e2e,parser-serialization,11,11,4,406856,0.11301555555555555,28.58993861111112,2033,0,0,8,9,27.981871905422352,31.479605893600148,7110.893197965455
2026-07-03T12:30:00Z,browser-e2e,parser-serialization,9,9,4,332301,0.09230583333333334,28.682244444444454,2037,1,1,9,10,31.37829752979194,34.864775033102156,7101.954674242909
2026-07-03T12:45:00Z,browser-e2e,parser-serialization,14,14,0,492822,0.136895,28.819139444444453,2037,0,0,9,10,31.229246165901582,34.69916240655731,7068.219382215725
2026-07-03T13:00:00Z,browser-e2e,parser-serialization,23,23,2,820220,0.2278388888888889,29.046978333333342,2039,0,0,9,10,30.98428998954394,34.42698887727104,7019.663032075566
2026-07-03T13:15:00Z,browser-e2e,parser-serialization,24,24,4,910426,0.2528961111111111,29.299874444444452,2043,0,0,9,10,30.716855176512503,34.12983908501389,6972.726125068339
2026-07-03T13:30:00Z,browser-e2e,parser-serialization,2,2,0,79279,0.022021944444444445,29.321896388888895,2043,0,0,9,10,30.693785560917604,34.10420617879734,6967.489322328296
2026-07-03T16:15:00Z,browser-e2e,parser-serialization,2,2,0,76753,0.02132027777777778,29.343216666666674,2043,0,0,9,10,30.671483982953465,34.07942664772607,6962.426864130436
2026-07-03T16:30:00Z,browser-e2e,parser-serialization,10,10,0,389184,0.10810666666666667,29.45132333333334,2043,0,0,9,10,30.558898485263303,33.95433165029256,6936.869956154769
2026-07-03T16:45:00Z,browser-e2e,parser-serialization,10,10,0,390838,0.10856611111111111,29.55988944444445,2043,0,0,9,10,30.446663262779825,33.82962584753314,6911.39256065102
2026-07-03T17:00:00Z,browser-e2e,parser-serialization,22,22,2,831700,0.23102777777777778,29.79091722222223,2045,0,0,9,10,30.21055019174281,33.567277990825346,6864.508349123783
2026-07-03T17:15:00Z,browser-e2e,parser-serialization,10,10,2,420609,0.11683583333333333,29.907753055555563,2047,0,0,9,10,30.092531469287994,33.43614607698666,6844.37910195917
2026-07-03T17:30:00Z,browser-e2e,parser-serialization,23,23,1,860800,0.2391111111111111,30.146864166666674,2048,0,0,9,10,29.853851300233348,33.170945889148165,6793.409718097544
2026-07-03T17:45:00Z,browser-e2e,parser-serialization,11,11,2,453895,0.12608194444444445,30.272946111111118,2050,0,0,9,10,29.729514818171985,33.03279424241332,6771.722819694731
2026-07-03T18:00:00Z,browser-e2e,parser-serialization,11,11,0,410091,0.11391416666666666,30.386860277777785,2050,0,0,9,10,29.61806490610611,32.908961006784565,6746.337006390836
2026-07-03T18:15:00Z,browser-e2e,parser-serialization,2,2,0,79650,0.022125,30.408985277777784,2050,0,0,9,10,29.5965153647432,32.88501707193689,6741.428499747062
2026-07-03T18:30:00Z,browser-e2e,parser-serialization,7,7,0,269148,0.07476333333333333,30.483748611111118,2050,0,0,9,10,29.523928027406583,32.804364474896204,6724.894717353722
2026-07-03T18:45:00Z,browser-e2e,parser-serialization,14,14,2,550194,0.15283166666666667,30.636580277777785,2052,0,0,9,10,29.37664686593021,32.640718739922455,6697.875485432088
2026-07-03T19:00:00Z,browser-e2e,parser-serialization,12,12,4,484980,0.13471666666666668,30.77129694444445,2056,0,0,9,10,29.248035974073197,32.49781774897022,6681.551329188277
2026-07-03T19:15:00Z,browser-e2e,parser-serialization,7,7,1,283935,0.07887083333333333,30.850167777777784,2057,0,0,9,10,29.173261114265138,32.41473457140571,6667.710901338154
2026-07-03T19:30:00Z,browser-e2e,parser-serialization,5,5,0,201452,0.05595888888888889,30.906126666666673,2057,0,0,9,10,29.120439766095995,32.3560441845511,6655.638288762162
2026-07-03T19:45:00Z,browser-e2e,parser-serialization,2,2,0,76813,0.021336944444444443,30.92746361111112,2057,0,0,9,10,29.10034949250292,32.33372165833658,6651.046545119834
2026-07-03T20:00:00Z,browser-e2e,parser-serialization,7,7,0,244865,0.06801805555555555,30.995481666666674,2057,0,0,9,10,29.03649021101946,32.262766901132736,6636.451151563003
2026-07-03T20:15:00Z,browser-e2e,parser-serialization,9,9,2,335146,0.09309611111111112,31.088577777777786,2059,0,0,9,10,28.94953916622467,32.166154629138525,6623.011238139622
2026-07-03T20:30:00Z,browser-e2e,parser-serialization,9,9,1,382158,0.106155,31.194732777777787,2060,0,0,9,10,28.851024511456423,32.056693901618246,6603.678943733359
2026-07-03T20:45:00Z,browser-e2e,parser-serialization,5,5,2,190187,0.05282972222222222,31.247562500000008,2062,0,0,9,10,28.80224657523286,32.00249619470318,6598.914715347795
2026-07-03T21:15:00Z,browser-e2e,parser-serialization,5,5,2,190822,0.05300611111111111,31.300568611111117,2064,0,0,9,10,28.753471260599298,31.948301400665887,6594.129409097439
2026-07-03T22:30:00Z,browser-e2e,parser-serialization,4,4,2,168996,0.04694333333333333,31.347511944444452,2066,0,0,9,10,28.710412539120256,31.900458376800284,6590.634700646939
2026-07-04T00:30:00Z,browser-e2e,parser-serialization,8,8,4,273913,0.07608694444444444,31.423598888888897,2070,0,0,9,10,28.640895117784613,31.82321679753846,6587.405877090461
2026-07-04T01:30:00Z,browser-e2e,parser-serialization,15,15,4,686699,0.19074972222222222,31.61434861111112,2074,0,0,9,10,28.468086155148164,31.631206839053515,6560.312298419699
2026-07-04T01:45:00Z,browser-e2e,parser-serialization,14,14,0,576205,0.16005694444444443,31.774405555555564,2074,0,0,9,10,28.324684105463632,31.471871228292922,6527.266092747953
2026-07-04T02:30:00Z,browser-e2e,parser-serialization,3,3,2,122567,0.03404638888888889,31.808451944444453,2076,0,0,9,10,28.294366590738495,31.438185100820547,6526.567226930346
2026-07-04T02:45:00Z,browser-e2e,parser-serialization,3,3,1,101077,0.028076944444444446,31.836528888888896,2077,0,0,9,10,28.269413513673108,31.410459459636783,6523.95242976656
2026-07-04T03:45:00Z,browser-e2e,parser-serialization,7,7,4,272812,0.0757811111111111,31.91231000000001,2081,0,0,9,10,28.202283068822023,31.335870076468915,6520.994562913182
2026-07-04T04:15:00Z,browser-e2e,parser-serialization,5,5,2,156246,0.043401666666666665,31.955711666666677,2083,0,0,9,10,28.163979240643826,31.29331026738203,6518.396528695676
2026-07-04T04:30:00Z,browser-e2e,parser-serialization,2,2,0,80660,0.022405555555555557,31.97811722222223,2083,0,0,9,10,28.14424607132818,31.271384523697975,6513.829396286288
2026-07-04T05:00:00Z,browser-e2e,parser-serialization,6,6,2,237907,0.06608527777777778,32.04420250000001,2085,0,0,9,10,28.086203736853793,31.20689304094866,6506.637199037796
2026-07-04T06:15:00Z,browser-e2e,parser-serialization,11,11,2,430937,0.11970472222222223,32.163907222222235,2087,0,0,9,10,27.981675042831384,31.090750047590426,6488.639534932122
2026-07-04T06:30:00Z,browser-e2e,parser-serialization,21,21,0,830568,0.23071333333333333,32.39462055555557,2087,0,0,9,10,27.782390550200564,30.869322833556183,6442.427675363176
2026-07-04T06:45:00Z,browser-e2e,parser-serialization,5,5,0,198972,0.05527,32.44989055555557,2087,0,0,9,10,27.735070429872863,30.81674492208096,6431.454665238296
2026-07-04T07:15:00Z,browser-e2e,parser-serialization,9,9,1,324920,0.09025555555555556,32.54014611111113,2088,0,0,9,10,27.658142558022714,30.731269508914128,6416.68907346127
2026-07-04T07:45:00Z,browser-e2e,parser-serialization,7,7,2,273744,0.07604,32.616186111111126,2090,0,0,9,10,27.593661531548697,30.659623923943,6407.861400104086
2026-07-04T08:00:00Z,browser-e2e,parser-serialization,7,7,3,246715,0.06853194444444445,32.68471805555557,2093,0,0,9,10,27.535804300659183,30.59533811184354,6403.604266808853
2026-07-04T08:15:00Z,browser-e2e,parser-serialization,8,8,0,269683,0.07491194444444445,32.759630000000016,2093,0,0,9,10,27.472837757935594,30.525375286595104,6388.961047484355
2026-07-04T08:30:00Z,browser-e2e,parser-serialization,5,5,0,177761,0.04937805555555556,32.80900805555557,2093,0,0,9,10,27.431490719744644,30.479434133049605,6379.345564047282
2026-07-04T08:45:00Z,browser-e2e,parser-serialization,10,10,5,448812,0.12467,32.933678055555575,2098,0,0,9,10,27.327649176681593,30.364054640757328,6370.378663630887
2026-07-04T09:00:00Z,browser-e2e,parser-serialization,12,12,0,484572,0.13460333333333332,33.068281388888906,2098,0,0,9,10,27.21641289475673,30.24045877195192,6344.448250355514
2026-07-04T09:15:00Z,browser-e2e,parser-serialization,7,7,2,285627,0.07934083333333333,33.14762222222224,2100,0,0,9,10,27.151268768733523,30.168076409703914,6335.296046037823
2026-07-04T09:30:00Z,browser-e2e,parser-serialization,7,7,1,256468,0.07124111111111112,33.21886333333335,2101,0,0,9,10,27.093040209383027,30.103378010425583,6324.719719990416
2026-07-04T09:45:00Z,browser-e2e,parser-serialization,12,12,2,478788,0.13299666666666668,33.351860000000016,2103,0,0,9,10,26.985001736035098,29.98333526226122,6305.495405653534
2026-07-04T10:00:00Z,browser-e2e,parser-serialization,2,2,0,79238,0.022010555555555554,33.37387055555557,2103,0,0,9,10,26.967204732870933,29.963560814301037,6301.336839247508
2026-07-04T10:15:00Z,browser-e2e,parser-serialization,9,9,2,367483,0.1020786111111111,33.47594916666668,2105,0,0,9,10,26.884973313801222,29.87219257089025,6288.0965361723975
2026-07-04T10:30:00Z,browser-e2e,parser-serialization,11,11,0,394367,0.10954638888888889,33.58549555555557,2105,0,0,9,10,26.79728213363003,29.77475792625559,6267.586543476801
2026-07-04T10:45:00Z,browser-e2e,parser-serialization,12,12,0,441191,0.12255305555555555,33.708048611111124,2105,0,0,9,10,26.69985469592964,29.6665052176996,6244.799348325766
2026-07-04T11:00:00Z,browser-e2e,parser-serialization,6,6,0,212422,0.05900611111111111,33.767054722222234,2105,0,0,9,10,26.653198136576194,29.61466459619577,6233.88689749921
2026-07-04T11:15:00Z,browser-e2e,parser-serialization,4,4,2,127242,0.035345,33.80239972222223,2107,0,0,9,10,26.6253285978488,29.583698442054224,6233.285261740825
2026-07-04T11:30:00Z,browser-e2e,parser-serialization,4,4,0,157249,0.043680277777777776,33.84608000000001,2107,0,0,9,10,26.59096710756459,29.5455190084051,6225.240855070955
2026-07-04T11:45:00Z,browser-e2e,parser-serialization,1,1,1,33773,0.009381388888888889,33.8554613888889,2108,0,0,9,10,26.583598718739456,29.537331909710506,6226.469566566974
2026-07-04T12:00:00Z,browser-e2e,parser-serialization,20,20,2,753124,0.20920111111111112,34.06466250000001,2110,0,0,9,10,26.420341020551714,29.35593446727968,6194.102172596013
2026-07-04T12:15:00Z,browser-e2e,parser-serialization,11,11,2,434501,0.12069472222222222,34.18535722222224,2112,0,0,9,10,26.32706144181971,29.252290490910788,6178.0837516803585
2026-07-04T12:30:00Z,browser-e2e,parser-serialization,4,4,2,152391,0.04233083333333333,34.22768805555557,2114,0,0,9,10,26.29450164846641,29.21611294274046,6176.286276095333
2026-07-04T12:45:00Z,browser-e2e,parser-serialization,7,7,0,259627,0.0721186111111111,34.299806666666676,2114,0,0,9,10,26.239214953786906,29.15468328198545,6163.300045811724
2026-07-04T13:00:00Z,browser-e2e,parser-serialization,11,11,0,418281,0.11618916666666666,34.41599583333334,2114,0,0,9,10,26.150630781060013,29.056256423400015,6142.492607906763
2026-07-04T13:15:00Z,browser-e2e,parser-serialization,8,8,0,309205,0.08589027777777777,34.50188611111112,2114,0,0,9,10,26.085530428730983,28.983922698589982,6127.201258481922
2026-07-04T13:30:00Z,browser-e2e,parser-serialization,1,1,0,38762,0.010767222222222221,34.51265333333334,2114,0,0,9,10,26.077392291677366,28.974880324085962,6125.289700511773
2026-07-04T13:45:00Z,browser-e2e,parser-serialization,13,13,3,543738,0.15103833333333333,34.66369166666667,2117,0,0,9,10,25.9637666020858,28.84862955787311,6107.254877401738
2026-07-04T14:00:00Z,browser-e2e,parser-serialization,14,14,0,520130,0.14448055555555556,34.808172222222225,2117,0,0,9,10,25.855997099020964,28.72888566557885,6081.905095403043
2026-07-04T14:15:00Z,browser-e2e,parser-serialization,2,2,0,74507,0.02069638888888889,34.82886861111111,2117,0,0,9,10,25.8406326673753,28.711814074861444,6078.2910396481675
2026-07-04T14:30:00Z,browser-e2e,parser-serialization,4,4,1,133771,0.037158611111111114,34.86602722222222,2118,0,0,9,10,25.8130929074241,28.681214341582333,6074.681197547138
2026-07-04T14:45:00Z,browser-e2e,parser-serialization,9,9,1,391490,0.10874722222222222,34.97477444444444,2119,0,0,9,10,25.732832142480344,28.59203571386705,6058.652367768427
2026-07-04T15:00:00Z,browser-e2e,parser-serialization,5,5,0,205553,0.057098055555555555,35.0318725,2119,0,0,9,10,25.690890488368844,28.54543387596538,6048.7774383170645
2026-07-04T15:15:00Z,browser-e2e,parser-serialization,2,2,0,81425,0.022618055555555554,35.05449055555555,2119,0,0,9,10,25.674314067512956,28.527015630569952,6044.874612117773
2026-07-04T15:30:00Z,browser-e2e,parser-serialization,3,3,0,126079,0.035021944444444446,35.0895125,2119,0,0,9,10,25.648689191678,28.498543546308888,6038.841377462853
2026-07-04T15:45:00Z,browser-e2e,parser-serialization,8,8,3,283443,0.07873416666666666,35.16824666666666,2122,0,0,9,10,25.591267273868457,28.4347414154094,6033.852128349874
2026-07-04T16:00:00Z,browser-e2e,parser-serialization,6,6,1,236623,0.06572861111111111,35.23397527777777,2123,0,0,9,10,25.543527033341427,28.381696703712695,6025.434210198205
2026-07-04T16:15:00Z,browser-e2e,parser-serialization,9,9,0,323456,0.0898488888888889,35.32382416666666,2123,0,0,9,10,25.478555089436927,28.309505654929918,6010.108050541622
2026-07-04T16:30:00Z,browser-e2e,parser-serialization,6,6,0,228081,0.06335583333333333,35.387179999999994,2123,0,0,9,10,25.432939273488312,28.258821414987015,5999.347786401743
2026-07-04T16:45:00Z,browser-e2e,parser-serialization,11,11,3,425745,0.1182625,35.505442499999994,2126,0,0,9,10,25.348226543015205,28.164696158905784,5987.81440338337
2026-07-04T17:00:00Z,browser-e2e,parser-serialization,12,12,0,477186,0.13255166666666668,35.63799416666666,2126,0,0,9,10,25.253946554652014,28.059940616280016,5965.543375021131
2026-07-04T17:15:00Z,browser-e2e,parser-serialization,12,12,1,464544,0.12904,35.76703416666666,2127,0,0,9,10,25.162835582234585,27.958706202482873,5946.816809268107
2026-07-04T17:45:00Z,browser-e2e,parser-serialization,8,8,2,350113,0.09725361111111111,35.864287777777776,2129,0,0,9,10,25.094601224944938,27.88289024993882,5936.267334211975
2026-07-04T18:00:00Z,browser-e2e,parser-serialization,5,5,0,213746,0.059373888888888886,35.92366166666667,2129,0,0,9,10,25.0531253843509,27.83680598261211,5926.455993698118
2026-07-04T18:30:00Z,browser-e2e,parser-serialization,16,16,2,642364,0.17843444444444445,36.10209611111111,2131,0,0,9,10,24.929300427046613,27.699222696718458,5902.704356670703
2026-07-04T18:45:00Z,browser-e2e,parser-serialization,21,21,1,868027,0.2411186111111111,36.34321472222222,2132,0,0,9,10,24.763907289953934,27.51545254439326,5866.294482464643
2026-07-04T19:00:00Z,browser-e2e,parser-serialization,22,22,1,836851,0.2324586111111111,36.575673333333334,2133,0,0,9,10,24.606518977732193,27.34057664192466,5831.74499772253
2026-07-04T19:15:00Z,browser-e2e,parser-serialization,21,21,3,754594,0.20960944444444443,36.78528277777778,2136,0,0,9,10,24.466306414903944,27.184784905448826,5806.670055803869
2026-07-04T19:30:00Z,browser-e2e,parser-serialization,8,8,3,309597,0.08599916666666667,36.87128194444445,2139,0,0,9,10,24.40924081121098,27.121378679123314,5801.2628994644765
2026-07-04T19:45:00Z,browser-e2e,parser-serialization,14,14,2,477862,0.13273944444444444,37.004021388888894,2141,0,0,9,10,24.32168089358636,27.02408988176262,5785.857643685377
2026-07-04T20:00:00Z,browser-e2e,parser-serialization,14,14,0,514348,0.14287444444444444,37.14689583333334,2141,0,0,9,10,24.228134809380098,26.92014978820011,5763.604069653643
2026-07-04T20:15:00Z,browser-e2e,parser-serialization,6,6,0,221341,0.061483611111111114,37.208379444444454,2141,0,0,9,10,24.18809992366862,26.875666581854023,5754.080215174947
2026-07-04T20:30:00Z,browser-e2e,parser-serialization,7,7,0,256722,0.07131166666666666,37.27969111111112,2141,0,0,9,10,24.141830931956335,26.824256591062593,5743.073336146501
2026-07-04T21:15:00Z,browser-e2e,parser-serialization,1,1,1,32925,0.009145833333333334,37.288836944444455,2142,0,0,9,10,24.135909664892033,26.817677405435592,5744.346500244304
2026-07-04T21:30:00Z,browser-e2e,parser-serialization,5,5,3,202015,0.05611527777777778,37.34495222222223,2145,0,0,9,10,24.099642560647116,26.77738062294124,5743.7481436208955
2026-07-04T21:45:00Z,browser-e2e,parser-serialization,5,5,3,190630,0.05295277777777778,37.39790500000001,2148,0,0,9,10,24.06551917814647,26.739465753496077,5743.637243850958
2026-07-04T22:00:00Z,browser-e2e,parser-serialization,9,9,0,320271,0.08896416666666666,37.48686916666667,2148,0,0,9,10,24.008406676977977,26.67600741886442,5730.006393572077
2026-07-04T22:15:00Z,browser-e2e,parser-serialization,12,12,0,422024,0.11722888888888888,37.60409805555556,2148,0,0,9,10,23.93356167379304,26.59284630421449,5712.143386145272
2026-07-04T22:30:00Z,browser-e2e,parser-serialization,7,7,0,243410,0.06761388888888889,37.671711944444446,2148,0,0,9,10,23.890605272392605,26.545116969325118,5701.891125011035
2026-07-03T02:00:00Z,browser-e2e,parser-transform,9,9,1,198759,0.055210833333333334,0.055210833333333334,1,0,0,0,0,0,0,1811.2387363591083
2026-07-03T03:00:00Z,browser-e2e,parser-transform,10,10,0,248717,0.06908805555555556,0.12429888888888889,1,0,0,0,0,0,0,804.5124207778741
2026-07-03T03:15:00Z,browser-e2e,parser-transform,1,1,0,25522,0.007089444444444444,0.13138833333333333,1,0,0,0,0,0,0,761.1025839432725
2026-07-03T07:45:00Z,browser-e2e,parser-transform,9,9,0,221279,0.06146638888888889,0.19285472222222222,1,0,0,0,0,0,0,518.525026754451
2026-07-03T08:15:00Z,browser-e2e,parser-transform,13,13,0,323825,0.08995138888888889,0.2828061111111111,1,0,0,0,0,0,0,353.59914821894074
2026-07-03T08:30:00Z,browser-e2e,parser-transform,8,8,0,207120,0.05753333333333333,0.3403394444444444,1,0,0,0,0,0,0,293.82430286103255
2026-07-03T08:45:00Z,browser-e2e,parser-transform,10,10,0,237565,0.06599027777777777,0.4063297222222222,1,0,0,0,0,0,0,246.10555056887983
2026-07-03T09:15:00Z,browser-e2e,parser-transform,12,12,0,327828,0.09106333333333333,0.4973930555555555,1,0,0,0,0,0,0,201.04824320135822
2026-07-03T10:45:00Z,browser-e2e,parser-transform,14,14,0,335932,0.09331444444444445,0.5907074999999999,1,0,0,0,0,0,0,169.2885226613849
2026-07-03T11:00:00Z,browser-e2e,parser-transform,13,13,0,315042,0.08751166666666667,0.6782191666666666,1,0,0,0,0,0,0,147.44496309575447
2026-07-03T11:15:00Z,browser-e2e,parser-transform,20,20,0,475101,0.1319725,0.8101916666666666,1,0,0,0,0,0,0,123.42758400789937
2026-07-03T11:30:00Z,browser-e2e,parser-transform,12,12,0,297366,0.08260166666666667,0.8927933333333333,1,0,0,0,0,0,0,112.0080048387458
2026-07-03T11:45:00Z,browser-e2e,parser-transform,15,15,0,373053,0.10362583333333333,0.9964191666666666,1,0,0,0,0,0,0,100.35937017804589
2026-07-03T12:00:00Z,browser-e2e,parser-transform,18,18,0,448852,0.12468111111111112,1.1211002777777777,1,0,0,0,0,0,0,89.198086899254
2026-07-03T12:15:00Z,browser-e2e,parser-transform,15,15,0,395858,0.10996055555555556,1.2310608333333333,1,0,0,0,0,0,0,81.2307542343223
2026-07-03T12:30:00Z,browser-e2e,parser-transform,19,19,0,468466,0.13012944444444444,1.3611902777777778,1,0,0,0,0,0,0,73.4651147841401
2026-07-03T12:45:00Z,browser-e2e,parser-transform,19,19,0,472291,0.13119194444444446,1.4923822222222223,1,0,0,0,0,0,0,67.0069627679534
2026-07-03T13:00:00Z,browser-e2e,parser-transform,6,6,0,156640,0.04351111111111111,1.5358933333333333,1,0,0,0,0,0,0,65.10868810334051
2026-07-03T13:15:00Z,browser-e2e,parser-transform,5,5,0,132251,0.03673638888888889,1.5726297222222223,1,0,0,0,0,0,0,63.5877591444055
2026-07-03T13:30:00Z,browser-e2e,parser-transform,2,2,0,50811,0.014114166666666667,1.586743888888889,1,0,0,0,0,0,0,63.02214282988328
2026-07-03T14:30:00Z,browser-e2e,parser-transform,1,1,0,26744,0.0074288888888888885,1.5941727777777779,1,0,0,0,0,0,0,62.728457914954845
2026-07-03T14:45:00Z,browser-e2e,parser-transform,1,1,0,24839,0.006899722222222222,1.6010725000000001,1,0,0,0,0,0,0,62.45813353236658
2026-07-03T16:15:00Z,browser-e2e,parser-transform,7,7,0,179007,0.049724166666666667,1.6507966666666667,1,0,0,0,0,0,0,60.57681240774656
2026-07-03T16:30:00Z,browser-e2e,parser-transform,18,18,0,477074,0.13252055555555556,1.7833172222222222,1,0,0,0,0,0,0,56.07527295417934
2026-07-03T16:45:00Z,browser-e2e,parser-transform,18,18,0,472676,0.13129888888888888,1.914616111111111,1,0,0,0,0,0,0,52.22979135068852
2026-07-03T17:00:00Z,browser-e2e,parser-transform,22,22,0,591668,0.16435222222222223,2.078968333333333,1,0,0,0,0,0,0,48.100780755839644
2026-07-03T17:15:00Z,browser-e2e,parser-transform,18,18,0,484856,0.13468222222222223,2.2136505555555552,1,0,0,0,0,0,0,45.17424836952335
2026-07-03T17:30:00Z,browser-e2e,parser-transform,12,12,0,323746,0.08992944444444445,2.3035799999999997,1,0,0,0,0,0,0,43.41069118502505
2026-07-03T17:45:00Z,browser-e2e,parser-transform,26,26,0,658977,0.18304916666666668,2.4866291666666664,1,0,0,0,0,0,0,40.21508367250847
2026-07-03T18:00:00Z,browser-e2e,parser-transform,22,22,0,584890,0.16246944444444444,2.649098611111111,1,0,0,0,0,0,0,37.74868915055488
2026-07-03T18:15:00Z,browser-e2e,parser-transform,18,18,0,471029,0.13084138888888888,2.77994,1,0,0,0,0,0,0,35.97199939567041
2026-07-03T18:30:00Z,browser-e2e,parser-transform,17,17,0,449157,0.12476583333333334,2.9047058333333333,1,0,0,0,0,0,0,34.42689406012715
2026-07-03T18:45:00Z,browser-e2e,parser-transform,24,24,0,635291,0.1764697222222222,3.0811755555555553,1,0,0,0,0,0,0,32.45514518628893
2026-07-03T19:00:00Z,browser-e2e,parser-transform,11,11,0,285946,0.07942944444444444,3.160605,1,0,0,0,0,0,0,31.63951205544508
2026-07-03T19:15:00Z,browser-e2e,parser-transform,23,23,0,606175,0.16838194444444443,3.3289869444444444,1,0,0,0,0,0,0,30.039168572554562
2026-07-03T19:30:00Z,browser-e2e,parser-transform,19,19,0,502483,0.1395786111111111,3.4685655555555557,1,0,0,0,0,0,0,28.830361830651093
2026-07-03T19:45:00Z,browser-e2e,parser-transform,10,10,0,256074,0.07113166666666666,3.5396972222222223,1,0,0,0,0,0,0,28.251003891575785
2026-07-03T20:45:00Z,browser-e2e,parser-transform,16,16,0,482680,0.13407777777777777,3.673775,1,0,0,0,0,0,0,27.21995767296582
2026-07-03T21:00:00Z,browser-e2e,parser-transform,25,25,0,797862,0.22162833333333334,3.8954033333333333,1,0,0,0,0,0,0,25.671282648523345
2026-07-03T21:45:00Z,browser-e2e,parser-transform,14,14,0,461609,0.12822472222222223,4.023628055555555,1,0,0,0,0,0,0,24.85319185055555
2026-07-03T22:00:00Z,browser-e2e,parser-transform,26,26,0,848274,0.23563166666666666,4.259259722222222,1,0,0,0,0,0,0,23.47825831758062
2026-07-03T22:15:00Z,browser-e2e,parser-transform,19,19,0,629212,0.1747811111111111,4.4340408333333325,1,0,0,0,0,0,0,22.552791857088977
2026-07-04T00:45:00Z,browser-e2e,parser-transform,16,16,0,537294,0.14924833333333334,4.583289166666666,1,0,0,0,0,0,0,21.81839206814175
2026-07-04T01:00:00Z,browser-e2e,parser-transform,25,25,0,831900,0.23108333333333334,4.814372499999999,1,0,0,0,0,0,0,20.771138917896366
2026-07-04T01:15:00Z,browser-e2e,parser-transform,11,11,0,364060,0.10112777777777777,4.915500277777777,1,0,0,0,0,0,0,20.343809246046565
2026-07-04T02:00:00Z,browser-e2e,parser-transform,23,23,0,775803,0.21550083333333334,5.131001111111111,1,0,0,0,0,0,0,19.489374068434987
2026-07-04T02:15:00Z,browser-e2e,parser-transform,26,26,0,825937,0.22942694444444445,5.3604280555555555,1,0,0,0,0,0,0,18.655226590786878
2026-07-04T02:30:00Z,browser-e2e,parser-transform,1,1,0,38816,0.010782222222222223,5.371210277777777,1,0,0,0,0,0,0,18.617777898908262
2026-07-04T02:45:00Z,browser-e2e,parser-transform,8,8,0,202237,0.056176944444444446,5.4273872222222215,1,0,0,0,0,0,0,18.42507193711073
2026-07-04T03:00:00Z,browser-e2e,parser-transform,10,10,0,264136,0.07337111111111111,5.500758333333333,1,0,0,0,0,0,0,18.17931164036474
2026-07-04T03:45:00Z,browser-e2e,parser-transform,5,5,0,129531,0.03598083333333333,5.536739166666666,1,0,0,0,0,0,0,18.061172287479078
2026-07-04T04:00:00Z,browser-e2e,parser-transform,11,11,1,347644,0.09656777777777778,5.633306944444444,2,0,0,0,0,0,0,35.50312489136414
2026-07-04T10:30:00Z,browser-e2e,parser-transform,3,3,0,80303,0.02230638888888889,5.655613333333332,2,0,0,0,0,0,0,35.36309648703
2026-07-04T12:30:00Z,browser-e2e,parser-transform,16,16,0,436974,0.12138166666666667,5.7769949999999985,2,0,0,0,0,0,0,34.620074969772354
2026-07-04T14:45:00Z,browser-e2e,parser-transform,2,2,0,54503,0.015139722222222223,5.792134722222221,2,0,0,0,0,0,0,34.5295835804157
2026-07-04T15:00:00Z,browser-e2e,parser-transform,17,17,1,512491,0.14235861111111112,5.934493333333331,3,0,0,0,0,0,0,50.55191456951115
2026-07-04T15:15:00Z,browser-e2e,parser-transform,21,21,0,642462,0.17846166666666666,6.112954999999998,3,0,0,0,0,0,0,49.07610149264965
2026-07-04T15:30:00Z,browser-e2e,parser-transform,20,20,0,597436,0.16595444444444443,6.278909444444442,3,0,0,0,0,0,0,47.778997715190656
2026-07-04T16:00:00Z,browser-e2e,parser-transform,26,26,1,727445,0.20206805555555554,6.480977499999997,4,0,0,0,0,0,0,61.719084813980636
2026-07-04T16:45:00Z,browser-e2e,parser-transform,5,5,0,140643,0.0390675,6.520044999999997,4,0,0,0,0,0,0,61.34926982865919
2026-07-04T17:00:00Z,browser-e2e,parser-transform,12,12,0,352390,0.0978861111111111,6.617931111111108,4,0,0,0,0,0,0,60.44185007130462
2026-07-04T17:45:00Z,browser-e2e,parser-transform,2,2,0,60089,0.016691388888888888,6.634622499999997,4,0,0,0,0,0,0,60.28979041384799
2026-07-04T18:00:00Z,browser-e2e,parser-transform,6,6,0,213521,0.059311388888888886,6.693933888888886,4,0,0,0,0,0,0,59.7555946382965
2026-07-04T18:15:00Z,browser-e2e,parser-transform,19,19,3,579060,0.16085,6.854783888888886,7,0,0,0,0,0,0,102.11846373955711
2026-07-03T02:00:00Z,browser-e2e,permissions-auth-locks,1,1,1,40609,0.011280277777777778,0.011280277777777778,1,0,0,0,0,0,0,8865.029919475977
2026-07-03T03:15:00Z,browser-e2e,permissions-auth-locks,6,6,2,201820,0.05606111111111111,0.06734138888888888,3,0,0,0,0,0,0,4454.912572340769
2026-07-03T04:15:00Z,browser-e2e,permissions-auth-locks,1,1,1,46134,0.012815,0.08015638888888887,4,0,0,0,0,0,0,4990.244764574808
2026-07-03T07:45:00Z,browser-e2e,permissions-auth-locks,5,5,3,200665,0.05574027777777778,0.13589666666666667,7,0,0,0,0,0,0,5150.972552674826
2026-07-03T08:15:00Z,browser-e2e,permissions-auth-locks,5,5,2,182265,0.05062916666666667,0.18652583333333334,9,0,0,0,0,0,0,4825.068913599993
2026-07-03T08:30:00Z,browser-e2e,permissions-auth-locks,4,4,2,142544,0.03959555555555556,0.22612138888888889,11,0,0,0,0,0,0,4864.643744694651
2026-07-03T10:00:00Z,browser-e2e,permissions-auth-locks,1,1,1,43529,0.01209138888888889,0.23821277777777777,12,0,0,0,0,0,0,5037.513147676097
2026-07-03T10:30:00Z,browser-e2e,permissions-auth-locks,1,1,1,44388,0.01233,0.2505427777777778,13,0,0,0,0,0,0,5188.734680482597
2026-07-03T22:15:00Z,browser-e2e,permissions-auth-locks,1,1,1,46038,0.012788333333333334,0.2633311111111111,14,0,0,0,0,0,0,5316.50056118617
2026-07-03T22:30:00Z,browser-e2e,permissions-auth-locks,7,7,2,253460,0.07040555555555555,0.3337366666666667,16,0,0,0,0,0,0,4794.1990191867835
2026-07-04T02:45:00Z,browser-e2e,permissions-auth-locks,8,8,3,286595,0.07960972222222222,0.4133463888888889,19,0,0,0,0,0,0,4596.629004325804
2026-07-04T10:30:00Z,browser-e2e,permissions-auth-locks,10,10,5,494080,0.13724444444444445,0.5505908333333334,24,0,0,0,0,0,0,4358.953790549243
2026-07-04T10:45:00Z,browser-e2e,permissions-auth-locks,20,20,2,583214,0.1620038888888889,0.7125947222222222,26,0,0,0,0,0,0,3648.637744455805
2026-07-04T12:30:00Z,browser-e2e,permissions-auth-locks,15,15,5,491526,0.136535,0.8491297222222222,31,0,0,0,0,0,0,3650.79671441381
2026-07-04T12:45:00Z,browser-e2e,permissions-auth-locks,11,11,1,309982,0.0861061111111111,0.9352358333333333,32,0,0,0,0,0,0,3421.596869951697
2026-07-04T14:00:00Z,browser-e2e,permissions-auth-locks,6,6,2,216271,0.060075277777777776,0.995311111111111,34,0,0,0,0,0,0,3416.0173256826456
2026-07-04T14:15:00Z,browser-e2e,permissions-auth-locks,2,2,1,69860,0.019405555555555554,1.0147166666666665,35,0,0,0,0,0,0,3449.238703743246
2026-07-04T16:00:00Z,browser-e2e,permissions-auth-locks,5,5,2,199762,0.055489444444444445,1.070206111111111,37,0,0,0,0,0,0,3457.2779594377203
2026-07-04T16:15:00Z,browser-e2e,permissions-auth-locks,12,12,6,466894,0.12969277777777777,1.1998988888888888,43,0,0,0,0,0,0,3583.6352877881377
2026-07-04T16:30:00Z,browser-e2e,permissions-auth-locks,6,6,2,213706,0.05936277777777778,1.2592616666666667,45,0,0,0,0,0,0,3573.5225800303615
2026-07-04T17:00:00Z,browser-e2e,permissions-auth-locks,3,3,2,144756,0.04021,1.2994716666666668,47,0,0,0,0,0,0,3616.8545421664953
2026-07-04T18:30:00Z,browser-e2e,permissions-auth-locks,7,7,2,266927,0.07414638888888889,1.3736180555555557,49,0,0,0,0,0,0,3567.2216015085864
2026-07-01T17:15:00Z,browser-e2e,persistence-no-title,4,4,1,265287,0.07369083333333333,0.07369083333333333,1,1,1,1,1,1357.0208868131497,1357.0208868131497,1357.0208868131497
2026-07-01T17:30:00Z,browser-e2e,persistence-no-title,13,13,0,919959,0.2555441666666667,0.329235,1,0,0,1,1,303.7344146278494,303.7344146278494,303.7344146278494
2026-07-01T17:45:00Z,browser-e2e,persistence-no-title,12,12,4,782646,0.21740166666666666,0.5466366666666667,5,0,0,1,1,182.93686848668526,182.93686848668526,914.6843424334262
2026-07-01T18:00:00Z,browser-e2e,persistence-no-title,15,15,4,962679,0.2674108333333333,0.8140475,9,0,0,1,1,122.84295449589858,122.84295449589858,1105.586590463087
2026-07-01T18:15:00Z,browser-e2e,persistence-no-title,12,12,2,800703,0.2224175,1.036465,11,0,0,1,1,96.4817914739041,96.4817914739041,1061.299706212945
2026-07-01T18:30:00Z,browser-e2e,persistence-no-title,16,16,6,1154666,0.32074055555555553,1.3572055555555556,17,0,0,1,1,73.68080655922914,73.68080655922914,1252.5737115068953
2026-07-01T18:45:00Z,browser-e2e,persistence-no-title,19,19,3,1493688,0.41491333333333336,1.772118888888889,20,0,0,1,1,56.42962254225481,56.42962254225481,1128.5924508450962
2026-07-01T19:00:00Z,browser-e2e,persistence-no-title,12,12,2,810658,0.2251827777777778,1.9973016666666668,22,0,0,1,1,50.06754946882502,50.06754946882502,1101.4860883141505
2026-07-01T19:15:00Z,browser-e2e,persistence-no-title,17,17,8,1355552,0.3765422222222222,2.373843888888889,30,0,0,1,1,42.12576929260769,42.12576929260769,1263.773078778231
2026-07-01T19:30:00Z,browser-e2e,persistence-no-title,20,20,7,1765047,0.49029083333333334,2.8641347222222224,37,0,0,1,1,34.91455874059307,34.91455874059307,1291.8386734019437
2026-07-01T19:45:00Z,browser-e2e,persistence-no-title,13,13,3,897961,0.24943361111111112,3.1135683333333337,40,0,0,1,1,32.11749006097505,32.11749006097505,1284.699602439002
2026-07-01T20:00:00Z,browser-e2e,persistence-no-title,14,14,2,1116707,0.3101963888888889,3.4237647222222227,42,0,0,1,1,29.207614457541982,29.207614457541982,1226.7198072167632
2026-07-01T20:15:00Z,browser-e2e,persistence-no-title,23,23,2,1872738,0.520205,3.9439697222222225,44,0,0,1,1,25.3551642236379,25.3551642236379,1115.6272258400675
2026-07-01T20:30:00Z,browser-e2e,persistence-no-title,12,12,2,842734,0.2340927777777778,4.1780625,46,0,0,1,1,23.934539035737256,23.934539035737256,1100.9887956439138
2026-07-01T20:45:00Z,browser-e2e,persistence-no-title,14,14,1,1003638,0.27878833333333336,4.456850833333333,47,1,1,2,2,44.87473498196877,44.87473498196877,1054.5562720762662
2026-07-01T21:00:00Z,browser-e2e,persistence-no-title,19,19,3,1662832,0.4618977777777778,4.918748611111111,50,0,0,2,2,40.6607484570799,40.6607484570799,1016.5187114269975
2026-07-01T21:15:00Z,browser-e2e,persistence-no-title,18,18,3,1335538,0.3709827777777778,5.289731388888889,53,0,0,2,2,37.80910320325549,37.80910320325549,1001.9412348862705
2026-07-01T21:30:00Z,browser-e2e,persistence-no-title,12,12,2,799016,0.2219488888888889,5.511680277777778,55,0,0,2,2,36.28657504071278,36.28657504071278,997.8808136196014
2026-07-01T21:45:00Z,browser-e2e,persistence-no-title,13,13,2,933031,0.25917527777777777,5.770855555555555,57,0,0,2,2,34.65690625499396,34.65690625499396,987.721828267328
2026-07-01T22:00:00Z,browser-e2e,persistence-no-title,13,13,3,875654,0.24323722222222222,6.014092777777778,60,0,0,2,2,33.25522358733888,33.25522358733888,997.6567076201666
2026-07-01T22:15:00Z,browser-e2e,persistence-no-title,18,18,6,1487301,0.41313916666666667,6.427231944444444,66,0,0,2,2,31.11759490380233,31.11759490380233,1026.880631825477
2026-07-01T22:30:00Z,browser-e2e,persistence-no-title,18,18,2,1422498,0.3951383333333333,6.822370277777778,68,0,0,2,2,29.315324712212067,29.315324712212067,996.7210402152103
2026-07-01T22:45:00Z,browser-e2e,persistence-no-title,13,13,5,835788,0.23216333333333333,7.054533611111111,73,0,0,2,2,28.35056305990147,28.35056305990147,1034.7955516864038
2026-07-01T23:00:00Z,browser-e2e,persistence-no-title,14,14,4,888049,0.2466802777777778,7.301213888888889,77,0,0,2,2,27.392705246502008,27.392705246502008,1054.6191519903273
2026-07-01T23:15:00Z,browser-e2e,persistence-no-title,16,16,2,1129560,0.3137666666666667,7.614980555555556,79,0,0,2,2,26.264019788479796,26.264019788479796,1037.4287816449519
2026-07-01T23:30:00Z,browser-e2e,persistence-no-title,13,13,1,910374,0.25288166666666667,7.867862222222223,80,0,0,2,2,25.41986556845315,25.41986556845315,1016.7946227381261
2026-07-01T23:45:00Z,browser-e2e,persistence-no-title,14,14,4,864194,0.2400538888888889,8.107916111111113,84,0,0,2,2,24.667250778029068,24.667250778029068,1036.0245326772208
2026-07-02T00:00:00Z,browser-e2e,persistence-no-title,13,13,2,895794,0.24883166666666667,8.356747777777779,86,0,0,2,2,23.932755339563915,23.932755339563915,1029.1084796012483
2026-07-02T00:15:00Z,browser-e2e,persistence-no-title,12,12,3,785112,0.21808666666666668,8.574834444444445,89,0,0,2,2,23.32406547272503,23.32406547272503,1037.920913536264
2026-07-02T00:30:00Z,browser-e2e,persistence-no-title,13,13,3,887543,0.24653972222222223,8.821374166666667,92,0,0,2,2,22.672204604554715,22.672204604554715,1042.9214118095167
2026-07-02T00:45:00Z,browser-e2e,persistence-no-title,18,18,5,1306753,0.36298694444444446,9.18436111111111,97,0,0,2,2,21.776147255146885,21.776147255146885,1056.143141874624
2026-07-02T01:00:00Z,browser-e2e,persistence-no-title,22,22,3,1846977,0.5130491666666667,9.697410277777777,100,0,0,2,2,20.624062947848305,20.624062947848305,1031.2031473924153
2026-07-02T01:15:00Z,browser-e2e,persistence-no-title,16,16,6,1005920,0.27942222222222224,9.9768325,106,0,0,2,2,20.046442595884013,20.046442595884013,1062.4614575818528
2026-07-02T01:30:00Z,browser-e2e,persistence-no-title,12,12,1,855735,0.23770416666666666,10.214536666666667,107,0,0,2,2,19.579938525519676,19.579938525519676,1047.5267111153025
2026-07-02T01:45:00Z,browser-e2e,persistence-no-title,19,19,6,1763471,0.4898530555555556,10.704389722222222,113,0,0,2,2,18.68392362292282,18.68392362292282,1055.6416846951392
2026-07-02T02:00:00Z,browser-e2e,persistence-no-title,18,18,7,1460031,0.40556416666666667,11.109953888888889,120,0,0,2,2,18.001874895270344,18.001874895270344,1080.1124937162206
2026-07-02T02:15:00Z,browser-e2e,persistence-no-title,8,8,2,534940,0.14859444444444445,11.258548333333334,122,0,0,2,2,17.76427955705953,17.76427955705953,1083.6210529806315
2026-07-02T02:30:00Z,browser-e2e,persistence-no-title,13,13,3,878768,0.24410222222222222,11.502650555555556,125,0,0,2,2,17.387296869885688,17.387296869885688,1086.7060543678556
2026-07-02T02:45:00Z,browser-e2e,persistence-no-title,13,13,2,860150,0.23893055555555556,11.741581111111111,127,0,0,2,2,17.033481105090615,17.033481105090615,1081.626050173254
2026-07-02T03:00:00Z,browser-e2e,persistence-no-title,19,19,7,1459989,0.4055525,12.147133611111112,134,0,0,2,2,16.464789669972667,16.464789669972667,1103.1409078881686
2026-07-02T03:15:00Z,browser-e2e,persistence-no-title,12,12,0,837100,0.23252777777777778,12.37966138888889,134,0,0,2,2,16.155530730388627,16.155530730388627,1082.4205589360379
2026-07-02T03:30:00Z,browser-e2e,persistence-no-title,18,18,1,1320547,0.36681861111111114,12.74648,135,0,0,2,2,15.690606347791704,15.690606347791704,1059.11592847594
2026-07-02T03:45:00Z,browser-e2e,persistence-no-title,19,19,7,1673167,0.4647686111111111,13.211248611111111,142,0,0,2,2,15.138614516102072,15.138614516102072,1074.841630643247
2026-07-02T04:00:00Z,browser-e2e,persistence-no-title,22,22,9,1813203,0.5036675,13.714916111111112,151,0,0,2,2,14.582663020298783,14.582663020298783,1100.9910580325582
2026-07-02T04:15:00Z,browser-e2e,persistence-no-title,15,15,3,1082601,0.3007225,14.015638611111111,154,0,0,2,2,14.269774324906392,14.269774324906392,1098.772623017792
2026-07-02T04:30:00Z,browser-e2e,persistence-no-title,7,7,2,454189,0.1261636111111111,14.141802222222223,156,0,0,2,2,14.14246903309982,14.14246903309982,1103.112584581786
2026-07-02T04:45:00Z,browser-e2e,persistence-no-title,13,13,0,887232,0.24645333333333333,14.388255555555556,156,0,0,2,2,13.900225724221066,13.900225724221066,1084.217606489243
2026-07-02T05:00:00Z,browser-e2e,persistence-no-title,14,14,3,1038931,0.28859194444444447,14.676847500000001,159,0,0,2,2,13.626904551539422,13.626904551539422,1083.338911847384
2026-07-02T05:15:00Z,browser-e2e,persistence-no-title,23,23,11,1754501,0.4873613888888889,15.16420888888889,170,0,0,2,2,13.18895047314627,13.18895047314627,1121.060790217433
2026-07-02T05:30:00Z,browser-e2e,persistence-no-title,23,23,6,1730288,0.48063555555555554,15.644844444444445,176,1,1,3,3,19.17564607723098,19.17564607723098,1124.9712365308842
2026-07-02T05:45:00Z,browser-e2e,persistence-no-title,20,20,7,1756020,0.48778333333333335,16.132627777777778,183,0,0,3,3,18.59585457077496,18.59585457077496,1134.3471288172727
2026-07-02T06:00:00Z,browser-e2e,persistence-no-title,19,19,3,1401566,0.3893238888888889,16.521951666666666,186,0,0,3,3,18.157661156051883,18.157661156051883,1125.7749916752168
2026-07-02T06:15:00Z,browser-e2e,persistence-no-title,12,12,2,819584,0.2276622222222222,16.749613888888888,188,0,0,3,3,17.910860631779077,17.910860631779077,1122.4139329248221
2026-07-02T06:30:00Z,browser-e2e,persistence-no-title,13,13,4,886707,0.2463075,16.99592138888889,192,0,0,3,3,17.651293691916315,17.651293691916315,1129.6827962826442
2026-07-02T06:45:00Z,browser-e2e,persistence-no-title,13,13,4,840058,0.23334944444444444,17.229270833333334,196,0,0,3,3,17.412228462947624,17.412228462947624,1137.5989262459113
2026-07-02T07:00:00Z,browser-e2e,persistence-no-title,13,13,1,889591,0.2471086111111111,17.476379444444447,197,0,0,3,3,17.16602691957268,17.16602691957268,1127.235767718606
2026-07-02T07:15:00Z,browser-e2e,persistence-no-title,12,12,2,828675,0.2301875,17.706566944444447,199,0,0,3,3,16.942866504911446,16.942866504911446,1123.8768114924592
2026-07-02T07:30:00Z,browser-e2e,persistence-no-title,13,13,0,895856,0.2488488888888889,17.955415833333337,199,0,0,3,3,16.708050806769116,16.708050806769116,1108.3007035156845
2026-07-02T07:45:00Z,browser-e2e,persistence-no-title,12,12,0,829541,0.23042805555555557,18.185843888888893,199,0,0,3,3,16.496347479552085,16.496347479552085,1094.2577161436218
2026-07-02T08:00:00Z,browser-e2e,persistence-no-title,13,13,1,960491,0.26680305555555556,18.45264694444445,200,0,0,3,3,16.257830158633215,16.257830158633215,1083.855343908881
2026-07-02T08:15:00Z,browser-e2e,persistence-no-title,13,13,0,899890,0.24996944444444444,18.702616388888895,200,0,0,3,3,16.040536455542558,16.040536455542558,1069.3690970361704
2026-07-02T08:30:00Z,browser-e2e,persistence-no-title,12,12,0,829845,0.2305125,18.933128888888895,200,0,0,3,3,15.845241521387315,15.845241521387315,1056.3494347591543
2026-07-02T08:45:00Z,browser-e2e,persistence-no-title,13,13,0,878111,0.24391972222222222,19.17704861111112,200,0,0,3,3,15.643700242079014,15.643700242079014,1042.9133494719342
2026-07-02T09:00:00Z,browser-e2e,persistence-no-title,13,13,0,940479,0.26124416666666667,19.438292777777786,200,0,0,3,3,15.433454132503114,15.433454132503114,1028.8969421668742
2026-07-02T09:15:00Z,browser-e2e,persistence-no-title,24,24,6,1849248,0.51368,19.951972777777787,206,0,0,3,3,15.036107122907444,15.036107122907444,1032.479355772978
2026-07-02T09:30:00Z,browser-e2e,persistence-no-title,20,20,5,1662277,0.4617436111111111,20.413716388888897,211,0,0,3,3,14.696001173176326,14.696001173176326,1033.618749180068
2026-07-02T09:45:00Z,browser-e2e,persistence-no-title,13,13,1,901353,0.25037583333333335,20.66409222222223,212,0,0,3,3,14.517937530175125,14.517937530175125,1025.9342521323754
2026-07-02T10:00:00Z,browser-e2e,persistence-no-title,13,13,5,823053,0.22862583333333333,20.892718055555562,217,0,0,3,3,14.359069949743915,14.359069949743915,1038.6393930314766
2026-07-02T10:15:00Z,browser-e2e,persistence-no-title,22,22,7,1752827,0.48689638888888886,21.37961444444445,224,0,0,3,3,14.032058472315239,14.032058472315239,1047.7270325995378
2026-07-02T10:30:00Z,browser-e2e,persistence-no-title,19,19,7,1686260,0.4684055555555556,21.848020000000005,231,0,0,3,3,13.731221410452752,13.731221410452752,1057.304048604862
2026-07-02T10:45:00Z,browser-e2e,persistence-no-title,15,15,2,1077522,0.29931166666666664,22.147331666666673,233,0,0,3,3,13.545649855938247,13.545649855938247,1052.0454721445371
2026-07-02T11:00:00Z,browser-e2e,persistence-no-title,13,13,2,858647,0.23851305555555555,22.385844722222227,235,0,0,3,3,13.401325870101864,13.401325870101864,1049.7705264913127
2026-07-02T11:15:00Z,browser-e2e,persistence-no-title,13,13,2,852423,0.23678416666666666,22.622628888888894,237,0,0,3,3,13.261058273706865,13.261058273706865,1047.6236036228422
2026-07-02T11:30:00Z,browser-e2e,persistence-no-title,14,14,4,894973,0.24860361111111112,22.871232500000005,241,0,0,3,3,13.116914447002362,13.116914447002362,1053.7254605758565
2026-07-02T11:45:00Z,browser-e2e,persistence-no-title,13,13,1,861596,0.23933222222222222,23.11056472222223,242,0,0,3,3,12.9810761271243,12.9810761271243,1047.1401409213602
2026-07-02T12:00:00Z,browser-e2e,persistence-no-title,14,14,4,883811,0.24550305555555554,23.356067777777785,246,0,0,3,3,12.844627908017808,12.844627908017808,1053.2594884574603
2026-07-02T12:15:00Z,browser-e2e,persistence-no-title,12,12,1,829246,0.2303461111111111,23.586413888888895,247,0,0,3,3,12.719186622147939,12.719186622147939,1047.2130318901804
2026-07-02T12:30:00Z,browser-e2e,persistence-no-title,14,14,4,902171,0.25060305555555557,23.83701694444445,251,0,0,3,3,12.58546741394666,12.58546741394666,1052.9841069668705
2026-07-02T12:45:00Z,browser-e2e,persistence-no-title,11,11,2,715803,0.19883416666666667,24.035851111111118,253,0,0,3,3,12.481355397534402,12.481355397534402,1052.5943051920678
2026-07-02T13:00:00Z,browser-e2e,persistence-no-title,13,13,0,902183,0.25060638888888886,24.286457500000008,253,0,0,3,3,12.352563151707074,12.352563151707074,1041.7328257939632
2026-07-02T13:15:00Z,browser-e2e,persistence-no-title,12,12,3,814275,0.2261875,24.51264500000001,256,0,0,3,3,12.238581352603926,12.238581352603926,1044.3589420888684
2026-07-02T13:30:00Z,browser-e2e,persistence-no-title,14,14,4,900182,0.25005055555555555,24.762695555555567,260,0,0,3,3,12.11499771206024,12.11499771206024,1049.9664683785543
2026-07-02T13:45:00Z,browser-e2e,persistence-no-title,13,13,2,862865,0.23968472222222223,25.00238027777779,262,0,0,3,3,11.998857575438173,11.998857575438173,1047.9002282549338
2026-07-02T14:00:00Z,browser-e2e,persistence-no-title,14,14,4,916655,0.2546263888888889,25.257006666666676,266,0,0,3,3,11.87789210175605,11.87789210175605,1053.1730996890365
2026-07-02T14:15:00Z,browser-e2e,persistence-no-title,11,11,3,787421,0.21872805555555555,25.47573472222223,269,0,0,3,3,11.77591159866777,11.77591159866777,1055.9067400138767
2026-07-02T14:30:00Z,browser-e2e,persistence-no-title,13,13,0,914545,0.25404027777777777,25.72977500000001,269,0,0,3,3,11.659643350942629,11.659643350942629,1045.481353801189
2026-07-02T14:45:00Z,browser-e2e,persistence-no-title,13,13,2,877194,0.243665,25.97344000000001,271,0,0,3,3,11.550260573878543,11.550260573878543,1043.3735385070283
2026-07-02T15:00:00Z,browser-e2e,persistence-no-title,13,13,4,823355,0.22870972222222222,26.202149722222234,275,0,0,3,3,11.449442247311785,11.449442247311785,1049.5322060035803
2026-07-02T15:15:00Z,browser-e2e,persistence-no-title,14,14,4,900258,0.2500716666666667,26.4522213888889,279,0,0,3,3,11.341202524715493,11.341202524715493,1054.731834798541
2026-07-02T15:30:00Z,browser-e2e,persistence-no-title,12,12,3,800673,0.22240916666666666,26.674630555555567,282,0,0,3,3,11.246641237455435,11.246641237455435,1057.1842763208108
2026-07-02T15:45:00Z,browser-e2e,persistence-no-title,14,14,1,949381,0.26371694444444443,26.93834750000001,283,0,0,3,3,11.136540576588816,11.136540576588816,1050.546994391545
2026-07-02T16:00:00Z,browser-e2e,persistence-no-title,12,12,4,821004,0.22805666666666666,27.166404166666677,287,0,0,3,3,11.043051489607947,11.043051489607947,1056.4519258391604
2026-07-02T16:15:00Z,browser-e2e,persistence-no-title,12,12,1,856304,0.23786222222222222,27.4042663888889,288,0,0,3,3,10.947200546905917,10.947200546905917,1050.931252502968
2026-07-02T16:30:00Z,browser-e2e,persistence-no-title,11,11,4,735180,0.20421666666666666,27.608483055555567,292,0,0,3,3,10.86622540602179,10.86622540602179,1057.6459395194543
2026-07-02T16:45:00Z,browser-e2e,persistence-no-title,5,5,0,341589,0.09488583333333334,27.7033688888889,292,0,0,3,3,10.829007879988279,10.829007879988279,1054.0234336521924
2026-07-02T17:00:00Z,browser-e2e,persistence-no-title,5,5,0,342462,0.09512833333333333,27.798497222222235,292,0,0,3,3,10.791950284282949,10.791950284282949,1050.4164943368737
2026-07-02T17:15:00Z,browser-e2e,persistence-no-title,13,13,2,905120,0.2514222222222222,28.049919444444456,294,0,0,3,3,10.69521788089904,10.69521788089904,1048.131352328106
2026-07-02T17:30:00Z,browser-e2e,persistence-no-title,12,12,2,803533,0.22320361111111112,28.273123055555565,296,0,0,3,3,10.610783938177324,10.610783938177324,1046.9306819001627
2026-07-02T17:45:00Z,browser-e2e,persistence-no-title,15,15,5,1065246,0.2959016666666667,28.56902472222223,301,0,0,3,3,10.500883488915424,10.500883488915424,1053.5886433878477
2026-07-02T18:00:00Z,browser-e2e,persistence-no-title,22,22,6,1891380,0.5253833333333333,29.094408055555565,307,0,0,3,3,10.311259793536687,10.311259793536687,1055.1855855385877
2026-07-02T18:15:00Z,browser-e2e,persistence-no-title,4,4,2,246455,0.06845972222222223,29.162867777777787,309,0,0,3,3,10.287054150024337,10.287054150024337,1059.5665774525066
2026-07-02T19:00:00Z,browser-e2e,persistence-no-title,13,13,1,949990,0.2638861111111111,29.4267538888889,310,0,0,3,3,10.194804399178922,10.194804399178922,1053.4631212484885
2026-07-02T19:15:00Z,browser-e2e,persistence-no-title,21,21,7,1898607,0.5273908333333334,29.95414472222223,317,0,0,3,3,10.015308491763996,10.015308491763996,1058.2842639630621
2026-07-02T19:30:00Z,browser-e2e,persistence-no-title,21,21,6,1778985,0.4941625,30.448307222222233,323,0,0,3,3,9.852764484097479,9.852764484097479,1060.8143094544953
2026-07-02T19:45:00Z,browser-e2e,persistence-no-title,4,4,4,421448,0.11706888888888889,30.56537611111112,327,0,0,3,3,9.815027268417746,9.815027268417746,1069.8379722575344
2026-07-02T20:00:00Z,browser-e2e,persistence-no-title,5,5,3,509925,0.14164583333333333,30.707021944444453,330,0,0,3,3,9.769752356407729,9.769752356407729,1074.67275920485
2026-07-02T20:15:00Z,browser-e2e,persistence-no-title,8,8,3,792260,0.22007222222222222,30.927094166666674,333,0,0,3,3,9.700232371760972,9.700232371760972,1076.725793265468
2026-07-02T20:30:00Z,browser-e2e,persistence-no-title,19,19,6,1680305,0.4667513888888889,31.39384555555556,339,1,1,4,4,12.74135082598107,12.74135082598107,1079.8294825018957
2026-07-02T20:45:00Z,browser-e2e,persistence-no-title,18,18,7,1641866,0.4560738888888889,31.84991944444445,346,0,0,4,4,12.558901465911607,12.558901465911607,1086.344976801354
2026-07-02T21:00:00Z,browser-e2e,persistence-no-title,24,24,8,1965740,0.5460388888888889,32.39595833333334,354,0,0,4,4,12.347219239025442,12.347219239025442,1092.7289026537517
2026-07-02T21:15:00Z,browser-e2e,persistence-no-title,21,21,7,1820505,0.5056958333333333,32.901654166666674,361,0,0,4,4,12.157443451741342,12.157443451741342,1097.209271519656
2026-07-02T21:30:00Z,browser-e2e,persistence-no-title,17,17,5,1563045,0.43417916666666667,33.33583333333334,366,0,0,4,4,11.999100067494934,11.999100067494934,1097.9176561757865
2026-07-02T21:45:00Z,browser-e2e,persistence-no-title,23,23,10,1862114,0.5172538888888889,33.85308722222223,376,0,0,4,4,11.815761362450496,11.815761362450496,1110.6815680703467
2026-07-02T22:00:00Z,browser-e2e,persistence-no-title,20,20,2,1692977,0.47027138888888886,34.32335861111112,378,0,0,4,4,11.653871188191719,11.653871188191719,1101.2908272841175
2026-07-02T22:15:00Z,browser-e2e,persistence-no-title,22,22,8,1811375,0.5031597222222223,34.82651833333334,386,0,0,4,4,11.485500680013423,11.485500680013423,1108.3508156212952
2026-07-02T22:30:00Z,browser-e2e,persistence-no-title,9,9,3,722495,0.20069305555555556,35.027211388888894,389,1,1,5,5,14.274616224761951,14.274616224761951,1110.5651422864798
2026-07-02T22:45:00Z,browser-e2e,persistence-no-title,4,4,1,421729,0.11714694444444444,35.14435833333334,390,0,0,5,5,14.227034543002752,14.227034543002752,1109.7086943542147
2026-07-02T23:30:00Z,browser-e2e,persistence-no-title,16,16,7,1455819,0.40439416666666667,35.548752500000006,397,0,0,5,5,14.065191176539878,14.065191176539878,1116.7761794172663
2026-07-02T23:45:00Z,browser-e2e,persistence-no-title,12,12,3,951925,0.2644236111111111,35.81317611111112,400,0,0,5,5,13.961342005767365,13.961342005767365,1116.9073604613893
2026-07-03T00:00:00Z,browser-e2e,persistence-no-title,22,22,7,1684287,0.4678575,36.28103361111112,407,0,0,5,5,13.781305278107464,13.781305278107464,1121.7982496379477
2026-07-03T00:15:00Z,browser-e2e,persistence-no-title,22,22,8,1784348,0.4956522222222222,36.77668583333334,415,0,0,5,5,13.595569820128116,13.595569820128116,1128.4322950706337
2026-07-03T00:30:00Z,browser-e2e,persistence-no-title,24,24,7,1787365,0.49649027777777777,37.27317611111112,422,0,0,5,5,13.414472609189593,13.414472609189593,1132.1814882156016
2026-07-03T00:45:00Z,browser-e2e,persistence-no-title,24,24,7,1656173,0.46004805555555556,37.73322416666667,429,0,0,5,5,13.250921728594221,13.250921728594221,1136.9290843133842
2026-07-03T01:00:00Z,browser-e2e,persistence-no-title,22,22,9,1715384,0.47649555555555556,38.20971972222223,438,0,0,5,5,13.085675677155178,13.085675677155178,1146.3051893187937
2026-07-03T01:15:00Z,browser-e2e,persistence-no-title,23,23,3,1724768,0.4791022222222222,38.688821944444456,441,0,0,5,5,12.923629484453656,12.923629484453656,1139.8641205288125
2026-07-03T01:30:00Z,browser-e2e,persistence-no-title,23,23,9,1804453,0.5012369444444444,39.1900588888889,450,0,0,5,5,12.758337552326546,12.758337552326546,1148.250379709389
2026-07-03T01:45:00Z,browser-e2e,persistence-no-title,18,18,6,1571293,0.4364702777777778,39.62652916666668,456,0,0,5,5,12.617809596622292,12.617809596622292,1150.744235211953
2026-07-03T02:00:00Z,browser-e2e,persistence-no-title,5,5,2,439718,0.12214388888888889,39.748673055555564,458,0,0,5,5,12.579036268736935,12.579036268736935,1152.2397222163033
2026-07-03T02:15:00Z,browser-e2e,persistence-no-title,19,19,8,1706022,0.473895,40.22256805555556,466,0,0,5,5,12.430832345398686,12.430832345398686,1158.5535745911575
2026-07-03T02:30:00Z,browser-e2e,persistence-no-title,4,4,2,306499,0.08513861111111111,40.307706666666675,468,0,0,5,5,12.404575733738922,12.404575733738922,1161.068288677963
2026-07-03T02:45:00Z,browser-e2e,persistence-no-title,5,5,1,412860,0.11468333333333333,40.42239000000001,469,0,0,5,5,12.369382414053199,12.369382414053199,1160.24807043819
2026-07-03T03:30:00Z,browser-e2e,persistence-no-title,7,7,0,453174,0.12588166666666667,40.54827166666667,469,0,0,5,5,12.330981801402713,12.330981801402713,1156.6460929715745
2026-07-03T04:15:00Z,browser-e2e,persistence-no-title,4,4,0,267499,0.07430527777777778,40.62257694444445,469,0,0,5,5,12.308426436949125,12.308426436949125,1154.5303997858277
2026-07-03T04:30:00Z,browser-e2e,persistence-no-title,6,6,1,506118,0.14058833333333334,40.76316527777778,470,0,0,5,5,12.265975828736176,12.265975828736176,1153.0017279012004
2026-07-03T05:45:00Z,browser-e2e,persistence-no-title,1,1,0,68493,0.019025833333333332,40.78219111111111,470,0,0,5,5,12.260253467935296,12.260253467935296,1152.4638259859178
2026-07-03T06:00:00Z,browser-e2e,persistence-no-title,1,1,0,70675,0.019631944444444445,40.80182305555555,470,0,0,5,5,12.254354402723687,12.254354402723687,1151.9093138560265
2026-07-03T06:30:00Z,browser-e2e,persistence-no-title,8,8,3,718922,0.19970055555555555,41.00152361111111,473,1,1,6,6,14.633602538550651,14.633602538550651,1153.6156667890764
2026-07-03T06:45:00Z,browser-e2e,persistence-no-title,6,6,0,427232,0.11867555555555556,41.120199166666666,473,0,0,6,6,14.59136901472936,14.59136901472936,1150.2862573278312
2026-07-03T07:00:00Z,browser-e2e,persistence-no-title,6,6,1,438945,0.12192916666666667,41.24212833333333,474,0,0,6,6,14.548230759348542,14.548230759348542,1149.3102299885347
2026-07-03T07:15:00Z,browser-e2e,persistence-no-title,4,4,1,248925,0.06914583333333334,41.311274166666664,475,0,0,6,6,14.52388027489429,14.52388027489429,1149.8071884291312
2026-07-03T07:30:00Z,browser-e2e,persistence-no-title,1,1,0,73023,0.020284166666666666,41.331558333333334,475,0,0,6,6,14.516752433118599,14.516752433118599,1149.2429009552225
2026-07-03T07:45:00Z,browser-e2e,persistence-no-title,2,2,0,175794,0.04883166666666667,41.38039,475,0,0,6,6,14.499621680704315,14.499621680704315,1147.8867163890916
2026-07-03T08:00:00Z,browser-e2e,persistence-no-title,4,4,1,318830,0.08856388888888889,41.46895388888889,476,0,0,6,6,14.468655312782385,14.468655312782385,1147.8466548140693
2026-07-03T08:15:00Z,browser-e2e,persistence-no-title,9,9,2,860262,0.23896166666666666,41.70791555555556,478,0,0,6,6,14.38575848272233,14.38575848272233,1146.0654257902122
2026-07-03T08:30:00Z,browser-e2e,persistence-no-title,2,2,1,144244,0.04006777777777778,41.74798333333334,479,0,0,6,6,14.371951699064105,14.371951699064105,1147.360810641951
2026-07-03T09:00:00Z,browser-e2e,persistence-no-title,7,7,2,578769,0.16076916666666666,41.908752500000006,481,0,0,6,6,14.316818425936203,14.316818425936203,1147.731610479219
2026-07-03T09:15:00Z,browser-e2e,persistence-no-title,2,2,1,202060,0.056127777777777776,41.96488027777778,482,0,0,6,6,14.297669766443393,14.297669766443393,1148.5794712376194
2026-07-03T09:30:00Z,browser-e2e,persistence-no-title,2,2,0,143250,0.03979166666666667,42.004671944444446,482,0,0,6,6,14.284125365710807,14.284125365710807,1147.4914043787683
2026-07-03T10:45:00Z,browser-e2e,persistence-no-title,2,2,0,147801,0.04105583333333333,42.04572777777778,482,0,0,6,6,14.270177535542983,14.270177535542983,1146.3709286886196
2026-07-03T11:00:00Z,browser-e2e,persistence-no-title,2,2,0,161761,0.04493361111111111,42.09066138888889,482,0,0,6,6,14.254943500564433,14.254943500564433,1145.1471278786762
2026-07-03T11:45:00Z,browser-e2e,persistence-no-title,1,1,0,64563,0.017934166666666668,42.10859555555556,482,0,0,6,6,14.248872280919365,14.248872280919365,1144.659406567189
2026-07-03T12:00:00Z,browser-e2e,persistence-no-title,5,5,0,343407,0.09539083333333333,42.20398638888889,482,0,0,6,6,14.216666512762474,14.216666512762474,1142.0722098585854
2026-07-03T12:15:00Z,browser-e2e,persistence-no-title,1,1,0,92354,0.02565388888888889,42.22964027777778,482,0,0,6,6,14.208030095765082,14.208030095765082,1141.378417693128
2026-07-03T12:30:00Z,browser-e2e,persistence-no-title,3,3,0,212358,0.05898833333333333,42.288628611111115,482,0,0,6,6,14.1882113396875,14.1882113396875,1139.786310954896
2026-07-03T12:45:00Z,browser-e2e,persistence-no-title,6,6,0,417935,0.11609305555555556,42.40472166666667,482,0,0,6,6,14.149367721747025,14.149367721747025,1136.6658736470108
2026-07-03T13:00:00Z,browser-e2e,persistence-no-title,22,22,2,1803793,0.5010536111111111,42.90577527777778,484,0,0,6,6,13.984131416237535,13.984131416237535,1128.0532675764946
2026-07-03T13:15:00Z,browser-e2e,persistence-no-title,22,22,1,1731375,0.4809375,43.38671277777778,485,0,0,6,6,13.829118676797144,13.829118676797144,1117.853759707769
2026-07-03T13:30:00Z,browser-e2e,persistence-no-title,9,9,2,932750,0.2590972222222222,43.645810000000004,487,0,0,6,6,13.747024055688277,13.747024055688277,1115.8001191866983
2026-07-03T13:45:00Z,browser-e2e,persistence-no-title,6,6,3,762743,0.21187305555555555,43.85768305555556,490,0,0,6,6,13.680613251729824,13.680613251729824,1117.2500822246022
2026-07-03T14:00:00Z,browser-e2e,persistence-no-title,9,9,4,966749,0.2685413888888889,44.12622444444445,494,0,0,6,6,13.597356391898169,13.597356391898169,1119.5156762662825
2026-07-03T14:15:00Z,browser-e2e,persistence-no-title,9,9,0,810489,0.22513583333333334,44.351360277777786,494,0,0,6,6,13.528333657460097,13.528333657460097,1113.8328044642146
2026-07-03T14:30:00Z,browser-e2e,persistence-no-title,9,9,3,928983,0.25805083333333334,44.60941111111112,497,0,0,6,6,13.450076677890836,13.450076677890836,1114.1146848186243
2026-07-03T14:45:00Z,browser-e2e,persistence-no-title,9,9,0,804628,0.22350777777777778,44.8329188888889,497,0,0,6,6,13.383023342446261,13.383023342446261,1108.560433532632
2026-07-03T15:00:00Z,browser-e2e,persistence-no-title,11,11,3,957113,0.26586472222222224,45.098783611111124,500,0,0,6,6,13.304128226025506,13.304128226025506,1108.6773521687921
2026-07-03T15:15:00Z,browser-e2e,persistence-no-title,9,9,4,895908,0.24886333333333333,45.347646944444456,504,0,0,6,6,13.231116506112475,13.231116506112475,1111.413786513448
2026-07-03T15:30:00Z,browser-e2e,persistence-no-title,8,8,2,789050,0.21918055555555555,45.56682750000001,506,0,0,6,6,13.167473640775187,13.167473640775187,1110.456943705374
2026-07-03T15:45:00Z,browser-e2e,persistence-no-title,10,10,1,921631,0.2560086111111111,45.82283611111112,507,0,0,6,6,13.093907992624489,13.093907992624489,1106.4352253767693
2026-07-03T16:00:00Z,browser-e2e,persistence-no-title,10,10,0,886624,0.24628444444444444,46.069120555555564,507,0,0,6,6,13.02390826576447,13.02390826576447,1100.5202484570978
2026-07-03T16:15:00Z,browser-e2e,persistence-no-title,7,7,4,828386,0.2301072222222222,46.29922777777779,511,0,0,6,6,12.95917942475882,12.95917942475882,1103.6901143419595
2026-07-03T16:30:00Z,browser-e2e,persistence-no-title,6,6,2,670552,0.18626444444444445,46.485492222222234,513,0,0,6,6,12.907252807644188,12.907252807644188,1103.570115053578
2026-07-03T16:45:00Z,browser-e2e,persistence-no-title,4,4,1,405221,0.11256138888888889,46.598053611111126,514,0,0,6,6,12.876074288582137,12.876074288582137,1103.050364055203
2026-07-03T17:00:00Z,browser-e2e,persistence-no-title,9,9,3,938435,0.2606763888888889,46.858730000000016,517,0,0,6,6,12.8044443372665,12.8044443372665,1103.31628706113
2026-07-03T17:15:00Z,browser-e2e,persistence-no-title,4,4,0,361057,0.10029361111111111,46.95902361111113,517,0,0,6,6,12.777097006293632,12.777097006293632,1100.9598587089681
2026-07-03T17:30:00Z,browser-e2e,persistence-no-title,9,9,2,940163,0.26115638888888887,47.22018000000002,519,0,0,6,6,12.706431868747636,12.706431868747636,1099.1063566466705
2026-07-03T17:45:00Z,browser-e2e,persistence-no-title,3,3,1,323385,0.08982916666666667,47.31000916666669,520,0,0,6,6,12.682305722797096,12.682305722797096,1099.133162642415
2026-07-03T18:00:00Z,browser-e2e,persistence-no-title,3,3,1,339694,0.09435944444444444,47.40436861111113,521,0,0,6,6,12.657061312685974,12.657061312685974,1099.0548239848986
2026-07-03T18:15:00Z,browser-e2e,persistence-no-title,4,4,1,409663,0.11379527777777777,47.51816388888891,522,0,0,6,6,12.626750507510602,12.626750507510602,1098.5272941534224
2026-07-03T18:30:00Z,browser-e2e,persistence-no-title,4,4,0,360033,0.10000916666666666,47.61817305555557,522,0,0,6,6,12.600231413750102,12.600231413750102,1096.2201329962588
2026-07-03T18:45:00Z,browser-e2e,persistence-no-title,5,5,1,456008,0.1266688888888889,47.74484194444446,523,0,0,6,6,12.566802518650192,12.566802518650192,1095.4062862090084
2026-07-03T19:00:00Z,browser-e2e,persistence-no-title,2,2,1,215570,0.059880555555555555,47.80472250000002,524,0,0,6,6,12.551061247139334,12.551061247139334,1096.1260155835018
2026-07-03T19:15:00Z,browser-e2e,persistence-no-title,3,3,0,266752,0.07409777777777778,47.8788202777778,524,0,0,6,6,12.53163708961477,12.53163708961477,1094.42963915969
2026-07-03T19:30:00Z,browser-e2e,persistence-no-title,4,4,1,421030,0.11695277777777778,47.995773055555574,525,0,0,6,6,12.50110086372594,12.50110086372594,1093.8463255760198
2026-07-03T19:45:00Z,browser-e2e,persistence-no-title,5,5,1,627271,0.17424194444444444,48.17001500000002,526,0,0,6,6,12.455881527128437,12.455881527128437,1091.9656138782598
2026-07-03T20:00:00Z,browser-e2e,persistence-no-title,3,3,1,312312,0.08675333333333334,48.256768333333355,527,0,0,6,6,12.433489036304781,12.433489036304781,1092.0747870221032
2026-07-03T20:15:00Z,browser-e2e,persistence-no-title,3,3,2,379472,0.10540888888888889,48.36217722222224,529,0,0,6,6,12.406389341055187,12.406389341055187,1093.829993569699
2026-07-03T20:30:00Z,browser-e2e,persistence-no-title,6,6,1,592745,0.1646513888888889,48.526828611111135,530,0,0,6,6,12.364294497963929,12.364294497963929,1092.1793473201471
2026-07-03T20:45:00Z,browser-e2e,persistence-no-title,19,19,2,1640021,0.45556138888888886,48.982390000000024,532,0,0,6,6,12.249300207686879,12.249300207686879,1086.1046184149034
2026-07-03T21:00:00Z,browser-e2e,persistence-no-title,19,19,3,1772317,0.4923102777777778,49.4747002777778,535,0,0,6,6,12.127410507416409,12.127410507416409,1081.3607702446297
2026-07-03T21:15:00Z,browser-e2e,persistence-no-title,5,5,1,356765,0.09910138888888889,49.57380166666669,536,1,1,7,7,14.12036149066773,14.12036149066773,1081.2162512854147
2026-07-03T21:30:00Z,browser-e2e,persistence-no-title,17,17,2,1416678,0.39352166666666666,49.967323333333354,538,0,0,7,7,14.009155450058456,14.009155450058456,1076.703661733064
2026-07-03T21:45:00Z,browser-e2e,persistence-no-title,17,17,4,1669037,0.4636213888888889,50.43094472222224,542,0,0,7,7,13.880366585548954,13.880366585548954,1074.7369556239332
2026-07-03T22:00:00Z,browser-e2e,persistence-no-title,16,16,2,1540556,0.4279322222222222,50.85887694444447,544,0,0,7,7,13.76357564412291,13.76357564412291,1069.6264500575517
2026-07-03T22:15:00Z,browser-e2e,persistence-no-title,15,15,2,1399903,0.38886194444444444,51.24773888888891,546,0,0,7,7,13.659139216223409,13.659139216223409,1065.412858865426
2026-07-04T00:00:00Z,browser-e2e,persistence-no-title,1,1,0,71634,0.019898333333333334,51.26763722222224,546,0,0,7,7,13.653837741064867,13.653837741064867,1064.9993438030597
2026-07-04T00:15:00Z,browser-e2e,persistence-no-title,4,4,0,287025,0.07972916666666667,51.34736638888891,546,0,0,7,7,13.632636865899192,13.632636865899192,1063.3456755401369
2026-07-04T00:30:00Z,browser-e2e,persistence-no-title,7,7,3,678638,0.18851055555555554,51.53587694444446,549,0,0,7,7,13.582770712422302,13.582770712422302,1065.2773030171206
2026-07-04T00:45:00Z,browser-e2e,persistence-no-title,19,19,7,1800028,0.5000077777777778,52.035884722222235,556,0,0,7,7,13.452255183835874,13.452255183835874,1068.493411744678
2026-07-04T01:00:00Z,browser-e2e,persistence-no-title,10,10,4,1241750,0.3449305555555556,52.38081527777779,560,0,0,7,7,13.3636713420337,13.3636713420337,1069.0937073626958
2026-07-04T01:15:00Z,browser-e2e,persistence-no-title,4,4,2,463862,0.12885055555555555,52.50966583333335,562,0,0,7,7,13.330878970394002,13.330878970394002,1070.2791401944899
2026-07-04T01:30:00Z,browser-e2e,persistence-no-title,14,14,3,1318095,0.3661375,52.87580333333335,565,1,1,8,8,15.129793772715567,15.129793772715567,1068.541685198037
2026-07-04T01:45:00Z,browser-e2e,persistence-no-title,20,20,5,1799059,0.4997386111111111,53.375541944444464,570,1,1,9,9,16.86165549263665,16.86165549263665,1067.904847866988
2026-07-04T02:00:00Z,browser-e2e,persistence-no-title,19,19,2,1740306,0.48341833333333334,53.8589602777778,572,0,0,9,9,16.710311438584156,16.710311438584156,1062.0331269855708
2026-07-04T02:15:00Z,browser-e2e,persistence-no-title,18,18,3,1764229,0.49006361111111113,54.34902388888891,575,0,0,9,9,16.559635033003705,16.559635033003705,1057.9766826641255
2026-07-04T02:30:00Z,browser-e2e,persistence-no-title,4,4,1,383110,0.10641944444444444,54.45544333333335,576,1,1,10,10,18.36363710931132,18.36363710931132,1057.745497496332
2026-07-04T02:45:00Z,browser-e2e,persistence-no-title,9,9,5,858678,0.23852166666666666,54.69396500000001,581,0,0,10,10,18.283552856334328,18.283552856334328,1062.2744209530244
2026-07-04T03:45:00Z,browser-e2e,persistence-no-title,10,10,5,842812,0.23411444444444443,54.92807944444446,586,0,0,10,10,18.20562470259721,18.20562470259721,1066.8496075721964
2026-07-04T04:00:00Z,browser-e2e,persistence-no-title,6,6,0,453702,0.12602833333333333,55.05410777777779,586,0,0,10,10,18.163948892541004,18.163948892541004,1064.4074051029029
2026-07-04T04:15:00Z,browser-e2e,persistence-no-title,4,4,0,331668,0.09213,55.146237777777785,586,0,0,10,10,18.133603311792356,18.133603311792356,1062.6291540710322
2026-07-04T04:30:00Z,browser-e2e,persistence-no-title,11,11,2,904296,0.2511933333333333,55.39743111111112,588,0,0,10,10,18.051378555700374,18.051378555700374,1061.421059075182
2026-07-04T04:45:00Z,browser-e2e,persistence-no-title,2,2,0,141266,0.039240555555555556,55.436671666666676,588,0,0,10,10,18.038600982628733,18.038600982628733,1060.6697377785695
2026-07-04T05:00:00Z,browser-e2e,persistence-no-title,18,18,3,1573886,0.4371905555555556,55.87386222222223,591,1,1,11,11,19.687201783636617,19.687201783636617,1057.7396594662946
2026-07-04T05:15:00Z,browser-e2e,persistence-no-title,17,17,4,1719092,0.47752555555555554,56.35138777777779,595,0,0,11,11,19.52037107476146,19.52037107476146,1055.8746172257336
2026-07-04T05:30:00Z,browser-e2e,persistence-no-title,18,18,1,1625428,0.4515077777777778,56.802895555555565,596,0,0,11,11,19.365209981666425,19.365209981666425,1049.2422862793808
2026-07-04T05:45:00Z,browser-e2e,persistence-no-title,13,13,1,1235751,0.34326416666666665,57.14615972222223,597,0,0,11,11,19.24888750787302,19.24888750787302,1044.6896220181995
2026-07-04T06:00:00Z,browser-e2e,persistence-no-title,6,6,0,451488,0.12541333333333332,57.271573055555564,597,0,0,11,11,19.206736279671574,19.206736279671574,1042.4019599058117
2026-07-04T06:15:00Z,browser-e2e,persistence-no-title,9,9,3,850385,0.23621805555555556,57.50779111111112,600,0,0,11,11,19.12784300608389,19.12784300608389,1043.3368912409394
2026-07-04T06:30:00Z,browser-e2e,persistence-no-title,13,13,4,1255594,0.3487761111111111,57.85656722222223,604,0,0,11,11,19.012534839389833,19.012534839389833,1043.9610039083145
2026-07-04T06:45:00Z,browser-e2e,persistence-no-title,4,4,1,353708,0.09825222222222223,57.95481944444445,605,0,0,11,11,18.980302424278296,18.980302424278296,1043.9166333353062
2026-07-04T07:00:00Z,browser-e2e,persistence-no-title,4,4,0,275224,0.07645111111111111,58.031270555555565,605,0,0,11,11,18.95529753991734,18.95529753991734,1042.5413646954537
2026-07-04T07:15:00Z,browser-e2e,persistence-no-title,10,10,3,881282,0.24480055555555555,58.27607111111112,608,1,1,12,12,20.59164211176899,20.59164211176899,1043.3098669962953
2026-07-04T07:45:00Z,browser-e2e,persistence-no-title,13,13,2,1136517,0.31569916666666664,58.59177027777779,610,0,0,12,12,20.48069198644995,20.48069198644995,1041.1018426445391
2026-07-04T08:00:00Z,browser-e2e,persistence-no-title,3,3,1,284883,0.07913416666666667,58.67090444444446,611,0,0,12,12,20.453068030275233,20.453068030275233,1041.4020472081806
2026-07-04T08:15:00Z,browser-e2e,persistence-no-title,1,1,0,94695,0.026304166666666667,58.69720861111113,611,0,0,12,12,20.44390233188781,20.44390233188781,1040.935360398621
2026-07-04T08:30:00Z,browser-e2e,persistence-no-title,1,1,0,76139,0.021149722222222223,58.71835833333335,611,0,0,12,12,20.43653865777071,20.43653865777071,1040.5604266581588
2026-07-04T08:45:00Z,browser-e2e,persistence-no-title,9,9,1,796824,0.22134,58.93969833333335,612,0,0,12,12,20.359792023593375,20.359792023593375,1038.349393203262
2026-07-04T09:00:00Z,browser-e2e,persistence-no-title,9,9,1,776090,0.21558055555555555,59.1552788888889,613,0,0,12,12,20.28559449874211,20.28559449874211,1036.2557856440762
2026-07-04T09:15:00Z,browser-e2e,persistence-no-title,8,8,4,776320,0.21564444444444444,59.370923333333344,617,0,0,12,12,20.211914058716843,20.211914058716843,1039.2292478523575
2026-07-04T09:30:00Z,browser-e2e,persistence-no-title,9,9,1,783033,0.21750916666666667,59.58843250000001,618,0,0,12,12,20.138136709670956,20.138136709670956,1037.1140405480542
2026-07-04T09:45:00Z,browser-e2e,persistence-no-title,11,11,4,902709,0.2507525,59.83918500000001,622,1,1,13,13,21.724894815997242,21.724894815997242,1039.452659657714
2026-07-04T10:00:00Z,browser-e2e,persistence-no-title,2,2,2,272921,0.07581138888888889,59.914996388888895,624,0,0,13,13,21.697405964311837,21.697405964311837,1041.4754862869681
2026-07-04T10:15:00Z,browser-e2e,persistence-no-title,12,12,4,905523,0.25153416666666667,60.16653055555556,628,0,0,13,13,21.606697078862272,21.606697078862272,1043.7696742711928
2026-07-04T10:30:00Z,browser-e2e,persistence-no-title,6,6,1,521480,0.14485555555555554,60.31138611111112,629,0,0,13,13,21.554802232616936,21.554802232616936,1042.9208157166195
2026-07-04T10:45:00Z,browser-e2e,persistence-no-title,6,6,0,500319,0.1389775,60.45036361111112,629,0,0,13,13,21.505246988473907,21.505246988473907,1040.5231042884682
2026-07-04T11:00:00Z,browser-e2e,persistence-no-title,10,10,3,846044,0.23501222222222223,60.685375833333346,632,0,0,13,13,21.42196504756479,21.42196504756479,1041.4370700046884
2026-07-04T11:15:00Z,browser-e2e,persistence-no-title,6,6,2,537512,0.14930888888888888,60.834684722222235,634,0,0,13,13,21.369388301031574,21.369388301031574,1042.168629450309
2026-07-04T11:30:00Z,browser-e2e,persistence-no-title,3,3,2,317016,0.08806,60.922744722222234,636,0,0,13,13,21.33850019278286,21.33850019278286,1043.9450863546076
2026-07-04T11:45:00Z,browser-e2e,persistence-no-title,4,4,0,323420,0.08983888888888888,61.012583611111125,636,0,0,13,13,21.307079999858495,21.307079999858495,1042.407913839231
2026-07-04T12:00:00Z,browser-e2e,persistence-no-title,5,5,0,357499,0.09930527777777778,61.111888888888906,636,0,0,13,13,21.2724565323714,21.2724565323714,1040.7140272760162
2026-07-04T12:15:00Z,browser-e2e,persistence-no-title,9,9,2,871767,0.2421575,61.354046388888904,638,0,0,13,13,21.188496546096225,21.188496546096225,1039.8662151084147
2026-07-04T12:30:00Z,browser-e2e,persistence-no-title,2,2,0,153058,0.04251611111111111,61.396562500000016,638,0,0,13,13,21.173823860252757,21.173823860252757,1039.146124833943
2026-07-04T12:45:00Z,browser-e2e,persistence-no-title,7,7,0,487962,0.135545,61.532107500000016,638,0,0,13,13,21.127181447506892,21.127181447506892,1036.857058731492
2026-07-04T13:00:00Z,browser-e2e,persistence-no-title,6,6,1,521338,0.14481611111111112,61.67692361111113,639,0,0,13,13,21.07757527267142,21.07757527267142,1036.043892249003
2026-07-04T13:15:00Z,browser-e2e,persistence-no-title,8,8,0,648539,0.18014972222222222,61.857073333333354,639,0,0,13,13,21.016189902723056,21.016189902723056,1033.026565218464
2026-07-04T13:30:00Z,browser-e2e,persistence-no-title,4,4,0,292067,0.08112972222222223,61.938203055555576,639,0,0,13,13,20.98866185759317,20.98866185759317,1031.6734559232334
2026-07-04T13:45:00Z,browser-e2e,persistence-no-title,9,9,4,974838,0.27078833333333335,62.20899138888891,643,0,0,13,13,20.897300711295436,20.897300711295436,1033.6126428740743
2026-07-04T14:00:00Z,browser-e2e,persistence-no-title,5,5,1,576238,0.1600661111111111,62.369057500000025,644,0,0,13,13,20.843669154371934,20.843669154371934,1032.5633027242711
2026-07-04T14:15:00Z,browser-e2e,persistence-no-title,7,7,2,772936,0.21470444444444445,62.58376194444447,646,0,0,13,13,20.772161334021572,20.772161334021572,1032.2166324444565
2026-07-04T14:30:00Z,browser-e2e,persistence-no-title,3,3,3,221284,0.06146777777777778,62.64522972222225,649,0,0,13,13,20.751779597016128,20.751779597016128,1035.9926891125745
2026-07-04T14:45:00Z,browser-e2e,persistence-no-title,12,12,3,1089840,0.30273333333333335,62.94796305555558,652,1,1,14,14,22.240592579054717,22.240592579054717,1035.7761686816912
2026-07-04T15:00:00Z,browser-e2e,persistence-no-title,9,9,1,885729,0.24603583333333334,63.19399888888891,653,0,0,14,14,22.154002351735254,22.154002351735254,1033.3259668345086
2026-07-04T15:15:00Z,browser-e2e,persistence-no-title,9,9,2,942174,0.261715,63.455713888888916,655,0,0,14,14,22.062630994135578,22.062630994135578,1032.2159500827715
2026-07-04T15:30:00Z,browser-e2e,persistence-no-title,7,7,4,797585,0.2215513888888889,63.677265277777806,659,0,0,14,14,21.98586880094196,21.98586880094196,1034.9062528443396
2026-07-04T15:45:00Z,browser-e2e,persistence-no-title,5,5,2,483246,0.134235,63.8115002777778,661,0,0,14,14,21.939618938681285,21.939618938681285,1035.863437033452
2026-07-04T16:00:00Z,browser-e2e,persistence-no-title,4,4,1,359768,0.09993555555555556,63.91143583333336,662,0,0,14,14,21.905312902856462,21.905312902856462,1035.8083672636412
2026-07-04T16:15:00Z,browser-e2e,persistence-no-title,8,8,0,618005,0.17166805555555556,64.08310388888891,662,0,0,14,14,21.846632186034608,21.846632186034608,1033.033607653922
2026-07-04T16:30:00Z,browser-e2e,persistence-no-title,6,6,0,449545,0.12487361111111112,64.20797750000003,662,0,0,14,14,21.804144196879577,21.804144196879577,1031.0245327381629
2026-07-04T16:45:00Z,browser-e2e,persistence-no-title,6,6,0,440749,0.12243027777777778,64.33040777777781,662,0,0,14,14,21.762647686551954,21.762647686551954,1029.0623406069567
2026-07-04T17:00:00Z,browser-e2e,persistence-no-title,10,10,1,810337,0.22509361111111112,64.55550138888891,663,0,0,14,14,21.68676518467818,21.68676518467818,1027.0232369601167
2026-07-04T17:15:00Z,browser-e2e,persistence-no-title,9,9,1,785121,0.21808916666666667,64.77359055555559,664,0,0,14,14,21.613747022395426,21.613747022395426,1025.1091444907545
2026-07-04T17:30:00Z,browser-e2e,persistence-no-title,4,4,1,359397,0.0998325,64.87342305555559,665,1,1,15,15,23.121949318374128,23.121949318374128,1025.0730864479196
2026-07-04T17:45:00Z,browser-e2e,persistence-no-title,20,20,3,1849977,0.5138825,65.38730555555559,668,1,1,16,16,24.469581463952174,24.469581463952174,1021.6050261200033
2026-07-04T18:00:00Z,browser-e2e,persistence-no-title,6,6,2,488039,0.1355663888888889,65.52287194444447,670,0,0,16,16,24.418954061668845,24.418954061668845,1022.5437013323829
2026-07-04T18:15:00Z,browser-e2e,persistence-no-title,6,6,1,399594,0.11099833333333334,65.6338702777778,671,0,0,16,16,24.377657347165844,24.377657347165844,1022.3380049967676
2026-07-04T18:30:00Z,browser-e2e,persistence-no-title,12,12,5,1155986,0.3211072222222222,65.95497750000003,676,0,0,16,16,24.258972721202117,24.258972721202117,1024.9415974707895
2026-07-04T18:45:00Z,browser-e2e,persistence-no-title,18,18,2,1478364,0.41065666666666667,66.3656341666667,678,1,1,17,17,25.615667225159356,25.615667225159356,1021.613081097532
2026-07-04T19:00:00Z,browser-e2e,persistence-no-title,9,9,1,743013,0.2063925,66.5720266666667,679,0,0,17,17,25.536251262291938,25.536251262291938,1019.9479180644838
2026-07-04T19:15:00Z,browser-e2e,persistence-no-title,12,12,3,1024143,0.28448416666666665,66.85651083333337,682,0,0,17,17,25.427590803204353,25.427590803204353,1020.0951133991394
2026-07-04T19:30:00Z,browser-e2e,persistence-no-title,6,6,1,415274,0.1153538888888889,66.97186472222226,683,0,0,17,17,25.383793732652553,25.383793732652553,1019.8312423177466
2026-07-04T19:45:00Z,browser-e2e,persistence-no-title,9,9,1,756464,0.2101288888888889,67.18199361111115,684,0,0,17,17,25.304399417507593,25.304399417507593,1018.129953033835
2026-07-04T20:00:00Z,browser-e2e,persistence-no-title,11,11,2,923331,0.2564808333333333,67.43847444444448,686,0,0,17,17,25.208162165655935,25.208162165655935,1017.2234850376453
2026-07-04T20:15:00Z,browser-e2e,persistence-no-title,4,4,1,387713,0.10769805555555556,67.54617250000004,687,0,0,17,17,25.16796936199455,25.16796936199455,1017.0820559817798
2026-07-04T20:30:00Z,browser-e2e,persistence-no-title,4,4,0,347915,0.09664305555555555,67.6428155555556,687,0,0,17,17,25.132011227471395,25.132011227471395,1015.6289243101675
2026-07-04T20:45:00Z,browser-e2e,persistence-no-title,5,5,2,438584,0.12182888888888889,67.76464444444449,689,0,0,17,17,25.086828300172247,25.086828300172247,1016.7543940481576
2026-07-04T21:15:00Z,browser-e2e,persistence-no-title,2,2,1,176088,0.048913333333333336,67.81355777777782,690,0,0,17,17,25.06873338766311,25.06873338766311,1017.4956492639732
2026-07-04T21:30:00Z,browser-e2e,persistence-no-title,11,11,2,901868,0.2505188888888889,68.06407666666671,692,1,1,18,18,26.445668378272753,26.445668378272753,1016.689028764708
2026-07-04T21:45:00Z,browser-e2e,persistence-no-title,13,13,2,1229989,0.3416636111111111,68.40574027777782,694,0,0,18,18,26.313581180331806,26.313581180331806,1014.5347410639041
2026-07-04T22:00:00Z,browser-e2e,persistence-no-title,10,10,3,798647,0.22184638888888888,68.62758666666672,697,0,0,18,18,26.228519571041286,26.228519571041286,1015.6265633897654
2026-07-04T22:15:00Z,browser-e2e,persistence-no-title,13,13,4,1042038,0.289455,68.91704166666672,701,0,0,18,18,26.11835848535284,26.11835848535284,1017.1649610129078
2026-07-04T22:30:00Z,browser-e2e,persistence-no-title,7,7,1,536503,0.1490286111111111,69.06607027777783,702,0,0,18,18,26.06200110648476,26.06200110648476,1016.4180431529057
2026-07-01T17:15:00Z,browser-e2e,plain-editor-product-smoke,24,24,1,395166,0.10976833333333333,0.10976833333333333,1,0,0,0,0,0,0,911.0095504167869
2026-07-01T17:30:00Z,browser-e2e,plain-editor-product-smoke,32,32,1,609044,0.16917888888888888,0.27894722222222224,2,0,0,0,0,0,0,716.9815078519433
2026-07-01T17:45:00Z,browser-e2e,plain-editor-product-smoke,38,38,0,651859,0.18107194444444444,0.46001916666666665,2,0,0,0,0,0,0,434.7644935084227
2026-07-01T18:00:00Z,browser-e2e,plain-editor-product-smoke,39,39,0,671032,0.18639777777777777,0.6464169444444444,2,0,0,0,0,0,0,309.39783017582823
2026-07-01T18:15:00Z,browser-e2e,plain-editor-product-smoke,39,39,1,667169,0.1853247222222222,0.8317416666666666,3,0,0,0,0,0,0,360.68891582923385
2026-07-01T18:30:00Z,browser-e2e,plain-editor-product-smoke,38,38,0,647046,0.179735,1.0114766666666666,3,0,0,0,0,0,0,296.59606581796254
2026-07-01T18:45:00Z,browser-e2e,plain-editor-product-smoke,48,48,0,817119,0.2269775,1.2384541666666666,3,0,0,0,0,0,0,242.23746673440345
2026-07-01T19:00:00Z,browser-e2e,plain-editor-product-smoke,42,42,0,720454,0.20012611111111112,1.4385802777777776,3,0,0,0,0,0,0,208.53893566747618
2026-07-01T19:15:00Z,browser-e2e,plain-editor-product-smoke,42,42,0,728765,0.20243472222222222,1.641015,3,0,0,0,0,0,0,182.8136854324915
2026-07-01T19:30:00Z,browser-e2e,plain-editor-product-smoke,42,42,1,729910,0.20275277777777778,1.8437677777777777,4,0,0,0,0,0,0,216.94706069877444
2026-07-01T19:45:00Z,browser-e2e,plain-editor-product-smoke,41,41,0,706683,0.19630083333333334,2.040068611111111,4,0,0,0,0,0,0,196.07183690853537
2026-07-01T20:00:00Z,browser-e2e,plain-editor-product-smoke,43,43,0,742920,0.20636666666666667,2.2464352777777776,4,0,0,0,0,0,0,178.0598817855499
2026-07-01T20:15:00Z,browser-e2e,plain-editor-product-smoke,41,41,0,704869,0.19579694444444445,2.442232222222222,4,0,0,0,0,0,0,163.7845886891273
2026-07-01T20:30:00Z,browser-e2e,plain-editor-product-smoke,44,44,0,756505,0.21014027777777777,2.6523725,4,0,0,0,0,0,0,150.80838004465815
2026-07-01T20:45:00Z,browser-e2e,plain-editor-product-smoke,43,43,0,740002,0.2055561111111111,2.857928611111111,4,0,0,0,0,0,0,139.96150864121384
2026-07-01T21:00:00Z,browser-e2e,plain-editor-product-smoke,42,42,0,728061,0.20223916666666666,3.0601677777777776,4,0,0,0,0,0,0,130.71178740744426
2026-07-01T21:15:00Z,browser-e2e,plain-editor-product-smoke,43,43,0,746938,0.20748277777777777,3.2676505555555555,4,0,0,0,0,0,0,122.41211023006507
2026-07-01T21:30:00Z,browser-e2e,plain-editor-product-smoke,35,35,1,653976,0.18166,3.4493105555555554,5,0,0,0,0,0,0,144.95650419028988
2026-07-01T21:45:00Z,browser-e2e,plain-editor-product-smoke,42,42,0,733343,0.2037063888888889,3.6530169444444445,5,0,0,0,0,0,0,136.87316746789432
2026-07-01T22:00:00Z,browser-e2e,plain-editor-product-smoke,41,41,0,702921,0.19525583333333332,3.848272777777778,5,0,0,0,0,0,0,129.92841954637368
2026-07-01T22:15:00Z,browser-e2e,plain-editor-product-smoke,39,39,0,673325,0.18703472222222223,4.0353075,5,0,0,0,0,0,0,123.90629462562642
2026-07-01T22:30:00Z,browser-e2e,plain-editor-product-smoke,43,43,0,739070,0.20529722222222221,4.240604722222222,5,0,0,0,0,0,0,117.90771193076041
2026-07-01T22:45:00Z,browser-e2e,plain-editor-product-smoke,45,45,0,770145,0.21392916666666667,4.454533888888888,5,0,0,0,0,0,0,112.24518938943731
2026-07-01T23:00:00Z,browser-e2e,plain-editor-product-smoke,44,44,0,755341,0.20981694444444443,4.664350833333333,5,0,0,0,0,0,0,107.19605318424983
2026-07-01T23:15:00Z,browser-e2e,plain-editor-product-smoke,42,42,0,718088,0.1994688888888889,4.863819722222222,5,0,0,0,0,0,0,102.79986277360541
2026-07-01T23:30:00Z,browser-e2e,plain-editor-product-smoke,38,38,0,647937,0.1799825,5.043802222222222,5,0,0,0,0,0,0,99.13156344574266
2026-07-02T00:00:00Z,browser-e2e,plain-editor-product-smoke,6,6,0,101147,0.02809638888888889,5.071898611111111,5,0,0,0,0,0,0,98.58241229519847
2026-07-02T00:15:00Z,browser-e2e,plain-editor-product-smoke,44,44,0,751459,0.2087386111111111,5.280637222222222,5,0,0,0,0,0,0,94.6855424750401
2026-07-02T00:30:00Z,browser-e2e,plain-editor-product-smoke,45,45,0,768692,0.21352555555555555,5.494162777777778,5,0,0,0,0,0,0,91.00567642850851
2026-07-02T00:45:00Z,browser-e2e,plain-editor-product-smoke,44,44,0,749446,0.20817944444444444,5.702342222222223,5,0,0,0,0,0,0,87.68326777222926
2026-07-02T01:00:00Z,browser-e2e,plain-editor-product-smoke,7,7,0,119907,0.0333075,5.735649722222223,5,0,0,0,0,0,0,87.1740821380354
2026-07-02T01:30:00Z,browser-e2e,plain-editor-product-smoke,36,36,0,615854,0.17107055555555556,5.9067202777777785,5,0,0,0,0,0,0,84.6493445577737
2026-07-02T01:45:00Z,browser-e2e,plain-editor-product-smoke,39,39,0,671192,0.18644222222222223,6.093162500000001,5,0,0,0,0,0,0,82.05919339915847
2026-07-02T02:15:00Z,browser-e2e,plain-editor-product-smoke,4,4,0,69195,0.019220833333333333,6.112383333333335,5,0,0,0,0,0,0,81.80115230556547
2026-07-02T02:30:00Z,browser-e2e,plain-editor-product-smoke,46,46,0,789364,0.21926777777777778,6.331651111111112,5,0,0,0,0,0,0,78.96834352141954
2026-07-02T02:45:00Z,browser-e2e,plain-editor-product-smoke,39,39,0,665012,0.18472555555555556,6.516376666666668,5,0,0,0,0,0,0,76.72975728331643
2026-07-02T03:00:00Z,browser-e2e,plain-editor-product-smoke,43,43,0,743337,0.2064825,6.722859166666668,5,0,0,0,0,0,0,74.37311828263545
2026-07-02T03:15:00Z,browser-e2e,plain-editor-product-smoke,40,40,0,683351,0.1898197222222222,6.91267888888889,5,0,0,0,0,0,0,72.3308587071325
2026-07-02T03:30:00Z,browser-e2e,plain-editor-product-smoke,42,42,0,726908,0.2019188888888889,7.114597777777779,5,0,0,0,0,0,0,70.27804179763109
2026-07-02T03:45:00Z,browser-e2e,plain-editor-product-smoke,44,44,0,755643,0.20990083333333334,7.324498611111112,5,0,0,0,0,0,0,68.2640582717171
2026-07-02T04:00:00Z,browser-e2e,plain-editor-product-smoke,37,37,0,641581,0.17821694444444444,7.5027155555555565,5,0,0,0,0,0,0,66.64253713174074
2026-07-02T04:15:00Z,browser-e2e,plain-editor-product-smoke,42,42,1,775060,0.21529444444444445,7.718010000000001,6,0,0,0,0,0,0,77.74024651432168
2026-07-02T04:30:00Z,browser-e2e,plain-editor-product-smoke,9,9,0,153911,0.04275305555555556,7.760763055555557,6,0,0,0,0,0,0,77.31198539433424
2026-07-02T04:45:00Z,browser-e2e,plain-editor-product-smoke,42,42,0,708362,0.19676722222222223,7.95753027777778,6,0,0,0,0,0,0,75.40027861101096
2026-07-02T05:00:00Z,browser-e2e,plain-editor-product-smoke,43,43,0,738031,0.2050086111111111,8.162538888888891,6,0,0,0,0,0,0,73.50654106123025
2026-07-02T05:15:00Z,browser-e2e,plain-editor-product-smoke,31,31,0,529698,0.14713833333333334,8.309677222222223,6,0,0,0,0,0,0,72.20497065703647
2026-07-02T05:30:00Z,browser-e2e,plain-editor-product-smoke,45,45,0,783392,0.21760888888888888,8.527286111111112,6,0,0,0,0,0,0,70.3623629114773
2026-07-02T05:45:00Z,browser-e2e,plain-editor-product-smoke,25,25,0,428792,0.11910888888888889,8.646395,6,0,0,0,0,0,0,69.39308231927873
2026-07-02T06:15:00Z,browser-e2e,plain-editor-product-smoke,17,17,0,294407,0.08177972222222223,8.728174722222223,6,0,0,0,0,0,0,68.74289517513668
2026-07-02T06:30:00Z,browser-e2e,plain-editor-product-smoke,43,43,0,736046,0.20445722222222223,8.932631944444445,6,0,0,0,0,0,0,67.16945282550947
2026-07-02T06:45:00Z,browser-e2e,plain-editor-product-smoke,39,39,0,670339,0.1862052777777778,9.118837222222222,6,0,0,0,0,0,0,65.79786275138515
2026-07-02T07:00:00Z,browser-e2e,plain-editor-product-smoke,43,43,0,741333,0.20592583333333334,9.324763055555556,6,0,0,0,0,0,0,64.34479851394497
2026-07-02T07:15:00Z,browser-e2e,plain-editor-product-smoke,41,41,0,696488,0.19346888888888888,9.518231944444445,6,0,0,0,0,0,0,63.03691730796759
2026-07-02T07:30:00Z,browser-e2e,plain-editor-product-smoke,44,44,0,752917,0.2091436111111111,9.727375555555556,6,0,0,0,0,0,0,61.68159094642177
2026-07-02T07:45:00Z,browser-e2e,plain-editor-product-smoke,42,42,0,716638,0.1990661111111111,9.926441666666667,6,0,0,0,0,0,0,60.44462055469692
2026-07-02T08:00:00Z,browser-e2e,plain-editor-product-smoke,43,43,0,742497,0.20624916666666668,10.132690833333333,6,0,0,0,0,0,0,59.214280773887886
2026-07-02T08:15:00Z,browser-e2e,plain-editor-product-smoke,40,40,0,682550,0.18959722222222222,10.322288055555555,6,0,0,0,0,0,0,58.12664757762444
2026-07-02T08:30:00Z,browser-e2e,plain-editor-product-smoke,43,43,0,736810,0.20466944444444443,10.5269575,6,0,0,0,0,0,0,56.99652534932339
2026-07-02T08:45:00Z,browser-e2e,plain-editor-product-smoke,41,41,0,699135,0.19420416666666668,10.721161666666667,6,0,0,0,0,0,0,55.96408473770799
2026-07-02T09:00:00Z,browser-e2e,plain-editor-product-smoke,42,42,0,729839,0.20273305555555557,10.923894722222222,6,0,0,0,0,0,0,54.92546525365483
2026-07-02T09:15:00Z,browser-e2e,plain-editor-product-smoke,40,40,0,685462,0.1904061111111111,11.114300833333333,6,0,0,0,0,0,0,53.98450239897382
2026-07-02T09:30:00Z,browser-e2e,plain-editor-product-smoke,47,47,0,814139,0.2261497222222222,11.340450555555556,6,0,0,0,0,0,0,52.907950796193624
2026-07-02T09:45:00Z,browser-e2e,plain-editor-product-smoke,40,40,0,687274,0.19090944444444444,11.531360000000001,6,0,0,0,0,0,0,52.03202397635664
2026-07-02T10:00:00Z,browser-e2e,plain-editor-product-smoke,45,45,0,769997,0.21388805555555557,11.745248055555557,6,0,0,0,0,0,0,51.08448941750508
2026-07-02T10:15:00Z,browser-e2e,plain-editor-product-smoke,43,43,0,735586,0.20432944444444445,11.949577500000002,6,0,0,0,0,0,0,50.21098026269129
2026-07-02T10:30:00Z,browser-e2e,plain-editor-product-smoke,40,40,0,690286,0.19174611111111112,12.141323611111114,6,0,0,0,0,0,0,49.41800574781739
2026-07-02T10:45:00Z,browser-e2e,plain-editor-product-smoke,43,43,0,736907,0.20469638888888889,12.346020000000003,6,0,0,0,0,0,0,48.598657705074174
2026-07-02T11:00:00Z,browser-e2e,plain-editor-product-smoke,39,39,0,667106,0.18530722222222223,12.531327222222226,6,0,0,0,0,0,0,47.88000419748035
2026-07-02T11:15:00Z,browser-e2e,plain-editor-product-smoke,47,47,0,808651,0.22462527777777777,12.755952500000003,6,0,0,0,0,0,0,47.03686377007126
2026-07-02T11:30:00Z,browser-e2e,plain-editor-product-smoke,42,42,0,718380,0.19955,12.955502500000003,6,0,0,0,0,0,0,46.312368045932594
2026-07-02T11:45:00Z,browser-e2e,plain-editor-product-smoke,44,44,0,742169,0.20615805555555555,13.161660555555558,6,0,0,0,0,0,0,45.58695291277201
2026-07-02T12:00:00Z,browser-e2e,plain-editor-product-smoke,39,39,0,671462,0.18651722222222222,13.348177777777781,6,0,0,0,0,0,0,44.949955715969544
2026-07-02T12:15:00Z,browser-e2e,plain-editor-product-smoke,43,43,0,744741,0.2068725,13.55505027777778,6,0,0,0,0,0,0,44.263945002376204
2026-07-02T12:30:00Z,browser-e2e,plain-editor-product-smoke,40,40,0,685450,0.19040277777777778,13.745453055555558,6,0,0,0,0,0,0,43.65079838219632
2026-07-02T12:45:00Z,browser-e2e,plain-editor-product-smoke,42,42,0,716417,0.19900472222222224,13.94445777777778,6,0,0,0,0,0,0,43.02784730405038
2026-07-02T13:00:00Z,browser-e2e,plain-editor-product-smoke,43,43,0,735337,0.20426027777777778,14.148718055555557,6,0,0,0,0,0,0,42.40666876278642
2026-07-02T13:15:00Z,browser-e2e,plain-editor-product-smoke,42,42,0,715034,0.19862055555555555,14.347338611111113,6,0,0,0,0,0,0,41.819602663823495
2026-07-02T13:30:00Z,browser-e2e,plain-editor-product-smoke,43,43,0,734411,0.20400305555555556,14.551341666666668,6,0,0,0,0,0,0,41.23331124678652
2026-07-02T13:45:00Z,browser-e2e,plain-editor-product-smoke,33,33,0,560291,0.1556363888888889,14.706978055555556,6,0,0,0,0,0,0,40.79696030914727
2026-07-02T14:15:00Z,browser-e2e,plain-editor-product-smoke,11,11,0,189023,0.05250638888888889,14.759484444444444,6,0,0,0,0,0,0,40.65182644139332
2026-07-02T14:30:00Z,browser-e2e,plain-editor-product-smoke,39,39,0,673215,0.18700416666666667,14.94648861111111,6,0,0,0,0,0,0,40.143207920686095
2026-07-02T14:45:00Z,browser-e2e,plain-editor-product-smoke,44,44,0,749634,0.20823166666666668,15.154720277777777,6,0,0,0,0,0,0,39.5916248536645
2026-07-02T15:00:00Z,browser-e2e,plain-editor-product-smoke,23,23,0,398109,0.11058583333333333,15.26530611111111,6,0,0,0,0,0,0,39.304812863417126
2026-07-02T15:30:00Z,browser-e2e,plain-editor-product-smoke,18,18,0,306523,0.08514527777777778,15.350451388888889,6,0,0,0,0,0,0,39.08679847905305
2026-07-02T15:45:00Z,browser-e2e,plain-editor-product-smoke,44,44,0,752996,0.20916555555555555,15.559616944444445,6,0,0,0,0,0,0,38.56136061332987
2026-07-02T16:00:00Z,browser-e2e,plain-editor-product-smoke,47,47,0,810923,0.22525638888888888,15.784873333333334,6,0,0,0,0,0,0,38.01107473779749
2026-07-02T16:15:00Z,browser-e2e,plain-editor-product-smoke,25,25,0,442088,0.12280222222222222,15.907675555555556,6,0,0,0,0,0,0,37.71764126723451
2026-07-02T16:30:00Z,browser-e2e,plain-editor-product-smoke,30,30,0,518967,0.1441575,16.051833055555555,6,0,0,0,0,0,0,37.378908559751025
2026-07-02T16:45:00Z,browser-e2e,plain-editor-product-smoke,17,17,0,291403,0.08094527777777778,16.132778333333334,6,0,0,0,0,0,0,37.19136205821956
2026-07-02T17:00:00Z,browser-e2e,plain-editor-product-smoke,18,18,0,310310,0.08619722222222222,16.218975555555556,6,0,0,0,0,0,0,36.99370517852957
2026-07-02T17:15:00Z,browser-e2e,plain-editor-product-smoke,41,41,0,705343,0.19592861111111112,16.414904166666666,6,0,0,0,0,0,0,36.55214760366405
2026-07-02T17:30:00Z,browser-e2e,plain-editor-product-smoke,43,43,0,742025,0.20611805555555557,16.621022222222223,6,0,0,0,0,0,0,36.098862752123814
2026-07-02T17:45:00Z,browser-e2e,plain-editor-product-smoke,41,41,0,709281,0.1970225,16.818044722222222,6,0,0,0,0,0,0,35.67596649372687
2026-07-02T18:00:00Z,browser-e2e,plain-editor-product-smoke,44,44,0,761721,0.21158916666666666,17.02963388888889,6,0,0,0,0,0,0,35.23270106185163
2026-07-02T18:15:00Z,browser-e2e,plain-editor-product-smoke,20,20,0,343452,0.09540333333333334,17.125037222222222,6,0,0,0,0,0,0,35.03642019658871
2026-07-02T18:45:00Z,browser-e2e,plain-editor-product-smoke,2,2,0,33535,0.009315277777777778,17.1343525,6,0,0,0,0,0,0,35.01737226428603
2026-07-02T19:00:00Z,browser-e2e,plain-editor-product-smoke,47,47,0,824309,0.22897472222222223,17.36332722222222,6,0,0,0,0,0,0,34.55558904816918
2026-07-02T19:15:00Z,browser-e2e,plain-editor-product-smoke,40,40,0,732871,0.20357527777777779,17.566902499999998,6,0,0,0,0,0,0,34.15513918859629
2026-07-02T19:30:00Z,browser-e2e,plain-editor-product-smoke,40,40,0,733663,0.20379527777777778,17.770697777777777,6,0,0,0,0,0,0,33.76344629248599
2026-07-02T19:45:00Z,browser-e2e,plain-editor-product-smoke,6,6,0,111396,0.030943333333333333,17.80164111111111,6,0,0,0,0,0,0,33.704757682453376
2026-07-02T20:00:00Z,browser-e2e,plain-editor-product-smoke,9,9,1,203312,0.05647555555555556,17.858116666666664,7,0,0,0,0,0,0,39.19786240990325
2026-07-02T20:15:00Z,browser-e2e,plain-editor-product-smoke,38,38,0,706731,0.19631416666666668,18.05443083333333,7,0,0,0,0,0,0,38.77164594452969
2026-07-02T20:30:00Z,browser-e2e,plain-editor-product-smoke,37,37,0,713625,0.19822916666666668,18.25266,7,0,0,0,0,0,0,38.350574655967954
2026-07-02T20:45:00Z,browser-e2e,plain-editor-product-smoke,43,43,0,813162,0.22587833333333332,18.478538333333333,7,0,0,0,0,0,0,37.8817841201906
2026-07-02T21:00:00Z,browser-e2e,plain-editor-product-smoke,40,40,0,731896,0.20330444444444445,18.681842777777778,7,0,0,0,0,0,0,37.4695370433508
2026-07-02T21:15:00Z,browser-e2e,plain-editor-product-smoke,41,41,0,760177,0.21116027777777777,18.893003055555557,7,0,0,0,0,0,0,37.050753548370515
2026-07-02T21:30:00Z,browser-e2e,plain-editor-product-smoke,43,43,0,795483,0.2209675,19.113970555555557,7,0,0,0,0,0,0,36.62242745249715
2026-07-02T21:45:00Z,browser-e2e,plain-editor-product-smoke,40,40,0,738867,0.20524083333333334,19.319211388888892,7,0,0,0,0,0,0,36.2333630451703
2026-07-02T22:00:00Z,browser-e2e,plain-editor-product-smoke,42,42,0,784175,0.2178263888888889,19.53703777777778,7,0,0,0,0,0,0,35.82938252779592
2026-07-02T22:15:00Z,browser-e2e,plain-editor-product-smoke,41,41,0,757554,0.21043166666666666,19.747469444444448,7,0,0,0,0,0,0,35.447579851651874
2026-07-02T22:30:00Z,browser-e2e,plain-editor-product-smoke,10,10,0,190447,0.052901944444444446,19.80037138888889,7,0,0,0,0,0,0,35.35287223919495
2026-07-02T22:45:00Z,browser-e2e,plain-editor-product-smoke,13,13,0,221625,0.0615625,19.861933888888892,7,0,0,0,0,0,0,35.24329523579736
2026-07-02T23:00:00Z,browser-e2e,plain-editor-product-smoke,28,28,1,504500,0.1401388888888889,20.00207277777778,8,0,0,0,0,0,0,39.99585487404069
2026-07-02T23:30:00Z,browser-e2e,plain-editor-product-smoke,21,21,0,408461,0.11346138888888889,20.11553416666667,8,0,0,0,0,0,0,39.77025881448752
2026-07-02T23:45:00Z,browser-e2e,plain-editor-product-smoke,10,10,1,210251,0.058403055555555555,20.173937222222225,9,0,0,0,0,0,0,44.612015497332955
2026-07-03T00:00:00Z,browser-e2e,plain-editor-product-smoke,40,40,1,653830,0.18161944444444444,20.35555666666667,10,0,0,0,0,0,0,49.12663487300028
2026-07-03T00:15:00Z,browser-e2e,plain-editor-product-smoke,47,47,0,752275,0.2089652777777778,20.564521944444447,10,0,0,0,0,0,0,48.6274372291038
2026-07-03T00:30:00Z,browser-e2e,plain-editor-product-smoke,49,49,0,786197,0.21838805555555554,20.78291,10,0,0,0,0,0,0,48.11645722374778
2026-07-03T00:45:00Z,browser-e2e,plain-editor-product-smoke,45,45,4,736675,0.20463194444444444,20.987541944444445,14,0,0,0,0,0,0,66.70623952561488
2026-07-03T01:00:00Z,browser-e2e,plain-editor-product-smoke,47,47,0,739393,0.20538694444444444,21.19292888888889,14,0,0,0,0,0,0,66.059769621272
2026-07-03T01:15:00Z,browser-e2e,plain-editor-product-smoke,47,47,3,729851,0.2027363888888889,21.39566527777778,17,0,0,0,0,0,0,79.4553465820796
2026-07-03T01:30:00Z,browser-e2e,plain-editor-product-smoke,42,42,0,723539,0.20098305555555557,21.596648333333334,17,0,0,0,0,0,0,78.71591803326889
2026-07-03T01:45:00Z,browser-e2e,plain-editor-product-smoke,45,45,0,808616,0.22461555555555557,21.82126388888889,17,0,0,0,0,0,0,77.90566159028114
2026-07-03T02:00:00Z,browser-e2e,plain-editor-product-smoke,18,18,1,297314,0.08258722222222223,21.903851111111113,18,0,0,0,0,0,0,82.17732995303818
2026-07-03T02:15:00Z,browser-e2e,plain-editor-product-smoke,33,33,0,564111,0.1566975,22.060548611111113,18,0,0,0,0,0,0,81.5936190767896
2026-07-03T02:30:00Z,browser-e2e,plain-editor-product-smoke,24,24,1,399081,0.11085583333333333,22.171404444444445,19,0,0,0,0,0,0,85.69596954315128
2026-07-03T03:00:00Z,browser-e2e,plain-editor-product-smoke,13,13,0,228391,0.06344194444444444,22.23484638888889,19,0,0,0,0,0,0,85.4514560959351
2026-07-03T03:30:00Z,browser-e2e,plain-editor-product-smoke,13,13,1,261699,0.07269416666666667,22.30754055555556,20,0,0,0,0,0,0,89.65578231356895
2026-07-03T04:15:00Z,browser-e2e,plain-editor-product-smoke,19,19,0,322204,0.08950111111111111,22.39704166666667,20,0,0,0,0,0,0,89.29750766935364
2026-07-03T06:30:00Z,browser-e2e,plain-editor-product-smoke,10,10,0,184585,0.05127361111111111,22.44831527777778,20,0,0,0,0,0,0,89.09354556240825
2026-07-03T07:15:00Z,browser-e2e,plain-editor-product-smoke,25,25,0,451945,0.12554027777777776,22.573855555555557,20,0,0,0,0,0,0,88.59806846366519
2026-07-03T07:45:00Z,browser-e2e,plain-editor-product-smoke,1,1,0,18091,0.005025277777777778,22.578880833333336,20,0,0,0,0,0,0,88.57834959859427
2026-07-03T10:00:00Z,browser-e2e,plain-editor-product-smoke,2,2,0,33399,0.0092775,22.588158333333336,20,0,0,0,0,0,0,88.54196833960566
2026-07-03T10:15:00Z,browser-e2e,plain-editor-product-smoke,5,5,0,83518,0.023199444444444446,22.61135777777778,20,0,0,0,0,0,0,88.45112353074083
2026-07-03T11:15:00Z,browser-e2e,plain-editor-product-smoke,1,1,0,16662,0.004628333333333333,22.615986111111113,20,0,0,0,0,0,0,88.43302211869553
2026-07-03T11:30:00Z,browser-e2e,plain-editor-product-smoke,10,10,0,166544,0.046262222222222225,22.662248333333334,20,0,0,0,0,0,0,88.25249686538163
2026-07-03T11:45:00Z,browser-e2e,plain-editor-product-smoke,17,17,0,294456,0.08179333333333333,22.744041666666668,20,0,0,0,0,0,0,87.93511853837177
2026-07-03T12:00:00Z,browser-e2e,plain-editor-product-smoke,27,27,0,459831,0.12773083333333332,22.871772500000002,20,0,0,0,0,0,0,87.44403172075972
2026-07-03T12:15:00Z,browser-e2e,plain-editor-product-smoke,23,23,0,406057,0.11279361111111111,22.984566111111114,20,0,0,0,0,0,0,87.01491210805008
2026-07-03T12:30:00Z,browser-e2e,plain-editor-product-smoke,8,8,0,135054,0.037515,23.022081111111113,20,0,0,0,0,0,0,86.8731193477875
2026-07-03T13:45:00Z,browser-e2e,plain-editor-product-smoke,23,23,0,408463,0.11346194444444445,23.13554305555556,20,0,0,0,0,0,0,86.44707388961584
2026-07-03T14:00:00Z,browser-e2e,plain-editor-product-smoke,36,36,1,644637,0.17906583333333334,23.31460888888889,21,0,0,0,0,0,0,90.07228086081268
2026-07-03T14:15:00Z,browser-e2e,plain-editor-product-smoke,23,23,0,402854,0.11190388888888889,23.42651277777778,21,0,0,0,0,0,0,89.64202311801374
2026-07-03T14:30:00Z,browser-e2e,plain-editor-product-smoke,40,40,0,705346,0.19592944444444443,23.622442222222226,21,0,0,0,0,0,0,88.89851355100267
2026-07-03T14:45:00Z,browser-e2e,plain-editor-product-smoke,27,27,0,481387,0.1337186111111111,23.756160833333336,21,0,0,0,0,0,0,88.39812184860256
2026-07-03T15:00:00Z,browser-e2e,plain-editor-product-smoke,31,31,0,535161,0.14865583333333332,23.90481666666667,21,0,0,0,0,0,0,87.84840433134465
2026-07-03T15:15:00Z,browser-e2e,plain-editor-product-smoke,27,27,0,472721,0.13131138888888888,24.036128055555558,21,0,0,0,0,0,0,87.36848111085925
2026-07-03T15:30:00Z,browser-e2e,plain-editor-product-smoke,2,2,0,35837,0.009954722222222222,24.04608277777778,21,0,0,0,0,0,0,87.33231185333513
2026-07-03T16:30:00Z,browser-e2e,plain-editor-product-smoke,11,11,0,195255,0.0542375,24.10032027777778,21,0,0,0,0,0,0,87.1357714667531
2026-07-03T16:45:00Z,browser-e2e,plain-editor-product-smoke,42,42,0,773845,0.21495694444444444,24.315277222222225,21,0,0,0,0,0,0,86.36545579175085
2026-07-03T17:00:00Z,browser-e2e,plain-editor-product-smoke,32,32,0,603445,0.1676236111111111,24.482900833333336,21,0,0,0,0,0,0,85.7741496522692
2026-07-03T17:15:00Z,browser-e2e,plain-editor-product-smoke,42,42,0,772691,0.2146363888888889,24.697537222222223,21,0,0,0,0,0,0,85.02872092487314
2026-07-03T17:30:00Z,browser-e2e,plain-editor-product-smoke,2,2,0,38256,0.010626666666666666,24.70816388888889,21,0,0,0,0,0,0,84.99215115471843
2026-07-03T18:00:00Z,browser-e2e,plain-editor-product-smoke,18,18,0,339178,0.09421611111111111,24.802380000000003,21,0,0,0,0,0,0,84.6692938338982
2026-07-03T18:15:00Z,browser-e2e,plain-editor-product-smoke,31,31,0,565750,0.15715277777777778,24.95953277777778,21,0,0,0,0,0,0,84.13619031641862
2026-07-03T18:30:00Z,browser-e2e,plain-editor-product-smoke,29,29,0,553544,0.15376222222222222,25.113295000000004,21,0,0,0,0,0,0,83.62104614308873
2026-07-03T18:45:00Z,browser-e2e,plain-editor-product-smoke,27,27,0,503333,0.13981472222222222,25.253109722222227,21,0,0,0,0,0,0,83.15807530634702
2026-07-03T19:00:00Z,browser-e2e,plain-editor-product-smoke,31,31,0,563606,0.1565572222222222,25.40966694444445,21,0,0,0,0,0,0,82.645711358257
2026-07-03T19:15:00Z,browser-e2e,plain-editor-product-smoke,35,35,0,642846,0.17856833333333333,25.588235277777784,21,0,0,0,0,0,0,82.0689655696481
2026-07-03T19:30:00Z,browser-e2e,plain-editor-product-smoke,24,24,0,433020,0.12028333333333334,25.708518611111117,21,0,0,0,0,0,0,81.68498666789725
2026-07-03T20:30:00Z,browser-e2e,plain-editor-product-smoke,12,12,0,272755,0.07576527777777778,25.784283888888893,21,0,0,0,0,0,0,81.44496116508179
2026-07-03T20:45:00Z,browser-e2e,plain-editor-product-smoke,26,26,1,579252,0.16090333333333334,25.945187222222227,22,0,0,0,0,0,0,84.79414625752575
2026-07-03T21:00:00Z,browser-e2e,plain-editor-product-smoke,27,27,0,613660,0.17046111111111112,26.11564833333334,22,0,0,0,0,0,0,84.24068098634858
2026-07-03T21:15:00Z,browser-e2e,plain-editor-product-smoke,3,3,0,56720,0.015755555555555554,26.131403888888894,22,0,0,0,0,0,0,84.18988927477574
2026-07-03T21:30:00Z,browser-e2e,plain-editor-product-smoke,36,36,0,792901,0.22025027777777778,26.351654166666673,22,0,0,0,0,0,0,83.48622010920565
2026-07-03T21:45:00Z,browser-e2e,plain-editor-product-smoke,30,30,0,693883,0.19274527777777778,26.54439944444445,22,0,0,0,0,0,0,82.88000655672938
2026-07-03T22:00:00Z,browser-e2e,plain-editor-product-smoke,31,31,0,715676,0.19879888888888889,26.74319833333334,22,0,0,0,0,0,0,82.26390772631967
2026-07-03T22:15:00Z,browser-e2e,plain-editor-product-smoke,25,25,0,564080,0.15668888888888888,26.89988722222223,22,0,0,0,0,0,0,81.78472949814307
2026-07-03T22:45:00Z,browser-e2e,plain-editor-product-smoke,3,3,0,50874,0.014131666666666667,26.914018888888897,22,0,0,0,0,0,0,81.74178702491145
2026-07-03T23:00:00Z,browser-e2e,plain-editor-product-smoke,38,38,0,651526,0.18097944444444444,27.09499833333334,22,0,0,0,0,0,0,81.1957975761701
2026-07-03T23:15:00Z,browser-e2e,plain-editor-product-smoke,40,40,0,677158,0.18809944444444446,27.283097777777783,22,0,0,0,0,0,0,80.63600467656245
2026-07-03T23:30:00Z,browser-e2e,plain-editor-product-smoke,39,39,0,660283,0.18341194444444445,27.466509722222227,22,0,0,0,0,0,0,80.097545055754
2026-07-03T23:45:00Z,browser-e2e,plain-editor-product-smoke,37,37,0,629910,0.174975,27.641484722222227,22,0,0,0,0,0,0,79.59051484059108
2026-07-04T00:00:00Z,browser-e2e,plain-editor-product-smoke,27,27,0,459054,0.127515,27.768999722222226,22,0,0,0,0,0,0,79.22503590359588
2026-07-04T00:15:00Z,browser-e2e,plain-editor-product-smoke,35,35,0,609978,0.16943833333333333,27.938438055555558,22,0,0,0,0,0,0,78.7445595786458
2026-07-04T00:30:00Z,browser-e2e,plain-editor-product-smoke,9,9,0,171537,0.047649166666666666,27.986087222222224,22,0,0,0,0,0,0,78.6104889379856
2026-07-04T00:45:00Z,browser-e2e,plain-editor-product-smoke,36,36,0,793895,0.2205263888888889,28.206613611111113,22,0,0,0,0,0,0,77.99589239359733
2026-07-04T01:00:00Z,browser-e2e,plain-editor-product-smoke,33,33,0,785263,0.21812861111111112,28.424742222222225,22,0,0,0,0,0,0,77.3973597649747
2026-07-04T01:15:00Z,browser-e2e,plain-editor-product-smoke,17,17,0,397557,0.1104325,28.535174722222227,22,0,0,0,0,0,0,77.09782825639104
2026-07-04T01:30:00Z,browser-e2e,plain-editor-product-smoke,25,25,0,489817,0.13606027777777777,28.671235000000003,22,0,0,0,0,0,0,76.7319580059945
2026-07-04T01:45:00Z,browser-e2e,plain-editor-product-smoke,29,29,0,615118,0.1708661111111111,28.842101111111113,22,0,0,0,0,0,0,76.27738324350001
2026-07-04T02:00:00Z,browser-e2e,plain-editor-product-smoke,21,21,0,479526,0.13320166666666666,28.97530277777778,22,0,0,0,0,0,0,75.92673032177115
2026-07-04T02:15:00Z,browser-e2e,plain-editor-product-smoke,28,28,0,615664,0.17101777777777777,29.14632055555556,22,0,0,0,0,0,0,75.48122569387783
2026-07-04T02:30:00Z,browser-e2e,plain-editor-product-smoke,5,5,0,121180,0.033661111111111114,29.17998166666667,22,0,0,0,0,0,0,75.39415292070379
2026-07-04T02:45:00Z,browser-e2e,plain-editor-product-smoke,26,26,1,534041,0.14834472222222223,29.328326388888893,23,0,0,0,0,0,0,78.42247694267888
2026-07-04T03:15:00Z,browser-e2e,plain-editor-product-smoke,5,5,0,86256,0.02396,29.352286388888892,23,0,0,0,0,0,0,78.35846139981277
2026-07-04T03:30:00Z,browser-e2e,plain-editor-product-smoke,22,22,0,375171,0.10421416666666666,29.456500555555557,23,0,0,0,0,0,0,78.08123696371038
2026-07-04T03:45:00Z,browser-e2e,plain-editor-product-smoke,26,26,1,564144,0.15670666666666666,29.613207222222226,24,0,0,0,0,0,0,81.04491965324856
2026-07-04T04:00:00Z,browser-e2e,plain-editor-product-smoke,38,38,1,750375,0.2084375,29.821644722222224,25,0,0,0,0,0,0,83.83172770270019
2026-07-04T04:15:00Z,browser-e2e,plain-editor-product-smoke,7,7,0,131043,0.036400833333333334,29.858045555555556,25,0,0,0,0,0,0,83.72952594463558
2026-07-04T04:30:00Z,browser-e2e,plain-editor-product-smoke,30,30,0,595595,0.16544305555555555,30.023488611111112,25,0,0,0,0,0,0,83.26813823610087
2026-07-04T04:45:00Z,browser-e2e,plain-editor-product-smoke,16,16,0,316555,0.08793194444444444,30.111420555555558,25,0,0,0,0,0,0,83.0249770311401
2026-07-04T05:00:00Z,browser-e2e,plain-editor-product-smoke,23,23,0,470250,0.130625,30.242045555555556,25,0,0,0,0,0,0,82.66636578558894
2026-07-04T05:15:00Z,browser-e2e,plain-editor-product-smoke,16,16,0,422205,0.11727916666666667,30.359324722222222,25,0,0,0,0,0,0,82.34702263222825
2026-07-04T05:30:00Z,browser-e2e,plain-editor-product-smoke,23,23,0,543117,0.15086583333333334,30.510190555555557,25,0,0,0,0,0,0,81.93983565745965
2026-07-04T05:45:00Z,browser-e2e,plain-editor-product-smoke,22,22,0,523214,0.14533722222222223,30.655527777777777,25,0,0,0,0,0,0,81.55136059383888
2026-07-04T06:00:00Z,browser-e2e,plain-editor-product-smoke,24,24,0,469848,0.13051333333333334,30.78604111111111,25,0,0,0,0,0,0,81.20563442948549
2026-07-04T06:15:00Z,browser-e2e,plain-editor-product-smoke,8,8,0,154892,0.04302555555555555,30.829066666666666,25,0,0,0,0,0,0,81.09230250240033
2026-07-04T06:30:00Z,browser-e2e,plain-editor-product-smoke,42,42,0,811193,0.2253313888888889,31.054398055555556,25,0,0,0,0,0,0,80.50389498864416
2026-07-04T06:45:00Z,browser-e2e,plain-editor-product-smoke,26,26,0,439460,0.12207222222222222,31.176470277777778,25,0,0,0,0,0,0,80.18868004380761
2026-07-04T07:00:00Z,browser-e2e,plain-editor-product-smoke,32,32,0,542181,0.15060583333333333,31.32707611111111,25,0,0,0,0,0,0,79.80317062253053
2026-07-04T07:15:00Z,browser-e2e,plain-editor-product-smoke,10,10,1,254355,0.07065416666666667,31.39773027777778,26,0,0,0,0,0,0,82.80853351492702
2026-07-04T08:30:00Z,browser-e2e,plain-editor-product-smoke,12,12,0,209929,0.05831361111111111,31.45604388888889,26,0,0,0,0,0,0,82.65502201052018
2026-07-04T08:45:00Z,browser-e2e,plain-editor-product-smoke,21,21,0,403173,0.1119925,31.56803638888889,26,0,0,0,0,0,0,82.36179051400013
2026-07-04T09:00:00Z,browser-e2e,plain-editor-product-smoke,21,21,0,420494,0.11680388888888889,31.684840277777777,26,0,0,0,0,0,0,82.05816968638831
2026-07-04T09:15:00Z,browser-e2e,plain-editor-product-smoke,5,5,0,85570,0.023769444444444444,31.70860972222222,26,0,0,0,0,0,0,81.99665714696575
2026-07-04T09:30:00Z,browser-e2e,plain-editor-product-smoke,32,32,1,672584,0.18682888888888888,31.89543861111111,27,0,0,0,0,0,0,84.65160278621867
2026-07-04T09:45:00Z,browser-e2e,plain-editor-product-smoke,31,31,0,554926,0.15414611111111112,32.04958472222222,27,0,0,0,0,0,0,84.24446130585589
2026-07-04T10:00:00Z,browser-e2e,plain-editor-product-smoke,23,23,0,445051,0.12362527777777778,32.17321,27,0,0,0,0,0,0,83.92075270077186
2026-07-04T10:15:00Z,browser-e2e,plain-editor-product-smoke,16,16,1,344365,0.09565694444444445,32.26886694444444,28,0,0,0,0,0,0,86.77094255650836
2026-07-04T10:30:00Z,browser-e2e,plain-editor-product-smoke,24,24,0,452004,0.12555666666666668,32.39442361111111,28,0,0,0,0,0,0,86.43462941688567
2026-07-04T10:45:00Z,browser-e2e,plain-editor-product-smoke,23,23,0,452722,0.12575611111111112,32.52017972222222,28,0,0,0,0,0,0,86.1003851736606
2026-07-04T11:00:00Z,browser-e2e,plain-editor-product-smoke,44,44,0,782191,0.21727527777777778,32.737455,28,0,0,0,0,0,0,85.52894536242968
2026-07-04T11:15:00Z,browser-e2e,plain-editor-product-smoke,27,27,0,486230,0.1350638888888889,32.872518888888884,28,0,0,0,0,0,0,85.17753110019255
2026-07-04T11:30:00Z,browser-e2e,plain-editor-product-smoke,26,26,0,476616,0.13239333333333334,33.00491222222222,28,0,0,0,0,0,0,84.83585658848561
2026-07-04T11:45:00Z,browser-e2e,plain-editor-product-smoke,6,6,0,101891,0.028303055555555557,33.03321527777777,28,0,0,0,0,0,0,84.76316872138167
2026-07-04T12:00:00Z,browser-e2e,plain-editor-product-smoke,35,35,0,659020,0.18306111111111112,33.21627638888888,28,0,0,0,0,0,0,84.29602304659963
2026-07-04T12:30:00Z,browser-e2e,plain-editor-product-smoke,15,15,0,288881,0.08024472222222222,33.296521111111105,28,0,0,0,0,0,0,84.09286936182757
2026-07-04T12:45:00Z,browser-e2e,plain-editor-product-smoke,5,5,0,92131,0.025591944444444445,33.32211305555555,28,0,0,0,0,0,0,84.0282846208391
2026-07-04T13:00:00Z,browser-e2e,plain-editor-product-smoke,25,25,0,476293,0.1323036111111111,33.45441666666666,28,0,0,0,0,0,0,83.69597437308977
2026-07-04T13:45:00Z,browser-e2e,plain-editor-product-smoke,20,20,0,391906,0.10886277777777778,33.56327944444444,28,0,0,0,0,0,0,83.4245057797375
2026-07-04T14:00:00Z,browser-e2e,plain-editor-product-smoke,28,28,0,531215,0.14755972222222222,33.71083916666666,28,0,0,0,0,0,0,83.05933845659486
2026-07-04T14:15:00Z,browser-e2e,plain-editor-product-smoke,34,34,0,652541,0.1812613888888889,33.89210055555555,28,0,0,0,0,0,0,82.61512134399199
2026-07-04T14:30:00Z,browser-e2e,plain-editor-product-smoke,4,4,0,73139,0.020316388888888887,33.91241694444444,28,0,0,0,0,0,0,82.56562794055581
2026-07-04T14:45:00Z,browser-e2e,plain-editor-product-smoke,40,40,0,784476,0.21791,34.13032694444444,28,0,0,0,0,0,0,82.03847576841831
2026-07-04T15:00:00Z,browser-e2e,plain-editor-product-smoke,35,35,0,736776,0.20466,34.33498694444444,28,0,0,0,0,0,0,81.5494703560111
2026-07-04T15:15:00Z,browser-e2e,plain-editor-product-smoke,36,36,0,768704,0.21352888888888888,34.548515833333326,28,0,0,0,0,0,0,81.04544963689831
2026-07-04T15:30:00Z,browser-e2e,plain-editor-product-smoke,23,23,0,465512,0.1293088888888889,34.67782472222221,28,0,0,0,0,0,0,80.74324218513355
2026-07-04T15:45:00Z,browser-e2e,plain-editor-product-smoke,7,7,0,125531,0.034869722222222226,34.71269444444444,28,0,0,0,0,0,0,80.6621336894844
2026-07-04T16:00:00Z,browser-e2e,plain-editor-product-smoke,13,13,1,247015,0.06861527777777778,34.78130972222222,29,0,0,0,0,0,0,83.37811379619076
2026-07-04T16:45:00Z,browser-e2e,plain-editor-product-smoke,1,1,0,22485,0.006245833333333333,34.78755555555555,29,0,0,0,0,0,0,83.36314390842193
2026-07-04T17:00:00Z,browser-e2e,plain-editor-product-smoke,30,30,0,621872,0.1727422222222222,34.96029777777777,29,0,0,0,0,0,0,82.95123852873363
2026-07-04T17:15:00Z,browser-e2e,plain-editor-product-smoke,23,23,0,416401,0.11566694444444445,35.07596472222221,29,0,0,0,0,0,0,82.67769747649218
2026-07-04T17:30:00Z,browser-e2e,plain-editor-product-smoke,8,8,1,135900,0.03775,35.11371472222221,30,0,0,0,0,0,0,85.43670254578356
2026-07-04T17:45:00Z,browser-e2e,plain-editor-product-smoke,25,25,0,513925,0.14275694444444445,35.256471666666656,30,0,0,0,0,0,0,85.09076087827472
2026-07-04T18:15:00Z,browser-e2e,plain-editor-product-smoke,31,31,2,654748,0.18187444444444445,35.4383461111111,32,0,0,0,0,0,0,90.29766767238308
2026-07-04T18:30:00Z,browser-e2e,plain-editor-product-smoke,24,24,0,474084,0.13169,35.5700361111111,32,0,0,0,0,0,0,89.96336101554893
2026-07-04T18:45:00Z,browser-e2e,plain-editor-product-smoke,14,14,0,291505,0.08097361111111111,35.65100972222221,32,0,0,0,0,0,0,89.7590285642136
2026-07-04T19:00:00Z,browser-e2e,plain-editor-product-smoke,33,33,1,635594,0.1765538888888889,35.8275636111111,33,0,0,0,0,0,0,92.1078540483445
2026-07-04T19:15:00Z,browser-e2e,plain-editor-product-smoke,23,23,0,417112,0.11586444444444445,35.94342805555555,33,0,0,0,0,0,0,91.81094232023146
2026-07-04T19:30:00Z,browser-e2e,plain-editor-product-smoke,28,28,0,484962,0.13471166666666667,36.07813972222222,33,0,0,0,0,0,0,91.46813071316355
2026-07-04T19:45:00Z,browser-e2e,plain-editor-product-smoke,30,30,0,539958,0.14998833333333333,36.22812805555555,33,0,0,0,0,0,0,91.08944284781913
2026-07-04T20:00:00Z,browser-e2e,plain-editor-product-smoke,27,27,0,486992,0.13527555555555557,36.36340361111111,33,0,0,0,0,0,0,90.75058086673879
2026-07-04T20:15:00Z,browser-e2e,plain-editor-product-smoke,38,38,0,663335,0.18425972222222223,36.54766333333333,33,0,0,0,0,0,0,90.29305019864927
2026-07-04T20:30:00Z,browser-e2e,plain-editor-product-smoke,16,16,0,289829,0.08050805555555555,36.62817138888889,33,0,0,0,0,0,0,90.09458771400887
2026-07-04T20:45:00Z,browser-e2e,plain-editor-product-smoke,11,11,0,203666,0.05657388888888889,36.68474527777778,33,0,0,0,0,0,0,89.95564709560664
2026-07-04T21:00:00Z,browser-e2e,plain-editor-product-smoke,6,6,0,107206,0.029779444444444445,36.71452472222222,33,0,0,0,0,0,0,89.88268335127343
2026-07-04T21:45:00Z,browser-e2e,plain-editor-product-smoke,38,38,0,739586,0.20544055555555554,36.91996527777778,33,0,0,0,0,0,0,89.38253259913759
2026-07-04T22:00:00Z,browser-e2e,plain-editor-product-smoke,18,18,0,331368,0.09204666666666667,37.012011944444446,33,0,0,0,0,0,0,89.16024357047509
2026-07-04T22:15:00Z,browser-e2e,plain-editor-product-smoke,27,27,0,482392,0.13399777777777777,37.146009722222225,33,0,0,0,0,0,0,88.83861347900871
2026-07-04T22:30:00Z,browser-e2e,plain-editor-product-smoke,15,15,0,268357,0.07454361111111112,37.220553333333335,33,0,0,0,0,0,0,88.66069159279917
2026-07-02T19:15:00Z,browser-e2e,real-user-editing,4,4,4,314856,0.08746,0.08746,4,0,0,0,0,0,0,4573.519323119141
2026-07-02T19:30:00Z,browser-e2e,real-user-editing,27,27,27,2656576,0.7379377777777778,0.8253977777777778,31,1,1,1,1,121.15370636110805,121.15370636110805,3755.7648971943495
2026-07-02T19:45:00Z,browser-e2e,real-user-editing,14,14,14,1122765,0.31187916666666665,1.1372769444444444,45,0,0,1,1,87.92933022030938,87.92933022030938,3956.8198599139223
2026-07-02T20:00:00Z,browser-e2e,real-user-editing,9,9,9,774332,0.2150922222222222,1.3523691666666666,54,0,0,1,1,73.94430638083907,73.94430638083907,3992.9925445653093
2026-07-02T20:15:00Z,browser-e2e,real-user-editing,28,28,28,2607178,0.7242161111111111,2.076585277777778,82,0,0,1,1,48.155980431014754,48.155980431014754,3948.7903953432096
2026-07-02T20:30:00Z,browser-e2e,real-user-editing,41,41,40,3719792,1.0332755555555555,3.1098608333333333,122,2,2,3,3,96.46733924052872,96.46733924052872,3923.0051291148343
2026-07-02T20:45:00Z,browser-e2e,real-user-editing,35,35,35,3045778,0.8460494444444444,3.955910277777778,157,0,0,3,3,75.83589589613347,75.83589589613347,3968.7452185643183
2026-07-02T21:00:00Z,browser-e2e,real-user-editing,10,10,10,880707,0.24464083333333334,4.200551111111111,167,0,0,3,3,71.41920002031479,71.41920002031479,3975.6688011308565
2026-07-02T21:15:00Z,browser-e2e,real-user-editing,13,13,13,1116252,0.31007,4.510621111111111,180,0,0,3,3,66.5096873822994,66.5096873822994,3990.5812429379644
2026-07-02T21:30:00Z,browser-e2e,real-user-editing,6,6,6,566438,0.1573438888888889,4.667965,186,0,0,3,3,64.26783405616794,64.26783405616794,3984.605711482413
2026-07-02T21:45:00Z,browser-e2e,real-user-editing,18,18,18,1418525,0.39403472222222224,5.061999722222222,204,0,0,3,3,59.26511585589336,59.26511585589336,4030.027878200749
2026-07-02T22:00:00Z,browser-e2e,real-user-editing,16,16,16,1267641,0.3521225,5.414122222222222,220,0,0,3,3,55.41064417952228,55.41064417952228,4063.447239831634
2026-07-02T22:15:00Z,browser-e2e,real-user-editing,21,21,21,1775754,0.493265,5.907387222222222,241,0,0,3,3,50.78387258439222,50.78387258439222,4079.6377642795082
2026-07-02T22:30:00Z,browser-e2e,real-user-editing,8,8,8,564989,0.1569413888888889,6.064328611111111,249,0,0,3,3,49.46961473201463,49.46961473201463,4105.978022757214
2026-07-02T22:45:00Z,browser-e2e,real-user-editing,24,24,23,1834815,0.5096708333333333,6.5739994444444445,272,0,0,3,3,45.63432086285374,45.63432086285374,4137.511758232073
2026-07-02T23:00:00Z,browser-e2e,real-user-editing,7,7,7,558903,0.15525083333333334,6.729250277777778,279,0,0,3,3,44.58148941059597,44.58148941059597,4146.078515185425
2026-07-02T23:30:00Z,browser-e2e,real-user-editing,4,4,4,312429,0.08678583333333334,6.816036111111112,283,0,0,3,3,44.0138513220253,44.0138513220253,4151.973308044387
2026-07-03T00:00:00Z,browser-e2e,real-user-editing,28,28,28,2281507,0.6337519444444445,7.4497880555555565,311,0,0,3,3,40.26960200247307,40.26960200247307,4174.615407589708
2026-07-03T00:15:00Z,browser-e2e,real-user-editing,45,45,45,3536811,0.9824475,8.432235555555556,356,0,0,3,3,35.57775373131575,35.57775373131575,4221.893442782803
2026-07-03T00:30:00Z,browser-e2e,real-user-editing,69,69,69,5454022,1.515006111111111,9.947241666666667,425,0,0,3,3,30.159114461379158,30.159114461379158,4272.541215362047
2026-07-03T00:45:00Z,browser-e2e,real-user-editing,97,97,97,6776946,1.882485,11.829726666666666,522,0,0,3,3,25.35984207017463,25.35984207017463,4412.612520210386
2026-07-03T01:00:00Z,browser-e2e,real-user-editing,10,10,10,816131,0.22670305555555556,12.056429722222221,532,0,0,3,3,24.882988323404295,24.882988323404295,4412.583262683695
2026-07-03T01:15:00Z,browser-e2e,real-user-editing,20,20,11,1445169,0.4014358333333333,12.457865555555555,543,0,0,3,3,24.081171743438482,24.081171743438482,4358.692085562366
2026-07-03T01:30:00Z,browser-e2e,real-user-editing,40,40,0,4910840,1.3641222222222222,13.821987777777778,543,0,0,3,3,21.70454820415362,21.70454820415362,3928.523224951806
2026-07-03T01:45:00Z,browser-e2e,real-user-editing,39,39,4,4811929,1.3366469444444444,15.158634722222223,547,0,0,3,3,19.790700514750622,19.790700514750622,3608.5043938561967
2026-07-03T02:00:00Z,browser-e2e,real-user-editing,5,5,0,425280,0.11813333333333334,15.276768055555555,547,0,0,3,3,19.637661507265072,19.637661507265072,3580.6002814913313
2026-07-03T02:15:00Z,browser-e2e,real-user-editing,7,7,2,907950,0.2522083333333333,15.52897638888889,549,0,0,3,3,19.318723429488404,19.318723429488404,3535.3263875963776
2026-07-03T02:30:00Z,browser-e2e,real-user-editing,13,13,0,1979888,0.5499688888888888,16.078945277777777,549,0,0,3,3,18.657940232847295,18.657940232847295,3414.403062611055
2026-07-03T02:45:00Z,browser-e2e,real-user-editing,5,5,0,834559,0.23182194444444446,16.31076722222222,549,0,0,3,3,18.392758348685895,18.392758348685895,3365.874777809519
2026-07-03T07:15:00Z,browser-e2e,real-user-editing,3,3,0,188718,0.052421666666666665,16.36318888888889,549,0,0,3,3,18.33383468449168,18.33383468449168,3355.0917472619776
2026-07-03T08:00:00Z,browser-e2e,real-user-editing,1,1,0,56561,0.01571138888888889,16.378900277777777,549,0,0,3,3,18.31624803327167,18.31624803327167,3351.8733900887155
2026-07-03T08:30:00Z,browser-e2e,real-user-editing,6,6,2,484840,0.13467777777777779,16.513578055555556,551,0,0,3,3,18.166868439458096,18.166868439458096,3336.648170047137
2026-07-03T08:45:00Z,browser-e2e,real-user-editing,20,20,0,1973353,0.5481536111111112,17.061731666666667,551,0,0,3,3,17.583209363566944,17.583209363566944,3229.4494531084624
2026-07-03T12:00:00Z,browser-e2e,real-user-editing,5,5,0,457613,0.12711472222222223,17.18884638888889,551,0,0,3,3,17.453178253656638,17.453178253656638,3205.567072588269
2026-07-03T12:15:00Z,browser-e2e,real-user-editing,9,9,0,834852,0.23190333333333332,17.420749722222222,551,0,0,3,3,17.220843234853124,17.220843234853124,3162.8948741346903
2026-07-03T13:30:00Z,browser-e2e,real-user-editing,2,2,0,180405,0.0501125,17.470862222222223,551,0,0,3,3,17.17144787613357,17.17144787613357,3153.8225932498653
2026-07-03T13:45:00Z,browser-e2e,real-user-editing,7,7,0,649274,0.1803538888888889,17.65121611111111,551,0,0,3,3,16.99599608953604,16.99599608953604,3121.597948444786
2026-07-03T14:00:00Z,browser-e2e,real-user-editing,8,8,0,754804,0.2096677777777778,17.86088388888889,551,0,0,3,3,16.796481174519453,16.796481174519453,3084.953709053406
2026-07-03T14:15:00Z,browser-e2e,real-user-editing,7,7,0,643279,0.17868861111111112,18.0395725,551,0,0,3,3,16.630105840922784,16.630105840922784,3054.3961061161513
2026-07-03T14:30:00Z,browser-e2e,real-user-editing,15,15,0,1390592,0.38627555555555554,18.425848055555555,551,0,0,3,3,16.28147584282002,16.28147584282002,2990.3643964646103
2026-07-03T14:45:00Z,browser-e2e,real-user-editing,2,2,0,187233,0.05200916666666667,18.477857222222223,551,0,0,3,3,16.235648776374774,16.235648776374774,2981.9474919275
2026-07-03T16:45:00Z,browser-e2e,real-user-editing,3,3,0,284839,0.07912194444444444,18.556979166666668,551,0,0,3,3,16.166424357412698,16.166424357412698,2969.233273644799
2026-07-03T17:00:00Z,browser-e2e,real-user-editing,6,6,0,589185,0.1636625,18.72064166666667,551,0,0,3,3,16.02509173252163,16.02509173252163,2943.275181539806
2026-07-03T17:15:00Z,browser-e2e,real-user-editing,3,3,0,287180,0.07977222222222222,18.80041388888889,551,0,0,3,3,15.957095507205883,15.957095507205883,2930.786541490147
2026-07-03T17:30:00Z,browser-e2e,real-user-editing,1,1,0,96844,0.026901111111111112,18.827315000000002,551,0,0,3,3,15.934295463798207,15.934295463798207,2926.598933517604
2026-07-03T18:00:00Z,browser-e2e,real-user-editing,2,2,0,196806,0.05466833333333333,18.881983333333334,551,0,0,3,3,15.888161466088926,15.888161466088926,2918.125655938333
2026-07-03T18:15:00Z,browser-e2e,real-user-editing,6,6,0,567769,0.15771361111111112,19.039696944444444,551,0,0,3,3,15.75655331465433,15.75655331465433,2893.9536254581785
2026-07-03T18:30:00Z,browser-e2e,real-user-editing,9,9,0,857852,0.2382922222222222,19.277989166666664,551,0,0,3,3,15.561789012659387,15.561789012659387,2858.1819153251076
2026-07-03T18:45:00Z,browser-e2e,real-user-editing,8,8,0,768693,0.21352583333333333,19.491514999999996,551,0,0,3,3,15.391312578832382,15.391312578832382,2826.871076978881
2026-07-03T19:00:00Z,browser-e2e,real-user-editing,5,5,0,474998,0.1319438888888889,19.623458888888884,551,0,0,3,3,15.287824725429257,15.287824725429257,2807.86380790384
2026-07-03T19:15:00Z,browser-e2e,real-user-editing,8,8,0,749100,0.20808333333333334,19.831542222222218,551,0,0,3,3,15.127416548766199,15.127416548766199,2778.4021727900586
2026-07-03T19:30:00Z,browser-e2e,real-user-editing,4,4,0,384652,0.10684777777777778,19.938389999999995,551,0,0,3,3,15.04635028204384,15.04635028204384,2763.513001802052
2026-07-03T19:45:00Z,browser-e2e,real-user-editing,5,5,0,460729,0.1279802777777778,20.06637027777777,551,0,0,3,3,14.950386933317528,14.950386933317528,2745.8877334193194
2026-07-03T20:00:00Z,browser-e2e,real-user-editing,8,8,0,739015,0.20528194444444445,20.271652222222215,551,0,0,3,3,14.79899105960064,14.79899105960064,2718.0813579466508
2026-07-03T20:30:00Z,browser-e2e,real-user-editing,9,9,0,765120,0.21253333333333332,20.48418555555555,551,0,0,3,3,14.64544436908972,14.64544436908972,2689.879949122812
2026-07-03T20:45:00Z,browser-e2e,real-user-editing,10,10,0,692589,0.19238583333333334,20.67657138888888,551,0,0,3,3,14.509175353957048,14.509175353957048,2664.8518733434444
2026-07-03T21:00:00Z,browser-e2e,real-user-editing,60,60,0,7023495,1.9509708333333333,22.627542222222214,551,0,0,3,3,13.258178774068265,13.258178774068265,2435.085501503871
2026-07-03T21:30:00Z,browser-e2e,real-user-editing,43,43,2,4270628,1.1862855555555556,23.81382777777777,553,0,0,3,3,12.597722751650597,12.597722751650597,2322.1802272209266
2026-07-03T21:45:00Z,browser-e2e,real-user-editing,60,60,2,7022338,1.9506494444444444,25.764477222222215,555,0,0,3,3,11.643938955658138,11.643938955658138,2154.1287067967555
2026-07-03T22:00:00Z,browser-e2e,real-user-editing,59,59,1,6772897,1.8813602777777778,27.645837499999992,556,0,0,3,3,10.851543202480304,10.851543202480304,2011.1526735263496
2026-07-03T22:15:00Z,browser-e2e,real-user-editing,41,41,1,4886253,1.3572925,29.00312999999999,557,0,0,3,3,10.343711178758985,10.343711178758985,1920.4823755229183
2026-07-03T22:30:00Z,browser-e2e,real-user-editing,8,8,1,869726,0.24159055555555556,29.244720555555546,558,0,0,3,3,10.258261809344242,10.258261809344242,1908.0366965380292
2026-07-03T22:45:00Z,browser-e2e,real-user-editing,8,8,0,723303,0.2009175,29.445638055555545,558,0,0,3,3,10.188266236037586,10.188266236037586,1895.0175199029911
2026-07-03T23:00:00Z,browser-e2e,real-user-editing,10,10,0,908794,0.2524427777777778,29.69808083333332,558,0,0,3,3,10.101662854364584,10.101662854364584,1878.9092909118124
2026-07-03T23:15:00Z,browser-e2e,real-user-editing,11,11,0,984486,0.2734683333333333,29.971549166666655,558,0,0,3,3,10.009492613536636,10.009492613536636,1861.7656261178142
2026-07-03T23:30:00Z,browser-e2e,real-user-editing,10,10,0,901834,0.25050944444444445,30.2220586111111,558,0,0,3,3,9.926524326496589,9.926524326496589,1846.3335247283653
2026-07-03T23:45:00Z,browser-e2e,real-user-editing,8,8,0,724821,0.20133916666666668,30.423397777777765,558,0,0,3,3,9.860831528131605,9.860831528131605,1834.1146642324786
2026-07-04T00:00:00Z,browser-e2e,real-user-editing,10,10,0,903225,0.2508958333333333,30.6742936111111,558,0,0,3,3,9.78017631973541,9.78017631973541,1819.1127954707865
2026-07-04T00:15:00Z,browser-e2e,real-user-editing,12,12,0,1081087,0.30030194444444447,30.974595555555545,558,0,0,3,3,9.68535648712264,9.68535648712264,1801.476306604811
2026-07-04T00:30:00Z,browser-e2e,real-user-editing,1,1,0,91904,0.02552888888888889,31.000124444444435,558,0,0,3,3,9.677380506572879,9.677380506572879,1799.9927742225557
2026-07-04T00:45:00Z,browser-e2e,real-user-editing,30,30,2,2744407,0.7623352777777778,31.76245972222221,560,0,0,3,3,9.445112331464326,9.445112331464326,1763.0876352066743
2026-07-04T01:00:00Z,browser-e2e,real-user-editing,60,60,0,7258566,2.0162683333333336,33.77872805555555,560,0,0,3,3,8.881329086950608,8.881329086950608,1657.84809623078
2026-07-04T01:15:00Z,browser-e2e,real-user-editing,26,26,1,3001189,0.8336636111111111,34.61239166666666,561,0,0,3,3,8.667416077141931,8.667416077141931,1620.806806425541
2026-07-04T01:30:00Z,browser-e2e,real-user-editing,6,6,0,571265,0.1586847222222222,34.77107638888888,561,0,0,3,3,8.627860600135612,8.627860600135612,1613.4099322253594
2026-07-04T01:45:00Z,browser-e2e,real-user-editing,53,53,1,5282694,1.467415,36.23849138888888,562,0,0,3,3,8.278490315189647,8.278490315189647,1550.8371857121938
2026-07-04T02:00:00Z,browser-e2e,real-user-editing,57,57,0,6624527,1.840146388888889,38.07863777777777,562,0,0,3,3,7.87843309287383,7.87843309287383,1475.8931327316975
2026-07-04T02:15:00Z,browser-e2e,real-user-editing,60,60,0,6933175,1.9258819444444444,40.00451972222221,562,0,0,3,3,7.499152647828246,7.499152647828246,1404.8412626931581
2026-07-04T02:30:00Z,browser-e2e,real-user-editing,22,22,1,1730436,0.48067666666666664,40.48519638888888,563,0,0,3,3,7.410115962345552,7.410115962345552,1390.6317622668487
2026-07-04T02:45:00Z,browser-e2e,real-user-editing,3,3,1,188619,0.052394166666666665,40.537590555555546,564,0,0,3,3,7.400538509777957,7.400538509777957,1391.3012398382557
2026-07-04T03:00:00Z,browser-e2e,real-user-editing,22,22,3,1225986,0.34055166666666664,40.878142222222216,567,0,0,3,3,7.338885372264146,7.338885372264146,1387.0493353579236
2026-07-04T03:15:00Z,browser-e2e,real-user-editing,24,24,0,1348234,0.37450944444444445,41.25265166666666,567,0,0,3,3,7.272259791299882,7.272259791299882,1374.4571005556777
2026-07-04T03:30:00Z,browser-e2e,real-user-editing,26,26,0,1692495,0.4701375,41.72278916666666,567,0,0,3,3,7.190315077010173,7.190315077010173,1358.9695495549229
2026-07-04T03:45:00Z,browser-e2e,real-user-editing,22,22,1,1478404,0.4106677777777778,42.13345694444443,568,1,1,4,4,9.49364303354991,9.49364303354991,1348.0973107640873
2026-07-04T04:00:00Z,browser-e2e,real-user-editing,5,5,0,309304,0.08591777777777777,42.21937472222221,568,0,0,4,4,9.474323166360387,9.474323166360387,1345.3538896231748
2026-07-04T04:15:00Z,browser-e2e,real-user-editing,17,17,1,976367,0.2712130555555556,42.49058777777777,569,1,1,5,5,11.767311918935043,11.767311918935043,1339.1200963748079
2026-07-04T04:30:00Z,browser-e2e,real-user-editing,14,14,1,1076174,0.29893722222222224,42.78952499999999,570,0,0,5,5,11.6851028376688,11.6851028376688,1332.1017234942433
2026-07-04T04:45:00Z,browser-e2e,real-user-editing,23,23,0,1314190,0.3650527777777778,43.15457777777777,570,0,0,5,5,11.586256331245407,11.586256331245407,1320.8332217619763
2026-07-04T05:00:00Z,browser-e2e,real-user-editing,27,27,4,1613179,0.44810527777777776,43.602683055555545,574,0,0,5,5,11.46718424100036,11.46718424100036,1316.4327508668414
2026-07-04T05:15:00Z,browser-e2e,real-user-editing,58,58,1,6829395,1.8970541666666667,45.49973722222221,575,0,0,5,5,10.989074454605827,10.989074454605827,1263.7435622796702
2026-07-04T05:30:00Z,browser-e2e,real-user-editing,56,56,1,6639439,1.8442886111111112,47.34402583333332,576,0,0,5,5,10.560994575327538,10.560994575327538,1216.6265750777325
2026-07-04T05:45:00Z,browser-e2e,real-user-editing,43,43,1,4961521,1.3782002777777778,48.7222261111111,577,0,0,5,5,10.262256877584973,10.262256877584973,1184.2644436733058
2026-07-04T06:00:00Z,browser-e2e,real-user-editing,37,37,2,3526374,0.9795483333333334,49.70177444444443,579,0,0,5,5,10.060002999669342,10.060002999669342,1164.9483473617097
2026-07-04T06:15:00Z,browser-e2e,real-user-editing,22,22,0,1272590,0.35349722222222224,50.055271666666656,579,0,0,5,5,9.988957873001924,9.988957873001924,1156.7213216936227
2026-07-04T07:15:00Z,browser-e2e,real-user-editing,26,26,2,1498167,0.4161575,50.47142916666665,581,0,0,5,5,9.906594844954776,9.906594844954776,1151.146320983745
2026-07-04T07:30:00Z,browser-e2e,real-user-editing,6,6,2,416683,0.11574527777777778,50.58717444444443,583,0,0,5,5,9.88392819901628,9.88392819901628,1152.4660280052983
2026-07-04T17:45:00Z,browser-e2e,real-user-editing,23,23,3,3023490,0.8398583333333334,51.42703277777776,586,0,0,5,5,9.722513102409751,9.722513102409751,1139.4785356024229
2026-07-04T18:00:00Z,browser-e2e,real-user-editing,14,14,1,1612521,0.4479225,51.87495527777776,587,1,1,6,6,11.566275031701638,11.566275031701638,1131.567240601477
2026-07-04T21:00:00Z,browser-e2e,real-user-editing,7,7,0,394074,0.109465,51.98442027777776,587,0,0,6,6,11.541919613490185,11.541919613490185,1129.184468853123
2026-07-04T21:15:00Z,browser-e2e,real-user-editing,4,4,1,305400,0.08483333333333333,52.069253611111094,588,0,0,6,6,11.52311505137392,11.52311505137392,1129.265275034644
2026-07-01T17:15:00Z,browser-e2e,real-world-editor-usability,2,2,0,340935,0.09470416666666667,0.09470416666666667,0,0,0,0,0,0,0,0
2026-07-01T17:30:00Z,browser-e2e,real-world-editor-usability,3,3,0,531346,0.14759611111111112,0.2423002777777778,0,0,0,0,0,0,0,0
2026-07-01T17:45:00Z,browser-e2e,real-world-editor-usability,4,4,0,694684,0.19296777777777777,0.4352680555555556,0,0,0,0,0,0,0,0
2026-07-01T18:00:00Z,browser-e2e,real-world-editor-usability,4,4,0,700540,0.19459444444444443,0.6298625,0,0,0,0,0,0,0,0
2026-07-01T18:15:00Z,browser-e2e,real-world-editor-usability,4,4,0,690789,0.19188583333333334,0.8217483333333333,0,0,0,0,0,0,0,0
2026-07-01T18:30:00Z,browser-e2e,real-world-editor-usability,5,5,1,875405,0.24316805555555557,1.0649163888888888,1,0,0,0,0,0,0,93.90408584502853
2026-07-01T18:45:00Z,browser-e2e,real-world-editor-usability,5,5,0,865862,0.24051722222222222,1.3054336111111111,1,0,0,0,0,0,0,76.60289971765448
2026-07-01T19:00:00Z,browser-e2e,real-world-editor-usability,4,4,0,694062,0.192795,1.4982286111111112,1,0,0,0,0,0,0,66.74548814405456
2026-07-01T19:15:00Z,browser-e2e,real-world-editor-usability,5,5,0,875761,0.24326694444444444,1.7414955555555556,1,0,0,0,0,0,0,57.42190939333115
2026-07-01T19:30:00Z,browser-e2e,real-world-editor-usability,4,4,0,702187,0.19505194444444443,1.9365475,1,0,0,0,0,0,0,51.6382892751146
2026-07-01T19:45:00Z,browser-e2e,real-world-editor-usability,5,5,0,866451,0.24068083333333334,2.1772283333333333,1,0,0,0,0,0,0,45.92995528718853
2026-07-01T20:00:00Z,browser-e2e,real-world-editor-usability,5,5,0,870666,0.24185166666666666,2.41908,1,0,0,0,0,0,0,41.33802933346561
2026-07-01T20:15:00Z,browser-e2e,real-world-editor-usability,5,5,0,865177,0.24032694444444444,2.6594069444444446,1,0,0,0,0,0,0,37.60236853141338
2026-07-01T20:30:00Z,browser-e2e,real-world-editor-usability,6,6,0,1042761,0.28965583333333333,2.949062777777778,1,0,0,0,0,0,0,33.90907808186895
2026-07-01T20:45:00Z,browser-e2e,real-world-editor-usability,4,4,0,701783,0.19493972222222222,3.1440025,1,0,0,0,0,0,0,31.806590484581356
2026-07-01T21:00:00Z,browser-e2e,real-world-editor-usability,5,5,0,871240,0.24201111111111112,3.386013611111111,1,0,0,0,0,0,0,29.533253992793394
2026-07-01T21:15:00Z,browser-e2e,real-world-editor-usability,6,6,0,1049187,0.2914408333333333,3.6774544444444444,1,0,0,0,0,0,0,27.192722985615955
2026-07-01T21:30:00Z,browser-e2e,real-world-editor-usability,6,6,1,882294,0.24508166666666667,3.922536111111111,2,0,0,0,0,0,0,50.98742097834947
2026-07-01T21:45:00Z,browser-e2e,real-world-editor-usability,5,5,0,876377,0.24343805555555556,4.1659741666666665,2,0,0,0,0,0,0,48.00797892609752
2026-07-01T22:00:00Z,browser-e2e,real-world-editor-usability,5,5,0,869709,0.24158583333333333,4.40756,2,0,0,0,0,0,0,45.376580239406834
2026-07-01T22:15:00Z,browser-e2e,real-world-editor-usability,5,5,0,864253,0.24007027777777779,4.647630277777778,2,0,0,0,0,0,0,43.0326829042925
2026-07-01T22:30:00Z,browser-e2e,real-world-editor-usability,5,5,0,869060,0.24140555555555557,4.889035833333334,2,0,0,0,0,0,0,40.90786134894013
2026-07-01T22:45:00Z,browser-e2e,real-world-editor-usability,5,5,0,876611,0.24350305555555554,5.132538888888889,2,0,0,0,0,0,0,38.96706957894999
2026-07-01T23:00:00Z,browser-e2e,real-world-editor-usability,5,5,0,863622,0.239895,5.372433888888889,2,0,0,0,0,0,0,37.22707512765009
2026-07-01T23:15:00Z,browser-e2e,real-world-editor-usability,5,5,0,864485,0.24013472222222224,5.612568611111111,2,0,0,0,0,0,0,35.634308256662244
2026-07-01T23:30:00Z,browser-e2e,real-world-editor-usability,5,5,0,863107,0.23975194444444445,5.852320555555555,2,0,0,0,0,0,0,34.17447798722198
2026-07-01T23:45:00Z,browser-e2e,real-world-editor-usability,6,6,0,1022418,0.284005,6.136325555555555,2,0,0,0,0,0,0,32.59279485569812
2026-07-02T00:00:00Z,browser-e2e,real-world-editor-usability,5,5,0,853933,0.2372036111111111,6.373529166666666,2,0,0,0,0,0,0,31.3797889316947
2026-07-02T00:15:00Z,browser-e2e,real-world-editor-usability,5,5,0,854285,0.23730138888888888,6.610830555555554,2,0,0,0,0,0,0,30.253384702460068
2026-07-02T00:30:00Z,browser-e2e,real-world-editor-usability,5,5,0,867765,0.24104583333333332,6.851876388888888,2,0,0,0,0,0,0,29.18908466071034
2026-07-02T00:45:00Z,browser-e2e,real-world-editor-usability,5,5,0,862379,0.23954972222222223,7.09142611111111,2,0,0,0,0,0,0,28.203071831578782
2026-07-02T01:00:00Z,browser-e2e,real-world-editor-usability,5,5,0,864790,0.24021944444444446,7.331645555555554,2,0,0,0,0,0,0,27.279005577192695
2026-07-02T01:15:00Z,browser-e2e,real-world-editor-usability,5,5,0,863858,0.23996055555555557,7.57160611111111,2,0,0,0,0,0,0,26.414474956179493
2026-07-02T01:30:00Z,browser-e2e,real-world-editor-usability,5,5,0,864600,0.24016666666666667,7.811772777777777,2,0,0,0,0,0,0,25.602383183615103
2026-07-02T01:45:00Z,browser-e2e,real-world-editor-usability,5,5,0,872030,0.24223055555555556,8.054003333333332,2,0,0,0,0,0,0,24.832371147930164
2026-07-02T02:00:00Z,browser-e2e,real-world-editor-usability,6,6,0,1030562,0.28626722222222223,8.340270555555554,2,0,0,0,0,0,0,23.980037418183947
2026-07-02T02:15:00Z,browser-e2e,real-world-editor-usability,5,5,0,860814,0.239115,8.579385555555554,2,0,0,0,0,0,0,23.311692743601043
2026-07-02T02:30:00Z,browser-e2e,real-world-editor-usability,5,5,0,868207,0.2411686111111111,8.820554166666664,2,0,0,0,0,0,0,22.674312318812174
2026-07-02T02:45:00Z,browser-e2e,real-world-editor-usability,5,5,0,856703,0.23797305555555556,9.058527222222219,2,0,0,0,0,0,0,22.078644253490076
2026-07-02T03:00:00Z,browser-e2e,real-world-editor-usability,5,5,0,876670,0.24351944444444446,9.302046666666664,2,0,0,0,0,0,0,21.500644660995757
2026-07-02T03:15:00Z,browser-e2e,real-world-editor-usability,5,5,0,863534,0.23987055555555556,9.541917222222219,2,0,0,0,0,0,0,20.9601482953781
2026-07-02T03:30:00Z,browser-e2e,real-world-editor-usability,5,5,0,874633,0.2429536111111111,9.784870833333331,2,0,0,0,0,0,0,20.43971794892541
2026-07-02T03:45:00Z,browser-e2e,real-world-editor-usability,5,5,0,870314,0.24175388888888888,10.02662472222222,2,0,0,0,0,0,0,19.94689195425214
2026-07-02T04:00:00Z,browser-e2e,real-world-editor-usability,5,5,0,871579,0.24210527777777777,10.268729999999998,2,0,0,0,0,0,0,19.47660518876239
2026-07-02T04:15:00Z,browser-e2e,real-world-editor-usability,5,5,0,879643,0.2443452777777778,10.513075277777777,2,0,0,0,0,0,0,19.02392922295097
2026-07-02T04:30:00Z,browser-e2e,real-world-editor-usability,3,3,0,515198,0.14311055555555555,10.656185833333332,2,0,0,0,0,0,0,18.76844146001896
2026-07-02T04:45:00Z,browser-e2e,real-world-editor-usability,4,4,0,676946,0.18804055555555554,10.844226388888888,2,0,0,0,0,0,0,18.442993794829125
2026-07-02T05:00:00Z,browser-e2e,real-world-editor-usability,6,6,0,1044932,0.2902588888888889,11.134485277777777,2,0,0,0,0,0,0,17.962213340850187
2026-07-02T05:15:00Z,browser-e2e,real-world-editor-usability,3,3,0,518039,0.14389972222222222,11.278385,2,0,0,0,0,0,0,17.73303535922918
2026-07-02T05:30:00Z,browser-e2e,real-world-editor-usability,5,5,0,870541,0.24181694444444443,11.520201944444445,2,0,0,0,0,0,0,17.360806777909733
2026-07-02T05:45:00Z,browser-e2e,real-world-editor-usability,4,4,0,690520,0.1918111111111111,11.712013055555555,2,0,0,0,0,0,0,17.076483696808264
2026-07-02T06:00:00Z,browser-e2e,real-world-editor-usability,5,5,0,864794,0.24022055555555555,11.952233611111112,2,0,0,0,0,0,0,16.733274006130095
2026-07-02T06:15:00Z,browser-e2e,real-world-editor-usability,6,6,0,1023344,0.28426222222222225,12.236495833333334,2,0,0,0,0,0,0,16.34454853122098
2026-07-02T06:30:00Z,browser-e2e,real-world-editor-usability,5,5,0,866317,0.2406436111111111,12.477139444444445,2,0,0,0,0,0,0,16.029315123912617
2026-07-02T06:45:00Z,browser-e2e,real-world-editor-usability,5,5,0,864583,0.24016194444444444,12.71730138888889,2,0,0,0,0,0,0,15.726606917937799
2026-07-02T07:00:00Z,browser-e2e,real-world-editor-usability,5,5,0,851836,0.23662111111111112,12.953922500000001,2,0,0,0,0,0,0,15.43933893382487
2026-07-02T07:15:00Z,browser-e2e,real-world-editor-usability,5,5,0,862027,0.23945194444444445,13.193374444444446,2,0,0,0,0,0,0,15.15912406201867
2026-07-02T07:30:00Z,browser-e2e,real-world-editor-usability,5,5,0,861060,0.23918333333333333,13.43255777777778,2,0,0,0,0,0,0,14.889197076886655
2026-07-02T07:45:00Z,browser-e2e,real-world-editor-usability,5,5,0,860999,0.2391663888888889,13.671724166666667,2,0,0,0,0,0,0,14.62873281832473
2026-07-02T08:00:00Z,browser-e2e,real-world-editor-usability,6,6,0,1043174,0.28977055555555553,13.961494722222223,2,0,0,0,0,0,0,14.325113748864162
2026-07-02T08:15:00Z,browser-e2e,real-world-editor-usability,4,4,0,689013,0.1913925,14.152887222222223,2,0,0,0,0,0,0,14.131392192963219
2026-07-02T08:30:00Z,browser-e2e,real-world-editor-usability,6,6,0,1031270,0.2864638888888889,14.439351111111112,2,0,0,0,0,0,0,13.851037935222696
2026-07-02T08:45:00Z,browser-e2e,real-world-editor-usability,5,5,0,859338,0.238705,14.678056111111111,2,0,0,0,0,0,0,13.62578249367792
2026-07-02T09:00:00Z,browser-e2e,real-world-editor-usability,5,5,0,873808,0.24272444444444444,14.920780555555556,2,0,0,0,0,0,0,13.404124486338125
2026-07-02T09:15:00Z,browser-e2e,real-world-editor-usability,5,5,0,864194,0.2400538888888889,15.160834444444445,2,0,0,0,0,0,0,13.191886022691069
2026-07-02T09:30:00Z,browser-e2e,real-world-editor-usability,5,5,0,864090,0.240025,15.400859444444444,2,0,0,0,0,0,0,12.98628824718909
2026-07-02T09:45:00Z,browser-e2e,real-world-editor-usability,5,5,0,870720,0.24186666666666667,15.642726111111111,2,0,0,0,0,0,0,12.78549522502596
2026-07-02T10:00:00Z,browser-e2e,real-world-editor-usability,5,5,0,862346,0.23954055555555556,15.882266666666666,2,0,0,0,0,0,0,12.59266099717085
2026-07-02T10:15:00Z,browser-e2e,real-world-editor-usability,6,6,0,1040540,0.2890388888888889,16.171305555555556,2,0,0,0,0,0,0,12.367585246157889
2026-07-02T10:30:00Z,browser-e2e,real-world-editor-usability,5,5,0,859530,0.23875833333333332,16.41006388888889,2,0,0,0,0,0,0,12.18764298263447
2026-07-02T10:45:00Z,browser-e2e,real-world-editor-usability,5,5,0,863945,0.23998472222222222,16.65004861111111,2,0,0,0,0,0,0,12.011976942009262
2026-07-02T11:00:00Z,browser-e2e,real-world-editor-usability,5,5,0,864569,0.24015805555555556,16.890206666666664,2,0,0,0,0,0,0,11.841181339403388
2026-07-02T11:15:00Z,browser-e2e,real-world-editor-usability,5,5,0,866708,0.24075222222222223,17.130958888888888,2,0,0,0,0,0,0,11.674769713545906
2026-07-02T11:30:00Z,browser-e2e,real-world-editor-usability,5,5,0,858931,0.23859194444444445,17.36955083333333,2,0,0,0,0,0,0,11.514402526528585
2026-07-02T11:45:00Z,browser-e2e,real-world-editor-usability,5,5,0,859575,0.23877083333333332,17.608321666666665,2,0,0,0,0,0,0,11.358265925968906
2026-07-02T12:00:00Z,browser-e2e,real-world-editor-usability,5,5,0,852173,0.23671472222222223,17.845036388888886,2,0,0,0,0,0,0,11.207598328268409
2026-07-02T12:15:00Z,browser-e2e,real-world-editor-usability,5,5,0,867036,0.24084333333333333,18.08587972222222,2,0,0,0,0,0,0,11.058350662050401
2026-07-02T12:30:00Z,browser-e2e,real-world-editor-usability,6,6,0,1043769,0.28993583333333334,18.375815555555555,2,0,0,0,0,0,0,10.883870672043944
2026-07-02T12:45:00Z,browser-e2e,real-world-editor-usability,5,5,0,862175,0.23949305555555556,18.61530861111111,2,0,0,0,0,0,0,10.743845518662201
2026-07-02T13:00:00Z,browser-e2e,real-world-editor-usability,5,5,0,864012,0.24000333333333335,18.855311944444445,2,0,0,0,0,0,0,10.607090489368874
2026-07-02T13:15:00Z,browser-e2e,real-world-editor-usability,5,5,0,856161,0.2378225,19.093134444444445,2,0,0,0,0,0,0,10.474969449460628
2026-07-02T13:30:00Z,browser-e2e,real-world-editor-usability,5,5,0,859387,0.23871861111111112,19.331853055555555,2,0,0,0,0,0,0,10.345619709876924
2026-07-02T13:45:00Z,browser-e2e,real-world-editor-usability,4,4,0,685067,0.1902963888888889,19.522149444444445,2,0,0,0,0,0,0,10.244773536292922
2026-07-02T14:00:00Z,browser-e2e,real-world-editor-usability,5,5,0,861153,0.23920916666666667,19.76135861111111,2,0,0,0,0,0,0,10.120761630607072
2026-07-02T14:15:00Z,browser-e2e,real-world-editor-usability,6,6,0,1031208,0.2864466666666667,20.047805277777776,2,0,0,0,0,0,0,9.976154358486928
2026-07-02T14:30:00Z,browser-e2e,real-world-editor-usability,3,3,0,520379,0.14454972222222223,20.192355,2,0,0,0,0,0,0,9.904738699374095
2026-07-02T14:45:00Z,browser-e2e,real-world-editor-usability,5,5,0,866676,0.24074333333333334,20.433098333333334,2,0,0,0,0,0,0,9.788040792312538
2026-07-02T15:00:00Z,browser-e2e,real-world-editor-usability,4,4,0,691399,0.19205527777777778,20.625153611111113,2,0,0,0,0,0,0,9.696897476305663
2026-07-02T15:15:00Z,browser-e2e,real-world-editor-usability,6,6,0,1027152,0.28532,20.91047361111111,2,0,0,0,0,0,0,9.56458489269831
2026-07-02T15:30:00Z,browser-e2e,real-world-editor-usability,4,4,0,687241,0.19090027777777777,21.10137388888889,2,0,0,0,0,0,0,9.478055839070825
2026-07-02T15:45:00Z,browser-e2e,real-world-editor-usability,5,5,0,863467,0.23985194444444444,21.341225833333336,2,0,0,0,0,0,0,9.371532898902908
2026-07-02T16:00:00Z,browser-e2e,real-world-editor-usability,5,5,0,868185,0.2411625,21.582388333333338,2,0,0,0,0,0,0,9.266815002633704
2026-07-02T16:15:00Z,browser-e2e,real-world-editor-usability,3,3,0,528167,0.14671305555555555,21.729101388888893,2,0,0,0,0,0,0,9.204246251171222
2026-07-02T16:30:00Z,browser-e2e,real-world-editor-usability,4,4,0,695789,0.19327472222222222,21.922376111111117,2,0,0,0,0,0,0,9.123098654375891
2026-07-02T16:45:00Z,browser-e2e,real-world-editor-usability,2,2,0,342044,0.09501222222222222,22.01738833333334,2,0,0,0,0,0,0,9.08372950379446
2026-07-02T17:00:00Z,browser-e2e,real-world-editor-usability,2,2,0,348589,0.09683027777777778,22.114218611111117,2,0,0,0,0,0,0,9.04395509138684
2026-07-02T17:15:00Z,browser-e2e,real-world-editor-usability,4,4,0,689020,0.19139444444444445,22.30561305555556,2,0,0,0,0,0,0,8.96635297590204
2026-07-02T17:30:00Z,browser-e2e,real-world-editor-usability,5,5,0,866195,0.2406097222222222,22.546222777777782,2,0,0,0,0,0,0,8.870665475599127
2026-07-02T17:45:00Z,browser-e2e,real-world-editor-usability,4,4,0,687865,0.19107361111111112,22.737296388888893,2,0,0,0,0,0,0,8.796120549219504
2026-07-02T18:00:00Z,browser-e2e,real-world-editor-usability,5,5,0,865036,0.24028777777777777,22.97758416666667,2,0,0,0,0,0,0,8.704135236729448
2026-07-02T18:15:00Z,browser-e2e,real-world-editor-usability,2,2,0,351696,0.09769333333333333,23.075277500000002,2,0,0,0,0,0,0,8.66728471629431
2026-07-02T19:00:00Z,browser-e2e,real-world-editor-usability,3,3,1,425055,0.11807083333333333,23.193348333333336,3,0,0,0,0,0,0,12.93474299995063
2026-07-02T20:15:00Z,browser-e2e,real-world-editor-usability,1,1,0,189972,0.05277,23.246118333333335,3,0,0,0,0,0,0,12.905380403653053
2026-07-02T20:30:00Z,browser-e2e,real-world-editor-usability,5,5,0,936455,0.2601263888888889,23.506244722222224,3,0,0,0,0,0,0,12.76256601363413
2026-07-02T20:45:00Z,browser-e2e,real-world-editor-usability,5,5,0,926342,0.2573172222222222,23.763561944444447,3,0,0,0,0,0,0,12.62437006292886
2026-07-02T21:00:00Z,browser-e2e,real-world-editor-usability,5,5,0,901705,0.2504736111111111,24.01403555555556,3,0,0,0,0,0,0,12.492694087420725
2026-07-02T21:15:00Z,browser-e2e,real-world-editor-usability,5,5,0,909331,0.25259194444444444,24.266627500000002,3,0,0,0,0,0,0,12.362657316102123
2026-07-02T21:30:00Z,browser-e2e,real-world-editor-usability,4,4,0,722296,0.20063777777777778,24.46726527777778,3,0,0,0,0,0,0,12.261280392152075
2026-07-02T21:45:00Z,browser-e2e,real-world-editor-usability,5,5,0,900798,0.2502216666666667,24.71748694444445,3,0,0,0,0,0,0,12.137156203391001
2026-07-02T22:00:00Z,browser-e2e,real-world-editor-usability,5,5,0,910904,0.2530288888888889,24.970515833333337,3,0,0,0,0,0,0,12.01416911057671
2026-07-02T22:15:00Z,browser-e2e,real-world-editor-usability,5,5,0,896925,0.24914583333333334,25.21966166666667,3,0,0,0,0,0,0,11.895480754863415
2026-07-02T22:30:00Z,browser-e2e,real-world-editor-usability,1,1,0,184333,0.05120361111111111,25.27086527777778,3,0,0,0,0,0,0,11.871378233487256
2026-07-02T22:45:00Z,browser-e2e,real-world-editor-usability,1,1,1,181733,0.05048138888888889,25.32134666666667,4,0,0,0,0,0,0,15.796948134933317
2026-07-02T23:00:00Z,browser-e2e,real-world-editor-usability,2,2,1,294944,0.08192888888888888,25.40327555555556,5,0,0,0,0,0,0,19.682501136773784
2026-07-02T23:30:00Z,browser-e2e,real-world-editor-usability,2,2,0,370462,0.10290611111111111,25.50618166666667,5,0,0,0,0,0,0,19.60309098924973
2026-07-02T23:45:00Z,browser-e2e,real-world-editor-usability,1,1,1,126419,0.03511638888888889,25.541298055555558,6,0,0,0,0,0,0,23.49136675414554
2026-07-03T00:00:00Z,browser-e2e,real-world-editor-usability,7,7,7,911337,0.25314916666666665,25.794447222222225,13,0,0,0,0,0,0,50.39844385112601
2026-07-03T00:15:00Z,browser-e2e,real-world-editor-usability,7,7,7,907509,0.25208583333333334,26.046533055555557,20,0,0,0,0,0,0,76.78565111656627
2026-07-03T00:30:00Z,browser-e2e,real-world-editor-usability,7,7,7,896215,0.2489486111111111,26.295481666666667,27,0,0,0,0,0,0,102.67923722510248
2026-07-03T00:45:00Z,browser-e2e,real-world-editor-usability,6,6,6,785890,0.2183027777777778,26.513784444444447,33,0,0,0,0,0,0,124.463559961221
2026-07-03T01:00:00Z,browser-e2e,real-world-editor-usability,5,5,5,635136,0.17642666666666668,26.690211111111115,38,0,0,0,0,0,0,142.3742953617202
2026-07-03T01:15:00Z,browser-e2e,real-world-editor-usability,5,5,5,639009,0.1775025,26.867713611111114,43,0,0,0,0,0,0,160.04339119580834
2026-07-03T01:30:00Z,browser-e2e,real-world-editor-usability,6,6,6,680768,0.18910222222222223,27.056815833333335,49,0,0,0,0,0,0,181.10039371163992
2026-07-03T01:45:00Z,browser-e2e,real-world-editor-usability,8,8,8,847959,0.23554416666666667,27.292360000000002,57,0,0,0,0,0,0,208.84965609423296
2026-07-03T02:00:00Z,browser-e2e,real-world-editor-usability,1,1,1,137361,0.03815583333333333,27.330515833333337,58,0,0,0,0,0,0,212.2169971240023
2026-07-03T02:15:00Z,browser-e2e,real-world-editor-usability,4,4,4,562560,0.15626666666666666,27.486782500000004,62,0,0,0,0,0,0,225.5629592150336
2026-07-03T02:30:00Z,browser-e2e,real-world-editor-usability,4,4,4,520400,0.14455555555555555,27.63133805555556,66,0,0,0,0,0,0,238.85922522934075
2026-07-03T02:45:00Z,browser-e2e,real-world-editor-usability,2,2,1,380129,0.10559138888888889,27.73692944444445,67,0,0,0,0,0,0,241.55521660823104
2026-07-03T03:00:00Z,browser-e2e,real-world-editor-usability,4,4,2,679711,0.1888086111111111,27.92573805555556,69,0,0,0,0,0,0,247.08389036211383
2026-07-03T03:30:00Z,browser-e2e,real-world-editor-usability,2,2,2,206873,0.05746472222222222,27.98320277777778,71,0,0,0,0,0,0,253.72363758298255
2026-07-03T06:45:00Z,browser-e2e,real-world-editor-usability,5,5,0,908030,0.25223055555555557,28.235433333333336,71,0,0,0,0,0,0,251.4570935101639
2026-07-03T07:00:00Z,browser-e2e,real-world-editor-usability,1,1,0,173500,0.04819444444444444,28.28362777777778,71,0,0,0,0,0,0,251.02861824459495
2026-07-03T18:15:00Z,browser-e2e,real-world-editor-usability,1,1,0,186373,0.051770277777777776,28.335398055555558,71,0,0,0,0,0,0,250.56997562128632
2026-07-03T20:30:00Z,browser-e2e,real-world-editor-usability,2,2,1,406280,0.11285555555555556,28.448253611111113,72,0,0,0,0,0,0,253.0911070473541
2026-07-03T20:45:00Z,browser-e2e,real-world-editor-usability,2,2,0,390314,0.10842055555555556,28.556674166666667,72,0,0,0,0,0,0,252.1302010863835
2026-07-03T21:00:00Z,browser-e2e,real-world-editor-usability,5,5,0,1027842,0.28551166666666666,28.842185833333335,72,0,0,0,0,0,0,249.6343391449498
2026-07-03T21:30:00Z,browser-e2e,real-world-editor-usability,4,4,1,825646,0.2293461111111111,29.071531944444448,73,0,0,0,0,0,0,251.10475822018128
2026-07-03T21:45:00Z,browser-e2e,real-world-editor-usability,5,5,3,923337,0.2564825,29.32801444444445,76,0,0,0,0,0,0,259.13789746648376
2026-07-03T22:00:00Z,browser-e2e,real-world-editor-usability,5,5,1,1063468,0.29540777777777777,29.623422222222228,77,0,0,0,0,0,0,259.9294552208687
2026-07-03T22:15:00Z,browser-e2e,real-world-editor-usability,3,3,0,624214,0.17339277777777778,29.796815000000006,77,0,0,0,0,0,0,258.4168811331009
2026-07-03T22:30:00Z,browser-e2e,real-world-editor-usability,1,1,0,198144,0.05504,29.851855000000008,77,0,0,0,0,0,0,257.9404194479706
2026-07-04T00:45:00Z,browser-e2e,real-world-editor-usability,4,4,1,823466,0.22874055555555556,30.080595555555565,78,0,0,0,0,0,0,259.3033766766437
2026-07-04T01:00:00Z,browser-e2e,real-world-editor-usability,4,4,3,878741,0.24409472222222223,30.324690277777787,81,0,0,0,0,0,0,267.1090759972495
2026-07-04T01:15:00Z,browser-e2e,real-world-editor-usability,3,3,1,634201,0.17616694444444445,30.50085722222223,82,0,0,0,0,0,0,268.8449029565525
2026-07-04T01:30:00Z,browser-e2e,real-world-editor-usability,2,2,1,401874,0.11163166666666667,30.612488888888898,83,0,0,0,0,0,0,271.13117231747094
2026-07-04T01:45:00Z,browser-e2e,real-world-editor-usability,4,4,1,820503,0.2279175,30.840406388888898,84,0,0,0,0,0,0,272.3699517470149
2026-07-04T02:00:00Z,browser-e2e,real-world-editor-usability,4,4,2,828840,0.23023333333333335,31.070639722222232,86,0,0,0,0,0,0,276.788636374588
2026-07-04T02:15:00Z,browser-e2e,real-world-editor-usability,5,5,0,1038334,0.2884261111111111,31.359065833333343,86,0,0,0,0,0,0,274.24286315501683
2026-07-04T02:45:00Z,browser-e2e,real-world-editor-usability,2,2,1,382401,0.1062225,31.465288333333344,87,0,0,0,0,0,0,276.49516215567274
2026-07-04T03:00:00Z,browser-e2e,real-world-editor-usability,1,1,1,189333,0.0525925,31.517880833333344,88,0,0,0,0,0,0,279.20658900052416
2026-07-04T03:45:00Z,browser-e2e,real-world-editor-usability,2,2,0,389402,0.10816722222222222,31.626048055555565,88,0,0,0,0,0,0,278.2516482787091
2026-07-04T04:00:00Z,browser-e2e,real-world-editor-usability,5,5,4,896599,0.24905527777777778,31.875103333333342,92,1,1,1,1,3.1372447315464904,3.1372447315464904,288.6265153022771
2026-07-04T04:15:00Z,browser-e2e,real-world-editor-usability,1,1,1,202057,0.056126944444444445,31.931230277777786,93,0,0,1,1,3.1317302568699956,3.1317302568699956,291.25091388890957
2026-07-04T04:30:00Z,browser-e2e,real-world-editor-usability,2,2,1,405108,0.11253,32.043760277777785,94,0,0,1,1,3.1207323713924295,3.1207323713924295,293.3488429108884
2026-07-04T04:45:00Z,browser-e2e,real-world-editor-usability,2,2,1,380763,0.1057675,32.149527777777784,95,0,0,1,1,3.110465593498435,3.110465593498435,295.49423138235136
2026-07-04T05:00:00Z,browser-e2e,real-world-editor-usability,2,2,1,402182,0.11171722222222222,32.26124500000001,96,0,0,1,1,3.0996943856320476,3.0996943856320476,297.5706610206766
2026-07-04T05:15:00Z,browser-e2e,real-world-editor-usability,4,4,1,845447,0.2348463888888889,32.4960913888889,97,0,0,1,1,3.0772931674543518,3.0772931674543518,298.4974372430721
2026-07-04T05:30:00Z,browser-e2e,real-world-editor-usability,5,5,1,1077791,0.2993863888888889,32.79547777777779,98,0,0,1,1,3.049200889146978,3.049200889146978,298.82168713640385
2026-07-04T05:45:00Z,browser-e2e,real-world-editor-usability,2,2,2,434731,0.12075861111111111,32.916236388888905,100,0,0,1,1,3.0380143956480903,3.0380143956480903,303.801439564809
2026-07-04T06:00:00Z,browser-e2e,real-world-editor-usability,2,2,0,381184,0.10588444444444445,33.02212083333335,100,0,0,1,1,3.028273093200529,3.028273093200529,302.8273093200529
2026-07-04T06:30:00Z,browser-e2e,real-world-editor-usability,2,2,2,399495,0.11097083333333334,33.13309166666668,102,0,0,1,1,3.018130665439963,3.018130665439963,307.8493278748762
2026-07-04T06:45:00Z,browser-e2e,real-world-editor-usability,1,1,0,187521,0.052089166666666666,33.18518083333335,102,0,0,1,1,3.013393252314404,3.013393252314404,307.36611173606923
2026-07-04T08:45:00Z,browser-e2e,real-world-editor-usability,3,3,1,555606,0.154335,33.33951583333335,103,0,0,1,1,2.999443678183787,2.999443678183787,308.9426988529301
2026-07-04T09:00:00Z,browser-e2e,real-world-editor-usability,5,5,2,805562,0.22376722222222223,33.56328305555557,105,0,0,1,1,2.979446314428632,2.979446314428632,312.84186301500637
2026-07-04T09:30:00Z,browser-e2e,real-world-editor-usability,2,2,0,372616,0.10350444444444444,33.66678750000002,105,0,0,1,1,2.970286369021694,2.970286369021694,311.88006874727785
2026-07-04T10:30:00Z,browser-e2e,real-world-editor-usability,2,2,0,368313,0.10230916666666667,33.769096666666684,105,0,0,1,1,2.9612873861298614,2.9612873861298614,310.93517554363547
2026-07-04T11:00:00Z,browser-e2e,real-world-editor-usability,1,1,1,191763,0.0532675,33.82236416666668,106,0,0,1,1,2.9566235969558297,2.9566235969558297,313.4021012773179
2026-07-04T11:30:00Z,browser-e2e,real-world-editor-usability,1,1,0,181371,0.05038083333333333,33.872745000000016,106,0,0,1,1,2.952226044862911,2.952226044862911,312.9359607554686
2026-07-04T12:30:00Z,browser-e2e,real-world-editor-usability,1,1,1,188943,0.052484166666666665,33.92522916666668,107,0,0,1,1,2.9476587913002295,2.9476587913002295,315.39949066912453
2026-07-04T12:45:00Z,browser-e2e,real-world-editor-usability,5,5,1,916517,0.2545880555555556,34.17981722222224,108,0,0,1,1,2.9257031817883545,2.9257031817883545,315.97594363314226
2026-07-04T13:00:00Z,browser-e2e,real-world-editor-usability,5,5,1,955117,0.26531027777777777,34.44512750000002,109,0,0,1,1,2.9031682347525045,2.9031682347525045,316.445337588023
2026-07-04T13:15:00Z,browser-e2e,real-world-editor-usability,5,5,0,929893,0.2583036111111111,34.70343111111113,109,0,0,1,1,2.8815594538714824,2.8815594538714824,314.08998047199157
2026-07-04T13:30:00Z,browser-e2e,real-world-editor-usability,4,4,1,632767,0.1757686111111111,34.87919972222224,110,0,0,1,1,2.867038257654977,2.867038257654977,315.37420834204744
2026-07-04T14:45:00Z,browser-e2e,real-world-editor-usability,4,4,0,750748,0.20854111111111112,35.08774083333335,110,0,0,1,1,2.8499982508135724,2.8499982508135724,313.49980758949295
2026-07-04T15:00:00Z,browser-e2e,real-world-editor-usability,4,4,1,797736,0.22159333333333334,35.30933416666668,111,0,0,1,1,2.8321123113786637,2.8321123113786637,314.36446656303167
2026-07-04T15:15:00Z,browser-e2e,real-world-editor-usability,5,5,2,992170,0.27560277777777775,35.58493694444446,113,0,0,1,1,2.810177805179786,2.810177805179786,317.5500919853158
2026-07-04T15:30:00Z,browser-e2e,real-world-editor-usability,5,5,3,955420,0.26539444444444443,35.850331388888904,116,0,0,1,1,2.789374494624421,2.789374494624421,323.56744137643284
2026-07-04T17:00:00Z,browser-e2e,real-world-editor-usability,1,1,0,191748,0.053263333333333336,35.90359472222224,116,0,0,1,1,2.785236430326176,2.785236430326176,323.0874259178364
2026-07-04T17:45:00Z,browser-e2e,real-world-editor-usability,4,4,1,788245,0.21895694444444444,36.12255166666668,117,0,0,1,1,2.768353712184691,2.768353712184691,323.89738432560887
2026-07-04T18:00:00Z,browser-e2e,real-world-editor-usability,1,1,1,230019,0.06389416666666667,36.186445833333345,118,0,0,1,1,2.763465648452395,2.763465648452395,326.0889465173826
2026-07-04T18:15:00Z,browser-e2e,real-world-editor-usability,1,1,0,190532,0.05292555555555556,36.2393713888889,118,0,0,1,1,2.759429762919682,2.759429762919682,325.61271202452247
2026-07-04T18:30:00Z,browser-e2e,real-world-editor-usability,2,2,0,375583,0.10432861111111111,36.34370000000001,118,0,0,1,1,2.7515085145430973,2.7515085145430973,324.67800471608547
2026-07-02T19:15:00Z,browser-e2e,revision-persistence,3,3,3,110981,0.030828055555555556,0.030828055555555556,3,0,0,0,0,0,0,9731.395464088448
2026-07-02T19:30:00Z,browser-e2e,revision-persistence,23,23,23,939400,0.2609444444444444,0.2917725,26,0,0,0,0,0,0,8911.052275317243
2026-07-02T19:45:00Z,browser-e2e,revision-persistence,5,5,5,192300,0.05341666666666667,0.34518916666666666,31,0,0,0,0,0,0,8980.583110227002
2026-07-02T20:00:00Z,browser-e2e,revision-persistence,13,13,13,500979,0.13916083333333334,0.48435,44,0,0,0,0,0,0,9084.339836894807
2026-07-02T20:15:00Z,browser-e2e,revision-persistence,13,13,13,519111,0.1441975,0.6285475,57,0,0,0,0,0,0,9068.52704051802
2026-07-02T22:30:00Z,browser-e2e,revision-persistence,3,3,3,110900,0.030805555555555555,0.6593530555555556,60,0,0,0,0,0,0,9099.828914790634
2026-07-02T22:45:00Z,browser-e2e,revision-persistence,10,10,10,400911,0.11136416666666667,0.7707172222222223,70,0,0,0,0,0,0,9082.449176128152
2026-07-03T02:30:00Z,browser-e2e,revision-persistence,8,8,8,295715,0.08214305555555555,0.8528602777777778,78,0,0,0,0,0,0,9145.695025595243
2026-07-03T02:45:00Z,browser-e2e,revision-persistence,7,7,7,281103,0.07808416666666666,0.9309444444444445,85,0,0,0,0,0,0,9130.512621590977
2026-07-03T03:00:00Z,browser-e2e,revision-persistence,2,2,2,62713,0.017420277777777778,0.9483647222222222,87,0,0,0,0,0,0,9173.685815320114
2026-07-03T07:30:00Z,browser-e2e,revision-persistence,3,3,3,294513,0.08180916666666667,1.030173888888889,90,0,0,0,0,0,0,8736.389164073164
2026-07-03T08:30:00Z,browser-e2e,revision-persistence,3,3,3,297828,0.08273,1.112903888888889,93,0,0,0,0,0,0,8356.516760207405
2026-07-03T08:45:00Z,browser-e2e,revision-persistence,2,2,2,219922,0.061089444444444446,1.1739933333333334,95,0,0,0,0,0,0,8092.039137076303
2026-07-03T09:00:00Z,browser-e2e,revision-persistence,11,11,4,511089,0.14196916666666667,1.3159625000000001,99,0,0,0,0,0,0,7523.010724089781
2026-07-03T09:15:00Z,browser-e2e,revision-persistence,3,3,0,139517,0.038754722222222225,1.3547172222222224,99,0,0,0,0,0,0,7307.798142375756
2026-07-03T10:00:00Z,browser-e2e,revision-persistence,1,1,0,40588,0.011274444444444445,1.3659916666666667,99,0,0,0,0,0,0,7247.481988055076
2026-07-03T13:00:00Z,browser-e2e,revision-persistence,3,3,0,139927,0.03886861111111111,1.4048602777777779,99,0,0,0,0,0,0,7046.9641405620205
2026-07-03T19:15:00Z,browser-e2e,revision-persistence,11,11,2,510063,0.14168416666666667,1.5465444444444445,101,0,0,0,0,0,0,6530.68848831445
2026-07-03T19:30:00Z,browser-e2e,revision-persistence,18,18,5,824348,0.22898555555555555,1.77553,106,0,0,0,0,0,0,5970.048379920361
2026-07-03T19:45:00Z,browser-e2e,revision-persistence,4,4,0,176783,0.04910638888888889,1.824636388888889,106,0,0,0,0,0,0,5809.376632269656
2026-07-04T05:15:00Z,browser-e2e,revision-persistence,15,15,5,912059,0.25334972222222224,2.077986111111111,111,0,0,0,0,0,0,5341.710390001002
2026-07-04T05:30:00Z,browser-e2e,revision-persistence,3,3,0,166275,0.0461875,2.124173611111111,111,0,0,0,0,0,0,5225.561574599273
2026-07-04T10:15:00Z,browser-e2e,revision-persistence,1,1,0,49995,0.0138875,2.138061111111111,111,0,0,0,0,0,0,5191.619613824571
2026-07-04T14:15:00Z,browser-e2e,revision-persistence,11,11,4,560460,0.15568333333333334,2.293744444444444,115,0,0,0,0,0,0,5013.63612143172
2026-07-04T14:45:00Z,browser-e2e,revision-persistence,5,5,2,287761,0.07993361111111111,2.3736780555555552,117,0,0,0,0,0,0,4929.059344259572
2026-07-04T15:00:00Z,browser-e2e,revision-persistence,15,15,4,801884,0.22274555555555556,2.5964236111111108,121,0,0,0,0,0,0,4660.256495981385
2026-07-04T17:45:00Z,browser-e2e,revision-persistence,4,4,1,233851,0.0649586111111111,2.6613822222222216,122,0,0,0,0,0,0,4584.0841267111
2026-07-04T18:00:00Z,browser-e2e,revision-persistence,4,4,1,250533,0.0695925,2.730974722222222,123,0,0,0,0,0,0,4503.886432896517
2026-07-01T17:30:00Z,browser-e2e,rtc-reference-oracle,5,5,5,672936,0.18692666666666666,0.18692666666666666,5,0,0,0,0,0,0,2674.8457505617175
2026-07-01T17:45:00Z,browser-e2e,rtc-reference-oracle,7,7,7,1005634,0.2793427777777778,0.4662694444444444,12,0,0,0,0,0,0,2573.6192115908184
2026-07-01T18:00:00Z,browser-e2e,rtc-reference-oracle,6,6,6,839969,0.23332472222222223,0.6995941666666666,18,0,0,0,0,0,0,2572.9202525750047
2026-07-01T18:15:00Z,browser-e2e,rtc-reference-oracle,7,7,7,947968,0.26332444444444447,0.9629186111111111,25,0,0,0,0,0,0,2596.2734245163792
2026-07-01T18:30:00Z,browser-e2e,rtc-reference-oracle,6,6,6,840172,0.23338111111111112,1.1962997222222223,31,0,0,0,0,0,0,2591.323848375976
2026-07-01T18:45:00Z,browser-e2e,rtc-reference-oracle,6,6,6,836254,0.23229277777777776,1.4285925,37,0,0,0,0,0,0,2589.961798063479
2026-07-01T19:00:00Z,browser-e2e,rtc-reference-oracle,5,5,5,724128,0.20114666666666667,1.6297391666666665,42,0,0,0,0,0,0,2577.0995051866685
2026-07-01T19:15:00Z,browser-e2e,rtc-reference-oracle,6,6,6,849837,0.23606583333333334,1.865805,48,0,0,0,0,0,0,2572.6161094005
2026-07-01T19:30:00Z,browser-e2e,rtc-reference-oracle,5,5,5,671423,0.1865063888888889,2.0523113888888886,53,0,0,0,0,0,0,2582.4541191429016
2026-07-01T19:45:00Z,browser-e2e,rtc-reference-oracle,5,5,5,667715,0.1854763888888889,2.2377877777777777,58,0,0,0,0,0,0,2591.8454187642656
2026-07-01T20:00:00Z,browser-e2e,rtc-reference-oracle,6,6,6,843284,0.23424555555555557,2.472033333333333,64,0,0,0,0,0,0,2588.9618532651934
2026-07-01T20:15:00Z,browser-e2e,rtc-reference-oracle,5,5,5,662790,0.18410833333333335,2.6561416666666666,69,0,0,0,0,0,0,2597.7530063971235
2026-07-01T20:30:00Z,browser-e2e,rtc-reference-oracle,6,6,6,836484,0.23235666666666666,2.888498333333333,75,0,0,0,0,0,0,2596.504873639648
2026-07-01T20:45:00Z,browser-e2e,rtc-reference-oracle,5,5,5,667105,0.18530694444444445,3.073805277777778,80,0,0,0,0,0,0,2602.6372125249386
2026-07-01T21:00:00Z,browser-e2e,rtc-reference-oracle,5,5,5,666610,0.18516944444444444,3.2589747222222223,85,0,0,0,0,0,0,2608.182242728179
2026-07-01T21:15:00Z,browser-e2e,rtc-reference-oracle,7,7,7,1005680,0.2793555555555556,3.538330277777778,92,0,0,0,0,0,0,2600.096451645546
2026-07-01T21:30:00Z,browser-e2e,rtc-reference-oracle,3,3,3,382889,0.10635805555555555,3.6446883333333333,95,0,0,0,0,0,0,2606.5328859852216
2026-07-01T21:45:00Z,browser-e2e,rtc-reference-oracle,6,6,6,837903,0.23275083333333332,3.8774391666666665,101,0,0,0,0,0,0,2604.8119817912466
2026-07-01T22:00:00Z,browser-e2e,rtc-reference-oracle,5,5,5,667552,0.1854311111111111,4.062870277777778,106,0,0,0,0,0,0,2608.9929717858877
2026-07-01T22:15:00Z,browser-e2e,rtc-reference-oracle,5,5,5,662637,0.18406583333333335,4.246936111111111,111,0,0,0,0,0,0,2613.6489246823035
2026-07-01T22:30:00Z,browser-e2e,rtc-reference-oracle,6,6,6,831919,0.23108861111111112,4.478024722222222,117,0,0,0,0,0,0,2612.7591350576263
2026-07-01T22:45:00Z,browser-e2e,rtc-reference-oracle,6,6,6,840555,0.2334875,4.711512222222222,123,0,0,0,0,0,0,2610.6267838988238
2026-07-01T23:00:00Z,browser-e2e,rtc-reference-oracle,6,6,6,839717,0.2332547222222222,4.944766944444444,129,0,0,0,0,0,0,2608.8186045842745
2026-07-01T23:15:00Z,browser-e2e,rtc-reference-oracle,6,6,6,834745,0.2318736111111111,5.176640555555555,135,0,0,0,0,0,0,2607.868917132336
2026-07-01T23:30:00Z,browser-e2e,rtc-reference-oracle,5,5,5,728865,0.2024625,5.3791030555555555,140,0,0,0,0,0,0,2602.664395050166
2026-07-01T23:45:00Z,browser-e2e,rtc-reference-oracle,6,6,6,830041,0.23056694444444445,5.6096699999999995,146,0,0,0,0,0,0,2602.648640650876
2026-07-02T00:00:00Z,browser-e2e,rtc-reference-oracle,5,5,5,667332,0.18537,5.795039999999999,151,0,0,0,0,0,0,2605.6765785913476
2026-07-02T00:15:00Z,browser-e2e,rtc-reference-oracle,6,6,6,829271,0.23035305555555555,6.025393055555555,157,0,0,0,0,0,0,2605.6391434122675
2026-07-02T00:30:00Z,browser-e2e,rtc-reference-oracle,4,4,4,556340,0.1545388888888889,6.179931944444444,161,0,0,0,0,0,0,2605.2066826518003
2026-07-02T00:45:00Z,browser-e2e,rtc-reference-oracle,7,7,7,939986,0.2611072222222222,6.441039166666666,168,0,0,0,0,0,0,2608.2747776077026
2026-07-02T01:00:00Z,browser-e2e,rtc-reference-oracle,4,4,4,550883,0.15302305555555556,6.594062222222222,172,0,0,0,0,0,0,2608.4072943739284
2026-07-02T01:15:00Z,browser-e2e,rtc-reference-oracle,7,7,7,1003990,0.2788861111111111,6.872948333333333,179,0,0,0,0,0,0,2604.4135837870645
2026-07-02T01:30:00Z,browser-e2e,rtc-reference-oracle,5,5,5,670090,0.1861361111111111,7.059084444444444,184,0,0,0,0,0,0,2606.5703201044644
2026-07-02T01:45:00Z,browser-e2e,rtc-reference-oracle,5,5,5,730618,0.20294944444444443,7.2620338888888885,189,0,0,0,0,0,0,2602.5766733087708
2026-07-02T02:00:00Z,browser-e2e,rtc-reference-oracle,6,6,6,821033,0.2280647222222222,7.490098611111111,195,0,0,0,0,0,0,2603.4370189830242
2026-07-02T02:15:00Z,browser-e2e,rtc-reference-oracle,5,5,5,670424,0.1862288888888889,7.676327499999999,200,0,0,0,0,0,0,2605.4125491649493
2026-07-02T02:30:00Z,browser-e2e,rtc-reference-oracle,7,7,7,943080,0.2619666666666667,7.938294166666666,207,0,0,0,0,0,0,2607.613117553698
2026-07-02T02:45:00Z,browser-e2e,rtc-reference-oracle,5,5,5,656029,0.18223027777777778,8.120524444444444,212,0,0,0,0,0,0,2610.668823797916
2026-07-02T03:00:00Z,browser-e2e,rtc-reference-oracle,6,6,6,832425,0.23122916666666668,8.35175361111111,218,0,0,0,0,0,0,2610.2302600255643
2026-07-02T03:15:00Z,browser-e2e,rtc-reference-oracle,5,5,5,662493,0.18402583333333333,8.535779444444444,223,0,0,0,0,0,0,2612.5323580747004
2026-07-02T03:30:00Z,browser-e2e,rtc-reference-oracle,6,6,6,846423,0.2351175,8.770896944444443,229,0,0,0,0,0,0,2610.9074299983704
2026-07-02T03:45:00Z,browser-e2e,rtc-reference-oracle,7,7,7,1005969,0.27943583333333333,9.050332777777776,236,0,0,0,0,0,0,2607.638921073437
2026-07-02T04:00:00Z,browser-e2e,rtc-reference-oracle,4,4,4,494109,0.1372525,9.187585277777776,240,0,0,0,0,0,0,2612.220651496901
2026-07-02T04:15:00Z,browser-e2e,rtc-reference-oracle,6,6,6,840311,0.2334197222222222,9.421005,246,0,0,0,0,0,0,2611.1863861658076
2026-07-02T04:30:00Z,browser-e2e,rtc-reference-oracle,2,2,2,279886,0.07774611111111111,9.49875111111111,248,0,0,0,0,0,0,2610.8695458911793
2026-07-02T04:45:00Z,browser-e2e,rtc-reference-oracle,3,3,3,392023,0.10889527777777777,9.607646388888888,251,0,0,0,0,0,0,2612.50247813323
2026-07-02T05:00:00Z,browser-e2e,rtc-reference-oracle,6,6,6,837011,0.23250305555555556,9.840149444444444,257,0,0,0,0,0,0,2611.7489520964255
2026-07-02T05:15:00Z,browser-e2e,rtc-reference-oracle,7,7,7,1006456,0.2795711111111111,10.119720555555554,264,0,0,0,0,0,0,2608.7676883040854
2026-07-02T05:30:00Z,browser-e2e,rtc-reference-oracle,6,6,6,846120,0.23503333333333334,10.354753888888888,270,0,0,0,0,0,0,2607.4979946140684
2026-07-02T05:45:00Z,browser-e2e,rtc-reference-oracle,6,6,6,829101,0.23030583333333332,10.585059722222221,276,0,0,0,0,0,0,2607.448679959424
2026-07-02T06:00:00Z,browser-e2e,rtc-reference-oracle,6,6,6,833964,0.23165666666666668,10.816716388888887,282,0,0,0,0,0,0,2607.0758431798686
2026-07-02T06:15:00Z,browser-e2e,rtc-reference-oracle,4,4,4,486016,0.13500444444444445,10.951720833333331,286,0,0,0,0,0,0,2611.461745167141
2026-07-02T06:30:00Z,browser-e2e,rtc-reference-oracle,7,7,7,1003033,0.27862027777777776,11.230341111111109,293,0,0,0,0,0,0,2609.00356544033
2026-07-02T06:45:00Z,browser-e2e,rtc-reference-oracle,5,5,5,663315,0.18425416666666666,11.414595277777776,298,0,0,0,0,0,0,2610.6926504889225
2026-07-02T07:00:00Z,browser-e2e,rtc-reference-oracle,6,6,6,835677,0.2321325,11.646727777777777,304,0,0,0,0,0,0,2610.175199424159
2026-07-02T07:15:00Z,browser-e2e,rtc-reference-oracle,5,5,5,664232,0.1845088888888889,11.831236666666666,309,0,0,0,0,0,0,2611.7303601116932
2026-07-02T07:30:00Z,browser-e2e,rtc-reference-oracle,7,7,7,994922,0.2763672222222222,12.107603888888887,316,0,0,0,0,0,0,2609.93011416563
2026-07-02T07:45:00Z,browser-e2e,rtc-reference-oracle,5,5,5,664578,0.184605,12.292208888888887,321,0,0,0,0,0,0,2611.4102266042414
2026-07-02T08:00:00Z,browser-e2e,rtc-reference-oracle,6,6,6,829295,0.23035972222222223,12.522568611111108,327,0,0,0,0,0,0,2611.2853533088833
2026-07-02T08:15:00Z,browser-e2e,rtc-reference-oracle,5,5,5,663329,0.18425805555555555,12.706826666666664,332,0,0,0,0,0,0,2612.7687794067656
2026-07-02T08:30:00Z,browser-e2e,rtc-reference-oracle,6,6,6,824467,0.2290186111111111,12.935845277777776,338,0,0,0,0,0,0,2612.8945789158693
2026-07-02T08:45:00Z,browser-e2e,rtc-reference-oracle,7,7,7,783007,0.21750194444444446,13.153347222222221,345,0,0,0,0,0,0,2622.906505631752
2026-07-02T09:00:00Z,browser-e2e,rtc-reference-oracle,6,6,6,842155,0.23393194444444446,13.387279166666666,351,0,0,0,0,0,0,2621.891988881236
2026-07-02T09:15:00Z,browser-e2e,rtc-reference-oracle,5,5,5,725850,0.201625,13.588904166666666,356,0,0,0,0,0,0,2619.784462629897
2026-07-02T09:30:00Z,browser-e2e,rtc-reference-oracle,7,7,7,936048,0.2600133333333333,13.848917499999999,363,0,0,0,0,0,0,2621.1434937062772
2026-07-02T09:45:00Z,browser-e2e,rtc-reference-oracle,6,6,6,838907,0.23302972222222224,14.08194722222222,369,0,0,0,0,0,0,2620.376246103907
2026-07-02T10:00:00Z,browser-e2e,rtc-reference-oracle,5,5,5,663110,0.18419722222222223,14.266144444444443,374,0,0,0,0,0,0,2621.591288777705
2026-07-02T10:15:00Z,browser-e2e,rtc-reference-oracle,7,7,7,999059,0.2775163888888889,14.543660833333332,381,0,0,0,0,0,0,2619.698055160688
2026-07-02T10:30:00Z,browser-e2e,rtc-reference-oracle,5,5,5,662076,0.18391,14.727570833333331,386,0,0,0,0,0,0,2620.9346019667764
2026-07-02T10:45:00Z,browser-e2e,rtc-reference-oracle,6,6,6,835177,0.2319936111111111,14.959564444444442,392,0,0,0,0,0,0,2620.3971476293727
2026-07-02T11:00:00Z,browser-e2e,rtc-reference-oracle,6,6,6,832400,0.23122222222222222,15.190786666666664,398,0,0,0,0,0,0,2620.0091458945735
2026-07-02T11:15:00Z,browser-e2e,rtc-reference-oracle,6,6,6,833940,0.23165,15.422436666666664,404,0,0,0,0,0,0,2619.560117067537
2026-07-02T11:30:00Z,browser-e2e,rtc-reference-oracle,6,6,6,763713,0.2121425,15.634579166666665,410,0,0,0,0,0,0,2622.3922986947473
2026-07-02T11:45:00Z,browser-e2e,rtc-reference-oracle,6,6,6,826290,0.229525,15.864104166666666,416,0,0,0,0,0,0,2622.272241971852
2026-07-02T12:00:00Z,browser-e2e,rtc-reference-oracle,5,5,5,655579,0.18210527777777777,16.046209444444443,421,0,0,0,0,0,0,2623.6725966814524
2026-07-02T12:15:00Z,browser-e2e,rtc-reference-oracle,7,7,7,1008178,0.28004944444444446,16.326258888888887,428,0,0,0,0,0,0,2621.543630496284
2026-07-02T12:30:00Z,browser-e2e,rtc-reference-oracle,5,5,5,670563,0.1862675,16.512526388888887,433,0,0,0,0,0,0,2622.251676105489
2026-07-02T12:45:00Z,browser-e2e,rtc-reference-oracle,6,6,6,828535,0.23014861111111112,16.742675,439,0,0,0,0,0,0,2622.0421766533727
2026-07-02T13:00:00Z,browser-e2e,rtc-reference-oracle,7,7,7,932124,0.25892333333333334,17.00159833333333,446,0,0,0,0,0,0,2623.282771747245
2026-07-02T13:15:00Z,browser-e2e,rtc-reference-oracle,4,4,4,558241,0.15506694444444444,17.156665277777776,450,0,0,0,0,0,0,2622.8873310413296
2026-07-02T13:30:00Z,browser-e2e,rtc-reference-oracle,7,7,7,943018,0.26194944444444446,17.41861472222222,457,0,0,0,0,0,0,2623.629991752279
2026-07-02T13:45:00Z,browser-e2e,rtc-reference-oracle,4,4,4,548009,0.15222472222222222,17.57083944444444,461,0,0,0,0,0,0,2623.6652008436586
2026-07-02T14:00:00Z,browser-e2e,rtc-reference-oracle,7,7,7,933304,0.2592511111111111,17.830090555555554,468,0,0,0,0,0,0,2624.7763495187587
2026-07-02T14:15:00Z,browser-e2e,rtc-reference-oracle,6,6,6,833686,0.23157944444444445,18.06167,474,0,0,0,0,0,0,2624.3420458905516
2026-07-02T14:30:00Z,browser-e2e,rtc-reference-oracle,5,5,5,725561,0.20154472222222222,18.263214722222223,479,0,0,0,0,0,0,2622.758409652627
2026-07-02T14:45:00Z,browser-e2e,rtc-reference-oracle,6,6,6,835951,0.2322086111111111,18.495423333333335,485,0,0,0,0,0,0,2622.2703382296195
2026-07-02T15:00:00Z,browser-e2e,rtc-reference-oracle,5,5,5,660456,0.18346,18.678883333333335,490,0,0,0,0,0,0,2623.2831548638255
2026-07-02T15:15:00Z,browser-e2e,rtc-reference-oracle,7,7,7,937581,0.26043916666666667,18.939322500000003,497,0,0,0,0,0,0,2624.169898368856
2026-07-02T15:30:00Z,browser-e2e,rtc-reference-oracle,5,5,5,727960,0.20221111111111112,19.141533611111115,502,0,0,0,0,0,0,2622.5693834092963
2026-07-02T15:45:00Z,browser-e2e,rtc-reference-oracle,7,7,7,787187,0.21866305555555557,19.36019666666667,509,0,0,0,0,0,0,2629.10552389361
2026-07-02T16:00:00Z,browser-e2e,rtc-reference-oracle,7,7,7,1005217,0.27922694444444446,19.639423611111116,516,0,0,0,0,0,0,2627.3683495887835
2026-07-02T16:15:00Z,browser-e2e,rtc-reference-oracle,4,4,4,499919,0.1388663888888889,19.778290000000005,520,0,0,0,0,0,0,2629.1453912345296
2026-07-02T16:30:00Z,browser-e2e,rtc-reference-oracle,5,5,5,726658,0.20184944444444444,19.98013944444445,525,0,0,0,0,0,0,2627.6092890131363
2026-07-02T16:45:00Z,browser-e2e,rtc-reference-oracle,1,1,1,106773,0.029659166666666667,20.009798611111115,526,0,0,0,0,0,0,2628.712113613781
2026-07-02T17:00:00Z,browser-e2e,rtc-reference-oracle,5,5,5,659354,0.1831538888888889,20.192952500000004,531,0,0,0,0,0,0,2629.630312852961
2026-07-02T17:15:00Z,browser-e2e,rtc-reference-oracle,5,5,5,668884,0.1858011111111111,20.378753611111115,536,0,0,0,0,0,0,2630.1902963670777
2026-07-02T17:30:00Z,browser-e2e,rtc-reference-oracle,7,7,7,1009198,0.28033277777777776,20.659086388888895,543,0,0,0,0,0,0,2628.383413373219
2026-07-02T17:45:00Z,browser-e2e,rtc-reference-oracle,5,5,5,662723,0.18408972222222222,20.843176111111116,548,0,0,0,0,0,0,2629.1578456119805
2026-07-02T18:00:00Z,browser-e2e,rtc-reference-oracle,7,7,7,940975,0.26138194444444446,21.10455805555556,555,0,0,0,0,0,0,2629.763667824837
2026-07-02T18:15:00Z,browser-e2e,rtc-reference-oracle,2,2,2,282990,0.07860833333333334,21.183166388888893,557,0,0,0,0,0,0,2629.446371587586
2026-07-02T19:00:00Z,browser-e2e,rtc-reference-oracle,2,2,2,283622,0.07878388888888889,21.261950277777782,559,0,0,0,0,0,0,2629.1097133466938
2026-07-02T19:15:00Z,browser-e2e,rtc-reference-oracle,6,6,6,854479,0.2373552777777778,21.49930555555556,565,0,0,0,0,0,0,2627.9918602022026
2026-07-02T19:30:00Z,browser-e2e,rtc-reference-oracle,7,7,7,962876,0.26746555555555557,21.766771111111115,572,0,0,0,0,0,0,2627.85875351083
2026-07-02T20:15:00Z,browser-e2e,rtc-reference-oracle,5,5,5,559394,0.15538722222222223,21.92215833333334,577,0,0,0,0,0,0,2632.0401085811573
2026-07-02T20:30:00Z,browser-e2e,rtc-reference-oracle,6,6,6,874429,0.24289694444444446,22.165055277777785,583,0,0,0,0,0,0,2630.266393174771
2026-07-02T20:45:00Z,browser-e2e,rtc-reference-oracle,6,6,6,873487,0.24263527777777777,22.407690555555565,589,0,0,0,0,0,0,2628.561825859241
2026-07-02T21:00:00Z,browser-e2e,rtc-reference-oracle,6,6,6,860947,0.23915194444444443,22.64684250000001,595,0,0,0,0,0,0,2627.2978230850495
2026-07-02T21:15:00Z,browser-e2e,rtc-reference-oracle,6,6,6,850633,0.23628694444444445,22.883129444444453,601,0,0,0,0,0,0,2626.38902366525
2026-07-02T21:30:00Z,browser-e2e,rtc-reference-oracle,7,7,7,1030969,0.2863802777777778,23.16950972222223,608,0,0,0,0,0,0,2624.1383926085323
2026-07-02T21:45:00Z,browser-e2e,rtc-reference-oracle,6,6,6,851239,0.23645527777777778,23.40596500000001,614,0,0,0,0,0,0,2623.2629160985234
2026-07-02T22:00:00Z,browser-e2e,rtc-reference-oracle,6,6,6,871147,0.24198527777777779,23.647950277777788,620,0,0,0,0,0,0,2621.791710136587
2026-07-02T22:15:00Z,browser-e2e,rtc-reference-oracle,6,6,6,864200,0.24005555555555555,23.888005833333345,626,0,0,0,0,0,0,2620.561985657585
2026-07-02T22:30:00Z,browser-e2e,rtc-reference-oracle,2,2,2,288615,0.08017083333333333,23.96817666666668,628,0,0,0,0,0,0,2620.1409007193274
2026-07-03T00:00:00Z,browser-e2e,rtc-reference-oracle,4,4,4,515462,0.1431838888888889,24.111360555555567,632,0,0,0,0,0,0,2621.171039036945
2026-07-03T00:15:00Z,browser-e2e,rtc-reference-oracle,7,7,7,864063,0.2400175,24.351378055555568,639,0,0,0,0,0,0,2624.08147309847
2026-07-03T00:30:00Z,browser-e2e,rtc-reference-oracle,7,7,7,928039,0.2577886111111111,24.609166666666678,646,0,0,0,0,0,0,2625.038095560596
2026-07-03T00:45:00Z,browser-e2e,rtc-reference-oracle,7,7,7,877780,0.24382777777777778,24.852994444444455,653,0,0,0,0,0,0,2627.4499898179038
2026-07-03T01:00:00Z,browser-e2e,rtc-reference-oracle,7,7,7,919088,0.2553022222222222,25.10829666666668,660,0,0,0,0,0,0,2628.6131981075564
2026-07-03T01:15:00Z,browser-e2e,rtc-reference-oracle,9,9,9,879862,0.2444061111111111,25.35270277777779,669,0,0,0,0,0,0,2638.771912659322
2026-07-03T01:30:00Z,browser-e2e,rtc-reference-oracle,7,7,7,944624,0.26239555555555555,25.615098333333346,676,0,0,0,0,0,0,2639.068533733912
2026-07-03T01:45:00Z,browser-e2e,rtc-reference-oracle,6,6,6,792431,0.22011972222222223,25.83521805555557,682,0,0,0,0,0,0,2639.8074075993477
2026-07-03T02:00:00Z,browser-e2e,rtc-reference-oracle,4,4,4,418195,0.11616527777777778,25.951383333333347,686,0,0,0,0,0,0,2643.404365727452
2026-07-03T02:30:00Z,browser-e2e,rtc-reference-oracle,1,1,1,104250,0.028958333333333332,25.98034166666668,687,0,0,0,0,0,0,2644.307025728747
2026-07-03T02:45:00Z,browser-e2e,rtc-reference-oracle,1,1,1,112515,0.031254166666666666,26.011595833333345,688,0,0,0,0,0,0,2644.9742046135502
2026-07-03T03:00:00Z,browser-e2e,rtc-reference-oracle,4,4,4,556235,0.15450972222222223,26.166105555555568,692,0,0,0,0,0,0,2644.642698282913
2026-07-03T04:30:00Z,browser-e2e,rtc-reference-oracle,3,3,3,388986,0.10805166666666667,26.274157222222236,695,0,0,0,0,0,0,2645.184749873464
2026-07-03T06:30:00Z,browser-e2e,rtc-reference-oracle,1,1,1,112915,0.03136527777777778,26.305522500000013,696,0,0,0,0,0,0,2645.8322582263845
2026-07-03T07:15:00Z,browser-e2e,rtc-reference-oracle,2,2,2,282078,0.078355,26.38387750000001,698,0,0,0,0,0,0,2645.5550364043334
2026-07-03T09:15:00Z,browser-e2e,rtc-reference-oracle,5,5,5,606174,0.16838166666666668,26.552259166666676,703,0,0,0,0,0,0,2647.6089871950935
2026-07-03T17:00:00Z,browser-e2e,rtc-reference-oracle,2,2,2,223837,0.062176944444444444,26.61443611111112,705,0,0,0,0,0,0,2648.9383320267802
2026-07-03T17:15:00Z,browser-e2e,rtc-reference-oracle,1,1,1,108391,0.03010861111111111,26.644544722222232,706,0,0,0,0,0,0,2649.698117795865
2026-07-03T18:00:00Z,browser-e2e,rtc-reference-oracle,1,1,1,114859,0.031905277777777775,26.67645000000001,707,0,0,0,0,0,0,2650.277679376378
2026-07-03T18:15:00Z,browser-e2e,rtc-reference-oracle,2,2,2,218374,0.060659444444444446,26.737109444444453,709,0,0,0,0,0,0,2651.7451389919
2026-07-03T21:00:00Z,browser-e2e,rtc-reference-oracle,6,6,6,928548,0.25793,26.99503944444445,715,0,0,0,0,0,0,2648.6347666631996
2026-07-03T21:30:00Z,browser-e2e,rtc-reference-oracle,3,3,3,428906,0.11914055555555556,27.114180000000008,718,0,0,0,0,0,0,2648.0609039255464
2026-07-03T21:45:00Z,browser-e2e,rtc-reference-oracle,6,6,6,923161,0.2564336111111111,27.370613611111118,724,0,0,0,0,0,0,2645.172703421204
2026-07-03T22:00:00Z,browser-e2e,rtc-reference-oracle,6,6,6,920255,0.2556263888888889,27.626240000000006,730,0,0,0,0,0,0,2642.4153268776345
2026-07-03T22:15:00Z,browser-e2e,rtc-reference-oracle,5,5,5,637777,0.1771602777777778,27.803400277777783,735,0,0,0,0,0,0,2643.5615523884608
2026-07-03T22:30:00Z,browser-e2e,rtc-reference-oracle,4,4,4,501545,0.13931805555555554,27.94271833333334,739,0,0,0,0,0,0,2644.696164433059
2026-07-03T22:45:00Z,browser-e2e,rtc-reference-oracle,1,1,1,108996,0.030276666666666667,27.972995000000004,740,0,0,0,0,0,0,2645.408544919841
2026-07-03T23:00:00Z,browser-e2e,rtc-reference-oracle,2,2,2,215687,0.05991305555555555,28.03290805555556,742,0,0,0,0,0,0,2646.889143750288
2026-07-04T00:15:00Z,browser-e2e,rtc-reference-oracle,1,1,1,105418,0.02928277777777778,28.062190833333336,743,0,0,0,0,0,0,2647.6906397394905
2026-07-04T00:45:00Z,browser-e2e,rtc-reference-oracle,5,5,5,730608,0.20294666666666666,28.2651375,748,0,0,0,0,0,0,2646.369578071219
2026-07-04T01:00:00Z,browser-e2e,rtc-reference-oracle,6,6,6,929257,0.25812694444444445,28.523264444444447,754,0,0,0,0,0,0,2643.4561915891036
2026-07-04T01:15:00Z,browser-e2e,rtc-reference-oracle,3,3,3,493689,0.13713583333333335,28.66040027777778,757,0,0,0,0,0,0,2641.2750438344365
2026-07-04T01:45:00Z,browser-e2e,rtc-reference-oracle,4,4,4,605130,0.16809166666666667,28.828491944444444,761,0,0,0,0,0,0,2639.7495972613747
2026-07-04T02:00:00Z,browser-e2e,rtc-reference-oracle,6,6,6,939502,0.2609727777777778,29.08946472222222,767,0,0,0,0,0,0,2636.693412285679
2026-07-04T02:15:00Z,browser-e2e,rtc-reference-oracle,6,6,6,915074,0.25418722222222223,29.343651944444442,773,0,0,0,0,0,0,2634.3006026090425
2026-07-04T02:45:00Z,browser-e2e,rtc-reference-oracle,2,2,2,279509,0.07764138888888888,29.42129333333333,775,0,0,0,0,0,0,2634.146606743325
2026-07-04T03:00:00Z,browser-e2e,rtc-reference-oracle,4,4,4,493374,0.13704833333333333,29.558341666666664,779,0,0,0,0,0,0,2635.465848473119
2026-07-04T03:30:00Z,browser-e2e,rtc-reference-oracle,2,2,2,274721,0.07631138888888889,29.634653055555553,781,0,0,0,0,0,0,2635.428187857888
2026-07-04T04:00:00Z,browser-e2e,rtc-reference-oracle,1,1,1,116677,0.03241027777777778,29.66706333333333,782,0,0,0,0,0,0,2635.9198118586955
2026-07-04T04:30:00Z,browser-e2e,rtc-reference-oracle,3,3,3,306957,0.08526583333333333,29.752329166666666,785,0,0,0,0,0,0,2638.4488945473317
2026-07-04T04:45:00Z,browser-e2e,rtc-reference-oracle,2,2,2,283725,0.0788125,29.831141666666667,787,0,0,0,0,0,0,2638.182637439566
2026-07-04T05:15:00Z,browser-e2e,rtc-reference-oracle,5,5,5,744045,0.20667916666666666,30.037820833333335,792,0,0,0,0,0,0,2636.6759572688707
2026-07-04T05:30:00Z,browser-e2e,rtc-reference-oracle,6,6,6,945987,0.26277416666666664,30.300595,798,0,0,0,0,0,0,2633.6116502002683
2026-07-04T05:45:00Z,browser-e2e,rtc-reference-oracle,4,4,4,594393,0.16510916666666667,30.46570416666667,802,0,0,0,0,0,0,2632.468285034716
2026-07-04T06:00:00Z,browser-e2e,rtc-reference-oracle,4,4,4,585311,0.16258638888888888,30.62829055555556,806,0,0,0,0,0,0,2631.5539828709198
2026-07-04T06:15:00Z,browser-e2e,rtc-reference-oracle,1,1,1,116389,0.03233027777777778,30.660620833333336,807,0,0,0,0,0,0,2632.0406373593487
2026-07-04T06:30:00Z,browser-e2e,rtc-reference-oracle,6,6,6,861124,0.23920111111111111,30.899821944444447,813,0,0,0,0,0,0,2631.083122296668
2026-07-04T06:45:00Z,browser-e2e,rtc-reference-oracle,5,5,5,656853,0.18245916666666667,31.082281111111115,818,0,0,0,0,0,0,2631.724476964421
2026-07-04T07:00:00Z,browser-e2e,rtc-reference-oracle,1,1,1,106501,0.029583611111111113,31.111864722222226,819,0,0,0,0,0,0,2632.436233933012
2026-07-04T07:15:00Z,browser-e2e,rtc-reference-oracle,2,2,2,213971,0.059436388888888886,31.171301111111113,821,0,0,0,0,0,0,2633.8329512570517
2026-07-04T07:45:00Z,browser-e2e,rtc-reference-oracle,1,1,1,113316,0.03147666666666667,31.20277777777778,822,0,0,0,0,0,0,2634.3808421614885
2026-07-04T08:00:00Z,browser-e2e,rtc-reference-oracle,4,4,4,561584,0.15599555555555555,31.358773333333335,826,1,1,1,1,3.1889002460980613,3.1889002460980613,2634.031603276999
2026-07-04T08:15:00Z,browser-e2e,rtc-reference-oracle,4,4,4,498447,0.1384575,31.497230833333337,830,0,0,1,1,3.1748822786722757,3.1748822786722757,2635.1522912979885
2026-07-04T08:45:00Z,browser-e2e,rtc-reference-oracle,2,2,2,287113,0.07975361111111111,31.57698444444445,832,0,0,1,1,3.1668635165570307,3.1668635165570307,2634.8304457754493
2026-07-04T09:00:00Z,browser-e2e,rtc-reference-oracle,5,5,5,651195,0.1808875,31.75787194444445,837,0,0,1,1,3.14882559432618,3.14882559432618,2635.5670224510122
2026-07-04T09:15:00Z,browser-e2e,rtc-reference-oracle,1,1,1,69801,0.019389166666666666,31.777261111111116,838,0,0,1,1,3.146904311556114,3.146904311556114,2637.1058130840233
2026-07-04T09:30:00Z,browser-e2e,rtc-reference-oracle,4,4,4,568302,0.15786166666666668,31.93512277777778,842,0,0,1,1,3.131348537341009,3.131348537341009,2636.5954684411295
2026-07-04T09:45:00Z,browser-e2e,rtc-reference-oracle,2,2,2,214551,0.0595975,31.99472027777778,844,0,0,1,1,3.125515682956475,3.125515682956475,2637.935236415265
2026-07-04T10:00:00Z,browser-e2e,rtc-reference-oracle,3,3,3,394885,0.10969027777777778,32.10441055555556,847,0,0,1,1,3.1148368174196346,3.1148368174196346,2638.2667843544305
2026-07-04T10:15:00Z,browser-e2e,rtc-reference-oracle,1,1,1,106444,0.029567777777777776,32.13397833333334,848,0,0,1,1,3.1119707296331756,3.1119707296331756,2638.951178728933
2026-07-04T10:30:00Z,browser-e2e,rtc-reference-oracle,2,2,2,282028,0.07834111111111111,32.21231944444445,850,0,0,1,1,3.10440234434117,3.10440234434117,2638.7419926899947
2026-07-04T10:45:00Z,browser-e2e,rtc-reference-oracle,3,3,3,335547,0.0932075,32.305526944444445,853,0,0,1,1,3.0954455617445644,3.0954455617445644,2640.4150641681135
2026-07-04T11:00:00Z,browser-e2e,rtc-reference-oracle,5,5,5,603529,0.16764694444444445,32.47317388888889,858,0,0,1,1,3.0794649251767865,3.0794649251767865,2642.180905801683
2026-07-04T11:15:00Z,browser-e2e,rtc-reference-oracle,4,4,4,499658,0.13879388888888888,32.61196777777778,862,0,0,1,1,3.066358972307746,3.066358972307746,2643.201434129277
2026-07-04T11:30:00Z,browser-e2e,rtc-reference-oracle,1,1,1,107246,0.029790555555555556,32.641758333333335,863,0,0,1,1,3.063560454642583,3.063560454642583,2643.852672356549
2026-07-04T12:00:00Z,browser-e2e,rtc-reference-oracle,2,2,2,281953,0.07832027777777778,32.72007861111111,865,0,0,1,1,3.0562273761176697,3.0562273761176697,2643.636680341784
2026-07-04T12:30:00Z,browser-e2e,rtc-reference-oracle,4,4,4,499175,0.13865972222222223,32.858738333333335,869,0,0,1,1,3.043330482916188,3.043330482916188,2644.6541896541676
2026-07-04T12:45:00Z,browser-e2e,rtc-reference-oracle,1,1,1,109130,0.03031388888888889,32.889052222222226,870,0,0,1,1,3.040525440633791,3.040525440633791,2645.2571333513984
2026-07-04T13:45:00Z,browser-e2e,rtc-reference-oracle,2,2,2,287404,0.07983444444444444,32.96888666666667,872,0,0,1,1,3.0331627819602844,3.0331627819602844,2644.917945869368
2026-07-04T14:00:00Z,browser-e2e,rtc-reference-oracle,4,4,4,509932,0.1416477777777778,33.11053444444445,876,0,0,1,1,3.0201868280860324,3.0201868280860324,2645.6836614033646
2026-07-04T14:15:00Z,browser-e2e,rtc-reference-oracle,2,2,2,286552,0.07959777777777778,33.190132222222225,878,0,0,1,1,3.0129437065949887,3.0129437065949887,2645.3645743904003
2026-07-04T14:45:00Z,browser-e2e,rtc-reference-oracle,1,1,1,114575,0.03182638888888889,33.22195861111111,879,0,0,1,1,3.0100573289665986,3.0100573289665986,2645.84039216164
2026-07-04T15:00:00Z,browser-e2e,rtc-reference-oracle,6,6,6,893815,0.24828194444444446,33.470240555555556,885,0,0,1,1,2.987728750679729,2.987728750679729,2644.13994435156
2026-07-04T15:15:00Z,browser-e2e,rtc-reference-oracle,6,6,6,894610,0.24850277777777777,33.718743333333336,891,0,0,1,1,2.9657095761674785,2.9657095761674785,2642.4472323652235
2026-07-04T15:30:00Z,browser-e2e,rtc-reference-oracle,7,7,7,968906,0.26914055555555555,33.987883888888895,898,0,0,1,1,2.94222495071814,2.94222495071814,2642.11800574489
2026-07-04T16:00:00Z,browser-e2e,rtc-reference-oracle,2,2,2,290492,0.08069222222222222,34.06857611111112,900,0,0,1,1,2.935256221858536,2.935256221858536,2641.7305996726823
2026-07-04T16:15:00Z,browser-e2e,rtc-reference-oracle,6,6,6,849492,0.23597,34.30454611111112,906,0,0,1,1,2.9150655331833804,2.9150655331833804,2641.0493730641424
2026-07-04T16:30:00Z,browser-e2e,rtc-reference-oracle,2,2,2,280069,0.07779694444444445,34.382343055555566,908,0,0,1,1,2.908469612976007,2.908469612976007,2640.8904085822146
2026-07-04T16:45:00Z,browser-e2e,rtc-reference-oracle,2,2,2,289831,0.08050861111111111,34.46285166666668,910,0,0,1,1,2.90167514189554,2.90167514189554,2640.524379124942
2026-07-04T17:00:00Z,browser-e2e,rtc-reference-oracle,2,2,2,295204,0.08200111111111111,34.54485277777779,912,0,0,1,1,2.894787268114472,2.894787268114472,2640.0459885203986
2026-07-04T17:45:00Z,browser-e2e,rtc-reference-oracle,1,1,1,119885,0.03330138888888889,34.57815416666668,913,0,0,1,1,2.891999368098137,2.891999368098137,2640.395423073599
2026-07-04T18:00:00Z,browser-e2e,rtc-reference-oracle,2,2,2,307047,0.08529083333333333,34.66344500000001,915,0,0,1,1,2.884883484604602,2.884883484604602,2639.668388413211
2026-07-04T18:15:00Z,browser-e2e,rtc-reference-oracle,5,5,5,687888,0.19108,34.85452500000001,920,0,0,1,1,2.8690679330732514,2.8690679330732514,2639.5424984273914
2026-07-04T18:30:00Z,browser-e2e,rtc-reference-oracle,2,2,2,295287,0.08202416666666666,34.93654916666667,922,0,0,1,1,2.862331924167572,2.862331924167572,2639.0700340825015
2026-07-04T21:45:00Z,browser-e2e,rtc-reference-oracle,3,3,3,400778,0.11132722222222222,35.047876388888895,925,0,0,1,1,2.85323991931513,2.85323991931513,2639.2469253664954
2026-07-01T17:15:00Z,browser-e2e,session-lifecycle,1,1,0,31461,0.008739166666666666,0.008739166666666666,0,0,0,0,0,0,0,0
2026-07-01T17:30:00Z,browser-e2e,session-lifecycle,50,50,40,3117488,0.8659688888888889,0.8747080555555555,40,1,1,1,1,114.32385853184667,114.32385853184667,4572.954341273867
2026-07-01T17:45:00Z,browser-e2e,session-lifecycle,52,52,36,3218120,0.8939222222222222,1.7686302777777776,76,0,0,1,1,56.54092958628217,56.54092958628217,4297.110648557445
2026-07-01T18:00:00Z,browser-e2e,session-lifecycle,45,45,30,3002270,0.8339638888888888,2.6025941666666665,106,0,0,1,1,38.423201465973214,38.423201465973214,4072.859355393161
2026-07-01T18:15:00Z,browser-e2e,session-lifecycle,43,43,29,2888084,0.8022455555555555,3.404839722222222,135,0,0,1,1,29.36995810620226,29.36995810620226,3964.944344337305
2026-07-01T18:30:00Z,browser-e2e,session-lifecycle,54,54,34,3188379,0.8856608333333333,4.290500555555555,169,0,0,1,1,23.30730382274744,23.30730382274744,3938.9343460443174
2026-07-01T18:45:00Z,browser-e2e,session-lifecycle,50,50,31,3184962,0.8847116666666667,5.175212222222222,200,0,0,1,1,19.32287908321956,19.32287908321956,3864.5758166439123
2026-07-01T19:00:00Z,browser-e2e,session-lifecycle,39,39,25,2755196,0.7653322222222222,5.940544444444444,225,0,0,1,1,16.8334739240137,16.8334739240137,3787.5316329030825
2026-07-01T19:15:00Z,browser-e2e,session-lifecycle,44,44,23,2999239,0.8331219444444444,6.773666388888889,248,0,0,1,1,14.763053604770665,14.763053604770665,3661.237293983125
2026-07-01T19:30:00Z,browser-e2e,session-lifecycle,42,42,24,2693220,0.7481166666666667,7.521783055555555,272,0,0,1,1,13.294720049940878,13.294720049940878,3616.163853583919
2026-07-01T19:45:00Z,browser-e2e,session-lifecycle,51,51,30,3168872,0.8802422222222223,8.402025277777778,302,0,0,1,1,11.90189230500014,11.90189230500014,3594.3714761100423
2026-07-01T20:00:00Z,browser-e2e,session-lifecycle,59,59,46,3586100,0.9961388888888889,9.398164166666668,348,0,0,1,1,10.640375952856749,10.640375952856749,3702.850831594149
2026-07-01T20:15:00Z,browser-e2e,session-lifecycle,49,49,37,3161038,0.8780661111111111,10.27623027777778,385,0,0,1,1,9.731194932080177,9.731194932080177,3746.5100488508683
2026-07-01T20:30:00Z,browser-e2e,session-lifecycle,57,57,35,3233197,0.8981102777777777,11.174340555555558,420,0,0,1,1,8.949073952313267,8.949073952313267,3758.611059971572
2026-07-01T20:45:00Z,browser-e2e,session-lifecycle,49,49,32,3201628,0.8893411111111111,12.06368166666667,452,0,0,1,1,8.289343399727748,8.289343399727748,3746.783216676942
2026-07-01T21:00:00Z,browser-e2e,session-lifecycle,48,48,27,3092805,0.8591125,12.92279416666667,479,0,0,1,1,7.738264551016539,7.738264551016539,3706.628719936922
2026-07-01T21:15:00Z,browser-e2e,session-lifecycle,55,55,38,3542869,0.9841302777777777,13.906924444444448,517,0,0,1,1,7.190662493312682,7.190662493312682,3717.5725090426567
2026-07-01T21:30:00Z,browser-e2e,session-lifecycle,40,40,26,2635924,0.7322011111111111,14.639125555555559,543,0,0,1,1,6.831009107784442,6.831009107784442,3709.237945526952
2026-07-01T21:45:00Z,browser-e2e,session-lifecycle,56,56,41,3596967,0.9991575,15.63828305555556,584,0,0,1,1,6.394563881773109,6.394563881773109,3734.4253069554957
2026-07-01T22:00:00Z,browser-e2e,session-lifecycle,48,48,26,3101126,0.8614238888888889,16.499706944444448,610,0,0,1,1,6.0607137045952575,6.0607137045952575,3697.035359803107
2026-07-01T22:15:00Z,browser-e2e,session-lifecycle,51,51,33,2988866,0.8302405555555555,17.329947500000003,643,0,0,1,1,5.770357930974689,5.770357930974689,3710.340149616725
2026-07-01T22:30:00Z,browser-e2e,session-lifecycle,58,58,41,3563195,0.9897763888888889,18.31972388888889,684,0,0,1,1,5.458597553462641,5.458597553462641,3733.6807265684465
2026-07-01T22:45:00Z,browser-e2e,session-lifecycle,34,34,20,2453315,0.6814763888888888,19.00120027777778,704,0,0,1,1,5.262825428820498,5.262825428820498,3705.02910188963
2026-07-01T23:00:00Z,browser-e2e,session-lifecycle,57,57,37,3616624,1.0046177777777778,20.005818055555558,741,0,0,1,1,4.99854590911019,4.99854590911019,3703.9225186506505
2026-07-01T23:15:00Z,browser-e2e,session-lifecycle,46,46,33,2961390,0.8226083333333334,20.828426388888893,774,0,0,1,1,4.801130826347298,4.801130826347298,3716.075259592809
2026-07-01T23:30:00Z,browser-e2e,session-lifecycle,48,48,38,3259840,0.9055111111111112,21.733937500000003,812,0,0,1,1,4.601099087544537,4.601099087544537,3736.0924590861637
2026-07-01T23:45:00Z,browser-e2e,session-lifecycle,51,51,33,3342509,0.9284747222222223,22.662412222222226,845,0,0,1,1,4.412592932271454,4.412592932271454,3728.641027769378
2026-07-02T00:00:00Z,browser-e2e,session-lifecycle,51,51,38,3200772,0.8891033333333334,23.55151555555556,883,0,0,1,1,4.246011249853983,4.246011249853983,3749.227933621067
2026-07-02T00:15:00Z,browser-e2e,session-lifecycle,54,54,49,3450421,0.9584502777777778,24.50996583333334,932,0,0,1,1,4.079973047698046,4.079973047698046,3802.534880454579
2026-07-02T00:30:00Z,browser-e2e,session-lifecycle,46,46,34,3056801,0.8491113888888889,25.35907722222223,966,0,0,1,1,3.943361153235092,3.943361153235092,3809.2868740250988
2026-07-02T00:45:00Z,browser-e2e,session-lifecycle,59,59,41,3725295,1.0348041666666667,26.393881388888897,1007,0,0,1,1,3.788756891288345,3.788756891288345,3815.2781895273633
2026-07-02T01:00:00Z,browser-e2e,session-lifecycle,54,54,34,3197791,0.8882752777777778,27.282156666666673,1041,0,0,1,1,3.6653993751960217,3.6653993751960217,3815.6807495790586
2026-07-02T01:15:00Z,browser-e2e,session-lifecycle,57,57,40,3564066,0.9900183333333333,28.272175000000004,1081,0,0,1,1,3.53704658378777,3.53704658378777,3823.547357074579
2026-07-02T01:30:00Z,browser-e2e,session-lifecycle,47,47,31,2953709,0.8204747222222222,29.092649722222227,1112,0,0,1,1,3.4372943322386913,3.4372943322386913,3822.2712974494248
2026-07-02T01:45:00Z,browser-e2e,session-lifecycle,54,54,35,3383956,0.9399877777777778,30.032637500000003,1147,0,0,1,1,3.329710885365962,3.329710885365962,3819.1783855147582
2026-07-02T02:00:00Z,browser-e2e,session-lifecycle,47,47,33,3206476,0.8906877777777777,30.92332527777778,1180,0,0,1,1,3.2338048738847087,3.2338048738847087,3815.8897511839564
2026-07-02T02:15:00Z,browser-e2e,session-lifecycle,49,49,38,3222423,0.8951175,31.818442777777783,1218,0,0,1,1,3.142831366651315,3.142831366651315,3827.9686045813014
2026-07-02T02:30:00Z,browser-e2e,session-lifecycle,57,57,46,3542830,0.9841194444444444,32.80256222222223,1264,0,0,1,1,3.048542346251678,3.048542346251678,3853.3575256621207
2026-07-02T02:45:00Z,browser-e2e,session-lifecycle,53,53,33,3256854,0.9046816666666667,33.7072438888889,1297,0,0,1,1,2.9667213471868443,2.9667213471868443,3847.8375873013374
2026-07-02T03:00:00Z,browser-e2e,session-lifecycle,58,58,38,3564574,0.9901594444444445,34.69740333333334,1335,0,0,1,1,2.8820600504110723,2.8820600504110723,3847.5501672987816
2026-07-02T03:15:00Z,browser-e2e,session-lifecycle,49,49,36,3095445,0.8598458333333333,35.55724916666667,1371,0,0,1,1,2.812366039095778,2.812366039095778,3855.7538396003115
2026-07-02T03:30:00Z,browser-e2e,session-lifecycle,58,58,44,3504839,0.9735663888888889,36.53081555555556,1415,0,0,1,1,2.7374149325497914,2.7374149325497914,3873.4421295579546
2026-07-02T03:45:00Z,browser-e2e,session-lifecycle,56,56,33,3438403,0.9551119444444445,37.48592750000001,1448,0,0,1,1,2.667667753452278,2.667667753452278,3862.782906998899
2026-07-02T04:00:00Z,browser-e2e,session-lifecycle,38,38,23,2584122,0.7178116666666666,38.20373916666668,1471,0,0,1,1,2.617544831508311,2.617544831508311,3850.408447148726
2026-07-02T04:15:00Z,browser-e2e,session-lifecycle,52,52,36,3045512,0.8459755555555556,39.049714722222234,1507,0,0,1,1,2.560838170300191,2.560838170300191,3859.1831226423874
2026-07-02T04:30:00Z,browser-e2e,session-lifecycle,19,19,10,1314742,0.3652061111111111,39.41492083333335,1517,0,0,1,1,2.5371102589004724,2.5371102589004724,3848.796262752017
2026-07-02T04:45:00Z,browser-e2e,session-lifecycle,50,50,37,2754809,0.7652247222222223,40.18014555555557,1554,1,1,2,2,4.977582764688285,4.977582764688285,3867.5818081627976
2026-07-02T05:00:00Z,browser-e2e,session-lifecycle,56,56,38,3410870,0.9474638888888889,41.12760944444446,1592,1,1,3,3,7.294369987763151,7.294369987763151,3870.8790068396456
2026-07-02T05:15:00Z,browser-e2e,session-lifecycle,50,50,37,3175602,0.8821116666666666,42.009721111111126,1629,0,0,3,3,7.141204275232695,7.141204275232695,3877.6739214513536
2026-07-02T05:30:00Z,browser-e2e,session-lifecycle,57,57,39,3497876,0.9716322222222222,42.981353333333345,1668,0,0,3,3,6.979770917714238,6.979770917714238,3880.7526302491165
2026-07-02T05:45:00Z,browser-e2e,session-lifecycle,47,47,27,2895533,0.8043147222222222,43.78566805555557,1695,0,0,3,3,6.851556989363686,6.851556989363686,3871.129698990482
2026-07-02T06:00:00Z,browser-e2e,session-lifecycle,35,35,17,2769090,0.7691916666666667,44.55485972222223,1712,0,0,3,3,6.7332722372004605,6.7332722372004605,3842.4540233623966
2026-07-02T06:15:00Z,browser-e2e,session-lifecycle,33,33,23,2674573,0.7429369444444445,45.29779666666668,1735,0,0,3,3,6.622838682587871,6.622838682587871,3830.2083714299856
2026-07-02T06:30:00Z,browser-e2e,session-lifecycle,55,55,41,3596159,0.9989330555555556,46.29672972222223,1776,0,0,3,3,6.479939334807947,6.479939334807947,3836.124086206304
2026-07-02T06:45:00Z,browser-e2e,session-lifecycle,48,48,25,2879951,0.7999863888888888,47.09671611111112,1801,0,0,3,3,6.369870869387932,6.369870869387932,3824.045811922555
2026-07-02T07:00:00Z,browser-e2e,session-lifecycle,61,61,42,3648925,1.0135902777777779,48.1103063888889,1843,0,0,3,3,6.235670119724807,6.235670119724807,3830.7800102176066
2026-07-02T07:15:00Z,browser-e2e,session-lifecycle,49,49,32,3043852,0.8455144444444445,48.95582083333335,1875,0,0,3,3,6.127974056881385,6.127974056881385,3829.983785550866
2026-07-02T07:30:00Z,browser-e2e,session-lifecycle,59,59,37,3573780,0.9927166666666667,49.948537500000015,1912,0,0,3,3,6.006181862682164,6.006181862682164,3827.939907149432
2026-07-02T07:45:00Z,browser-e2e,session-lifecycle,53,53,32,3059049,0.8497358333333334,50.79827333333335,1944,0,0,3,3,5.905712543247859,5.905712543247859,3826.901728024613
2026-07-02T08:00:00Z,browser-e2e,session-lifecycle,57,57,44,3657823,1.0160619444444445,51.81433527777779,1988,0,0,3,3,5.789903477323281,5.789903477323281,3836.776037639561
2026-07-02T08:15:00Z,browser-e2e,session-lifecycle,40,40,29,2810484,0.78069,52.59502527777779,2017,0,0,3,3,5.703961513766106,5.703961513766106,3834.9634577554116
2026-07-02T08:30:00Z,browser-e2e,session-lifecycle,58,58,42,3718645,1.0329569444444444,53.627982222222236,2059,0,0,3,3,5.594094492626402,5.594094492626402,3839.4135201059203
2026-07-02T08:45:00Z,browser-e2e,session-lifecycle,42,42,28,2886475,0.8017986111111111,54.429780833333346,2087,0,0,3,3,5.511688553709497,5.511688553709497,3834.298003863907
2026-07-02T09:00:00Z,browser-e2e,session-lifecycle,41,41,26,2963393,0.8231647222222223,55.25294555555557,2113,0,0,3,3,5.429574785263835,5.429574785263835,3824.2305070874945
2026-07-02T09:15:00Z,browser-e2e,session-lifecycle,52,52,36,3133964,0.8705455555555556,56.12349111111113,2149,0,0,3,3,5.345355288146126,5.345355288146126,3829.0561714086753
2026-07-02T09:30:00Z,browser-e2e,session-lifecycle,48,48,31,3069770,0.8527138888888889,56.976205000000014,2180,0,0,3,3,5.265355949909264,5.265355949909264,3826.1586569340648
2026-07-02T09:45:00Z,browser-e2e,session-lifecycle,54,54,35,3499799,0.9721663888888888,57.9483713888889,2215,0,0,3,3,5.177022111401778,5.177022111401778,3822.3679922516462
2026-07-02T10:00:00Z,browser-e2e,session-lifecycle,49,49,32,2964511,0.8234752777777777,58.771846666666676,2247,0,0,3,3,5.104484834405406,5.104484834405406,3823.2591409696497
2026-07-02T10:15:00Z,browser-e2e,session-lifecycle,58,58,36,3443310,0.956475,59.72832166666667,2283,0,0,3,3,5.022742840059153,5.022742840059153,3822.3073012850155
2026-07-02T10:30:00Z,browser-e2e,session-lifecycle,51,51,34,3307903,0.9188619444444445,60.64718361111112,2317,0,0,3,3,4.946643556009042,4.946643556009042,3820.4577064243167
2026-07-02T10:45:00Z,browser-e2e,session-lifecycle,58,58,40,3494953,0.9708202777777778,61.61800388888889,2357,0,0,3,3,4.8687068886711655,4.8687068886711655,3825.180712199312
2026-07-02T11:00:00Z,browser-e2e,session-lifecycle,43,43,31,2929571,0.8137697222222222,62.43177361111111,2388,0,0,3,3,4.80524551278499,4.80524551278499,3824.975428176852
2026-07-02T11:15:00Z,browser-e2e,session-lifecycle,63,63,44,3737896,1.0383044444444445,63.470078055555554,2432,0,0,3,3,4.726636695442679,4.726636695442679,3831.726814438865
2026-07-02T11:30:00Z,browser-e2e,session-lifecycle,38,38,25,2932288,0.8145244444444445,64.2846025,2457,0,0,3,3,4.666747375469887,4.666747375469887,3822.0661005098377
2026-07-02T11:45:00Z,browser-e2e,session-lifecycle,35,35,16,2620381,0.7278836111111111,65.01248611111112,2473,0,0,3,3,4.614498197888909,4.614498197888909,3803.8846811264243
2026-07-02T12:00:00Z,browser-e2e,session-lifecycle,35,35,22,2611529,0.7254247222222222,65.73791083333334,2495,0,0,3,3,4.563576727599331,4.563576727599331,3795.3746451201105
2026-07-02T12:15:00Z,browser-e2e,session-lifecycle,55,55,37,3479018,0.9663938888888889,66.70430472222223,2532,0,0,3,3,4.497460864771691,4.497460864771691,3795.8569698673073
2026-07-02T12:30:00Z,browser-e2e,session-lifecycle,54,54,36,3396967,0.9436019444444445,67.64790666666667,2568,0,0,3,3,4.434727026783583,4.434727026783583,3796.126334926747
2026-07-02T12:45:00Z,browser-e2e,session-lifecycle,35,35,17,2583900,0.71775,68.36565666666667,2585,0,0,3,3,4.388168191855784,4.388168191855784,3781.138258649067
2026-07-02T13:00:00Z,browser-e2e,session-lifecycle,35,35,21,2611661,0.7254613888888889,69.09111805555555,2606,0,0,3,3,4.3420921305510305,4.3420921305510305,3771.8306974053285
2026-07-02T13:15:00Z,browser-e2e,session-lifecycle,49,49,27,3001351,0.8337086111111112,69.92482666666666,2633,0,0,3,3,4.290321682599333,4.290321682599333,3765.472330094681
2026-07-02T13:30:00Z,browser-e2e,session-lifecycle,42,42,29,2726316,0.75731,70.68213666666666,2662,0,0,3,3,4.244353865740996,4.244353865740996,3766.1566635341765
2026-07-02T13:45:00Z,browser-e2e,session-lifecycle,32,32,23,2375217,0.6597825,71.34191916666667,2685,0,0,3,3,4.205101341599036,4.205101341599036,3763.5657007311374
2026-07-02T14:00:00Z,browser-e2e,session-lifecycle,60,60,41,3301268,0.9170188888888889,72.25893805555556,2726,0,0,3,3,4.151735523283611,4.151735523283611,3772.543678823708
2026-07-02T14:15:00Z,browser-e2e,session-lifecycle,55,55,42,3622475,1.0062430555555555,73.26518111111112,2768,0,0,3,3,4.094714507632646,4.094714507632646,3778.0565857090546
2026-07-02T14:30:00Z,browser-e2e,session-lifecycle,38,38,21,2587484,0.7187455555555555,73.98392666666668,2789,0,0,3,3,4.054934815120653,4.054934815120653,3769.737733123834
2026-07-02T14:45:00Z,browser-e2e,session-lifecycle,34,34,18,2706038,0.7516772222222222,74.7356038888889,2807,0,0,3,3,4.014151012227274,4.014151012227274,3755.9072971073197
2026-07-02T15:00:00Z,browser-e2e,session-lifecycle,26,26,13,2040796,0.5668877777777778,75.30249166666668,2820,0,0,3,3,3.9839319172594876,3.9839319172594876,3744.8960022239185
2026-07-02T15:15:00Z,browser-e2e,session-lifecycle,36,36,25,2551939,0.7088719444444445,76.01136361111112,2845,0,0,3,3,3.9467782940305898,3.9467782940305898,3742.8614155056757
2026-07-02T15:30:00Z,browser-e2e,session-lifecycle,41,41,20,2521430,0.7003972222222222,76.71176083333334,2865,0,0,3,3,3.910743238599235,3.910743238599235,3734.7597928622695
2026-07-02T15:45:00Z,browser-e2e,session-lifecycle,36,36,23,2511552,0.6976533333333333,77.40941416666668,2888,0,0,3,3,3.875497615239455,3.875497615239455,3730.812370937182
2026-07-02T16:00:00Z,browser-e2e,session-lifecycle,61,61,40,3681101,1.0225280555555556,78.43194222222223,2928,0,0,3,3,3.8249722179517898,3.8249722179517898,3733.172884720947
2026-07-02T16:15:00Z,browser-e2e,session-lifecycle,35,35,23,2715504,0.7543066666666667,79.1862488888889,2951,0,0,3,3,3.788536573072788,3.788536573072788,3726.6571423792657
2026-07-02T16:30:00Z,browser-e2e,session-lifecycle,44,44,30,2649456,0.73596,79.9222088888889,2981,0,0,3,3,3.7536500075601285,3.7536500075601285,3729.876890845581
2026-07-02T16:45:00Z,browser-e2e,session-lifecycle,15,15,10,871535,0.24209305555555555,80.16430194444446,2991,0,0,3,3,3.7423141313936257,3.7423141313936257,3731.0871889994446
2026-07-02T17:00:00Z,browser-e2e,session-lifecycle,42,42,30,2420991,0.6724975,80.83679944444447,3021,0,0,3,3,3.711181071761465,3.711181071761465,3737.159339263795
2026-07-02T17:15:00Z,browser-e2e,session-lifecycle,51,51,30,3183807,0.8843908333333333,81.7211902777778,3051,0,0,3,3,3.671018483459095,3.671018483459095,3733.4257976779
2026-07-02T17:30:00Z,browser-e2e,session-lifecycle,62,62,39,3618783,1.0052175,82.7264077777778,3090,0,0,3,3,3.626411542078186,3.626411542078186,3735.2038883405316
2026-07-02T17:45:00Z,browser-e2e,session-lifecycle,46,46,32,3043629,0.8454525,83.57186027777779,3122,0,0,3,3,3.589725046239896,3.589725046239896,3735.7071981203185
2026-07-02T18:00:00Z,browser-e2e,session-lifecycle,61,61,38,3525453,0.9792925,84.55115277777779,3160,0,0,3,3,3.5481479571127466,3.5481479571127466,3737.382514825427
2026-07-02T18:15:00Z,browser-e2e,session-lifecycle,23,23,16,1283405,0.3565013888888889,84.90765416666667,3176,0,0,3,3,3.5332503641088104,3.5332503641088104,3740.534385469861
2026-07-02T19:00:00Z,browser-e2e,session-lifecycle,17,17,17,1196929,0.3324802777777778,85.24013444444445,3193,1,1,4,4,4.692625165445995,4.692625165445995,3745.8880383172655
2026-07-02T19:15:00Z,browser-e2e,session-lifecycle,18,18,6,1916022,0.5322283333333333,85.77236277777779,3199,0,0,4,4,4.6635068342040995,4.6635068342040995,3729.639590654728
2026-07-02T19:30:00Z,browser-e2e,session-lifecycle,18,18,13,1710087,0.4750241666666667,86.24738694444446,3212,0,0,4,4,4.637821668239719,4.637821668239719,3724.170799596495
2026-07-02T19:45:00Z,browser-e2e,session-lifecycle,12,12,10,907669,0.2521302777777778,86.49951722222224,3222,1,1,5,5,5.780379082526799,5.780379082526799,3724.876280780269
2026-07-02T20:00:00Z,browser-e2e,session-lifecycle,12,12,6,1229623,0.34156194444444443,86.84107916666669,3228,1,1,6,6,6.909172545500858,6.909172545500858,3717.1348294794616
2026-07-02T20:15:00Z,browser-e2e,session-lifecycle,28,28,23,1885544,0.5237622222222222,87.3648413888889,3251,2,2,8,8,9.157001687199816,9.157001687199816,3721.176560635825
2026-07-02T20:30:00Z,browser-e2e,session-lifecycle,47,47,37,3351000,0.9308333333333333,88.29567472222224,3288,0,0,8,8,9.060466466979227,9.060466466979227,3723.851717928462
2026-07-02T20:45:00Z,browser-e2e,session-lifecycle,46,46,39,3241184,0.9003288888888888,89.19600361111114,3327,0,0,8,8,8.969011700209673,8.969011700209673,3729.9877408246975
2026-07-02T21:00:00Z,browser-e2e,session-lifecycle,51,51,42,3346683,0.9296341666666667,90.12563777777781,3369,0,0,8,8,8.876497517527195,8.876497517527195,3738.1150170686406
2026-07-02T21:15:00Z,browser-e2e,session-lifecycle,49,49,37,3395766,0.9432683333333334,91.06890611111115,3406,0,0,8,8,8.784557036667794,8.784557036667794,3740.025158361313
2026-07-02T21:30:00Z,browser-e2e,session-lifecycle,55,55,43,3399117,0.9441991666666667,92.01310527777781,3449,0,0,8,8,8.694413666236834,8.694413666236834,3748.3790918563554
2026-07-02T21:45:00Z,browser-e2e,session-lifecycle,50,50,38,3246313,0.9017536111111111,92.91485888888892,3487,0,0,8,8,8.610032986830127,8.610032986830127,3752.8981281345814
2026-07-02T22:00:00Z,browser-e2e,session-lifecycle,55,55,38,3574283,0.9928563888888889,93.90771527777781,3525,0,0,8,8,8.51900184807617,8.51900184807617,3753.6851893085627
2026-07-02T22:15:00Z,browser-e2e,session-lifecycle,53,53,37,3328835,0.9246763888888889,94.8323916666667,3562,0,0,8,8,8.435936138908934,8.435936138908934,3756.1005658492027
2026-07-02T22:30:00Z,browser-e2e,session-lifecycle,15,15,13,1416496,0.3934711111111111,95.2258627777778,3575,0,0,8,8,8.401079041592999,8.401079041592999,3754.2321967118714
2026-07-02T22:45:00Z,browser-e2e,session-lifecycle,18,18,15,1101753,0.3060425,95.53190527777781,3590,0,0,8,8,8.374165653598581,8.374165653598581,3757.9068370523637
2026-07-02T23:00:00Z,browser-e2e,session-lifecycle,13,13,12,538116,0.14947666666666667,95.68138194444448,3602,0,0,8,8,8.361083250914,8.361083250914,3764.577733724029
2026-07-02T23:15:00Z,browser-e2e,session-lifecycle,6,6,4,368731,0.10242527777777778,95.78380722222226,3606,0,0,8,8,8.352142425743926,8.352142425743926,3764.7281984040746
2026-07-02T23:30:00Z,browser-e2e,session-lifecycle,31,31,28,2130403,0.5917786111111111,96.37558583333337,3634,2,2,10,10,10.376071816874296,10.376071816874296,3770.664498252119
2026-07-02T23:45:00Z,browser-e2e,session-lifecycle,17,17,13,1316066,0.36557388888888886,96.74115972222226,3647,1,1,11,11,11.370547997961623,11.370547997961623,3769.8535044150944
2026-07-03T00:00:00Z,browser-e2e,session-lifecycle,43,43,32,2722776,0.7563266666666667,97.49748638888893,3679,0,0,11,11,11.282342147903403,11.282342147903403,3773.430614739693
2026-07-03T00:15:00Z,browser-e2e,session-lifecycle,50,50,40,3088890,0.858025,98.35551138888893,3719,0,0,11,11,11.183918262096142,11.183918262096142,3781.181092430505
2026-07-03T00:30:00Z,browser-e2e,session-lifecycle,35,35,27,2786830,0.7741194444444445,99.12963083333337,3746,0,0,11,11,11.096581221506108,11.096581221506108,3778.890295978353
2026-07-03T00:45:00Z,browser-e2e,session-lifecycle,62,62,53,3473268,0.9647966666666666,100.09442750000004,3799,0,0,11,11,10.98962277395512,10.98962277395512,3795.4160834777726
2026-07-03T01:00:00Z,browser-e2e,session-lifecycle,34,34,17,2737734,0.7604816666666666,100.8549091666667,3816,0,0,11,11,10.906757133479807,10.906757133479807,3783.6532019417223
2026-07-03T01:15:00Z,browser-e2e,session-lifecycle,68,68,34,3279434,0.9109538888888888,101.76586305555558,3850,0,0,11,11,10.809125643630544,10.809125643630544,3783.1939752706903
2026-07-03T01:30:00Z,browser-e2e,session-lifecycle,79,79,13,3344391,0.9289975,102.69486055555558,3863,0,0,11,11,10.711344209917156,10.711344209917156,3761.6293348099975
2026-07-03T01:45:00Z,browser-e2e,session-lifecycle,77,77,9,3258968,0.9052688888888889,103.60012944444446,3872,0,0,11,11,10.6177473512702,10.6177473512702,3737.44706764711
2026-07-03T02:00:00Z,browser-e2e,session-lifecycle,32,32,8,1611643,0.4476786111111111,104.04780805555558,3880,0,0,11,11,10.572063175157547,10.572063175157547,3729.0550108737534
2026-07-03T02:15:00Z,browser-e2e,session-lifecycle,57,57,10,2775478,0.7709661111111111,104.81877416666669,3890,0,0,11,11,10.494303227119879,10.494303227119879,3711.1672321360297
2026-07-03T02:30:00Z,browser-e2e,session-lifecycle,34,34,6,1056384,0.29344,105.11221416666669,3896,0,0,11,11,10.465006457345023,10.465006457345023,3706.5150143469286
2026-07-03T02:45:00Z,browser-e2e,session-lifecycle,13,13,6,1099648,0.3054577777777778,105.41767194444446,3902,2,2,13,13,12.331898210435773,12.331898210435773,3701.4666782400295
2026-07-03T03:00:00Z,browser-e2e,session-lifecycle,6,6,0,196111,0.054475277777777775,105.47214722222225,3902,0,0,13,13,12.32552891201687,12.32552891201687,3699.5549088222942
2026-07-03T03:15:00Z,browser-e2e,session-lifecycle,5,5,0,162067,0.04501861111111111,105.51716583333337,3902,0,0,13,13,12.320270258712009,12.320270258712009,3697.9765038072505
2026-07-03T03:30:00Z,browser-e2e,session-lifecycle,26,26,8,1603285,0.44535694444444446,105.9625227777778,3910,2,2,15,15,14.155948354927014,14.155948354927014,3689.9838711843086
2026-07-03T03:45:00Z,browser-e2e,session-lifecycle,1,1,0,79984,0.022217777777777777,105.98474055555559,3910,0,0,15,15,14.152980817212294,14.152980817212294,3689.2103330200043
2026-07-03T04:00:00Z,browser-e2e,session-lifecycle,3,3,0,297753,0.08270916666666667,106.06744972222225,3910,0,0,15,15,14.141944620411989,14.141944620411989,3686.3335643873916
2026-07-03T04:15:00Z,browser-e2e,session-lifecycle,6,6,0,370608,0.10294666666666667,106.17039638888892,3910,0,0,15,15,14.128232078042613,14.128232078042613,3682.759161676441
2026-07-03T04:30:00Z,browser-e2e,session-lifecycle,6,6,4,449276,0.12479888888888889,106.29519527777781,3914,1,1,16,16,15.052420721545989,15.052420721545989,3682.1984190081876
2026-07-03T05:30:00Z,browser-e2e,session-lifecycle,2,2,0,43687,0.012135277777777778,106.30733055555558,3914,0,0,16,16,15.050702445809694,15.050702445809694,3681.7780858061965
2026-07-03T06:00:00Z,browser-e2e,session-lifecycle,4,4,0,99441,0.0276225,106.33495305555559,3914,0,0,16,16,15.046792743342507,15.046792743342507,3680.821674840161
2026-07-03T06:15:00Z,browser-e2e,session-lifecycle,7,7,3,244783,0.06799527777777778,106.40294833333337,3917,0,0,16,16,15.03717730628673,15.03717730628673,3681.28896929532
2026-07-03T06:30:00Z,browser-e2e,session-lifecycle,12,12,5,916389,0.2545525,106.65750083333337,3922,0,0,16,16,15.001289056080681,15.001289056080681,3677.190979871777
2026-07-03T06:45:00Z,browser-e2e,session-lifecycle,15,15,4,791778,0.21993833333333335,106.8774391666667,3926,1,1,17,17,15.906069730478738,15.906069730478738,3673.3664565799722
2026-07-03T07:00:00Z,browser-e2e,session-lifecycle,5,5,1,433555,0.12043194444444444,106.99787111111115,3927,0,0,17,17,15.888166580759794,15.888166580759794,3670.1664801555125
2026-07-03T07:15:00Z,browser-e2e,session-lifecycle,4,4,2,144065,0.04001805555555556,107.0378891666667,3929,0,0,17,17,15.882226501617215,15.882226501617215,3670.662819109061
2026-07-03T07:30:00Z,browser-e2e,session-lifecycle,2,2,1,233602,0.06488944444444444,107.10277861111115,3930,0,0,17,17,15.872604072884783,15.872604072884783,3669.3725886139528
2026-07-03T07:45:00Z,browser-e2e,session-lifecycle,4,4,3,168276,0.04674333333333333,107.14952194444449,3933,0,0,17,17,15.865679744996212,15.865679744996212,3670.5716727688296
2026-07-03T08:00:00Z,browser-e2e,session-lifecycle,5,5,4,413484,0.11485666666666666,107.26437861111116,3937,1,1,18,18,16.780967020989614,16.780967020989614,3670.3703978686726
2026-07-03T09:00:00Z,browser-e2e,session-lifecycle,13,13,9,1136751,0.3157641666666667,107.58014277777782,3946,1,1,19,19,17.661251890367183,17.661251890367183,3667.9631557573107
2026-07-03T09:15:00Z,browser-e2e,session-lifecycle,5,5,3,446147,0.12392972222222222,107.70407250000005,3949,0,0,19,19,17.640929965763355,17.640929965763355,3666.528022884184
2026-07-03T09:30:00Z,browser-e2e,session-lifecycle,19,19,1,996016,0.2766711111111111,107.98074361111117,3950,0,0,19,19,17.595729909425174,17.595729909425174,3658.0596390647074
2026-07-03T09:45:00Z,browser-e2e,session-lifecycle,8,8,3,525748,0.14604111111111112,108.12678472222228,3953,0,0,19,19,17.57196429063437,17.57196429063437,3655.893412677772
2026-07-03T10:00:00Z,browser-e2e,session-lifecycle,5,5,0,135712,0.037697777777777774,108.16448250000006,3953,0,0,19,19,17.56584006214793,17.56584006214793,3654.6192508247777
2026-07-03T10:15:00Z,browser-e2e,session-lifecycle,7,7,0,357601,0.09933361111111111,108.26381611111117,3953,0,0,19,19,17.549723150808113,17.549723150808113,3651.2660850076036
2026-07-03T10:30:00Z,browser-e2e,session-lifecycle,4,4,1,285830,0.07939722222222222,108.3432133333334,3954,0,0,19,19,17.53686217663102,17.53686217663102,3649.513318231529
2026-07-03T10:45:00Z,browser-e2e,session-lifecycle,6,6,5,326900,0.09080555555555556,108.43401888888896,3959,0,0,19,19,17.522176337915752,17.522176337915752,3651.068216937288
2026-07-03T11:00:00Z,browser-e2e,session-lifecycle,4,4,0,192887,0.05357972222222222,108.48759861111118,3959,0,0,19,19,17.51352250694398,17.51352250694398,3649.2650318416427
2026-07-03T11:15:00Z,browser-e2e,session-lifecycle,4,4,0,387841,0.10773361111111111,108.5953322222223,3959,0,0,19,19,17.496147957003952,17.496147957003952,3645.6447243041393
2026-07-03T11:30:00Z,browser-e2e,session-lifecycle,3,3,1,267735,0.07437083333333333,108.66970305555563,3960,0,0,19,19,17.484174029891808,17.484174029891808,3644.069955703766
2026-07-03T11:45:00Z,browser-e2e,session-lifecycle,11,11,0,546923,0.15192305555555555,108.82162611111119,3960,0,0,19,19,17.459764827076054,17.459764827076054,3638.982563959009
2026-07-03T12:00:00Z,browser-e2e,session-lifecycle,12,12,0,372122,0.10336722222222222,108.9249933333334,3960,0,0,19,19,17.44319592644454,17.44319592644454,3635.529256248441
2026-07-03T12:15:00Z,browser-e2e,session-lifecycle,13,13,1,528137,0.14670472222222222,109.07169805555563,3961,0,0,19,19,17.419734302038975,17.419734302038975,3631.556187914546
2026-07-03T12:30:00Z,browser-e2e,session-lifecycle,8,8,1,465500,0.12930555555555556,109.20100361111119,3962,0,0,19,19,17.39910749141389,17.39910749141389,3628.17178320957
2026-07-03T12:45:00Z,browser-e2e,session-lifecycle,45,45,8,1796046,0.4989016666666667,109.69990527777786,3970,0,0,19,19,17.319978492131725,17.319978492131725,3618.9639270401553
2026-07-03T13:00:00Z,browser-e2e,session-lifecycle,62,62,17,3254185,0.9039402777777777,110.60384555555564,3987,1,1,20,20,18.082553910798808,18.082553910798808,3604.7571221177427
2026-07-03T13:15:00Z,browser-e2e,session-lifecycle,35,35,10,2130937,0.5919269444444445,111.19577250000007,3997,0,0,20,20,17.986295297332447,17.986295297332447,3594.5611151718895
2026-07-03T13:30:00Z,browser-e2e,session-lifecycle,43,43,6,2010705,0.5585291666666666,111.75430166666675,4003,0,0,20,20,17.896402824523623,17.896402824523623,3581.9650253284035
2026-07-03T13:45:00Z,browser-e2e,session-lifecycle,34,34,1,1518224,0.4217288888888889,112.17603055555564,4004,0,0,20,20,17.829120803213765,17.829120803213765,3569.3899848033957
2026-07-03T14:00:00Z,browser-e2e,session-lifecycle,51,51,1,2142430,0.5951194444444444,112.77115000000009,4005,0,0,20,20,17.735032408554833,17.735032408554833,3551.4402398131056
2026-07-03T14:15:00Z,browser-e2e,session-lifecycle,40,40,1,1789707,0.4971408333333333,113.26829083333342,4006,0,0,20,20,17.657192364126548,17.657192364126548,3536.7356305345475
2026-07-03T14:30:00Z,browser-e2e,session-lifecycle,52,52,5,2095311,0.5820308333333334,113.85032166666676,4011,0,0,20,20,17.566924455915373,17.566924455915373,3523.0466996338278
2026-07-03T14:45:00Z,browser-e2e,session-lifecycle,44,44,1,1843167,0.5119908333333333,114.36231250000009,4012,0,0,20,20,17.48827875441919,17.48827875441919,3508.14871813649
2026-07-03T15:00:00Z,browser-e2e,session-lifecycle,52,52,4,2132187,0.5922741666666667,114.95458666666676,4016,0,0,20,20,17.398174861864277,17.398174861864277,3493.553512262347
2026-07-03T15:15:00Z,browser-e2e,session-lifecycle,62,62,1,2327625,0.6465625,115.60114916666676,4017,0,0,20,20,17.30086607630968,17.30086607630968,3474.878951426799
2026-07-03T15:30:00Z,browser-e2e,session-lifecycle,54,54,2,2204873,0.6124647222222223,116.21361388888899,4019,0,0,20,20,17.209687686953664,17.209687686953664,3458.2867406933387
2026-07-03T15:45:00Z,browser-e2e,session-lifecycle,57,57,1,2199156,0.6108766666666666,116.82449055555566,4020,0,0,20,20,17.119698022983492,17.119698022983492,3441.059302619682
2026-07-03T16:00:00Z,browser-e2e,session-lifecycle,59,59,5,2275895,0.6321930555555556,117.45668361111122,4025,0,0,20,20,17.027553805467765,17.027553805467765,3426.7952033503875
2026-07-03T16:15:00Z,browser-e2e,session-lifecycle,53,53,5,2166560,0.6018222222222223,118.05850583333344,4030,0,0,20,20,16.94075311120282,16.94075311120282,3413.5617519073685
2026-07-03T16:30:00Z,browser-e2e,session-lifecycle,46,46,4,2153772,0.59827,118.65677583333344,4034,0,0,20,20,16.855337471913288,16.855337471913288,3399.72156808491
2026-07-03T16:45:00Z,browser-e2e,session-lifecycle,61,61,0,2407243,0.6686786111111112,119.32545444444455,4034,0,0,20,20,16.760883160358368,16.760883160358368,3380.6701334442823
2026-07-03T17:00:00Z,browser-e2e,session-lifecycle,50,50,6,2226001,0.6183336111111111,119.94378805555566,4040,0,0,20,20,16.674477540042663,16.674477540042663,3368.2444630886175
2026-07-03T17:15:00Z,browser-e2e,session-lifecycle,62,62,2,2600029,0.7222302777777778,120.66601833333344,4042,0,0,20,20,16.574674689895765,16.574674689895765,3349.741754827934
2026-07-03T17:30:00Z,browser-e2e,session-lifecycle,44,44,7,2609457,0.7248491666666667,121.39086750000011,4049,0,0,20,20,16.475703989840902,16.475703989840902,3335.5062727432905
2026-07-03T17:45:00Z,browser-e2e,session-lifecycle,59,59,3,2287220,0.6353388888888889,122.02620638888901,4052,0,0,20,20,16.389921961731233,16.389921961731233,3320.5981894467477
2026-07-03T18:00:00Z,browser-e2e,session-lifecycle,50,50,5,2011221,0.5586725,122.58487888888901,4057,0,0,20,20,16.315225973448168,16.315225973448168,3309.543588713961
2026-07-03T18:15:00Z,browser-e2e,session-lifecycle,50,50,6,2042940,0.5674833333333333,123.15236222222234,4063,0,0,20,20,16.240045776719242,16.240045776719242,3299.165299540514
2026-07-03T18:30:00Z,browser-e2e,session-lifecycle,48,48,5,2066296,0.5739711111111111,123.72633333333344,4068,0,0,20,20,16.1647075939102,16.1647075939102,3287.901524601335
2026-07-03T18:45:00Z,browser-e2e,session-lifecycle,47,47,5,2253198,0.6258883333333334,124.35222166666678,4073,0,0,20,20,16.083347552576214,16.083347552576214,3275.373729082146
2026-07-03T19:00:00Z,browser-e2e,session-lifecycle,42,42,3,1664461,0.46235027777777776,124.81457194444455,4076,0,0,20,20,16.023770052187558,16.023770052187558,3265.6443366358244
2026-07-03T19:15:00Z,browser-e2e,session-lifecycle,41,41,2,1479142,0.41087277777777775,125.22544472222233,4078,0,0,20,20,15.971195026988655,15.971195026988655,3256.5266660029865
2026-07-03T19:30:00Z,browser-e2e,session-lifecycle,54,54,3,1769542,0.4915394444444444,125.71698416666678,4081,0,0,20,20,15.908749428387019,15.908749428387019,3246.1803208623714
2026-07-03T19:45:00Z,browser-e2e,session-lifecycle,45,45,6,1618052,0.4494588888888889,126.16644305555566,4087,0,0,20,20,15.852075651521123,15.852075651521123,3239.3716593883414
2026-07-03T20:00:00Z,browser-e2e,session-lifecycle,60,60,1,2201300,0.6114722222222222,126.77791527777788,4088,0,0,20,20,15.775618297697058,15.775618297697058,3224.5363800492787
2026-07-03T20:15:00Z,browser-e2e,session-lifecycle,15,15,6,1019230,0.2831194444444444,127.06103472222232,4094,0,0,20,20,15.740466810870464,15.740466810870464,3222.073556185184
2026-07-03T20:30:00Z,browser-e2e,session-lifecycle,29,29,3,1422292,0.3950811111111111,127.45611583333343,4097,0,0,20,20,15.691675420387655,15.691675420387655,3214.4397098664112
2026-07-03T20:45:00Z,browser-e2e,session-lifecycle,41,41,11,2551712,0.7088088888888889,128.1649247222223,4108,1,1,21,21,16.385138169053864,16.385138169053864,3205.2451237368227
2026-07-03T21:00:00Z,browser-e2e,session-lifecycle,60,60,11,3575017,0.9930602777777777,129.15798500000008,4119,0,0,21,21,16.259157341297936,16.259157341297936,3189.117575657438
2026-07-03T21:15:00Z,browser-e2e,session-lifecycle,16,16,10,1150985,0.31971805555555555,129.47770305555565,4129,0,0,21,21,16.219008759361003,16.219008759361003,3188.9660555905516
2026-07-03T21:30:00Z,browser-e2e,session-lifecycle,58,58,9,3370597,0.9362769444444444,130.4139800000001,4138,1,1,22,22,16.869357104200013,16.869357104200013,3172.972713508166
2026-07-03T21:45:00Z,browser-e2e,session-lifecycle,58,58,13,3267497,0.9076380555555555,131.32161805555566,4151,0,0,22,22,16.752763425967604,16.752763425967604,3160.941862781433
2026-07-03T22:00:00Z,browser-e2e,session-lifecycle,60,60,13,3516625,0.9768402777777778,132.29845833333343,4164,0,0,22,22,16.629067547083398,16.629067547083398,3147.428966638876
2026-07-03T22:15:00Z,browser-e2e,session-lifecycle,49,49,11,2753083,0.7647452777777778,133.06320361111122,4175,0,0,22,22,16.53349641595652,16.53349641595652,3137.6067062099305
2026-07-03T22:30:00Z,browser-e2e,session-lifecycle,38,38,0,1102579,0.30627194444444444,133.36947555555565,4175,0,0,22,22,16.495528612044218,16.495528612044218,3130.4014525129364
2026-07-03T22:45:00Z,browser-e2e,session-lifecycle,46,46,0,1253506,0.3481961111111111,133.71767166666677,4175,0,0,22,22,16.452574836063476,16.452574836063476,3122.24999729841
2026-07-03T23:00:00Z,browser-e2e,session-lifecycle,46,46,2,1306001,0.36277805555555553,134.08044972222234,4177,0,0,22,22,16.40805952365011,16.40805952365011,3115.293846831205
2026-07-03T23:15:00Z,browser-e2e,session-lifecycle,50,50,2,1374860,0.38190555555555555,134.4623552777779,4179,0,0,22,22,16.361456672799974,16.361456672799974,3107.933065255959
2026-07-03T23:30:00Z,browser-e2e,session-lifecycle,50,50,0,1358923,0.3774786111111111,134.83983388888902,4179,0,0,22,22,16.315653442682585,16.315653442682585,3099.23253349866
2026-07-03T23:45:00Z,browser-e2e,session-lifecycle,46,46,0,1255939,0.34887194444444447,135.18870583333347,4179,0,0,22,22,16.273548788256438,16.273548788256438,3091.2345630056207
2026-07-04T00:00:00Z,browser-e2e,session-lifecycle,48,48,0,1304624,0.3623955555555556,135.55110138888904,4179,0,0,22,22,16.23004149326913,16.23004149326913,3082.9701545623498
2026-07-04T00:15:00Z,browser-e2e,session-lifecycle,46,46,0,1264751,0.35131972222222224,135.90242111111127,4179,0,0,22,22,16.188085407259386,16.188085407259386,3075.0004053153166
2026-07-04T00:30:00Z,browser-e2e,session-lifecycle,13,13,6,975397,0.2709436111111111,136.17336472222237,4185,2,3,24,25,17.624592040416402,18.358950042100417,3073.28823704761
2026-07-04T00:45:00Z,browser-e2e,session-lifecycle,63,63,12,3628407,1.0078908333333334,137.1812555555557,4197,0,0,24,25,17.49510157404885,18.224064139634216,3059.4558877617924
2026-07-04T01:00:00Z,browser-e2e,session-lifecycle,57,57,13,3450605,0.9585013888888889,138.1397569444446,4210,0,0,24,25,17.373709445320678,18.097614005542376,3047.638198533336
2026-07-04T01:15:00Z,browser-e2e,session-lifecycle,29,29,6,1707770,0.4743805555555556,138.61413750000017,4216,0,0,24,25,17.31425122491562,18.035678359287104,3041.536798510177
2026-07-04T01:30:00Z,browser-e2e,session-lifecycle,30,30,9,2047178,0.5686605555555555,139.18279805555574,4225,2,3,26,28,18.68046939940231,20.117428583971716,3035.576277402875
2026-07-04T01:45:00Z,browser-e2e,session-lifecycle,56,56,16,3334894,0.9263594444444444,140.10915750000018,4241,0,0,26,28,18.55695977616593,19.984418220486383,3026.925631181527
2026-07-04T02:00:00Z,browser-e2e,session-lifecycle,59,59,12,3544096,0.9844711111111111,141.09362861111128,4253,0,0,26,28,18.427479862795497,19.844978313779766,3014.310456018048
2026-07-04T02:15:00Z,browser-e2e,session-lifecycle,63,63,10,3432983,0.9536063888888889,142.04723500000017,4263,0,0,26,28,18.303770573218106,19.711752925004113,3001.1143828318764
2026-07-04T02:30:00Z,browser-e2e,session-lifecycle,14,14,7,1078233,0.29950916666666666,142.34674416666684,4270,1,1,27,29,18.96776786716458,20.37278770917677,2999.7173626960275
2026-07-04T02:45:00Z,browser-e2e,session-lifecycle,10,10,5,815569,0.22654694444444445,142.57329111111127,4275,0,0,27,29,18.937628352114114,20.3404156374559,2998.457822418068
2026-07-04T03:00:00Z,browser-e2e,session-lifecycle,22,22,0,689812,0.19161444444444445,142.7649055555557,4275,0,0,27,29,18.91221087908974,20.313115388651944,2994.433389189209
2026-07-04T03:15:00Z,browser-e2e,session-lifecycle,21,21,0,640921,0.1780336111111111,142.94293916666683,4275,0,0,27,29,18.888655961186636,20.287815662015273,2990.7038605212174
2026-07-04T03:30:00Z,browser-e2e,session-lifecycle,14,14,0,572466,0.15901833333333334,143.10195750000017,4275,0,0,27,29,18.867666432864812,20.26527135381776,2987.3805185369283
2026-07-04T03:45:00Z,browser-e2e,session-lifecycle,39,39,14,2267921,0.6299780555555555,143.73193555555574,4289,0,0,27,29,18.78496932198055,20.176448531016145,2984.0271637768365
2026-07-04T04:00:00Z,browser-e2e,session-lifecycle,18,18,1,628340,0.17453888888888888,143.90647444444463,4290,0,0,27,29,18.762185721131956,20.151977256030623,2981.1028423576336
2026-07-04T04:15:00Z,browser-e2e,session-lifecycle,12,12,2,597219,0.16589416666666668,144.0723686111113,4292,0,0,27,29,18.74058173700191,20.128772976779832,2979.058400563415
2026-07-04T04:30:00Z,browser-e2e,session-lifecycle,48,48,12,2275003,0.6319452777777778,144.7043138888891,4304,1,1,28,30,19.349803228050092,20.73193203005367,2974.3411819117
2026-07-04T04:45:00Z,browser-e2e,session-lifecycle,24,24,2,836184,0.23227333333333333,144.9365872222224,4306,0,0,28,30,19.31879350592774,20.698707327779722,2970.954458447316
2026-07-04T05:00:00Z,browser-e2e,session-lifecycle,36,36,10,1968264,0.54674,145.4833272222224,4316,1,2,29,32,19.933555654596194,21.995647618864766,2966.6629725943853
2026-07-04T05:15:00Z,browser-e2e,session-lifecycle,57,57,10,3493065,0.9702958333333334,146.45362305555574,4326,0,0,29,32,19.801490325028787,21.849920358652454,2953.836108485329
2026-07-04T05:30:00Z,browser-e2e,session-lifecycle,61,61,13,3551698,0.9865827777777778,147.44020583333352,4339,0,0,29,32,19.66899044673175,21.703713596393655,2942.887915461002
2026-07-04T05:45:00Z,browser-e2e,session-lifecycle,40,40,7,2312803,0.6424452777777778,148.0826511111113,4346,0,0,29,32,19.583658033134714,21.60955369173486,2934.8475107587406
2026-07-04T06:00:00Z,browser-e2e,session-lifecycle,35,35,1,1058639,0.29406638888888886,148.37671750000018,4347,0,0,29,32,19.54484536969216,21.566725925177554,2929.7049248983385
2026-07-04T06:15:00Z,browser-e2e,session-lifecycle,7,7,4,597972,0.16610333333333333,148.5428208333335,4351,2,2,31,34,20.869403062422183,22.889022713624332,2929.1217007935134
2026-07-04T06:30:00Z,browser-e2e,session-lifecycle,15,15,6,1542448,0.42845777777777777,148.97127861111127,4357,0,0,31,34,20.809380364469675,22.823191367482867,2924.7248467094955
2026-07-04T06:45:00Z,browser-e2e,session-lifecycle,3,3,2,422285,0.11730138888888889,149.08858000000015,4359,0,0,31,34,20.79300775418209,22.805234311038422,2923.7651871122494
2026-07-04T07:00:00Z,browser-e2e,session-lifecycle,14,14,0,394017,0.10944916666666667,149.19802916666683,4359,0,0,31,34,20.77775435315595,22.788504774429107,2921.620362109896
2026-07-04T07:15:00Z,browser-e2e,session-lifecycle,5,5,2,632875,0.17579861111111111,149.37382777777793,4361,0,0,31,34,20.753300937108214,22.76168489876385,2919.5208189267396
2026-07-04T07:30:00Z,browser-e2e,session-lifecycle,3,3,0,283842,0.078845,149.45267277777793,4361,0,0,31,34,20.742352360666096,22.749676782666043,2917.9806014472533
2026-07-04T07:45:00Z,browser-e2e,session-lifecycle,10,10,6,490457,0.13623805555555554,149.5889108333335,4367,0,0,31,34,20.723461269491473,22.728957521377744,2919.3340439957824
2026-07-04T08:00:00Z,browser-e2e,session-lifecycle,30,30,9,1675674,0.465465,150.0543758333335,4376,0,0,31,34,20.659177600013432,22.658452851627633,2916.276167021251
2026-07-04T08:15:00Z,browser-e2e,session-lifecycle,41,41,4,1283879,0.3566330555555556,150.41100888888906,4380,0,0,31,34,20.610193515090494,22.604728371389577,2912.020890196657
2026-07-04T08:30:00Z,browser-e2e,session-lifecycle,15,15,2,583923,0.16220083333333332,150.5732097222224,4382,0,0,31,34,20.58799175310723,22.580378051795027,2910.212253616641
2026-07-04T08:45:00Z,browser-e2e,session-lifecycle,11,11,8,978353,0.2717647222222222,150.84497444444463,4390,0,0,31,34,20.550900097382513,22.539696881000175,2910.272626693846
2026-07-04T09:00:00Z,browser-e2e,session-lifecycle,23,23,8,970154,0.2694872222222222,151.11446166666684,4398,0,0,31,34,20.514251024088484,22.49950112319382,2910.3766452884242
2026-07-04T09:15:00Z,browser-e2e,session-lifecycle,6,6,2,548880,0.15246666666666667,151.2669283333335,4400,0,0,31,34,20.493574069070835,22.476823172529304,2908.7653517390863
2026-07-04T09:30:00Z,browser-e2e,session-lifecycle,15,15,2,501896,0.13941555555555554,151.40634388888907,4402,0,0,31,34,20.47470350565339,22.456126425555333,2907.4078978027815
2026-07-04T09:45:00Z,browser-e2e,session-lifecycle,29,29,3,877752,0.24382,151.65016388888907,4405,0,0,31,34,20.441784700419486,22.42002192949234,2904.7116646886398
2026-07-04T10:00:00Z,browser-e2e,session-lifecycle,18,18,2,577141,0.16031694444444444,151.81048083333351,4407,0,0,31,34,20.420197492183444,22.396345636588293,2902.961624130724
2026-07-04T10:15:00Z,browser-e2e,session-lifecycle,11,11,2,783783,0.2177175,152.0281983333335,4409,0,0,31,34,20.390954007117887,22.364272136838974,2900.1198779800893
2026-07-04T10:30:00Z,browser-e2e,session-lifecycle,16,16,1,511242,0.14201166666666667,152.17021000000017,4410,0,0,31,34,20.371924307655203,22.343400853557316,2898.070522476111
2026-07-04T10:45:00Z,browser-e2e,session-lifecycle,33,33,1,1028246,0.2856238888888889,152.45583388888906,4411,0,0,31,34,20.333757790202394,22.301540802157465,2893.296955244605
2026-07-04T11:00:00Z,browser-e2e,session-lifecycle,36,36,6,1156162,0.3211561111111111,152.77699000000018,4417,0,0,31,34,20.29101371875435,22.254660207666063,2891.1421805076766
2026-07-04T11:15:00Z,browser-e2e,session-lifecycle,31,31,2,917482,0.2548561111111111,153.0318461111113,4419,0,0,31,34,20.25722147891488,22.21759775106793,2887.6342488814466
2026-07-04T11:30:00Z,browser-e2e,session-lifecycle,23,23,2,689249,0.19145805555555556,153.22330416666685,4421,0,0,31,34,20.231909348645893,22.18983605980517,2885.331330011725
2026-07-04T11:45:00Z,browser-e2e,session-lifecycle,11,11,8,870162,0.24171166666666666,153.46501583333352,4429,0,0,31,34,20.200043528921732,22.15488645107545,2885.9997674062693
2026-07-04T12:00:00Z,browser-e2e,session-lifecycle,18,18,4,1068016,0.2966711111111111,153.76168694444465,4433,0,0,31,34,20.1610691297895,22.11214033589816,2883.032885559898
2026-07-04T12:15:00Z,browser-e2e,session-lifecycle,12,12,4,995338,0.2764827777777778,154.03816972222242,4437,0,0,31,34,20.12488207040009,22.072451303019452,2880.4548950440385
2026-07-04T12:30:00Z,browser-e2e,session-lifecycle,2,2,0,67127,0.01864638888888889,154.05681611111132,4437,0,0,31,34,20.12244623934178,22.069779746374856,2880.1062569019186
2026-07-04T13:00:00Z,browser-e2e,session-lifecycle,14,14,2,442338,0.12287166666666667,154.17968777777799,4439,0,0,31,34,20.10640989536888,22.052191498146517,2879.1081782433052
2026-07-04T13:15:00Z,browser-e2e,session-lifecycle,25,25,0,748705,0.20797361111111112,154.3876613888891,4439,0,0,31,34,20.079324812048092,22.022485277730166,2875.2297690542414
2026-07-04T13:30:00Z,browser-e2e,session-lifecycle,13,13,3,435158,0.12087722222222222,154.5085386111113,4442,0,0,31,34,20.063616081454978,22.005256347402234,2874.9220204459034
2026-07-04T13:45:00Z,browser-e2e,session-lifecycle,9,9,5,630597,0.17516583333333333,154.68370444444463,4447,0,0,31,34,20.040895782356824,21.98033730968168,2874.898824004542
2026-07-04T14:00:00Z,browser-e2e,session-lifecycle,4,4,2,303000,0.08416666666666667,154.7678711111113,4449,0,0,31,34,20.029997038432096,21.968383848602947,2874.6276394833676
2026-07-04T14:30:00Z,browser-e2e,session-lifecycle,9,9,4,521278,0.14479944444444445,154.91267055555574,4453,0,0,31,34,20.011274667737776,21.947849635583367,2874.522777272139
2026-07-04T14:45:00Z,browser-e2e,session-lifecycle,2,2,1,92445,0.025679166666666666,154.9383497222224,4454,0,0,31,34,20.00795803981237,21.94421204366518,2874.6917777201384
2026-07-04T15:30:00Z,browser-e2e,session-lifecycle,8,8,0,297885,0.08274583333333334,155.02109555555572,4454,0,0,31,34,19.997278363247258,21.932498850013122,2873.157349351719
2026-07-04T15:45:00Z,browser-e2e,session-lifecycle,6,6,2,466023,0.12945083333333332,155.15054638888904,4456,0,0,31,34,19.980593508383567,21.914199331775528,2872.049183011522
2026-07-04T16:00:00Z,browser-e2e,session-lifecycle,6,6,2,196978,0.05471611111111111,155.20526250000015,4458,0,0,31,34,19.973549543785587,21.90647369318419,2872.325286006327
2026-07-04T16:15:00Z,browser-e2e,session-lifecycle,8,8,1,228091,0.06335861111111112,155.26862111111126,4459,0,0,31,34,19.96539917606159,21.897534580196584,2871.7972556793106
2026-07-04T16:30:00Z,browser-e2e,session-lifecycle,15,15,2,462298,0.12841611111111112,155.39703722222237,4461,0,0,31,34,19.94890028415991,21.879439021336676,2870.7111021818505
2026-07-04T16:45:00Z,browser-e2e,session-lifecycle,6,6,2,584516,0.16236555555555557,155.55940277777793,4463,0,0,31,34,19.928078564485485,21.856602296532465,2869.0004720418938
2026-07-04T17:00:00Z,browser-e2e,session-lifecycle,7,7,3,276024,0.07667333333333333,155.63607611111127,4466,0,0,31,34,19.91826109639809,21.84583475088823,2869.514646984319
2026-07-04T17:15:00Z,browser-e2e,session-lifecycle,20,20,0,602854,0.16745944444444444,155.8035355555557,4466,0,0,31,34,19.896852718689534,21.82235459469175,2866.430459408628
2026-07-04T17:30:00Z,browser-e2e,session-lifecycle,10,10,4,524595,0.14572083333333333,155.94925638888904,4470,0,0,31,34,19.87826086371045,21.801963527940494,2866.316969702765
2026-07-04T17:45:00Z,browser-e2e,session-lifecycle,3,3,2,166487,0.046246388888888885,155.99550277777792,4472,0,0,31,34,19.872367759319825,21.79550012312497,2866.749310312202
2026-07-04T18:00:00Z,browser-e2e,session-lifecycle,2,2,1,188839,0.05245527777777778,156.04795805555568,4473,0,0,31,34,19.865687693884134,21.78817359974389,2866.4264856368945
2026-07-04T18:15:00Z,browser-e2e,session-lifecycle,2,2,1,239233,0.06645361111111112,156.1144116666668,4474,0,0,31,34,19.857231417039667,21.77889897352738,2865.846882575338
2026-07-04T18:30:00Z,browser-e2e,session-lifecycle,6,6,0,205064,0.05696222222222222,156.171373888889,4474,0,0,31,34,19.849988655446882,21.770955299522385,2864.8015885312693
2026-07-04T18:45:00Z,browser-e2e,session-lifecycle,4,4,2,160329,0.04453583333333333,156.21590972222234,4476,0,0,31,34,19.8443295917318,21.76474858448004,2865.265137180372
2026-07-04T19:00:00Z,browser-e2e,session-lifecycle,12,12,1,330504,0.09180666666666666,156.307716388889,4477,0,0,31,34,19.83267410987754,21.751965152768914,2864.221999674895
2026-07-04T19:15:00Z,browser-e2e,session-lifecycle,9,9,3,275307,0.07647416666666666,156.38419055555565,4480,0,0,31,34,19.822975640870308,21.741328122244852,2864.739705519322
2026-07-04T19:30:00Z,browser-e2e,session-lifecycle,12,12,1,311724,0.08659,156.47078055555565,4481,0,0,31,34,19.812005723965385,21.729296600478165,2863.7934725512546
2026-07-04T19:45:00Z,browser-e2e,session-lifecycle,12,12,6,417001,0.11583361111111111,156.58661416666675,4487,0,0,31,34,19.797349961858426,21.713222538812467,2865.5067509309274
2026-07-04T20:00:00Z,browser-e2e,session-lifecycle,12,12,2,339472,0.09429777777777777,156.68091194444452,4489,0,0,31,34,19.78543500627051,21.70015452300637,2865.058636875752
2026-07-04T20:15:00Z,browser-e2e,session-lifecycle,19,19,2,547152,0.15198666666666666,156.83289861111118,4491,0,0,31,34,19.766260953238376,21.67912491645499,2863.5573529352755
2026-07-04T20:30:00Z,browser-e2e,session-lifecycle,13,13,1,387361,0.10760027777777778,156.94049888888895,4492,0,0,31,34,19.75270896898795,21.66426144985775,2862.2312480223827
2026-07-04T20:45:00Z,browser-e2e,session-lifecycle,5,5,3,393158,0.10921055555555556,157.04970944444452,4495,0,0,31,34,19.73897316312201,21.6491963724564,2862.1511086526916
2026-07-04T21:15:00Z,browser-e2e,session-lifecycle,7,7,5,666524,0.18514555555555556,157.23485500000007,4500,0,0,31,34,19.715730332183654,21.623704235298202,2861.960854671821
2026-07-04T21:30:00Z,browser-e2e,session-lifecycle,8,8,2,338498,0.09402722222222222,157.3288822222223,4502,0,0,31,34,19.703947274101544,21.610780881272664,2861.5216331614565
2026-07-04T21:45:00Z,browser-e2e,session-lifecycle,7,7,3,511775,0.14215972222222223,157.47104194444452,4505,0,0,31,34,19.686159192962435,21.591271372926542,2860.843456912767
2026-07-04T22:15:00Z,browser-e2e,session-lifecycle,5,5,0,130006,0.03611277777777778,157.5071547222223,4505,0,0,31,34,19.681645608208225,21.58632098964773,2860.1875311283243
2026-07-04T22:30:00Z,browser-e2e,session-lifecycle,5,5,0,127540,0.03542777777777778,157.5425825000001,4505,0,0,31,34,19.67721964948745,21.581466712341076,2859.544339385193
2026-07-01T17:45:00Z,browser-e2e,table-stale-snapshot-http,6,6,5,647845,0.17995694444444443,0.17995694444444443,5,1,1,1,1,555.6884748666733,555.6884748666733,2778.442374333367
2026-07-01T18:00:00Z,browser-e2e,table-stale-snapshot-http,13,13,10,943670,0.26213055555555553,0.44208749999999997,15,0,0,1,1,226.19956456583822,226.19956456583822,3392.9934684875734
2026-07-01T18:15:00Z,browser-e2e,table-stale-snapshot-http,10,10,8,869901,0.24163916666666665,0.6837266666666666,23,0,0,1,1,146.2572762994959,146.2572762994959,3363.917354888406
2026-07-01T18:30:00Z,browser-e2e,table-stale-snapshot-http,2,2,2,103200,0.028666666666666667,0.7123933333333332,25,0,0,1,1,140.3718919323595,140.3718919323595,3509.297298308987
2026-07-01T18:45:00Z,browser-e2e,table-stale-snapshot-http,1,1,1,196430,0.05456388888888889,0.7669572222222221,26,0,0,1,1,130.38536844369852,130.38536844369852,3390.019579536162
2026-07-01T19:00:00Z,browser-e2e,table-stale-snapshot-http,12,12,10,877911,0.24386416666666666,1.0108213888888886,36,0,0,1,1,98.92944599235443,98.92944599235443,3561.4600557247595
2026-07-01T19:15:00Z,browser-e2e,table-stale-snapshot-http,2,2,1,149118,0.04142166666666667,1.0522430555555553,37,0,0,1,1,95.03507718300195,95.03507718300195,3516.2978557710717
2026-07-01T19:45:00Z,browser-e2e,table-stale-snapshot-http,12,12,10,953902,0.2649727777777778,1.317215833333333,47,0,0,1,1,75.91770267970513,75.91770267970513,3568.132025946141
2026-07-01T20:00:00Z,browser-e2e,table-stale-snapshot-http,7,7,6,418826,0.11634055555555556,1.4335563888888885,53,0,0,1,1,69.75658632968553,69.75658632968553,3697.0990754733334
2026-07-01T20:30:00Z,browser-e2e,table-stale-snapshot-http,12,12,10,677352,0.18815333333333334,1.6217097222222219,63,0,0,1,1,61.663316578610896,61.663316578610896,3884.7889444524862
2026-07-01T20:45:00Z,browser-e2e,table-stale-snapshot-http,11,11,6,716289,0.19896916666666667,1.8206788888888885,69,0,0,1,1,54.924567209667224,54.924567209667224,3789.7951374670383
2026-07-01T21:15:00Z,browser-e2e,table-stale-snapshot-http,6,6,3,391077,0.1086325,1.9293113888888884,72,0,0,1,1,51.831964801488624,51.831964801488624,3731.901465707181
2026-07-01T21:30:00Z,browser-e2e,table-stale-snapshot-http,15,15,12,881223,0.24478416666666666,2.1740955555555552,84,0,0,1,1,45.99613836864986,45.99613836864986,3863.675622966588
2026-07-01T21:45:00Z,browser-e2e,table-stale-snapshot-http,15,15,12,879983,0.2444397222222222,2.4185352777777775,96,0,0,1,1,41.34733982126694,41.34733982126694,3969.344622841626
2026-07-01T22:00:00Z,browser-e2e,table-stale-snapshot-http,8,8,8,658684,0.18296777777777778,2.6015030555555554,104,0,0,1,1,38.43931675822876,38.43931675822876,3997.6889428557915
2026-07-01T22:30:00Z,browser-e2e,table-stale-snapshot-http,5,5,4,265347,0.0737075,2.675210555555555,108,0,0,1,1,37.38023528366096,37.38023528366096,4037.0654106353836
2026-07-01T22:45:00Z,browser-e2e,table-stale-snapshot-http,10,10,8,935384,0.2598288888888889,2.935039444444444,116,0,0,1,1,34.07109236275644,34.07109236275644,3952.246714079747
2026-07-01T23:00:00Z,browser-e2e,table-stale-snapshot-http,2,2,0,164517,0.045699166666666666,2.9807386111111107,116,0,0,1,1,33.54873172281405,33.54873172281405,3891.652879846429
2026-07-01T23:30:00Z,browser-e2e,table-stale-snapshot-http,11,11,10,847265,0.2353513888888889,3.2160899999999994,126,0,0,1,1,31.093657204866783,31.093657204866783,3917.8008078132148
2026-07-01T23:45:00Z,browser-e2e,table-stale-snapshot-http,8,8,6,638646,0.17740166666666668,3.393491666666666,132,0,0,1,1,29.468173145162684,29.468173145162684,3889.798855161474
2026-07-02T00:15:00Z,browser-e2e,table-stale-snapshot-http,5,5,3,347929,0.09664694444444444,3.49013861111111,135,0,0,1,1,28.652157161220682,28.652157161220682,3868.041216764792
2026-07-02T00:30:00Z,browser-e2e,table-stale-snapshot-http,13,13,12,863486,0.23985722222222222,3.7299958333333323,147,0,0,1,1,26.8096814227898,26.8096814227898,3941.023169150101
2026-07-02T00:45:00Z,browser-e2e,table-stale-snapshot-http,3,3,3,260685,0.0724125,3.8024083333333323,150,0,0,1,1,26.299121828490286,26.299121828490286,3944.8682742735427
2026-07-02T01:15:00Z,browser-e2e,table-stale-snapshot-http,9,9,6,776985,0.21582916666666666,4.018237499999999,156,0,0,1,1,24.886532963768325,24.886532963768325,3882.299142347859
2026-07-02T01:30:00Z,browser-e2e,table-stale-snapshot-http,13,13,12,769889,0.21385805555555557,4.232095555555555,168,0,0,1,1,23.62895607797136,23.62895607797136,3969.6646210991885
2026-07-02T02:00:00Z,browser-e2e,table-stale-snapshot-http,2,2,2,102259,0.02840527777777778,4.2605008333333325,170,0,0,1,1,23.471418950941022,23.471418950941022,3990.141221659974
2026-07-02T02:15:00Z,browser-e2e,table-stale-snapshot-http,15,15,13,871605,0.2421125,4.502613333333333,183,0,0,1,1,22.209324362740457,22.209324362740457,4064.3063583815033
2026-07-02T02:30:00Z,browser-e2e,table-stale-snapshot-http,7,7,6,433126,0.12031277777777778,4.62292611111111,189,0,0,1,1,21.631321287972135,21.631321287972135,4088.3197234267336
2026-07-02T03:00:00Z,browser-e2e,table-stale-snapshot-http,4,4,3,380855,0.10579305555555556,4.728719166666666,192,0,0,1,1,21.147375531393898,21.147375531393898,4060.2961020276284
2026-07-02T03:15:00Z,browser-e2e,table-stale-snapshot-http,11,11,10,798045,0.22167916666666668,4.950398333333333,202,0,0,1,1,20.20039464837678,20.20039464837678,4080.47971897211
2026-07-02T03:30:00Z,browser-e2e,table-stale-snapshot-http,5,5,5,417111,0.11586416666666667,5.0662625,207,0,0,1,1,19.7384166335637,19.7384166335637,4085.8522431476854
2026-07-02T04:15:00Z,browser-e2e,table-stale-snapshot-http,12,12,11,649444,0.18040111111111112,5.246663611111111,218,0,0,1,1,19.059731557446376,19.059731557446376,4155.02147952331
2026-07-02T04:30:00Z,browser-e2e,table-stale-snapshot-http,6,6,6,383328,0.10648,5.353143611111111,224,0,0,1,1,18.680612228007043,18.680612228007043,4184.457139073577
2026-07-02T04:45:00Z,browser-e2e,table-stale-snapshot-http,1,1,1,18795,0.005220833333333333,5.358364444444445,225,0,0,1,1,18.66241108397919,18.66241108397919,4199.042493895317
2026-07-02T13:45:00Z,browser-e2e,table-stale-snapshot-http,5,5,4,314746,0.08742944444444445,5.445793888888889,229,0,0,1,1,18.36279558872602,18.36279558872602,4205.080189818258
2026-07-02T14:00:00Z,browser-e2e,table-stale-snapshot-http,8,8,6,727884,0.20219,5.647983888888889,235,0,0,1,1,17.70543294160719,17.70543294160719,4160.776741277689
2026-07-02T14:45:00Z,browser-e2e,table-stale-snapshot-http,6,6,5,552927,0.15359083333333334,5.801574722222222,240,0,0,1,1,17.236699480394908,17.236699480394908,4136.807875294778
2026-07-02T15:00:00Z,browser-e2e,table-stale-snapshot-http,14,14,10,898370,0.24954722222222223,6.051121944444445,250,0,0,1,1,16.525860975551872,16.525860975551872,4131.4652438879675
2026-07-02T15:15:00Z,browser-e2e,table-stale-snapshot-http,6,6,6,594400,0.1651111111111111,6.216233055555556,256,0,0,1,1,16.086912943302256,16.086912943302256,4118.2497134853775
2026-07-02T16:00:00Z,browser-e2e,table-stale-snapshot-http,13,13,12,892164,0.24782333333333334,6.464056388888889,268,0,0,1,1,15.470162075301614,15.470162075301614,4146.003436180833
2026-07-02T16:15:00Z,browser-e2e,table-stale-snapshot-http,14,14,11,885020,0.24583888888888888,6.709895277777778,279,0,0,1,1,14.903362252341825,14.903362252341825,4158.038068403369
2026-07-02T16:30:00Z,browser-e2e,table-stale-snapshot-http,10,10,9,674834,0.1874538888888889,6.897349166666667,288,0,0,1,1,14.498323570927429,14.498323570927429,4175.517188427099
2026-07-02T16:45:00Z,browser-e2e,table-stale-snapshot-http,4,4,1,292992,0.08138666666666666,6.978735833333334,289,0,0,1,1,14.329242772359796,14.329242772359796,4141.151161211981
2026-07-02T17:00:00Z,browser-e2e,table-stale-snapshot-http,8,8,5,472306,0.13119611111111112,7.109931944444446,294,0,0,1,1,14.064832234876445,14.064832234876445,4135.060677053675
2026-07-02T17:15:00Z,browser-e2e,table-stale-snapshot-http,14,14,11,894460,0.2484611111111111,7.358393055555557,305,0,0,1,1,13.589923675591153,13.589923675591153,4144.926721055302
2026-07-02T17:30:00Z,browser-e2e,table-stale-snapshot-http,8,8,6,558163,0.15504527777777777,7.513438333333335,311,0,0,1,1,13.309485692635615,13.309485692635615,4139.250050409676
2026-07-02T18:15:00Z,browser-e2e,table-stale-snapshot-http,6,6,4,341596,0.09488777777777778,7.608326111111113,315,0,0,1,1,13.143495499484589,13.143495499484589,4140.201082337646
2026-07-02T19:00:00Z,browser-e2e,table-stale-snapshot-http,6,6,4,431228,0.11978555555555556,7.728111666666669,319,0,0,1,1,12.939771617344208,12.939771617344208,4127.787145932803
2026-07-02T19:15:00Z,browser-e2e,table-stale-snapshot-http,9,9,8,923931,0.2566475,7.984759166666668,327,0,0,1,1,12.52385925645221,12.52385925645221,4095.301976859873
2026-07-02T19:30:00Z,browser-e2e,table-stale-snapshot-http,11,11,7,863717,0.2399213888888889,8.224680555555556,334,0,0,1,1,12.158526926915432,12.158526926915432,4060.947993589754
2026-07-02T19:45:00Z,browser-e2e,table-stale-snapshot-http,5,5,3,468307,0.13008527777777779,8.354765833333333,337,1,1,2,2,23.938432744823587,23.938432744823587,4033.6259175027744
2026-07-02T20:00:00Z,browser-e2e,table-stale-snapshot-http,9,9,7,523570,0.1454361111111111,8.500201944444445,344,0,0,2,2,23.52885276222359,23.52885276222359,4046.962675102457
2026-07-02T20:15:00Z,browser-e2e,table-stale-snapshot-http,5,5,3,440069,0.12224138888888889,8.622443333333333,347,0,0,2,2,23.19528146120995,23.19528146120995,4024.3813335199266
2026-07-02T20:30:00Z,browser-e2e,table-stale-snapshot-http,13,13,8,932348,0.2589855555555556,8.88142888888889,355,0,0,2,2,22.518898985973976,22.518898985973976,3997.104570010381
2026-07-02T20:45:00Z,browser-e2e,table-stale-snapshot-http,11,11,9,831191,0.23088638888888888,9.112315277777778,364,0,0,2,2,21.948318720681275,21.948318720681275,3994.594007163992
2026-07-02T21:00:00Z,browser-e2e,table-stale-snapshot-http,12,12,11,965770,0.26826944444444445,9.380584722222222,375,0,0,2,2,21.320632553555875,21.320632553555875,3997.6186037917264
2026-07-02T21:15:00Z,browser-e2e,table-stale-snapshot-http,11,11,10,800517,0.22236583333333335,9.602950555555555,385,0,0,2,2,20.82693218536826,20.82693218536826,4009.18444568339
2026-07-02T21:30:00Z,browser-e2e,table-stale-snapshot-http,13,13,12,909915,0.25275416666666667,9.855704722222223,397,0,0,2,2,20.292815748532778,20.292815748532778,4028.1239260837565
2026-07-02T21:45:00Z,browser-e2e,table-stale-snapshot-http,11,11,9,832655,0.23129305555555554,10.086997777777778,406,0,0,2,2,19.82750511164097,19.82750511164097,4024.9835376631167
2026-07-02T22:00:00Z,browser-e2e,table-stale-snapshot-http,10,10,7,929356,0.25815444444444446,10.345152222222223,413,0,0,2,2,19.332726643730176,19.332726643730176,3992.208051930281
2026-07-02T22:15:00Z,browser-e2e,table-stale-snapshot-http,13,13,12,831756,0.23104333333333332,10.576195555555557,425,0,0,2,2,18.910391638413138,18.910391638413138,4018.458223162792
2026-07-02T22:30:00Z,browser-e2e,table-stale-snapshot-http,5,5,4,242434,0.06734277777777778,10.643538333333336,429,0,0,2,2,18.79074361705842,18.79074361705842,4030.6145058590314
2026-07-02T23:30:00Z,browser-e2e,table-stale-snapshot-http,12,12,11,879770,0.24438055555555555,10.88791888888889,440,1,1,3,3,27.553474916694107,27.553474916694107,4041.1763211151356
2026-07-02T23:45:00Z,browser-e2e,table-stale-snapshot-http,10,10,7,553363,0.15371194444444444,11.041630833333334,447,0,0,3,3,27.16989949476817,27.16989949476817,4048.315024720457
2026-07-03T00:00:00Z,browser-e2e,table-stale-snapshot-http,9,9,7,874630,0.24295277777777777,11.284583611111112,454,0,0,3,3,26.5849419295021,26.5849419295021,4023.187878664651
2026-07-03T00:15:00Z,browser-e2e,table-stale-snapshot-http,13,13,9,899168,0.2497688888888889,11.5343525,463,1,1,4,4,34.67901644240541,34.67901644240541,4014.0961532084266
2026-07-03T00:30:00Z,browser-e2e,table-stale-snapshot-http,11,11,9,922810,0.2563361111111111,11.790688611111111,472,0,0,4,4,33.92507538728948,33.92507538728948,4003.158895700159
2026-07-03T00:45:00Z,browser-e2e,table-stale-snapshot-http,11,11,9,831536,0.23098222222222223,12.021670833333333,481,0,0,4,4,33.27324508760395,33.27324508760395,4001.107721784375
2026-07-03T01:00:00Z,browser-e2e,table-stale-snapshot-http,18,18,14,874649,0.24295805555555555,12.26462888888889,495,0,0,4,4,32.614113612714284,32.614113612714284,4035.9965595733925
2026-07-03T01:15:00Z,browser-e2e,table-stale-snapshot-http,11,11,9,866607,0.24072416666666666,12.505353055555556,504,0,0,4,4,31.986302043851396,31.986302043851396,4030.274057525276
2026-07-03T01:30:00Z,browser-e2e,table-stale-snapshot-http,11,11,11,877002,0.24361166666666667,12.748964722222222,515,0,0,4,4,31.375096622769348,31.375096622769348,4039.5436901815533
2026-07-03T01:45:00Z,browser-e2e,table-stale-snapshot-http,14,14,12,889523,0.24708972222222222,12.996054444444445,527,0,0,4,4,30.778572197425046,30.778572197425046,4055.07688701075
2026-07-03T02:00:00Z,browser-e2e,table-stale-snapshot-http,6,6,5,334804,0.09300111111111112,13.089055555555555,532,0,0,4,4,30.559882514229447,30.559882514229447,4064.464374392516
2026-07-03T02:15:00Z,browser-e2e,table-stale-snapshot-http,12,12,8,751447,0.20873527777777778,13.297790833333334,540,0,0,4,4,30.08018437147674,30.08018437147674,4060.82489014936
2026-07-03T02:30:00Z,browser-e2e,table-stale-snapshot-http,3,3,2,278446,0.07734611111111112,13.375136944444446,542,0,0,4,4,29.906235851001565,29.906235851001565,4052.294957810712
2026-07-03T02:45:00Z,browser-e2e,table-stale-snapshot-http,1,1,1,105867,0.0294075,13.404544444444445,543,0,0,4,4,29.84062618896245,29.84062618896245,4050.8650051516524
2026-07-03T03:00:00Z,browser-e2e,table-stale-snapshot-http,6,6,5,527105,0.14641805555555557,13.5509625,548,0,0,4,4,29.518198430554285,29.518198430554285,4043.993184985937
2026-07-03T03:15:00Z,browser-e2e,table-stale-snapshot-http,1,1,1,56646,0.015735,13.5666975,549,0,0,4,4,29.48396247502386,29.48396247502386,4046.6738496970247
2026-07-03T03:30:00Z,browser-e2e,table-stale-snapshot-http,10,10,6,601764,0.16715666666666668,13.733854166666667,555,0,0,4,4,29.125109029542266,29.125109029542266,4041.1088778489893
2026-07-03T04:00:00Z,browser-e2e,table-stale-snapshot-http,2,2,2,265178,0.07366055555555556,13.807514722222223,557,0,0,4,4,28.969731921142056,28.969731921142056,4034.0351700190313
2026-07-03T04:15:00Z,browser-e2e,table-stale-snapshot-http,3,3,2,232334,0.06453722222222222,13.872051944444445,559,1,1,5,5,36.043694328887135,36.043694328887135,4029.6850259695816
2026-07-03T06:15:00Z,browser-e2e,table-stale-snapshot-http,1,1,1,63932,0.01775888888888889,13.889810833333334,560,1,1,6,6,43.19713257433971,43.19713257433971,4031.73237360504
2026-07-03T06:30:00Z,browser-e2e,table-stale-snapshot-http,8,8,5,553402,0.1537227777777778,14.043533611111112,565,0,0,6,6,42.72428981302011,42.72428981302011,4023.203957392727
2026-07-03T07:00:00Z,browser-e2e,table-stale-snapshot-http,2,2,0,162054,0.045015,14.088548611111111,565,0,0,6,6,42.587779377557915,42.587779377557915,4010.349224720037
2026-07-03T07:15:00Z,browser-e2e,table-stale-snapshot-http,2,2,2,125812,0.03494777777777778,14.123496388888888,567,0,0,6,6,42.4823983721217,42.4823983721217,4014.5866461655005
2026-07-03T07:30:00Z,browser-e2e,table-stale-snapshot-http,5,5,4,335056,0.0930711111111111,14.2165675,571,0,0,6,6,42.20428032294012,42.20428032294012,4016.440677399801
2026-07-03T08:00:00Z,browser-e2e,table-stale-snapshot-http,1,1,1,197113,0.054753611111111114,14.271321111111112,572,0,0,6,6,42.04235861057479,42.04235861057479,4008.0381875414632
2026-07-03T08:15:00Z,browser-e2e,table-stale-snapshot-http,6,6,5,509442,0.14151166666666667,14.412832777777778,577,1,1,7,7,48.56782915564559,48.56782915564559,4003.3767746867866
2026-07-03T09:00:00Z,browser-e2e,table-stale-snapshot-http,6,6,5,401328,0.11148,14.524312777777778,582,0,0,7,7,48.19505133977844,48.19505133977844,4007.0742685358646
2026-07-03T09:15:00Z,browser-e2e,table-stale-snapshot-http,10,10,8,825300,0.22925,14.753562777777779,590,0,0,7,7,47.446166769585936,47.446166769585936,3999.0340562936717
2026-07-03T09:30:00Z,browser-e2e,table-stale-snapshot-http,9,9,7,555203,0.15422305555555554,14.907785833333334,597,0,0,7,7,46.95532977370941,46.95532977370941,4004.6188392720737
2026-07-03T12:15:00Z,browser-e2e,table-stale-snapshot-http,2,2,1,172122,0.04781166666666667,14.9555975,598,0,0,7,7,46.80521791255749,46.80521791255749,3998.5029016727685
2026-07-03T12:30:00Z,browser-e2e,table-stale-snapshot-http,2,2,2,192579,0.05349416666666667,15.009091666666666,600,0,0,7,7,46.63839861506165,46.63839861506165,3997.5770241481414
2026-07-03T12:45:00Z,browser-e2e,table-stale-snapshot-http,7,7,4,468092,0.13002555555555556,15.139117222222222,604,0,0,7,7,46.23783472476801,46.23783472476801,3989.664596251411
2026-07-03T13:00:00Z,browser-e2e,table-stale-snapshot-http,12,12,7,928837,0.2580102777777778,15.3971275,611,1,1,8,8,51.95774341675095,51.95774341675095,3968.272653454354
2026-07-03T13:15:00Z,browser-e2e,table-stale-snapshot-http,10,10,9,726684,0.20185666666666666,15.598984166666666,620,0,0,8,8,51.28539085958643,51.28539085958643,3974.617791617948
2026-07-03T13:30:00Z,browser-e2e,table-stale-snapshot-http,17,17,13,1048594,0.2912761111111111,15.890260277777777,633,0,0,8,8,50.3453049865259,50.3453049865259,3983.572257058862
2026-07-03T13:45:00Z,browser-e2e,table-stale-snapshot-http,8,8,7,663628,0.18434111111111112,16.074601388888887,640,0,0,8,8,49.76795260086371,49.76795260086371,3981.436208069096
2026-07-03T14:00:00Z,browser-e2e,table-stale-snapshot-http,12,12,8,974036,0.27056555555555556,16.345166944444443,648,0,0,8,8,48.94413148052378,48.94413148052378,3964.4746499224266
2026-07-03T14:15:00Z,browser-e2e,table-stale-snapshot-http,12,12,9,895866,0.24885166666666667,16.59401861111111,657,0,0,8,8,48.2101423861446,48.2101423861446,3959.257943462125
2026-07-03T14:30:00Z,browser-e2e,table-stale-snapshot-http,14,14,9,792905,0.2202513888888889,16.81427,666,0,0,8,8,47.578634100677576,47.578634100677576,3960.921288881408
2026-07-03T14:45:00Z,browser-e2e,table-stale-snapshot-http,14,14,11,908687,0.25241305555555554,17.066683055555558,677,0,0,8,8,46.874954986615485,46.874954986615485,3966.7930657423353
2026-07-03T15:00:00Z,browser-e2e,table-stale-snapshot-http,14,14,9,879107,0.2441963888888889,17.310879444444446,686,0,0,8,8,46.21371216681558,46.21371216681558,3962.825818304436
2026-07-03T15:15:00Z,browser-e2e,table-stale-snapshot-http,12,12,9,856524,0.23792333333333332,17.54880277777778,695,0,0,8,8,45.58715543906207,45.58715543906207,3960.3841287685177
2026-07-03T15:30:00Z,browser-e2e,table-stale-snapshot-http,9,9,7,748547,0.20792972222222222,17.756732500000002,702,0,0,8,8,45.05333399599278,45.05333399599278,3953.4300581483667
2026-07-03T15:45:00Z,browser-e2e,table-stale-snapshot-http,13,13,12,997423,0.27706194444444443,18.033794444444446,714,0,0,8,8,44.361157739959204,44.361157739959204,3959.2333282913587
2026-07-03T16:00:00Z,browser-e2e,table-stale-snapshot-http,15,15,10,917892,0.25497,18.288764444444446,724,0,0,8,8,43.742703474045506,43.742703474045506,3958.714664401118
2026-07-03T16:15:00Z,browser-e2e,table-stale-snapshot-http,15,15,11,864360,0.2401,18.528864444444448,735,0,0,8,8,43.1758785001995,43.1758785001995,3966.783837205829
2026-07-03T16:30:00Z,browser-e2e,table-stale-snapshot-http,6,6,6,387350,0.10759722222222222,18.63646166666667,741,0,0,8,8,42.926603467378506,42.926603467378506,3976.0766461659337
2026-07-03T16:45:00Z,browser-e2e,table-stale-snapshot-http,7,7,5,447778,0.12438277777777777,18.760844444444448,746,0,0,8,8,42.64200379513833,42.64200379513833,3976.3668538966494
2026-07-03T17:00:00Z,browser-e2e,table-stale-snapshot-http,8,8,8,689040,0.1914,18.95224444444445,754,0,0,8,8,42.21135931129821,42.21135931129821,3978.4206150898563
2026-07-03T17:15:00Z,browser-e2e,table-stale-snapshot-http,12,12,10,656738,0.1824272222222222,19.134671666666673,764,0,0,8,8,41.80892225047323,41.80892225047323,3992.7520749201935
2026-07-03T17:30:00Z,browser-e2e,table-stale-snapshot-http,8,8,7,417713,0.11603138888888889,19.25070305555556,771,0,0,8,8,41.55692380123894,41.55692380123894,4005.0485313444024
2026-07-03T17:45:00Z,browser-e2e,table-stale-snapshot-http,15,15,15,838592,0.23294222222222222,19.483645277777782,786,0,0,8,8,41.06007826535654,41.06007826535654,4034.1526895712796
2026-07-03T18:00:00Z,browser-e2e,table-stale-snapshot-http,9,9,9,734913,0.2041425,19.687787777777782,795,0,0,8,8,40.63432667142953,40.63432667142953,4038.0362129733094
2026-07-03T18:15:00Z,browser-e2e,table-stale-snapshot-http,6,6,5,387665,0.10768472222222222,19.795472500000002,800,0,0,8,8,40.41328137027292,40.41328137027292,4041.328137027292
2026-07-03T18:30:00Z,browser-e2e,table-stale-snapshot-http,6,6,4,413059,0.11473861111111111,19.910211111111114,804,0,0,8,8,40.1803876179671,40.1803876179671,4038.1289556056936
2026-07-03T18:45:00Z,browser-e2e,table-stale-snapshot-http,15,15,15,827555,0.2298763888888889,20.140087500000003,819,0,0,8,8,39.72177380063517,39.72177380063517,4066.5165928400256
2026-07-03T19:00:00Z,browser-e2e,table-stale-snapshot-http,3,3,3,392684,0.10907888888888889,20.24916638888889,822,0,0,8,8,39.50779921681001,39.50779921681001,4059.426369527228
2026-07-03T19:15:00Z,browser-e2e,table-stale-snapshot-http,4,4,0,334941,0.09303916666666667,20.34220555555556,822,0,0,8,8,39.32710235451908,39.32710235451908,4040.8597669268347
2026-07-03T19:30:00Z,browser-e2e,table-stale-snapshot-http,3,3,2,497474,0.1381872222222222,20.48039277777778,824,0,0,8,8,39.061750850210196,39.061750850210196,4023.3603375716502
2026-07-03T19:45:00Z,browser-e2e,table-stale-snapshot-http,3,3,0,248655,0.06907083333333333,20.549463611111115,824,0,0,8,8,38.93045653841005,38.93045653841005,4009.837023456235
2026-07-03T20:00:00Z,browser-e2e,table-stale-snapshot-http,7,7,5,629131,0.1747586111111111,20.724222222222227,829,0,0,8,8,38.60217244448256,38.60217244448256,4000.150119559505
2026-07-03T20:15:00Z,browser-e2e,table-stale-snapshot-http,6,6,4,405405,0.1126125,20.83683472222223,833,0,0,8,8,38.393547324479655,38.393547324479655,3997.728115161444
2026-07-03T20:30:00Z,browser-e2e,table-stale-snapshot-http,5,5,3,474152,0.13170888888888888,20.968543611111116,836,0,0,8,8,38.15238744459507,38.15238744459507,3986.924487960185
2026-07-03T20:45:00Z,browser-e2e,table-stale-snapshot-http,10,10,7,830995,0.23083194444444444,21.19937555555556,843,2,2,10,10,47.171200745011454,47.171200745011454,3976.5322228044656
2026-07-03T21:00:00Z,browser-e2e,table-stale-snapshot-http,6,6,4,923628,0.2565633333333333,21.45593888888889,847,0,0,10,10,46.60714244100765,46.60714244100765,3947.624964753348
2026-07-03T21:15:00Z,browser-e2e,table-stale-snapshot-http,7,7,6,511516,0.14208777777777779,21.59802666666667,853,0,0,10,10,46.300526220914,46.300526220914,3949.4348866439645
2026-07-03T21:30:00Z,browser-e2e,table-stale-snapshot-http,9,9,4,879315,0.24425416666666666,21.842280833333337,857,0,0,10,10,45.78276452127233,45.78276452127233,3923.582919473038
2026-07-03T21:45:00Z,browser-e2e,table-stale-snapshot-http,2,2,1,177315,0.04925416666666667,21.891535000000005,858,0,0,10,10,45.67975703850826,45.67975703850826,3919.323153904008
2026-07-04T00:30:00Z,browser-e2e,table-stale-snapshot-http,4,4,3,430879,0.1196886111111111,22.011223611111117,861,1,1,11,11,49.97450479966627,49.97450479966627,3911.640784773878
2026-07-04T00:45:00Z,browser-e2e,table-stale-snapshot-http,6,6,5,373630,0.1037861111111111,22.11500972222223,866,0,0,11,11,49.73997361143671,49.73997361143671,3915.8924679549264
2026-07-04T01:30:00Z,browser-e2e,table-stale-snapshot-http,11,11,9,783607,0.2176686111111111,22.33267833333334,875,1,1,12,12,53.73291918188345,53.73291918188345,3918.025357012335
2026-07-04T01:45:00Z,browser-e2e,table-stale-snapshot-http,7,7,4,884293,0.24563694444444445,22.578315277777786,879,0,0,12,12,53.14834101821024,53.14834101821024,3893.1159795839
2026-07-04T02:00:00Z,browser-e2e,table-stale-snapshot-http,12,12,9,837966,0.23276833333333333,22.81108361111112,888,1,1,13,13,56.98983977099532,56.98983977099532,3892.8444397418343
2026-07-04T02:15:00Z,browser-e2e,table-stale-snapshot-http,5,5,4,922011,0.25611416666666664,23.067197777777785,892,0,0,13,13,56.35708387831916,56.35708387831916,3866.962986112361
2026-07-04T02:30:00Z,browser-e2e,table-stale-snapshot-http,5,5,4,514558,0.14293277777777777,23.210130555555562,896,0,0,13,13,56.01002531581335,56.01002531581335,3860.3832833052893
2026-07-04T02:45:00Z,browser-e2e,table-stale-snapshot-http,1,1,1,67474,0.01874277777777778,23.22887333333334,897,0,0,13,13,55.96483227339766,55.96483227339766,3861.5734268644387
2026-07-04T03:45:00Z,browser-e2e,table-stale-snapshot-http,8,8,8,956874,0.26579833333333336,23.494671666666672,905,1,1,14,14,59.58797891975931,59.58797891975931,3851.937208741584
2026-07-04T04:00:00Z,browser-e2e,table-stale-snapshot-http,5,5,3,309418,0.08594944444444444,23.580621111111117,908,0,0,14,14,59.37078558716692,59.37078558716692,3850.619522367683
2026-07-04T04:15:00Z,browser-e2e,table-stale-snapshot-http,4,4,2,290028,0.08056333333333333,23.66118444444445,910,0,0,14,14,59.16863558910781,59.16863558910781,3845.9613132920076
2026-07-04T04:30:00Z,browser-e2e,table-stale-snapshot-http,7,7,6,456072,0.12668666666666667,23.78787111111112,916,0,0,14,14,58.85352217778208,58.85352217778208,3850.7018796320276
2026-07-04T04:45:00Z,browser-e2e,table-stale-snapshot-http,1,1,1,89201,0.024778055555555557,23.812649166666674,917,0,0,14,14,58.79228263102042,58.79228263102042,3850.8945123318376
2026-07-04T05:00:00Z,browser-e2e,table-stale-snapshot-http,8,8,7,881645,0.24490138888888888,24.05755055555556,924,1,1,15,15,62.350487284068414,62.350487284068414,3840.790016698614
2026-07-04T05:15:00Z,browser-e2e,table-stale-snapshot-http,8,8,7,875657,0.24323805555555555,24.300788611111116,931,0,0,15,15,61.726391846976966,61.726391846976966,3831.1513873023705
2026-07-04T06:15:00Z,browser-e2e,table-stale-snapshot-http,6,6,5,567739,0.1577052777777778,24.458493888888896,936,0,0,15,15,61.32838787270651,61.32838787270651,3826.891403256886
2026-07-04T06:30:00Z,browser-e2e,table-stale-snapshot-http,6,6,5,521581,0.14488361111111112,24.603377500000008,941,0,0,15,15,60.96723915242936,60.96723915242936,3824.6781361624016
2026-07-04T07:15:00Z,browser-e2e,table-stale-snapshot-http,7,7,6,568815,0.15800416666666667,24.761381666666676,947,0,0,15,15,60.578202791457024,60.578202791457024,3824.50386956732
2026-07-04T07:30:00Z,browser-e2e,table-stale-snapshot-http,1,1,1,65193,0.018109166666666666,24.77949083333334,948,0,0,15,15,60.53393147135218,60.53393147135218,3825.744468989458
2026-07-04T07:45:00Z,browser-e2e,table-stale-snapshot-http,4,4,3,615099,0.17086083333333332,24.950351666666673,951,0,0,15,15,60.11939310675045,60.11939310675045,3811.5695229679786
2026-07-04T08:00:00Z,browser-e2e,table-stale-snapshot-http,4,4,3,277734,0.07714833333333333,25.027500000000007,954,0,0,15,15,59.93407252022773,59.93407252022773,3811.8070122864838
2026-07-04T08:15:00Z,browser-e2e,table-stale-snapshot-http,5,5,4,298281,0.08285583333333334,25.11035583333334,958,0,0,15,15,59.73630998923517,59.73630998923517,3815.158997979153
2026-07-04T08:30:00Z,browser-e2e,table-stale-snapshot-http,3,3,1,188693,0.052414722222222224,25.162770555555564,959,0,0,15,15,59.61187766220848,59.61187766220848,3811.1860452038622
2026-07-04T08:45:00Z,browser-e2e,table-stale-snapshot-http,3,3,3,226753,0.06298694444444444,25.225757500000007,962,0,0,15,15,59.46303099123979,59.46303099123979,3813.562387571512
2026-07-04T09:00:00Z,browser-e2e,table-stale-snapshot-http,6,6,5,497491,0.13819194444444444,25.36394944444445,967,0,0,15,15,59.139054952206976,59.139054952206976,3812.4977425856096
2026-07-04T09:15:00Z,browser-e2e,table-stale-snapshot-http,5,5,3,500280,0.13896666666666666,25.502916111111116,970,0,0,15,15,58.81680328103654,58.81680328103654,3803.4866121736964
2026-07-04T10:15:00Z,browser-e2e,table-stale-snapshot-http,6,6,5,541803,0.15050083333333333,25.653416944444448,975,3,3,18,18,70.16609147616148,70.16609147616148,3800.66328829208
2026-07-04T10:30:00Z,browser-e2e,table-stale-snapshot-http,3,3,3,187477,0.052076944444444447,25.705493888888892,978,0,0,18,18,70.02394148816738,70.02394148816738,3804.6341541904276
2026-07-04T10:45:00Z,browser-e2e,table-stale-snapshot-http,5,5,2,338528,0.09403555555555555,25.79952944444445,980,0,0,18,18,69.76871434326115,69.76871434326115,3798.518892021996
2026-07-04T11:00:00Z,browser-e2e,table-stale-snapshot-http,2,2,2,295560,0.0821,25.88162944444445,982,0,0,18,18,69.54739862355822,69.54739862355822,3794.196969351899
2026-07-04T11:15:00Z,browser-e2e,table-stale-snapshot-http,3,3,3,307779,0.08549416666666666,25.967123611111116,985,0,0,18,18,69.31842074452155,69.31842074452155,3793.258024075207
2026-07-04T11:30:00Z,browser-e2e,table-stale-snapshot-http,2,2,1,174839,0.04856638888888889,26.015690000000006,986,0,0,18,18,69.18901632053579,69.18901632053579,3790.020560669349
2026-07-04T11:45:00Z,browser-e2e,table-stale-snapshot-http,5,5,4,346336,0.09620444444444444,26.111894444444452,990,0,0,18,18,68.93410218970024,68.93410218970024,3791.3756204335136
2026-07-04T12:15:00Z,browser-e2e,table-stale-snapshot-http,3,3,3,368046,0.102235,26.214129444444453,993,0,0,18,18,68.66525946683585,68.66525946683585,3788.033480587111
2026-07-04T12:30:00Z,browser-e2e,table-stale-snapshot-http,10,10,7,715605,0.19877916666666667,26.41290861111112,1000,1,1,19,19,71.93452368213347,71.93452368213347,3786.027562217551
2026-07-04T12:45:00Z,browser-e2e,table-stale-snapshot-http,6,6,4,376145,0.10448472222222223,26.51739333333334,1004,0,0,19,19,71.6510848602766,71.6510848602766,3786.1941684061944
2026-07-04T13:00:00Z,browser-e2e,table-stale-snapshot-http,3,3,0,270875,0.07524305555555555,26.5926363888889,1004,0,0,19,19,71.44835029571833,71.44835029571833,3775.4812472053263
2026-07-04T13:15:00Z,browser-e2e,table-stale-snapshot-http,4,4,2,311233,0.0864536111111111,26.67909000000001,1006,0,0,19,19,71.2168218631145,71.2168218631145,3770.7433049627994
2026-07-04T13:30:00Z,browser-e2e,table-stale-snapshot-http,4,4,3,279683,0.07768972222222222,26.75677972222223,1009,0,0,19,19,71.01004006180902,71.01004006180902,3771.0068643350164
2026-07-04T13:45:00Z,browser-e2e,table-stale-snapshot-http,10,10,8,639033,0.17750916666666666,26.934288888888897,1017,0,0,19,19,70.54205172588759,70.54205172588759,3775.8561371172464
2026-07-04T14:00:00Z,browser-e2e,table-stale-snapshot-http,3,3,1,249440,0.06928888888888889,27.003577777777785,1018,0,0,19,19,70.36104680778924,70.36104680778924,3769.8708237015494
2026-07-04T14:15:00Z,browser-e2e,table-stale-snapshot-http,1,1,0,81671,0.022686388888888888,27.026264166666675,1018,0,0,19,19,70.30198433209274,70.30198433209274,3766.7063184247586
2026-07-04T14:30:00Z,browser-e2e,table-stale-snapshot-http,4,4,3,254400,0.07066666666666667,27.096930833333342,1021,0,0,19,19,70.11864228042799,70.11864228042799,3767.954408858788
2026-07-04T14:45:00Z,browser-e2e,table-stale-snapshot-http,1,1,1,98777,0.027438055555555556,27.1243688888889,1022,1,1,20,20,73.73443445606843,73.73443445606843,3767.8296007050963
2026-07-04T15:00:00Z,browser-e2e,table-stale-snapshot-http,22,22,20,1817287,0.5048019444444445,27.629170833333344,1042,1,1,21,21,76.00662403760757,76.00662403760757,3771.3762974850993
2026-07-04T15:15:00Z,browser-e2e,table-stale-snapshot-http,23,23,21,1803514,0.5009761111111111,28.130146944444455,1063,0,0,21,21,74.65300498242645,74.65300498242645,3778.8640141104433
2026-07-04T15:30:00Z,browser-e2e,table-stale-snapshot-http,16,16,14,1213577,0.3371047222222222,28.467251666666677,1077,0,0,21,21,73.7689758249113,73.7689758249113,3783.2946173061655
2026-07-04T15:45:00Z,browser-e2e,table-stale-snapshot-http,2,2,0,170415,0.0473375,28.514589166666678,1077,0,0,21,21,73.64651083435152,73.64651083435152,3777.013912790314
2026-07-04T16:00:00Z,browser-e2e,table-stale-snapshot-http,2,2,2,396320,0.11008888888888889,28.624678055555567,1079,1,1,22,22,76.85675960198327,76.85675960198327,3769.4747095699977
2026-07-04T16:15:00Z,browser-e2e,table-stale-snapshot-http,9,9,7,555568,0.15432444444444443,28.77900250000001,1086,0,0,22,22,76.44462312409887,76.44462312409887,3773.584577853244
2026-07-04T16:30:00Z,browser-e2e,table-stale-snapshot-http,3,3,1,222488,0.061802222222222224,28.840804722222234,1087,0,0,22,22,76.28081189790346,76.28081189790346,3768.9655696827754
2026-07-04T16:45:00Z,browser-e2e,table-stale-snapshot-http,9,9,6,606590,0.16849722222222221,29.009301944444456,1093,0,0,22,22,75.83774350079871,75.83774350079871,3767.756983926045
2026-07-04T17:00:00Z,browser-e2e,table-stale-snapshot-http,7,7,6,469144,0.13031777777777778,29.139619722222232,1099,0,0,22,22,75.49858306223032,75.49858306223032,3771.49739933596
2026-07-04T17:15:00Z,browser-e2e,table-stale-snapshot-http,4,4,4,466118,0.12947722222222222,29.269096944444453,1103,0,0,22,22,75.1646012234614,75.1646012234614,3768.479779521724
2026-07-04T17:30:00Z,browser-e2e,table-stale-snapshot-http,1,1,1,96340,0.02676111111111111,29.295858055555563,1104,0,0,22,22,75.09594004135339,75.09594004135339,3768.4508093479153
2026-07-04T17:45:00Z,browser-e2e,table-stale-snapshot-http,6,6,5,502232,0.13950888888888888,29.43536694444445,1109,0,0,22,22,74.74002291706515,74.74002291706515,3767.5766097738747
2026-07-04T18:00:00Z,browser-e2e,table-stale-snapshot-http,3,3,3,333804,0.09272333333333334,29.528090277777782,1112,0,0,22,22,74.5053262606581,74.5053262606581,3765.9055819023547
2026-07-04T18:15:00Z,browser-e2e,table-stale-snapshot-http,10,10,7,818111,0.22725305555555556,29.755343333333336,1119,1,1,23,23,77.29704121489439,77.29704121489439,3760.6690921507316
2026-07-04T18:30:00Z,browser-e2e,table-stale-snapshot-http,7,7,5,742128,0.20614666666666667,29.96149,1124,0,0,23,23,76.76520760482873,76.76520760482873,3751.4823194707606
2026-07-04T18:45:00Z,browser-e2e,table-stale-snapshot-http,1,1,0,81715,0.02269861111111111,29.98418861111111,1124,0,0,23,23,76.70709485691064,76.70709485691064,3748.642374746416
2026-07-04T19:00:00Z,browser-e2e,table-stale-snapshot-http,3,3,1,373721,0.10381138888888888,30.088,1125,0,0,23,23,76.44243552246742,76.44243552246742,3739.0321722946023
2026-07-04T19:15:00Z,browser-e2e,table-stale-snapshot-http,10,10,5,800378,0.22232722222222223,30.310327222222224,1130,0,0,23,23,75.88172780641376,75.88172780641376,3728.102279184676
2026-07-04T19:30:00Z,browser-e2e,table-stale-snapshot-http,6,6,6,321855,0.08940416666666667,30.399731388888892,1136,1,1,24,24,78.94806599762262,78.94806599762262,3736.87512388747
2026-07-04T19:45:00Z,browser-e2e,table-stale-snapshot-http,6,6,3,470579,0.1307163888888889,30.53044777777778,1139,0,0,24,24,78.61004913746761,78.61004913746761,3730.7019153156502
2026-07-04T20:00:00Z,browser-e2e,table-stale-snapshot-http,7,7,4,488129,0.1355913888888889,30.66603916666667,1143,0,0,24,24,78.26247096849562,78.26247096849562,3727.250179874604
2026-07-04T20:15:00Z,browser-e2e,table-stale-snapshot-http,6,6,6,359784,0.09994,30.76597916666667,1149,0,0,24,24,78.00824368366844,78.00824368366844,3734.644666355626
2026-07-04T20:30:00Z,browser-e2e,table-stale-snapshot-http,2,2,1,277941,0.07720583333333333,30.843185000000005,1150,0,0,24,24,77.8129755406259,77.8129755406259,3728.538411321658
2026-07-04T20:45:00Z,browser-e2e,table-stale-snapshot-http,6,6,5,425536,0.11820444444444445,30.96138944444445,1155,1,1,25,25,80.74573024204464,80.74573024204464,3730.4527371824624
2026-07-04T21:00:00Z,browser-e2e,table-stale-snapshot-http,2,2,0,159323,0.04425638888888889,31.00564583333334,1155,0,0,25,25,80.63047657315097,80.63047657315097,3725.128017679575
2026-07-04T21:30:00Z,browser-e2e,table-stale-snapshot-http,9,9,8,747473,0.20763138888888888,31.213277222222228,1163,1,1,26,26,83.29788575193045,83.29788575193045,3725.978504980581
2026-07-04T21:45:00Z,browser-e2e,table-stale-snapshot-http,9,9,5,806562,0.224045,31.437322222222228,1168,0,0,26,26,82.70424502510991,82.70424502510991,3715.3291611280147
2026-07-04T22:00:00Z,browser-e2e,table-stale-snapshot-http,3,3,2,366398,0.10177722222222223,31.53909944444445,1170,0,0,26,26,82.43735698858025,82.43735698858025,3709.681064486111
2026-07-04T22:15:00Z,browser-e2e,table-stale-snapshot-http,4,4,1,324217,0.09006027777777778,31.629159722222226,1171,0,0,26,26,82.20262640026047,82.20262640026047,3702.2798274886545
2026-07-04T22:30:00Z,browser-e2e,table-stale-snapshot-http,4,4,3,256847,0.07134638888888889,31.700506111111114,1174,0,0,26,26,82.01761798019663,82.01761798019663,3703.4109041827246
2026-07-02T19:45:00Z,browser-e2e,three-user-late-join,7,7,5,265156,0.07365444444444444,0.07365444444444444,5,0,0,0,0,0,0,6788.456606676825
2026-07-02T20:00:00Z,browser-e2e,three-user-late-join,12,12,10,488088,0.13558,0.20923444444444445,15,0,0,0,0,0,0,7168.991721142153
2026-07-02T20:15:00Z,browser-e2e,three-user-late-join,4,4,4,181137,0.05031583333333333,0.2595502777777778,19,0,0,0,0,0,0,7320.354330835066
2026-07-02T20:30:00Z,browser-e2e,three-user-late-join,12,12,12,541740,0.15048333333333333,0.41003361111111114,31,0,0,0,0,0,0,7560.355824488643
2026-07-03T00:00:00Z,browser-e2e,three-user-late-join,21,21,20,790283,0.21952305555555557,0.6295566666666668,51,0,0,0,0,0,0,8100.9387558440585
2026-07-03T00:15:00Z,browser-e2e,three-user-late-join,23,23,22,879193,0.24422027777777777,0.8737769444444445,73,0,0,0,0,0,0,8354.534926120541
2026-07-03T00:30:00Z,browser-e2e,three-user-late-join,16,16,16,592508,0.16458555555555557,1.0383625,89,0,0,0,0,0,0,8571.187807726106
2026-07-03T02:00:00Z,browser-e2e,three-user-late-join,4,4,0,140856,0.039126666666666664,1.0774891666666668,89,0,0,0,0,0,0,8259.94383547553
2026-07-03T02:15:00Z,browser-e2e,three-user-late-join,8,8,1,282383,0.07843972222222222,1.155928888888889,90,0,0,0,0,0,0,7785.946078959105
2026-07-03T02:30:00Z,browser-e2e,three-user-late-join,13,13,0,429816,0.11939333333333334,1.2753222222222222,90,0,0,0,0,0,0,7057.040050880388
2026-07-03T07:15:00Z,browser-e2e,three-user-late-join,5,5,0,206440,0.05734444444444445,1.3326666666666667,90,0,0,0,0,0,0,6753.376688344172
2026-07-03T21:30:00Z,browser-e2e,three-user-late-join,17,17,0,794377,0.22066027777777777,1.5533269444444444,90,0,0,0,0,0,0,5794.0152472014815
2026-07-03T21:45:00Z,browser-e2e,three-user-late-join,15,15,2,759538,0.21098277777777777,1.7643097222222222,92,0,0,0,0,0,0,5214.503941185686
2026-07-03T22:00:00Z,browser-e2e,three-user-late-join,18,18,0,866801,0.24077805555555556,2.005087777777778,92,0,0,0,0,0,0,4588.327803881127
2026-07-03T22:15:00Z,browser-e2e,three-user-late-join,14,14,1,650469,0.18068583333333332,2.1857736111111112,93,0,0,0,0,0,0,4254.786475929893
2026-07-04T05:15:00Z,browser-e2e,three-user-late-join,18,18,0,857632,0.23823111111111112,2.4240047222222225,93,0,0,0,0,0,0,3836.6261891908207
2026-07-04T05:30:00Z,browser-e2e,three-user-late-join,17,17,0,827783,0.22993972222222223,2.653944444444445,93,0,0,0,0,0,0,3504.218040233614
2026-07-04T05:45:00Z,browser-e2e,three-user-late-join,12,12,1,611460,0.16985,2.8237944444444447,94,0,0,0,0,0,0,3328.8542013012434
2026-07-04T15:00:00Z,browser-e2e,three-user-late-join,5,5,0,210065,0.05835138888888889,2.8821458333333334,94,0,0,0,0,0,0,3261.4588378161525
2026-07-04T15:15:00Z,browser-e2e,three-user-late-join,8,8,0,354376,0.09843777777777778,2.9805836111111113,94,0,0,0,0,0,0,3153.7447783576313
2026-07-04T15:30:00Z,browser-e2e,three-user-late-join,4,4,0,168160,0.04671111111111111,3.0272947222222224,94,0,0,0,0,0,0,3105.082544820683
2026-07-04T21:45:00Z,browser-e2e,three-user-late-join,7,7,0,270292,0.07508111111111111,3.1023758333333333,94,0,0,0,0,0,0,3029.935928136796
2026-07-03T06:30:00Z,browser-e2e,unknown,3,3,1,418549,0.11626361111111111,0.11626361111111111,1,0,0,0,0,0,0,860.114347424077
2026-07-03T06:45:00Z,browser-e2e,unknown,8,8,0,468908,0.1302522222222222,0.24651583333333332,1,0,0,0,0,0,0,405.6534570125651
2026-07-04T06:00:00Z,browser-e2e,unknown,3,3,0,180476,0.050132222222222224,0.29664805555555557,1,0,0,0,0,0,0,337.09979933198053
2026-07-04T07:30:00Z,browser-e2e,unknown,9,9,8,755117,0.20975472222222222,0.5064027777777778,9,0,0,0,0,0,0,1777.2414360549628
2026-07-04T07:45:00Z,browser-e2e,unknown,10,10,10,933911,0.2594197222222222,0.7658225,19,0,0,0,0,0,0,2480.9926582204102
2026-07-04T08:15:00Z,browser-e2e,unknown,4,4,0,245809,0.06828027777777777,0.8341027777777777,19,0,0,0,0,0,0,2277.8967420082126
2026-07-04T08:30:00Z,browser-e2e,unknown,7,7,7,707684,0.1965788888888889,1.0306816666666667,26,0,0,0,0,0,0,2522.6023553990967
2026-07-04T08:45:00Z,browser-e2e,unknown,15,15,7,1064398,0.29566611111111113,1.326347777777778,33,0,0,0,0,0,0,2488.0352312490522
2026-07-04T09:00:00Z,browser-e2e,unknown,7,7,0,444112,0.12336444444444444,1.4497122222222223,33,0,0,0,0,0,0,2276.3138431305524
2026-07-04T09:15:00Z,browser-e2e,unknown,15,15,15,1375861,0.3821836111111111,1.8318958333333333,48,0,0,0,0,0,0,2620.2363216613026
2026-07-04T10:00:00Z,browser-e2e,unknown,2,2,2,153661,0.04268361111111111,1.8745794444444444,50,0,0,0,0,0,0,2667.2649243104306
2026-07-04T10:15:00Z,browser-e2e,unknown,13,13,12,1204011,0.3344475,2.209026944444444,62,0,0,0,0,0,0,2806.6656296758115
2026-07-04T11:45:00Z,browser-e2e,unknown,15,15,15,1273445,0.35373472222222224,2.5627616666666664,77,0,0,0,0,0,0,3004.5712405302356
2026-07-04T12:15:00Z,browser-e2e,unknown,16,16,16,1423644,0.3954566666666667,2.958218333333333,93,0,0,0,0,0,0,3143.784180906188
2026-07-04T12:45:00Z,browser-e2e,unknown,4,4,0,244426,0.06789611111111112,3.026114444444444,93,0,0,0,0,0,0,3073.247945752217
2026-07-04T13:00:00Z,browser-e2e,unknown,14,14,1,850019,0.2361163888888889,3.262230833333333,94,0,0,0,0,0,0,2881.46378360207
2026-07-04T13:15:00Z,browser-e2e,unknown,11,11,0,659294,0.18313722222222223,3.4453680555555555,94,0,0,0,0,0,0,2728.3006774393157
2026-07-04T13:45:00Z,browser-e2e,unknown,9,9,9,740274,0.20563166666666666,3.650999722222222,103,0,0,0,0,0,0,2821.1451064506764
2026-07-04T14:15:00Z,browser-e2e,unknown,11,11,0,658604,0.18294555555555556,3.8339452777777776,103,0,0,0,0,0,0,2686.527650694603
2026-07-04T14:30:00Z,browser-e2e,unknown,9,9,9,804280,0.22341111111111112,4.057356388888889,112,0,0,0,0,0,0,2760.4180965397354
2026-07-04T14:45:00Z,browser-e2e,unknown,5,5,1,316546,0.08792944444444445,4.145285833333333,113,0,0,0,0,0,0,2725.9881355186003
2026-07-04T15:00:00Z,browser-e2e,unknown,14,14,0,896234,0.2489538888888889,4.394239722222222,113,0,0,0,0,0,0,2571.5483711219667
2026-07-04T15:15:00Z,browser-e2e,unknown,13,13,1,819590,0.2276638888888889,4.621903611111112,114,0,0,0,0,0,0,2466.5161715173513
2026-07-04T15:30:00Z,browser-e2e,unknown,11,11,0,720061,0.20001694444444446,4.821920555555556,114,0,0,0,0,0,0,2364.2031984258924
2026-07-04T15:45:00Z,browser-e2e,unknown,9,9,9,831785,0.23105138888888888,5.052971944444445,123,0,0,0,0,0,0,2434.211021797458
2026-07-04T16:15:00Z,browser-e2e,unknown,1,1,0,60855,0.016904166666666668,5.069876111111111,123,0,0,0,0,0,0,2426.0947862302573
2026-07-04T16:45:00Z,browser-e2e,unknown,9,9,9,744252,0.20673666666666668,5.276612777777778,132,0,0,0,0,0,0,2501.6048279288593
2026-07-04T17:30:00Z,browser-e2e,unknown,4,4,4,367025,0.10195138888888888,5.378564166666667,136,0,0,0,0,0,0,2528.5558707814985
2026-07-04T17:45:00Z,browser-e2e,unknown,3,3,3,284959,0.07915527777777778,5.457719444444445,139,0,0,0,0,0,0,2546.8513252635535
2026-07-04T18:00:00Z,browser-e2e,unknown,7,7,7,627212,0.17422555555555555,5.631945,146,0,0,0,0,0,0,2592.354861419989
2026-07-04T18:45:00Z,browser-e2e,unknown,11,11,0,689681,0.19157805555555554,5.8235230555555555,146,0,0,0,0,0,0,2507.0734434668057
2026-07-04T19:00:00Z,browser-e2e,unknown,5,5,0,312509,0.08680805555555555,5.910331111111111,146,0,0,0,0,0,0,2470.250773692318
2026-07-04T20:30:00Z,browser-e2e,unknown,3,3,3,260127,0.0722575,5.982588611111111,149,0,0,0,0,0,0,2490.5606867781457
2026-07-04T20:45:00Z,browser-e2e,unknown,5,5,5,485109,0.1347525,6.117341111111111,154,0,0,0,0,0,0,2517.4335908828944
2026-07-04T21:00:00Z,browser-e2e,unknown,6,6,6,519272,0.14424222222222222,6.261583333333333,160,0,0,0,0,0,0,2555.2642436018577
2026-07-04T21:15:00Z,browser-e2e,unknown,3,3,3,267662,0.07435055555555556,6.3359338888888885,163,0,0,0,0,0,0,2572.627853422643
2026-07-04T21:30:00Z,browser-e2e,unknown,6,6,6,551323,0.15314527777777778,6.4890791666666665,169,0,0,0,0,0,0,2604.3756850451946
2026-07-04T21:45:00Z,browser-e2e,unknown,1,1,0,63928,0.01775777777777778,6.506836944444444,169,0,0,0,0,0,0,2597.2680957418593
2026-05-16T17:15:00Z,protocol-server,wp-http-polling-protocol-state-machine,12,1,0,4325,0.001201388888888889,0.001201388888888889,0,0,0,0,0,0,0,0
2026-05-16T17:30:00Z,protocol-server,wp-http-polling-protocol-state-machine,16920,94,3,489180,0.13588333333333333,0.1370847222222222,3,0,0,0,0,0,0,2188.4276755048077
2026-05-16T17:45:00Z,protocol-server,wp-http-polling-protocol-state-machine,80484,449,383,911018,0.25306055555555557,0.39014527777777774,386,0,0,0,0,0,0,98937.5040494175
2026-05-16T18:00:00Z,protocol-server,wp-http-polling-protocol-state-machine,155544,866,866,901960,0.25054444444444446,0.6406897222222222,1252,0,0,0,0,0,0,195414.403661332
2026-05-16T18:15:00Z,protocol-server,wp-http-polling-protocol-state-machine,27012,151,14,905801,0.2516113888888889,0.8923011111111111,1266,0,0,0,0,0,0,141880.3567804092
2026-05-16T18:30:00Z,protocol-server,wp-http-polling-protocol-state-machine,24660,137,3,894863,0.24857305555555556,1.1408741666666666,1269,0,0,0,0,0,0,111230.49649793397
2026-05-16T18:45:00Z,protocol-server,wp-http-polling-protocol-state-machine,25380,141,0,909024,0.25250666666666666,1.3933808333333333,1269,0,0,0,0,0,0,91073.45024721048
2026-05-16T19:00:00Z,protocol-server,wp-http-polling-protocol-state-machine,23580,131,0,899690,0.24991388888888888,1.643294722222222,1269,0,0,0,0,0,0,77222.90973368037
2026-05-16T19:15:00Z,protocol-server,wp-http-polling-protocol-state-machine,33300,185,60,897266,0.24924055555555555,1.8925352777777775,1329,0,0,0,0,0,0,70223.26165356966
2026-05-16T19:30:00Z,protocol-server,wp-http-polling-protocol-state-machine,25020,139,2,900420,0.25011666666666665,2.1426519444444443,1331,0,0,0,0,0,0,62119.28182974707
2026-05-16T19:45:00Z,protocol-server,wp-http-polling-protocol-state-machine,25740,143,0,901156,0.2503211111111111,2.3929730555555553,1331,0,0,0,0,0,0,55621.186244029544
2026-05-16T20:00:00Z,protocol-server,wp-http-polling-protocol-state-machine,12240,68,0,899090,0.24974722222222223,2.6427202777777774,1331,0,0,0,0,0,0,50364.77039178801
2026-05-16T20:15:00Z,protocol-server,wp-http-polling-protocol-state-machine,27720,154,39,895539,0.24876083333333332,2.8914811111111107,1370,0,0,0,0,0,0,47380.5619803461
2026-05-16T20:30:00Z,protocol-server,wp-http-polling-protocol-state-machine,25020,139,0,901610,0.2504472222222222,3.141928333333333,1370,0,0,0,0,0,0,43603.79533375735
2026-05-16T20:45:00Z,protocol-server,wp-http-polling-protocol-state-machine,27540,153,0,902129,0.2505913888888889,3.3925197222222216,1370,0,0,0,0,0,0,40382.963465945635
2026-05-16T21:00:00Z,protocol-server,wp-http-polling-protocol-state-machine,25560,142,2,898404,0.24955666666666668,3.6420763888888885,1372,0,0,0,0,0,0,37670.81888193358
2026-05-16T21:15:00Z,protocol-server,wp-http-polling-protocol-state-machine,174420,969,907,899914,0.24997611111111112,3.8920524999999997,2279,0,0,0,0,0,0,58555.22246937831
2026-05-16T21:30:00Z,protocol-server,wp-http-polling-protocol-state-machine,125460,697,598,898992,0.24972,4.1417725,2877,0,0,0,0,0,0,69463.01372178216
2026-05-16T21:45:00Z,protocol-server,wp-http-polling-protocol-state-machine,253980,1411,1411,897768,0.24938,4.3911525000000005,4288,0,0,0,0,0,0,97650.9014432999
2026-05-16T22:00:00Z,protocol-server,wp-http-polling-protocol-state-machine,297900,1655,1655,897841,0.2494002777777778,4.640552777777779,5943,0,0,0,0,0,0,128066.63957059711
2026-05-16T22:15:00Z,protocol-server,wp-http-polling-protocol-state-machine,255240,1418,1418,898210,0.24950277777777777,4.8900555555555565,7361,0,0,0,0,0,0,150529.98716215446
2026-05-16T22:30:00Z,protocol-server,wp-http-polling-protocol-state-machine,282780,1571,1571,897754,0.2493761111111111,5.139431666666668,8932,0,0,0,0,0,0,173793.5355368411
2026-05-16T22:45:00Z,protocol-server,wp-http-polling-protocol-state-machine,279720,1554,1554,898077,0.24946583333333333,5.3888975000000015,10486,0,0,0,0,0,0,194585.2560751062
2026-05-16T23:00:00Z,protocol-server,wp-http-polling-protocol-state-machine,279540,1553,1553,897671,0.24935305555555556,5.638250555555557,12039,0,0,0,0,0,0,213523.67869032655
2026-05-16T23:15:00Z,protocol-server,wp-http-polling-protocol-state-machine,281160,1562,1562,898074,0.249465,5.887715555555557,13601,0,0,0,0,0,0,231006.4042948934
2026-05-16T23:30:00Z,protocol-server,wp-http-polling-protocol-state-machine,282420,1569,1569,897773,0.2493813888888889,6.137096944444446,15170,0,0,0,0,0,0,247185.27566576103
2026-05-16T23:45:00Z,protocol-server,wp-http-polling-protocol-state-machine,279360,1552,1552,897607,0.24933527777777778,6.386432222222224,16722,0,0,0,0,0,0,261836.33393640575
2026-05-17T00:00:00Z,protocol-server,wp-http-polling-protocol-state-machine,236353,1314,1292,897526,0.24931277777777777,6.635745000000002,18014,0,0,0,0,0,0,271469.14174670656
2026-05-17T00:15:00Z,protocol-server,wp-http-polling-protocol-state-machine,20880,116,2,894560,0.2484888888888889,6.8842338888888905,18016,0,0,0,0,0,0,261699.41769523124
2026-05-17T00:30:00Z,protocol-server,wp-http-polling-protocol-state-machine,22680,126,6,904744,0.25131777777777775,7.135551666666668,18022,0,0,0,0,0,0,252566.31640954642
2026-05-17T00:45:00Z,protocol-server,wp-http-polling-protocol-state-machine,17640,98,2,891201,0.24755583333333334,7.383107500000001,18024,0,0,0,0,0,0,244124.8485139895
2026-05-17T01:00:00Z,protocol-server,wp-http-polling-protocol-state-machine,24133,135,2,909959,0.2527663888888889,7.63587388888889,18026,0,0,0,0,0,0,236069.90191692385
2026-05-17T01:15:00Z,protocol-server,wp-http-polling-protocol-state-machine,25457,144,1,921839,0.2560663888888889,7.8919402777777785,18027,0,0,0,0,0,0,228422.9145874386
2026-05-17T01:30:00Z,protocol-server,wp-http-polling-protocol-state-machine,22153,124,2,890714,0.24742055555555556,8.139360833333335,18029,0,0,0,0,0,0,221503.87934842956
2026-05-17T01:45:00Z,protocol-server,wp-http-polling-protocol-state-machine,15660,87,4,918169,0.2550469444444444,8.39440777777778,18033,0,0,0,0,0,0,214821.5869109686
2026-05-17T02:00:00Z,protocol-server,wp-http-polling-protocol-state-machine,26294,148,0,905135,0.2514263888888889,8.645834166666669,18033,0,0,0,0,0,0,208574.43772776498
2026-05-17T02:15:00Z,protocol-server,wp-http-polling-protocol-state-machine,24133,135,0,909717,0.25269916666666664,8.898533333333335,18033,0,0,0,0,0,0,202651.37326001286
2026-05-17T02:30:00Z,protocol-server,wp-http-polling-protocol-state-machine,26653,149,0,906574,0.2518261111111111,9.150359444444446,18033,0,0,0,0,0,0,197074.22543874563
2026-05-17T02:45:00Z,protocol-server,wp-http-polling-protocol-state-machine,15313,86,0,928518,0.25792166666666666,9.408281111111112,18033,0,0,0,0,0,0,191671.5687704437
2026-05-17T03:00:00Z,protocol-server,wp-http-polling-protocol-state-machine,24673,138,3,899048,0.24973555555555554,9.658016666666667,18036,0,0,0,0,0,0,186746.41618965936
2026-05-17T03:15:00Z,protocol-server,wp-http-polling-protocol-state-machine,25560,142,2,898418,0.24956055555555556,9.907577222222223,18038,0,0,0,0,0,0,182062.67380426393
2026-05-17T03:30:00Z,protocol-server,wp-http-polling-protocol-state-machine,25933,145,0,914290,0.25396944444444447,10.161546666666666,18038,0,0,0,0,0,0,177512.34720173833
2026-05-17T03:45:00Z,protocol-server,wp-http-polling-protocol-state-machine,12780,71,0,900251,0.25006972222222223,10.411616388888888,18038,0,0,0,0,0,0,173248.79563609228
2026-05-17T04:00:00Z,protocol-server,wp-http-polling-protocol-state-machine,23246,131,0,908408,0.25233555555555554,10.663951944444443,18038,0,0,0,0,0,0,169149.29937767755
2026-05-17T04:15:00Z,protocol-server,wp-http-polling-protocol-state-machine,21986,124,3,917233,0.25478694444444444,10.918738888888887,18041,0,0,0,0,0,0,165229.70448866452
2026-05-17T04:30:00Z,protocol-server,wp-http-polling-protocol-state-machine,20366,115,0,916686,0.254635,11.173373888888888,18041,0,0,0,0,0,0,161464.21107361733
2026-05-17T04:45:00Z,protocol-server,wp-http-polling-protocol-state-machine,19080,106,0,904542,0.25126166666666666,11.424635555555554,18041,0,0,0,0,0,0,157913.1335285969
2026-05-17T05:00:00Z,protocol-server,wp-http-polling-protocol-state-machine,31860,177,0,897965,0.2494347222222222,11.674070277777776,18041,0,0,0,0,0,0,154539.0730972557
2026-05-17T05:15:00Z,protocol-server,wp-http-polling-protocol-state-machine,26306,148,0,907053,0.2519591666666667,11.926029444444444,18041,0,0,0,0,0,0,151274.15276007153
2026-05-17T05:30:00Z,protocol-server,wp-http-polling-protocol-state-machine,23580,131,0,904687,0.2513019444444444,12.177331388888888,18041,0,0,0,0,0,0,148152.32848521616
2026-05-17T05:45:00Z,protocol-server,wp-http-polling-protocol-state-machine,26139,148,2,924851,0.25690305555555554,12.434234444444444,18043,0,0,0,0,0,0,145107.44574276163
2026-05-17T06:00:00Z,protocol-server,wp-http-polling-protocol-state-machine,32413,181,0,903393,0.2509425,12.685176944444445,18043,0,0,0,0,0,0,142236.8807232291
2026-05-17T06:15:00Z,protocol-server,wp-http-polling-protocol-state-machine,34946,196,0,911395,0.25316527777777775,12.938342222222222,18043,0,0,0,0,0,0,139453.723592272
2026-05-17T06:30:00Z,protocol-server,wp-http-polling-protocol-state-machine,38160,212,2,895154,0.2486538888888889,13.18699611111111,18045,0,0,0,0,0,0,136839.35179745467
2026-05-17T06:45:00Z,protocol-server,wp-http-polling-protocol-state-machine,33326,187,39,915662,0.2543505555555556,13.441346666666666,18084,0,0,0,0,0,0,134540.09072503648
2026-05-17T07:00:00Z,protocol-server,wp-http-polling-protocol-state-machine,27746,156,0,915338,0.25426055555555555,13.695607222222222,18084,0,0,0,0,0,0,132042.33814954374
2026-05-17T07:15:00Z,protocol-server,wp-http-polling-protocol-state-machine,27720,154,0,898498,0.24958277777777776,13.94519,18084,0,0,0,0,0,0,129679.12233537155
2026-05-17T07:30:00Z,protocol-server,wp-http-polling-protocol-state-machine,30986,174,0,907217,0.2520047222222222,14.197194722222223,18084,0,0,0,0,0,0,127377.27666504381
2026-05-17T07:45:00Z,protocol-server,wp-http-polling-protocol-state-machine,29726,167,0,913852,0.2538477777777778,14.451042500000002,18084,0,0,0,0,0,0,125139.76067816559
2026-05-17T08:00:00Z,protocol-server,wp-http-polling-protocol-state-machine,53640,298,173,897470,0.24929722222222223,14.700339722222223,18257,0,0,0,0,0,0,124194.4087346583
2026-05-17T08:15:00Z,protocol-server,wp-http-polling-protocol-state-machine,41426,232,0,904997,0.25138805555555555,14.951727777777778,18257,0,0,0,0,0,0,122106.28946264478
2026-05-17T08:30:00Z,protocol-server,wp-http-polling-protocol-state-machine,29392,167,0,920875,0.25579861111111113,15.207526388888889,18257,0,0,0,0,0,0,120052.39730071522
2026-05-17T08:45:00Z,protocol-server,wp-http-polling-protocol-state-machine,97740,543,451,898517,0.24958805555555555,15.457114444444445,18708,0,0,0,0,0,0,121031.64576570745
2026-05-17T09:00:00Z,protocol-server,wp-http-polling-protocol-state-machine,172106,958,956,907070,0.2519638888888889,15.709078333333334,19664,0,0,0,0,0,0,125176.02613435734
2026-05-17T09:15:00Z,protocol-server,wp-http-polling-protocol-state-machine,101726,567,565,906718,0.2518661111111111,15.960944444444445,20229,0,0,0,0,0,0,126740.62033366167
2026-05-17T09:30:00Z,protocol-server,wp-http-polling-protocol-state-machine,179640,998,998,898561,0.24960027777777777,16.210544722222224,21227,0,0,0,0,0,0,130945.63053702304
2026-05-17T09:45:00Z,protocol-server,wp-http-polling-protocol-state-machine,176053,979,978,895988,0.24888555555555555,16.45943027777778,22205,0,0,0,0,0,0,134907.4641421789
2026-05-17T10:00:00Z,protocol-server,wp-http-polling-protocol-state-machine,158066,880,878,907660,0.2521277777777778,16.711558055555557,23083,0,0,0,0,0,0,138125.96002876185
2026-05-17T10:15:00Z,protocol-server,wp-http-polling-protocol-state-machine,158953,884,883,902122,0.2505894444444444,16.9621475,23966,0,0,0,0,0,0,141291.07178203703
2026-05-17T10:30:00Z,protocol-server,wp-http-polling-protocol-state-machine,156819,874,871,909396,0.25261,17.2147575,24837,0,0,0,0,0,0,144277.37364293396
2026-05-17T10:45:00Z,protocol-server,wp-http-polling-protocol-state-machine,154800,860,860,899066,0.24974055555555555,17.464498055555556,25697,0,0,0,0,0,0,147138.49730038844
2026-05-17T11:00:00Z,protocol-server,wp-http-polling-protocol-state-machine,154479,861,858,917470,0.25485277777777776,17.719350833333333,26555,0,0,0,0,0,0,149864.4067142979
2026-05-17T11:15:00Z,protocol-server,wp-http-polling-protocol-state-machine,35859,202,57,877327,0.24370194444444446,17.96305277777778,26612,0,0,0,0,0,0,148148.5376078274
2026-05-17T11:30:00Z,protocol-server,wp-http-polling-protocol-state-machine,41966,235,0,910243,0.25284527777777777,18.215898055555556,26612,0,0,0,0,0,0,146092.1658588431
2026-05-17T11:45:00Z,protocol-server,wp-http-polling-protocol-state-machine,29379,166,0,914597,0.2540547222222222,18.469952777777777,26612,0,0,0,0,0,0,144082.66399044814
2026-05-17T12:00:00Z,protocol-server,wp-http-polling-protocol-state-machine,38880,216,0,898894,0.2496927777777778,18.719645555555555,26612,0,0,0,0,0,0,142160.8113306514
2026-05-17T12:15:00Z,protocol-server,wp-http-polling-protocol-state-machine,33120,184,0,895781,0.24882805555555557,18.96847361111111,26612,0,0,0,0,0,0,140295.94866511325
2026-05-17T12:30:00Z,protocol-server,wp-http-polling-protocol-state-machine,31539,178,0,916000,0.2544444444444444,19.222918055555557,26612,0,0,0,0,0,0,138438.9192269846
2026-05-17T12:45:00Z,protocol-server,wp-http-polling-protocol-state-machine,34046,191,0,915918,0.25442166666666666,19.477339722222222,26612,0,0,0,0,0,0,136630.5685454449
2026-05-17T13:00:00Z,protocol-server,wp-http-polling-protocol-state-machine,37260,207,0,900595,0.25016527777777775,19.727505,26612,0,0,0,0,0,0,134897.95085592425
2026-05-17T13:15:00Z,protocol-server,wp-http-polling-protocol-state-machine,30639,173,0,918655,0.2551819444444444,19.982686944444445,26612,0,0,0,0,0,0,133175.28355413998
2026-05-17T13:30:00Z,protocol-server,wp-http-polling-protocol-state-machine,3986,24,3,117101,0.03252805555555555,20.015215,26615,0,0,0,0,0,0,132973.84015110505
2026-05-17T14:00:00Z,protocol-server,wp-http-polling-protocol-state-machine,26,2,0,36561,0.010155833333333333,20.025370833333334,26615,0,0,0,0,0,0,132906.40269042042
2026-05-17T14:15:00Z,protocol-server,wp-http-polling-protocol-state-machine,13,1,0,4483,0.0012452777777777779,20.02661611111111,26615,0,0,0,0,0,0,132898.1384190689
2026-05-17T14:30:00Z,protocol-server,wp-http-polling-protocol-state-machine,333,3,0,12493,0.003470277777777778,20.03008638888889,26615,0,0,0,0,0,0,132875.1133832548
2026-05-17T14:45:00Z,protocol-server,wp-http-polling-protocol-state-machine,26,2,0,8805,0.0024458333333333333,20.032532222222223,26615,0,0,0,0,0,0,132858.89025290473
2026-05-17T15:00:00Z,protocol-server,wp-http-polling-protocol-state-machine,26,2,0,10400,0.0028888888888888888,20.035421111111113,26615,0,0,0,0,0,0,132839.73345207117
2026-05-17T15:30:00Z,protocol-server,wp-http-polling-protocol-state-machine,26,2,0,7044,0.0019566666666666665,20.03737777777778,26615,0,0,0,0,0,0,132826.7615412085
2026-05-17T15:45:00Z,protocol-server,wp-http-polling-protocol-state-machine,26,2,0,13919,0.003866388888888889,20.04124416666667,26615,0,0,0,0,0,0,132801.13638986068
2026-05-17T16:15:00Z,protocol-server,wp-http-polling-protocol-state-machine,13,1,0,5730,0.0015916666666666666,20.042835833333335,26615,0,0,0,0,0,0,132790.59022045406
2026-05-17T16:30:00Z,protocol-server,wp-http-polling-protocol-state-machine,39,3,0,11168,0.0031022222222222224,20.045938055555556,26615,0,0,0,0,0,0,132770.04012602885
2026-05-17T16:45:00Z,protocol-server,wp-http-polling-protocol-state-machine,26,2,0,8460,0.00235,20.048288055555556,26615,0,0,0,0,0,0,132754.47722143412
2026-05-17T17:15:00Z,protocol-server,wp-http-polling-protocol-state-machine,26,2,0,16180,0.004494444444444444,20.0527825,26615,0,0,0,0,0,0,132724.72286576687
2026-05-17T17:30:00Z,protocol-server,wp-http-polling-protocol-state-machine,26,2,0,9562,0.0026561111111111113,20.05543861111111,26615,0,0,0,0,0,0,132707.1450098068
2026-05-17T17:45:00Z,protocol-server,wp-http-polling-protocol-state-machine,2726,47,0,413865,0.1149625,20.17040111111111,26615,0,0,0,0,0,0,131950.77209118466
2026-05-17T18:00:00Z,protocol-server,wp-http-polling-protocol-state-machine,5220,87,3,688976,0.19138222222222223,20.361783333333335,26618,0,0,0,0,0,0,130725.28846933019
2026-05-17T18:15:00Z,protocol-server,wp-http-polling-protocol-state-machine,13,1,0,5175,0.0014375,20.363220833333337,26618,0,0,0,0,0,0,130716.060184487
2026-05-17T18:30:00Z,protocol-server,wp-http-polling-protocol-state-machine,26,2,0,19509,0.005419166666666667,20.368640000000003,26618,0,0,0,0,0,0,130681.28259913277
2026-05-17T19:00:00Z,protocol-server,wp-http-polling-protocol-state-machine,13,1,0,5924,0.0016455555555555555,20.370285555555558,26618,0,0,0,0,0,0,130670.72588356775
2026-05-17T19:15:00Z,protocol-server,wp-http-polling-protocol-state-machine,13,1,0,4070,0.0011305555555555557,20.371416111111113,26618,0,0,0,0,0,0,130663.47403056498
2026-05-17T19:45:00Z,protocol-server,wp-http-polling-protocol-state-machine,39,3,0,11335,0.003148611111111111,20.374564722222225,26618,0,0,0,0,0,0,130643.28177263172
2026-05-17T20:00:00Z,protocol-server,wp-http-polling-protocol-state-machine,26,2,0,8982,0.002495,20.377059722222224,26618,0,0,0,0,0,0,130627.2855988723
2026-05-17T20:15:00Z,protocol-server,wp-http-polling-protocol-state-machine,26,2,0,6697,0.0018602777777777778,20.37892,26618,0,0,0,0,0,0,130615.36136360513
2026-05-17T20:30:00Z,protocol-server,wp-http-polling-protocol-state-machine,27720,154,0,780628,0.21684111111111112,20.595761111111113,26618,0,0,0,0,0,0,129240.18615481016
2026-05-17T20:45:00Z,protocol-server,wp-http-polling-protocol-state-machine,21626,122,3,600556,0.16682111111111111,20.762582222222225,26621,0,0,0,0,0,0,128216.22915240042
2026-05-17T21:00:00Z,protocol-server,wp-http-polling-protocol-state-machine,26,2,0,6619,0.0018386111111111112,20.764420833333336,26621,0,0,0,0,0,0,128204.8760891276
2026-05-17T21:30:00Z,protocol-server,wp-http-polling-protocol-state-machine,26,2,0,6455,0.0017930555555555555,20.766213888888892,26621,0,0,0,0,0,0,128193.80625875067
2026-05-17T21:45:00Z,protocol-server,wp-http-polling-protocol-state-machine,26,2,0,8403,0.0023341666666666667,20.76854805555556,26621,0,0,0,0,0,0,128179.3986213635
2026-05-17T22:00:00Z,protocol-server,wp-http-polling-protocol-state-machine,52,4,2,14670,0.004075,20.77262305555556,26623,0,0,0,0,0,0,128163.88151269023
2026-05-17T22:30:00Z,protocol-server,wp-http-polling-protocol-state-machine,26,2,0,6550,0.0018194444444444445,20.774442500000003,26623,0,0,0,0,0,0,128152.65680414767
2026-05-17T22:45:00Z,protocol-server,wp-http-polling-protocol-state-machine,26,2,0,6352,0.0017644444444444444,20.776206944444446,26623,0,0,0,0,0,0,128141.7732851327
2026-05-17T23:00:00Z,protocol-server,wp-http-polling-protocol-state-machine,26,2,0,9732,0.002703333333333333,20.77891027777778,26623,0,0,0,0,0,0,128125.10205827416
2026-05-17T23:30:00Z,protocol-server,wp-http-polling-protocol-state-machine,26,2,0,8878,0.002466111111111111,20.78137638888889,26623,0,0,0,0,0,0,128109.89754381443
2026-05-17T23:45:00Z,protocol-server,wp-http-polling-protocol-state-machine,26,2,0,9704,0.0026955555555555556,20.784071944444445,26623,0,0,0,0,0,0,128093.28254426242
2026-05-18T00:00:00Z,protocol-server,wp-http-polling-protocol-state-machine,26,2,0,7739,0.002149722222222222,20.786221666666666,26623,0,0,0,0,0,0,128080.0350681016
2026-05-18T00:30:00Z,protocol-server,wp-http-polling-protocol-state-machine,3086,19,0,158459,0.04401638888888889,20.830238055555554,26623,0,0,0,0,0,0,127809.38906696498
2026-05-18T00:45:00Z,protocol-server,wp-http-polling-protocol-state-machine,31706,178,0,912599,0.2534997222222222,21.083737777777777,26623,0,0,0,0,0,0,126272.67650833998
2026-05-18T01:00:00Z,protocol-server,wp-http-polling-protocol-state-machine,22140,123,3,657346,0.1825961111111111,21.266333888888887,26626,0,0,0,0,0,0,125202.5861115225
2026-05-18T01:15:00Z,protocol-server,wp-http-polling-protocol-state-machine,13,1,0,19421,0.005394722222222223,21.271728611111108,26626,0,0,0,0,0,0,125170.83348878442
2026-05-18T01:30:00Z,protocol-server,wp-http-polling-protocol-state-machine,13,1,0,4930,0.0013694444444444444,21.273098055555554,26626,0,0,0,0,0,0,125162.77568253165
2026-05-18T01:45:00Z,protocol-server,wp-http-polling-protocol-state-machine,1080,6,3,27352,0.007597777777777778,21.280695833333333,26629,0,0,0,0,0,0,125132.18650627614
2026-05-18T02:15:00Z,protocol-server,wp-http-polling-protocol-state-machine,52,4,2,24581,0.006828055555555556,21.287523888888888,26631,0,0,0,0,0,0,125101.44504829029
2026-05-18T02:45:00Z,protocol-server,wp-http-polling-protocol-state-machine,26,2,0,6521,0.0018113888888888889,21.289335277777777,26631,0,0,0,0,0,0,125090.80087530002
2026-05-18T03:00:00Z,protocol-server,wp-http-polling-protocol-state-machine,26,2,0,5800,0.0016111111111111111,21.290946388888887,26631,0,0,0,0,0,0,125081.33510635266
2026-05-18T03:15:00Z,protocol-server,wp-http-polling-protocol-state-machine,26,2,0,5943,0.0016508333333333334,21.29259722222222,26631,0,0,0,0,0,0,125071.63744311241
2026-05-18T03:45:00Z,protocol-server,wp-http-polling-protocol-state-machine,3086,19,3,95421,0.026505833333333333,21.319103055555555,26634,0,0,0,0,0,0,124930.20898015423
2026-05-18T04:00:00Z,protocol-server,wp-http-polling-protocol-state-machine,28106,158,0,915768,0.25438,21.573483055555556,26634,0,0,0,0,0,0,123457.115994727
2026-05-18T04:15:00Z,protocol-server,wp-http-polling-protocol-state-machine,5426,32,3,162428,0.04511888888888889,21.618601944444446,26637,0,0,0,0,0,0,123213.33298264083
2026-05-18T04:30:00Z,protocol-server,wp-http-polling-protocol-state-machine,14760,82,0,474052,0.1316811111111111,21.750283055555556,26637,0,0,0,0,0,0,122467.3717209223
2026-05-18T04:45:00Z,protocol-server,wp-http-polling-protocol-state-machine,9026,52,3,283307,0.07869638888888889,21.828979444444446,26640,0,0,0,0,0,0,122039.60367363843
2026-05-18T05:00:00Z,protocol-server,wp-http-polling-protocol-state-machine,12986,74,8,422570,0.11738055555555556,21.946360000000002,26648,0,0,0,0,0,0,121423.3248702746
2026-05-18T05:15:00Z,protocol-server,wp-http-polling-protocol-state-machine,18000,100,0,519093,0.1441925,22.0905525,26648,0,0,0,0,0,0,120630.75380301148
2026-05-18T05:30:00Z,protocol-server,wp-http-polling-protocol-state-machine,28106,158,3,838380,0.23288333333333333,22.323435833333335,26651,0,0,0,0,0,0,119385.74419715781
2026-05-18T05:45:00Z,protocol-server,wp-http-polling-protocol-state-machine,6326,37,0,234290,0.06508055555555556,22.388516388888892,26651,0,0,0,0,0,0,119038.70509805875
2026-05-18T06:00:00Z,protocol-server,wp-http-polling-protocol-state-machine,14580,81,3,607293,0.1686925,22.55720888888889,26654,0,0,0,0,0,0,118161.7820329229
2026-05-18T06:15:00Z,protocol-server,wp-http-polling-protocol-state-machine,12612,93,24,563131,0.1564252777777778,22.71363416666667,26678,0,0,0,0,0,0,117453.68356399446
2026-05-18T06:30:00Z,protocol-server,wp-http-polling-protocol-state-machine,40,2,0,12833,0.003564722222222222,22.71719888888889,26678,0,0,0,0,0,0,117435.25304542876
2026-05-18T06:45:00Z,protocol-server,wp-http-polling-protocol-state-machine,3460,21,0,254611,0.07072527777777778,22.78792416666667,26678,0,0,0,0,0,0,117070.7775086578
2026-05-18T07:00:00Z,protocol-server,wp-http-polling-protocol-state-machine,5040,28,3,297150,0.08254166666666667,22.870465833333338,26681,0,0,0,0,0,0,116661.37539320633
2026-05-18T07:15:00Z,protocol-server,wp-http-polling-protocol-state-machine,40,2,0,18462,0.005128333333333334,22.87559416666667,26681,0,0,0,0,0,0,116635.22182465714
2026-05-18T07:30:00Z,protocol-server,wp-http-polling-protocol-state-machine,2200,14,6,142149,0.03948583333333333,22.915080000000003,26687,0,0,0,0,0,0,116460.426932832
2026-05-18T07:45:00Z,protocol-server,wp-http-polling-protocol-state-machine,8500,49,4,458121,0.12725583333333335,23.042335833333336,26691,0,0,0,0,0,0,115834.61066212071
2026-05-18T08:00:00Z,protocol-server,wp-http-polling-protocol-state-machine,12960,72,0,898337,0.24953805555555555,23.29187388888889,26691,0,0,0,0,0,0,114593.61375270292
2026-05-18T08:15:00Z,protocol-server,wp-http-polling-protocol-state-machine,12820,73,0,937178,0.2603272222222222,23.552201111111113,26691,0,0,0,0,0,0,113326.98746109173
2026-05-18T08:30:00Z,protocol-server,wp-http-polling-protocol-state-machine,11920,68,0,917655,0.25490416666666665,23.80710527777778,26691,0,0,0,0,0,0,112113.58831144469
2026-05-18T08:45:00Z,protocol-server,wp-http-polling-protocol-state-machine,12100,69,0,923042,0.2564005555555556,24.063505833333334,26691,0,0,0,0,0,0,110918.99985340872
2026-05-18T09:00:00Z,protocol-server,wp-http-polling-protocol-state-machine,12960,72,0,894134,0.24837055555555557,24.31187638888889,26691,0,0,0,0,0,0,109785.8494056774
2026-05-18T09:15:00Z,protocol-server,wp-http-polling-protocol-state-machine,12460,71,0,932248,0.2589577777777778,24.570834166666668,26691,0,0,0,0,0,0,108628.79061798233
2026-05-18T09:30:00Z,protocol-server,wp-http-polling-protocol-state-machine,12640,72,0,916905,0.25469583333333334,24.82553,26691,0,0,0,0,0,0,107514.32094299699
2026-05-18T09:45:00Z,protocol-server,wp-http-polling-protocol-state-machine,15120,84,0,904419,0.2512275,25.0767575,26691,0,0,0,0,0,0,106437.2058468883
2026-05-18T10:00:00Z,protocol-server,wp-http-polling-protocol-state-machine,23440,132,0,904919,0.2513663888888889,25.32812388888889,26691,0,0,0,0,0,0,105380.88062538649
2026-05-18T10:15:00Z,protocol-server,wp-http-polling-protocol-state-machine,17280,96,0,903721,0.2510336111111111,25.5791575,26691,0,0,0,0,0,0,104346.67365412641
2026-05-18T10:30:00Z,protocol-server,wp-http-polling-protocol-state-machine,16760,94,0,903545,0.25098472222222223,25.83014222222222,26691,0,0,0,0,0,0,103332.7643741627
2026-05-18T10:45:00Z,protocol-server,wp-http-polling-protocol-state-machine,16780,95,0,911913,0.25330916666666664,26.08345138888889,26691,0,0,0,0,0,0,102329.24930850952
2026-05-18T11:00:00Z,protocol-server,wp-http-polling-protocol-state-machine,16560,92,0,898383,0.24955083333333333,26.333002222222223,26691,0,0,0,0,0,0,101359.50232623177
2026-05-18T11:15:00Z,protocol-server,wp-http-polling-protocol-state-machine,16420,93,0,919391,0.25538638888888887,26.588388611111114,26691,0,0,0,0,0,0,100385.92556468806
2026-05-18T11:30:00Z,protocol-server,wp-http-polling-protocol-state-machine,17480,98,0,899452,0.24984777777777778,26.83823638888889,26691,0,0,0,0,0,0,99451.3932035048
2026-05-18T11:45:00Z,protocol-server,wp-http-polling-protocol-state-machine,17460,97,0,900057,0.2500158333333333,27.088252222222224,26691,0,0,0,0,0,0,98533.48891259832
2026-05-18T12:00:00Z,protocol-server,wp-http-polling-protocol-state-machine,15320,86,0,913136,0.25364888888888887,27.341901111111113,26691,0,0,0,0,0,0,97619.40068298102
2026-05-18T12:15:00Z,protocol-server,wp-http-polling-protocol-state-machine,15680,88,0,907297,0.25202694444444446,27.59392805555556,26691,0,0,0,0,0,0,96727.80166079411
2026-05-18T12:30:00Z,protocol-server,wp-http-polling-protocol-state-machine,16200,90,0,895188,0.24866333333333332,27.84259138888889,26691,0,0,0,0,0,0,95863.92167020611
2026-05-18T12:45:00Z,protocol-server,wp-http-polling-protocol-state-machine,16220,91,0,903724,0.25103444444444445,28.093625833333334,26691,0,0,0,0,0,0,95007.31645799488
2026-05-18T13:00:00Z,protocol-server,wp-http-polling-protocol-state-machine,15860,89,0,906791,0.25188638888888887,28.345512222222222,26691,0,0,0,0,0,0,94163.0540691901
2026-05-18T13:15:00Z,protocol-server,wp-http-polling-protocol-state-machine,16040,90,0,908090,0.25224722222222223,28.597759444444446,26691,0,0,0,0,0,0,93332.48659515225
2026-05-18T13:30:00Z,protocol-server,wp-http-polling-protocol-state-machine,17100,95,0,903619,0.25100527777777776,28.848764722222224,26691,0,0,0,0,0,0,92520.42594198116
2026-05-18T13:45:00Z,protocol-server,wp-http-polling-protocol-state-machine,17120,96,0,904420,0.25122777777777777,29.099992500000003,26691,0,0,0,0,0,0,91721.67312414254
2026-05-18T14:00:00Z,protocol-server,wp-http-polling-protocol-state-machine,14780,83,0,900637,0.25017694444444444,29.350169444444447,26691,0,0,0,0,0,0,90939.84976993791
2026-05-18T14:15:00Z,protocol-server,wp-http-polling-protocol-state-machine,13140,73,0,896114,0.24892055555555556,29.599090000000004,26691,0,0,0,0,0,0,90175.0695713956
2026-05-18T14:30:00Z,protocol-server,wp-http-polling-protocol-state-machine,13160,74,0,909729,0.2527025,29.851792500000006,26691,0,0,0,0,0,0,89411.71623111072
2026-05-18T14:45:00Z,protocol-server,wp-http-polling-protocol-state-machine,12800,72,0,914279,0.2539663888888889,30.105758888888893,26691,0,0,0,0,0,0,88657.45619802603
2026-05-18T15:00:00Z,protocol-server,wp-http-polling-protocol-state-machine,13140,73,0,893216,0.24811555555555556,30.353874444444447,26691,0,0,0,0,0,0,87932.76143001622
2026-05-18T15:15:00Z,protocol-server,wp-http-polling-protocol-state-machine,13892,79,0,913116,0.25364333333333333,30.60751777777778,26691,0,0,0,0,0,0,87204.06598727414
2026-05-18T15:30:00Z,protocol-server,wp-http-polling-protocol-state-machine,12600,70,0,888580,0.24682777777777778,30.854345555555557,26691,0,0,0,0,0,0,86506.45320588912
2026-05-18T15:45:00Z,protocol-server,wp-http-polling-protocol-state-machine,13352,76,0,937164,0.26032333333333335,31.11466888888889,26691,0,0,0,0,0,0,85782.69013664937
2026-05-18T16:00:00Z,protocol-server,wp-http-polling-protocol-state-machine,13696,77,0,907421,0.2520613888888889,31.36673027777778,26691,0,0,0,0,0,0,85093.34496656041
2026-05-18T16:15:00Z,protocol-server,wp-http-polling-protocol-state-machine,13520,76,0,904614,0.2512816666666667,31.618011944444447,26691,0,0,0,0,0,0,84417.07229062464
2026-05-18T16:30:00Z,protocol-server,wp-http-polling-protocol-state-machine,9540,53,0,895310,0.2486972222222222,31.86670916666667,26691,0,0,0,0,0,0,83758.25649395707
2026-05-18T16:45:00Z,protocol-server,wp-http-polling-protocol-state-machine,18940,107,0,902624,0.2507288888888889,32.11743805555556,26691,0,0,0,0,0,0,83104.38694964054
2026-05-18T17:00:00Z,protocol-server,wp-http-polling-protocol-state-machine,11880,66,0,916122,0.2544783333333333,32.37191638888889,26691,0,0,0,0,0,0,82451.0964360492
2026-05-18T17:15:00Z,protocol-server,wp-http-polling-protocol-state-machine,14600,82,0,906257,0.25173805555555556,32.62365444444445,26691,0,0,0,0,0,0,81814.8685502193
2026-05-18T17:30:00Z,protocol-server,wp-http-polling-protocol-state-machine,16820,95,0,915525,0.2543125,32.877966944444445,26691,0,0,0,0,0,0,81182.02699425157
2026-05-18T17:45:00Z,protocol-server,wp-http-polling-protocol-state-machine,11740,67,0,923584,0.2565511111111111,33.13451805555555,26691,0,0,0,0,0,0,80553.45774230994
2026-05-18T18:00:00Z,protocol-server,wp-http-polling-protocol-state-machine,13320,74,0,897788,0.24938555555555555,33.38390361111111,26691,0,0,0,0,0,0,79951.70460268306
2026-05-18T18:15:00Z,protocol-server,wp-http-polling-protocol-state-machine,10640,60,0,891983,0.24777305555555557,33.631676666666664,26691,0,0,0,0,0,0,79362.68020337573
2026-05-18T18:30:00Z,protocol-server,wp-http-polling-protocol-state-machine,11180,63,0,925498,0.25708277777777777,33.88875944444444,26691,0,0,0,0,0,0,78760.62870863097
2026-05-18T18:45:00Z,protocol-server,wp-http-polling-protocol-state-machine,11340,63,0,897674,0.2493538888888889,34.13811333333333,26691,0,0,0,0,0,0,78185.34006077665
2026-05-18T19:00:00Z,protocol-server,wp-http-polling-protocol-state-machine,14080,80,0,916381,0.2545502777777778,34.39266361111111,26691,0,0,0,0,0,0,77606.66722939434
2026-05-18T19:15:00Z,protocol-server,wp-http-polling-protocol-state-machine,14240,80,0,910237,0.2528436111111111,34.64550722222222,26691,0,0,0,0,0,0,77040.292205276
2026-05-18T19:30:00Z,protocol-server,wp-http-polling-protocol-state-machine,11340,63,0,907947,0.2522075,34.89771472222222,26691,0,0,0,0,0,0,76483.51822591886
2026-05-18T19:45:00Z,protocol-server,wp-http-polling-protocol-state-machine,11900,67,0,909944,0.2527622222222222,35.15047694444444,26691,0,0,0,0,0,0,75933.53581570259
2026-05-18T20:00:00Z,protocol-server,wp-http-polling-protocol-state-machine,12980,73,0,903355,0.25093194444444444,35.40140888888889,26691,0,0,0,0,0,0,75395.30441789071
2026-05-18T20:15:00Z,protocol-server,wp-http-polling-protocol-state-machine,14400,80,0,900901,0.25025027777777775,35.65165916666667,26691,0,0,0,0,0,0,74866.08091708494
2026-05-18T20:30:00Z,protocol-server,wp-http-polling-protocol-state-machine,14560,84,0,932690,0.25908055555555554,35.910739722222225,26691,0,0,0,0,0,0,74325.95431467294
2026-05-18T20:45:00Z,protocol-server,wp-http-polling-protocol-state-machine,15864,89,0,897544,0.24931777777777778,36.1600575,26691,0,0,0,0,0,0,73813.48881981176
2026-05-18T21:00:00Z,protocol-server,wp-http-polling-protocol-state-machine,16060,91,0,920419,0.25567194444444447,36.415729444444445,26691,0,0,0,0,0,0,73295.25017676657
2026-05-18T21:15:00Z,protocol-server,wp-http-polling-protocol-state-machine,18180,101,0,894136,0.2483711111111111,36.66410055555556,26691,0,0,0,0,0,0,72798.7311718073
2026-05-18T21:30:00Z,protocol-server,wp-http-polling-protocol-state-machine,18560,104,0,909598,0.2526661111111111,36.91676666666667,26691,0,0,0,0,0,0,72300.48135309792
2026-05-18T21:45:00Z,protocol-server,wp-http-polling-protocol-state-machine,16940,95,0,907026,0.2519516666666667,37.16871833333333,26691,0,0,0,0,0,0,71810.3857136855
2026-05-18T22:00:00Z,protocol-server,wp-http-polling-protocol-state-machine,17480,98,0,906914,0.25192055555555554,37.42063888888889,26691,0,0,0,0,0,0,71326.94895790573
2026-05-18T22:15:00Z,protocol-server,wp-http-polling-protocol-state-machine,17280,96,0,899385,0.24982916666666666,37.67046805555555,26691,0,0,0,0,0,0,70853.91124059494
2026-05-18T22:30:00Z,protocol-server,wp-http-polling-protocol-state-machine,15348,87,0,905958,0.251655,37.92212305555555,26691,0,0,0,0,0,0,70383.71760172272
2026-05-18T22:45:00Z,protocol-server,wp-http-polling-protocol-state-machine,16092,92,1,914977,0.2541602777777778,38.17628333333333,26692,0,0,0,0,0,0,69917.75434748537
2026-05-18T23:00:00Z,protocol-server,wp-http-polling-protocol-state-machine,12780,71,0,907628,0.2521188888888889,38.42840222222222,26692,0,0,0,0,0,0,69459.04189730964
2026-05-18T23:15:00Z,protocol-server,wp-http-polling-protocol-state-machine,12260,69,0,907189,0.2519969444444444,38.68039916666666,26692,0,0,0,0,0,0,69006.5267552931
2026-05-18T23:30:00Z,protocol-server,wp-http-polling-protocol-state-machine,14060,79,0,910743,0.2529841666666667,38.933383333333325,26692,0,0,0,0,0,0,68558.13113253709
2026-05-18T23:45:00Z,protocol-server,wp-http-polling-protocol-state-machine,13320,74,0,897256,0.24923777777777778,39.182621111111104,26692,0,0,0,0,0,0,68122.03789100492
2026-05-19T00:00:00Z,protocol-server,wp-http-polling-protocol-state-machine,12800,72,0,893482,0.24818944444444443,39.430810555555546,26692,0,0,0,0,0,0,67693.2571862621
2026-05-19T00:15:00Z,protocol-server,wp-http-polling-protocol-state-machine,13880,78,0,931763,0.25882305555555557,39.6896336111111,26692,0,0,0,0,0,0,67251.81759432414
2026-05-19T00:30:00Z,protocol-server,wp-http-polling-protocol-state-machine,14760,82,0,888594,0.24683166666666667,39.936465277777764,26692,0,0,0,0,0,0,66836.1604221706
2026-05-19T00:45:00Z,protocol-server,wp-http-polling-protocol-state-machine,14960,84,0,913296,0.2536933333333333,40.190158611111094,26692,0,0,0,0,0,0,66414.26887183433
2026-05-19T01:00:00Z,protocol-server,wp-http-polling-protocol-state-machine,13160,74,0,904753,0.25132027777777777,40.441478888888874,26692,0,0,0,0,0,0,66001.54280543265
2026-05-19T01:15:00Z,protocol-server,wp-http-polling-protocol-state-machine,14040,78,0,895874,0.2488538888888889,40.69033277777776,26692,0,0,0,0,0,0,65597.89064830977
2026-05-19T01:30:00Z,protocol-server,wp-http-polling-protocol-state-machine,14060,79,0,910665,0.2529625,40.943295277777764,26692,0,0,0,0,0,0,65192.603132965836
2026-05-19T01:45:00Z,protocol-server,wp-http-polling-protocol-state-machine,16220,91,0,915289,0.25424694444444446,41.19754222222221,26692,0,0,0,0,0,0,64790.27281778515
2026-05-19T02:00:00Z,protocol-server,wp-http-polling-protocol-state-machine,12960,72,0,897799,0.2493886111111111,41.44693083333332,26692,0,0,0,0,0,0,64400.42595031717
2026-05-19T02:15:00Z,protocol-server,wp-http-polling-protocol-state-machine,13340,75,0,903300,0.2509166666666667,41.69784749999999,26692,0,0,0,0,0,0,64012.89658896663
2026-05-19T02:30:00Z,protocol-server,wp-http-polling-protocol-state-machine,15120,84,0,906261,0.2517391666666667,41.949586666666654,26692,0,0,0,0,0,0,63628.75565877647
2026-05-19T02:45:00Z,protocol-server,wp-http-polling-protocol-state-machine,15120,84,0,902716,0.25075444444444445,42.2003411111111,26692,0,0,0,0,0,0,63250.67356617208
2026-05-19T03:00:00Z,protocol-server,wp-http-polling-protocol-state-machine,13940,79,0,914519,0.25403305555555555,42.45437416666665,26692,0,0,0,0,0,0,62872.20227346422
2026-05-19T03:15:00Z,protocol-server,wp-http-polling-protocol-state-machine,15560,88,0,922008,0.25611333333333336,42.710487499999985,26692,0,0,0,0,0,0,62495.18926703894
2026-05-19T03:30:00Z,protocol-server,wp-http-polling-protocol-state-machine,16380,91,0,903515,0.2509763888888889,42.96146388888887,26692,0,0,0,0,0,0,62130.09889289027
2026-05-19T03:45:00Z,protocol-server,wp-http-polling-protocol-state-machine,16580,93,0,907140,0.25198333333333334,43.21344722222221,26692,0,0,0,0,0,0,61767.81005861025
2026-05-19T04:00:00Z,protocol-server,wp-http-polling-protocol-state-machine,15480,86,0,894114,0.248365,43.46181222222221,26692,0,0,0,0,0,0,61414.834391908465
2026-05-19T04:15:00Z,protocol-server,wp-http-polling-protocol-state-machine,15140,85,0,911755,0.2532652777777778,43.715077499999985,26692,0,0,0,0,0,0,61059.024772402634
2026-05-19T04:30:00Z,protocol-server,wp-http-polling-protocol-state-machine,14780,83,0,908515,0.2523652777777778,43.96744277777776,26692,0,0,0,0,0,0,60708.55686310417
2026-05-19T04:45:00Z,protocol-server,wp-http-polling-protocol-state-machine,15140,85,0,912695,0.2535263888888889,44.22096916666665,26692,0,0,0,0,0,0,60360.504310521035
2026-05-19T05:00:00Z,protocol-server,wp-http-polling-protocol-state-machine,14400,80,0,897855,0.24940416666666668,44.47037333333331,26692,0,0,0,0,0,0,60021.983175015725
2026-05-19T05:15:00Z,protocol-server,wp-http-polling-protocol-state-machine,15500,87,0,902376,0.25066,44.72103333333332,26692,0,0,0,0,0,0,59685.56182735792
2026-05-19T05:30:00Z,protocol-server,wp-http-polling-protocol-state-machine,15140,85,0,915345,0.2542625,44.97529583333332,26692,0,0,0,0,0,0,59348.136583500345
2026-05-19T05:45:00Z,protocol-server,wp-http-polling-protocol-state-machine,12780,71,0,897225,0.24922916666666667,45.224524999999986,26692,0,0,0,0,0,0,59021.07318982346
2026-05-19T06:00:00Z,protocol-server,wp-http-polling-protocol-state-machine,12440,70,0,923234,0.25645388888888887,45.48097888888888,26692,0,0,0,0,0,0,58688.270683903254
2026-05-19T06:15:00Z,protocol-server,wp-http-polling-protocol-state-machine,15120,84,0,908976,0.25249333333333335,45.73347222222221,26692,0,0,0,0,0,0,58364.25423878087
2026-05-19T06:30:00Z,protocol-server,wp-http-polling-protocol-state-machine,14088,80,0,912425,0.2534513888888889,45.9869236111111,26692,0,0,0,0,0,0,58042.58668338238
2026-05-19T06:45:00Z,protocol-server,wp-http-polling-protocol-state-machine,12800,72,0,905158,0.2514327777777778,46.23835638888888,26692,0,0,0,0,0,0,57726.965412667894
2026-05-19T07:00:00Z,protocol-server,wp-http-polling-protocol-state-machine,12420,69,0,915184,0.25421777777777776,46.49257416666666,26692,0,0,0,0,0,0,57411.31885774807
2026-05-19T07:15:00Z,protocol-server,wp-http-polling-protocol-state-machine,14600,82,0,899882,0.24996722222222223,46.74254138888888,26692,0,0,0,0,0,0,57104.297727262485
2026-05-19T07:30:00Z,protocol-server,wp-http-polling-protocol-state-machine,16020,89,0,904667,0.2512963888888889,46.99383777777777,26692,0,0,0,0,0,0,56798.93633335473
2026-05-19T07:45:00Z,protocol-server,wp-http-polling-protocol-state-machine,14960,84,0,909999,0.2527775,47.24661527777777,26692,0,0,0,0,0,0,56495.052276378534
2026-05-19T08:00:00Z,protocol-server,wp-http-polling-protocol-state-machine,14480,82,0,913309,0.25369694444444446,47.50031222222221,26692,0,0,0,0,0,0,56193.31484628137
2026-05-19T08:15:00Z,protocol-server,wp-http-polling-protocol-state-machine,14940,83,0,899912,0.24997555555555556,47.75028777777777,26692,0,0,0,0,0,0,55899.13954910662
2026-05-19T08:30:00Z,protocol-server,wp-http-polling-protocol-state-machine,16760,94,0,908878,0.2524661111111111,48.00275388888888,26692,0,0,0,0,0,0,55605.143116962616
2026-05-19T08:45:00Z,protocol-server,wp-http-polling-protocol-state-machine,8820,49,0,482228,0.13395222222222222,48.1367061111111,26692,0,0,0,0,0,0,55450.408132181794
2026-05-19T09:15:00Z,protocol-server,wp-http-polling-protocol-state-machine,5120,30,0,328124,0.09114555555555555,48.22785166666666,26692,0,0,0,0,0,0,55345.612706295484
2026-05-19T09:30:00Z,protocol-server,wp-http-polling-protocol-state-machine,18020,101,0,904119,0.25114416666666667,48.47899583333333,26692,0,0,0,0,0,0,55058.89621097935
2026-05-19T09:45:00Z,protocol-server,wp-http-polling-protocol-state-machine,16380,91,3,818282,0.22730055555555556,48.70629638888889,26695,0,0,0,0,0,0,54808.10896984931
2026-05-19T10:00:00Z,protocol-server,wp-http-polling-protocol-state-machine,17140,97,3,901013,0.2502813888888889,48.956577777777774,26698,0,0,0,0,0,0,54534.04059651955
2026-05-19T10:15:00Z,protocol-server,wp-http-polling-protocol-state-machine,2900,17,3,117362,0.032600555555555556,48.98917833333333,26701,0,0,0,0,0,0,54503.87393379089
2026-05-19T10:30:00Z,protocol-server,wp-http-polling-protocol-state-machine,19080,106,0,904304,0.25119555555555556,49.24037388888888,26701,0,0,0,0,0,0,54225.82708297651
2026-05-19T10:45:00Z,protocol-server,wp-http-polling-protocol-state-machine,18380,103,0,894972,0.24860333333333334,49.48897722222222,26701,0,0,0,0,0,0,53953.42861927312
2026-05-19T11:00:00Z,protocol-server,wp-http-polling-protocol-state-machine,14240,80,0,919497,0.25541583333333334,49.74439305555555,26701,0,0,0,0,0,0,53676.401218082574
2026-05-19T11:15:00Z,protocol-server,wp-http-polling-protocol-state-machine,17100,95,0,901301,0.25036138888888887,49.99475444444444,26701,0,0,0,0,0,0,53407.603050977865
2026-05-19T11:30:00Z,protocol-server,wp-http-polling-protocol-state-machine,16780,95,0,911503,0.2531952777777778,50.247949722222216,26701,0,0,0,0,0,0,53138.48654045968
2026-05-19T11:45:00Z,protocol-server,wp-http-polling-protocol-state-machine,14400,80,0,896496,0.24902666666666667,50.49697638888888,26701,0,0,0,0,0,0,52876.433223188316
2026-05-19T12:00:00Z,protocol-server,wp-http-polling-protocol-state-machine,15680,88,0,907947,0.2522075,50.74918388888888,26701,0,0,0,0,0,0,52613.65396231715
2026-05-19T12:15:00Z,protocol-server,wp-http-polling-protocol-state-machine,18560,104,0,903675,0.25102083333333336,51.000204722222215,26701,0,0,0,0,0,0,52354.69180061081
2026-05-19T12:30:00Z,protocol-server,wp-http-polling-protocol-state-machine,16380,91,0,895207,0.2486686111111111,51.24887333333333,26701,0,0,0,0,0,0,52100.65756242316
2026-05-19T12:45:00Z,protocol-server,wp-http-polling-protocol-state-machine,18200,102,0,908390,0.25233055555555556,51.50120388888888,26701,0,0,0,0,0,0,51845.38997885562
2026-05-19T13:00:00Z,protocol-server,wp-http-polling-protocol-state-machine,15300,85,0,902963,0.25082305555555556,51.75202694444444,26701,0,0,0,0,0,0,51594.114426983506
2026-05-19T13:15:00Z,protocol-server,wp-http-polling-protocol-state-machine,17840,100,0,901824,0.25050666666666666,52.002533611111105,26701,0,0,0,0,0,0,51345.57519769564
2026-05-19T13:30:00Z,protocol-server,wp-http-polling-protocol-state-machine,16940,95,0,912790,0.2535527777777778,52.25608638888888,26701,0,0,0,0,0,0,51096.44032905875
2026-05-19T13:45:00Z,protocol-server,wp-http-polling-protocol-state-machine,16020,89,0,891232,0.24756444444444445,52.503650833333324,26701,0,0,0,0,0,0,50855.511142947355
2026-05-19T14:00:00Z,protocol-server,wp-http-polling-protocol-state-machine,15320,86,0,913516,0.25375444444444445,52.75740527777777,26701,0,0,0,0,0,0,50610.904496561496
2026-05-19T14:15:00Z,protocol-server,wp-http-polling-protocol-state-machine,14780,83,0,902958,0.25082166666666666,53.00822694444444,26701,0,0,0,0,0,0,50371.426359882076
2026-05-19T14:30:00Z,protocol-server,wp-http-polling-protocol-state-machine,16560,92,0,900390,0.2501083333333333,53.25833527777777,26701,0,0,0,0,0,0,50134.87534061375
2026-05-19T14:45:00Z,protocol-server,wp-http-polling-protocol-state-machine,15500,87,0,913750,0.25381944444444443,53.51215472222221,26701,0,0,0,0,0,0,49897.07504510516
2026-05-19T15:00:00Z,protocol-server,wp-http-polling-protocol-state-machine,16200,90,0,898691,0.2496363888888889,53.7617911111111,26701,0,0,0,0,0,0,49665.383998863144
2026-05-19T15:15:00Z,protocol-server,wp-http-polling-protocol-state-machine,14960,84,0,901671,0.25046416666666665,54.01225527777777,26701,0,0,0,0,0,0,49435.077025908926
2026-05-19T15:30:00Z,protocol-server,wp-http-polling-protocol-state-machine,14420,81,0,907200,0.252,54.26425527777777,26701,0,0,0,0,0,0,49205.503444796304
2026-05-19T15:45:00Z,protocol-server,wp-http-polling-protocol-state-machine,13500,75,0,900009,0.2500025,54.51425777777777,26701,0,0,0,0,0,0,48979.84690325255
2026-05-19T16:00:00Z,protocol-server,wp-http-polling-protocol-state-machine,14060,79,0,911059,0.2530719444444444,54.767329722222215,26701,0,0,0,0,0,0,48753.518083548064
2026-05-19T16:15:00Z,protocol-server,wp-http-polling-protocol-state-machine,15140,85,0,907864,0.25218444444444443,55.01951416666666,26701,0,0,0,0,0,0,48530.05411701125
2026-05-19T16:30:00Z,protocol-server,wp-http-polling-protocol-state-machine,14940,83,0,898789,0.2496636111111111,55.26917777777777,26701,0,0,0,0,0,0,48310.83268030042
2026-05-19T16:45:00Z,protocol-server,wp-http-polling-protocol-state-machine,16580,93,0,910076,0.2527988888888889,55.52197666666666,26701,0,0,0,0,0,0,48090.86708188164
2026-05-19T17:00:00Z,protocol-server,wp-http-polling-protocol-state-machine,13880,78,0,901437,0.2503991666666667,55.77237583333333,26701,0,0,0,0,0,0,47874.9553000783
2026-05-19T17:15:00Z,protocol-server,wp-http-polling-protocol-state-machine,15840,88,0,894719,0.24853305555555555,56.02090888888888,26701,0,0,0,0,0,0,47662.56122862698
2026-05-19T17:30:00Z,protocol-server,wp-http-polling-protocol-state-machine,15320,86,0,914215,0.2539486111111111,56.274857499999996,26701,0,0,0,0,0,0,47447.476877218214
2026-05-19T17:45:00Z,protocol-server,wp-http-polling-protocol-state-machine,15300,85,0,892923,0.24803416666666667,56.52289166666666,26701,0,0,0,0,0,0,47239.26751211567
2026-05-19T18:00:00Z,protocol-server,wp-http-polling-protocol-state-machine,14840,84,0,927024,0.25750666666666666,56.78039833333332,26701,0,0,0,0,0,0,47025.03114411051
2026-05-19T18:15:00Z,protocol-server,wp-http-polling-protocol-state-machine,13880,78,0,914172,0.25393666666666664,57.03433499999999,26701,0,0,0,0,0,0,46815.659374304974
2026-05-19T18:30:00Z,protocol-server,wp-http-polling-protocol-state-machine,14220,79,0,893046,0.24806833333333334,57.28240333333333,26701,0,0,0,0,0,0,46612.91853385342
2026-05-19T18:45:00Z,protocol-server,wp-http-polling-protocol-state-machine,13720,78,1,915342,0.25426166666666666,57.53666499999999,26702,0,0,0,0,0,0,46408.668281347214
2026-05-19T19:00:00Z,protocol-server,wp-http-polling-protocol-state-machine,12420,69,0,900160,0.25004444444444446,57.78670944444443,26702,0,0,0,0,0,0,46207.856887354064
2026-05-19T19:15:00Z,protocol-server,wp-http-polling-protocol-state-machine,18020,101,0,902376,0.25066,58.03736944444444,26702,0,0,0,0,0,0,46008.28785935959
2026-05-19T19:30:00Z,protocol-server,wp-http-polling-protocol-state-machine,15680,88,0,901449,0.2504025,58.28777194444444,26702,0,0,0,0,0,0,45810.63765046699
2026-05-19T19:45:00Z,protocol-server,wp-http-polling-protocol-state-machine,14580,81,0,903734,0.25103722222222224,58.53880916666666,26702,0,0,0,0,0,0,45614.18378699225
2026-05-19T20:00:00Z,protocol-server,wp-http-polling-protocol-state-machine,15300,85,0,898012,0.24944777777777777,58.788256944444434,26702,0,0,0,0,0,0,45420.635664081165
2026-05-19T20:15:00Z,protocol-server,wp-http-polling-protocol-state-machine,12780,71,0,763053,0.21195916666666667,59.0002161111111,26702,0,0,0,0,0,0,45257.461345080395
2026-05-19T21:00:00Z,protocol-server,wp-http-polling-protocol-state-machine,5260,31,0,316509,0.08791916666666667,59.088135277777766,26702,0,0,0,0,0,0,45190.12128995422
2026-05-19T21:15:00Z,protocol-server,wp-http-polling-protocol-state-machine,15320,86,1,915897,0.25441583333333334,59.3425511111111,26703,0,0,0,0,0,0,44998.06546907994
2026-05-19T21:30:00Z,protocol-server,wp-http-polling-protocol-state-machine,2700,15,5,96731,0.026869722222222222,59.36942083333332,26708,0,0,0,0,0,0,44986.12185383596
2026-05-19T21:45:00Z,protocol-server,wp-http-polling-protocol-state-machine,16220,91,0,906188,0.2517188888888889,59.62113972222221,26708,0,0,0,0,0,0,44796.19162671809
2026-05-19T22:00:00Z,protocol-server,wp-http-polling-protocol-state-machine,14260,81,0,904823,0.25133972222222223,59.87247944444443,26708,0,0,0,0,0,0,44608.14091519678
2026-05-19T22:15:00Z,protocol-server,wp-http-polling-protocol-state-machine,15700,89,0,924625,0.2568402777777778,60.129319722222206,26708,0,0,0,0,0,0,44417.598807673574
2026-05-19T22:30:00Z,protocol-server,wp-http-polling-protocol-state-machine,14580,81,0,904153,0.2511536111111111,60.38047333333332,26708,0,0,0,0,0,0,44232.84304605761
2026-05-19T22:45:00Z,protocol-server,wp-http-polling-protocol-state-machine,14420,81,0,898418,0.24956055555555556,60.630033888888875,26708,0,0,0,0,0,0,44050.77531202656
2026-05-19T23:00:00Z,protocol-server,wp-http-polling-protocol-state-machine,14040,78,0,899315,0.24980972222222222,60.8798436111111,26708,0,0,0,0,0,0,43870.02070932646
2026-05-19T23:15:00Z,protocol-server,wp-http-polling-protocol-state-machine,13700,77,0,905059,0.25140527777777777,61.13124888888888,26708,0,0,0,0,0,0,43689.603084249116
2026-05-19T23:30:00Z,protocol-server,wp-http-polling-protocol-state-machine,14240,80,0,905448,0.2515133333333333,61.38276222222221,26708,0,0,0,0,0,0,43510.58673982414
2026-05-19T23:45:00Z,protocol-server,wp-http-polling-protocol-state-machine,13140,73,0,902002,0.2505561111111111,61.63331833333332,26708,0,0,0,0,0,0,43333.704434919964
2026-05-20T00:00:00Z,protocol-server,wp-http-polling-protocol-state-machine,14040,78,0,901228,0.2503411111111111,61.88365944444443,26708,0,0,0,0,0,0,43158.40439910781
2026-05-20T00:15:00Z,protocol-server,wp-http-polling-protocol-state-machine,12100,69,0,942302,0.26175055555555554,62.14540999999999,26708,0,0,0,0,0,0,42976.625305070804
2026-05-20T00:30:00Z,protocol-server,wp-http-polling-protocol-state-machine,13320,74,0,894257,0.24840472222222224,62.39381472222221,26708,0,0,0,0,0,0,42805.52506511141
2026-05-20T00:45:00Z,protocol-server,wp-http-polling-protocol-state-machine,13360,76,0,915751,0.2543752777777778,62.648189999999985,26708,0,0,0,0,0,0,42631.71849019103
2026-05-20T01:00:00Z,protocol-server,wp-http-polling-protocol-state-machine,13320,74,0,904001,0.2511113888888889,62.89930138888887,26708,0,0,0,0,0,0,42461.52089173753
2026-05-20T01:15:00Z,protocol-server,wp-http-polling-protocol-state-machine,12640,72,0,918197,0.2550547222222222,63.15435611111109,26708,0,0,0,0,0,0,42290.036102990394
2026-05-20T01:30:00Z,protocol-server,wp-http-polling-protocol-state-machine,12980,73,0,902437,0.25067694444444444,63.405033055555535,26708,0,0,0,0,0,0,42122.83901279324
2026-05-20T01:45:00Z,protocol-server,wp-http-polling-protocol-state-machine,13140,73,0,899148,0.24976333333333334,63.65479638888887,26708,0,0,0,0,0,0,41957.56096183501
2026-05-20T02:00:00Z,protocol-server,wp-http-polling-protocol-state-machine,13700,77,0,908817,0.25244916666666667,63.907245555555534,26708,0,0,0,0,0,0,41791.81838901558
2026-05-20T02:15:00Z,protocol-server,wp-http-polling-protocol-state-machine,12980,73,0,913451,0.2537363888888889,64.16098194444442,26708,0,0,0,0,0,0,41626.5449664188
2026-05-20T02:30:00Z,protocol-server,wp-http-polling-protocol-state-machine,12420,69,0,891560,0.24765555555555555,64.40863749999997,26708,0,0,0,0,0,0,41466.48809330894
2026-05-20T02:45:00Z,protocol-server,wp-http-polling-protocol-state-machine,12620,71,0,911329,0.25314694444444447,64.66178444444441,26708,0,0,0,0,0,0,41304.14932013942
2026-05-20T03:00:00Z,protocol-server,wp-http-polling-protocol-state-machine,12600,70,0,903341,0.25092805555555553,64.91271249999997,26708,0,0,0,0,0,0,41144.48306254343
2026-05-20T03:15:00Z,protocol-server,wp-http-polling-protocol-state-machine,13520,76,0,911022,0.2530616666666667,65.16577416666664,26708,0,0,0,0,0,0,40984.70453476417
2026-05-20T03:30:00Z,protocol-server,wp-http-polling-protocol-state-machine,12980,73,0,906253,0.25173694444444444,65.41751111111108,26708,0,0,0,0,0,0,40826.98890001592
2026-05-20T03:45:00Z,protocol-server,wp-http-polling-protocol-state-machine,12420,69,0,894212,0.2483922222222222,65.6659033333333,26708,0,0,0,0,0,0,40672.55401090705
2026-05-20T04:00:00Z,protocol-server,wp-http-polling-protocol-state-machine,12980,73,0,921891,0.2560808333333333,65.92198416666663,26708,0,0,0,0,0,0,40514.55722642654
2026-05-20T04:15:00Z,protocol-server,wp-http-polling-protocol-state-machine,12980,73,0,909314,0.25258722222222224,66.17457138888885,26708,0,0,0,0,0,0,40359.913845221294
2026-05-20T04:30:00Z,protocol-server,wp-http-polling-protocol-state-machine,13320,74,0,896238,0.248955,66.42352638888885,26708,0,0,0,0,0,0,40208.645117142776
2026-05-20T04:45:00Z,protocol-server,wp-http-polling-protocol-state-machine,14060,79,0,901652,0.2504588888888889,66.67398527777773,26708,0,0,0,0,0,0,40057.60250977784
2026-05-20T05:00:00Z,protocol-server,wp-http-polling-protocol-state-machine,13880,78,0,918845,0.2552347222222222,66.92921999999996,26708,0,0,0,0,0,0,39904.84275776711
2026-05-20T05:15:00Z,protocol-server,wp-http-polling-protocol-state-machine,14403,81,0,907153,0.25198694444444447,67.1812069444444,26708,0,0,0,0,0,0,39755.165491572996
2026-05-20T05:30:00Z,protocol-server,wp-http-polling-protocol-state-machine,13520,76,0,907706,0.25214055555555553,67.43334749999995,26708,0,0,0,0,0,0,39606.5166422296
2026-05-20T05:45:00Z,protocol-server,wp-http-polling-protocol-state-machine,13500,75,0,894072,0.24835333333333334,67.68170083333328,26708,0,0,0,0,0,0,39461.18326099496
2026-05-20T06:00:00Z,protocol-server,wp-http-polling-protocol-state-machine,13520,76,0,914502,0.25402833333333336,67.93572916666662,26708,0,0,0,0,0,0,39313.628230113354
2026-05-20T06:15:00Z,protocol-server,wp-http-polling-protocol-state-machine,14040,78,0,892417,0.2478936111111111,68.18362277777773,26708,0,0,0,0,0,0,39170.69658654837
2026-05-20T06:30:00Z,protocol-server,wp-http-polling-protocol-state-machine,15140,85,0,908261,0.2522947222222222,68.43591749999995,26708,0,0,0,0,0,0,39026.2905439969
2026-05-20T06:45:00Z,protocol-server,wp-http-polling-protocol-state-machine,15860,89,0,908434,0.2523427777777778,68.68826027777773,26708,0,0,0,0,0,0,38882.91811729095
2026-05-20T07:00:00Z,protocol-server,wp-http-polling-protocol-state-machine,17120,96,0,917168,0.2547688888888889,68.94302916666662,26708,0,0,0,0,0,0,38739.23197577326
2026-05-20T07:15:00Z,protocol-server,wp-http-polling-protocol-state-machine,16220,91,0,909150,0.25254166666666666,69.19557083333329,26708,0,0,0,0,0,0,38597.84618921601
2026-05-20T07:30:00Z,protocol-server,wp-http-polling-protocol-state-machine,16740,93,0,905641,0.25156694444444444,69.44713777777774,26708,0,0,0,0,0,0,38458.028443824856
2026-05-20T07:45:00Z,protocol-server,wp-http-polling-protocol-state-machine,16940,95,0,903858,0.2510716666666667,69.6982094444444,26708,0,0,0,0,0,0,38319.49229813231
2026-05-20T08:00:00Z,protocol-server,wp-http-polling-protocol-state-machine,17100,95,0,901477,0.2504102777777778,69.94861972222218,26708,0,0,0,0,0,0,38182.31168257786
2026-05-20T08:15:00Z,protocol-server,wp-http-polling-protocol-state-machine,16040,90,0,907228,0.2520077777777778,70.20062749999995,26708,0,0,0,0,0,0,38045.24396879503
2026-05-20T08:30:00Z,protocol-server,wp-http-polling-protocol-state-machine,14300,81,0,906606,0.251835,70.45246249999995,26708,0,0,0,0,0,0,37909.24980088527
2026-05-20T08:45:00Z,protocol-server,wp-http-polling-protocol-state-machine,13320,74,0,900630,0.250175,70.70263749999995,26708,0,0,0,0,0,0,37775.11128916516
2026-05-20T09:00:00Z,protocol-server,wp-http-polling-protocol-state-machine,15480,86,0,903811,0.2510586111111111,70.95369611111106,26708,0,0,0,0,0,0,37641.44993683795
2026-05-20T09:15:00Z,protocol-server,wp-http-polling-protocol-state-machine,14628,83,0,906280,0.25174444444444444,71.2054405555555,26708,0,0,0,0,0,0,37508.36985435409
2026-05-20T09:30:00Z,protocol-server,wp-http-polling-protocol-state-machine,12780,71,0,894358,0.24843277777777778,71.45387333333328,26708,0,0,0,0,0,0,37377.9597299181
2026-05-20T09:45:00Z,protocol-server,wp-http-polling-protocol-state-machine,12940,75,1,942295,0.2617486111111111,71.7156219444444,26709,0,0,0,0,0,0,37242.93156195527
2026-05-20T10:00:00Z,protocol-server,wp-http-polling-protocol-state-machine,12600,70,0,897500,0.24930555555555556,71.96492749999994,26709,0,0,0,0,0,0,37113.91219007345
2026-05-20T10:15:00Z,protocol-server,wp-http-polling-protocol-state-machine,14220,79,0,896278,0.2489661111111111,72.21389361111106,26709,0,0,0,0,0,0,36985.95749986048
2026-05-20T10:30:00Z,protocol-server,wp-http-polling-protocol-state-machine,13500,75,0,899880,0.24996666666666667,72.46386027777773,26709,0,0,0,0,0,0,36858.373122292476
2026-05-20T10:45:00Z,protocol-server,wp-http-polling-protocol-state-machine,12420,69,0,894976,0.24860444444444443,72.71246472222217,26709,0,0,0,0,0,0,36732.354077164535
2026-05-20T11:00:00Z,protocol-server,wp-http-polling-protocol-state-machine,14580,81,0,904436,0.25123222222222225,72.9636969444444,26709,0,0,0,0,0,0,36605.875412722875
2026-05-20T11:15:00Z,protocol-server,wp-http-polling-protocol-state-machine,15300,85,0,905455,0.25151527777777777,73.21521222222218,26709,0,0,0,0,0,0,36480.123719279916
2026-05-20T11:30:00Z,protocol-server,wp-http-polling-protocol-state-machine,17100,95,0,902588,0.2507188888888889,73.46593111111106,26709,0,0,0,0,0,0,36355.6271540408
2026-05-20T11:45:00Z,protocol-server,wp-http-polling-protocol-state-machine,16200,90,0,897116,0.2491988888888889,73.71512999999995,26709,0,0,0,0,0,0,36232.724543794495
2026-05-20T12:00:00Z,protocol-server,wp-http-polling-protocol-state-machine,15120,84,0,897134,0.2492038888888889,73.96433388888883,26709,0,0,0,0,0,0,36110.64765366908
2026-05-20T12:15:00Z,protocol-server,wp-http-polling-protocol-state-machine,14760,82,0,900892,0.2502477777777778,74.2145816666666,26709,0,0,0,0,0,0,35988.8843946638
2026-05-20T12:30:00Z,protocol-server,wp-http-polling-protocol-state-machine,13668,83,8,891339,0.24759416666666667,74.46217583333328,26717,0,0,0,0,0,0,35879.961471714116
2026-05-20T12:45:00Z,protocol-server,wp-http-polling-protocol-state-machine,13701,77,0,906318,0.251755,74.71393083333328,26717,0,0,0,0,0,0,35759.0608632257
2026-05-20T13:00:00Z,protocol-server,wp-http-polling-protocol-state-machine,13341,75,0,903570,0.25099166666666667,74.96492249999994,26717,0,0,0,0,0,0,35639.335183732124
2026-05-20T13:15:00Z,protocol-server,wp-http-polling-protocol-state-machine,13860,77,0,904817,0.25133805555555555,75.2162605555555,26717,0,0,0,0,0,0,35520.24496121627
2026-05-20T13:30:00Z,protocol-server,wp-http-polling-protocol-state-machine,13881,78,0,911651,0.2532363888888889,75.46949694444439,26717,0,0,0,0,0,0,35401.057489050545
2026-05-20T13:45:00Z,protocol-server,wp-http-polling-protocol-state-machine,14220,79,0,899466,0.24985166666666667,75.71934861111106,26717,0,0,0,0,0,0,35284.24437090251
2026-05-20T14:00:00Z,protocol-server,wp-http-polling-protocol-state-machine,13521,76,0,908492,0.2523588888888889,75.97170749999995,26717,0,0,0,0,0,0,35167.03899277243
2026-05-20T14:15:00Z,protocol-server,wp-http-polling-protocol-state-machine,12960,72,0,900575,0.2501597222222222,76.22186722222217,26717,0,0,0,0,0,0,35051.620976572936
2026-05-20T14:30:00Z,protocol-server,wp-http-polling-protocol-state-machine,12960,72,0,890462,0.24735055555555555,76.46921777777773,26717,0,0,0,0,0,0,34938.24152568234
2026-05-20T14:45:00Z,protocol-server,wp-http-polling-protocol-state-machine,12960,72,0,899378,0.24982722222222223,76.71904499999995,26717,0,0,0,0,0,0,34824.468943793574
2026-05-20T15:00:00Z,protocol-server,wp-http-polling-protocol-state-machine,12960,72,0,907457,0.2520713888888889,76.971116388888845,26717,0,0,0,0,0,0,34710.42288774277
2026-05-20T15:15:00Z,protocol-server,wp-http-polling-protocol-state-machine,4680,26,0,306345,0.08509583333333333,77.05621222222217,26717,0,0,0,0,0,0,34672.090970356716
2026-05-20T15:45:00Z,protocol-server,wp-http-polling-protocol-state-machine,1620,9,0,100592,0.027942222222222222,77.0841544444444,26717,0,0,0,0,0,0,34659.522689913276
2026-05-20T16:00:00Z,protocol-server,wp-http-polling-protocol-state-machine,12960,72,0,899191,0.24977527777777778,77.33392972222217,26717,0,0,0,0,0,0,34547.57839924276
2026-05-20T16:15:00Z,protocol-server,wp-http-polling-protocol-state-machine,12420,69,0,896840,0.24912222222222222,77.58305194444439,26717,0,0,0,0,0,0,34436.64477021539
2026-05-20T16:30:00Z,protocol-server,wp-http-polling-protocol-state-machine,12600,70,0,895384,0.2487177777777778,77.83176972222218,26717,0,0,0,0,0,0,34326.599658920364
2026-05-20T16:45:00Z,protocol-server,wp-http-polling-protocol-state-machine,11901,67,1,913271,0.2536863888888889,78.08545611111107,26718,0,0,0,0,0,0,34216.359013107176
2026-05-20T17:00:00Z,protocol-server,wp-http-polling-protocol-state-machine,12653,73,1,922493,0.2562480555555556,78.34170416666663,26719,0,0,0,0,0,0,34105.71710714532
2026-05-20T17:15:00Z,protocol-server,wp-http-polling-protocol-state-machine,13688,77,0,899874,0.249965,78.59166916666663,26719,0,0,0,0,0,0,33997.242052892325
2026-05-20T17:30:00Z,protocol-server,wp-http-polling-protocol-state-machine,12960,72,0,903379,0.2509386111111111,78.84260777777774,26719,0,0,0,0,0,0,33889.03633845925
2026-05-20T17:45:00Z,protocol-server,wp-http-polling-protocol-state-machine,12428,70,0,898129,0.2494802777777778,79.09208805555552,26719,0,0,0,0,0,0,33782.14010639364
2026-05-20T18:00:00Z,protocol-server,wp-http-polling-protocol-state-machine,12240,68,0,907782,0.2521616666666667,79.34424972222219,26719,0,0,0,0,0,0,33674.778063364465
2026-05-20T18:15:00Z,protocol-server,wp-http-polling-protocol-state-machine,12530,74,4,905954,0.2516538888888889,79.59590361111108,26723,0,0,0,0,0,0,33573.33579698144
2026-05-20T18:30:00Z,protocol-server,wp-http-polling-protocol-state-machine,13680,76,0,899199,0.2497775,79.84568111111108,26723,0,0,0,0,0,0,33468.309904969065
2026-05-20T18:45:00Z,protocol-server,wp-http-polling-protocol-state-machine,1644,10,0,107715,0.029920833333333334,79.87560194444441,26723,0,0,0,0,0,0,33455.7729137197
2026-05-20T19:00:00Z,protocol-server,wp-http-polling-protocol-state-machine,22,1,0,5237,0.0014547222222222223,79.87705666666663,26723,0,0,0,0,0,0,33455.16361665306
2026-05-20T19:45:00Z,protocol-server,wp-http-polling-protocol-state-machine,4320,24,3,241629,0.06711916666666666,79.9441758333333,26726,0,0,0,0,0,0,33430.828101496794
2026-05-20T20:00:00Z,protocol-server,wp-http-polling-protocol-state-machine,10620,59,0,632596,0.1757211111111111,80.11989694444442,26726,0,0,0,0,0,0,33357.506710888505
2026-05-20T21:30:00Z,protocol-server,wp-http-polling-protocol-state-machine,360,2,0,24164,0.006712222222222222,80.12660916666664,26726,0,0,0,0,0,0,33354.71234581863
2026-05-20T21:45:00Z,protocol-server,wp-http-polling-protocol-state-machine,7560,42,0,434995,0.12083194444444445,80.24744111111109,26726,0,0,0,0,0,0,33304.488753722406
2026-05-20T22:15:00Z,protocol-server,wp-http-polling-protocol-state-machine,360,2,0,27889,0.007746944444444444,80.25518805555554,26726,0,0,0,0,0,0,33301.27390829774
2026-05-20T22:30:00Z,protocol-server,wp-http-polling-protocol-state-machine,3600,20,0,225794,0.06272055555555556,80.3179086111111,26726,0,0,0,0,0,0,33275.268818818266
2026-05-20T23:00:00Z,protocol-server,wp-http-polling-protocol-state-machine,5580,31,0,304555,0.08459861111111111,80.4025072222222,26726,0,0,0,0,0,0,33240.256956331934
2026-05-20T23:15:00Z,protocol-server,wp-http-polling-protocol-state-machine,7920,44,0,495652,0.13768111111111112,80.5401883333333,26726,0,0,0,0,0,0,33183.43370317011
2026-05-20T23:30:00Z,protocol-server,wp-http-polling-protocol-state-machine,22,1,0,5122,0.0014227777777777778,80.54161111111108,26726,0,0,0,0,0,0,33182.847513604094
2026-05-20T23:45:00Z,protocol-server,wp-http-polling-protocol-state-machine,22,1,0,4651,0.0012919444444444445,80.54290305555553,26726,0,0,0,0,0,0,33182.31524578322
2026-05-21T00:00:00Z,protocol-server,wp-http-polling-protocol-state-machine,9720,54,0,583425,0.1620625,80.70496555555553,26726,0,0,0,0,0,0,33115.68230780349
2026-05-21T00:15:00Z,protocol-server,wp-http-polling-protocol-state-machine,13904,79,0,795718,0.22103277777777777,80.92599833333331,26726,0,0,0,0,0,0,33025.233609001516
2026-05-21T00:45:00Z,protocol-server,wp-http-polling-protocol-state-machine,8144,47,0,515227,0.1431186111111111,81.06911694444442,26726,0,0,0,0,0,0,32966.93119072084
2026-05-21T01:00:00Z,protocol-server,wp-http-polling-protocol-state-machine,15322,86,0,899323,0.24981194444444443,81.31892888888886,26726,0,0,0,0,0,0,32865.65669909082
2026-05-21T01:15:00Z,protocol-server,wp-http-polling-protocol-state-machine,15660,87,0,907679,0.25213305555555554,81.57106194444442,26726,0,0,0,0,0,0,32764.070202006526
2026-05-21T01:30:00Z,protocol-server,wp-http-polling-protocol-state-machine,11542,65,0,742250,0.20618055555555556,81.77724249999999,26726,0,0,0,0,0,0,32681.463917054924
2026-05-21T01:45:00Z,protocol-server,wp-http-polling-protocol-state-machine,22,1,0,5187,0.0014408333333333332,81.77868333333332,26726,0,0,0,0,0,0,32680.888112448218
2026-05-21T02:00:00Z,protocol-server,wp-http-polling-protocol-state-machine,360,2,0,24050,0.006680555555555556,81.78536388888888,26726,0,0,0,0,0,0,32678.21860682693
2026-05-21T02:15:00Z,protocol-server,wp-http-polling-protocol-state-machine,14962,84,0,906637,0.2518436111111111,82.0372075,26726,0,0,0,0,0,0,32577.900704384658
2026-05-21T02:30:00Z,protocol-server,wp-http-polling-protocol-state-machine,6840,38,3,366932,0.10192555555555556,82.13913305555555,26729,0,0,0,0,0,0,32541.12748173468
2026-05-21T02:45:00Z,protocol-server,wp-http-polling-protocol-state-machine,22,1,0,5419,0.0015052777777777777,82.14063833333333,26729,0,0,0,0,0,0,32540.531145535497
2026-05-21T03:00:00Z,protocol-server,wp-http-polling-protocol-state-machine,9922,56,0,631844,0.1755122222222222,82.31615055555555,26729,0,0,0,0,0,0,32471.149123962587
2026-05-21T03:15:00Z,protocol-server,wp-http-polling-protocol-state-machine,13860,77,3,830004,0.23055666666666666,82.54670722222222,26732,0,0,0,0,0,0,32384.090049813076
2026-05-21T03:30:00Z,protocol-server,wp-http-polling-protocol-state-machine,22,1,0,6626,0.0018405555555555556,82.54854777777778,26732,0,0,0,0,0,0,32383.36799329655
2026-05-21T03:45:00Z,protocol-server,wp-http-polling-protocol-state-machine,14040,78,0,714893,0.19858138888888888,82.74712916666667,26732,0,0,0,0,0,0,32305.65249720899
2026-05-21T04:00:00Z,protocol-server,wp-http-polling-protocol-state-machine,16582,93,0,907802,0.2521672222222222,82.9992963888889,26732,0,0,0,0,0,0,32207.50194646061
2026-05-21T04:15:00Z,protocol-server,wp-http-polling-protocol-state-machine,16740,93,1,896182,0.24893944444444444,83.24823583333334,26733,0,0,0,0,0,0,32112.39221155467
2026-05-21T04:30:00Z,protocol-server,wp-http-polling-protocol-state-machine,16468,95,19,922622,0.25628388888888887,83.50451972222223,26752,0,0,0,0,0,0,32036.589263659647
2026-05-21T04:45:00Z,protocol-server,wp-http-polling-protocol-state-machine,15322,86,0,900833,0.2502313888888889,83.75475111111112,26752,0,0,0,0,0,0,31940.874571414028
2026-05-21T05:00:00Z,protocol-server,wp-http-polling-protocol-state-machine,6300,35,0,396125,0.11003472222222223,83.86478583333334,26752,0,0,0,0,0,0,31898.966573604495
2026-05-21T05:15:00Z,protocol-server,wp-http-polling-protocol-state-machine,6682,38,3,310529,0.08625805555555556,83.9510438888889,26755,0,0,0,0,0,0,31869.764520630433
2026-05-21T05:45:00Z,protocol-server,wp-http-polling-protocol-state-machine,22,1,0,6731,0.0018697222222222223,83.95291361111113,26755,0,0,0,0,0,0,31869.054746491835
2026-05-21T06:00:00Z,protocol-server,wp-http-polling-protocol-state-machine,8820,49,0,493340,0.13703888888888888,84.08995250000002,26755,0,0,0,0,0,0,31817.11869797999
2026-05-21T06:15:00Z,protocol-server,wp-http-polling-protocol-state-machine,16222,91,0,906320,0.25175555555555557,84.34170805555559,26755,0,0,0,0,0,0,31722.14627474295
2026-05-21T06:30:00Z,protocol-server,wp-http-polling-protocol-state-machine,14782,83,0,903543,0.2509841666666667,84.59269222222225,26755,0,0,0,0,0,0,31628.027548426388
2026-05-21T06:45:00Z,protocol-server,wp-http-polling-protocol-state-machine,10620,59,3,618714,0.171865,84.76455722222225,26758,0,0,0,0,0,0,31567.43912417324
2026-05-21T07:00:00Z,protocol-server,wp-http-polling-protocol-state-machine,12600,70,3,785372,0.2181588888888889,84.98271611111115,26761,0,0,0,0,0,0,31489.932570537254
2026-05-21T07:30:00Z,protocol-server,wp-http-polling-protocol-state-machine,3802,22,0,226942,0.06303944444444444,85.04575555555559,26761,0,0,0,0,0,0,31466.590925303204
2026-05-21T07:45:00Z,protocol-server,wp-http-polling-protocol-state-machine,15164,86,1,916176,0.25449333333333335,85.30024888888892,26762,0,0,0,0,0,0,31373.882665758527
2026-05-21T08:00:00Z,protocol-server,wp-http-polling-protocol-state-machine,8662,49,0,552222,0.153395,85.45364388888892,26762,0,0,0,0,0,0,31317.56445026181
2026-05-21T08:30:00Z,protocol-server,wp-http-polling-protocol-state-machine,7942,45,0,448899,0.12469416666666666,85.57833805555559,26762,0,0,0,0,0,0,31271.932369879272
2026-05-21T08:45:00Z,protocol-server,wp-http-polling-protocol-state-machine,16020,89,0,903321,0.2509225,85.82926055555559,26762,0,0,0,0,0,0,31180.50863630298
2026-05-21T09:00:00Z,protocol-server,wp-http-polling-protocol-state-machine,8842,50,0,542434,0.15067611111111112,85.9799366666667,26762,0,0,0,0,0,0,31125.866146834785
2026-05-21T09:15:00Z,protocol-server,wp-http-polling-protocol-state-machine,22,1,0,8480,0.0023555555555555556,85.98229222222226,26762,0,0,0,0,0,0,31125.0134281525
2026-05-21T09:30:00Z,protocol-server,wp-http-polling-protocol-state-machine,6120,34,0,448986,0.12471833333333333,86.10701055555559,26762,0,0,0,0,0,0,31079.93161919535
2026-05-21T09:45:00Z,protocol-server,wp-http-polling-protocol-state-machine,22,1,0,5110,0.0014194444444444445,86.10843000000004,26762,0,0,0,0,0,0,31079.419285661097
2026-05-21T10:00:00Z,protocol-server,wp-http-polling-protocol-state-machine,3780,21,0,255257,0.07090472222222222,86.17933472222226,26762,0,0,0,0,0,0,31053.84845016578
2026-05-21T10:15:00Z,protocol-server,wp-http-polling-protocol-state-machine,14760,82,0,892229,0.2478413888888889,86.42717611111115,26762,0,0,0,0,0,0,30964.7974215826
2026-05-21T10:30:00Z,protocol-server,wp-http-polling-protocol-state-machine,6480,36,0,424389,0.11788583333333333,86.54506194444448,26762,0,0,0,0,0,0,30922.619267612543
2026-05-21T10:45:00Z,protocol-server,wp-http-polling-protocol-state-machine,22,1,0,4999,0.001388611111111111,86.5464505555556,26762,0,0,0,0,0,0,30922.123123721904
2026-05-21T11:00:00Z,protocol-server,wp-http-polling-protocol-state-machine,9900,55,0,632631,0.17573083333333334,86.72218138888893,26762,0,0,0,0,0,0,30859.463601348958
2026-05-21T11:15:00Z,protocol-server,wp-http-polling-protocol-state-machine,6480,36,0,470486,0.13069055555555556,86.85287194444449,26762,0,0,0,0,0,0,30813.028286638968
2026-05-21T11:30:00Z,protocol-server,wp-http-polling-protocol-state-machine,22,1,0,4821,0.0013391666666666667,86.85421111111116,26762,0,0,0,0,0,0,30812.553194184005
2026-05-21T12:00:00Z,protocol-server,wp-http-polling-protocol-state-machine,5286,32,1,280986,0.07805166666666667,86.93226277777782,26763,0,0,0,0,0,0,30786.038629195016
2026-05-21T12:15:00Z,protocol-server,wp-http-polling-protocol-state-machine,16020,89,0,901899,0.2505275,87.18279027777783,26763,0,0,0,0,0,0,30697.572209754875
2026-05-21T12:30:00Z,protocol-server,wp-http-polling-protocol-state-machine,14602,82,0,912704,0.2535288888888889,87.43631916666672,26763,0,0,0,0,0,0,30608.562042720157
2026-05-21T12:45:00Z,protocol-server,wp-http-polling-protocol-state-machine,14580,81,0,891664,0.24768444444444446,87.68400361111117,26763,0,0,0,0,0,0,30522.10083688359
2026-05-21T13:00:00Z,protocol-server,wp-http-polling-protocol-state-machine,9742,55,3,675979,0.18777194444444445,87.87177555555562,26766,0,0,0,0,0,0,30460.292660272462
2026-05-21T13:15:00Z,protocol-server,wp-http-polling-protocol-state-machine,3824,23,3,253000,0.07027777777777777,87.94205333333339,26769,0,0,0,0,0,0,30439.36204051939
2026-05-21T13:45:00Z,protocol-server,wp-http-polling-protocol-state-machine,22,1,0,6197,0.0017213888888888888,87.94377472222227,26769,0,0,0,0,0,0,30438.766228254488
2026-05-21T14:15:00Z,protocol-server,wp-http-polling-protocol-state-machine,2384,15,0,183357,0.0509325,87.99470722222227,26769,0,0,0,0,0,0,30421.147867902364
2026-05-21T14:30:00Z,protocol-server,wp-http-polling-protocol-state-machine,10440,58,0,734522,0.20403388888888888,88.19874111111116,26769,0,0,0,0,0,0,30350.773336182774
2026-05-21T14:45:00Z,protocol-server,wp-http-polling-protocol-state-machine,9922,56,0,689456,0.19151555555555555,88.39025666666672,26769,0,0,0,0,0,0,30285.012182903854
2026-05-21T15:00:00Z,protocol-server,wp-http-polling-protocol-state-machine,22,1,0,4921,0.0013669444444444445,88.39162361111116,26769,0,0,0,0,0,0,30284.54383615942
2026-05-21T15:15:00Z,protocol-server,wp-http-polling-protocol-state-machine,8640,48,0,516634,0.14350944444444444,88.5351330555556,26769,0,0,0,0,0,0,30235.454645109654
2026-05-21T15:30:00Z,protocol-server,wp-http-polling-protocol-state-machine,12982,73,1,899935,0.24998194444444444,88.78511500000005,26770,0,0,0,0,0,0,30151.450499331993
2026-05-21T15:45:00Z,protocol-server,wp-http-polling-protocol-state-machine,5760,32,0,387455,0.10762638888888888,88.89274138888894,26770,0,0,0,0,0,0,30114.944799470533
2026-05-21T16:00:00Z,protocol-server,wp-http-polling-protocol-state-machine,22,1,0,4898,0.0013605555555555556,88.89410194444449,26770,0,0,0,0,0,0,30114.48387962821
2026-05-21T16:30:00Z,protocol-server,wp-http-polling-protocol-state-machine,22,1,0,4797,0.0013325,88.89543444444449,26770,0,0,0,0,0,0,30114.03247793339
2026-05-21T17:00:00Z,protocol-server,wp-http-polling-protocol-state-machine,22,1,0,4595,0.001276388888888889,88.89671083333337,26770,0,0,0,0,0,0,30113.600097296425
2026-05-21T17:15:00Z,protocol-server,wp-http-polling-protocol-state-machine,22,1,0,4511,0.0012530555555555556,88.89796388888892,26770,0,0,0,0,0,0,30113.17563297521
2026-05-21T17:45:00Z,protocol-server,wp-http-polling-protocol-state-machine,22,1,0,4748,0.001318888888888889,88.89928277777781,26770,0,0,0,0,0,0,30112.728880971026
2026-05-21T18:15:00Z,protocol-server,wp-http-polling-protocol-state-machine,22,1,0,4532,0.0012588888888888888,88.9005416666667,26770,0,0,0,0,0,0,30112.302465348672
2026-05-21T18:30:00Z,protocol-server,wp-http-polling-protocol-state-machine,22,1,0,6871,0.0019086111111111111,88.9024502777778,26770,0,0,0,0,0,0,30111.655996383117
2026-05-21T19:00:00Z,protocol-server,wp-http-polling-protocol-state-machine,22,1,0,6377,0.001771388888888889,88.90422166666669,26770,0,0,0,0,0,0,30111.05603102874
2026-05-21T19:30:00Z,protocol-server,wp-http-polling-protocol-state-machine,22,1,0,5436,0.00151,88.90573166666668,26770,0,0,0,0,0,0,30110.544616367904
2026-05-21T19:45:00Z,protocol-server,wp-http-polling-protocol-state-machine,22,1,0,5799,0.0016108333333333333,88.90734250000001,26770,0,0,0,0,0,0,30109.999070099297
2026-05-21T20:15:00Z,protocol-server,wp-http-polling-protocol-state-machine,22,1,0,12863,0.0035730555555555554,88.91091555555556,26770,0,0,0,0,0,0,30108.789042075372
2026-05-21T21:00:00Z,protocol-server,wp-http-polling-protocol-state-machine,745,13,0,336335,0.09342638888888889,89.00434194444445,26770,0,0,0,0,0,0,30077.184343107154
2026-05-21T21:15:00Z,protocol-server,wp-http-polling-protocol-state-machine,500,25,0,251330,0.06981388888888888,89.07415583333334,26770,0,0,0,0,0,0,30053.610668047586
2026-05-21T22:00:00Z,protocol-server,wp-http-polling-protocol-state-machine,360,2,0,48723,0.013534166666666667,89.08769000000001,26770,0,0,0,0,0,0,30049.044935388938
2026-05-21T22:15:00Z,protocol-server,wp-http-polling-protocol-state-machine,1080,6,5,482024,0.13389555555555555,89.22158555555556,26775,0,0,0,0,0,0,30009.55411549823
2026-05-21T22:30:00Z,protocol-server,wp-http-polling-protocol-state-machine,1705,15,4,691988,0.19221888888888888,89.41380444444445,26779,0,0,0,0,0,0,29949.514134183406
2026-05-21T22:45:00Z,protocol-server,wp-http-polling-protocol-state-machine,2160,36,0,899275,0.24979861111111112,89.66360305555557,26779,0,0,0,0,0,0,29866.07618635148
2026-05-21T23:00:00Z,protocol-server,wp-http-polling-protocol-state-machine,1285,22,0,527917,0.1466436111111111,89.81024666666669,26779,0,0,0,0,0,0,29817.31037816991
2026-05-21T23:30:00Z,protocol-server,wp-http-polling-protocol-state-machine,120,2,0,45486,0.012635,89.82288166666669,26779,0,0,0,0,0,0,29813.116104844026
2026-05-21T23:45:00Z,protocol-server,wp-http-polling-protocol-state-machine,960,16,2,378534,0.10514833333333333,89.92803000000002,26781,0,0,0,0,0,0,29780.48112473941
2026-05-22T00:00:00Z,protocol-server,wp-http-polling-protocol-state-machine,120,2,0,54724,0.015201111111111111,89.94323111111113,26781,0,0,0,0,0,0,29775.447989983997
2026-05-22T00:30:00Z,protocol-server,wp-http-polling-protocol-state-machine,1105,7,4,512351,0.14231972222222222,90.08555083333336,26785,0,0,0,0,0,0,29732.848111851745
2026-05-22T00:45:00Z,protocol-server,wp-http-polling-protocol-state-machine,1080,27,2,643525,0.17875694444444445,90.2643077777778,26787,0,0,0,0,0,0,29676.181715088387
2026-05-22T01:00:00Z,protocol-server,wp-http-polling-protocol-state-machine,440,11,2,202784,0.05632888888888889,90.32063666666669,26789,0,0,0,0,0,0,29659.88835847813
2026-05-22T01:15:00Z,protocol-server,wp-http-polling-protocol-state-machine,51,3,1,27443,0.007623055555555556,90.32825972222224,26790,0,0,0,0,0,0,29658.49235043905
2026-05-22T01:45:00Z,protocol-server,wp-http-polling-protocol-state-machine,120,2,2,1253,3.4805555555555555e-4,90.3286077777778,26792,0,0,0,0,0,0,29660.59220785559
2026-05-22T02:00:00Z,protocol-server,wp-http-polling-protocol-state-machine,120,2,0,53063,0.014739722222222222,90.34334750000002,26792,0,0,0,0,0,0,29655.753014907925
2026-05-22T02:15:00Z,protocol-server,wp-http-polling-protocol-state-machine,1260,7,3,160763,0.04465638888888889,90.3880038888889,26795,0,0,0,0,0,0,29644.42055047287
2026-05-22T02:30:00Z,protocol-server,wp-http-polling-protocol-state-machine,2163,15,6,494016,0.13722666666666666,90.52523055555557,26801,0,0,0,0,0,0,29606.110733462487
2026-05-22T02:45:00Z,protocol-server,wp-http-polling-protocol-state-machine,1260,7,2,233667,0.0649075,90.59013805555557,26803,0,0,0,0,0,0,29587.105810085766
2026-05-22T03:15:00Z,protocol-server,wp-http-polling-protocol-state-machine,1525,26,0,566534,0.15737055555555557,90.74750861111113,26803,0,0,0,0,0,0,29535.79708161623
2026-05-22T03:30:00Z,protocol-server,wp-http-polling-protocol-state-machine,2220,37,1,882364,0.2451011111111111,90.99260972222224,26804,0,0,0,0,0,0,29457.33733962124
2026-05-22T03:45:00Z,protocol-server,wp-http-polling-protocol-state-machine,2220,37,0,915494,0.2543038888888889,91.24691361111113,26804,0,0,0,0,0,0,29375.240147011482
2026-05-22T04:00:00Z,protocol-server,wp-http-polling-protocol-state-machine,240,4,2,84325,0.02342361111111111,91.27033722222224,26806,0,0,0,0,0,0,29369.89258047066
2026-05-22T04:15:00Z,protocol-server,wp-http-polling-protocol-state-machine,25,1,0,15083,0.004189722222222222,91.27452694444446,26806,0,0,0,0,0,0,29368.54443114874
2026-05-22T04:30:00Z,protocol-server,wp-http-polling-protocol-state-machine,25,1,0,14689,0.004080277777777778,91.27860722222223,26806,0,0,0,0,0,0,29367.231617304897
2026-05-22T05:00:00Z,protocol-server,wp-http-polling-protocol-state-machine,25,1,0,14019,0.003894166666666667,91.2825013888889,26806,0,0,0,0,0,0,29365.978793458966
2026-05-22T05:30:00Z,protocol-server,wp-http-polling-protocol-state-machine,25,1,0,14190,0.003941666666666666,91.28644305555557,26806,0,0,0,0,0,0,29364.71079685542
2026-05-22T06:00:00Z,protocol-server,wp-http-polling-protocol-state-machine,25,1,0,16004,0.004445555555555556,91.29088861111111,26806,0,0,0,0,0,0,29363.28083538603
2026-05-22T06:30:00Z,protocol-server,wp-http-polling-protocol-state-machine,1710,17,2,375941,0.10442805555555555,91.39531666666667,26808,0,0,0,0,0,0,29331.918721582922
2026-05-22T06:45:00Z,protocol-server,wp-http-polling-protocol-state-machine,2185,25,3,934190,0.2594972222222222,91.6548138888889,26811,0,0,0,0,0,0,29252.146027487855
2026-05-22T07:00:00Z,protocol-server,wp-http-polling-protocol-state-machine,3420,38,0,910644,0.25295666666666666,91.90777055555556,26811,0,0,0,0,0,0,29171.63569297281
2026-05-22T07:15:00Z,protocol-server,wp-http-polling-protocol-state-machine,3085,35,0,905075,0.25140972222222224,92.15918027777778,26811,0,0,0,0,0,0,29092.055635899465
2026-05-22T07:30:00Z,protocol-server,wp-http-polling-protocol-state-machine,1350,15,5,879526,0.24431277777777777,92.40349305555556,26816,0,0,0,0,0,0,29020.54793954323
2026-05-22T07:45:00Z,protocol-server,wp-http-polling-protocol-state-machine,1620,18,2,559109,0.15530805555555555,92.55880111111111,26818,0,0,0,0,0,0,28974.01400846436
2026-05-22T08:00:00Z,protocol-server,wp-http-polling-protocol-state-machine,925,6,3,453500,0.12597222222222224,92.68477333333333,26821,0,0,0,0,0,0,28937.870844804715
2026-05-22T08:15:00Z,protocol-server,wp-http-polling-protocol-state-machine,2580,43,0,902261,0.25062805555555556,92.93540138888888,26821,0,0,0,0,0,0,28859.831236718208
2026-05-22T08:30:00Z,protocol-server,wp-http-polling-protocol-state-machine,2545,43,0,910521,0.2529225,93.18832388888887,26821,0,0,0,0,0,0,28781.502747038838
2026-05-22T08:45:00Z,protocol-server,wp-http-polling-protocol-state-machine,2640,44,0,896572,0.24904777777777778,93.43737166666665,26821,0,0,0,0,0,0,28704.788588962703
2026-05-22T09:00:00Z,protocol-server,wp-http-polling-protocol-state-machine,2580,43,0,915031,0.25417527777777776,93.69154694444443,26821,0,0,0,0,0,0,28626.91552729282
2026-05-22T09:15:00Z,protocol-server,wp-http-polling-protocol-state-machine,2570,44,0,936362,0.26010055555555556,93.95164749999998,26821,0,0,0,0,0,0,28547.663307341158
2026-05-22T09:30:00Z,protocol-server,wp-http-polling-protocol-state-machine,2580,43,0,899081,0.24974472222222222,94.2013922222222,26821,0,0,0,0,0,0,28471.978351157428
2026-05-22T09:45:00Z,protocol-server,wp-http-polling-protocol-state-machine,2701,47,0,942253,0.26173694444444445,94.46312916666665,26821,0,0,0,0,0,0,28393.088643801108
2026-05-22T10:00:00Z,protocol-server,wp-http-polling-protocol-state-machine,2340,39,0,880514,0.24458722222222223,94.70771638888887,26821,0,0,0,0,0,0,28319.76212990671
2026-05-22T10:15:00Z,protocol-server,wp-http-polling-protocol-state-machine,2305,39,0,920452,0.25568111111111114,94.96339749999999,26821,0,0,0,0,0,0,28243.513507401633
2026-05-22T10:30:00Z,protocol-server,wp-http-polling-protocol-state-machine,2160,36,0,916726,0.25464611111111113,95.2180436111111,26821,0,0,0,0,0,0,28167.980545307306
2026-05-22T10:45:00Z,protocol-server,wp-http-polling-protocol-state-machine,2185,37,0,911670,0.25324166666666664,95.47128527777777,26821,0,0,0,0,0,0,28093.26377241404
2026-05-22T11:00:00Z,protocol-server,wp-http-polling-protocol-state-machine,2545,43,0,910591,0.25294194444444446,95.72422722222221,26821,0,0,0,0,0,0,28019.030059898516
2026-05-22T11:15:00Z,protocol-server,wp-http-polling-protocol-state-machine,2400,40,0,898978,0.2497161111111111,95.97394333333332,26821,0,0,0,0,0,0,27946.12690534789
2026-05-22T11:30:00Z,protocol-server,wp-http-polling-protocol-state-machine,2220,38,0,948382,0.26343944444444445,96.23738277777777,26821,0,0,0,0,0,0,27869.62740033414
2026-05-22T11:45:00Z,protocol-server,wp-http-polling-protocol-state-machine,2340,39,0,902855,0.25079305555555553,96.48817583333333,26821,0,0,0,0,0,0,27797.188379152954
2026-05-22T12:00:00Z,protocol-server,wp-http-polling-protocol-state-machine,2725,46,0,910898,0.25302722222222224,96.74120305555554,26821,0,0,0,0,0,0,27724.484658928122
2026-05-22T12:15:00Z,protocol-server,wp-http-polling-protocol-state-machine,2820,47,0,905465,0.25151805555555556,96.9927211111111,26821,0,0,0,0,0,0,27652.590516843942
2026-05-22T12:30:00Z,protocol-server,wp-http-polling-protocol-state-machine,2280,38,2,783971,0.2177697222222222,97.21049083333332,26823,0,0,0,0,0,0,27592.7009215372
2026-05-22T12:45:00Z,protocol-server,wp-http-polling-protocol-state-machine,25,1,0,14804,0.004112222222222222,97.21460305555554,26823,0,0,0,0,0,0,27591.533737653976
2026-05-22T13:15:00Z,protocol-server,wp-http-polling-protocol-state-machine,1045,18,0,476533,0.13237027777777777,97.34697333333332,26823,0,0,0,0,0,0,27554.015375653526
2026-05-22T13:30:00Z,protocol-server,wp-http-polling-protocol-state-machine,2220,37,0,888653,0.24684805555555556,97.59382138888888,26823,0,0,0,0,0,0,27484.32187434953
2026-05-22T13:45:00Z,protocol-server,wp-http-polling-protocol-state-machine,2245,38,0,942669,0.2618525,97.85567388888889,26823,0,0,0,0,0,0,27410.77643638367
2026-05-22T14:00:00Z,protocol-server,wp-http-polling-protocol-state-machine,1610,28,2,684007,0.19000194444444443,98.04567583333333,26825,0,0,0,0,0,0,27359.697173794277
2026-05-22T14:15:00Z,protocol-server,wp-http-polling-protocol-state-machine,180,1,1,120072,0.03335333333333333,98.07902916666667,26826,0,0,0,0,0,0,27351.412659697427
2026-05-22T14:30:00Z,protocol-server,wp-http-polling-protocol-state-machine,1645,24,2,805065,0.22362916666666666,98.30265833333334,26828,0,0,0,0,0,0,27291.225339023127
2026-05-22T14:45:00Z,protocol-server,wp-http-polling-protocol-state-machine,565,10,1,301670,0.08379722222222222,98.38645555555556,26829,0,0,0,0,0,0,27268.997392482095
2026-05-22T15:00:00Z,protocol-server,wp-http-polling-protocol-state-machine,2065,35,0,928333,0.25787027777777777,98.64432583333334,26829,0,0,0,0,0,0,27197.71236039417
2026-05-22T15:15:00Z,protocol-server,wp-http-polling-protocol-state-machine,1980,33,0,891203,0.2475563888888889,98.89188222222224,26829,0,0,0,0,0,0,27129.628233500433
2026-05-22T15:30:00Z,protocol-server,wp-http-polling-protocol-state-machine,1705,29,0,912675,0.2535208333333333,99.14540305555558,26829,0,0,0,0,0,0,27060.256121977254
2026-05-22T15:45:00Z,protocol-server,wp-http-polling-protocol-state-machine,1645,28,0,892428,0.24789666666666665,99.39329972222224,26829,0,0,0,0,0,0,26992.76518133506
2026-05-22T16:00:00Z,protocol-server,wp-http-polling-protocol-state-machine,1800,30,0,937974,0.2605483333333333,99.65384805555557,26829,0,0,0,0,0,0,26922.191690022068
2026-05-22T16:15:00Z,protocol-server,wp-http-polling-protocol-state-machine,1680,28,0,875161,0.2431002777777778,99.89694833333336,26829,0,0,0,0,0,0,26856.676252489455
2026-05-22T16:30:00Z,protocol-server,wp-http-polling-protocol-state-machine,1800,30,0,900735,0.25020416666666667,100.14715250000002,26829,0,0,0,0,0,0,26789.57846554848
2026-05-22T16:45:00Z,protocol-server,wp-http-polling-protocol-state-machine,2040,34,0,923288,0.2564688888888889,100.40362138888891,26829,0,0,0,0,0,0,26721.14773239545
2026-05-22T17:00:00Z,protocol-server,wp-http-polling-protocol-state-machine,1860,31,0,892442,0.24790055555555557,100.65152194444447,26829,0,0,0,0,0,0,26655.33464541998
2026-05-22T17:15:00Z,protocol-server,wp-http-polling-protocol-state-machine,1980,33,0,884719,0.24575527777777778,100.89727722222224,26829,0,0,0,0,0,0,26590.41030503746
2026-05-22T17:30:00Z,protocol-server,wp-http-polling-protocol-state-machine,1920,32,0,920145,0.25559583333333336,101.15287305555557,26829,0,0,0,0,0,0,26523.220932404827
2026-05-22T17:45:00Z,protocol-server,wp-http-polling-protocol-state-machine,1680,28,0,879512,0.24430888888888888,101.39718194444447,26829,0,0,0,0,0,0,26459.315225051927
2026-05-22T18:00:00Z,protocol-server,wp-http-polling-protocol-state-machine,1680,28,0,896189,0.2489413888888889,101.64612333333336,26829,0,0,0,0,0,0,26394.51375043422
2026-05-22T18:15:00Z,protocol-server,wp-http-polling-protocol-state-machine,2115,37,0,1020241,0.28340027777777776,101.92952361111114,26829,0,0,0,0,0,0,26321.12762771259
2026-05-22T18:30:00Z,protocol-server,wp-http-polling-protocol-state-machine,2280,38,0,893296,0.2481377777777778,102.17766138888891,26829,0,0,0,0,0,0,26257.206942610122
2026-05-22T18:45:00Z,protocol-server,wp-http-polling-protocol-state-machine,2246,39,0,927175,0.2575486111111111,102.43521000000001,26829,0,0,0,0,0,0,26191.18953336455
2026-05-22T19:00:00Z,protocol-server,wp-http-polling-protocol-state-machine,2100,35,0,909812,0.25272555555555554,102.68793555555557,26829,0,0,0,0,0,0,26126.730326061668
2026-05-22T19:15:00Z,protocol-server,wp-http-polling-protocol-state-machine,2125,36,0,923339,0.25648305555555556,102.94441861111112,26829,0,0,0,0,0,0,26061.63632955256
2026-05-22T19:30:00Z,protocol-server,wp-http-polling-protocol-state-machine,1980,33,0,885272,0.2459088888888889,103.19032750000001,26829,0,0,0,0,0,0,25999.529849345618
2026-05-22T19:45:00Z,protocol-server,wp-http-polling-protocol-state-machine,2100,35,0,919629,0.2554525,103.44578000000001,26829,0,0,0,0,0,0,25935.32573295885
2026-05-22T20:00:00Z,protocol-server,wp-http-polling-protocol-state-machine,730,13,3,415025,0.11528472222222222,103.56106472222224,26832,0,0,0,0,0,0,25909.351233468307
2026-05-22T20:30:00Z,protocol-server,wp-http-polling-protocol-state-machine,2365,14,3,519831,0.1443975,103.70546222222224,26835,0,0,0,0,0,0,25876.168356973714
2026-05-22T21:00:00Z,protocol-server,wp-http-polling-protocol-state-machine,25,1,0,21292,0.005914444444444444,103.71137666666668,26835,0,0,0,0,0,0,25874.69269282672
2026-05-22T21:30:00Z,protocol-server,wp-http-polling-protocol-state-machine,1800,10,0,353502,0.098195,103.80957166666668,26835,0,0,0,0,0,0,25850.217440610762
2026-05-22T21:45:00Z,protocol-server,wp-http-polling-protocol-state-machine,2725,16,3,779554,0.21654277777777778,104.02611444444446,26838,0,0,0,0,0,0,25799.291017769327
2026-05-22T22:15:00Z,protocol-server,wp-http-polling-protocol-state-machine,1285,8,0,283988,0.07888555555555556,104.10500000000002,26838,0,0,0,0,0,0,25779.74160703136
2026-05-22T22:30:00Z,protocol-server,wp-http-polling-protocol-state-machine,2545,15,3,838065,0.23279583333333334,104.33779583333335,26841,0,0,0,0,0,0,25725.097780362506
2026-05-22T22:45:00Z,protocol-server,wp-http-polling-protocol-state-machine,50,2,0,29581,0.008216944444444445,104.34601277777779,26841,0,0,0,0,0,0,25723.07200387463
2026-05-22T23:15:00Z,protocol-server,wp-http-polling-protocol-state-machine,2210,14,3,816455,0.22679305555555557,104.57280583333335,26844,0,0,0,0,0,0,25670.15371356066
2026-05-22T23:45:00Z,protocol-server,wp-http-polling-protocol-state-machine,25,1,0,15378,0.004271666666666667,104.57707750000002,26844,0,0,0,0,0,0,25669.105163127166
2026-05-23T00:00:00Z,protocol-server,wp-http-polling-protocol-state-machine,25,1,0,14939,0.004149722222222222,104.58122722222224,26844,0,0,0,0,0,0,25668.086627975597
2026-05-23T00:15:00Z,protocol-server,wp-http-polling-protocol-state-machine,1081,7,3,459770,0.12771388888888888,104.70894111111113,26847,0,0,0,0,0,0,25639.644251116533
2026-05-23T00:30:00Z,protocol-server,wp-http-polling-protocol-state-machine,3085,18,3,852569,0.23682472222222223,104.94576583333335,26850,0,0,0,0,0,0,25584.64344587381
2026-05-23T00:45:00Z,protocol-server,wp-http-polling-protocol-state-machine,1800,30,0,605993,0.16833138888888888,105.11409722222224,26850,0,0,0,0,0,0,25543.671790508062
2026-05-23T01:00:00Z,protocol-server,wp-http-polling-protocol-state-machine,2605,44,0,900560,0.2501555555555556,105.36425277777779,26850,0,0,0,0,0,0,25483.02606637276
2026-05-23T01:15:00Z,protocol-server,wp-http-polling-protocol-state-machine,2700,45,0,903010,0.2508361111111111,105.6150888888889,26850,0,0,0,0,0,0,25422.50381311256
2026-05-23T01:30:00Z,protocol-server,wp-http-polling-protocol-state-machine,2580,43,0,917755,0.25493194444444445,105.87002083333336,26850,0,0,0,0,0,0,25361.287160100597
2026-05-23T01:45:00Z,protocol-server,wp-http-polling-protocol-state-machine,685,12,2,219556,0.06098777777777778,105.93100861111114,26852,0,0,0,0,0,0,25348.57389924208
2026-05-23T02:00:00Z,protocol-server,wp-http-polling-protocol-state-machine,600,10,0,218839,0.06078861111111111,105.99179722222225,26852,0,0,0,0,0,0,25334.035938368077
2026-05-23T02:15:00Z,protocol-server,wp-http-polling-protocol-state-machine,2570,44,0,935426,0.2598405555555556,106.2516377777778,26852,0,0,0,0,0,0,25272.081034797953
2026-05-23T02:30:00Z,protocol-server,wp-http-polling-protocol-state-machine,2580,43,0,900081,0.2500225,106.5016602777778,26852,0,0,0,0,0,0,25212.752486641588
2026-05-23T02:45:00Z,protocol-server,wp-http-polling-protocol-state-machine,2665,45,0,917976,0.25499333333333335,106.75665361111113,26852,0,0,0,0,0,0,25152.530630845165
2026-05-23T03:00:00Z,protocol-server,wp-http-polling-protocol-state-machine,2400,40,0,899448,0.24984666666666666,107.0065002777778,26852,0,0,0,0,0,0,25093.802647778393
2026-05-23T03:15:00Z,protocol-server,wp-http-polling-protocol-state-machine,2425,41,0,895887,0.2488575,107.2553577777778,26852,0,0,0,0,0,0,25035.579160189474
2026-05-23T03:30:00Z,protocol-server,wp-http-polling-protocol-state-machine,2125,36,2,766242,0.212845,107.4682027777778,26854,0,0,0,0,0,0,24987.856227137774
2026-05-23T03:45:00Z,protocol-server,wp-http-polling-protocol-state-machine,25,1,0,21170,0.0058805555555555555,107.47408333333335,26854,0,0,0,0,0,0,24986.488990756683
2026-05-23T04:15:00Z,protocol-server,wp-http-polling-protocol-state-machine,1825,11,3,625555,0.17376527777777778,107.64784861111113,26857,0,0,0,0,0,0,24948.94263704578
2026-05-23T05:00:00Z,protocol-server,wp-http-polling-protocol-state-machine,25,1,0,15371,0.0042697222222222225,107.65211833333335,26857,0,0,0,0,0,0,24947.95310654283
2026-05-23T05:15:00Z,protocol-server,wp-http-polling-protocol-state-machine,25,1,0,19475,0.005409722222222222,107.65752805555557,26857,0,0,0,0,0,0,24946.69948778753
2026-05-23T05:30:00Z,protocol-server,wp-http-polling-protocol-state-machine,25,1,0,16052,0.004458888888888889,107.66198694444446,26857,0,0,0,0,0,0,24945.66630454136
2026-05-23T05:45:00Z,protocol-server,wp-http-polling-protocol-state-machine,2520,14,0,492928,0.13692444444444443,107.79891138888891,26857,0,0,0,0,0,0,24913.980720187694
2026-05-23T06:00:00Z,protocol-server,wp-http-polling-protocol-state-machine,1080,6,3,482725,0.13409027777777777,107.93300166666668,26860,0,0,0,0,0,0,24885.808404506985
2026-05-23T06:30:00Z,protocol-server,wp-http-polling-protocol-state-machine,385,3,1,181656,0.05046,107.98346166666668,26861,0,0,0,0,0,0,24875.1054887618
2026-05-23T06:45:00Z,protocol-server,wp-http-polling-protocol-state-machine,360,2,2,240130,0.06670277777777778,108.05016444444446,26863,0,0,0,0,0,0,24861.600292900985
2026-05-23T07:15:00Z,protocol-server,wp-http-polling-protocol-state-machine,2905,17,0,482016,0.13389333333333334,108.1840577777778,26863,0,0,0,0,0,0,24830.830486299208
2026-05-23T07:30:00Z,protocol-server,wp-http-polling-protocol-state-machine,5400,30,0,911993,0.2533313888888889,108.43738916666669,26863,0,0,0,0,0,0,24772.820709203872
2026-05-23T07:45:00Z,protocol-server,wp-http-polling-protocol-state-machine,5245,30,0,886488,0.24624666666666667,108.68363583333335,26863,0,0,0,0,0,0,24716.69243858798
2026-05-23T08:00:00Z,protocol-server,wp-http-polling-protocol-state-machine,5220,29,0,911570,0.2532138888888889,108.93684972222225,26863,0,0,0,0,0,0,24659.24071468735
2026-05-23T08:15:00Z,protocol-server,wp-http-polling-protocol-state-machine,5220,29,0,898178,0.24949388888888888,109.18634361111114,26863,0,0,0,0,0,0,24602.8936509477
2026-05-23T08:30:00Z,protocol-server,wp-http-polling-protocol-state-machine,5245,30,0,913236,0.25367666666666666,109.4400202777778,26863,0,0,0,0,0,0,24545.865335018243
2026-05-23T08:45:00Z,protocol-server,wp-http-polling-protocol-state-machine,5040,28,0,907932,0.25220333333333333,109.69222361111113,26863,0,0,0,0,0,0,24489.429711295365
2026-05-23T09:00:00Z,protocol-server,wp-http-polling-protocol-state-machine,5245,30,0,902514,0.25069833333333336,109.94292194444446,26863,0,0,0,0,0,0,24433.58746966377
2026-05-23T09:15:00Z,protocol-server,wp-http-polling-protocol-state-machine,5580,31,0,907577,0.25210472222222224,110.19502666666669,26863,0,0,0,0,0,0,24377.688188468754
2026-05-23T09:30:00Z,protocol-server,wp-http-polling-protocol-state-machine,4910,29,0,924806,0.25689055555555557,110.45191722222225,26863,0,0,0,0,0,0,24320.990233201068
2026-05-23T09:45:00Z,protocol-server,wp-http-polling-protocol-state-machine,916,6,2,161467,0.044851944444444444,110.4967691666667,26865,0,0,0,0,0,0,24312.928063515094
2026-05-23T10:15:00Z,protocol-server,wp-http-polling-protocol-state-machine,50,2,0,35211,0.009780833333333334,110.50655000000003,26865,0,0,0,0,0,0,24310.77614856313
2026-05-23T10:30:00Z,protocol-server,wp-http-polling-protocol-state-machine,2545,15,0,455837,0.12662138888888888,110.63317138888893,26865,0,0,0,0,0,0,24282.952086374065
2026-05-23T10:45:00Z,protocol-server,wp-http-polling-protocol-state-machine,4680,26,0,902036,0.25056555555555554,110.88373694444448,26865,0,0,0,0,0,0,24228.079554587915
2026-05-23T11:00:00Z,protocol-server,wp-http-polling-protocol-state-machine,3625,21,2,631389,0.17538583333333332,111.05912277777782,26867,0,0,0,0,0,0,24191.619137636397
2026-05-23T11:30:00Z,protocol-server,wp-http-polling-protocol-state-machine,4705,27,0,773488,0.2148577777777778,111.2739805555556,26867,0,0,0,0,0,0,24144.907790537927
2026-05-23T11:45:00Z,protocol-server,wp-http-polling-protocol-state-machine,5220,29,0,892562,0.2479338888888889,111.52191444444449,26867,0,0,0,0,0,0,24091.229184721364
2026-05-23T12:00:00Z,protocol-server,wp-http-polling-protocol-state-machine,5424,32,2,886029,0.24611916666666667,111.76803361111116,26869,0,0,0,0,0,0,24039.968434524628
2026-05-23T12:30:00Z,protocol-server,wp-http-polling-protocol-state-machine,25,1,0,14490,0.004025,111.77205861111116,26869,0,0,0,0,0,0,24039.102736297795
2026-05-23T13:15:00Z,protocol-server,wp-http-polling-protocol-state-machine,25,1,0,14279,0.003966388888888889,111.77602500000005,26869,0,0,0,0,0,0,24038.24970515814
2026-05-23T13:30:00Z,protocol-server,wp-http-polling-protocol-state-machine,4140,23,0,736193,0.20449805555555556,111.98052305555561,26869,0,0,0,0,0,0,23994.351220050823
2026-05-23T13:45:00Z,protocol-server,wp-http-polling-protocol-state-machine,5425,31,0,900224,0.25006222222222224,112.23058527777783,26869,0,0,0,0,0,0,23940.88913774932
2026-05-23T14:00:00Z,protocol-server,wp-http-polling-protocol-state-machine,5223,30,0,915423,0.25428416666666664,112.4848694444445,26869,0,0,0,0,0,0,23886.768178426355
2026-05-23T14:15:00Z,protocol-server,wp-http-polling-protocol-state-machine,5425,31,0,913329,0.2537025,112.7385719444445,26869,0,0,0,0,0,0,23833.014323829248
2026-05-23T14:30:00Z,protocol-server,wp-http-polling-protocol-state-machine,5040,28,0,900136,0.2500377777777778,112.98860972222228,26869,0,0,0,0,0,0,23780.273132005343
2026-05-23T14:45:00Z,protocol-server,wp-http-polling-protocol-state-machine,5040,28,0,905605,0.25155694444444443,113.24016666666672,26869,0,0,0,0,0,0,23727.44653325306
2026-05-23T15:00:00Z,protocol-server,wp-http-polling-protocol-state-machine,5245,30,0,898864,0.24968444444444443,113.48985111111116,26869,0,0,0,0,0,0,23675.244735050503
2026-05-23T15:15:00Z,protocol-server,wp-http-polling-protocol-state-machine,2730,17,3,522874,0.14524277777777778,113.63509388888895,26872,0,0,0,0,0,0,23647.624233298142
2026-05-23T15:30:00Z,protocol-server,wp-http-polling-protocol-state-machine,5785,33,0,917671,0.2549086111111111,113.89000250000005,26872,0,0,0,0,0,0,23594.69611917867
2026-05-23T15:45:00Z,protocol-server,wp-http-polling-protocol-state-machine,5065,29,0,944795,0.2624430555555556,114.1524455555556,26872,0,0,0,0,0,0,23540.450552083847
2026-05-23T16:00:00Z,protocol-server,wp-http-polling-protocol-state-machine,5425,31,0,905257,0.2514602777777778,114.40390583333338,26872,0,0,0,0,0,0,23488.70854037784
2026-05-23T16:15:00Z,protocol-server,wp-http-polling-protocol-state-machine,5400,30,0,895960,0.24887777777777778,114.65278361111116,26872,0,0,0,0,0,0,23437.72139989787
2026-05-23T16:30:00Z,protocol-server,wp-http-polling-protocol-state-machine,5580,31,0,901565,0.25043472222222224,114.90321833333338,26872,0,0,0,0,0,0,23386.638241972065
2026-05-23T16:45:00Z,protocol-server,wp-http-polling-protocol-state-machine,5425,31,0,919672,0.25546444444444444,115.15868277777783,26872,0,0,0,0,0,0,23334.75805020713
2026-05-23T17:00:00Z,protocol-server,wp-http-polling-protocol-state-machine,5760,32,0,908825,0.2524513888888889,115.41113416666671,26872,0,0,0,0,0,0,23283.715383295512
2026-05-23T17:15:00Z,protocol-server,wp-http-polling-protocol-state-machine,4525,26,0,911361,0.25315583333333336,115.66429000000005,26872,0,0,0,0,0,0,23232.75403324569
2026-05-23T17:30:00Z,protocol-server,wp-http-polling-protocol-state-machine,4320,24,0,904510,0.25125277777777777,115.91554277777783,26872,0,0,0,0,0,0,23182.395868616535
2026-05-23T17:45:00Z,protocol-server,wp-http-polling-protocol-state-machine,4345,25,0,928187,0.2578297222222222,116.17337250000006,26872,0,0,0,0,0,0,23130.945948909237
2026-05-23T18:00:00Z,protocol-server,wp-http-polling-protocol-state-machine,5220,29,0,872666,0.24240722222222222,116.41577972222228,26872,0,0,0,0,0,0,23082.78144433583
2026-05-23T18:15:00Z,protocol-server,wp-http-polling-protocol-state-machine,5425,31,0,933442,0.25928944444444446,116.67506916666673,26872,0,0,0,0,0,0,23031.484096756078
2026-05-23T18:30:00Z,protocol-server,wp-http-polling-protocol-state-machine,4705,27,0,899301,0.24980583333333334,116.92487500000007,26872,0,0,0,0,0,0,22982.278150821185
2026-05-23T18:45:00Z,protocol-server,wp-http-polling-protocol-state-machine,4320,24,0,924468,0.2567966666666667,117.18167166666674,26872,0,0,0,0,0,0,22931.91385461687
2026-05-23T19:00:00Z,protocol-server,wp-http-polling-protocol-state-machine,3420,19,0,884278,0.24563277777777778,117.42730444444452,26872,0,0,0,0,0,0,22883.945200933475
2026-05-23T19:15:00Z,protocol-server,wp-http-polling-protocol-state-machine,3650,22,0,1003012,0.27861444444444444,117.70591888888896,26872,0,0,0,0,0,0,22829.778021075053
2026-05-23T19:30:00Z,protocol-server,wp-http-polling-protocol-state-machine,4680,26,0,885484,0.24596777777777779,117.95188666666674,26872,0,0,0,0,0,0,22782.17056073088
2026-05-23T19:45:00Z,protocol-server,wp-http-polling-protocol-state-machine,4910,29,0,961811,0.26716972222222224,118.21905638888896,26872,0,0,0,0,0,0,22730.6838853483
2026-05-23T20:00:00Z,protocol-server,wp-http-polling-protocol-state-machine,5220,29,0,908124,0.2522566666666667,118.47131305555563,26872,0,0,0,0,0,0,22682.28426522015
2026-05-23T20:15:00Z,protocol-server,wp-http-polling-protocol-state-machine,4345,25,0,921929,0.2560913888888889,118.72740444444452,26872,0,0,0,0,0,0,22633.35927012038
2026-05-23T20:30:00Z,protocol-server,wp-http-polling-protocol-state-machine,4860,27,0,902875,0.2507986111111111,118.97820305555562,26872,0,0,0,0,0,0,22585.64956427557
2026-05-23T20:45:00Z,protocol-server,wp-http-polling-protocol-state-machine,4885,28,0,898740,0.24965,119.22785305555563,26872,0,0,0,0,0,0,22538.35770025874
2026-05-23T21:00:00Z,protocol-server,wp-http-polling-protocol-state-machine,4680,26,0,907777,0.2521602777777778,119.4800133333334,26872,0,0,0,0,0,0,22490.790928379527
2026-05-23T21:15:00Z,protocol-server,wp-http-polling-protocol-state-machine,4885,28,0,939940,0.26109444444444446,119.74110777777784,26872,0,0,0,0,0,0,22441.74995430186
2026-05-23T21:30:00Z,protocol-server,wp-http-polling-protocol-state-machine,4860,27,0,870477,0.24179916666666668,119.98290694444451,26872,0,0,0,0,0,0,22396.523541842922
2026-05-23T21:45:00Z,protocol-server,wp-http-polling-protocol-state-machine,4525,26,0,936987,0.26027416666666664,120.24318111111117,26872,0,0,0,0,0,0,22348.044813592238
2026-05-23T22:00:00Z,protocol-server,wp-http-polling-protocol-state-machine,4550,27,0,966455,0.2684597222222222,120.51164083333339,26872,0,0,0,0,0,0,22298.260827071266
2026-05-23T22:15:00Z,protocol-server,wp-http-polling-protocol-state-machine,4165,24,0,906287,0.2517463888888889,120.76338722222228,26872,0,0,0,0,0,0,22251.777312731047
2026-05-23T22:30:00Z,protocol-server,wp-http-polling-protocol-state-machine,4680,26,0,924224,0.2567288888888889,121.02011611111116,26872,0,0,0,0,0,0,22204.57297803965
2026-05-23T22:45:00Z,protocol-server,wp-http-polling-protocol-state-machine,4420,28,0,983737,0.2732602777777778,121.29337638888894,26872,0,0,0,0,0,0,22154.548582969124
2026-05-23T23:00:00Z,protocol-server,wp-http-polling-protocol-state-machine,3960,22,0,873599,0.2426663888888889,121.53604277777784,26872,0,0,0,0,0,0,22110.313439391815
2026-05-23T23:15:00Z,protocol-server,wp-http-polling-protocol-state-machine,4140,23,0,924790,0.2568861111111111,121.79292888888895,26872,0,0,0,0,0,0,22063.678281778728
2026-05-23T23:30:00Z,protocol-server,wp-http-polling-protocol-state-machine,3830,23,0,922782,0.2563283333333333,122.04925722222228,26872,0,0,0,0,0,0,22017.34005727914
2026-05-23T23:45:00Z,protocol-server,wp-http-polling-protocol-state-machine,3780,21,0,888680,0.24685555555555555,122.29611277777784,26872,0,0,0,0,0,0,21972.897903000932
2026-05-24T00:00:00Z,protocol-server,wp-http-polling-protocol-state-machine,2005,12,0,598073,0.1661313888888889,122.46224416666672,26872,0,0,0,0,0,0,21943.08962967245
2026-05-24T02:45:00Z,protocol-server,wp-http-polling-protocol-state-machine,25,1,0,13164,0.0036566666666666666,122.4659008333334,26872,0,0,0,0,0,0,21942.434438604025
2026-05-24T03:15:00Z,protocol-server,wp-http-polling-protocol-state-machine,25,1,0,14979,0.004160833333333333,122.47006166666672,26872,0,0,0,0,0,0,21941.6889599835
2026-05-24T03:45:00Z,protocol-server,wp-http-polling-protocol-state-machine,25,1,0,12761,0.003544722222222222,122.47360638888894,26872,0,0,0,0,0,0,21941.05390729956
2026-05-24T04:15:00Z,protocol-server,wp-http-polling-protocol-state-machine,1350,54,0,720240,0.20006666666666667,122.67367305555561,26872,0,0,0,0,0,0,21905.27056920387
2026-05-24T04:30:00Z,protocol-server,wp-http-polling-protocol-state-machine,1175,47,0,634891,0.17635861111111112,122.85003166666672,26872,0,0,0,0,0,0,21873.824235481465
2026-05-24T04:45:00Z,protocol-server,wp-http-polling-protocol-state-machine,25,1,0,13246,0.0036794444444444444,122.85371111111117,26872,0,0,0,0,0,0,21873.169118754962
2026-05-24T05:00:00Z,protocol-server,wp-http-polling-protocol-state-machine,25,1,0,13666,0.003796111111111111,122.85750722222228,26872,0,0,0,0,0,0,21872.493270919495
2026-05-24T05:15:00Z,protocol-server,wp-http-polling-protocol-state-machine,1325,53,0,744526,0.2068127777777778,123.06432000000007,26872,0,0,0,0,0,0,21835.735979364275
2026-05-24T05:30:00Z,protocol-server,wp-http-polling-protocol-state-machine,1600,64,0,920013,0.25555916666666667,123.31987916666674,26872,0,0,0,0,0,0,21790.485185022368
2026-05-24T05:45:00Z,protocol-server,wp-http-polling-protocol-state-machine,1575,63,0,907761,0.25215583333333336,123.57203500000007,26872,0,0,0,0,0,0,21746.020448720443
2026-05-24T06:00:00Z,protocol-server,wp-http-polling-protocol-state-machine,1650,66,0,923520,0.25653333333333334,123.82856833333341,26872,0,0,0,0,0,0,21700.969624120517
2026-05-24T06:15:00Z,protocol-server,wp-http-polling-protocol-state-machine,1625,65,0,915586,0.25432944444444444,124.08289777777786,26872,0,0,0,0,0,0,21656.48971877294
2026-05-24T06:30:00Z,protocol-server,wp-http-polling-protocol-state-machine,1625,65,0,899627,0.24989638888888888,124.33279416666674,26872,0,0,0,0,0,0,21612.962356478838
2026-05-24T06:45:00Z,protocol-server,wp-http-polling-protocol-state-machine,1450,58,0,939456,0.26096,124.59375416666674,26872,0,0,0,0,0,0,21567.694287511255
2026-05-24T07:00:00Z,protocol-server,wp-http-polling-protocol-state-machine,1650,66,0,902808,0.25078,124.84453416666675,26872,0,0,0,0,0,0,21524.37043349133
2026-05-24T07:15:00Z,protocol-server,wp-http-polling-protocol-state-machine,1650,66,0,893438,0.24817722222222222,125.09271138888897,26872,0,0,0,0,0,0,21481.667238357448
2026-05-24T07:30:00Z,protocol-server,wp-http-polling-protocol-state-machine,1450,58,0,939096,0.26086,125.35357138888897,26872,0,0,0,0,0,0,21436.964022855012
2026-05-24T07:45:00Z,protocol-server,wp-http-polling-protocol-state-machine,1375,55,0,883849,0.2455136111111111,125.59908500000007,26872,0,0,0,0,0,0,21395.060322294532
2026-05-24T08:00:00Z,protocol-server,wp-http-polling-protocol-state-machine,1450,58,0,900446,0.25012388888888887,125.84920888888897,26872,0,0,0,0,0,0,21352.537880254
2026-05-24T08:15:00Z,protocol-server,wp-http-polling-protocol-state-machine,1500,60,0,900605,0.25016805555555555,126.09937694444453,26872,0,0,0,0,0,0,21310.176664741943
2026-05-24T08:30:00Z,protocol-server,wp-http-polling-protocol-state-machine,1175,47,0,905179,0.2514386111111111,126.35081555555564,26872,0,0,0,0,0,0,21267.76933084738
2026-05-24T08:45:00Z,protocol-server,wp-http-polling-protocol-state-machine,1175,47,2,754189,0.20949694444444444,126.56031250000008,26874,0,0,0,0,0,0,21234.144787687674
2026-05-24T09:00:00Z,protocol-server,wp-http-polling-protocol-state-machine,1153,7,2,155913,0.04330916666666667,126.60362166666674,26876,0,0,0,0,0,0,21228.460644484185
2026-05-24T09:30:00Z,protocol-server,wp-http-polling-protocol-state-machine,50,2,0,36854,0.010237222222222222,126.61385888888896,26876,0,0,0,0,0,0,21226.74424099597
2026-05-24T10:00:00Z,protocol-server,wp-http-polling-protocol-state-machine,25,1,0,13017,0.0036158333333333333,126.61747472222228,26876,0,0,0,0,0,0,21226.138065825024
2026-05-24T10:45:00Z,protocol-server,wp-http-polling-protocol-state-machine,25,1,0,18184,0.005051111111111111,126.6225258333334,26876,0,0,0,0,0,0,21225.291331951055
2026-05-24T11:15:00Z,protocol-server,wp-http-polling-protocol-state-machine,25,1,0,13087,0.0036352777777777776,126.62616111111117,26876,0,0,0,0,0,0,21224.681980540347
2026-05-24T12:00:00Z,protocol-server,wp-http-polling-protocol-state-machine,30,2,0,16124,0.004478888888888889,126.63064000000006,26876,0,0,0,0,0,0,21223.93126971481
2026-05-24T12:30:00Z,protocol-server,wp-http-polling-protocol-state-machine,2725,16,0,395663,0.10990638888888889,126.74054638888894,26876,0,0,0,0,0,0,21205.526381063602
2026-05-24T12:45:00Z,protocol-server,wp-http-polling-protocol-state-machine,6300,35,0,902162,0.25060055555555555,126.9911469444445,26876,0,0,0,0,0,0,21163.680025472633
2026-05-24T13:00:00Z,protocol-server,wp-http-polling-protocol-state-machine,6300,35,0,915701,0.2543613888888889,127.24550833333339,26876,0,0,0,0,0,0,21121.374225324642
2026-05-24T13:15:00Z,protocol-server,wp-http-polling-protocol-state-machine,6505,37,0,914149,0.25393027777777777,127.49943861111117,26876,0,0,0,0,0,0,21079.308499526083
2026-05-24T13:30:00Z,protocol-server,wp-http-polling-protocol-state-machine,6120,34,0,898414,0.24955944444444444,127.74899805555562,26876,0,0,0,0,0,0,21038.12977719961
2026-05-24T13:45:00Z,protocol-server,wp-http-polling-protocol-state-machine,6530,38,0,912227,0.2533963888888889,128.00239444444452,26876,0,0,0,0,0,0,20996.482227263878
2026-05-24T14:00:00Z,protocol-server,wp-http-polling-protocol-state-machine,6660,37,0,897562,0.24932277777777778,128.2517172222223,26876,0,0,0,0,0,0,20955.664830149475
2026-05-24T14:15:00Z,protocol-server,wp-http-polling-protocol-state-machine,6480,36,0,918152,0.2550422222222222,128.50675944444453,26876,0,0,0,0,0,0,20914.0749608731
2026-05-24T14:30:00Z,protocol-server,wp-http-polling-protocol-state-machine,6300,35,0,886983,0.24638416666666665,128.7531436111112,26876,0,0,0,0,0,0,20874.053437620798
2026-05-24T14:45:00Z,protocol-server,wp-http-polling-protocol-state-machine,6685,38,0,912177,0.2533825,129.00652611111119,26876,0,0,0,0,0,0,20833.05458272099
2026-05-24T15:00:00Z,protocol-server,wp-http-polling-protocol-state-machine,6840,38,0,912038,0.25334388888888887,129.25987000000006,26876,0,0,0,0,0,0,20792.222675142708
2026-05-24T15:15:00Z,protocol-server,wp-http-polling-protocol-state-machine,6170,36,0,911566,0.2532127777777778,129.51308277777784,26876,0,0,0,0,0,0,20751.5715197009
2026-05-24T15:30:00Z,protocol-server,wp-http-polling-protocol-state-machine,6480,36,0,917779,0.2549386111111111,129.76802138888894,26876,0,0,0,0,0,0,20710.803564969196
2026-05-24T15:45:00Z,protocol-server,wp-http-polling-protocol-state-machine,6325,36,0,907967,0.25221305555555557,130.0202344444445,26876,0,0,0,0,0,0,20670.62877931025
2026-05-24T16:00:00Z,protocol-server,wp-http-polling-protocol-state-machine,6300,35,0,897128,0.24920222222222221,130.2694366666667,26876,0,0,0,0,0,0,20631.0863758245
2026-05-24T16:15:00Z,protocol-server,wp-http-polling-protocol-state-machine,6300,35,0,902018,0.25056055555555556,130.51999722222226,26876,0,0,0,0,0,0,20591.48067115045
2026-05-24T16:30:00Z,protocol-server,wp-http-polling-protocol-state-machine,6325,36,0,904591,0.25127527777777775,130.77127250000004,26876,0,0,0,0,0,0,20551.91441224218
2026-05-24T16:45:00Z,protocol-server,wp-http-polling-protocol-state-machine,6480,36,0,910322,0.25286722222222224,131.02413972222226,26876,0,0,0,0,0,0,20512.250686765405
2026-05-24T17:00:00Z,protocol-server,wp-http-polling-protocol-state-machine,5965,34,0,901664,0.2504622222222222,131.27460194444447,26876,0,0,0,0,0,0,20473.114830981507
2026-05-24T17:15:00Z,protocol-server,wp-http-polling-protocol-state-machine,6480,36,0,921375,0.2559375,131.53053944444446,26876,0,0,0,0,0,0,20433.277407298872
2026-05-24T17:30:00Z,protocol-server,wp-http-polling-protocol-state-machine,6145,35,0,903302,0.25091722222222224,131.78145666666668,26876,0,0,0,0,0,0,20394.37162087321
2026-05-24T17:45:00Z,protocol-server,wp-http-polling-protocol-state-machine,6300,35,0,907512,0.2520866666666667,132.03354333333334,26876,0,0,0,0,0,0,20355.433415998352
2026-05-24T18:00:00Z,protocol-server,wp-http-polling-protocol-state-machine,6325,36,0,905611,0.2515586111111111,132.28510194444445,26876,0,0,0,0,0,0,20316.72471423658
2026-05-24T18:15:00Z,protocol-server,wp-http-polling-protocol-state-machine,5940,33,0,892593,0.2479425,132.53304444444444,26876,0,0,0,0,0,0,20278.716234626267
2026-05-24T18:30:00Z,protocol-server,wp-http-polling-protocol-state-machine,6300,35,0,902381,0.2506613888888889,132.78370583333333,26876,0,0,0,0,0,0,20240.43524868485
2026-05-24T18:45:00Z,protocol-server,wp-http-polling-protocol-state-machine,6325,36,0,918051,0.25501416666666665,133.03871999999998,26876,0,0,0,0,0,0,20201.63753830464
2026-05-24T19:00:00Z,protocol-server,wp-http-polling-protocol-state-machine,6120,34,0,893962,0.24832277777777778,133.28704277777777,26876,0,0,0,0,0,0,20164.000520897513
2026-05-24T19:15:00Z,protocol-server,wp-http-polling-protocol-state-machine,6325,36,0,929367,0.2581575,133.54520027777778,26876,0,0,0,0,0,0,20125.0212992284
2026-05-24T19:30:00Z,protocol-server,wp-http-polling-protocol-state-machine,5940,33,0,889974,0.247215,133.7924152777778,26876,0,0,0,0,0,0,20087.83528139503
2026-05-24T19:45:00Z,protocol-server,wp-http-polling-protocol-state-machine,6480,36,0,899734,0.2499261111111111,134.0423413888889,26876,0,0,0,0,0,0,20050.380888249554
2026-05-24T20:00:00Z,protocol-server,wp-http-polling-protocol-state-machine,5965,34,0,901447,0.25040194444444447,134.29274333333333,26876,0,0,0,0,0,0,20012.99499354929
2026-05-24T20:15:00Z,protocol-server,wp-http-polling-protocol-state-machine,5940,33,0,914101,0.25391694444444446,134.5466602777778,26876,0,0,0,0,0,0,19975.226396934162
2026-05-24T20:30:00Z,protocol-server,wp-http-polling-protocol-state-machine,6120,34,0,888493,0.2468036111111111,134.7934638888889,26876,0,0,0,0,0,0,19938.65223476567
2026-05-24T20:45:00Z,protocol-server,wp-http-polling-protocol-state-machine,5965,34,0,910654,0.25295944444444446,135.04642333333337,26876,0,0,0,0,0,0,19901.304556331947
2026-05-24T21:00:00Z,protocol-server,wp-http-polling-protocol-state-machine,6480,36,0,908699,0.2524163888888889,135.29883972222225,26876,0,0,0,0,0,0,19864.17625988387
2026-05-24T21:15:00Z,protocol-server,wp-http-polling-protocol-state-machine,5965,34,0,907208,0.25200222222222224,135.55084194444447,26876,0,0,0,0,0,0,19827.246820801844
2026-05-24T21:30:00Z,protocol-server,wp-http-polling-protocol-state-machine,6300,35,0,917333,0.25481472222222223,135.8056566666667,26876,0,0,0,0,0,0,19790.044582580835
2026-05-24T21:45:00Z,protocol-server,wp-http-polling-protocol-state-machine,6120,34,0,893591,0.24821972222222222,136.0538763888889,26876,0,0,0,0,0,0,19753.9391844883
2026-05-24T22:00:00Z,protocol-server,wp-http-polling-protocol-state-machine,5785,33,0,904315,0.25119861111111114,136.30507500000002,26876,0,0,0,0,0,0,19717.534361798338
2026-05-24T22:15:00Z,protocol-server,wp-http-polling-protocol-state-machine,5760,32,0,908812,0.25244777777777777,136.5575227777778,26876,0,0,0,0,0,0,19681.08343890782
2026-05-24T22:30:00Z,protocol-server,wp-http-polling-protocol-state-machine,5965,34,0,917704,0.2549177777777778,136.81244055555558,26876,0,0,0,0,0,0,19644.412372781575
2026-05-24T22:45:00Z,protocol-server,wp-http-polling-protocol-state-machine,4140,23,0,891533,0.24764805555555555,137.06008861111113,26876,0,0,0,0,0,0,19608.9177180214
2026-05-24T23:00:00Z,protocol-server,wp-http-polling-protocol-state-machine,5220,29,0,905159,0.25143305555555556,137.3115216666667,26876,0,0,0,0,0,0,19573.01155342475
2026-05-24T23:15:00Z,protocol-server,wp-http-polling-protocol-state-machine,5940,33,0,897077,0.24918805555555557,137.56070972222224,26876,0,0,0,0,0,0,19537.555494058575
2026-05-24T23:30:00Z,protocol-server,wp-http-polling-protocol-state-machine,6145,35,0,924841,0.2569002777777778,137.81761000000003,26876,0,0,0,0,0,0,19501.13632067774
2026-05-24T23:45:00Z,protocol-server,wp-http-polling-protocol-state-machine,6300,35,0,898884,0.24969,138.06730000000002,26876,0,0,0,0,0,0,19465.86918118917
2026-05-25T00:00:00Z,protocol-server,wp-http-polling-protocol-state-machine,6300,35,0,900904,0.2502511111111111,138.31755111111113,26876,0,0,0,0,0,0,19430.65054586629
2026-05-25T00:15:00Z,protocol-server,wp-http-polling-protocol-state-machine,5940,33,0,895031,0.24861972222222223,138.56617083333336,26876,0,0,0,0,0,0,19395.787469891413
2026-05-25T00:30:00Z,protocol-server,wp-http-polling-protocol-state-machine,5940,33,0,902478,0.25068833333333335,138.8168591666667,26876,0,0,0,0,0,0,19360.760761581605
2026-05-25T00:45:00Z,protocol-server,wp-http-polling-protocol-state-machine,5113,31,1,909264,0.2525733333333333,139.06943250000003,26877,0,0,0,0,0,0,19326.317449379105
2026-05-25T01:00:00Z,protocol-server,wp-http-polling-protocol-state-machine,5760,32,0,902564,0.2507122222222222,139.32014472222227,26877,0,0,0,0,0,0,19291.53896128058
2026-05-25T01:15:00Z,protocol-server,wp-http-polling-protocol-state-machine,5580,31,0,913447,0.25373527777777777,139.57388000000003,26877,0,0,0,0,0,0,19256.468330607415
2026-05-25T01:30:00Z,protocol-server,wp-http-polling-protocol-state-machine,5425,31,0,924330,0.2567583333333333,139.83063833333335,26877,0,0,0,0,0,0,19221.109422335347
2026-05-25T01:45:00Z,protocol-server,wp-http-polling-protocol-state-machine,5400,30,0,887900,0.24663888888888888,140.07727722222225,26877,0,0,0,0,0,0,19187.26615264061
2026-05-25T02:00:00Z,protocol-server,wp-http-polling-protocol-state-machine,5040,28,0,909014,0.2525038888888889,140.32978111111115,26877,0,0,0,0,0,0,19152.74134057059
2026-05-25T02:15:00Z,protocol-server,wp-http-polling-protocol-state-machine,547,4,1,107719,0.029921944444444445,140.3597030555556,26878,0,0,0,0,0,0,19149.370805779956
2026-05-25T02:45:00Z,protocol-server,wp-http-polling-protocol-state-machine,565,4,0,93686,0.026023888888888888,140.38572694444449,26878,0,0,0,0,0,0,19145.82100688666
2026-05-25T03:00:00Z,protocol-server,wp-http-polling-protocol-state-machine,5940,33,0,900709,0.25019694444444446,140.63592388888893,26878,0,0,0,0,0,0,19111.759824065495
2026-05-25T03:15:00Z,protocol-server,wp-http-polling-protocol-state-machine,5605,32,0,916109,0.2544747222222222,140.89039861111115,26878,0,0,0,0,0,0,19077.240369082396
2026-05-25T03:30:00Z,protocol-server,wp-http-polling-protocol-state-machine,5580,31,0,904018,0.2511161111111111,141.14151472222227,26878,0,0,0,0,0,0,19043.298531192642
2026-05-25T03:45:00Z,protocol-server,wp-http-polling-protocol-state-machine,5965,34,0,924920,0.2569222222222222,141.39843694444448,26878,0,0,0,0,0,0,19008.696687757856
2026-05-25T04:00:00Z,protocol-server,wp-http-polling-protocol-state-machine,5220,29,0,904388,0.2512188888888889,141.64965583333338,26878,0,0,0,0,0,0,18974.984331500928
2026-05-25T04:15:00Z,protocol-server,wp-http-polling-protocol-state-machine,1440,8,2,212023,0.058895277777777776,141.70855111111115,26880,0,0,0,0,0,0,18968.509514238045
2026-05-25T04:45:00Z,protocol-server,wp-http-polling-protocol-state-machine,25,1,0,15474,0.004298333333333334,141.7128494444445,26880,0,0,0,0,0,0,18967.934174901857
2026-05-25T05:30:00Z,protocol-server,wp-http-polling-protocol-state-machine,25,1,0,14082,0.003911666666666667,141.71676111111114,26880,0,0,0,0,0,0,18967.41062189891
2026-05-25T05:45:00Z,protocol-server,wp-http-polling-protocol-state-machine,25,1,0,14769,0.0041025,141.72086361111113,26880,0,0,0,0,0,0,18966.86155805543
2026-05-25T06:15:00Z,protocol-server,wp-http-polling-protocol-state-machine,25,1,0,13585,0.0037736111111111113,141.72463722222224,26880,0,0,0,0,0,0,18966.356539584955
2026-05-25T06:45:00Z,protocol-server,wp-http-polling-protocol-state-machine,50,2,0,29028,0.008063333333333334,141.73270055555557,26880,0,0,0,0,0,0,18965.277522150744
2026-05-25T07:15:00Z,protocol-server,wp-http-polling-protocol-state-machine,2520,42,0,828520,0.23014444444444446,141.96284500000002,26880,0,0,0,0,0,0,18934.531778367782
2026-05-25T07:30:00Z,protocol-server,wp-http-polling-protocol-state-machine,1345,23,0,502173,0.1394925,142.1023375,26880,0,0,0,0,0,0,18915.94499633055
2026-05-25T08:15:00Z,protocol-server,wp-http-polling-protocol-state-machine,2365,40,0,840631,0.2335086111111111,142.33584611111112,26880,0,0,0,0,0,0,18884.91250406223
2026-05-25T08:30:00Z,protocol-server,wp-http-polling-protocol-state-machine,1500,25,0,538288,0.14952444444444443,142.48537055555556,26880,0,0,0,0,0,0,18865.094637571503
2026-05-25T08:45:00Z,protocol-server,wp-http-polling-protocol-state-machine,50,2,0,30928,0.008591111111111112,142.49396166666668,26880,0,0,0,0,0,0,18863.957241135493
2026-05-25T09:30:00Z,protocol-server,wp-http-polling-protocol-state-machine,25,1,0,16631,0.004619722222222222,142.4985813888889,26880,0,0,0,0,0,0,18863.345682468615
2026-05-25T10:15:00Z,protocol-server,wp-http-polling-protocol-state-machine,25,1,0,14797,0.004110277777777778,142.5026916666667,26880,0,0,0,0,0,0,18862.801597373335
2026-05-25T10:45:00Z,protocol-server,wp-http-polling-protocol-state-machine,25,1,0,16609,0.004613611111111111,142.50730527777782,26880,0,0,0,0,0,0,18862.19092249693
2026-05-25T11:00:00Z,protocol-server,wp-http-polling-protocol-state-machine,25,1,0,14068,0.003907777777777777,142.5112130555556,26880,0,0,0,0,0,0,18861.67370529734
2026-05-25T11:45:00Z,protocol-server,wp-http-polling-protocol-state-machine,25,1,0,21209,0.005891388888888889,142.5171044444445,26880,0,0,0,0,0,0,18860.893999202926
2026-05-25T12:15:00Z,protocol-server,wp-http-polling-protocol-state-machine,145,3,0,48495,0.013470833333333333,142.53057527777784,26880,0,0,0,0,0,0,18859.11142055911
2026-05-25T12:30:00Z,protocol-server,wp-http-polling-protocol-state-machine,2700,45,0,902166,0.25060166666666667,142.7811769444445,26880,0,0,0,0,0,0,18826.010945727732
2026-05-25T12:45:00Z,protocol-server,wp-http-polling-protocol-state-machine,2640,44,0,887608,0.24655777777777776,143.02773472222228,26880,0,0,0,0,0,0,18793.55780345981
2026-05-25T13:00:00Z,protocol-server,wp-http-polling-protocol-state-machine,2700,45,0,909180,0.25255,143.2802847222223,26880,0,0,0,0,0,0,18760.431731492088
2026-05-25T13:15:00Z,protocol-server,wp-http-polling-protocol-state-machine,2700,45,0,905216,0.2514488888888889,143.53173361111118,26880,0,0,0,0,0,0,18727.565900394828
2026-05-25T13:30:00Z,protocol-server,wp-http-polling-protocol-state-machine,2785,47,1,890608,0.24739111111111112,143.7791247222223,26881,0,0,0,0,0,0,18696.038143182068
2026-05-25T13:45:00Z,protocol-server,wp-http-polling-protocol-state-machine,2725,46,0,908013,0.2522258333333333,144.03135055555563,26881,0,0,0,0,0,0,18663.297883630887
2026-05-25T14:00:00Z,protocol-server,wp-http-polling-protocol-state-machine,2760,46,0,919652,0.2554588888888889,144.28680944444451,26881,0,0,0,0,0,0,18630.25463207718
2026-05-25T14:15:00Z,protocol-server,wp-http-polling-protocol-state-machine,2640,44,0,888248,0.24673555555555557,144.53354500000006,26881,0,0,0,0,0,0,18598.450622656484
2026-05-25T14:30:00Z,protocol-server,wp-http-polling-protocol-state-machine,2700,45,0,897822,0.249395,144.78294000000005,26881,0,0,0,0,0,0,18566.413971148802
2026-05-25T14:45:00Z,protocol-server,wp-http-polling-protocol-state-machine,2665,45,0,914937,0.25414916666666665,145.03708916666673,26881,0,0,0,0,0,0,18533.879957498448
2026-05-25T15:00:00Z,protocol-server,wp-http-polling-protocol-state-machine,2820,47,0,897233,0.24923138888888888,145.28632055555562,26881,0,0,0,0,0,0,18502.086016915164
2026-05-25T15:15:00Z,protocol-server,wp-http-polling-protocol-state-machine,2700,45,0,902790,0.250775,145.53709555555562,26881,0,0,0,0,0,0,18470.205068603118
2026-05-25T15:30:00Z,protocol-server,wp-http-polling-protocol-state-machine,2570,44,0,935094,0.25974833333333336,145.79684388888896,26881,0,0,0,0,0,0,18437.298972319233
2026-05-25T15:45:00Z,protocol-server,wp-http-polling-protocol-state-machine,2700,45,0,903624,0.25100666666666666,146.0478505555556,26881,0,0,0,0,0,0,18405.6115155044
2026-05-25T16:00:00Z,protocol-server,wp-http-polling-protocol-state-machine,2700,45,0,891343,0.2475952777777778,146.2954458333334,26881,0,0,0,0,0,0,18374.461246472492
2026-05-25T16:15:00Z,protocol-server,wp-http-polling-protocol-state-machine,2760,46,0,909635,0.2526763888888889,146.54812222222228,26881,0,0,0,0,0,0,18342.78023654118
2026-05-25T16:30:00Z,protocol-server,wp-http-polling-protocol-state-machine,2640,44,0,891070,0.24751944444444443,146.7956416666667,26881,0,0,0,0,0,0,18311.851560988096
2026-05-25T16:45:00Z,protocol-server,wp-http-polling-protocol-state-machine,2760,46,0,955681,0.26546694444444446,147.06110861111117,26881,0,0,0,0,0,0,18278.795973913264
2026-05-25T17:00:00Z,protocol-server,wp-http-polling-protocol-state-machine,2820,47,0,889361,0.24704472222222223,147.3081533333334,26881,0,0,0,0,0,0,18248.14132261427
2026-05-25T17:15:00Z,protocol-server,wp-http-polling-protocol-state-machine,2520,42,0,890848,0.24745777777777778,147.55561111111118,26881,0,0,0,0,0,0,18217.538321709962
2026-05-25T17:30:00Z,protocol-server,wp-http-polling-protocol-state-machine,2520,42,0,917699,0.2549163888888889,147.81052750000006,26881,0,0,0,0,0,0,18186.120065094816
2026-05-25T17:45:00Z,protocol-server,wp-http-polling-protocol-state-machine,2280,38,0,880629,0.24461916666666667,148.05514666666673,26881,0,0,0,0,0,0,18156.07265617063
2026-05-25T18:00:00Z,protocol-server,wp-http-polling-protocol-state-machine,2485,42,0,920021,0.2555613888888889,148.3107080555556,26881,0,0,0,0,0,0,18124.787044999248
2026-05-25T18:15:00Z,protocol-server,wp-http-polling-protocol-state-machine,2605,44,0,923901,0.25663916666666664,148.56734722222228,26881,0,0,0,0,0,0,18093.477808277927
2026-05-25T18:30:00Z,protocol-server,wp-http-polling-protocol-state-machine,2520,42,0,893742,0.24826166666666666,148.81560888888896,26881,0,0,0,0,0,0,18063.293360624768
2026-05-25T18:45:00Z,protocol-server,wp-http-polling-protocol-state-machine,2605,44,0,917667,0.2549075,149.07051638888896,26881,0,0,0,0,0,0,18032.4055025569
2026-05-25T19:00:00Z,protocol-server,wp-http-polling-protocol-state-machine,2460,41,0,893796,0.24827666666666667,149.31879305555563,26881,0,0,0,0,0,0,18002.42250149895
2026-05-25T19:15:00Z,protocol-server,wp-http-polling-protocol-state-machine,2400,40,0,909747,0.2527075,149.57150055555564,26881,0,0,0,0,0,0,17972.00663238351
2026-05-25T19:30:00Z,protocol-server,wp-http-polling-protocol-state-machine,2305,39,0,914456,0.25401555555555555,149.8255161111112,26881,0,0,0,0,0,0,17941.536727338847
2026-05-25T19:45:00Z,protocol-server,wp-http-polling-protocol-state-machine,2280,38,0,898785,0.2496625,150.0751786111112,26881,0,0,0,0,0,0,17911.68949374137
2026-05-25T20:00:00Z,protocol-server,wp-http-polling-protocol-state-machine,2005,34,0,941081,0.2614113888888889,150.3365900000001,26881,0,0,0,0,0,0,17880.543918150586
2026-05-25T20:15:00Z,protocol-server,wp-http-polling-protocol-state-machine,2005,34,0,919093,0.2553036111111111,150.5918936111112,26881,0,0,0,0,0,0,17850.230417725903
2026-05-25T20:30:00Z,protocol-server,wp-http-polling-protocol-state-machine,2400,40,1,907411,0.2520586111111111,150.84395222222233,26882,0,0,0,0,0,0,17821.06581270001
2026-05-25T20:45:00Z,protocol-server,wp-http-polling-protocol-state-machine,2665,45,0,921439,0.25595527777777777,151.09990750000011,26882,0,0,0,0,0,0,17790.87786668564
2026-05-25T21:00:00Z,protocol-server,wp-http-polling-protocol-state-machine,2220,37,0,890663,0.24740638888888888,151.347313888889,26882,0,0,0,0,0,0,17761.795243842455
2026-05-25T21:15:00Z,protocol-server,wp-http-polling-protocol-state-machine,2160,36,0,894494,0.24847055555555556,151.59578444444455,26882,0,0,0,0,0,0,17732.683068012007
2026-05-25T21:30:00Z,protocol-server,wp-http-polling-protocol-state-machine,2100,35,0,914940,0.25415,151.84993444444456,26882,0,0,0,0,0,0,17703.004020614168
2026-05-25T21:45:00Z,protocol-server,wp-http-polling-protocol-state-machine,2545,43,1,888236,0.24673222222222221,152.09666666666678,26883,0,0,0,0,0,0,17674.94356659141
2026-05-25T22:00:00Z,protocol-server,wp-http-polling-protocol-state-machine,2640,44,0,895826,0.24884055555555556,152.34550722222232,26883,0,0,0,0,0,0,17646.073382910126
2026-05-25T22:15:00Z,protocol-server,wp-http-polling-protocol-state-machine,2280,38,0,900679,0.2501886111111111,152.59569583333342,26883,0,0,0,0,0,0,17617.141724208188
2026-05-25T22:30:00Z,protocol-server,wp-http-polling-protocol-state-machine,2280,38,0,892959,0.24804416666666668,152.84374000000008,26883,0,0,0,0,0,0,17588.551549445194
2026-05-25T22:45:00Z,protocol-server,wp-http-polling-protocol-state-machine,2460,41,0,910980,0.25305,153.09679000000008,26883,0,0,0,0,0,0,17559.479855848047
2026-05-25T23:00:00Z,protocol-server,wp-http-polling-protocol-state-machine,2580,43,0,904779,0.2513275,153.3481175000001,26883,0,0,0,0,0,0,17530.70102083254
2026-05-25T23:15:00Z,protocol-server,wp-http-polling-protocol-state-machine,2460,41,0,892830,0.24800833333333333,153.59612583333342,26883,0,0,0,0,0,0,17502.394578083724
2026-05-25T23:30:00Z,protocol-server,wp-http-polling-protocol-state-machine,2340,39,0,905393,0.25149805555555554,153.84762388888896,26883,0,0,0,0,0,0,17473.78303314928
2026-05-25T23:45:00Z,protocol-server,wp-http-polling-protocol-state-machine,2580,43,0,886435,0.24623194444444443,154.0938558333334,26883,0,0,0,0,0,0,17445.86106604823
2026-05-26T00:00:00Z,protocol-server,wp-http-polling-protocol-state-machine,2820,47,0,911444,0.2531788888888889,154.3470347222223,26883,0,0,0,0,0,0,17417.244230432556
2026-05-26T00:15:00Z,protocol-server,wp-http-polling-protocol-state-machine,2641,45,1,891922,0.24775611111111112,154.5947908333334,26884,0,0,0,0,0,0,17389.977925571427
2026-05-26T00:30:00Z,protocol-server,wp-http-polling-protocol-state-machine,2640,44,0,909885,0.25274583333333334,154.84753666666674,26884,0,0,0,0,0,0,17361.593589875418
2026-05-26T00:45:00Z,protocol-server,wp-http-polling-protocol-state-machine,2785,47,0,913075,0.2536319444444444,155.10116861111118,26884,0,0,0,0,0,0,17333.202735181763
2026-05-26T01:00:00Z,protocol-server,wp-http-polling-protocol-state-machine,2820,47,0,893963,0.24832305555555556,155.34949166666672,26884,0,0,0,0,0,0,17305.495957260664
2026-05-26T01:15:00Z,protocol-server,wp-http-polling-protocol-state-machine,2760,46,0,904382,0.2512172222222222,155.60070888888893,26884,0,0,0,0,0,0,17277.5562476372
2026-05-26T01:30:00Z,protocol-server,wp-http-polling-protocol-state-machine,2821,48,1,891623,0.24767305555555555,155.8483819444445,26885,0,0,0,0,0,0,17250.740536776146
2026-05-26T01:45:00Z,protocol-server,wp-http-polling-protocol-state-machine,2640,44,0,907779,0.25216083333333333,156.10054277777783,26885,0,0,0,0,0,0,17222.87413072807
2026-05-26T02:00:00Z,protocol-server,wp-http-polling-protocol-state-machine,2221,38,1,886919,0.2463663888888889,156.34690916666673,26886,0,0,0,0,0,0,17196.374487543828
2026-05-26T02:15:00Z,protocol-server,wp-http-polling-protocol-state-machine,2760,46,0,916912,0.2546977777777778,156.6016069444445,26886,0,0,0,0,0,0,17168.406202586408
2026-05-26T02:30:00Z,protocol-server,wp-http-polling-protocol-state-machine,2520,42,0,884041,0.24556694444444443,156.84717388888896,26886,0,0,0,0,0,0,17141.52657863388
2026-05-26T02:45:00Z,protocol-server,wp-http-polling-protocol-state-machine,2700,45,0,914447,0.25401305555555553,157.10118694444452,26886,0,0,0,0,0,0,17113.81086478211
2026-05-26T03:00:00Z,protocol-server,wp-http-polling-protocol-state-machine,2520,42,0,891206,0.24755722222222223,157.34874416666673,26886,0,0,0,0,0,0,17086.88565796359
2026-05-26T03:15:00Z,protocol-server,wp-http-polling-protocol-state-machine,2641,45,1,903865,0.2510736111111111,157.59981777777784,26887,0,0,0,0,0,0,17060.298913487175
2026-05-26T03:30:00Z,protocol-server,wp-http-polling-protocol-state-machine,2700,45,0,903402,0.250945,157.85076277777785,26887,0,0,0,0,0,0,17033.177114165417
2026-05-26T03:45:00Z,protocol-server,wp-http-polling-protocol-state-machine,2700,45,0,887927,0.2466463888888889,158.09740916666672,26887,0,0,0,0,0,0,17006.603803137376
2026-05-26T04:00:00Z,protocol-server,wp-http-polling-protocol-state-machine,2762,47,1,891736,0.24770444444444445,158.34511361111117,26888,0,0,0,0,0,0,16980.63134807922
2026-05-26T04:15:00Z,protocol-server,wp-http-polling-protocol-state-machine,2760,46,0,918793,0.2552202777777778,158.60033388888894,26888,0,0,0,0,0,0,16953.306049681458
2026-05-26T04:30:00Z,protocol-server,wp-http-polling-protocol-state-machine,2580,43,0,892231,0.24784194444444443,158.84817583333339,26888,0,0,0,0,0,0,16926.85475230853
2026-05-26T04:45:00Z,protocol-server,wp-http-polling-protocol-state-machine,2280,38,0,901130,0.2503138888888889,159.09848972222227,26888,0,0,0,0,0,0,16900.22328115437
2026-05-26T05:00:00Z,protocol-server,wp-http-polling-protocol-state-machine,2581,44,1,891770,0.2477138888888889,159.34620361111115,26889,0,0,0,0,0,0,16874.578364994093
2026-05-26T05:15:00Z,protocol-server,wp-http-polling-protocol-state-machine,2700,45,0,899070,0.24974166666666667,159.59594527777782,26889,0,0,0,0,0,0,16848.172397612932
2026-05-26T05:30:00Z,protocol-server,wp-http-polling-protocol-state-machine,2640,44,0,911809,0.2532802777777778,159.8492255555556,26889,0,0,0,0,0,0,16821.476554889363
2026-05-26T05:45:00Z,protocol-server,wp-http-polling-protocol-state-machine,2820,47,0,885909,0.24608583333333334,160.09531138888892,26889,0,0,0,0,0,0,16795.61991336754
2026-05-26T06:00:00Z,protocol-server,wp-http-polling-protocol-state-machine,2580,43,0,901156,0.2503211111111111,160.34563250000002,26889,0,0,0,0,0,0,16769.399690384456
2026-05-26T06:15:00Z,protocol-server,wp-http-polling-protocol-state-machine,2161,37,1,898437,0.24956583333333332,160.59519833333334,26890,0,0,0,0,0,0,16743.962633419953
2026-05-26T06:30:00Z,protocol-server,wp-http-polling-protocol-state-machine,300,5,3,87684,0.024356666666666665,160.61955500000002,26893,0,0,0,0,0,0,16743.291313439386
2026-05-26T06:45:00Z,protocol-server,wp-http-polling-protocol-state-machine,512,64,0,237843,0.0660675,160.68562250000002,26893,0,0,0,0,0,0,16736.407141839958
2026-05-26T07:45:00Z,protocol-server,wp-http-polling-protocol-state-machine,25,1,0,13825,0.003840277777777778,160.6894627777778,26893,0,0,0,0,0,0,16736.007162579866
2026-05-26T08:15:00Z,protocol-server,wp-http-polling-protocol-state-machine,512,64,0,267472,0.07429777777777778,160.7637605555556,26893,0,0,0,0,0,0,16728.27253297954
2026-05-26T08:30:00Z,protocol-server,wp-http-polling-protocol-state-machine,25,1,0,14425,0.004006944444444444,160.76776750000005,26893,0,0,0,0,0,0,16727.855600781415
2026-05-26T09:15:00Z,protocol-server,wp-http-polling-protocol-state-machine,25,1,0,14448,0.004013333333333333,160.7717808333334,26893,0,0,0,0,0,0,16727.438024636333
2026-05-26T10:00:00Z,protocol-server,wp-http-polling-protocol-state-machine,25,1,0,14256,0.00396,160.7757408333334,26893,0,0,0,0,0,0,16727.026018109515
2026-05-26T10:15:00Z,protocol-server,wp-http-polling-protocol-state-machine,512,64,0,250643,0.06962305555555555,160.84536388888895,26893,0,0,0,0,0,0,16719.785606365087
2026-05-26T10:45:00Z,protocol-server,wp-http-polling-protocol-state-machine,25,1,0,13333,0.003703611111111111,160.84906750000007,26893,0,0,0,0,0,0,16719.400626926225
2026-05-26T11:15:00Z,protocol-server,wp-http-polling-protocol-state-machine,25,1,0,17827,0.004951944444444445,160.85401944444453,26893,0,0,0,0,0,0,16718.885914621645
2026-05-26T11:45:00Z,protocol-server,wp-http-polling-protocol-state-machine,25,1,0,14279,0.003966388888888889,160.85798583333343,26893,0,0,0,0,0,0,16718.4736652516
2026-05-26T13:00:00Z,protocol-server,wp-http-polling-protocol-state-machine,25,1,0,15789,0.004385833333333334,160.86237166666677,26893,0,0,0,0,0,0,16718.01784430153
2026-05-26T13:30:00Z,protocol-server,wp-http-polling-protocol-state-machine,25,1,0,14069,0.003908055555555555,160.86627972222232,26893,0,0,0,0,0,0,16717.611699877558
2026-05-26T14:15:00Z,protocol-server,wp-http-polling-protocol-state-machine,1,1,1,433,1.2027777777777777e-4,160.86640000000008,26894,0,0,0,0,0,0,16718.220834182892
2026-05-26T15:00:00Z,protocol-server,wp-http-polling-protocol-state-machine,25,1,0,14418,0.004005,160.8704050000001,26894,0,0,0,0,0,0,16717.80462043344
2026-05-26T15:45:00Z,protocol-server,wp-http-polling-protocol-state-machine,25,1,0,14294,0.003970555555555555,160.87437555555564,26894,0,0,0,0,0,0,16717.392006729217
2026-05-26T17:15:00Z,protocol-server,wp-http-polling-protocol-state-machine,25,1,0,14069,0.003908055555555555,160.8782836111112,26894,0,0,0,0,0,0,16716.985907812446
2026-05-26T17:30:00Z,protocol-server,wp-http-polling-protocol-state-machine,512,64,0,260329,0.0723136111111111,160.95059722222229,26894,0,0,0,0,0,0,16709.475121032214
2026-05-26T18:00:00Z,protocol-server,wp-http-polling-protocol-state-machine,25,1,0,17278,0.004799444444444445,160.95539666666673,26894,0,0,0,0,0,0,16708.976869968876
2026-05-26T18:45:00Z,protocol-server,wp-http-polling-protocol-state-machine,25,1,0,13956,0.0038766666666666667,160.95927333333339,26894,0,0,0,0,0,0,16708.574438146687
2026-05-26T19:15:00Z,protocol-server,wp-http-polling-protocol-state-machine,1,1,0,3052,8.477777777777778e-4,160.96012111111116,26894,0,0,0,0,0,0,16708.486434000013
2026-05-26T20:00:00Z,protocol-server,wp-http-polling-protocol-state-machine,25,1,0,14239,0.003955277777777778,160.96407638888894,26894,0,0,0,0,0,0,16708.075865961633
2026-05-26T20:30:00Z,protocol-server,wp-http-polling-protocol-state-machine,1,1,1,415,1.1527777777777777e-4,160.96419166666672,26895,0,0,0,0,0,0,16708.685156320735
2026-05-26T21:00:00Z,protocol-server,wp-http-polling-protocol-state-machine,25,1,0,14479,0.004021944444444444,160.96821361111117,26895,0,0,0,0,0,0,16708.267673875405
2026-05-26T21:30:00Z,protocol-server,wp-http-polling-protocol-state-machine,25,1,0,13887,0.0038575,160.97207111111118,26895,0,0,0,0,0,0,16707.86728055185
2026-05-26T22:15:00Z,protocol-server,wp-http-polling-protocol-state-machine,25,1,0,14232,0.003953333333333333,160.9760244444445,26895,0,0,0,0,0,0,16707.456960015752
2026-05-26T22:45:00Z,protocol-server,wp-http-polling-protocol-state-machine,50,2,0,31101,0.008639166666666667,160.98466361111116,26895,0,0,0,0,0,0,16706.560362153472
2026-05-26T23:30:00Z,protocol-server,wp-http-polling-protocol-state-machine,25,1,0,15475,0.004298611111111111,160.98896222222228,26895,0,0,0,0,0,0,16706.114275632943
2026-05-27T00:00:00Z,protocol-server,wp-http-polling-protocol-state-machine,50,2,0,29971,0.008325277777777777,160.99728750000006,26895,0,0,0,0,0,0,16705.250391252703
2026-05-27T00:45:00Z,protocol-server,wp-http-polling-protocol-state-machine,25,1,0,13317,0.0036991666666666666,161.00098666666673,26895,0,0,0,0,0,0,16704.866570589955
2026-05-27T01:30:00Z,protocol-server,wp-http-polling-protocol-state-machine,25,1,0,14978,0.004160555555555555,161.0051472222223,26895,0,0,0,0,0,0,16704.43489789741
2026-05-27T02:00:00Z,protocol-server,wp-http-polling-protocol-state-machine,25,1,0,14646,0.0040683333333333335,161.0092155555556,26895,0,0,0,0,0,0,16704.012815167083
2026-05-27T02:30:00Z,protocol-server,wp-http-polling-protocol-state-machine,512,64,0,305728,0.08492444444444444,161.09414000000007,26895,0,0,0,0,0,0,16695.20691441662
2026-05-27T02:45:00Z,protocol-server,wp-http-polling-protocol-state-machine,537,65,0,311214,0.08644833333333334,161.1805883333334,26895,0,0,0,0,0,0,16686.252530843944
2026-05-27T03:30:00Z,protocol-server,wp-http-polling-protocol-state-machine,25,1,0,14922,0.004145,161.18473333333338,26895,0,0,0,0,0,0,16685.82342992781
2026-05-27T04:15:00Z,protocol-server,wp-http-polling-protocol-state-machine,25,1,0,20243,0.005623055555555556,161.19035638888894,26895,0,0,0,0,0,0,16685.241352226396
2026-05-27T04:45:00Z,protocol-server,wp-http-polling-protocol-state-machine,25,1,0,16603,0.0046119444444444446,161.19496833333338,26895,0,0,0,0,0,0,16684.76397128235
2026-05-27T05:15:00Z,protocol-server,wp-http-polling-protocol-state-machine,25,1,0,16505,0.004584722222222222,161.1995530555556,26895,0,0,0,0,0,0,16684.289435176623
2026-05-27T05:45:00Z,protocol-server,wp-http-polling-protocol-state-machine,25,1,0,13874,0.003853888888888889,161.2034069444445,26895,0,0,0,0,0,0,16683.89056396855
2026-05-27T06:00:00Z,protocol-server,wp-http-polling-protocol-state-machine,25,1,0,17017,0.004726944444444444,161.20813388888897,26895,0,0,0,0,0,0,16683.401358976775
2026-05-27T06:45:00Z,protocol-server,wp-http-polling-protocol-state-machine,25,1,0,14112,0.00392,161.21205388888896,26895,0,0,0,0,0,0,16682.995688732215
2026-05-27T07:30:00Z,protocol-server,wp-http-polling-protocol-state-machine,25,1,0,15439,0.004288611111111111,161.21634250000008,26895,0,0,0,0,0,0,16682.551894514036
2026-05-27T08:15:00Z,protocol-server,wp-http-polling-protocol-state-machine,25,1,0,15962,0.004433888888888889,161.22077638888896,26895,0,0,0,0,0,0,16682.093091479215
2026-05-27T08:45:00Z,protocol-server,wp-http-polling-protocol-state-machine,25,1,0,16054,0.004459444444444445,161.22523583333341,26895,0,0,0,0,0,0,16681.631669500366
2026-05-27T09:45:00Z,protocol-server,wp-http-polling-protocol-state-machine,25,1,0,13135,0.003648611111111111,161.22888444444453,26895,0,0,0,0,0,0,16681.254164025024
2026-05-27T10:15:00Z,protocol-server,wp-http-polling-protocol-state-machine,537,65,0,246026,0.06834055555555556,161.29722500000008,26895,0,0,0,0,0,0,16674.1864281918
2026-05-27T11:00:00Z,protocol-server,wp-http-polling-protocol-state-machine,25,1,0,13761,0.0038225,161.3010475000001,26895,0,0,0,0,0,0,16673.79128458542
2026-05-27T11:45:00Z,protocol-server,wp-http-polling-protocol-state-machine,25,1,0,15416,0.004282222222222222,161.30532972222233,26895,0,0,0,0,0,0,16673.348640317614
2026-05-27T12:15:00Z,protocol-server,wp-http-polling-protocol-state-machine,25,1,0,16182,0.004495,161.30982472222232,26895,0,0,0,0,0,0,16672.884026942284
2026-05-27T12:45:00Z,protocol-server,wp-http-polling-protocol-state-machine,25,1,0,14233,0.003953611111111111,161.31377833333343,26895,0,0,0,0,0,0,16672.475394150813
2026-05-27T13:30:00Z,protocol-server,wp-http-polling-protocol-state-machine,75,3,0,43745,0.012151388888888889,161.32592972222233,26895,0,0,0,0,0,0,16671.219590247474
2026-05-27T14:00:00Z,protocol-server,wp-http-polling-protocol-state-machine,100,4,0,56662,0.015739444444444445,161.34166916666678,26895,0,0,0,0,0,0,16669.593254435298
2026-05-27T14:45:00Z,protocol-server,wp-http-polling-protocol-state-machine,25,1,0,13613,0.003781388888888889,161.34545055555566,26895,0,0,0,0,0,0,16669.202575835454
2026-05-27T15:15:00Z,protocol-server,wp-http-polling-protocol-state-machine,25,1,0,14104,0.003917777777777778,161.34936833333344,26895,0,0,0,0,0,0,16668.79782537315
2026-05-27T16:00:00Z,protocol-server,wp-http-polling-protocol-state-machine,50,2,0,28263,0.007850833333333333,161.35721916666677,26895,0,0,0,0,0,0,16667.986805238634
2026-05-27T16:15:00Z,protocol-server,wp-http-polling-protocol-state-machine,25,1,0,14331,0.003980833333333334,161.3612000000001,26895,0,0,0,0,0,0,16667.57560057807
2026-05-27T16:30:00Z,protocol-server,wp-http-polling-protocol-state-machine,537,65,0,248571,0.0690475,161.43024750000012,26895,0,0,0,0,0,0,16660.446487886344
2026-05-27T17:00:00Z,protocol-server,wp-http-polling-protocol-state-machine,25,1,0,14225,0.003951388888888889,161.434198888889,26895,0,0,0,0,0,0,16660.03869385268
2026-05-27T17:15:00Z,protocol-server,wp-http-polling-protocol-state-machine,25,1,0,14149,0.003930277777777778,161.43812916666678,26895,0,0,0,0,0,0,16659.633098345636
2026-05-27T17:45:00Z,protocol-server,wp-http-polling-protocol-state-machine,25,1,0,14005,0.0038902777777777777,161.44201944444455,26895,0,0,0,0,0,0,16659.231650193222
2026-05-27T18:15:00Z,protocol-server,wp-http-polling-protocol-state-machine,25,1,0,14078,0.003910555555555555,161.44593000000012,26895,0,0,0,0,0,0,16658.828129021265
2026-05-27T18:45:00Z,protocol-server,wp-http-polling-protocol-state-machine,25,1,0,13932,0.00387,161.44980000000012,26895,0,0,0,0,0,0,16658.428811927904
2026-05-27T19:00:00Z,protocol-server,wp-http-polling-protocol-state-machine,25,1,0,15096,0.004193333333333334,161.45399333333347,26895,0,0,0,0,0,0,16657.99615403338
2026-05-27T19:30:00Z,protocol-server,wp-http-polling-protocol-state-machine,25,1,0,13896,0.00386,161.45785333333347,26895,0,0,0,0,0,0,16657.597908523316
2026-05-27T20:00:00Z,protocol-server,wp-http-polling-protocol-state-machine,25,1,0,15719,0.004366388888888889,161.46221972222236,26895,0,0,0,0,0,0,16657.14744060241
2026-05-27T21:00:00Z,protocol-server,wp-http-polling-protocol-state-machine,25,1,0,15444,0.00429,161.46650972222236,26895,0,0,0,0,0,0,16656.704877233427
2026-05-27T21:30:00Z,protocol-server,wp-http-polling-protocol-state-machine,50,2,0,27641,0.007678055555555555,161.4741877777779,26895,0,0,0,0,0,0,16655.912855256545
2026-05-27T21:45:00Z,protocol-server,wp-http-polling-protocol-state-machine,25,1,0,13861,0.003850277777777778,161.4780380555557,26895,0,0,0,0,0,0,16655.51571214094
2026-05-27T22:00:00Z,protocol-server,wp-http-polling-protocol-state-machine,25,1,0,14825,0.004118055555555555,161.48215611111124,26895,0,0,0,0,0,0,16655.090969614204
2026-05-27T22:45:00Z,protocol-server,wp-http-polling-protocol-state-machine,25,1,0,14800,0.004111111111111111,161.48626722222235,26895,0,0,0,0,0,0,16654.666964955977
2026-05-27T23:15:00Z,protocol-server,wp-http-polling-protocol-state-machine,25,1,0,13865,0.003851388888888889,161.49011861111123,26895,0,0,0,0,0,0,16654.269766663918
2026-05-27T23:30:00Z,protocol-server,wp-http-polling-protocol-state-machine,512,64,0,269754,0.07493166666666666,161.56505027777789,26895,0,0,0,0,0,0,16646.545743500577
2026-05-27T23:45:00Z,protocol-server,wp-http-polling-protocol-state-machine,25,1,0,13936,0.003871111111111111,161.568921388889,26895,0,0,0,0,0,0,16646.14690053229
2026-05-28T00:30:00Z,protocol-server,wp-http-polling-protocol-state-machine,25,1,0,14012,0.0038922222222222223,161.57281361111123,26895,0,0,0,0,0,0,16645.745901741513
2026-05-28T01:15:00Z,protocol-server,wp-http-polling-protocol-state-machine,25,1,0,14279,0.003966388888888889,161.57678000000013,26895,0,0,0,0,0,0,16645.33728175545
2026-05-28T01:45:00Z,protocol-server,wp-http-polling-protocol-state-machine,25,1,0,14261,0.003961388888888889,161.580741388889,26895,0,0,0,0,0,0,16644.92919689587
2026-05-28T02:15:00Z,protocol-server,wp-http-polling-protocol-state-machine,25,1,0,14823,0.0041175,161.58485888888902,26895,0,0,0,0,0,0,16644.505051363674
2026-05-28T03:00:00Z,protocol-server,wp-http-polling-protocol-state-machine,25,1,0,13625,0.0037847222222222223,161.58864361111125,26895,0,0,0,0,0,0,16644.11520448621
2026-05-28T03:45:00Z,protocol-server,wp-http-polling-protocol-state-machine,25,1,0,14929,0.004146944444444444,161.5927905555557,26895,0,0,0,0,0,0,16643.688067725696
2026-05-28T04:15:00Z,protocol-server,wp-http-polling-protocol-state-machine,25,1,0,14892,0.004136666666666667,161.59692722222235,26895,0,0,0,0,0,0,16643.262011421142
2026-05-28T04:45:00Z,protocol-server,wp-http-polling-protocol-state-machine,25,1,0,21527,0.005979722222222222,161.60290694444458,26895,0,0,0,0,0,0,16642.646168020907
2026-05-28T05:30:00Z,protocol-server,wp-http-polling-protocol-state-machine,25,1,0,16618,0.004616111111111111,161.6075230555557,26895,0,0,0,0,0,0,16642.170792231205
2026-05-28T06:00:00Z,protocol-server,wp-http-polling-protocol-state-machine,512,64,0,240704,0.06686222222222223,161.67438527777793,26895,0,0,0,0,0,0,16635.288239253758
2026-05-28T06:45:00Z,protocol-server,wp-http-polling-protocol-state-machine,25,1,0,15385,0.004273611111111111,161.67865888888903,26895,0,0,0,0,0,0,16634.848522885844
2026-05-28T07:30:00Z,protocol-server,wp-http-polling-protocol-state-machine,25,1,0,13509,0.0037525,161.68241138888902,26895,0,0,0,0,0,0,16634.4624433578
2026-05-28T08:00:00Z,protocol-server,wp-http-polling-protocol-state-machine,25,1,0,13355,0.0037097222222222223,161.68612111111125,26895,0,0,0,0,0,0,16634.080782677484
2026-05-28T08:15:00Z,protocol-server,wp-http-polling-protocol-state-machine,160,8,0,36668,0.010185555555555555,161.6963066666668,26895,0,0,0,0,0,0,16633.03297053248
2026-05-28T08:30:00Z,protocol-server,wp-http-polling-protocol-state-machine,25,1,0,13857,0.0038491666666666665,161.70015583333347,26895,0,0,0,0,0,0,16632.63703203913
2026-05-28T09:15:00Z,protocol-server,wp-http-polling-protocol-state-machine,25,1,0,13869,0.0038525,161.70400833333346,26895,0,0,0,0,0,0,16632.240769541826
2026-05-28T09:45:00Z,protocol-server,wp-http-polling-protocol-state-machine,25,1,0,13295,0.0036930555555555558,161.707701388889,26895,0,0,0,0,0,0,16631.86092499115
2026-05-28T10:15:00Z,protocol-server,wp-http-polling-protocol-state-machine,25,1,0,13827,0.0038408333333333333,161.71154222222233,26895,0,0,0,0,0,0,16631.465899348834
2026-05-28T10:45:00Z,protocol-server,wp-http-polling-protocol-state-machine,25,1,0,14070,0.003908333333333333,161.71545055555566,26895,0,0,0,0,0,0,16631.06395066469
2026-05-28T11:15:00Z,protocol-server,wp-http-polling-protocol-state-machine,25,1,0,14342,0.003983888888888889,161.71943444444454,26895,0,0,0,0,0,0,16630.654251539097
2026-05-28T11:45:00Z,protocol-server,wp-http-polling-protocol-state-machine,25,1,0,13594,0.003776111111111111,161.72321055555565,26895,0,0,0,0,0,0,16630.265938704542
2026-05-28T12:30:00Z,protocol-server,wp-http-polling-protocol-state-machine,25,1,0,17634,0.0048983333333333335,161.72810888888898,26895,0,0,0,0,0,0,16629.762250220523
2026-05-28T13:00:00Z,protocol-server,wp-http-polling-protocol-state-machine,25,1,0,13138,0.0036494444444444443,161.73175833333343,26895,0,0,0,0,0,0,16629.387002995845
2026-05-28T13:45:00Z,protocol-server,wp-http-polling-protocol-state-machine,25,1,0,14064,0.003906666666666667,161.7356650000001,26895,0,0,0,0,0,0,16628.985326149297
2026-05-28T14:15:00Z,protocol-server,wp-http-polling-protocol-state-machine,25,1,0,14162,0.003933888888888889,161.739598888889,26895,0,0,0,0,0,0,16628.58086996752
2026-05-28T15:30:00Z,protocol-server,wp-http-polling-protocol-state-machine,25,1,0,13901,0.003861388888888889,161.74346027777787,26895,0,0,0,0,0,0,16628.183886885185
2026-05-28T16:30:00Z,protocol-server,wp-http-polling-protocol-state-machine,25,1,0,13115,0.0036430555555555556,161.74710333333343,26895,0,0,0,0,0,0,16627.80936767316
2026-05-28T17:15:00Z,protocol-server,wp-http-polling-protocol-state-machine,25,1,0,13886,0.0038572222222222224,161.75096055555565,26895,0,0,0,0,0,0,16627.412849744735
2026-05-28T17:45:00Z,protocol-server,wp-http-polling-protocol-state-machine,25,1,0,13838,0.003843888888888889,161.75480444444455,26895,0,0,0,0,0,0,16627.017721280245
2026-05-28T18:15:00Z,protocol-server,wp-http-polling-protocol-state-machine,180,1,0,27982,0.007772777777777778,161.76257722222232,26895,0,0,0,0,0,0,16626.21878424503
2026-05-28T19:00:00Z,protocol-server,wp-http-polling-protocol-state-machine,25,1,0,15199,0.004221944444444445,161.76679916666677,26895,0,0,0,0,0,0,16625.784857305818
2026-05-28T19:30:00Z,protocol-server,wp-http-polling-protocol-state-machine,180,1,0,26641,0.007400277777777778,161.77419944444455,26895,0,0,0,0,0,0,16625.024319305074
2026-05-28T20:15:00Z,protocol-server,wp-http-polling-protocol-state-machine,200,8,0,108943,0.030261944444444445,161.804461388889,26895,0,0,0,0,0,0,16621.914976348646
2026-05-28T20:45:00Z,protocol-server,wp-http-polling-protocol-state-machine,25,1,0,15266,0.004240555555555556,161.80870194444455,26895,0,0,0,0,0,0,16621.47936223735
2026-05-28T21:30:00Z,protocol-server,wp-http-polling-protocol-state-machine,25,1,0,14399,0.003999722222222222,161.81270166666678,26895,0,0,0,0,0,0,16621.06850882667
2026-05-28T22:00:00Z,protocol-server,wp-http-polling-protocol-state-machine,25,1,0,15761,0.004378055555555555,161.81707972222233,26895,0,0,0,0,0,0,16620.61881611531
2026-05-28T22:30:00Z,protocol-server,wp-http-polling-protocol-state-machine,25,1,0,15259,0.004238611111111111,161.82131833333344,26895,0,0,0,0,0,0,16620.183469646054
2026-05-28T23:00:00Z,protocol-server,wp-http-polling-protocol-state-machine,25,1,0,13798,0.003832777777777778,161.8251511111112,26895,0,0,0,0,0,0,16619.789825830936
2026-05-28T23:30:00Z,protocol-server,wp-http-polling-protocol-state-machine,25,1,0,14170,0.003936111111111111,161.8290872222223,26895,0,0,0,0,0,0,16619.385588616722
2026-05-29T00:15:00Z,protocol-server,wp-http-polling-protocol-state-machine,25,1,0,16442,0.0045672222222222225,161.83365444444453,26895,0,0,0,0,0,0,16618.916561161088
2026-05-29T00:45:00Z,protocol-server,wp-http-polling-protocol-state-machine,25,1,0,14508,0.00403,161.83768444444453,26895,0,0,0,0,0,0,16618.502725323215
2026-05-29T01:15:00Z,protocol-server,wp-http-polling-protocol-state-machine,25,1,0,15003,0.0041675,161.84185194444453,26895,0,0,0,0,0,0,16618.07479145274
2026-05-29T02:00:00Z,protocol-server,wp-http-polling-protocol-state-machine,40,1,0,15277,0.004243611111111111,161.84609555555565,26895,0,0,0,0,0,0,16617.639064865773
2026-05-29T02:30:00Z,protocol-server,wp-http-polling-protocol-state-machine,25,1,0,14065,0.003906944444444445,161.8500025000001,26895,0,0,0,0,0,0,16617.237926826714
2026-05-29T03:15:00Z,protocol-server,wp-http-polling-protocol-state-machine,25,1,0,14418,0.004005,161.8540075000001,26895,0,0,0,0,0,0,16616.82674122232
2026-05-29T04:00:00Z,protocol-server,wp-http-polling-protocol-state-machine,25,1,0,20904,0.005806666666666667,161.85981416666678,26895,0,0,0,0,0,0,16616.23061812382
2026-05-29T04:30:00Z,protocol-server,wp-http-polling-protocol-state-machine,25,1,0,13734,0.003815,161.86362916666678,26895,0,0,0,0,0,0,16615.838986476025
2026-05-29T05:00:00Z,protocol-server,wp-http-polling-protocol-state-machine,25,1,0,15628,0.004341111111111111,161.86797027777789,26895,0,0,0,0,0,0,16615.3933689575
2026-05-29T05:30:00Z,protocol-server,wp-http-polling-protocol-state-machine,180,1,0,28475,0.0079097222222222225,161.8758800000001,26895,0,0,0,0,0,0,16614.581492931487
2026-06-26T04:30:00Z,protocol-server,wp-http-polling-protocol-state-machine,38,3,3,9046,0.002512777777777778,161.8783927777779,26898,0,0,0,0,0,0,16616.176834004535
2026-06-26T04:45:00Z,protocol-server,wp-http-polling-protocol-state-machine,26,1,1,3518,9.772222222222222e-4,161.8793700000001,26899,0,0,0,0,0,0,16616.69427055466
2026-06-26T06:30:00Z,protocol-server,wp-http-polling-protocol-state-machine,832,32,32,114822,0.031895,161.9112650000001,26931,0,0,0,0,0,0,16633.184849738518
2026-06-26T06:45:00Z,protocol-server,wp-http-polling-protocol-state-machine,6604,254,254,900624,0.25017333333333336,162.16143833333342,27185,0,0,0,0,0,0,16764.158162015963
2026-06-26T07:00:00Z,protocol-server,wp-http-polling-protocol-state-machine,6578,253,253,895672,0.24879777777777778,162.4102361111112,27438,0,0,0,0,0,0,16894.25534806106
2026-06-26T07:15:00Z,protocol-server,wp-http-polling-protocol-state-machine,6552,252,252,898464,0.24957333333333334,162.65980944444453,27690,0,0,0,0,0,0,17023.258600003064
2026-06-26T07:30:00Z,protocol-server,wp-http-polling-protocol-state-machine,6578,253,253,900435,0.25012083333333335,162.90993027777787,27943,0,0,0,0,0,0,17152.422785004183
2026-06-26T07:45:00Z,protocol-server,wp-http-polling-protocol-state-machine,6656,256,256,898151,0.24948638888888888,163.15941666666677,28199,0,0,0,0,0,0,17283.096848532074
2026-06-26T08:00:00Z,protocol-server,wp-http-polling-protocol-state-machine,6474,249,249,896638,0.2490661111111111,163.4084827777779,28448,0,0,0,0,0,0,17409.132938763614
2026-06-26T08:15:00Z,protocol-server,wp-http-polling-protocol-state-machine,6500,250,250,898426,0.24956277777777777,163.65804555555567,28698,0,0,0,0,0,0,17535.34322286534
2026-06-26T08:30:00Z,protocol-server,wp-http-polling-protocol-state-machine,6630,255,255,897359,0.24926638888888888,163.90731194444456,28953,0,0,0,0,0,0,17664.251616678
2026-06-26T08:45:00Z,protocol-server,wp-http-polling-protocol-state-machine,6552,252,252,899171,0.2497697222222222,164.15708166666678,29205,0,0,0,0,0,0,17790.886450639355
2026-06-26T09:00:00Z,protocol-server,wp-http-polling-protocol-state-machine,6630,255,255,898241,0.24951138888888888,164.40659305555567,29460,0,0,0,0,0,0,17918.98941062843
2026-06-26T09:15:00Z,protocol-server,wp-http-polling-protocol-state-machine,6578,253,253,900450,0.250125,164.65671805555567,29713,0,0,0,0,0,0,18045.42222806527
2026-06-26T09:30:00Z,protocol-server,wp-http-polling-protocol-state-machine,6604,254,254,897126,0.24920166666666665,164.90591972222234,29967,0,0,0,0,0,0,18172.179658849273
2026-06-26T09:45:00Z,protocol-server,wp-http-polling-protocol-state-machine,6526,251,251,900416,0.25011555555555554,165.1560352777779,30218,0,0,0,0,0,0,18296.6368435619
2026-06-26T10:00:00Z,protocol-server,wp-http-polling-protocol-state-machine,6344,244,244,896752,0.24909777777777778,165.4051330555557,30462,0,0,0,0,0,0,18416.59895147784
2026-06-26T10:15:00Z,protocol-server,wp-http-polling-protocol-state-machine,6604,254,254,899089,0.24974694444444445,165.65488000000013,30716,0,0,0,0,0,0,18542.164287583906
2026-06-26T10:30:00Z,protocol-server,wp-http-polling-protocol-state-machine,6578,253,253,898035,0.24945416666666667,165.9043341666668,30969,0,0,0,0,0,0,18666.78176646589
2026-06-26T10:45:00Z,protocol-server,wp-http-polling-protocol-state-machine,6578,253,253,897616,0.24933777777777777,166.1536719444446,31222,0,0,0,0,0,0,18791.038220593426
2026-06-26T11:00:00Z,protocol-server,wp-http-polling-protocol-state-machine,6552,252,252,900234,0.250065,166.4037369444446,31474,0,0,0,0,0,0,18914.238693153795
2026-06-26T11:15:00Z,protocol-server,wp-http-polling-protocol-state-machine,6526,251,251,896458,0.2490161111111111,166.6527530555557,31725,0,0,0,0,0,0,19036.589206194563
2026-06-26T11:30:00Z,protocol-server,wp-http-polling-protocol-state-machine,6526,251,251,899224,0.24978444444444445,166.90253750000016,31976,0,0,0,0,0,0,19158.486431040612
2026-06-26T11:45:00Z,protocol-server,wp-http-polling-protocol-state-machine,6500,250,250,899249,0.24979138888888888,167.15232888888906,32226,0,0,0,0,0,0,19279.420283411993
2026-06-26T12:00:00Z,protocol-server,wp-http-polling-protocol-state-machine,6422,247,247,898288,0.24952444444444444,167.4018533333335,32473,0,0,0,0,0,0,19398.23207054894
2026-06-26T12:15:00Z,protocol-server,wp-http-polling-protocol-state-machine,6500,250,250,896816,0.24911555555555556,167.65096888888905,32723,0,0,0,0,0,0,19518.527221687113
2026-06-26T12:30:00Z,protocol-server,wp-http-polling-protocol-state-machine,6578,253,253,899518,0.24986611111111112,167.90083500000017,32976,0,0,0,0,0,0,19640.164386317654
2026-06-26T12:45:00Z,protocol-server,wp-http-polling-protocol-state-machine,6318,243,243,898848,0.24968,168.15051500000018,33219,0,0,0,0,0,0,19755.514873088534
2026-06-26T13:00:00Z,protocol-server,wp-http-polling-protocol-state-machine,6526,251,251,900406,0.2501127777777778,168.40062777777797,33470,0,0,0,0,0,0,19875.22281933956
2026-06-26T13:15:00Z,protocol-server,wp-http-polling-protocol-state-machine,6552,252,252,897062,0.2491838888888889,168.64981166666686,33722,0,0,0,0,0,0,19995.278777216125
2026-06-26T13:30:00Z,protocol-server,wp-http-polling-protocol-state-machine,6448,248,248,897031,0.2491752777777778,168.89898694444463,33970,0,0,0,0,0,0,20112.61323383404
2026-06-26T13:45:00Z,protocol-server,wp-http-polling-protocol-state-machine,6552,252,252,900917,0.2502547222222222,169.14924166666685,34222,0,0,0,0,0,0,20231.837673525857
2026-06-26T14:00:00Z,protocol-server,wp-http-polling-protocol-state-machine,6578,253,253,896879,0.24913305555555557,169.3983747222224,34475,0,0,0,0,0,0,20351.43492759699
2026-06-26T14:15:00Z,protocol-server,wp-http-polling-protocol-state-machine,6630,255,255,898062,0.24946166666666666,169.64783638888906,34730,0,0,0,0,0,0,20471.820177174162
2026-06-26T14:30:00Z,protocol-server,wp-http-polling-protocol-state-machine,6552,252,252,899515,0.24986527777777778,169.89770166666685,34982,0,0,0,0,0,0,20590.03721464898
2026-06-26T14:45:00Z,protocol-server,wp-http-polling-protocol-state-machine,6656,256,256,899543,0.24987305555555556,170.1475747222224,35238,0,0,0,0,0,0,20710.25699750846
2026-06-26T15:00:00Z,protocol-server,wp-http-polling-protocol-state-machine,6708,258,258,898062,0.24946166666666666,170.39703638888906,35496,0,0,0,0,0,0,20831.34821605064
2026-06-26T15:15:00Z,protocol-server,wp-http-polling-protocol-state-machine,6630,255,255,897282,0.249245,170.64628138888907,35751,0,0,0,0,0,0,20950.353977258
2026-06-26T15:30:00Z,protocol-server,wp-http-polling-protocol-state-machine,6656,256,256,897926,0.2494238888888889,170.89570527777795,36007,0,0,0,0,0,0,21069.57570494435
2026-06-26T15:45:00Z,protocol-server,wp-http-polling-protocol-state-machine,6630,255,255,899044,0.24973444444444445,171.1454397222224,36262,0,0,0,0,0,0,21187.82718304095
2026-06-26T16:00:00Z,protocol-server,wp-http-polling-protocol-state-machine,6604,254,254,899719,0.24992194444444443,171.39536166666684,36516,0,0,0,0,0,0,21305.127306196915
2026-06-26T16:15:00Z,protocol-server,wp-http-polling-protocol-state-machine,6760,260,260,898874,0.24968722222222223,171.64504888888908,36776,0,0,0,0,0,0,21425.610722862268
2026-06-26T16:30:00Z,protocol-server,wp-http-polling-protocol-state-machine,6760,260,260,897458,0.2492938888888889,171.89434277777798,37036,0,0,0,0,0,0,21545.793422579067
2026-06-26T16:45:00Z,protocol-server,wp-http-polling-protocol-state-machine,6890,265,265,899900,0.24997222222222223,172.1443150000002,37301,0,0,0,0,0,0,21668.44719792225
2026-06-26T17:00:00Z,protocol-server,wp-http-polling-protocol-state-machine,6812,262,262,900300,0.2500833333333333,172.39439833333353,37563,0,0,0,0,0,0,21788.991036338655
2026-06-26T17:15:00Z,protocol-server,wp-http-polling-protocol-state-machine,6812,262,262,896153,0.24893138888888888,172.6433297222224,37825,0,0,0,0,0,0,21909.331835095636
2026-06-26T17:30:00Z,protocol-server,wp-http-polling-protocol-state-machine,6838,263,263,900194,0.2500538888888889,172.8933836111113,38088,0,0,0,0,0,0,22029.76146598603
2026-06-26T17:45:00Z,protocol-server,wp-http-polling-protocol-state-machine,6812,262,262,898875,0.2496875,173.14307111111128,38350,0,0,0,0,0,0,22149.312562088966
2026-06-26T18:00:00Z,protocol-server,wp-http-polling-protocol-state-machine,6786,261,261,897786,0.249385,173.39245611111127,38611,0,0,0,0,0,0,22267.981471614752
2026-06-26T18:15:00Z,protocol-server,wp-http-polling-protocol-state-machine,6734,259,259,899575,0.24988194444444445,173.6423380555557,38870,0,0,0,0,0,0,22385.09365588236
2026-06-26T18:30:00Z,protocol-server,wp-http-polling-protocol-state-machine,6760,260,260,896385,0.24899583333333333,173.89133388888905,39130,0,0,0,0,0,0,22502.558997565
2026-06-26T18:45:00Z,protocol-server,wp-http-polling-protocol-state-machine,6864,264,264,899780,0.24993888888888888,174.14127277777794,39394,0,0,0,0,0,0,22621.862911425236
2026-06-26T19:00:00Z,protocol-server,wp-http-polling-protocol-state-machine,6760,260,260,900295,0.2500819444444444,174.3913547222224,39654,0,0,0,0,0,0,22738.512504339735
2026-06-26T19:15:00Z,protocol-server,wp-http-polling-protocol-state-machine,6682,257,257,895590,0.248775,174.64012972222238,39911,0,0,0,0,0,0,22853.28123809877
2026-06-26T19:30:00Z,protocol-server,wp-http-polling-protocol-state-machine,6864,264,264,900322,0.2500894444444444,174.89021916666684,40175,0,0,0,0,0,0,22971.553350112757
2026-06-26T19:45:00Z,protocol-server,wp-http-polling-protocol-state-machine,6812,262,262,897555,0.24932083333333332,175.13954000000018,40437,0,0,0,0,0,0,23088.447074829568
2026-06-26T20:00:00Z,protocol-server,wp-http-polling-protocol-state-machine,6734,259,259,899615,0.24989305555555555,175.38943305555574,40696,0,0,0,0,0,0,23203.222275716736
2026-06-26T20:15:00Z,protocol-server,wp-http-polling-protocol-state-machine,6786,261,261,899130,0.24975833333333333,175.6391913888891,40957,0,0,0,0,0,0,23318.827464489757
2026-06-26T20:30:00Z,protocol-server,wp-http-polling-protocol-state-machine,6708,258,258,897045,0.24917916666666667,175.88837055555575,41215,0,0,0,0,0,0,23432.475876500266
2026-06-26T20:45:00Z,protocol-server,wp-http-polling-protocol-state-machine,6734,259,259,898536,0.24959333333333333,176.1379638888891,41474,0,0,0,0,0,0,23546.315106811682
2026-06-26T21:00:00Z,protocol-server,wp-http-polling-protocol-state-machine,6760,260,260,898216,0.24950444444444445,176.38746833333354,41734,0,0,0,0,0,0,23660.41102258575
2026-06-26T21:15:00Z,protocol-server,wp-http-polling-protocol-state-machine,6760,260,260,898149,0.24948583333333332,176.63695416666687,41994,0,0,0,0,0,0,23774.187116234072
2026-06-26T21:30:00Z,protocol-server,wp-http-polling-protocol-state-machine,6812,262,262,900120,0.25003333333333333,176.8869875000002,42256,0,0,0,0,0,0,23888.698992061218
2026-06-26T21:45:00Z,protocol-server,wp-http-polling-protocol-state-machine,6682,257,257,896327,0.24897972222222223,177.13596722222243,42513,0,0,0,0,0,0,24000.207674744088
2026-06-26T22:00:00Z,protocol-server,wp-http-polling-protocol-state-machine,6734,259,259,901314,0.250365,177.38633222222242,42772,0,0,0,0,0,0,24112.34251487706
2026-06-26T22:15:00Z,protocol-server,wp-http-polling-protocol-state-machine,6708,258,258,895733,0.24881472222222223,177.63514694444464,43030,0,0,0,0,0,0,24223.80972469239
2026-06-26T22:30:00Z,protocol-server,wp-http-polling-protocol-state-machine,6760,260,260,899567,0.2498797222222222,177.88502666666687,43290,0,0,0,0,0,0,24335.943733544118
2026-06-26T22:45:00Z,protocol-server,wp-http-polling-protocol-state-machine,6864,264,264,900143,0.2500397222222222,178.1350663888891,43554,0,0,0,0,0,0,24449.986677478013
2026-06-26T23:00:00Z,protocol-server,wp-http-polling-protocol-state-machine,6786,261,261,898531,0.24959194444444444,178.38465833333353,43815,0,0,0,0,0,0,24562.089817234348
2026-06-26T23:15:00Z,protocol-server,wp-http-polling-protocol-state-machine,6734,259,259,898416,0.24956,178.63421833333354,44074,0,0,0,0,0,0,24672.764496753585
2026-06-26T23:30:00Z,protocol-server,wp-http-polling-protocol-state-machine,6812,262,262,897283,0.24924527777777777,178.88346361111132,44336,0,0,0,0,0,0,24784.851044915744
2026-06-26T23:45:00Z,protocol-server,wp-http-polling-protocol-state-machine,6916,266,266,897680,0.24935555555555555,179.13281916666688,44602,0,0,0,0,0,0,24898.84333171906
2026-06-27T00:00:00Z,protocol-server,wp-http-polling-protocol-state-machine,6708,258,258,900983,0.25027305555555557,179.38309222222244,44860,0,0,0,0,0,0,25007.931039803218
2026-06-27T00:15:00Z,protocol-server,wp-http-polling-protocol-state-machine,6760,260,260,895623,0.24878416666666667,179.6318763888891,45120,0,0,0,0,0,0,25118.036345797944
2026-06-27T00:30:00Z,protocol-server,wp-http-polling-protocol-state-machine,6812,262,262,899182,0.2497727777777778,179.88164916666688,45382,0,0,0,0,0,0,25228.810281782513
2026-06-27T00:45:00Z,protocol-server,wp-http-polling-protocol-state-machine,6864,264,264,898944,0.24970666666666666,180.13135583333354,45646,0,0,0,0,0,0,25340.39661714085
2026-06-27T01:00:00Z,protocol-server,wp-http-polling-protocol-state-machine,6890,265,265,897103,0.24919527777777778,180.38055111111132,45911,0,0,0,0,0,0,25452.300548588308
2026-06-27T01:15:00Z,protocol-server,wp-http-polling-protocol-state-machine,6838,263,263,901021,0.25028361111111114,180.63083472222243,46174,0,0,0,0,0,0,25562.634458843786
2026-06-27T01:30:00Z,protocol-server,wp-http-polling-protocol-state-machine,6864,264,264,897955,0.24943194444444444,180.88026666666687,46438,0,0,0,0,0,0,25673.336763472234
2026-06-27T01:45:00Z,protocol-server,wp-http-polling-protocol-state-machine,6890,265,265,897204,0.24922333333333332,181.1294900000002,46703,0,0,0,0,0,0,25784.315960918317
2026-06-27T02:00:00Z,protocol-server,wp-http-polling-protocol-state-machine,6786,261,261,899816,0.2499488888888889,181.3794388888891,46964,0,0,0,0,0,0,25892.68126955095
2026-06-27T02:15:00Z,protocol-server,wp-http-polling-protocol-state-machine,6864,264,264,896372,0.24899222222222223,181.62843111111133,47228,0,0,0,0,0,0,26002.536998796317
2026-06-27T02:30:00Z,protocol-server,wp-http-polling-protocol-state-machine,6916,266,266,899657,0.2499047222222222,181.87833583333355,47494,0,0,0,0,0,0,26113.060570073452
2026-06-27T02:45:00Z,protocol-server,wp-http-polling-protocol-state-machine,6942,267,267,898982,0.24971722222222223,182.12805305555577,47761,0,0,0,0,0,0,26223.856895582765
2026-06-27T03:00:00Z,protocol-server,wp-http-polling-protocol-state-machine,6916,266,266,896350,0.2489861111111111,182.3770391666669,48027,0,0,0,0,0,0,26333.907063876664
2026-06-27T03:15:00Z,protocol-server,wp-http-polling-protocol-state-machine,6838,263,263,898281,0.2495225,182.6265616666669,48290,0,0,0,0,0,0,26441.936791286542
2026-06-27T03:30:00Z,protocol-server,wp-http-polling-protocol-state-machine,6838,263,263,900530,0.25014722222222224,182.8767088888891,48553,0,0,0,0,0,0,26549.581023737406
2026-06-27T03:45:00Z,protocol-server,wp-http-polling-protocol-state-machine,6838,263,263,898370,0.24954722222222223,183.12625611111133,48816,0,0,0,0,0,0,26657.01851643875
2026-06-27T04:00:00Z,protocol-server,wp-http-polling-protocol-state-machine,6734,259,259,898302,0.24952833333333332,183.37578444444466,49075,0,0,0,0,0,0,26761.98503999731
2026-06-27T04:15:00Z,protocol-server,wp-http-polling-protocol-state-machine,6708,258,258,896620,0.24906111111111112,183.62484555555577,49333,0,0,0,0,0,0,26866.19005763808
2026-06-27T04:30:00Z,protocol-server,wp-http-polling-protocol-state-machine,6786,261,261,898016,0.2494488888888889,183.87429444444464,49594,0,0,0,0,0,0,26971.687450843878
2026-06-27T04:45:00Z,protocol-server,wp-http-polling-protocol-state-machine,6786,261,261,901105,0.25030694444444446,184.1246013888891,49855,0,0,0,0,0,0,27076.772807073936
2026-06-27T05:00:00Z,protocol-server,wp-http-polling-protocol-state-machine,6838,263,263,897483,0.24930083333333333,184.37390222222243,50118,0,0,0,0,0,0,27182.805915553985
2026-06-27T05:15:00Z,protocol-server,wp-http-polling-protocol-state-machine,6942,267,267,899683,0.24991194444444445,184.62381416666688,50385,0,0,0,0,0,0,27290.62890798885
2026-06-27T05:30:00Z,protocol-server,wp-http-polling-protocol-state-machine,6864,264,264,897890,0.24941388888888888,184.87322805555576,50649,0,0,0,0,0,0,27396.61146868686
2026-06-27T05:45:00Z,protocol-server,wp-http-polling-protocol-state-machine,6916,266,266,898139,0.24948305555555556,185.1227111111113,50915,0,0,0,0,0,0,27503.378539784153
2026-06-27T06:00:00Z,protocol-server,wp-http-polling-protocol-state-machine,6942,267,267,899444,0.24984555555555554,185.37255666666687,51182,0,0,0,0,0,0,27610.343688593788
2026-06-27T06:15:00Z,protocol-server,wp-http-polling-protocol-state-machine,6890,265,265,896263,0.24896194444444444,185.6215186111113,51447,0,0,0,0,0,0,27716.075369356655
2026-06-27T06:30:00Z,protocol-server,wp-http-polling-protocol-state-machine,6890,265,265,899113,0.2497536111111111,185.87127222222242,51712,0,0,0,0,0,0,27821.40531010871
2026-06-27T06:45:00Z,protocol-server,wp-http-polling-protocol-state-machine,6942,267,267,898772,0.2496588888888889,186.1209311111113,51979,0,0,0,0,0,0,27927.541351579282
2026-06-27T07:00:00Z,protocol-server,wp-http-polling-protocol-state-machine,6916,266,266,898169,0.2494913888888889,186.3704225000002,52245,0,0,0,0,0,0,28032.881666080866
2026-06-27T07:15:00Z,protocol-server,wp-http-polling-protocol-state-machine,6916,266,266,898898,0.24969388888888888,186.62011638888907,52511,0,0,0,0,0,0,28137.909790268666
2026-06-27T07:30:00Z,protocol-server,wp-http-polling-protocol-state-machine,6942,267,267,899217,0.2497825,186.86989888888908,52778,0,0,0,0,0,0,28243.178978429936
2026-06-27T07:45:00Z,protocol-server,wp-http-polling-protocol-state-machine,6942,267,267,896238,0.248955,187.11885388888908,53045,0,0,0,0,0,0,28348.29248767099
2026-06-27T08:00:00Z,protocol-server,wp-http-polling-protocol-state-machine,6942,267,267,901300,0.2503611111111111,187.3692150000002,53312,0,0,0,0,0,0,28452.913142641894
2026-06-27T08:15:00Z,protocol-server,wp-http-polling-protocol-state-machine,6890,265,265,895522,0.24875611111111112,187.6179711111113,53577,0,0,0,0,0,0,28556.43288471048
2026-06-27T08:30:00Z,protocol-server,wp-http-polling-protocol-state-machine,6968,268,268,900470,0.2501305555555556,187.86810166666686,53845,0,0,0,0,0,0,28661.065674436224
2026-06-27T08:45:00Z,protocol-server,wp-http-polling-protocol-state-machine,6968,268,268,897382,0.2492727777777778,188.11737444444464,54113,0,0,0,0,0,0,28765.551379721604
2026-06-27T09:00:00Z,protocol-server,wp-http-polling-protocol-state-machine,6942,267,267,900054,0.250015,188.36738944444463,54380,0,0,0,0,0,0,28869.115912464425
2026-06-27T09:15:00Z,protocol-server,wp-http-polling-protocol-state-machine,6812,262,262,896750,0.24909722222222222,188.61648666666684,54642,0,0,0,0,0,0,28969.89598611614
2026-06-27T09:30:00Z,protocol-server,wp-http-polling-protocol-state-machine,6968,268,268,899987,0.2499963888888889,188.86648305555573,54910,0,0,0,0,0,0,29073.44866682779
2026-06-27T09:45:00Z,protocol-server,wp-http-polling-protocol-state-machine,6916,266,266,897701,0.2493613888888889,189.11584444444463,55176,0,0,0,0,0,0,29175.767986065654
2026-06-27T10:00:00Z,protocol-server,wp-http-polling-protocol-state-machine,6864,264,264,897528,0.24931333333333333,189.36515777777797,55440,0,0,0,0,0,0,29276.769100818132
2026-06-27T10:15:00Z,protocol-server,wp-http-polling-protocol-state-machine,6916,266,266,897579,0.2493275,189.61448527777796,55706,0,0,0,0,0,0,29378.557191130647
2026-06-27T10:30:00Z,protocol-server,wp-http-polling-protocol-state-machine,6786,261,261,897464,0.24929555555555555,189.86378083333352,55967,0,0,0,0,0,0,29477.449439990363
2026-06-27T10:45:00Z,protocol-server,wp-http-polling-protocol-state-machine,6968,268,268,898872,0.24968666666666667,190.11346750000018,56235,0,0,0,0,0,0,29579.70349996375
2026-06-27T11:00:00Z,protocol-server,wp-http-polling-protocol-state-machine,6942,267,267,900291,0.2500808333333333,190.3635483333335,56502,0,0,0,0,0,0,29681.10255071677
2026-06-27T11:15:00Z,protocol-server,wp-http-polling-protocol-state-machine,6916,266,266,898389,0.2495525,190.6131008333335,56768,0,0,0,0,0,0,29781.793461109617
2026-06-27T11:30:00Z,protocol-server,wp-http-polling-protocol-state-machine,6916,266,266,895071,0.24863083333333333,190.86173166666683,57034,0,0,0,0,0,0,29882.36536573389
2026-06-27T11:45:00Z,protocol-server,wp-http-polling-protocol-state-machine,6994,269,269,900096,0.2500266666666667,191.11175833333348,57303,0,0,0,0,0,0,29984.02636223628
2026-06-27T12:00:00Z,protocol-server,wp-http-polling-protocol-state-machine,6864,264,264,898031,0.24945305555555555,191.36121138888905,57567,0,0,0,0,0,0,30082.899027541636
2026-06-27T12:15:00Z,protocol-server,wp-http-polling-protocol-state-machine,6968,268,268,899035,0.24973194444444444,191.6109433333335,57835,0,0,0,0,0,0,30183.557887603576
2026-06-27T12:30:00Z,protocol-server,wp-http-polling-protocol-state-machine,6890,265,265,896823,0.2491175,191.8600608333335,58100,0,0,0,0,0,0,30282.488052826564
2026-06-27T12:45:00Z,protocol-server,wp-http-polling-protocol-state-machine,6890,265,265,896691,0.24908083333333333,192.10914166666683,58365,0,0,0,0,0,0,30381.167441407088
2026-06-27T13:00:00Z,protocol-server,wp-http-polling-protocol-state-machine,6838,263,263,900222,0.2500616666666667,192.35920333333348,58628,0,0,0,0,0,0,30478.39613808615
2026-06-27T13:15:00Z,protocol-server,wp-http-polling-protocol-state-machine,6838,263,263,900389,0.25010805555555554,192.60931138888904,58891,0,0,0,0,0,0,30575.365009792156
2026-06-27T13:30:00Z,protocol-server,wp-http-polling-protocol-state-machine,6838,263,263,899152,0.24976444444444446,192.8590758333335,59154,0,0,0,0,0,0,30672.137022537732
2026-06-27T13:45:00Z,protocol-server,wp-http-polling-protocol-state-machine,6812,262,262,896122,0.24892277777777777,193.10799861111127,59416,0,0,0,0,0,0,30768.27496910387
2026-06-27T14:00:00Z,protocol-server,wp-http-polling-protocol-state-machine,6864,264,264,899710,0.24991944444444444,193.35791805555573,59680,0,0,0,0,0,0,30865.040645944842
2026-06-27T14:15:00Z,protocol-server,wp-http-polling-protocol-state-machine,6890,265,265,899116,0.24975444444444445,193.60767250000018,59945,0,0,0,0,0,0,30962.099397171332
2026-06-27T14:30:00Z,protocol-server,wp-http-polling-protocol-state-machine,6786,261,261,895656,0.24879333333333334,193.85646583333352,60206,0,0,0,0,0,0,31056.99866196963
2026-06-27T14:45:00Z,protocol-server,wp-http-polling-protocol-state-machine,6890,265,265,898400,0.24955555555555556,194.10602138888908,60471,0,0,0,0,0,0,31153.59305564616
2026-06-27T15:00:00Z,protocol-server,wp-http-polling-protocol-state-machine,6864,264,264,897883,0.24941194444444445,194.3554333333335,60735,0,0,0,0,0,0,31249.44796157827
2026-06-27T15:15:00Z,protocol-server,wp-http-polling-protocol-state-machine,6890,265,265,898262,0.24951722222222222,194.60495055555572,61000,0,0,0,0,0,0,31345.554070365622
2026-06-27T15:30:00Z,protocol-server,wp-http-polling-protocol-state-machine,6864,264,264,901182,0.2503283333333333,194.85527888888905,61264,0,0,0,0,0,0,31440.76996494108
2026-06-27T15:45:00Z,protocol-server,wp-http-polling-protocol-state-machine,6786,261,261,896603,0.2490563888888889,195.10433527777795,61525,0,0,0,0,0,0,31534.409480140133
2026-06-27T16:00:00Z,protocol-server,wp-http-polling-protocol-state-machine,6786,261,261,897461,0.2492947222222222,195.35363000000018,61786,0,0,0,0,0,0,31627.771646731082
2026-06-27T16:15:00Z,protocol-server,wp-http-polling-protocol-state-machine,6630,255,255,900172,0.25004777777777776,195.60367777777796,62041,0,0,0,0,0,0,31717.706284890886
2026-06-27T16:30:00Z,protocol-server,wp-http-polling-protocol-state-machine,6838,263,263,899074,0.24974277777777779,195.85342055555574,62304,0,0,0,0,0,0,31811.54550340205
2026-06-27T16:45:00Z,protocol-server,wp-http-polling-protocol-state-machine,6890,265,265,898166,0.24949055555555555,196.1029111111113,62569,0,0,0,0,0,0,31906.206616457926
2026-06-27T17:00:00Z,protocol-server,wp-http-polling-protocol-state-machine,6786,261,261,898002,0.249445,196.3523561111113,62830,0,0,0,0,0,0,31998.597442062746
2026-06-27T17:15:00Z,protocol-server,wp-http-polling-protocol-state-machine,6838,263,263,899516,0.24986555555555556,196.60222166666685,63093,0,0,0,0,0,0,32091.70245643118
2026-06-27T17:30:00Z,protocol-server,wp-http-polling-protocol-state-machine,6812,262,262,898971,0.24971416666666665,196.85193583333353,63355,0,0,0,0,0,0,32184.0878687828
2026-06-27T17:45:00Z,protocol-server,wp-http-polling-protocol-state-machine,6838,263,263,897071,0.2491863888888889,197.10112222222241,63618,0,0,0,0,0,0,32276.832969156636
2026-06-27T18:00:00Z,protocol-server,wp-http-polling-protocol-state-machine,6890,265,265,902056,0.25057111111111113,197.35169333333351,63883,0,0,0,0,0,0,32370.130157484644
2026-06-27T18:15:00Z,protocol-server,wp-http-polling-protocol-state-machine,6942,267,267,896947,0.24915194444444444,197.60084527777795,64150,0,0,0,0,0,0,32464.436024967887
2026-06-27T18:30:00Z,protocol-server,wp-http-polling-protocol-state-machine,6968,268,268,901493,0.2504147222222222,197.85126000000017,64418,0,0,0,0,0,0,32558.802001058746
2026-06-27T18:45:00Z,protocol-server,wp-http-polling-protocol-state-machine,6890,265,265,897496,0.24930444444444444,198.10056444444461,64683,0,0,0,0,0,0,32651.59803123111
2026-06-27T19:00:00Z,protocol-server,wp-http-polling-protocol-state-machine,6838,263,263,897952,0.2494311111111111,198.34999555555572,64946,0,0,0,0,0,0,32743.131563020033
2026-06-27T19:15:00Z,protocol-server,wp-http-polling-protocol-state-machine,6838,263,263,899273,0.24979805555555556,198.59979361111127,65209,0,0,0,0,0,0,32834.37450478382
2026-06-27T19:30:00Z,protocol-server,wp-http-polling-protocol-state-machine,6864,264,264,900506,0.25014055555555553,198.84993416666683,65473,0,0,0,0,0,0,32925.83438580551
2026-06-27T19:45:00Z,protocol-server,wp-http-polling-protocol-state-machine,6864,264,264,896474,0.24902055555555555,199.09895472222237,65737,0,0,0,0,0,0,33017.25018683023
2026-06-27T20:00:00Z,protocol-server,wp-http-polling-protocol-state-machine,6864,264,264,899827,0.24995194444444443,199.3489066666668,66001,0,0,0,0,0,0,33108.282911408634
2026-06-27T20:15:00Z,protocol-server,wp-http-polling-protocol-state-machine,6890,265,265,899799,0.24994416666666666,199.59885083333347,66266,0,0,0,0,0,0,33199.58993918888
2026-06-27T20:30:00Z,protocol-server,wp-http-polling-protocol-state-machine,6916,266,266,897514,0.24930944444444444,199.8481602777779,66532,0,0,0,0,0,0,33291.27468950637
2026-06-27T20:45:00Z,protocol-server,wp-http-polling-protocol-state-machine,6916,266,266,896664,0.24907333333333334,200.09723361111125,66798,0,0,0,0,0,0,33382.77036344333
2026-06-27T21:00:00Z,protocol-server,wp-http-polling-protocol-state-machine,6916,266,266,900475,0.2501319444444444,200.34736555555568,67064,0,0,0,0,0,0,33473.86166722685
2026-06-27T21:15:00Z,protocol-server,wp-http-polling-protocol-state-machine,6968,268,268,899973,0.2499925,200.59735805555567,67332,0,0,0,0,0,0,33565.74615571573
2026-06-27T21:30:00Z,protocol-server,wp-http-polling-protocol-state-machine,6812,262,262,896078,0.24891055555555555,200.84626861111124,67594,0,0,0,0,0,0,33654.59585952226
2026-06-27T21:45:00Z,protocol-server,wp-http-polling-protocol-state-machine,6760,260,260,899609,0.2498913888888889,201.09616000000014,67854,0,0,0,0,0,0,33742.06648202529
2026-06-27T22:00:00Z,protocol-server,wp-http-polling-protocol-state-machine,6916,266,266,899428,0.24984111111111112,201.34600111111126,68120,0,0,0,0,0,0,33832.30837666773
2026-06-27T22:15:00Z,protocol-server,wp-http-polling-protocol-state-machine,6890,265,265,900233,0.2500647222222222,201.59606583333348,68385,0,0,0,0,0,0,33921.792926522816
2026-06-27T22:30:00Z,protocol-server,wp-http-polling-protocol-state-machine,6916,266,266,898154,0.24948722222222222,201.8455530555557,68651,0,0,0,0,0,0,34011.6484910146
2026-06-27T22:45:00Z,protocol-server,wp-http-polling-protocol-state-machine,6916,266,266,898703,0.24963972222222222,202.09519277777792,68917,0,0,0,0,0,0,34101.256468668464
2026-06-27T23:00:00Z,protocol-server,wp-http-polling-protocol-state-machine,6942,267,267,899461,0.24985027777777777,202.3450430555557,69184,0,0,0,0,0,0,34191.10196883098
2026-06-27T23:15:00Z,protocol-server,wp-http-polling-protocol-state-machine,6942,267,267,899191,0.24977527777777778,202.59481833333348,69451,0,0,0,0,0,0,34280.738555578864
2026-06-27T23:30:00Z,protocol-server,wp-http-polling-protocol-state-machine,6812,262,262,898729,0.24964694444444444,202.8444652777779,69713,0,0,0,0,0,0,34367.7111941576
2026-06-27T23:45:00Z,protocol-server,wp-http-polling-protocol-state-machine,6890,265,265,897278,0.24924388888888888,203.0937091666668,69978,0,0,0,0,0,0,34456.01554431864
2026-06-28T00:00:00Z,protocol-server,wp-http-polling-protocol-state-machine,6812,262,262,898373,0.24954805555555556,203.34325722222235,70240,0,0,0,0,0,0,34542.576409720175
2026-06-28T00:15:00Z,protocol-server,wp-http-polling-protocol-state-machine,6864,264,264,899889,0.24996916666666666,203.593226388889,70504,0,0,0,0,0,0,34629.83580078857
2026-06-28T00:30:00Z,protocol-server,wp-http-polling-protocol-state-machine,6812,262,262,896059,0.24890527777777777,203.84213166666677,70766,0,0,0,0,0,0,34716.08122491588
2026-06-28T00:45:00Z,protocol-server,wp-http-polling-protocol-state-machine,6838,263,263,900850,0.2502361111111111,204.0923677777779,71029,0,0,0,0,0,0,34802.379321375985
2026-06-28T01:00:00Z,protocol-server,wp-http-polling-protocol-state-machine,6890,265,265,897050,0.24918055555555554,204.34154833333346,71294,0,0,0,0,0,0,34889.62503293809
2026-06-28T01:15:00Z,protocol-server,wp-http-polling-protocol-state-machine,6786,261,261,898659,0.2496275,204.59117583333347,71555,0,0,0,0,0,0,34974.62669567479
2026-06-28T01:30:00Z,protocol-server,wp-http-polling-protocol-state-machine,6812,262,262,898550,0.24959722222222222,204.8407730555557,71817,0,0,0,0,0,0,35059.914551544
2026-06-28T01:45:00Z,protocol-server,wp-http-polling-protocol-state-machine,6630,255,255,899605,0.24989027777777778,205.09066333333348,72072,0,0,0,0,0,0,35141.531471309114
2026-06-28T02:00:00Z,protocol-server,wp-http-polling-protocol-state-machine,6786,261,261,897942,0.24942833333333334,205.3400916666668,72333,0,0,0,0,0,0,35225.950964032774
2026-06-28T02:15:00Z,protocol-server,wp-http-polling-protocol-state-machine,6812,262,262,898113,0.24947583333333334,205.58956750000013,72595,0,0,0,0,0,0,35310.643863288424
2026-06-28T02:30:00Z,protocol-server,wp-http-polling-protocol-state-machine,6760,260,260,899221,0.2497836111111111,205.83935111111123,72855,0,0,0,0,0,0,35394.10691237225
2026-06-28T02:45:00Z,protocol-server,wp-http-polling-protocol-state-machine,6630,255,255,898433,0.24956472222222223,206.08891583333346,73110,0,0,0,0,0,0,35474.97918768466
2026-06-28T03:00:00Z,protocol-server,wp-http-polling-protocol-state-machine,6734,259,259,896601,0.24905583333333334,206.3379716666668,73369,0,0,0,0,0,0,35557.68209184762
2026-06-28T03:15:00Z,protocol-server,wp-http-polling-protocol-state-machine,6812,262,262,900432,0.25012,206.5880916666668,73631,0,0,0,0,0,0,35641.45416416586
2026-06-28T03:30:00Z,protocol-server,wp-http-polling-protocol-state-machine,6760,260,260,897379,0.24927194444444445,206.83736361111124,73891,0,0,0,0,0,0,35724.203166178144
2026-06-28T03:45:00Z,protocol-server,wp-http-polling-protocol-state-machine,6916,266,266,899178,0.24977166666666667,207.08713527777792,74157,0,0,0,0,0,0,35809.563882627925
2026-06-28T04:00:00Z,protocol-server,wp-http-polling-protocol-state-machine,6864,264,264,895511,0.24875305555555555,207.3358883333335,74421,0,0,0,0,0,0,35893.93066402162
2026-06-28T04:15:00Z,protocol-server,wp-http-polling-protocol-state-machine,6890,265,265,900719,0.2501997222222222,207.5860880555557,74686,0,0,0,0,0,0,35978.32624506705
2026-06-28T04:30:00Z,protocol-server,wp-http-polling-protocol-state-machine,6760,260,260,898635,0.24962083333333332,207.83570888888903,74946,0,0,0,0,0,0,36060.21332939801
2026-06-28T04:45:00Z,protocol-server,wp-http-polling-protocol-state-machine,6890,265,265,896007,0.24889083333333334,208.08459972222235,75211,0,0,0,0,0,0,36144.433610368644
2026-06-28T05:00:00Z,protocol-server,wp-http-polling-protocol-state-machine,6838,263,263,899704,0.24991777777777777,208.33451750000012,75474,0,0,0,0,0,0,36227.31408394672
2026-06-28T05:15:00Z,protocol-server,wp-http-polling-protocol-state-machine,6786,261,261,896406,0.24900166666666668,208.58351916666678,75735,0,0,0,0,0,0,36309.19657630507
2026-06-28T05:30:00Z,protocol-server,wp-http-polling-protocol-state-machine,6604,254,254,896991,0.24916416666666666,208.83268333333345,75989,0,0,0,0,0,0,36387.503520561615
2026-06-28T05:45:00Z,protocol-server,wp-http-polling-protocol-state-machine,6838,263,263,899398,0.24983277777777776,209.08251611111123,76252,0,0,0,0,0,0,36469.81173666283
2026-06-28T06:00:00Z,protocol-server,wp-http-polling-protocol-state-machine,6864,264,264,897278,0.24924388888888888,209.33176000000012,76516,0,0,0,0,0,0,36552.50402518947
2026-06-28T06:15:00Z,protocol-server,wp-http-polling-protocol-state-machine,6734,259,259,898309,0.24953027777777778,209.5812902777779,76775,0,0,0,0,0,0,36632.563860181814
2026-06-28T06:30:00Z,protocol-server,wp-http-polling-protocol-state-machine,6838,263,263,897886,0.2494127777777778,209.8307030555557,77038,0,0,0,0,0,0,36714.360138040945
2026-06-28T06:45:00Z,protocol-server,wp-http-polling-protocol-state-machine,6786,261,261,897716,0.24936555555555556,210.08006861111124,77299,0,0,0,0,0,0,36795.018447509974
2026-06-28T07:00:00Z,protocol-server,wp-http-polling-protocol-state-machine,6838,263,263,898760,0.24965555555555555,210.3297241666668,77562,0,0,0,0,0,0,36876.38554526858
2026-06-28T07:15:00Z,protocol-server,wp-http-polling-protocol-state-machine,6864,264,264,897967,0.24943527777777777,210.5791594444446,77826,0,0,0,0,0,0,36958.07325156135
2026-06-28T07:30:00Z,protocol-server,wp-http-polling-protocol-state-machine,6864,264,264,897527,0.24931305555555555,210.82847250000015,78090,0,0,0,0,0,0,37039.58913803729
2026-06-28T07:45:00Z,protocol-server,wp-http-polling-protocol-state-machine,6864,264,264,898308,0.24953,211.07800250000014,78354,0,0,0,0,0,0,37120.87430806531
2026-06-28T08:00:00Z,protocol-server,wp-http-polling-protocol-state-machine,6890,265,265,898814,0.24967055555555556,211.3276730555557,78619,0,0,0,0,0,0,37202.41597480323
2026-06-28T08:15:00Z,protocol-server,wp-http-polling-protocol-state-machine,6786,261,261,898225,0.24950694444444443,211.57718000000014,78880,0,0,0,0,0,0,37281.90346425826
2026-06-28T08:30:00Z,protocol-server,wp-http-polling-protocol-state-machine,6786,261,261,899322,0.24981166666666665,211.8269916666668,79141,0,0,0,0,0,0,37361.14995417445
2026-06-28T08:45:00Z,protocol-server,wp-http-polling-protocol-state-machine,6656,256,256,896199,0.24894416666666666,212.07593583333346,79397,0,0,0,0,0,0,37438.00525411645
2026-06-28T09:00:00Z,protocol-server,wp-http-polling-protocol-state-machine,6890,265,265,898935,0.24970416666666667,212.32564000000013,79662,0,0,0,0,0,0,37518.78482504513
2026-06-28T09:15:00Z,protocol-server,wp-http-polling-protocol-state-machine,6916,266,266,897829,0.24939694444444443,212.57503694444458,79928,0,0,0,0,0,0,37599.899380889576
2026-06-28T09:30:00Z,protocol-server,wp-http-polling-protocol-state-machine,6864,264,264,898439,0.24956638888888888,212.82460333333347,80192,0,0,0,0,0,0,37679.854088298445
2026-06-28T09:45:00Z,protocol-server,wp-http-polling-protocol-state-machine,6786,261,261,894484,0.2484677777777778,213.07307111111126,80453,0,0,0,0,0,0,37758.408221396574
2026-06-28T10:00:00Z,protocol-server,wp-http-polling-protocol-state-machine,6864,264,264,897610,0.24933611111111112,213.32240722222238,80717,0,0,0,0,0,0,37838.03166814793
2026-06-28T10:15:00Z,protocol-server,wp-http-polling-protocol-state-machine,6890,265,265,898252,0.24951444444444446,213.57192166666684,80982,0,0,0,0,0,0,37917.90576590539
2026-06-28T10:30:00Z,protocol-server,wp-http-polling-protocol-state-machine,6812,262,262,896276,0.24896555555555555,213.82088722222238,81244,0,0,0,0,0,0,37996.2879471002
2026-06-28T10:45:00Z,protocol-server,wp-http-polling-protocol-state-machine,6890,265,265,895354,0.24870944444444446,214.06959666666683,81509,0,0,0,0,0,0,38075.93477504408
2026-06-28T11:00:00Z,protocol-server,wp-http-polling-protocol-state-machine,6968,268,268,898942,0.2497061111111111,214.31930277777795,81777,0,0,0,0,0,0,38156.619091278226
2026-06-28T11:15:00Z,protocol-server,wp-http-polling-protocol-state-machine,6916,266,266,896693,0.2490813888888889,214.56838416666685,82043,0,0,0,0,0,0,38236.294838419795
2026-06-28T11:30:00Z,protocol-server,wp-http-polling-protocol-state-machine,6890,265,265,895383,0.2487175,214.81710166666684,82308,0,0,0,0,0,0,38315.38520974828
2026-06-28T11:45:00Z,protocol-server,wp-http-polling-protocol-state-machine,6994,269,269,899783,0.24993972222222222,215.06704138888907,82577,0,0,0,0,0,0,38395.934340623775
2026-06-28T12:00:00Z,protocol-server,wp-http-polling-protocol-state-machine,6838,263,263,896684,0.24907888888888888,215.31612027777797,82840,0,0,0,0,0,0,38473.66369648898
2026-06-28T12:15:00Z,protocol-server,wp-http-polling-protocol-state-machine,6890,265,265,894208,0.24839111111111112,215.5645113888891,83105,0,0,0,0,0,0,38552.26422222833
2026-06-28T12:30:00Z,protocol-server,wp-http-polling-protocol-state-machine,6916,266,266,898141,0.24948361111111111,215.8139950000002,83371,0,0,0,0,0,0,38630.95162109386
2026-06-28T12:45:00Z,protocol-server,wp-http-polling-protocol-state-machine,6890,265,265,896760,0.2491,216.0630950000002,83636,0,0,0,0,0,0,38709.06320211692
2026-06-28T13:00:00Z,protocol-server,wp-http-polling-protocol-state-machine,6760,260,260,896183,0.24893972222222222,216.31203472222242,83896,0,0,0,0,0,0,38784.712144072444
2026-06-28T13:15:00Z,protocol-server,wp-http-polling-protocol-state-machine,6890,265,265,894644,0.24851222222222222,216.56054694444464,84161,0,0,0,0,0,0,38862.57270193829
2026-06-28T13:30:00Z,protocol-server,wp-http-polling-protocol-state-machine,6968,268,268,897425,0.24928472222222223,216.80983166666687,84429,0,0,0,0,0,0,38941.49972396313
2026-06-28T13:45:00Z,protocol-server,wp-http-polling-protocol-state-machine,6812,262,262,893641,0.2482336111111111,217.05806527777798,84691,0,0,0,0,0,0,39017.67017577417
2026-06-28T14:00:00Z,protocol-server,wp-http-polling-protocol-state-machine,6812,262,262,896929,0.24914694444444443,217.30721222222243,84953,0,0,0,0,0,0,39093.50229624476
2026-06-28T14:15:00Z,protocol-server,wp-http-polling-protocol-state-machine,6864,264,264,897777,0.2493825,217.55659472222243,85217,0,0,0,0,0,0,39170.03762115581
2026-06-28T14:30:00Z,protocol-server,wp-http-polling-protocol-state-machine,6864,264,264,895075,0.24863194444444445,217.80522666666687,85481,0,0,0,0,0,0,39246.53292678862
2026-06-28T14:45:00Z,protocol-server,wp-http-polling-protocol-state-machine,6734,259,259,897230,0.24923055555555557,218.05445722222242,85740,0,0,0,0,0,0,39320.452831936906
2026-06-28T15:00:00Z,protocol-server,wp-http-polling-protocol-state-machine,6890,265,265,894901,0.2485836111111111,218.30304083333354,86005,0,0,0,0,0,0,39397.069171226845
2026-06-28T15:15:00Z,protocol-server,wp-http-polling-protocol-state-machine,6838,263,263,895145,0.24865138888888888,218.55169222222244,86268,0,0,0,0,0,0,39472.58386463696
2026-06-28T15:30:00Z,protocol-server,wp-http-polling-protocol-state-machine,6916,266,266,897795,0.2493875,218.80107972222245,86534,0,0,0,0,0,0,39549.16498120517
2026-06-28T15:45:00Z,protocol-server,wp-http-polling-protocol-state-machine,6734,259,259,895789,0.24883027777777778,219.04991000000024,86793,0,0,0,0,0,0,39622.47690492085
2026-06-28T16:00:00Z,protocol-server,wp-http-polling-protocol-state-machine,6890,265,265,897939,0.2494275,219.29933750000023,87058,0,0,0,0,0,0,39698.250342411506
2026-06-28T16:15:00Z,protocol-server,wp-http-polling-protocol-state-machine,6916,266,266,892637,0.24795472222222223,219.54729222222247,87324,0,0,0,0,0,0,39774.573904383185
2026-06-28T16:30:00Z,protocol-server,wp-http-polling-protocol-state-machine,6890,265,265,896225,0.2489513888888889,219.79624361111135,87589,0,0,0,0,0,0,39850.08959251027
2026-06-28T16:45:00Z,protocol-server,wp-http-polling-protocol-state-machine,6864,264,264,897121,0.24920027777777778,220.04544388888914,87853,0,0,0,0,0,0,39924.9347986323
2026-06-28T17:00:00Z,protocol-server,wp-http-polling-protocol-state-machine,6812,262,262,893591,0.24821972222222222,220.29366361111136,88115,0,0,0,0,0,0,39998.880837331344
2026-06-28T17:15:00Z,protocol-server,wp-http-polling-protocol-state-machine,6942,267,267,897605,0.24933472222222222,220.54299833333357,88382,0,0,0,0,0,0,40074.72495971851
2026-06-28T17:30:00Z,protocol-server,wp-http-polling-protocol-state-machine,6890,265,265,893344,0.2481511111111111,220.79114944444467,88647,0,0,0,0,0,0,40149.70718846921
2026-06-28T17:45:00Z,protocol-server,wp-http-polling-protocol-state-machine,6968,268,268,896249,0.24895805555555556,221.04010750000023,88915,0,0,0,0,0,0,40225.73143202073
2026-06-28T18:00:00Z,protocol-server,wp-http-polling-protocol-state-machine,6812,262,262,894151,0.24837527777777776,221.288482777778,89177,0,0,0,0,0,0,40298.97935969546
2026-06-28T18:15:00Z,protocol-server,wp-http-polling-protocol-state-machine,6916,266,266,893154,0.24809833333333334,221.53658111111133,89443,0,0,0,0,0,0,40373.919084333975
2026-06-28T18:30:00Z,protocol-server,wp-http-polling-protocol-state-machine,5174,199,199,670524,0.18625666666666665,221.722837777778,89642,0,0,0,0,0,0,40429.75495823475
