timestamp,event_type,message,target,blocker_class
2026-05-17T05:28:58Z,launch,validation branch-deferred-rtc-reload-hydration-20260517t045710z deferred/rtc-reload-hydration-20260517T045710Z session=rtc-critical-validate-branch-deferred-rtc-reload-hydration-20260517t04-20260517T052858Z,deferred-rtc-reload-hydration-20260517t045710z,deferred-family validation
2026-05-17T05:28:59Z,launch,validation branch-ready-rtc-pr07c-reload-record-snapshots ready/rtc-pr07c-reload-record-snapshots session=rtc-critical-validate-branch-ready-rtc-pr07c-reload-record-snapshots-20260517T052859Z,ready-rtc-pr07c-reload-record-snapshots,PR07C owner evidence
2026-05-17T05:28:59Z,launch,validation branch-deferred-rtc-reload-hydration-20260517t035704z deferred/rtc-reload-hydration-20260517T035704Z session=rtc-critical-validate-branch-deferred-rtc-reload-hydration-20260517t03-20260517T052859Z,deferred-rtc-reload-hydration-20260517t035704z,deferred-family validation
2026-05-17T05:28:59Z,launch,validation branch-ready-rtc-pr15c-fallback-group-delete-green-on-pr14b ready/rtc-pr15c-fallback-group-delete-green-on-pr14b session=rtc-critical-validate-branch-ready-rtc-pr15c-fallback-group-delete-gre-20260517T052859Z,ready-rtc-pr15c-fallback-group-delete-green-on-pr14b,critical-path launch
2026-05-17T05:29:00Z,launch,validation branch-ready-rtc-pr15a-fallback-group-move-green-on-pr14b ready/rtc-pr15a-fallback-group-move-green-on-pr14b session=rtc-critical-validate-branch-ready-rtc-pr15a-fallback-group-move-green-20260517T052900Z,ready-rtc-pr15a-fallback-group-move-green-on-pr14b,critical-path launch
2026-05-17T05:29:00Z,launch,validation branch-ready-rtc-pr15b-fallback-group-insert-anchor-green-on-pr14b ready/rtc-pr15b-fallback-group-insert-anchor-green-on-pr14b session=rtc-critical-validate-branch-ready-rtc-pr15b-fallback-group-insert-anc-20260517T052900Z,ready-rtc-pr15b-fallback-group-insert-anchor-green-on-pr14b,critical-path launch
2026-05-17T05:29:05Z,launch,continuation pr17-1020002 session=rtc-critical-continuation-pr17-1020002-20260517T052900Z,pr17-1020002,seed reducer/final-stack
2026-05-17T05:30:21Z,launch,validation branch-deferred-rtc-reload-hydration-20260517t042707z deferred/rtc-reload-hydration-20260517T042707Z session=rtc-critical-validate-branch-deferred-rtc-reload-hydration-20260517t04-20260517T053021Z,deferred-rtc-reload-hydration-20260517t042707z,deferred-family validation
2026-05-17T05:30:22Z,launch,validation branch-ready-rtc-pr14b-table-query-array-local-suffix-append ready/rtc-pr14b-table-query-array-local-suffix-append session=rtc-critical-validate-branch-ready-rtc-pr14b-table-query-array-local-s-20260517T053022Z,ready-rtc-pr14b-table-query-array-local-suffix-append,critical-path launch
2026-05-17T05:30:23Z,launch,validation branch-deferred-rtc-http-room-isolation-20260517t023739z deferred/rtc-http-room-isolation-20260517T023739Z session=rtc-critical-validate-branch-deferred-rtc-http-room-isolation-20260517-20260517T053023Z,deferred-rtc-http-room-isolation-20260517t023739z,deferred-family validation
2026-05-17T05:30:23Z,launch,validation branch-deferred-rtc-pre-save-search-live-collapse-20260517t022131z deferred/rtc-pre-save-search-live-collapse-20260517T022131Z session=rtc-critical-validate-branch-deferred-rtc-pre-save-search-live-collaps-20260517T053023Z,deferred-rtc-pre-save-search-live-collapse-20260517t022131z,deferred-family validation
2026-05-17T05:30:23Z,launch,validation branch-deferred-rtc-rich-text-suffix-corruption-20260517t022133z deferred/rtc-rich-text-suffix-corruption-20260517T022133Z session=rtc-critical-validate-branch-deferred-rtc-rich-text-suffix-corruption--20260517T053023Z,deferred-rtc-rich-text-suffix-corruption-20260517t022133z,deferred-family validation
2026-05-17T05:30:23Z,launch,validation branch-ready-rtc-pr06b-malformed-save-request-payload-minimal ready/rtc-pr06b-malformed-save-request-payload-minimal session=rtc-critical-validate-branch-ready-rtc-pr06b-malformed-save-request-pa-20260517T053023Z,ready-rtc-pr06b-malformed-save-request-payload-minimal,critical-path launch
2026-05-17T05:31:25Z,launch,validation branch-deferred-rtc-malformed-save-payload-20260517t012122z deferred/rtc-malformed-save-payload-20260517T012122Z session=rtc-critical-validate-branch-deferred-rtc-malformed-save-payload-20260-20260517T053125Z,deferred-rtc-malformed-save-payload-20260517t012122z,deferred-family validation
2026-05-17T05:31:25Z,launch,validation branch-deferred-rtc-rich-text-suffix-corruption-20260517t012120z deferred/rtc-rich-text-suffix-corruption-20260517T012120Z session=rtc-critical-validate-branch-deferred-rtc-rich-text-suffix-corruption--20260517T053125Z,deferred-rtc-rich-text-suffix-corruption-20260517t012120z,deferred-family validation
2026-05-17T05:31:25Z,launch,validation branch-deferred-rtc-pre-save-search-live-collapse-20260517t010617z deferred/rtc-pre-save-search-live-collapse-20260517T010617Z session=rtc-critical-validate-branch-deferred-rtc-pre-save-search-live-collaps-20260517T053125Z,deferred-rtc-pre-save-search-live-collapse-20260517t010617z,deferred-family validation
2026-05-17T05:31:26Z,launch,validation branch-deferred-rtc-http-room-isolation-20260517t000601z deferred/rtc-http-room-isolation-20260517T000601Z session=rtc-critical-validate-branch-deferred-rtc-http-room-isolation-20260517-20260517T053126Z,deferred-rtc-http-room-isolation-20260517t000601z,deferred-family validation
2026-05-17T05:31:26Z,launch,validation branch-deferred-rtc-rich-text-suffix-corruption-20260516t235057z deferred/rtc-rich-text-suffix-corruption-20260516T235057Z session=rtc-critical-validate-branch-deferred-rtc-rich-text-suffix-corruption--20260517T053126Z,deferred-rtc-rich-text-suffix-corruption-20260516t235057z,deferred-family validation
2026-05-17T05:31:31Z,launch,continuation seed-5200005-reducer session=rtc-critical-continuation-seed-5200005-reducer-20260517T053127Z,seed-5200005-reducer,seed reducer/final-stack
2026-05-17T05:32:56Z,launch,validation branch-deferred-rtc-pre-save-search-live-collapse-20260517t002105z deferred/rtc-pre-save-search-live-collapse-20260517T002105Z session=rtc-critical-validate-branch-deferred-rtc-pre-save-search-live-collaps-20260517T053256Z,deferred-rtc-pre-save-search-live-collapse-20260517t002105z,deferred-family validation
2026-05-17T05:34:13Z,launch,continuation seed-1060015-reducer session=rtc-critical-continuation-seed-1060015-reducer-20260517T053412Z,seed-1060015-reducer,seed reducer/final-stack
2026-05-17T05:45:00Z,launch,validation branch-deferred-rtc-reload-hydration-20260517t045710z deferred/rtc-reload-hydration-20260517T045710Z session=rtc-critical-validate-branch-deferred-rtc-reload-hydration-20260517t04-20260517T054500Z,deferred-rtc-reload-hydration-20260517t045710z,deferred-family validation
2026-05-17T05:45:00Z,launch,validation branch-ready-rtc-pr07c-reload-record-snapshots ready/rtc-pr07c-reload-record-snapshots session=rtc-critical-validate-branch-ready-rtc-pr07c-reload-record-snapshots-20260517T054500Z,ready-rtc-pr07c-reload-record-snapshots,PR07C owner evidence
2026-05-17T05:45:00Z,launch,validation branch-deferred-rtc-reload-hydration-20260517t035704z deferred/rtc-reload-hydration-20260517T035704Z session=rtc-critical-validate-branch-deferred-rtc-reload-hydration-20260517t03-20260517T054500Z,deferred-rtc-reload-hydration-20260517t035704z,deferred-family validation
2026-05-17T05:45:00Z,launch,validation branch-ready-rtc-pr15c-fallback-group-delete-green-on-pr14b ready/rtc-pr15c-fallback-group-delete-green-on-pr14b session=rtc-critical-validate-branch-ready-rtc-pr15c-fallback-group-delete-gre-20260517T054500Z,ready-rtc-pr15c-fallback-group-delete-green-on-pr14b,critical-path launch
2026-05-17T05:45:01Z,launch,validation branch-ready-rtc-pr15a-fallback-group-move-green-on-pr14b ready/rtc-pr15a-fallback-group-move-green-on-pr14b session=rtc-critical-validate-branch-ready-rtc-pr15a-fallback-group-move-green-20260517T054501Z,ready-rtc-pr15a-fallback-group-move-green-on-pr14b,critical-path launch
2026-05-17T05:45:01Z,launch,validation branch-ready-rtc-pr15b-fallback-group-insert-anchor-green-on-pr14b ready/rtc-pr15b-fallback-group-insert-anchor-green-on-pr14b session=rtc-critical-validate-branch-ready-rtc-pr15b-fallback-group-insert-anc-20260517T054501Z,ready-rtc-pr15b-fallback-group-insert-anchor-green-on-pr14b,critical-path launch
2026-05-17T05:45:06Z,launch,continuation pr17-1020002 session=rtc-critical-continuation-pr17-1020002-20260517T054501Z,pr17-1020002,seed reducer/final-stack
2026-05-17T05:46:21Z,launch,validation branch-deferred-rtc-reload-hydration-20260517t042707z deferred/rtc-reload-hydration-20260517T042707Z session=rtc-critical-validate-branch-deferred-rtc-reload-hydration-20260517t04-20260517T054621Z,deferred-rtc-reload-hydration-20260517t042707z,deferred-family validation
2026-05-17T05:46:21Z,launch,validation branch-ready-rtc-pr14b-table-query-array-local-suffix-append ready/rtc-pr14b-table-query-array-local-suffix-append session=rtc-critical-validate-branch-ready-rtc-pr14b-table-query-array-local-s-20260517T054621Z,ready-rtc-pr14b-table-query-array-local-suffix-append,critical-path launch
2026-05-17T05:46:21Z,launch,validation branch-deferred-rtc-http-room-isolation-20260517t023739z deferred/rtc-http-room-isolation-20260517T023739Z session=rtc-critical-validate-branch-deferred-rtc-http-room-isolation-20260517-20260517T054621Z,deferred-rtc-http-room-isolation-20260517t023739z,deferred-family validation
2026-05-17T05:46:21Z,launch,validation branch-deferred-rtc-pre-save-search-live-collapse-20260517t022131z deferred/rtc-pre-save-search-live-collapse-20260517T022131Z session=rtc-critical-validate-branch-deferred-rtc-pre-save-search-live-collaps-20260517T054621Z,deferred-rtc-pre-save-search-live-collapse-20260517t022131z,deferred-family validation
2026-05-17T05:46:21Z,launch,validation branch-deferred-rtc-rich-text-suffix-corruption-20260517t022133z deferred/rtc-rich-text-suffix-corruption-20260517T022133Z session=rtc-critical-validate-branch-deferred-rtc-rich-text-suffix-corruption--20260517T054621Z,deferred-rtc-rich-text-suffix-corruption-20260517t022133z,deferred-family validation
2026-05-17T05:46:21Z,launch,validation branch-ready-rtc-pr06b-malformed-save-request-payload-minimal ready/rtc-pr06b-malformed-save-request-payload-minimal session=rtc-critical-validate-branch-ready-rtc-pr06b-malformed-save-request-pa-20260517T054621Z,ready-rtc-pr06b-malformed-save-request-payload-minimal,critical-path launch
2026-05-17T05:47:36Z,launch,validation branch-deferred-rtc-malformed-save-payload-20260517t012122z deferred/rtc-malformed-save-payload-20260517T012122Z session=rtc-critical-validate-branch-deferred-rtc-malformed-save-payload-20260-20260517T054736Z,deferred-rtc-malformed-save-payload-20260517t012122z,deferred-family validation
2026-05-17T05:47:36Z,launch,validation branch-deferred-rtc-rich-text-suffix-corruption-20260517t012120z deferred/rtc-rich-text-suffix-corruption-20260517T012120Z session=rtc-critical-validate-branch-deferred-rtc-rich-text-suffix-corruption--20260517T054736Z,deferred-rtc-rich-text-suffix-corruption-20260517t012120z,deferred-family validation
2026-05-17T05:47:37Z,launch,validation branch-deferred-rtc-pre-save-search-live-collapse-20260517t010617z deferred/rtc-pre-save-search-live-collapse-20260517T010617Z session=rtc-critical-validate-branch-deferred-rtc-pre-save-search-live-collaps-20260517T054737Z,deferred-rtc-pre-save-search-live-collapse-20260517t010617z,deferred-family validation
2026-05-17T05:47:37Z,launch,validation branch-deferred-rtc-http-room-isolation-20260517t000601z deferred/rtc-http-room-isolation-20260517T000601Z session=rtc-critical-validate-branch-deferred-rtc-http-room-isolation-20260517-20260517T054737Z,deferred-rtc-http-room-isolation-20260517t000601z,deferred-family validation
2026-05-17T05:47:37Z,launch,validation branch-deferred-rtc-rich-text-suffix-corruption-20260516t235057z deferred/rtc-rich-text-suffix-corruption-20260516T235057Z session=rtc-critical-validate-branch-deferred-rtc-rich-text-suffix-corruption--20260517T054737Z,deferred-rtc-rich-text-suffix-corruption-20260516t235057z,deferred-family validation
2026-05-17T05:47:40Z,launch,continuation seed-5200005-reducer session=rtc-critical-continuation-seed-5200005-reducer-20260517T054737Z,seed-5200005-reducer,seed reducer/final-stack
2026-05-17T05:48:55Z,launch,validation branch-deferred-rtc-pre-save-search-live-collapse-20260517t002105z deferred/rtc-pre-save-search-live-collapse-20260517T002105Z session=rtc-critical-validate-branch-deferred-rtc-pre-save-search-live-collaps-20260517T054855Z,deferred-rtc-pre-save-search-live-collapse-20260517t002105z,deferred-family validation
2026-05-17T05:50:12Z,launch,continuation seed-1060015-reducer session=rtc-critical-continuation-seed-1060015-reducer-20260517T055010Z,seed-1060015-reducer,seed reducer/final-stack
2026-05-17T06:00:18Z,launch,validation branch-deferred-rtc-reload-hydration-20260517t045710z deferred/rtc-reload-hydration-20260517T045710Z session=rtc-critical-validate-branch-deferred-rtc-reload-hydration-20260517t04-20260517T060018Z,deferred-rtc-reload-hydration-20260517t045710z,deferred-family validation
2026-05-17T06:00:18Z,launch,validation branch-ready-rtc-pr07c-reload-record-snapshots ready/rtc-pr07c-reload-record-snapshots session=rtc-critical-validate-branch-ready-rtc-pr07c-reload-record-snapshots-20260517T060018Z,ready-rtc-pr07c-reload-record-snapshots,PR07C owner evidence
2026-05-17T06:00:18Z,launch,validation branch-deferred-rtc-reload-hydration-20260517t035704z deferred/rtc-reload-hydration-20260517T035704Z session=rtc-critical-validate-branch-deferred-rtc-reload-hydration-20260517t03-20260517T060018Z,deferred-rtc-reload-hydration-20260517t035704z,deferred-family validation
2026-05-17T06:00:19Z,launch,validation branch-ready-rtc-pr15c-fallback-group-delete-green-on-pr14b ready/rtc-pr15c-fallback-group-delete-green-on-pr14b session=rtc-critical-validate-branch-ready-rtc-pr15c-fallback-group-delete-gre-20260517T060018Z,ready-rtc-pr15c-fallback-group-delete-green-on-pr14b,critical-path launch
2026-05-17T06:00:19Z,launch,validation branch-ready-rtc-pr15a-fallback-group-move-green-on-pr14b ready/rtc-pr15a-fallback-group-move-green-on-pr14b session=rtc-critical-validate-branch-ready-rtc-pr15a-fallback-group-move-green-20260517T060019Z,ready-rtc-pr15a-fallback-group-move-green-on-pr14b,critical-path launch
2026-05-17T06:00:19Z,launch,validation branch-ready-rtc-pr15b-fallback-group-insert-anchor-green-on-pr14b ready/rtc-pr15b-fallback-group-insert-anchor-green-on-pr14b session=rtc-critical-validate-branch-ready-rtc-pr15b-fallback-group-insert-anc-20260517T060019Z,ready-rtc-pr15b-fallback-group-insert-anchor-green-on-pr14b,critical-path launch
2026-05-17T06:00:24Z,launch,continuation pr17-1020002 session=rtc-critical-continuation-pr17-1020002-20260517T060019Z,pr17-1020002,seed reducer/final-stack
2026-05-17T06:01:38Z,launch,validation branch-deferred-rtc-reload-hydration-20260517t042707z deferred/rtc-reload-hydration-20260517T042707Z session=rtc-critical-validate-branch-deferred-rtc-reload-hydration-20260517t04-20260517T060138Z,deferred-rtc-reload-hydration-20260517t042707z,deferred-family validation
2026-05-17T06:01:39Z,launch,validation branch-ready-rtc-pr14b-table-query-array-local-suffix-append ready/rtc-pr14b-table-query-array-local-suffix-append session=rtc-critical-validate-branch-ready-rtc-pr14b-table-query-array-local-s-20260517T060139Z,ready-rtc-pr14b-table-query-array-local-suffix-append,critical-path launch
2026-05-17T06:01:39Z,launch,validation branch-deferred-rtc-http-room-isolation-20260517t023739z deferred/rtc-http-room-isolation-20260517T023739Z session=rtc-critical-validate-branch-deferred-rtc-http-room-isolation-20260517-20260517T060139Z,deferred-rtc-http-room-isolation-20260517t023739z,deferred-family validation
2026-05-17T06:01:39Z,launch,validation branch-deferred-rtc-pre-save-search-live-collapse-20260517t022131z deferred/rtc-pre-save-search-live-collapse-20260517T022131Z session=rtc-critical-validate-branch-deferred-rtc-pre-save-search-live-collaps-20260517T060139Z,deferred-rtc-pre-save-search-live-collapse-20260517t022131z,deferred-family validation
2026-05-17T06:01:39Z,launch,validation branch-deferred-rtc-rich-text-suffix-corruption-20260517t022133z deferred/rtc-rich-text-suffix-corruption-20260517T022133Z session=rtc-critical-validate-branch-deferred-rtc-rich-text-suffix-corruption--20260517T060139Z,deferred-rtc-rich-text-suffix-corruption-20260517t022133z,deferred-family validation
2026-05-17T06:01:39Z,launch,validation branch-ready-rtc-pr06b-malformed-save-request-payload-minimal ready/rtc-pr06b-malformed-save-request-payload-minimal session=rtc-critical-validate-branch-ready-rtc-pr06b-malformed-save-request-pa-20260517T060139Z,ready-rtc-pr06b-malformed-save-request-payload-minimal,critical-path launch
2026-05-17T06:02:54Z,launch,validation branch-deferred-rtc-malformed-save-payload-20260517t012122z deferred/rtc-malformed-save-payload-20260517T012122Z session=rtc-critical-validate-branch-deferred-rtc-malformed-save-payload-20260-20260517T060254Z,deferred-rtc-malformed-save-payload-20260517t012122z,deferred-family validation
2026-05-17T06:02:54Z,launch,validation branch-deferred-rtc-rich-text-suffix-corruption-20260517t012120z deferred/rtc-rich-text-suffix-corruption-20260517T012120Z session=rtc-critical-validate-branch-deferred-rtc-rich-text-suffix-corruption--20260517T060254Z,deferred-rtc-rich-text-suffix-corruption-20260517t012120z,deferred-family validation
2026-05-17T06:02:54Z,launch,validation branch-deferred-rtc-pre-save-search-live-collapse-20260517t010617z deferred/rtc-pre-save-search-live-collapse-20260517T010617Z session=rtc-critical-validate-branch-deferred-rtc-pre-save-search-live-collaps-20260517T060254Z,deferred-rtc-pre-save-search-live-collapse-20260517t010617z,deferred-family validation
2026-05-17T06:02:54Z,launch,validation branch-deferred-rtc-http-room-isolation-20260517t000601z deferred/rtc-http-room-isolation-20260517T000601Z session=rtc-critical-validate-branch-deferred-rtc-http-room-isolation-20260517-20260517T060254Z,deferred-rtc-http-room-isolation-20260517t000601z,deferred-family validation
2026-05-17T06:02:57Z,launch,continuation seed-5200005-reducer session=rtc-critical-continuation-seed-5200005-reducer-20260517T060254Z,seed-5200005-reducer,seed reducer/final-stack
2026-05-17T06:04:12Z,launch,validation branch-deferred-rtc-pre-save-search-live-collapse-20260517t002105z deferred/rtc-pre-save-search-live-collapse-20260517T002105Z session=rtc-critical-validate-branch-deferred-rtc-pre-save-search-live-collaps-20260517T060412Z,deferred-rtc-pre-save-search-live-collapse-20260517t002105z,deferred-family validation
2026-05-17T06:04:12Z,launch,validation branch-deferred-rtc-rich-text-suffix-corruption-20260516t235057z deferred/rtc-rich-text-suffix-corruption-20260516T235057Z session=rtc-critical-validate-branch-deferred-rtc-rich-text-suffix-corruption--20260517T060412Z,deferred-rtc-rich-text-suffix-corruption-20260516t235057z,deferred-family validation
2026-05-17T06:05:28Z,launch,continuation seed-1060015-reducer session=rtc-critical-continuation-seed-1060015-reducer-20260517T060527Z,seed-1060015-reducer,seed reducer/final-stack
2026-05-17T06:10:29Z,launch,validation branch-deferred-rtc-reload-hydration-20260517t055716z deferred/rtc-reload-hydration-20260517T055716Z session=rtc-critical-validate-branch-deferred-rtc-reload-hydration-20260517t05-20260517T061029Z,deferred-rtc-reload-hydration-20260517t055716z,deferred-family validation
2026-05-17T06:15:40Z,launch,validation branch-deferred-rtc-reload-hydration-20260517t045710z deferred/rtc-reload-hydration-20260517T045710Z session=rtc-critical-validate-branch-deferred-rtc-reload-hydration-20260517t04-20260517T061540Z,deferred-rtc-reload-hydration-20260517t045710z,deferred-family validation
2026-05-17T06:15:40Z,launch,validation branch-ready-rtc-pr07c-reload-record-snapshots ready/rtc-pr07c-reload-record-snapshots session=rtc-critical-validate-branch-ready-rtc-pr07c-reload-record-snapshots-20260517T061540Z,ready-rtc-pr07c-reload-record-snapshots,PR07C owner evidence
2026-05-17T06:15:40Z,launch,validation branch-deferred-rtc-reload-hydration-20260517t035704z deferred/rtc-reload-hydration-20260517T035704Z session=rtc-critical-validate-branch-deferred-rtc-reload-hydration-20260517t03-20260517T061540Z,deferred-rtc-reload-hydration-20260517t035704z,deferred-family validation
2026-05-17T06:15:40Z,launch,validation branch-ready-rtc-pr15c-fallback-group-delete-green-on-pr14b ready/rtc-pr15c-fallback-group-delete-green-on-pr14b session=rtc-critical-validate-branch-ready-rtc-pr15c-fallback-group-delete-gre-20260517T061540Z,ready-rtc-pr15c-fallback-group-delete-green-on-pr14b,critical-path launch
2026-05-17T06:15:40Z,launch,validation branch-ready-rtc-pr15a-fallback-group-move-green-on-pr14b ready/rtc-pr15a-fallback-group-move-green-on-pr14b session=rtc-critical-validate-branch-ready-rtc-pr15a-fallback-group-move-green-20260517T061540Z,ready-rtc-pr15a-fallback-group-move-green-on-pr14b,critical-path launch
2026-05-17T06:15:40Z,launch,validation branch-ready-rtc-pr15b-fallback-group-insert-anchor-green-on-pr14b ready/rtc-pr15b-fallback-group-insert-anchor-green-on-pr14b session=rtc-critical-validate-branch-ready-rtc-pr15b-fallback-group-insert-anc-20260517T061540Z,ready-rtc-pr15b-fallback-group-insert-anchor-green-on-pr14b,critical-path launch
2026-05-17T06:15:46Z,launch,continuation pr17-1020002 session=rtc-critical-continuation-pr17-1020002-20260517T061540Z,pr17-1020002,seed reducer/final-stack
2026-05-17T06:17:07Z,launch,validation branch-deferred-rtc-reload-hydration-20260517t042707z deferred/rtc-reload-hydration-20260517T042707Z session=rtc-critical-validate-branch-deferred-rtc-reload-hydration-20260517t04-20260517T061707Z,deferred-rtc-reload-hydration-20260517t042707z,deferred-family validation
2026-05-17T06:17:07Z,launch,validation branch-ready-rtc-pr14b-table-query-array-local-suffix-append ready/rtc-pr14b-table-query-array-local-suffix-append session=rtc-critical-validate-branch-ready-rtc-pr14b-table-query-array-local-s-20260517T061707Z,ready-rtc-pr14b-table-query-array-local-suffix-append,critical-path launch
2026-05-17T06:17:08Z,launch,validation branch-deferred-rtc-http-room-isolation-20260517t023739z deferred/rtc-http-room-isolation-20260517T023739Z session=rtc-critical-validate-branch-deferred-rtc-http-room-isolation-20260517-20260517T061708Z,deferred-rtc-http-room-isolation-20260517t023739z,deferred-family validation
2026-05-17T06:17:08Z,launch,validation branch-deferred-rtc-pre-save-search-live-collapse-20260517t022131z deferred/rtc-pre-save-search-live-collapse-20260517T022131Z session=rtc-critical-validate-branch-deferred-rtc-pre-save-search-live-collaps-20260517T061708Z,deferred-rtc-pre-save-search-live-collapse-20260517t022131z,deferred-family validation
2026-05-17T06:17:08Z,launch,validation branch-deferred-rtc-rich-text-suffix-corruption-20260517t022133z deferred/rtc-rich-text-suffix-corruption-20260517T022133Z session=rtc-critical-validate-branch-deferred-rtc-rich-text-suffix-corruption--20260517T061708Z,deferred-rtc-rich-text-suffix-corruption-20260517t022133z,deferred-family validation
2026-05-17T06:17:08Z,launch,validation branch-ready-rtc-pr06b-malformed-save-request-payload-minimal ready/rtc-pr06b-malformed-save-request-payload-minimal session=rtc-critical-validate-branch-ready-rtc-pr06b-malformed-save-request-pa-20260517T061708Z,ready-rtc-pr06b-malformed-save-request-payload-minimal,critical-path launch
2026-05-17T06:18:24Z,launch,validation branch-deferred-rtc-malformed-save-payload-20260517t012122z deferred/rtc-malformed-save-payload-20260517T012122Z session=rtc-critical-validate-branch-deferred-rtc-malformed-save-payload-20260-20260517T061824Z,deferred-rtc-malformed-save-payload-20260517t012122z,deferred-family validation
2026-05-17T06:18:24Z,launch,validation branch-deferred-rtc-rich-text-suffix-corruption-20260517t012120z deferred/rtc-rich-text-suffix-corruption-20260517T012120Z session=rtc-critical-validate-branch-deferred-rtc-rich-text-suffix-corruption--20260517T061824Z,deferred-rtc-rich-text-suffix-corruption-20260517t012120z,deferred-family validation
2026-05-17T06:18:24Z,launch,validation branch-deferred-rtc-pre-save-search-live-collapse-20260517t010617z deferred/rtc-pre-save-search-live-collapse-20260517T010617Z session=rtc-critical-validate-branch-deferred-rtc-pre-save-search-live-collaps-20260517T061824Z,deferred-rtc-pre-save-search-live-collapse-20260517t010617z,deferred-family validation
2026-05-17T06:18:24Z,launch,validation branch-deferred-rtc-http-room-isolation-20260517t000601z deferred/rtc-http-room-isolation-20260517T000601Z session=rtc-critical-validate-branch-deferred-rtc-http-room-isolation-20260517-20260517T061824Z,deferred-rtc-http-room-isolation-20260517t000601z,deferred-family validation
2026-05-17T06:18:27Z,launch,continuation seed-5200005-reducer session=rtc-critical-continuation-seed-5200005-reducer-20260517T061824Z,seed-5200005-reducer,seed reducer/final-stack
2026-05-17T06:19:43Z,launch,validation branch-deferred-rtc-pre-save-search-live-collapse-20260517t002105z deferred/rtc-pre-save-search-live-collapse-20260517T002105Z session=rtc-critical-validate-branch-deferred-rtc-pre-save-search-live-collaps-20260517T061943Z,deferred-rtc-pre-save-search-live-collapse-20260517t002105z,deferred-family validation
2026-05-17T06:21:00Z,launch,continuation seed-1060015-reducer session=rtc-critical-continuation-seed-1060015-reducer-20260517T062059Z,seed-1060015-reducer,seed reducer/final-stack
2026-05-17T06:26:00Z,launch,validation branch-deferred-rtc-reload-hydration-20260517t055716z deferred/rtc-reload-hydration-20260517T055716Z session=rtc-critical-validate-branch-deferred-rtc-reload-hydration-20260517t05-20260517T062600Z,deferred-rtc-reload-hydration-20260517t055716z,deferred-family validation
2026-05-17T06:31:00Z,launch,validation branch-deferred-rtc-reload-hydration-20260517t045710z deferred/rtc-reload-hydration-20260517T045710Z session=rtc-critical-validate-branch-deferred-rtc-reload-hydration-20260517t04-20260517T063100Z,deferred-rtc-reload-hydration-20260517t045710z,deferred-family validation
2026-05-17T06:31:00Z,launch,validation branch-ready-rtc-pr07c-reload-record-snapshots ready/rtc-pr07c-reload-record-snapshots session=rtc-critical-validate-branch-ready-rtc-pr07c-reload-record-snapshots-20260517T063100Z,ready-rtc-pr07c-reload-record-snapshots,PR07C owner evidence
2026-05-17T06:31:00Z,launch,validation branch-deferred-rtc-reload-hydration-20260517t035704z deferred/rtc-reload-hydration-20260517T035704Z session=rtc-critical-validate-branch-deferred-rtc-reload-hydration-20260517t03-20260517T063100Z,deferred-rtc-reload-hydration-20260517t035704z,deferred-family validation
2026-05-17T06:31:00Z,launch,validation branch-ready-rtc-pr15c-fallback-group-delete-green-on-pr14b ready/rtc-pr15c-fallback-group-delete-green-on-pr14b session=rtc-critical-validate-branch-ready-rtc-pr15c-fallback-group-delete-gre-20260517T063100Z,ready-rtc-pr15c-fallback-group-delete-green-on-pr14b,critical-path launch
2026-05-17T06:31:00Z,launch,validation branch-ready-rtc-pr15a-fallback-group-move-green-on-pr14b ready/rtc-pr15a-fallback-group-move-green-on-pr14b session=rtc-critical-validate-branch-ready-rtc-pr15a-fallback-group-move-green-20260517T063100Z,ready-rtc-pr15a-fallback-group-move-green-on-pr14b,critical-path launch
2026-05-17T06:31:00Z,launch,validation branch-ready-rtc-pr15b-fallback-group-insert-anchor-green-on-pr14b ready/rtc-pr15b-fallback-group-insert-anchor-green-on-pr14b session=rtc-critical-validate-branch-ready-rtc-pr15b-fallback-group-insert-anc-20260517T063100Z,ready-rtc-pr15b-fallback-group-insert-anchor-green-on-pr14b,critical-path launch
2026-05-17T06:31:03Z,launch,continuation pr17-1020002 session=rtc-critical-continuation-pr17-1020002-20260517T063100Z,pr17-1020002,seed reducer/final-stack
2026-05-17T06:32:18Z,launch,validation branch-deferred-rtc-reload-hydration-20260517t042707z deferred/rtc-reload-hydration-20260517T042707Z session=rtc-critical-validate-branch-deferred-rtc-reload-hydration-20260517t04-20260517T063218Z,deferred-rtc-reload-hydration-20260517t042707z,deferred-family validation
2026-05-17T06:32:18Z,launch,validation branch-ready-rtc-pr14b-table-query-array-local-suffix-append ready/rtc-pr14b-table-query-array-local-suffix-append session=rtc-critical-validate-branch-ready-rtc-pr14b-table-query-array-local-s-20260517T063218Z,ready-rtc-pr14b-table-query-array-local-suffix-append,critical-path launch
2026-05-17T06:32:18Z,launch,validation branch-deferred-rtc-http-room-isolation-20260517t023739z deferred/rtc-http-room-isolation-20260517T023739Z session=rtc-critical-validate-branch-deferred-rtc-http-room-isolation-20260517-20260517T063218Z,deferred-rtc-http-room-isolation-20260517t023739z,deferred-family validation
2026-05-17T06:32:18Z,launch,validation branch-deferred-rtc-pre-save-search-live-collapse-20260517t022131z deferred/rtc-pre-save-search-live-collapse-20260517T022131Z session=rtc-critical-validate-branch-deferred-rtc-pre-save-search-live-collaps-20260517T063218Z,deferred-rtc-pre-save-search-live-collapse-20260517t022131z,deferred-family validation
2026-05-17T06:32:18Z,launch,validation branch-deferred-rtc-rich-text-suffix-corruption-20260517t022133z deferred/rtc-rich-text-suffix-corruption-20260517T022133Z session=rtc-critical-validate-branch-deferred-rtc-rich-text-suffix-corruption--20260517T063218Z,deferred-rtc-rich-text-suffix-corruption-20260517t022133z,deferred-family validation
2026-05-17T06:32:19Z,launch,validation branch-ready-rtc-pr06b-malformed-save-request-payload-minimal ready/rtc-pr06b-malformed-save-request-payload-minimal session=rtc-critical-validate-branch-ready-rtc-pr06b-malformed-save-request-pa-20260517T063218Z,ready-rtc-pr06b-malformed-save-request-payload-minimal,critical-path launch
2026-05-17T06:33:22Z,launch,validation branch-deferred-rtc-reload-hydration-20260517t055716z deferred/rtc-reload-hydration-20260517T055716Z session=rtc-critical-validate-branch-deferred-rtc-reload-hydration-20260517t05-20260517T063322Z,deferred-rtc-reload-hydration-20260517t055716z,deferred-family validation
2026-05-17T06:33:22Z,launch,validation branch-deferred-rtc-reload-hydration-20260517t045710z deferred/rtc-reload-hydration-20260517T045710Z session=rtc-critical-validate-branch-deferred-rtc-reload-hydration-20260517t04-20260517T063322Z,deferred-rtc-reload-hydration-20260517t045710z,deferred-family validation
2026-05-17T06:33:22Z,launch,validation branch-ready-rtc-pr07c-reload-record-snapshots ready/rtc-pr07c-reload-record-snapshots session=rtc-critical-validate-branch-ready-rtc-pr07c-reload-record-snapshots-20260517T063322Z,ready-rtc-pr07c-reload-record-snapshots,PR07C owner evidence
2026-05-17T06:33:22Z,launch,validation branch-deferred-rtc-reload-hydration-20260517t035704z deferred/rtc-reload-hydration-20260517T035704Z session=rtc-critical-validate-branch-deferred-rtc-reload-hydration-20260517t03-20260517T063322Z,deferred-rtc-reload-hydration-20260517t035704z,deferred-family validation
2026-05-17T06:33:23Z,launch,validation branch-ready-rtc-pr15c-fallback-group-delete-green-on-pr14b ready/rtc-pr15c-fallback-group-delete-green-on-pr14b session=rtc-critical-validate-branch-ready-rtc-pr15c-fallback-group-delete-gre-20260517T063323Z,ready-rtc-pr15c-fallback-group-delete-green-on-pr14b,critical-path launch
2026-05-17T06:33:23Z,launch,validation branch-ready-rtc-pr15a-fallback-group-move-green-on-pr14b ready/rtc-pr15a-fallback-group-move-green-on-pr14b session=rtc-critical-validate-branch-ready-rtc-pr15a-fallback-group-move-green-20260517T063323Z,ready-rtc-pr15a-fallback-group-move-green-on-pr14b,critical-path launch
2026-05-17T06:34:38Z,launch,validation branch-deferred-rtc-reload-hydration-20260517t042707z deferred/rtc-reload-hydration-20260517T042707Z session=rtc-critical-validate-branch-deferred-rtc-reload-hydration-20260517t04-20260517T063437Z,deferred-rtc-reload-hydration-20260517t042707z,deferred-family validation
2026-05-17T06:34:38Z,launch,validation branch-ready-rtc-pr15b-fallback-group-insert-anchor-green-on-pr14b ready/rtc-pr15b-fallback-group-insert-anchor-green-on-pr14b session=rtc-critical-validate-branch-ready-rtc-pr15b-fallback-group-insert-anc-20260517T063438Z,ready-rtc-pr15b-fallback-group-insert-anchor-green-on-pr14b,critical-path launch
2026-05-17T06:34:38Z,launch,validation branch-ready-rtc-pr14b-table-query-array-local-suffix-append ready/rtc-pr14b-table-query-array-local-suffix-append session=rtc-critical-validate-branch-ready-rtc-pr14b-table-query-array-local-s-20260517T063438Z,ready-rtc-pr14b-table-query-array-local-suffix-append,critical-path launch
2026-05-17T06:34:38Z,launch,validation branch-deferred-rtc-http-room-isolation-20260517t023739z deferred/rtc-http-room-isolation-20260517T023739Z session=rtc-critical-validate-branch-deferred-rtc-http-room-isolation-20260517-20260517T063438Z,deferred-rtc-http-room-isolation-20260517t023739z,deferred-family validation
2026-05-17T06:34:38Z,launch,validation branch-deferred-rtc-pre-save-search-live-collapse-20260517t022131z deferred/rtc-pre-save-search-live-collapse-20260517T022131Z session=rtc-critical-validate-branch-deferred-rtc-pre-save-search-live-collaps-20260517T063438Z,deferred-rtc-pre-save-search-live-collapse-20260517t022131z,deferred-family validation
2026-05-17T06:34:38Z,launch,validation branch-deferred-rtc-rich-text-suffix-corruption-20260517t022133z deferred/rtc-rich-text-suffix-corruption-20260517T022133Z session=rtc-critical-validate-branch-deferred-rtc-rich-text-suffix-corruption--20260517T063438Z,deferred-rtc-rich-text-suffix-corruption-20260517t022133z,deferred-family validation
2026-05-17T06:34:41Z,launch,continuation seed-5200005-reducer session=rtc-critical-continuation-seed-5200005-reducer-20260517T063438Z,seed-5200005-reducer,seed reducer/final-stack
2026-05-17T06:35:56Z,launch,validation branch-deferred-rtc-reload-hydration-20260517t062719z deferred/rtc-reload-hydration-20260517T062719Z session=rtc-critical-validate-branch-deferred-rtc-reload-hydration-20260517t06-20260517T063556Z,deferred-rtc-reload-hydration-20260517t062719z,deferred-family validation
2026-05-17T06:35:56Z,launch,validation branch-ready-rtc-pr06b-malformed-save-request-payload-minimal ready/rtc-pr06b-malformed-save-request-payload-minimal session=rtc-critical-validate-branch-ready-rtc-pr06b-malformed-save-request-pa-20260517T063556Z,ready-rtc-pr06b-malformed-save-request-payload-minimal,critical-path launch
2026-05-17T06:35:56Z,launch,validation branch-deferred-rtc-malformed-save-payload-20260517t012122z deferred/rtc-malformed-save-payload-20260517T012122Z session=rtc-critical-validate-branch-deferred-rtc-malformed-save-payload-20260-20260517T063556Z,deferred-rtc-malformed-save-payload-20260517t012122z,deferred-family validation
2026-05-17T06:35:57Z,launch,validation branch-deferred-rtc-rich-text-suffix-corruption-20260517t012120z deferred/rtc-rich-text-suffix-corruption-20260517T012120Z session=rtc-critical-validate-branch-deferred-rtc-rich-text-suffix-corruption--20260517T063557Z,deferred-rtc-rich-text-suffix-corruption-20260517t012120z,deferred-family validation
2026-05-17T06:35:57Z,launch,validation branch-deferred-rtc-pre-save-search-live-collapse-20260517t010617z deferred/rtc-pre-save-search-live-collapse-20260517T010617Z session=rtc-critical-validate-branch-deferred-rtc-pre-save-search-live-collaps-20260517T063557Z,deferred-rtc-pre-save-search-live-collapse-20260517t010617z,deferred-family validation
2026-05-17T06:37:12Z,launch,validation branch-deferred-rtc-pre-save-search-live-collapse-20260517t002105z deferred/rtc-pre-save-search-live-collapse-20260517T002105Z session=rtc-critical-validate-branch-deferred-rtc-pre-save-search-live-collaps-20260517T063712Z,deferred-rtc-pre-save-search-live-collapse-20260517t002105z,deferred-family validation
2026-05-17T06:37:14Z,launch,continuation seed-1060015-reducer session=rtc-critical-continuation-seed-1060015-reducer-20260517T063713Z,seed-1060015-reducer,seed reducer/final-stack
2026-05-17T06:46:32Z,launch,continuation pr17-1020002 session=rtc-critical-continuation-pr17-1020002-20260517T064631Z,pr17-1020002,seed reducer/final-stack
2026-05-17T06:49:05Z,launch,validation branch-deferred-rtc-reload-hydration-20260517t055716z deferred/rtc-reload-hydration-20260517T055716Z session=rtc-critical-validate-branch-deferred-rtc-reload-hydration-20260517t05-20260517T064905Z,deferred-rtc-reload-hydration-20260517t055716z,deferred-family validation
2026-05-17T06:49:06Z,launch,validation branch-deferred-rtc-reload-hydration-20260517t045710z deferred/rtc-reload-hydration-20260517T045710Z session=rtc-critical-validate-branch-deferred-rtc-reload-hydration-20260517t04-20260517T064906Z,deferred-rtc-reload-hydration-20260517t045710z,deferred-family validation
2026-05-17T06:49:06Z,launch,validation branch-ready-rtc-pr07c-reload-record-snapshots ready/rtc-pr07c-reload-record-snapshots session=rtc-critical-validate-branch-ready-rtc-pr07c-reload-record-snapshots-20260517T064906Z,ready-rtc-pr07c-reload-record-snapshots,PR07C owner evidence
2026-05-17T06:49:06Z,launch,validation branch-deferred-rtc-reload-hydration-20260517t035704z deferred/rtc-reload-hydration-20260517T035704Z session=rtc-critical-validate-branch-deferred-rtc-reload-hydration-20260517t03-20260517T064906Z,deferred-rtc-reload-hydration-20260517t035704z,deferred-family validation
2026-05-17T06:49:06Z,launch,validation branch-ready-rtc-pr15c-fallback-group-delete-green-on-pr14b ready/rtc-pr15c-fallback-group-delete-green-on-pr14b session=rtc-critical-validate-branch-ready-rtc-pr15c-fallback-group-delete-gre-20260517T064906Z,ready-rtc-pr15c-fallback-group-delete-green-on-pr14b,critical-path launch
2026-05-17T06:49:06Z,launch,validation branch-ready-rtc-pr15a-fallback-group-move-green-on-pr14b ready/rtc-pr15a-fallback-group-move-green-on-pr14b session=rtc-critical-validate-branch-ready-rtc-pr15a-fallback-group-move-green-20260517T064906Z,ready-rtc-pr15a-fallback-group-move-green-on-pr14b,critical-path launch
2026-05-17T06:50:23Z,launch,validation branch-deferred-rtc-reload-hydration-20260517t042707z deferred/rtc-reload-hydration-20260517T042707Z session=rtc-critical-validate-branch-deferred-rtc-reload-hydration-20260517t04-20260517T065022Z,deferred-rtc-reload-hydration-20260517t042707z,deferred-family validation
2026-05-17T06:50:23Z,launch,validation branch-ready-rtc-pr15b-fallback-group-insert-anchor-green-on-pr14b ready/rtc-pr15b-fallback-group-insert-anchor-green-on-pr14b session=rtc-critical-validate-branch-ready-rtc-pr15b-fallback-group-insert-anc-20260517T065023Z,ready-rtc-pr15b-fallback-group-insert-anchor-green-on-pr14b,critical-path launch
2026-05-17T06:50:23Z,launch,validation branch-ready-rtc-pr14b-table-query-array-local-suffix-append ready/rtc-pr14b-table-query-array-local-suffix-append session=rtc-critical-validate-branch-ready-rtc-pr14b-table-query-array-local-s-20260517T065023Z,ready-rtc-pr14b-table-query-array-local-suffix-append,critical-path launch
2026-05-17T06:50:23Z,launch,validation branch-deferred-rtc-http-room-isolation-20260517t023739z deferred/rtc-http-room-isolation-20260517T023739Z session=rtc-critical-validate-branch-deferred-rtc-http-room-isolation-20260517-20260517T065023Z,deferred-rtc-http-room-isolation-20260517t023739z,deferred-family validation
2026-05-17T06:50:24Z,launch,validation branch-deferred-rtc-pre-save-search-live-collapse-20260517t022131z deferred/rtc-pre-save-search-live-collapse-20260517T022131Z session=rtc-critical-validate-branch-deferred-rtc-pre-save-search-live-collaps-20260517T065024Z,deferred-rtc-pre-save-search-live-collapse-20260517t022131z,deferred-family validation
2026-05-17T06:50:24Z,launch,validation branch-deferred-rtc-rich-text-suffix-corruption-20260517t022133z deferred/rtc-rich-text-suffix-corruption-20260517T022133Z session=rtc-critical-validate-branch-deferred-rtc-rich-text-suffix-corruption--20260517T065024Z,deferred-rtc-rich-text-suffix-corruption-20260517t022133z,deferred-family validation
2026-05-17T06:50:29Z,launch,continuation seed-5200005-reducer session=rtc-critical-continuation-seed-5200005-reducer-20260517T065024Z,seed-5200005-reducer,seed reducer/final-stack
2026-05-17T06:51:45Z,launch,validation branch-deferred-rtc-reload-hydration-20260517t062719z deferred/rtc-reload-hydration-20260517T062719Z session=rtc-critical-validate-branch-deferred-rtc-reload-hydration-20260517t06-20260517T065145Z,deferred-rtc-reload-hydration-20260517t062719z,deferred-family validation
2026-05-17T06:51:46Z,launch,validation branch-ready-rtc-pr06b-malformed-save-request-payload-minimal ready/rtc-pr06b-malformed-save-request-payload-minimal session=rtc-critical-validate-branch-ready-rtc-pr06b-malformed-save-request-pa-20260517T065146Z,ready-rtc-pr06b-malformed-save-request-payload-minimal,critical-path launch
2026-05-17T06:51:46Z,launch,validation branch-deferred-rtc-malformed-save-payload-20260517t012122z deferred/rtc-malformed-save-payload-20260517T012122Z session=rtc-critical-validate-branch-deferred-rtc-malformed-save-payload-20260-20260517T065146Z,deferred-rtc-malformed-save-payload-20260517t012122z,deferred-family validation
2026-05-17T06:51:46Z,launch,validation branch-deferred-rtc-rich-text-suffix-corruption-20260517t012120z deferred/rtc-rich-text-suffix-corruption-20260517T012120Z session=rtc-critical-validate-branch-deferred-rtc-rich-text-suffix-corruption--20260517T065146Z,deferred-rtc-rich-text-suffix-corruption-20260517t012120z,deferred-family validation
2026-05-17T06:51:46Z,launch,validation branch-deferred-rtc-pre-save-search-live-collapse-20260517t010617z deferred/rtc-pre-save-search-live-collapse-20260517T010617Z session=rtc-critical-validate-branch-deferred-rtc-pre-save-search-live-collaps-20260517T065146Z,deferred-rtc-pre-save-search-live-collapse-20260517t010617z,deferred-family validation
2026-05-17T06:53:03Z,launch,validation branch-deferred-rtc-pre-save-search-live-collapse-20260517t002105z deferred/rtc-pre-save-search-live-collapse-20260517T002105Z session=rtc-critical-validate-branch-deferred-rtc-pre-save-search-live-collaps-20260517T065303Z,deferred-rtc-pre-save-search-live-collapse-20260517t002105z,deferred-family validation
2026-05-17T06:53:04Z,launch,continuation seed-1060015-reducer session=rtc-critical-continuation-seed-1060015-reducer-20260517T065303Z,seed-1060015-reducer,seed reducer/final-stack
2026-05-17T07:02:03Z,launch,continuation pr17-1020002 session=rtc-critical-continuation-pr17-1020002-20260517T070202Z,pr17-1020002,seed reducer/final-stack
2026-05-17T07:04:35Z,launch,validation branch-deferred-rtc-reload-hydration-20260517t055716z deferred/rtc-reload-hydration-20260517T055716Z session=rtc-critical-validate-branch-deferred-rtc-reload-hydration-20260517t05-20260517T070435Z,deferred-rtc-reload-hydration-20260517t055716z,deferred-family validation
2026-05-17T07:04:35Z,launch,validation branch-deferred-rtc-reload-hydration-20260517t045710z deferred/rtc-reload-hydration-20260517T045710Z session=rtc-critical-validate-branch-deferred-rtc-reload-hydration-20260517t04-20260517T070435Z,deferred-rtc-reload-hydration-20260517t045710z,deferred-family validation
2026-05-17T07:04:35Z,launch,validation branch-ready-rtc-pr07c-reload-record-snapshots ready/rtc-pr07c-reload-record-snapshots session=rtc-critical-validate-branch-ready-rtc-pr07c-reload-record-snapshots-20260517T070435Z,ready-rtc-pr07c-reload-record-snapshots,PR07C owner evidence
2026-05-17T07:04:35Z,launch,validation branch-deferred-rtc-reload-hydration-20260517t035704z deferred/rtc-reload-hydration-20260517T035704Z session=rtc-critical-validate-branch-deferred-rtc-reload-hydration-20260517t03-20260517T070435Z,deferred-rtc-reload-hydration-20260517t035704z,deferred-family validation
2026-05-17T07:04:35Z,launch,validation branch-ready-rtc-pr15c-fallback-group-delete-green-on-pr14b ready/rtc-pr15c-fallback-group-delete-green-on-pr14b session=rtc-critical-validate-branch-ready-rtc-pr15c-fallback-group-delete-gre-20260517T070435Z,ready-rtc-pr15c-fallback-group-delete-green-on-pr14b,critical-path launch
2026-05-17T07:04:36Z,launch,validation branch-ready-rtc-pr15a-fallback-group-move-green-on-pr14b ready/rtc-pr15a-fallback-group-move-green-on-pr14b session=rtc-critical-validate-branch-ready-rtc-pr15a-fallback-group-move-green-20260517T070436Z,ready-rtc-pr15a-fallback-group-move-green-on-pr14b,critical-path launch
2026-05-17T07:05:51Z,launch,validation branch-deferred-rtc-reload-hydration-20260517t065722z deferred/rtc-reload-hydration-20260517T065722Z session=rtc-critical-validate-branch-deferred-rtc-reload-hydration-20260517t06-20260517T070551Z,deferred-rtc-reload-hydration-20260517t065722z,deferred-family validation
2026-05-17T07:05:52Z,launch,validation branch-deferred-rtc-reload-hydration-20260517t042707z deferred/rtc-reload-hydration-20260517T042707Z session=rtc-critical-validate-branch-deferred-rtc-reload-hydration-20260517t04-20260517T070551Z,deferred-rtc-reload-hydration-20260517t042707z,deferred-family validation
2026-05-17T07:05:52Z,launch,validation branch-ready-rtc-pr15b-fallback-group-insert-anchor-green-on-pr14b ready/rtc-pr15b-fallback-group-insert-anchor-green-on-pr14b session=rtc-critical-validate-branch-ready-rtc-pr15b-fallback-group-insert-anc-20260517T070552Z,ready-rtc-pr15b-fallback-group-insert-anchor-green-on-pr14b,critical-path launch
2026-05-17T07:05:52Z,launch,validation branch-ready-rtc-pr14b-table-query-array-local-suffix-append ready/rtc-pr14b-table-query-array-local-suffix-append session=rtc-critical-validate-branch-ready-rtc-pr14b-table-query-array-local-s-20260517T070552Z,ready-rtc-pr14b-table-query-array-local-suffix-append,critical-path launch
2026-05-17T07:05:52Z,launch,validation branch-deferred-rtc-http-room-isolation-20260517t023739z deferred/rtc-http-room-isolation-20260517T023739Z session=rtc-critical-validate-branch-deferred-rtc-http-room-isolation-20260517-20260517T070552Z,deferred-rtc-http-room-isolation-20260517t023739z,deferred-family validation
2026-05-17T07:05:53Z,launch,validation branch-deferred-rtc-pre-save-search-live-collapse-20260517t022131z deferred/rtc-pre-save-search-live-collapse-20260517T022131Z session=rtc-critical-validate-branch-deferred-rtc-pre-save-search-live-collaps-20260517T070553Z,deferred-rtc-pre-save-search-live-collapse-20260517t022131z,deferred-family validation
2026-05-17T07:05:56Z,launch,continuation seed-5200005-reducer session=rtc-critical-continuation-seed-5200005-reducer-20260517T070553Z,seed-5200005-reducer,seed reducer/final-stack
2026-05-17T07:07:12Z,launch,validation branch-deferred-rtc-reload-hydration-20260517t062719z deferred/rtc-reload-hydration-20260517T062719Z session=rtc-critical-validate-branch-deferred-rtc-reload-hydration-20260517t06-20260517T070712Z,deferred-rtc-reload-hydration-20260517t062719z,deferred-family validation
2026-05-17T07:07:13Z,launch,validation branch-deferred-rtc-rich-text-suffix-corruption-20260517t022133z deferred/rtc-rich-text-suffix-corruption-20260517T022133Z session=rtc-critical-validate-branch-deferred-rtc-rich-text-suffix-corruption--20260517T070713Z,deferred-rtc-rich-text-suffix-corruption-20260517t022133z,deferred-family validation
2026-05-17T07:07:13Z,launch,validation branch-ready-rtc-pr06b-malformed-save-request-payload-minimal ready/rtc-pr06b-malformed-save-request-payload-minimal session=rtc-critical-validate-branch-ready-rtc-pr06b-malformed-save-request-pa-20260517T070713Z,ready-rtc-pr06b-malformed-save-request-payload-minimal,critical-path launch
2026-05-17T07:07:13Z,launch,validation branch-deferred-rtc-malformed-save-payload-20260517t012122z deferred/rtc-malformed-save-payload-20260517T012122Z session=rtc-critical-validate-branch-deferred-rtc-malformed-save-payload-20260-20260517T070713Z,deferred-rtc-malformed-save-payload-20260517t012122z,deferred-family validation
2026-05-17T07:07:14Z,launch,validation branch-deferred-rtc-pre-save-search-live-collapse-20260517t010617z deferred/rtc-pre-save-search-live-collapse-20260517T010617Z session=rtc-critical-validate-branch-deferred-rtc-pre-save-search-live-collaps-20260517T070714Z,deferred-rtc-pre-save-search-live-collapse-20260517t010617z,deferred-family validation
2026-05-17T07:08:31Z,launch,validation branch-deferred-rtc-rich-text-suffix-corruption-20260517t012120z deferred/rtc-rich-text-suffix-corruption-20260517T012120Z session=rtc-critical-validate-branch-deferred-rtc-rich-text-suffix-corruption--20260517T070831Z,deferred-rtc-rich-text-suffix-corruption-20260517t012120z,deferred-family validation
2026-05-17T07:08:33Z,launch,continuation seed-1060015-reducer session=rtc-critical-continuation-seed-1060015-reducer-20260517T070831Z,seed-1060015-reducer,seed reducer/final-stack
2026-05-17T07:17:32Z,launch,continuation pr17-1020002 session=rtc-critical-continuation-pr17-1020002-20260517T071731Z,pr17-1020002,seed reducer/final-stack
2026-05-17T07:20:06Z,launch,validation branch-deferred-rtc-reload-hydration-20260517t055716z deferred/rtc-reload-hydration-20260517T055716Z session=rtc-critical-validate-branch-deferred-rtc-reload-hydration-20260517t05-20260517T072006Z,deferred-rtc-reload-hydration-20260517t055716z,deferred-family validation
2026-05-17T07:20:06Z,launch,validation branch-deferred-rtc-reload-hydration-20260517t045710z deferred/rtc-reload-hydration-20260517T045710Z session=rtc-critical-validate-branch-deferred-rtc-reload-hydration-20260517t04-20260517T072006Z,deferred-rtc-reload-hydration-20260517t045710z,deferred-family validation
2026-05-17T07:20:06Z,launch,validation branch-ready-rtc-pr07c-reload-record-snapshots ready/rtc-pr07c-reload-record-snapshots session=rtc-critical-validate-branch-ready-rtc-pr07c-reload-record-snapshots-20260517T072006Z,ready-rtc-pr07c-reload-record-snapshots,PR07C owner evidence
2026-05-17T07:20:06Z,launch,validation branch-deferred-rtc-reload-hydration-20260517t035704z deferred/rtc-reload-hydration-20260517T035704Z session=rtc-critical-validate-branch-deferred-rtc-reload-hydration-20260517t03-20260517T072006Z,deferred-rtc-reload-hydration-20260517t035704z,deferred-family validation
2026-05-17T07:20:07Z,launch,validation branch-ready-rtc-pr15c-fallback-group-delete-green-on-pr14b ready/rtc-pr15c-fallback-group-delete-green-on-pr14b session=rtc-critical-validate-branch-ready-rtc-pr15c-fallback-group-delete-gre-20260517T072007Z,ready-rtc-pr15c-fallback-group-delete-green-on-pr14b,critical-path launch
2026-05-17T07:20:07Z,launch,validation branch-ready-rtc-pr15a-fallback-group-move-green-on-pr14b ready/rtc-pr15a-fallback-group-move-green-on-pr14b session=rtc-critical-validate-branch-ready-rtc-pr15a-fallback-group-move-green-20260517T072007Z,ready-rtc-pr15a-fallback-group-move-green-on-pr14b,critical-path launch
2026-05-17T07:21:23Z,launch,validation branch-deferred-rtc-reload-hydration-20260517t065722z deferred/rtc-reload-hydration-20260517T065722Z session=rtc-critical-validate-branch-deferred-rtc-reload-hydration-20260517t06-20260517T072123Z,deferred-rtc-reload-hydration-20260517t065722z,deferred-family validation
2026-05-17T07:21:23Z,launch,validation branch-deferred-rtc-reload-hydration-20260517t042707z deferred/rtc-reload-hydration-20260517T042707Z session=rtc-critical-validate-branch-deferred-rtc-reload-hydration-20260517t04-20260517T072123Z,deferred-rtc-reload-hydration-20260517t042707z,deferred-family validation
2026-05-17T07:21:23Z,launch,validation branch-ready-rtc-pr15b-fallback-group-insert-anchor-green-on-pr14b ready/rtc-pr15b-fallback-group-insert-anchor-green-on-pr14b session=rtc-critical-validate-branch-ready-rtc-pr15b-fallback-group-insert-anc-20260517T072123Z,ready-rtc-pr15b-fallback-group-insert-anchor-green-on-pr14b,critical-path launch
2026-05-17T07:21:24Z,launch,validation branch-ready-rtc-pr14b-table-query-array-local-suffix-append ready/rtc-pr14b-table-query-array-local-suffix-append session=rtc-critical-validate-branch-ready-rtc-pr14b-table-query-array-local-s-20260517T072124Z,ready-rtc-pr14b-table-query-array-local-suffix-append,critical-path launch
2026-05-17T07:21:24Z,launch,validation branch-deferred-rtc-http-room-isolation-20260517t023739z deferred/rtc-http-room-isolation-20260517T023739Z session=rtc-critical-validate-branch-deferred-rtc-http-room-isolation-20260517-20260517T072124Z,deferred-rtc-http-room-isolation-20260517t023739z,deferred-family validation
2026-05-17T07:21:24Z,launch,validation branch-deferred-rtc-pre-save-search-live-collapse-20260517t022131z deferred/rtc-pre-save-search-live-collapse-20260517T022131Z session=rtc-critical-validate-branch-deferred-rtc-pre-save-search-live-collaps-20260517T072124Z,deferred-rtc-pre-save-search-live-collapse-20260517t022131z,deferred-family validation
2026-05-17T07:21:29Z,launch,continuation seed-5200005-reducer session=rtc-critical-continuation-seed-5200005-reducer-20260517T072124Z,seed-5200005-reducer,seed reducer/final-stack
2026-05-17T07:22:45Z,launch,validation branch-deferred-rtc-reload-hydration-20260517t062719z deferred/rtc-reload-hydration-20260517T062719Z session=rtc-critical-validate-branch-deferred-rtc-reload-hydration-20260517t06-20260517T072245Z,deferred-rtc-reload-hydration-20260517t062719z,deferred-family validation
2026-05-17T07:22:47Z,launch,validation branch-deferred-rtc-rich-text-suffix-corruption-20260517t022133z deferred/rtc-rich-text-suffix-corruption-20260517T022133Z session=rtc-critical-validate-branch-deferred-rtc-rich-text-suffix-corruption--20260517T072247Z,deferred-rtc-rich-text-suffix-corruption-20260517t022133z,deferred-family validation
2026-05-17T07:22:47Z,launch,validation branch-ready-rtc-pr06b-malformed-save-request-payload-minimal ready/rtc-pr06b-malformed-save-request-payload-minimal session=rtc-critical-validate-branch-ready-rtc-pr06b-malformed-save-request-pa-20260517T072247Z,ready-rtc-pr06b-malformed-save-request-payload-minimal,critical-path launch
2026-05-17T07:22:47Z,launch,validation branch-deferred-rtc-malformed-save-payload-20260517t012122z deferred/rtc-malformed-save-payload-20260517T012122Z session=rtc-critical-validate-branch-deferred-rtc-malformed-save-payload-20260-20260517T072247Z,deferred-rtc-malformed-save-payload-20260517t012122z,deferred-family validation
2026-05-17T07:22:47Z,launch,validation branch-deferred-rtc-pre-save-search-live-collapse-20260517t010617z deferred/rtc-pre-save-search-live-collapse-20260517T010617Z session=rtc-critical-validate-branch-deferred-rtc-pre-save-search-live-collaps-20260517T072247Z,deferred-rtc-pre-save-search-live-collapse-20260517t010617z,deferred-family validation
2026-05-17T07:24:04Z,launch,validation branch-deferred-rtc-rich-text-suffix-corruption-20260517t012120z deferred/rtc-rich-text-suffix-corruption-20260517T012120Z session=rtc-critical-validate-branch-deferred-rtc-rich-text-suffix-corruption--20260517T072404Z,deferred-rtc-rich-text-suffix-corruption-20260517t012120z,deferred-family validation
2026-05-17T07:24:06Z,launch,continuation seed-1060015-reducer session=rtc-critical-continuation-seed-1060015-reducer-20260517T072404Z,seed-1060015-reducer,seed reducer/final-stack
2026-05-17T07:33:03Z,launch,validation branch-ready-rtc-pr03b-browser-revision-restore-crdt-invalidation ready/rtc-pr03b-browser-revision-restore-crdt-invalidation session=rtc-critical-validate-branch-ready-rtc-pr03b-browser-revision-restore--20260517T073303Z,ready-rtc-pr03b-browser-revision-restore-crdt-invalidation,critical-path launch
2026-05-17T07:33:05Z,launch,continuation pr17-1020002 session=rtc-critical-continuation-pr17-1020002-20260517T073304Z,pr17-1020002,seed reducer/final-stack
2026-05-17T07:35:37Z,launch,validation branch-deferred-rtc-reload-hydration-20260517t055716z deferred/rtc-reload-hydration-20260517T055716Z session=rtc-critical-validate-branch-deferred-rtc-reload-hydration-20260517t05-20260517T073537Z,deferred-rtc-reload-hydration-20260517t055716z,deferred-family validation
2026-05-17T07:35:37Z,launch,validation branch-deferred-rtc-reload-hydration-20260517t045710z deferred/rtc-reload-hydration-20260517T045710Z session=rtc-critical-validate-branch-deferred-rtc-reload-hydration-20260517t04-20260517T073537Z,deferred-rtc-reload-hydration-20260517t045710z,deferred-family validation
2026-05-17T07:35:37Z,launch,validation branch-ready-rtc-pr07c-reload-record-snapshots ready/rtc-pr07c-reload-record-snapshots session=rtc-critical-validate-branch-ready-rtc-pr07c-reload-record-snapshots-20260517T073537Z,ready-rtc-pr07c-reload-record-snapshots,PR07C owner evidence
2026-05-17T07:35:37Z,launch,validation branch-deferred-rtc-reload-hydration-20260517t035704z deferred/rtc-reload-hydration-20260517T035704Z session=rtc-critical-validate-branch-deferred-rtc-reload-hydration-20260517t03-20260517T073537Z,deferred-rtc-reload-hydration-20260517t035704z,deferred-family validation
2026-05-17T07:35:37Z,launch,validation branch-ready-rtc-pr15c-fallback-group-delete-green-on-pr14b ready/rtc-pr15c-fallback-group-delete-green-on-pr14b session=rtc-critical-validate-branch-ready-rtc-pr15c-fallback-group-delete-gre-20260517T073537Z,ready-rtc-pr15c-fallback-group-delete-green-on-pr14b,critical-path launch
2026-05-17T07:35:37Z,launch,validation branch-ready-rtc-pr15a-fallback-group-move-green-on-pr14b ready/rtc-pr15a-fallback-group-move-green-on-pr14b session=rtc-critical-validate-branch-ready-rtc-pr15a-fallback-group-move-green-20260517T073537Z,ready-rtc-pr15a-fallback-group-move-green-on-pr14b,critical-path launch
2026-05-17T07:36:53Z,launch,validation branch-deferred-rtc-reload-hydration-20260517t065722z deferred/rtc-reload-hydration-20260517T065722Z session=rtc-critical-validate-branch-deferred-rtc-reload-hydration-20260517t06-20260517T073653Z,deferred-rtc-reload-hydration-20260517t065722z,deferred-family validation
2026-05-17T07:36:54Z,launch,validation branch-deferred-rtc-reload-hydration-20260517t042707z deferred/rtc-reload-hydration-20260517T042707Z session=rtc-critical-validate-branch-deferred-rtc-reload-hydration-20260517t04-20260517T073654Z,deferred-rtc-reload-hydration-20260517t042707z,deferred-family validation
2026-05-17T07:36:54Z,launch,validation branch-ready-rtc-pr15b-fallback-group-insert-anchor-green-on-pr14b ready/rtc-pr15b-fallback-group-insert-anchor-green-on-pr14b session=rtc-critical-validate-branch-ready-rtc-pr15b-fallback-group-insert-anc-20260517T073654Z,ready-rtc-pr15b-fallback-group-insert-anchor-green-on-pr14b,critical-path launch
2026-05-17T07:36:54Z,launch,validation branch-ready-rtc-pr14b-table-query-array-local-suffix-append ready/rtc-pr14b-table-query-array-local-suffix-append session=rtc-critical-validate-branch-ready-rtc-pr14b-table-query-array-local-s-20260517T073654Z,ready-rtc-pr14b-table-query-array-local-suffix-append,critical-path launch
2026-05-17T07:36:54Z,launch,validation branch-deferred-rtc-http-room-isolation-20260517t023739z deferred/rtc-http-room-isolation-20260517T023739Z session=rtc-critical-validate-branch-deferred-rtc-http-room-isolation-20260517-20260517T073654Z,deferred-rtc-http-room-isolation-20260517t023739z,deferred-family validation
2026-05-17T07:36:55Z,launch,validation branch-deferred-rtc-pre-save-search-live-collapse-20260517t022131z deferred/rtc-pre-save-search-live-collapse-20260517T022131Z session=rtc-critical-validate-branch-deferred-rtc-pre-save-search-live-collaps-20260517T073655Z,deferred-rtc-pre-save-search-live-collapse-20260517t022131z,deferred-family validation
2026-05-17T07:36:59Z,launch,continuation seed-5200005-reducer session=rtc-critical-continuation-seed-5200005-reducer-20260517T073655Z,seed-5200005-reducer,seed reducer/final-stack
2026-05-17T07:38:15Z,launch,validation branch-deferred-rtc-reload-hydration-20260517t062719z deferred/rtc-reload-hydration-20260517T062719Z session=rtc-critical-validate-branch-deferred-rtc-reload-hydration-20260517t06-20260517T073815Z,deferred-rtc-reload-hydration-20260517t062719z,deferred-family validation
2026-05-17T07:38:16Z,launch,validation branch-deferred-rtc-rich-text-suffix-corruption-20260517t022133z deferred/rtc-rich-text-suffix-corruption-20260517T022133Z session=rtc-critical-validate-branch-deferred-rtc-rich-text-suffix-corruption--20260517T073816Z,deferred-rtc-rich-text-suffix-corruption-20260517t022133z,deferred-family validation
2026-05-17T07:38:16Z,launch,validation branch-ready-rtc-pr06b-malformed-save-request-payload-minimal ready/rtc-pr06b-malformed-save-request-payload-minimal session=rtc-critical-validate-branch-ready-rtc-pr06b-malformed-save-request-pa-20260517T073816Z,ready-rtc-pr06b-malformed-save-request-payload-minimal,critical-path launch
2026-05-17T07:38:16Z,launch,validation branch-deferred-rtc-malformed-save-payload-20260517t012122z deferred/rtc-malformed-save-payload-20260517T012122Z session=rtc-critical-validate-branch-deferred-rtc-malformed-save-payload-20260-20260517T073816Z,deferred-rtc-malformed-save-payload-20260517t012122z,deferred-family validation
2026-05-17T07:39:33Z,launch,validation branch-deferred-rtc-rich-text-suffix-corruption-20260517t012120z deferred/rtc-rich-text-suffix-corruption-20260517T012120Z session=rtc-critical-validate-branch-deferred-rtc-rich-text-suffix-corruption--20260517T073933Z,deferred-rtc-rich-text-suffix-corruption-20260517t012120z,deferred-family validation
2026-05-17T07:39:34Z,launch,continuation seed-1060015-reducer session=rtc-critical-continuation-seed-1060015-reducer-20260517T073933Z,seed-1060015-reducer,seed reducer/final-stack
2026-05-17T07:43:22Z,launch,validation branch-deferred-rtc-reload-hydration-20260517t073541z deferred/rtc-reload-hydration-20260517T073541Z session=rtc-critical-validate-branch-deferred-rtc-reload-hydration-20260517t07-20260517T074322Z,deferred-rtc-reload-hydration-20260517t073541z,deferred-family validation
2026-05-17T07:48:30Z,launch,validation branch-ready-rtc-pr03b-browser-revision-restore-crdt-invalidation ready/rtc-pr03b-browser-revision-restore-crdt-invalidation session=rtc-critical-validate-branch-ready-rtc-pr03b-browser-revision-restore--20260517T074830Z,ready-rtc-pr03b-browser-revision-restore-crdt-invalidation,critical-path launch
2026-05-17T07:48:33Z,launch,continuation pr17-1020002 session=rtc-critical-continuation-pr17-1020002-20260517T074832Z,pr17-1020002,seed reducer/final-stack
2026-05-17T07:51:06Z,launch,validation branch-deferred-rtc-reload-hydration-20260517t055716z deferred/rtc-reload-hydration-20260517T055716Z session=rtc-critical-validate-branch-deferred-rtc-reload-hydration-20260517t05-20260517T075106Z,deferred-rtc-reload-hydration-20260517t055716z,deferred-family validation
2026-05-17T07:51:06Z,launch,validation branch-deferred-rtc-reload-hydration-20260517t045710z deferred/rtc-reload-hydration-20260517T045710Z session=rtc-critical-validate-branch-deferred-rtc-reload-hydration-20260517t04-20260517T075106Z,deferred-rtc-reload-hydration-20260517t045710z,deferred-family validation
2026-05-17T07:51:07Z,launch,validation branch-ready-rtc-pr07c-reload-record-snapshots ready/rtc-pr07c-reload-record-snapshots session=rtc-critical-validate-branch-ready-rtc-pr07c-reload-record-snapshots-20260517T075107Z,ready-rtc-pr07c-reload-record-snapshots,PR07C owner evidence
2026-05-17T07:51:07Z,launch,validation branch-deferred-rtc-reload-hydration-20260517t035704z deferred/rtc-reload-hydration-20260517T035704Z session=rtc-critical-validate-branch-deferred-rtc-reload-hydration-20260517t03-20260517T075107Z,deferred-rtc-reload-hydration-20260517t035704z,deferred-family validation
2026-05-17T07:51:07Z,launch,validation branch-ready-rtc-pr15c-fallback-group-delete-green-on-pr14b ready/rtc-pr15c-fallback-group-delete-green-on-pr14b session=rtc-critical-validate-branch-ready-rtc-pr15c-fallback-group-delete-gre-20260517T075107Z,ready-rtc-pr15c-fallback-group-delete-green-on-pr14b,critical-path launch
2026-05-17T07:51:07Z,launch,validation branch-ready-rtc-pr15a-fallback-group-move-green-on-pr14b ready/rtc-pr15a-fallback-group-move-green-on-pr14b session=rtc-critical-validate-branch-ready-rtc-pr15a-fallback-group-move-green-20260517T075107Z,ready-rtc-pr15a-fallback-group-move-green-on-pr14b,critical-path launch
2026-05-17T07:52:23Z,launch,validation branch-deferred-rtc-reload-hydration-20260517t065722z deferred/rtc-reload-hydration-20260517T065722Z session=rtc-critical-validate-branch-deferred-rtc-reload-hydration-20260517t06-20260517T075223Z,deferred-rtc-reload-hydration-20260517t065722z,deferred-family validation
2026-05-17T07:52:24Z,launch,validation branch-deferred-rtc-reload-hydration-20260517t042707z deferred/rtc-reload-hydration-20260517T042707Z session=rtc-critical-validate-branch-deferred-rtc-reload-hydration-20260517t04-20260517T075224Z,deferred-rtc-reload-hydration-20260517t042707z,deferred-family validation
2026-05-17T07:52:24Z,launch,validation branch-ready-rtc-pr15b-fallback-group-insert-anchor-green-on-pr14b ready/rtc-pr15b-fallback-group-insert-anchor-green-on-pr14b session=rtc-critical-validate-branch-ready-rtc-pr15b-fallback-group-insert-anc-20260517T075224Z,ready-rtc-pr15b-fallback-group-insert-anchor-green-on-pr14b,critical-path launch
2026-05-17T07:52:24Z,launch,validation branch-ready-rtc-pr14b-table-query-array-local-suffix-append ready/rtc-pr14b-table-query-array-local-suffix-append session=rtc-critical-validate-branch-ready-rtc-pr14b-table-query-array-local-s-20260517T075224Z,ready-rtc-pr14b-table-query-array-local-suffix-append,critical-path launch
2026-05-17T07:52:24Z,launch,validation branch-deferred-rtc-http-room-isolation-20260517t023739z deferred/rtc-http-room-isolation-20260517T023739Z session=rtc-critical-validate-branch-deferred-rtc-http-room-isolation-20260517-20260517T075224Z,deferred-rtc-http-room-isolation-20260517t023739z,deferred-family validation
2026-05-17T07:52:25Z,launch,validation branch-deferred-rtc-pre-save-search-live-collapse-20260517t022131z deferred/rtc-pre-save-search-live-collapse-20260517T022131Z session=rtc-critical-validate-branch-deferred-rtc-pre-save-search-live-collaps-20260517T075224Z,deferred-rtc-pre-save-search-live-collapse-20260517t022131z,deferred-family validation
2026-05-17T07:52:31Z,launch,continuation seed-5200005-reducer session=rtc-critical-continuation-seed-5200005-reducer-20260517T075225Z,seed-5200005-reducer,seed reducer/final-stack
2026-05-17T07:53:47Z,launch,validation branch-deferred-rtc-reload-hydration-20260517t062719z deferred/rtc-reload-hydration-20260517T062719Z session=rtc-critical-validate-branch-deferred-rtc-reload-hydration-20260517t06-20260517T075347Z,deferred-rtc-reload-hydration-20260517t062719z,deferred-family validation
2026-05-17T07:53:48Z,launch,validation branch-deferred-rtc-rich-text-suffix-corruption-20260517t022133z deferred/rtc-rich-text-suffix-corruption-20260517T022133Z session=rtc-critical-validate-branch-deferred-rtc-rich-text-suffix-corruption--20260517T075348Z,deferred-rtc-rich-text-suffix-corruption-20260517t022133z,deferred-family validation
2026-05-17T07:53:48Z,launch,validation branch-ready-rtc-pr06b-malformed-save-request-payload-minimal ready/rtc-pr06b-malformed-save-request-payload-minimal session=rtc-critical-validate-branch-ready-rtc-pr06b-malformed-save-request-pa-20260517T075348Z,ready-rtc-pr06b-malformed-save-request-payload-minimal,critical-path launch
2026-05-17T07:53:48Z,launch,validation branch-deferred-rtc-malformed-save-payload-20260517t012122z deferred/rtc-malformed-save-payload-20260517T012122Z session=rtc-critical-validate-branch-deferred-rtc-malformed-save-payload-20260-20260517T075348Z,deferred-rtc-malformed-save-payload-20260517t012122z,deferred-family validation
2026-05-17T07:55:06Z,launch,continuation seed-1060015-reducer session=rtc-critical-continuation-seed-1060015-reducer-20260517T075504Z,seed-1060015-reducer,seed reducer/final-stack
2026-05-17T07:58:55Z,launch,validation branch-deferred-rtc-reload-hydration-20260517t073541z deferred/rtc-reload-hydration-20260517T073541Z session=rtc-critical-validate-branch-deferred-rtc-reload-hydration-20260517t07-20260517T075855Z,deferred-rtc-reload-hydration-20260517t073541z,deferred-family validation
2026-05-17T08:04:01Z,launch,validation branch-ready-rtc-pr03b-browser-revision-restore-crdt-invalidation ready/rtc-pr03b-browser-revision-restore-crdt-invalidation session=rtc-critical-validate-branch-ready-rtc-pr03b-browser-revision-restore--20260517T080401Z,ready-rtc-pr03b-browser-revision-restore-crdt-invalidation,critical-path launch
2026-05-17T08:04:03Z,launch,continuation pr17-1020002 session=rtc-critical-continuation-pr17-1020002-20260517T080402Z,pr17-1020002,seed reducer/final-stack
2026-05-17T08:06:36Z,launch,validation branch-deferred-rtc-reload-hydration-20260517t055716z deferred/rtc-reload-hydration-20260517T055716Z session=rtc-critical-validate-branch-deferred-rtc-reload-hydration-20260517t05-20260517T080636Z,deferred-rtc-reload-hydration-20260517t055716z,deferred-family validation
2026-05-17T08:06:36Z,launch,validation branch-deferred-rtc-reload-hydration-20260517t045710z deferred/rtc-reload-hydration-20260517T045710Z session=rtc-critical-validate-branch-deferred-rtc-reload-hydration-20260517t04-20260517T080636Z,deferred-rtc-reload-hydration-20260517t045710z,deferred-family validation
2026-05-17T08:06:37Z,launch,validation branch-ready-rtc-pr07c-reload-record-snapshots ready/rtc-pr07c-reload-record-snapshots session=rtc-critical-validate-branch-ready-rtc-pr07c-reload-record-snapshots-20260517T080637Z,ready-rtc-pr07c-reload-record-snapshots,PR07C owner evidence
2026-05-17T08:06:37Z,launch,validation branch-deferred-rtc-reload-hydration-20260517t035704z deferred/rtc-reload-hydration-20260517T035704Z session=rtc-critical-validate-branch-deferred-rtc-reload-hydration-20260517t03-20260517T080637Z,deferred-rtc-reload-hydration-20260517t035704z,deferred-family validation
2026-05-17T08:06:37Z,launch,validation branch-ready-rtc-pr15c-fallback-group-delete-green-on-pr14b ready/rtc-pr15c-fallback-group-delete-green-on-pr14b session=rtc-critical-validate-branch-ready-rtc-pr15c-fallback-group-delete-gre-20260517T080637Z,ready-rtc-pr15c-fallback-group-delete-green-on-pr14b,critical-path launch
2026-05-17T08:06:37Z,launch,validation branch-ready-rtc-pr15a-fallback-group-move-green-on-pr14b ready/rtc-pr15a-fallback-group-move-green-on-pr14b session=rtc-critical-validate-branch-ready-rtc-pr15a-fallback-group-move-green-20260517T080637Z,ready-rtc-pr15a-fallback-group-move-green-on-pr14b,critical-path launch
2026-05-17T08:07:53Z,launch,validation branch-deferred-rtc-reload-hydration-20260517t065722z deferred/rtc-reload-hydration-20260517T065722Z session=rtc-critical-validate-branch-deferred-rtc-reload-hydration-20260517t06-20260517T080753Z,deferred-rtc-reload-hydration-20260517t065722z,deferred-family validation
2026-05-17T08:07:53Z,launch,validation branch-deferred-rtc-reload-hydration-20260517t042707z deferred/rtc-reload-hydration-20260517T042707Z session=rtc-critical-validate-branch-deferred-rtc-reload-hydration-20260517t04-20260517T080753Z,deferred-rtc-reload-hydration-20260517t042707z,deferred-family validation
2026-05-17T08:07:54Z,launch,validation branch-ready-rtc-pr15b-fallback-group-insert-anchor-green-on-pr14b ready/rtc-pr15b-fallback-group-insert-anchor-green-on-pr14b session=rtc-critical-validate-branch-ready-rtc-pr15b-fallback-group-insert-anc-20260517T080753Z,ready-rtc-pr15b-fallback-group-insert-anchor-green-on-pr14b,critical-path launch
2026-05-17T08:07:54Z,launch,validation branch-ready-rtc-pr14b-table-query-array-local-suffix-append ready/rtc-pr14b-table-query-array-local-suffix-append session=rtc-critical-validate-branch-ready-rtc-pr14b-table-query-array-local-s-20260517T080754Z,ready-rtc-pr14b-table-query-array-local-suffix-append,critical-path launch
2026-05-17T08:07:54Z,launch,validation branch-deferred-rtc-http-room-isolation-20260517t023739z deferred/rtc-http-room-isolation-20260517T023739Z session=rtc-critical-validate-branch-deferred-rtc-http-room-isolation-20260517-20260517T080754Z,deferred-rtc-http-room-isolation-20260517t023739z,deferred-family validation
2026-05-17T08:07:54Z,launch,validation branch-deferred-rtc-pre-save-search-live-collapse-20260517t022131z deferred/rtc-pre-save-search-live-collapse-20260517T022131Z session=rtc-critical-validate-branch-deferred-rtc-pre-save-search-live-collaps-20260517T080754Z,deferred-rtc-pre-save-search-live-collapse-20260517t022131z,deferred-family validation
2026-05-17T08:07:59Z,launch,continuation seed-5200005-reducer session=rtc-critical-continuation-seed-5200005-reducer-20260517T080754Z,seed-5200005-reducer,seed reducer/final-stack
2026-05-17T08:09:16Z,launch,validation branch-deferred-rtc-reload-hydration-20260517t062719z deferred/rtc-reload-hydration-20260517T062719Z session=rtc-critical-validate-branch-deferred-rtc-reload-hydration-20260517t06-20260517T080916Z,deferred-rtc-reload-hydration-20260517t062719z,deferred-family validation
2026-05-17T08:09:18Z,launch,validation branch-deferred-rtc-rich-text-suffix-corruption-20260517t022133z deferred/rtc-rich-text-suffix-corruption-20260517T022133Z session=rtc-critical-validate-branch-deferred-rtc-rich-text-suffix-corruption--20260517T080917Z,deferred-rtc-rich-text-suffix-corruption-20260517t022133z,deferred-family validation
2026-05-17T08:09:18Z,launch,validation branch-ready-rtc-pr06b-malformed-save-request-payload-minimal ready/rtc-pr06b-malformed-save-request-payload-minimal session=rtc-critical-validate-branch-ready-rtc-pr06b-malformed-save-request-pa-20260517T080918Z,ready-rtc-pr06b-malformed-save-request-payload-minimal,critical-path launch
2026-05-17T08:09:19Z,launch,validation branch-deferred-rtc-malformed-save-payload-20260517t012122z deferred/rtc-malformed-save-payload-20260517T012122Z session=rtc-critical-validate-branch-deferred-rtc-malformed-save-payload-20260-20260517T080919Z,deferred-rtc-malformed-save-payload-20260517t012122z,deferred-family validation
2026-05-17T08:10:38Z,launch,continuation seed-1060015-reducer session=rtc-critical-continuation-seed-1060015-reducer-20260517T081037Z,seed-1060015-reducer,seed reducer/final-stack
2026-05-17T08:14:25Z,launch,validation branch-deferred-rtc-reload-hydration-20260517t073541z deferred/rtc-reload-hydration-20260517T073541Z session=rtc-critical-validate-branch-deferred-rtc-reload-hydration-20260517t07-20260517T081425Z,deferred-rtc-reload-hydration-20260517t073541z,deferred-family validation
2026-05-17T08:19:29Z,launch,validation branch-ready-rtc-pr03b-browser-revision-restore-crdt-invalidation ready/rtc-pr03b-browser-revision-restore-crdt-invalidation session=rtc-critical-validate-branch-ready-rtc-pr03b-browser-revision-restore--20260517T081929Z,ready-rtc-pr03b-browser-revision-restore-crdt-invalidation,critical-path launch
2026-05-17T08:19:31Z,launch,continuation pr17-1020002 session=rtc-critical-continuation-pr17-1020002-20260517T081930Z,pr17-1020002,seed reducer/final-stack
2026-05-17T08:22:03Z,launch,validation branch-deferred-rtc-reload-hydration-20260517t055716z deferred/rtc-reload-hydration-20260517T055716Z session=rtc-critical-validate-branch-deferred-rtc-reload-hydration-20260517t05-20260517T082203Z,deferred-rtc-reload-hydration-20260517t055716z,deferred-family validation
2026-05-17T08:22:03Z,launch,validation branch-deferred-rtc-reload-hydration-20260517t045710z deferred/rtc-reload-hydration-20260517T045710Z session=rtc-critical-validate-branch-deferred-rtc-reload-hydration-20260517t04-20260517T082203Z,deferred-rtc-reload-hydration-20260517t045710z,deferred-family validation
2026-05-17T08:22:03Z,launch,validation branch-ready-rtc-pr07c-reload-record-snapshots ready/rtc-pr07c-reload-record-snapshots session=rtc-critical-validate-branch-ready-rtc-pr07c-reload-record-snapshots-20260517T082203Z,ready-rtc-pr07c-reload-record-snapshots,PR07C owner evidence
2026-05-17T08:22:03Z,launch,validation branch-deferred-rtc-reload-hydration-20260517t035704z deferred/rtc-reload-hydration-20260517T035704Z session=rtc-critical-validate-branch-deferred-rtc-reload-hydration-20260517t03-20260517T082203Z,deferred-rtc-reload-hydration-20260517t035704z,deferred-family validation
2026-05-17T08:22:03Z,launch,validation branch-ready-rtc-pr15c-fallback-group-delete-green-on-pr14b ready/rtc-pr15c-fallback-group-delete-green-on-pr14b session=rtc-critical-validate-branch-ready-rtc-pr15c-fallback-group-delete-gre-20260517T082203Z,ready-rtc-pr15c-fallback-group-delete-green-on-pr14b,critical-path launch
2026-05-17T08:22:03Z,launch,validation branch-ready-rtc-pr15a-fallback-group-move-green-on-pr14b ready/rtc-pr15a-fallback-group-move-green-on-pr14b session=rtc-critical-validate-branch-ready-rtc-pr15a-fallback-group-move-green-20260517T082203Z,ready-rtc-pr15a-fallback-group-move-green-on-pr14b,critical-path launch
2026-05-17T08:23:19Z,launch,validation branch-deferred-rtc-reload-hydration-20260517t065722z deferred/rtc-reload-hydration-20260517T065722Z session=rtc-critical-validate-branch-deferred-rtc-reload-hydration-20260517t06-20260517T082319Z,deferred-rtc-reload-hydration-20260517t065722z,deferred-family validation
2026-05-17T08:23:19Z,launch,validation branch-deferred-rtc-reload-hydration-20260517t042707z deferred/rtc-reload-hydration-20260517T042707Z session=rtc-critical-validate-branch-deferred-rtc-reload-hydration-20260517t04-20260517T082319Z,deferred-rtc-reload-hydration-20260517t042707z,deferred-family validation
2026-05-17T08:23:20Z,launch,validation branch-ready-rtc-pr15b-fallback-group-insert-anchor-green-on-pr14b ready/rtc-pr15b-fallback-group-insert-anchor-green-on-pr14b session=rtc-critical-validate-branch-ready-rtc-pr15b-fallback-group-insert-anc-20260517T082320Z,ready-rtc-pr15b-fallback-group-insert-anchor-green-on-pr14b,critical-path launch
2026-05-17T08:23:20Z,launch,validation branch-ready-rtc-pr14b-table-query-array-local-suffix-append ready/rtc-pr14b-table-query-array-local-suffix-append session=rtc-critical-validate-branch-ready-rtc-pr14b-table-query-array-local-s-20260517T082320Z,ready-rtc-pr14b-table-query-array-local-suffix-append,critical-path launch
2026-05-17T08:23:20Z,launch,validation branch-deferred-rtc-http-room-isolation-20260517t023739z deferred/rtc-http-room-isolation-20260517T023739Z session=rtc-critical-validate-branch-deferred-rtc-http-room-isolation-20260517-20260517T082320Z,deferred-rtc-http-room-isolation-20260517t023739z,deferred-family validation
2026-05-17T08:23:21Z,launch,validation branch-deferred-rtc-pre-save-search-live-collapse-20260517t022131z deferred/rtc-pre-save-search-live-collapse-20260517T022131Z session=rtc-critical-validate-branch-deferred-rtc-pre-save-search-live-collaps-20260517T082321Z,deferred-rtc-pre-save-search-live-collapse-20260517t022131z,deferred-family validation
2026-05-17T08:23:25Z,launch,continuation seed-5200005-reducer session=rtc-critical-continuation-seed-5200005-reducer-20260517T082321Z,seed-5200005-reducer,seed reducer/final-stack
2026-05-17T08:24:40Z,launch,validation branch-deferred-rtc-reload-hydration-20260517t062719z deferred/rtc-reload-hydration-20260517T062719Z session=rtc-critical-validate-branch-deferred-rtc-reload-hydration-20260517t06-20260517T082440Z,deferred-rtc-reload-hydration-20260517t062719z,deferred-family validation
2026-05-17T08:24:41Z,launch,validation branch-deferred-rtc-rich-text-suffix-corruption-20260517t022133z deferred/rtc-rich-text-suffix-corruption-20260517T022133Z session=rtc-critical-validate-branch-deferred-rtc-rich-text-suffix-corruption--20260517T082441Z,deferred-rtc-rich-text-suffix-corruption-20260517t022133z,deferred-family validation
2026-05-17T08:24:41Z,launch,validation branch-ready-rtc-pr06b-malformed-save-request-payload-minimal ready/rtc-pr06b-malformed-save-request-payload-minimal session=rtc-critical-validate-branch-ready-rtc-pr06b-malformed-save-request-pa-20260517T082441Z,ready-rtc-pr06b-malformed-save-request-payload-minimal,critical-path launch
2026-05-17T08:24:41Z,launch,validation branch-deferred-rtc-malformed-save-payload-20260517t012122z deferred/rtc-malformed-save-payload-20260517T012122Z session=rtc-critical-validate-branch-deferred-rtc-malformed-save-payload-20260-20260517T082441Z,deferred-rtc-malformed-save-payload-20260517t012122z,deferred-family validation
2026-05-17T08:25:59Z,launch,continuation seed-1060015-reducer session=rtc-critical-continuation-seed-1060015-reducer-20260517T082558Z,seed-1060015-reducer,seed reducer/final-stack
2026-05-17T08:29:45Z,launch,validation branch-deferred-rtc-reload-hydration-20260517t073541z deferred/rtc-reload-hydration-20260517T073541Z session=rtc-critical-validate-branch-deferred-rtc-reload-hydration-20260517t07-20260517T082945Z,deferred-rtc-reload-hydration-20260517t073541z,deferred-family validation
2026-05-17T08:34:36Z,launch,validation branch-ready-rtc-pr03b-browser-revision-restore-crdt-invalidation ready/rtc-pr03b-browser-revision-restore-crdt-invalidation session=rtc-critical-validate-branch-ready-rtc-pr03b-browser-revision-restore--20260517T083436Z,ready-rtc-pr03b-browser-revision-restore-crdt-invalidation,critical-path launch
2026-05-17T08:34:42Z,launch,continuation pr17-1020002 session=rtc-critical-continuation-pr17-1020002-20260517T083441Z,pr17-1020002,seed reducer/final-stack
2026-05-17T08:37:16Z,launch,validation branch-deferred-rtc-reload-hydration-20260517t055716z deferred/rtc-reload-hydration-20260517T055716Z session=rtc-critical-validate-branch-deferred-rtc-reload-hydration-20260517t05-20260517T083716Z,deferred-rtc-reload-hydration-20260517t055716z,deferred-family validation
2026-05-17T08:37:16Z,launch,validation branch-deferred-rtc-reload-hydration-20260517t045710z deferred/rtc-reload-hydration-20260517T045710Z session=rtc-critical-validate-branch-deferred-rtc-reload-hydration-20260517t04-20260517T083716Z,deferred-rtc-reload-hydration-20260517t045710z,deferred-family validation
2026-05-17T08:37:17Z,launch,validation branch-ready-rtc-pr07c-reload-record-snapshots ready/rtc-pr07c-reload-record-snapshots session=rtc-critical-validate-branch-ready-rtc-pr07c-reload-record-snapshots-20260517T083717Z,ready-rtc-pr07c-reload-record-snapshots,PR07C owner evidence
2026-05-17T08:37:17Z,launch,validation branch-deferred-rtc-reload-hydration-20260517t035704z deferred/rtc-reload-hydration-20260517T035704Z session=rtc-critical-validate-branch-deferred-rtc-reload-hydration-20260517t03-20260517T083717Z,deferred-rtc-reload-hydration-20260517t035704z,deferred-family validation
2026-05-17T08:37:17Z,launch,validation branch-ready-rtc-pr15c-fallback-group-delete-green-on-pr14b ready/rtc-pr15c-fallback-group-delete-green-on-pr14b session=rtc-critical-validate-branch-ready-rtc-pr15c-fallback-group-delete-gre-20260517T083717Z,ready-rtc-pr15c-fallback-group-delete-green-on-pr14b,critical-path launch
2026-05-17T08:37:17Z,launch,validation branch-ready-rtc-pr15a-fallback-group-move-green-on-pr14b ready/rtc-pr15a-fallback-group-move-green-on-pr14b session=rtc-critical-validate-branch-ready-rtc-pr15a-fallback-group-move-green-20260517T083717Z,ready-rtc-pr15a-fallback-group-move-green-on-pr14b,critical-path launch
2026-05-17T08:38:32Z,launch,validation branch-deferred-rtc-reload-hydration-20260517t065722z deferred/rtc-reload-hydration-20260517T065722Z session=rtc-critical-validate-branch-deferred-rtc-reload-hydration-20260517t06-20260517T083832Z,deferred-rtc-reload-hydration-20260517t065722z,deferred-family validation
2026-05-17T08:38:32Z,launch,validation branch-deferred-rtc-reload-hydration-20260517t042707z deferred/rtc-reload-hydration-20260517T042707Z session=rtc-critical-validate-branch-deferred-rtc-reload-hydration-20260517t04-20260517T083832Z,deferred-rtc-reload-hydration-20260517t042707z,deferred-family validation
2026-05-17T08:38:32Z,launch,validation branch-ready-rtc-pr15b-fallback-group-insert-anchor-green-on-pr14b ready/rtc-pr15b-fallback-group-insert-anchor-green-on-pr14b session=rtc-critical-validate-branch-ready-rtc-pr15b-fallback-group-insert-anc-20260517T083832Z,ready-rtc-pr15b-fallback-group-insert-anchor-green-on-pr14b,critical-path launch
2026-05-17T08:38:33Z,launch,validation branch-ready-rtc-pr14b-table-query-array-local-suffix-append ready/rtc-pr14b-table-query-array-local-suffix-append session=rtc-critical-validate-branch-ready-rtc-pr14b-table-query-array-local-s-20260517T083833Z,ready-rtc-pr14b-table-query-array-local-suffix-append,critical-path launch
2026-05-17T08:38:33Z,launch,validation branch-deferred-rtc-http-room-isolation-20260517t023739z deferred/rtc-http-room-isolation-20260517T023739Z session=rtc-critical-validate-branch-deferred-rtc-http-room-isolation-20260517-20260517T083833Z,deferred-rtc-http-room-isolation-20260517t023739z,deferred-family validation
2026-05-17T08:38:33Z,launch,validation branch-deferred-rtc-pre-save-search-live-collapse-20260517t022131z deferred/rtc-pre-save-search-live-collapse-20260517T022131Z session=rtc-critical-validate-branch-deferred-rtc-pre-save-search-live-collaps-20260517T083833Z,deferred-rtc-pre-save-search-live-collapse-20260517t022131z,deferred-family validation
2026-05-17T08:38:36Z,launch,continuation seed-5200005-reducer session=rtc-critical-continuation-seed-5200005-reducer-20260517T083833Z,seed-5200005-reducer,seed reducer/final-stack
2026-05-17T08:39:51Z,launch,validation branch-deferred-rtc-reload-hydration-20260517t062719z deferred/rtc-reload-hydration-20260517T062719Z session=rtc-critical-validate-branch-deferred-rtc-reload-hydration-20260517t06-20260517T083951Z,deferred-rtc-reload-hydration-20260517t062719z,deferred-family validation
2026-05-17T08:39:52Z,launch,validation branch-deferred-rtc-rich-text-suffix-corruption-20260517t022133z deferred/rtc-rich-text-suffix-corruption-20260517T022133Z session=rtc-critical-validate-branch-deferred-rtc-rich-text-suffix-corruption--20260517T083952Z,deferred-rtc-rich-text-suffix-corruption-20260517t022133z,deferred-family validation
2026-05-17T08:39:52Z,launch,validation branch-ready-rtc-pr06b-malformed-save-request-payload-minimal ready/rtc-pr06b-malformed-save-request-payload-minimal session=rtc-critical-validate-branch-ready-rtc-pr06b-malformed-save-request-pa-20260517T083952Z,ready-rtc-pr06b-malformed-save-request-payload-minimal,critical-path launch
2026-05-17T08:39:52Z,launch,validation branch-deferred-rtc-malformed-save-payload-20260517t012122z deferred/rtc-malformed-save-payload-20260517T012122Z session=rtc-critical-validate-branch-deferred-rtc-malformed-save-payload-20260-20260517T083952Z,deferred-rtc-malformed-save-payload-20260517t012122z,deferred-family validation
2026-05-17T08:41:09Z,launch,continuation seed-1060015-reducer session=rtc-critical-continuation-seed-1060015-reducer-20260517T084108Z,seed-1060015-reducer,seed reducer/final-stack
2026-05-17T08:44:57Z,launch,validation branch-deferred-rtc-reload-hydration-20260517t073541z deferred/rtc-reload-hydration-20260517T073541Z session=rtc-critical-validate-branch-deferred-rtc-reload-hydration-20260517t07-20260517T084457Z,deferred-rtc-reload-hydration-20260517t073541z,deferred-family validation
2026-05-17T08:50:02Z,launch,validation branch-ready-rtc-pr03b-browser-revision-restore-crdt-invalidation ready/rtc-pr03b-browser-revision-restore-crdt-invalidation session=rtc-critical-validate-branch-ready-rtc-pr03b-browser-revision-restore--20260517T085002Z,ready-rtc-pr03b-browser-revision-restore-crdt-invalidation,critical-path launch
2026-05-17T08:50:04Z,launch,continuation pr17-1020002 session=rtc-critical-continuation-pr17-1020002-20260517T085003Z,pr17-1020002,seed reducer/final-stack
2026-05-17T08:52:35Z,launch,validation branch-deferred-rtc-reload-hydration-20260517t055716z deferred/rtc-reload-hydration-20260517T055716Z session=rtc-critical-validate-branch-deferred-rtc-reload-hydration-20260517t05-20260517T085235Z,deferred-rtc-reload-hydration-20260517t055716z,deferred-family validation
2026-05-17T08:52:35Z,launch,validation branch-deferred-rtc-reload-hydration-20260517t045710z deferred/rtc-reload-hydration-20260517T045710Z session=rtc-critical-validate-branch-deferred-rtc-reload-hydration-20260517t04-20260517T085235Z,deferred-rtc-reload-hydration-20260517t045710z,deferred-family validation
2026-05-17T08:52:35Z,launch,validation branch-ready-rtc-pr07c-reload-record-snapshots ready/rtc-pr07c-reload-record-snapshots session=rtc-critical-validate-branch-ready-rtc-pr07c-reload-record-snapshots-20260517T085235Z,ready-rtc-pr07c-reload-record-snapshots,PR07C owner evidence
2026-05-17T08:52:36Z,launch,validation branch-deferred-rtc-reload-hydration-20260517t035704z deferred/rtc-reload-hydration-20260517T035704Z session=rtc-critical-validate-branch-deferred-rtc-reload-hydration-20260517t03-20260517T085236Z,deferred-rtc-reload-hydration-20260517t035704z,deferred-family validation
2026-05-17T08:52:36Z,launch,validation branch-ready-rtc-pr15c-fallback-group-delete-green-on-pr14b ready/rtc-pr15c-fallback-group-delete-green-on-pr14b session=rtc-critical-validate-branch-ready-rtc-pr15c-fallback-group-delete-gre-20260517T085236Z,ready-rtc-pr15c-fallback-group-delete-green-on-pr14b,critical-path launch
2026-05-17T08:52:36Z,launch,validation branch-ready-rtc-pr15a-fallback-group-move-green-on-pr14b ready/rtc-pr15a-fallback-group-move-green-on-pr14b session=rtc-critical-validate-branch-ready-rtc-pr15a-fallback-group-move-green-20260517T085236Z,ready-rtc-pr15a-fallback-group-move-green-on-pr14b,critical-path launch
2026-05-17T08:53:51Z,launch,validation branch-deferred-rtc-reload-hydration-20260517t065722z deferred/rtc-reload-hydration-20260517T065722Z session=rtc-critical-validate-branch-deferred-rtc-reload-hydration-20260517t06-20260517T085351Z,deferred-rtc-reload-hydration-20260517t065722z,deferred-family validation
2026-05-17T08:53:51Z,launch,validation branch-deferred-rtc-reload-hydration-20260517t042707z deferred/rtc-reload-hydration-20260517T042707Z session=rtc-critical-validate-branch-deferred-rtc-reload-hydration-20260517t04-20260517T085351Z,deferred-rtc-reload-hydration-20260517t042707z,deferred-family validation
2026-05-17T08:53:52Z,launch,validation branch-ready-rtc-pr15b-fallback-group-insert-anchor-green-on-pr14b ready/rtc-pr15b-fallback-group-insert-anchor-green-on-pr14b session=rtc-critical-validate-branch-ready-rtc-pr15b-fallback-group-insert-anc-20260517T085352Z,ready-rtc-pr15b-fallback-group-insert-anchor-green-on-pr14b,critical-path launch
2026-05-17T08:53:52Z,launch,validation branch-ready-rtc-pr14b-table-query-array-local-suffix-append ready/rtc-pr14b-table-query-array-local-suffix-append session=rtc-critical-validate-branch-ready-rtc-pr14b-table-query-array-local-s-20260517T085352Z,ready-rtc-pr14b-table-query-array-local-suffix-append,critical-path launch
2026-05-17T08:53:52Z,launch,validation branch-deferred-rtc-http-room-isolation-20260517t023739z deferred/rtc-http-room-isolation-20260517T023739Z session=rtc-critical-validate-branch-deferred-rtc-http-room-isolation-20260517-20260517T085352Z,deferred-rtc-http-room-isolation-20260517t023739z,deferred-family validation
2026-05-17T08:53:52Z,launch,validation branch-deferred-rtc-pre-save-search-live-collapse-20260517t022131z deferred/rtc-pre-save-search-live-collapse-20260517T022131Z session=rtc-critical-validate-branch-deferred-rtc-pre-save-search-live-collaps-20260517T085352Z,deferred-rtc-pre-save-search-live-collapse-20260517t022131z,deferred-family validation
2026-05-17T08:53:55Z,launch,continuation seed-5200005-reducer session=rtc-critical-continuation-seed-5200005-reducer-20260517T085352Z,seed-5200005-reducer,seed reducer/final-stack
2026-05-17T08:55:10Z,launch,validation branch-deferred-rtc-reload-hydration-20260517t062719z deferred/rtc-reload-hydration-20260517T062719Z session=rtc-critical-validate-branch-deferred-rtc-reload-hydration-20260517t06-20260517T085509Z,deferred-rtc-reload-hydration-20260517t062719z,deferred-family validation
2026-05-17T08:55:10Z,launch,validation branch-deferred-rtc-rich-text-suffix-corruption-20260517t022133z deferred/rtc-rich-text-suffix-corruption-20260517T022133Z session=rtc-critical-validate-branch-deferred-rtc-rich-text-suffix-corruption--20260517T085510Z,deferred-rtc-rich-text-suffix-corruption-20260517t022133z,deferred-family validation
2026-05-17T08:55:10Z,launch,validation branch-ready-rtc-pr06b-malformed-save-request-payload-minimal ready/rtc-pr06b-malformed-save-request-payload-minimal session=rtc-critical-validate-branch-ready-rtc-pr06b-malformed-save-request-pa-20260517T085510Z,ready-rtc-pr06b-malformed-save-request-payload-minimal,critical-path launch
2026-05-17T08:55:10Z,launch,validation branch-deferred-rtc-malformed-save-payload-20260517t012122z deferred/rtc-malformed-save-payload-20260517T012122Z session=rtc-critical-validate-branch-deferred-rtc-malformed-save-payload-20260-20260517T085510Z,deferred-rtc-malformed-save-payload-20260517t012122z,deferred-family validation
2026-05-17T08:56:27Z,launch,continuation seed-1060015-reducer session=rtc-critical-continuation-seed-1060015-reducer-20260517T085626Z,seed-1060015-reducer,seed reducer/final-stack
2026-05-17T09:00:14Z,launch,validation branch-deferred-rtc-reload-hydration-20260517t073541z deferred/rtc-reload-hydration-20260517T073541Z session=rtc-critical-validate-branch-deferred-rtc-reload-hydration-20260517t07-20260517T090014Z,deferred-rtc-reload-hydration-20260517t073541z,deferred-family validation
2026-05-17T09:05:19Z,launch,validation branch-ready-rtc-pr03b-browser-revision-restore-crdt-invalidation ready/rtc-pr03b-browser-revision-restore-crdt-invalidation session=rtc-critical-validate-branch-ready-rtc-pr03b-browser-revision-restore--20260517T090519Z,ready-rtc-pr03b-browser-revision-restore-crdt-invalidation,critical-path launch
2026-05-17T09:05:22Z,launch,continuation pr17-1020002 session=rtc-critical-continuation-pr17-1020002-20260517T090521Z,pr17-1020002,seed reducer/final-stack
2026-05-17T09:07:57Z,launch,validation branch-deferred-rtc-reload-hydration-20260517t055716z deferred/rtc-reload-hydration-20260517T055716Z session=rtc-critical-validate-branch-deferred-rtc-reload-hydration-20260517t05-20260517T090756Z,deferred-rtc-reload-hydration-20260517t055716z,deferred-family validation
2026-05-17T09:07:57Z,launch,validation branch-deferred-rtc-reload-hydration-20260517t045710z deferred/rtc-reload-hydration-20260517T045710Z session=rtc-critical-validate-branch-deferred-rtc-reload-hydration-20260517t04-20260517T090757Z,deferred-rtc-reload-hydration-20260517t045710z,deferred-family validation
2026-05-17T09:07:57Z,launch,validation branch-ready-rtc-pr07c-reload-record-snapshots ready/rtc-pr07c-reload-record-snapshots session=rtc-critical-validate-branch-ready-rtc-pr07c-reload-record-snapshots-20260517T090757Z,ready-rtc-pr07c-reload-record-snapshots,PR07C owner evidence
2026-05-17T09:07:57Z,launch,validation branch-deferred-rtc-reload-hydration-20260517t035704z deferred/rtc-reload-hydration-20260517T035704Z session=rtc-critical-validate-branch-deferred-rtc-reload-hydration-20260517t03-20260517T090757Z,deferred-rtc-reload-hydration-20260517t035704z,deferred-family validation
2026-05-17T09:07:57Z,launch,validation branch-ready-rtc-pr15c-fallback-group-delete-green-on-pr14b ready/rtc-pr15c-fallback-group-delete-green-on-pr14b session=rtc-critical-validate-branch-ready-rtc-pr15c-fallback-group-delete-gre-20260517T090757Z,ready-rtc-pr15c-fallback-group-delete-green-on-pr14b,critical-path launch
2026-05-17T09:07:58Z,launch,validation branch-ready-rtc-pr15a-fallback-group-move-green-on-pr14b ready/rtc-pr15a-fallback-group-move-green-on-pr14b session=rtc-critical-validate-branch-ready-rtc-pr15a-fallback-group-move-green-20260517T090758Z,ready-rtc-pr15a-fallback-group-move-green-on-pr14b,critical-path launch
2026-05-17T09:09:14Z,launch,validation branch-deferred-rtc-reload-hydration-20260517t065722z deferred/rtc-reload-hydration-20260517T065722Z session=rtc-critical-validate-branch-deferred-rtc-reload-hydration-20260517t06-20260517T090914Z,deferred-rtc-reload-hydration-20260517t065722z,deferred-family validation
2026-05-17T09:09:14Z,launch,validation branch-deferred-rtc-reload-hydration-20260517t042707z deferred/rtc-reload-hydration-20260517T042707Z session=rtc-critical-validate-branch-deferred-rtc-reload-hydration-20260517t04-20260517T090914Z,deferred-rtc-reload-hydration-20260517t042707z,deferred-family validation
2026-05-17T09:09:15Z,launch,validation branch-ready-rtc-pr15b-fallback-group-insert-anchor-green-on-pr14b ready/rtc-pr15b-fallback-group-insert-anchor-green-on-pr14b session=rtc-critical-validate-branch-ready-rtc-pr15b-fallback-group-insert-anc-20260517T090915Z,ready-rtc-pr15b-fallback-group-insert-anchor-green-on-pr14b,critical-path launch
2026-05-17T09:09:15Z,launch,validation branch-ready-rtc-pr14b-table-query-array-local-suffix-append ready/rtc-pr14b-table-query-array-local-suffix-append session=rtc-critical-validate-branch-ready-rtc-pr14b-table-query-array-local-s-20260517T090915Z,ready-rtc-pr14b-table-query-array-local-suffix-append,critical-path launch
2026-05-17T09:09:15Z,launch,validation branch-deferred-rtc-http-room-isolation-20260517t023739z deferred/rtc-http-room-isolation-20260517T023739Z session=rtc-critical-validate-branch-deferred-rtc-http-room-isolation-20260517-20260517T090915Z,deferred-rtc-http-room-isolation-20260517t023739z,deferred-family validation
2026-05-17T09:09:15Z,launch,validation branch-deferred-rtc-pre-save-search-live-collapse-20260517t022131z deferred/rtc-pre-save-search-live-collapse-20260517T022131Z session=rtc-critical-validate-branch-deferred-rtc-pre-save-search-live-collaps-20260517T090915Z,deferred-rtc-pre-save-search-live-collapse-20260517t022131z,deferred-family validation
2026-05-17T09:09:20Z,launch,continuation seed-5200005-reducer session=rtc-critical-continuation-seed-5200005-reducer-20260517T090915Z,seed-5200005-reducer,seed reducer/final-stack
2026-05-17T09:10:38Z,launch,validation branch-deferred-rtc-reload-hydration-20260517t062719z deferred/rtc-reload-hydration-20260517T062719Z session=rtc-critical-validate-branch-deferred-rtc-reload-hydration-20260517t06-20260517T091038Z,deferred-rtc-reload-hydration-20260517t062719z,deferred-family validation
2026-05-17T09:10:40Z,launch,validation branch-deferred-rtc-rich-text-suffix-corruption-20260517t022133z deferred/rtc-rich-text-suffix-corruption-20260517T022133Z session=rtc-critical-validate-branch-deferred-rtc-rich-text-suffix-corruption--20260517T091040Z,deferred-rtc-rich-text-suffix-corruption-20260517t022133z,deferred-family validation
2026-05-17T09:10:40Z,launch,validation branch-ready-rtc-pr06b-malformed-save-request-payload-minimal ready/rtc-pr06b-malformed-save-request-payload-minimal session=rtc-critical-validate-branch-ready-rtc-pr06b-malformed-save-request-pa-20260517T091040Z,ready-rtc-pr06b-malformed-save-request-payload-minimal,critical-path launch
2026-05-17T09:10:40Z,launch,validation branch-deferred-rtc-malformed-save-payload-20260517t012122z deferred/rtc-malformed-save-payload-20260517T012122Z session=rtc-critical-validate-branch-deferred-rtc-malformed-save-payload-20260-20260517T091040Z,deferred-rtc-malformed-save-payload-20260517t012122z,deferred-family validation
2026-05-17T09:11:59Z,launch,continuation seed-1060015-reducer session=rtc-critical-continuation-seed-1060015-reducer-20260517T091158Z,seed-1060015-reducer,seed reducer/final-stack
2026-05-17T09:15:50Z,launch,validation branch-deferred-rtc-reload-hydration-20260517t073541z deferred/rtc-reload-hydration-20260517T073541Z session=rtc-critical-validate-branch-deferred-rtc-reload-hydration-20260517t07-20260517T091550Z,deferred-rtc-reload-hydration-20260517t073541z,deferred-family validation
2026-05-17T09:22:55Z,launch,validation branch-ready-rtc-pr03b-browser-revision-restore-crdt-invalidation ready/rtc-pr03b-browser-revision-restore-crdt-invalidation session=rtc-critical-validate-branch-ready-rtc-pr03b-browser-revision-restore--20260517T092253Z,ready-rtc-pr03b-browser-revision-restore-crdt-invalidation,critical-path launch
2026-05-17T09:23:07Z,launch,validation branch-deferred-rtc-reload-hydration-20260517t055716z deferred/rtc-reload-hydration-20260517T055716Z session=rtc-critical-validate-branch-deferred-rtc-reload-hydration-20260517t05-20260517T092307Z,deferred-rtc-reload-hydration-20260517t055716z,deferred-family validation
2026-05-17T09:23:09Z,launch,validation branch-deferred-rtc-reload-hydration-20260517t045710z deferred/rtc-reload-hydration-20260517T045710Z session=rtc-critical-validate-branch-deferred-rtc-reload-hydration-20260517t04-20260517T092308Z,deferred-rtc-reload-hydration-20260517t045710z,deferred-family validation
2026-05-17T09:23:11Z,launch,validation branch-ready-rtc-pr07c-reload-record-snapshots ready/rtc-pr07c-reload-record-snapshots session=rtc-critical-validate-branch-ready-rtc-pr07c-reload-record-snapshots-20260517T092310Z,ready-rtc-pr07c-reload-record-snapshots,PR07C owner evidence
2026-05-17T09:23:12Z,launch,validation branch-deferred-rtc-reload-hydration-20260517t035704z deferred/rtc-reload-hydration-20260517T035704Z session=rtc-critical-validate-branch-deferred-rtc-reload-hydration-20260517t03-20260517T092311Z,deferred-rtc-reload-hydration-20260517t035704z,deferred-family validation
2026-05-17T09:23:12Z,launch,validation branch-ready-rtc-pr15c-fallback-group-delete-green-on-pr14b ready/rtc-pr15c-fallback-group-delete-green-on-pr14b session=rtc-critical-validate-branch-ready-rtc-pr15c-fallback-group-delete-gre-20260517T092312Z,ready-rtc-pr15c-fallback-group-delete-green-on-pr14b,critical-path launch
2026-05-17T09:23:13Z,launch,validation branch-ready-rtc-pr15a-fallback-group-move-green-on-pr14b ready/rtc-pr15a-fallback-group-move-green-on-pr14b session=rtc-critical-validate-branch-ready-rtc-pr15a-fallback-group-move-green-20260517T092313Z,ready-rtc-pr15a-fallback-group-move-green-on-pr14b,critical-path launch
2026-05-17T09:23:18Z,launch,continuation pr17-1020002 session=rtc-critical-continuation-pr17-1020002-20260517T092316Z,pr17-1020002,seed reducer/final-stack
2026-05-17T09:24:35Z,launch,validation branch-deferred-rtc-reload-hydration-20260517t065722z deferred/rtc-reload-hydration-20260517T065722Z session=rtc-critical-validate-branch-deferred-rtc-reload-hydration-20260517t06-20260517T092435Z,deferred-rtc-reload-hydration-20260517t065722z,deferred-family validation
2026-05-17T09:24:36Z,launch,validation branch-deferred-rtc-reload-hydration-20260517t042707z deferred/rtc-reload-hydration-20260517T042707Z session=rtc-critical-validate-branch-deferred-rtc-reload-hydration-20260517t04-20260517T092436Z,deferred-rtc-reload-hydration-20260517t042707z,deferred-family validation
2026-05-17T09:24:36Z,launch,validation branch-ready-rtc-pr15b-fallback-group-insert-anchor-green-on-pr14b ready/rtc-pr15b-fallback-group-insert-anchor-green-on-pr14b session=rtc-critical-validate-branch-ready-rtc-pr15b-fallback-group-insert-anc-20260517T092436Z,ready-rtc-pr15b-fallback-group-insert-anchor-green-on-pr14b,critical-path launch
2026-05-17T09:24:36Z,launch,validation branch-ready-rtc-pr14b-table-query-array-local-suffix-append ready/rtc-pr14b-table-query-array-local-suffix-append session=rtc-critical-validate-branch-ready-rtc-pr14b-table-query-array-local-s-20260517T092436Z,ready-rtc-pr14b-table-query-array-local-suffix-append,critical-path launch
2026-05-17T09:24:37Z,launch,validation branch-deferred-rtc-http-room-isolation-20260517t023739z deferred/rtc-http-room-isolation-20260517T023739Z session=rtc-critical-validate-branch-deferred-rtc-http-room-isolation-20260517-20260517T092437Z,deferred-rtc-http-room-isolation-20260517t023739z,deferred-family validation
2026-05-17T09:24:37Z,launch,validation branch-deferred-rtc-pre-save-search-live-collapse-20260517t022131z deferred/rtc-pre-save-search-live-collapse-20260517T022131Z session=rtc-critical-validate-branch-deferred-rtc-pre-save-search-live-collaps-20260517T092437Z,deferred-rtc-pre-save-search-live-collapse-20260517t022131z,deferred-family validation
2026-05-17T09:24:42Z,launch,continuation seed-5200005-reducer session=rtc-critical-continuation-seed-5200005-reducer-20260517T092437Z,seed-5200005-reducer,seed reducer/final-stack
2026-05-17T09:25:57Z,launch,validation branch-deferred-rtc-reload-hydration-20260517t062719z deferred/rtc-reload-hydration-20260517T062719Z session=rtc-critical-validate-branch-deferred-rtc-reload-hydration-20260517t06-20260517T092557Z,deferred-rtc-reload-hydration-20260517t062719z,deferred-family validation
2026-05-17T09:25:58Z,launch,validation branch-deferred-rtc-rich-text-suffix-corruption-20260517t022133z deferred/rtc-rich-text-suffix-corruption-20260517T022133Z session=rtc-critical-validate-branch-deferred-rtc-rich-text-suffix-corruption--20260517T092558Z,deferred-rtc-rich-text-suffix-corruption-20260517t022133z,deferred-family validation
2026-05-17T09:25:58Z,launch,validation branch-ready-rtc-pr06b-malformed-save-request-payload-minimal ready/rtc-pr06b-malformed-save-request-payload-minimal session=rtc-critical-validate-branch-ready-rtc-pr06b-malformed-save-request-pa-20260517T092558Z,ready-rtc-pr06b-malformed-save-request-payload-minimal,critical-path launch
2026-05-17T09:25:58Z,launch,validation branch-deferred-rtc-malformed-save-payload-20260517t012122z deferred/rtc-malformed-save-payload-20260517T012122Z session=rtc-critical-validate-branch-deferred-rtc-malformed-save-payload-20260-20260517T092558Z,deferred-rtc-malformed-save-payload-20260517t012122z,deferred-family validation
2026-05-17T09:27:16Z,launch,continuation seed-1060015-reducer session=rtc-critical-continuation-seed-1060015-reducer-20260517T092715Z,seed-1060015-reducer,seed reducer/final-stack
2026-05-17T09:31:04Z,launch,validation branch-deferred-rtc-reload-hydration-20260517t073541z deferred/rtc-reload-hydration-20260517T073541Z session=rtc-critical-validate-branch-deferred-rtc-reload-hydration-20260517t07-20260517T093104Z,deferred-rtc-reload-hydration-20260517t073541z,deferred-family validation
2026-05-17T09:38:41Z,launch,validation branch-ready-rtc-pr03b-browser-revision-restore-crdt-invalidation ready/rtc-pr03b-browser-revision-restore-crdt-invalidation session=rtc-critical-validate-branch-ready-rtc-pr03b-browser-revision-restore--20260517T093841Z,ready-rtc-pr03b-browser-revision-restore-crdt-invalidation,critical-path launch
2026-05-17T09:38:41Z,launch,validation branch-deferred-rtc-reload-hydration-20260517t055716z deferred/rtc-reload-hydration-20260517T055716Z session=rtc-critical-validate-branch-deferred-rtc-reload-hydration-20260517t05-20260517T093841Z,deferred-rtc-reload-hydration-20260517t055716z,deferred-family validation
2026-05-17T09:38:41Z,launch,validation branch-deferred-rtc-reload-hydration-20260517t045710z deferred/rtc-reload-hydration-20260517T045710Z session=rtc-critical-validate-branch-deferred-rtc-reload-hydration-20260517t04-20260517T093841Z,deferred-rtc-reload-hydration-20260517t045710z,deferred-family validation
2026-05-17T09:38:41Z,launch,validation branch-ready-rtc-pr07c-reload-record-snapshots ready/rtc-pr07c-reload-record-snapshots session=rtc-critical-validate-branch-ready-rtc-pr07c-reload-record-snapshots-20260517T093841Z,ready-rtc-pr07c-reload-record-snapshots,PR07C owner evidence
2026-05-17T09:38:41Z,launch,validation branch-deferred-rtc-reload-hydration-20260517t035704z deferred/rtc-reload-hydration-20260517T035704Z session=rtc-critical-validate-branch-deferred-rtc-reload-hydration-20260517t03-20260517T093841Z,deferred-rtc-reload-hydration-20260517t035704z,deferred-family validation
2026-05-17T09:38:41Z,launch,validation branch-ready-rtc-pr15c-fallback-group-delete-green-on-pr14b ready/rtc-pr15c-fallback-group-delete-green-on-pr14b session=rtc-critical-validate-branch-ready-rtc-pr15c-fallback-group-delete-gre-20260517T093841Z,ready-rtc-pr15c-fallback-group-delete-green-on-pr14b,critical-path launch
2026-05-17T09:38:44Z,launch,continuation pr17-1020002 session=rtc-critical-continuation-pr17-1020002-20260517T093842Z,pr17-1020002,seed reducer/final-stack
2026-05-17T09:40:00Z,launch,validation branch-deferred-rtc-reload-hydration-20260517t065722z deferred/rtc-reload-hydration-20260517T065722Z session=rtc-critical-validate-branch-deferred-rtc-reload-hydration-20260517t06-20260517T094000Z,deferred-rtc-reload-hydration-20260517t065722z,deferred-family validation
2026-05-17T09:40:00Z,launch,validation branch-deferred-rtc-reload-hydration-20260517t042707z deferred/rtc-reload-hydration-20260517T042707Z session=rtc-critical-validate-branch-deferred-rtc-reload-hydration-20260517t04-20260517T094000Z,deferred-rtc-reload-hydration-20260517t042707z,deferred-family validation
2026-05-17T09:40:00Z,launch,validation branch-ready-rtc-pr15a-fallback-group-move-green-on-pr14b ready/rtc-pr15a-fallback-group-move-green-on-pr14b session=rtc-critical-validate-branch-ready-rtc-pr15a-fallback-group-move-green-20260517T094000Z,ready-rtc-pr15a-fallback-group-move-green-on-pr14b,critical-path launch
2026-05-17T09:40:01Z,launch,validation branch-ready-rtc-pr15b-fallback-group-insert-anchor-green-on-pr14b ready/rtc-pr15b-fallback-group-insert-anchor-green-on-pr14b session=rtc-critical-validate-branch-ready-rtc-pr15b-fallback-group-insert-anc-20260517T094001Z,ready-rtc-pr15b-fallback-group-insert-anchor-green-on-pr14b,critical-path launch
2026-05-17T09:40:01Z,launch,validation branch-ready-rtc-pr14b-table-query-array-local-suffix-append ready/rtc-pr14b-table-query-array-local-suffix-append session=rtc-critical-validate-branch-ready-rtc-pr14b-table-query-array-local-s-20260517T094001Z,ready-rtc-pr14b-table-query-array-local-suffix-append,critical-path launch
2026-05-17T09:40:01Z,launch,validation branch-deferred-rtc-http-room-isolation-20260517t023739z deferred/rtc-http-room-isolation-20260517T023739Z session=rtc-critical-validate-branch-deferred-rtc-http-room-isolation-20260517-20260517T094001Z,deferred-rtc-http-room-isolation-20260517t023739z,deferred-family validation
2026-05-17T09:40:05Z,launch,continuation seed-5200005-reducer session=rtc-critical-continuation-seed-5200005-reducer-20260517T094001Z,seed-5200005-reducer,seed reducer/final-stack
2026-05-17T09:41:20Z,launch,validation branch-deferred-rtc-reload-hydration-20260517t062719z deferred/rtc-reload-hydration-20260517T062719Z session=rtc-critical-validate-branch-deferred-rtc-reload-hydration-20260517t06-20260517T094120Z,deferred-rtc-reload-hydration-20260517t062719z,deferred-family validation
2026-05-17T09:41:21Z,launch,validation branch-deferred-rtc-pre-save-search-live-collapse-20260517t022131z deferred/rtc-pre-save-search-live-collapse-20260517T022131Z session=rtc-critical-validate-branch-deferred-rtc-pre-save-search-live-collaps-20260517T094121Z,deferred-rtc-pre-save-search-live-collapse-20260517t022131z,deferred-family validation
2026-05-17T09:41:21Z,launch,validation branch-deferred-rtc-rich-text-suffix-corruption-20260517t022133z deferred/rtc-rich-text-suffix-corruption-20260517T022133Z session=rtc-critical-validate-branch-deferred-rtc-rich-text-suffix-corruption--20260517T094121Z,deferred-rtc-rich-text-suffix-corruption-20260517t022133z,deferred-family validation
2026-05-17T09:41:21Z,launch,validation branch-ready-rtc-pr06b-malformed-save-request-payload-minimal ready/rtc-pr06b-malformed-save-request-payload-minimal session=rtc-critical-validate-branch-ready-rtc-pr06b-malformed-save-request-pa-20260517T094121Z,ready-rtc-pr06b-malformed-save-request-payload-minimal,critical-path launch
2026-05-17T09:41:21Z,launch,validation branch-deferred-rtc-malformed-save-payload-20260517t012122z deferred/rtc-malformed-save-payload-20260517T012122Z session=rtc-critical-validate-branch-deferred-rtc-malformed-save-payload-20260-20260517T094121Z,deferred-rtc-malformed-save-payload-20260517t012122z,deferred-family validation
2026-05-17T09:42:38Z,launch,continuation seed-1060015-reducer session=rtc-critical-continuation-seed-1060015-reducer-20260517T094237Z,seed-1060015-reducer,seed reducer/final-stack
2026-05-17T09:46:25Z,launch,validation branch-deferred-rtc-reload-hydration-20260517t073541z deferred/rtc-reload-hydration-20260517T073541Z session=rtc-critical-validate-branch-deferred-rtc-reload-hydration-20260517t07-20260517T094625Z,deferred-rtc-reload-hydration-20260517t073541z,deferred-family validation
2026-05-17T09:50:19Z,launch,validation branch-deferred-rtc-reload-hydration-20260517t093634z deferred/rtc-reload-hydration-20260517T093634Z session=rtc-critical-validate-branch-deferred-rtc-reload-hydration-20260517t09-20260517T095019Z,deferred-rtc-reload-hydration-20260517t093634z,deferred-family validation
2026-05-17T09:54:10Z,launch,validation branch-ready-rtc-pr03b-browser-revision-restore-crdt-invalidation ready/rtc-pr03b-browser-revision-restore-crdt-invalidation session=rtc-critical-validate-branch-ready-rtc-pr03b-browser-revision-restore--20260517T095410Z,ready-rtc-pr03b-browser-revision-restore-crdt-invalidation,critical-path launch
2026-05-17T09:54:11Z,launch,validation branch-deferred-rtc-reload-hydration-20260517t055716z deferred/rtc-reload-hydration-20260517T055716Z session=rtc-critical-validate-branch-deferred-rtc-reload-hydration-20260517t05-20260517T095411Z,deferred-rtc-reload-hydration-20260517t055716z,deferred-family validation
2026-05-17T09:54:11Z,launch,validation branch-deferred-rtc-reload-hydration-20260517t045710z deferred/rtc-reload-hydration-20260517T045710Z session=rtc-critical-validate-branch-deferred-rtc-reload-hydration-20260517t04-20260517T095411Z,deferred-rtc-reload-hydration-20260517t045710z,deferred-family validation
2026-05-17T09:54:11Z,launch,validation branch-ready-rtc-pr07c-reload-record-snapshots ready/rtc-pr07c-reload-record-snapshots session=rtc-critical-validate-branch-ready-rtc-pr07c-reload-record-snapshots-20260517T095411Z,ready-rtc-pr07c-reload-record-snapshots,PR07C owner evidence
2026-05-17T09:54:11Z,launch,validation branch-deferred-rtc-reload-hydration-20260517t035704z deferred/rtc-reload-hydration-20260517T035704Z session=rtc-critical-validate-branch-deferred-rtc-reload-hydration-20260517t03-20260517T095411Z,deferred-rtc-reload-hydration-20260517t035704z,deferred-family validation
2026-05-17T09:54:11Z,launch,validation branch-ready-rtc-pr15c-fallback-group-delete-green-on-pr14b ready/rtc-pr15c-fallback-group-delete-green-on-pr14b session=rtc-critical-validate-branch-ready-rtc-pr15c-fallback-group-delete-gre-20260517T095411Z,ready-rtc-pr15c-fallback-group-delete-green-on-pr14b,critical-path launch
2026-05-17T09:54:14Z,launch,continuation pr17-1020002 session=rtc-critical-continuation-pr17-1020002-20260517T095411Z,pr17-1020002,seed reducer/final-stack
2026-05-17T09:55:29Z,launch,validation branch-deferred-rtc-reload-hydration-20260517t065722z deferred/rtc-reload-hydration-20260517T065722Z session=rtc-critical-validate-branch-deferred-rtc-reload-hydration-20260517t06-20260517T095529Z,deferred-rtc-reload-hydration-20260517t065722z,deferred-family validation
2026-05-17T09:55:30Z,launch,validation branch-deferred-rtc-reload-hydration-20260517t042707z deferred/rtc-reload-hydration-20260517T042707Z session=rtc-critical-validate-branch-deferred-rtc-reload-hydration-20260517t04-20260517T095530Z,deferred-rtc-reload-hydration-20260517t042707z,deferred-family validation
2026-05-17T09:55:30Z,launch,validation branch-ready-rtc-pr15a-fallback-group-move-green-on-pr14b ready/rtc-pr15a-fallback-group-move-green-on-pr14b session=rtc-critical-validate-branch-ready-rtc-pr15a-fallback-group-move-green-20260517T095530Z,ready-rtc-pr15a-fallback-group-move-green-on-pr14b,critical-path launch
2026-05-17T09:55:30Z,launch,validation branch-ready-rtc-pr15b-fallback-group-insert-anchor-green-on-pr14b ready/rtc-pr15b-fallback-group-insert-anchor-green-on-pr14b session=rtc-critical-validate-branch-ready-rtc-pr15b-fallback-group-insert-anc-20260517T095530Z,ready-rtc-pr15b-fallback-group-insert-anchor-green-on-pr14b,critical-path launch
2026-05-17T09:55:30Z,launch,validation branch-ready-rtc-pr14b-table-query-array-local-suffix-append ready/rtc-pr14b-table-query-array-local-suffix-append session=rtc-critical-validate-branch-ready-rtc-pr14b-table-query-array-local-s-20260517T095530Z,ready-rtc-pr14b-table-query-array-local-suffix-append,critical-path launch
2026-05-17T09:55:30Z,launch,validation branch-deferred-rtc-http-room-isolation-20260517t023739z deferred/rtc-http-room-isolation-20260517T023739Z session=rtc-critical-validate-branch-deferred-rtc-http-room-isolation-20260517-20260517T095530Z,deferred-rtc-http-room-isolation-20260517t023739z,deferred-family validation
2026-05-17T09:55:34Z,launch,continuation seed-5200005-reducer session=rtc-critical-continuation-seed-5200005-reducer-20260517T095531Z,seed-5200005-reducer,seed reducer/final-stack
2026-05-17T09:56:49Z,launch,validation branch-deferred-rtc-reload-hydration-20260517t062719z deferred/rtc-reload-hydration-20260517T062719Z session=rtc-critical-validate-branch-deferred-rtc-reload-hydration-20260517t06-20260517T095649Z,deferred-rtc-reload-hydration-20260517t062719z,deferred-family validation
2026-05-17T09:56:50Z,launch,validation branch-deferred-rtc-pre-save-search-live-collapse-20260517t022131z deferred/rtc-pre-save-search-live-collapse-20260517T022131Z session=rtc-critical-validate-branch-deferred-rtc-pre-save-search-live-collaps-20260517T095650Z,deferred-rtc-pre-save-search-live-collapse-20260517t022131z,deferred-family validation
2026-05-17T09:56:50Z,launch,validation branch-deferred-rtc-rich-text-suffix-corruption-20260517t022133z deferred/rtc-rich-text-suffix-corruption-20260517T022133Z session=rtc-critical-validate-branch-deferred-rtc-rich-text-suffix-corruption--20260517T095650Z,deferred-rtc-rich-text-suffix-corruption-20260517t022133z,deferred-family validation
2026-05-17T09:56:51Z,launch,validation branch-ready-rtc-pr06b-malformed-save-request-payload-minimal ready/rtc-pr06b-malformed-save-request-payload-minimal session=rtc-critical-validate-branch-ready-rtc-pr06b-malformed-save-request-pa-20260517T095650Z,ready-rtc-pr06b-malformed-save-request-payload-minimal,critical-path launch
2026-05-17T09:58:09Z,launch,continuation seed-1060015-reducer session=rtc-critical-continuation-seed-1060015-reducer-20260517T095807Z,seed-1060015-reducer,seed reducer/final-stack
2026-05-17T10:01:58Z,launch,validation branch-deferred-rtc-reload-hydration-20260517t073541z deferred/rtc-reload-hydration-20260517T073541Z session=rtc-critical-validate-branch-deferred-rtc-reload-hydration-20260517t07-20260517T100158Z,deferred-rtc-reload-hydration-20260517t073541z,deferred-family validation
2026-05-17T10:06:45Z,launch,validation branch-deferred-rtc-reload-hydration-20260517t093634z deferred/rtc-reload-hydration-20260517T093634Z session=rtc-critical-validate-branch-deferred-rtc-reload-hydration-20260517t09-20260517T100645Z,deferred-rtc-reload-hydration-20260517t093634z,deferred-family validation
2026-05-17T10:09:38Z,launch,validation branch-ready-rtc-pr03b-browser-revision-restore-crdt-invalidation ready/rtc-pr03b-browser-revision-restore-crdt-invalidation session=rtc-critical-validate-branch-ready-rtc-pr03b-browser-revision-restore--20260517T100938Z,ready-rtc-pr03b-browser-revision-restore-crdt-invalidation,critical-path launch
2026-05-17T10:09:39Z,launch,validation branch-deferred-rtc-reload-hydration-20260517t055716z deferred/rtc-reload-hydration-20260517T055716Z session=rtc-critical-validate-branch-deferred-rtc-reload-hydration-20260517t05-20260517T100939Z,deferred-rtc-reload-hydration-20260517t055716z,deferred-family validation
2026-05-17T10:09:39Z,launch,validation branch-deferred-rtc-reload-hydration-20260517t045710z deferred/rtc-reload-hydration-20260517T045710Z session=rtc-critical-validate-branch-deferred-rtc-reload-hydration-20260517t04-20260517T100939Z,deferred-rtc-reload-hydration-20260517t045710z,deferred-family validation
2026-05-17T10:09:39Z,launch,validation branch-ready-rtc-pr07c-reload-record-snapshots ready/rtc-pr07c-reload-record-snapshots session=rtc-critical-validate-branch-ready-rtc-pr07c-reload-record-snapshots-20260517T100939Z,ready-rtc-pr07c-reload-record-snapshots,PR07C owner evidence
2026-05-17T10:09:39Z,launch,validation branch-deferred-rtc-reload-hydration-20260517t035704z deferred/rtc-reload-hydration-20260517T035704Z session=rtc-critical-validate-branch-deferred-rtc-reload-hydration-20260517t03-20260517T100939Z,deferred-rtc-reload-hydration-20260517t035704z,deferred-family validation
2026-05-17T10:09:39Z,launch,validation branch-ready-rtc-pr15c-fallback-group-delete-green-on-pr14b ready/rtc-pr15c-fallback-group-delete-green-on-pr14b session=rtc-critical-validate-branch-ready-rtc-pr15c-fallback-group-delete-gre-20260517T100939Z,ready-rtc-pr15c-fallback-group-delete-green-on-pr14b,critical-path launch
2026-05-17T10:09:44Z,launch,continuation pr17-1020002 session=rtc-critical-continuation-pr17-1020002-20260517T100939Z,pr17-1020002,seed reducer/final-stack
2026-05-17T10:11:01Z,launch,validation branch-deferred-rtc-reload-hydration-20260517t100637z deferred/rtc-reload-hydration-20260517T100637Z session=rtc-critical-validate-branch-deferred-rtc-reload-hydration-20260517t10-20260517T101101Z,deferred-rtc-reload-hydration-20260517t100637z,deferred-family validation
2026-05-17T10:11:02Z,launch,validation branch-deferred-rtc-reload-hydration-20260517t065722z deferred/rtc-reload-hydration-20260517T065722Z session=rtc-critical-validate-branch-deferred-rtc-reload-hydration-20260517t06-20260517T101102Z,deferred-rtc-reload-hydration-20260517t065722z,deferred-family validation
2026-05-17T10:11:02Z,launch,validation branch-deferred-rtc-reload-hydration-20260517t042707z deferred/rtc-reload-hydration-20260517T042707Z session=rtc-critical-validate-branch-deferred-rtc-reload-hydration-20260517t04-20260517T101102Z,deferred-rtc-reload-hydration-20260517t042707z,deferred-family validation
2026-05-17T10:11:02Z,launch,validation branch-ready-rtc-pr15a-fallback-group-move-green-on-pr14b ready/rtc-pr15a-fallback-group-move-green-on-pr14b session=rtc-critical-validate-branch-ready-rtc-pr15a-fallback-group-move-green-20260517T101102Z,ready-rtc-pr15a-fallback-group-move-green-on-pr14b,critical-path launch
2026-05-17T10:11:02Z,launch,validation branch-ready-rtc-pr15b-fallback-group-insert-anchor-green-on-pr14b ready/rtc-pr15b-fallback-group-insert-anchor-green-on-pr14b session=rtc-critical-validate-branch-ready-rtc-pr15b-fallback-group-insert-anc-20260517T101102Z,ready-rtc-pr15b-fallback-group-insert-anchor-green-on-pr14b,critical-path launch
2026-05-17T10:11:03Z,launch,validation branch-ready-rtc-pr14b-table-query-array-local-suffix-append ready/rtc-pr14b-table-query-array-local-suffix-append session=rtc-critical-validate-branch-ready-rtc-pr14b-table-query-array-local-s-20260517T101103Z,ready-rtc-pr14b-table-query-array-local-suffix-append,critical-path launch
2026-05-17T10:11:08Z,launch,continuation seed-5200005-reducer session=rtc-critical-continuation-seed-5200005-reducer-20260517T101103Z,seed-5200005-reducer,seed reducer/final-stack
2026-05-17T10:12:25Z,launch,validation branch-deferred-rtc-reload-hydration-20260517t062719z deferred/rtc-reload-hydration-20260517T062719Z session=rtc-critical-validate-branch-deferred-rtc-reload-hydration-20260517t06-20260517T101225Z,deferred-rtc-reload-hydration-20260517t062719z,deferred-family validation
2026-05-17T10:12:26Z,launch,validation branch-deferred-rtc-http-room-isolation-20260517t023739z deferred/rtc-http-room-isolation-20260517T023739Z session=rtc-critical-validate-branch-deferred-rtc-http-room-isolation-20260517-20260517T101226Z,deferred-rtc-http-room-isolation-20260517t023739z,deferred-family validation
2026-05-17T10:12:26Z,launch,validation branch-deferred-rtc-pre-save-search-live-collapse-20260517t022131z deferred/rtc-pre-save-search-live-collapse-20260517T022131Z session=rtc-critical-validate-branch-deferred-rtc-pre-save-search-live-collaps-20260517T101226Z,deferred-rtc-pre-save-search-live-collapse-20260517t022131z,deferred-family validation
2026-05-17T10:12:27Z,launch,validation branch-deferred-rtc-rich-text-suffix-corruption-20260517t022133z deferred/rtc-rich-text-suffix-corruption-20260517T022133Z session=rtc-critical-validate-branch-deferred-rtc-rich-text-suffix-corruption--20260517T101227Z,deferred-rtc-rich-text-suffix-corruption-20260517t022133z,deferred-family validation
2026-05-17T10:13:46Z,launch,continuation seed-1060015-reducer session=rtc-critical-continuation-seed-1060015-reducer-20260517T101345Z,seed-1060015-reducer,seed reducer/final-stack
2026-05-17T10:17:46Z,launch,validation branch-deferred-rtc-reload-hydration-20260517t073541z deferred/rtc-reload-hydration-20260517T073541Z session=rtc-critical-validate-branch-deferred-rtc-reload-hydration-20260517t07-20260517T101746Z,deferred-rtc-reload-hydration-20260517t073541z,deferred-family validation
2026-05-17T10:23:05Z,launch,validation branch-deferred-rtc-reload-hydration-20260517t093634z deferred/rtc-reload-hydration-20260517T093634Z session=rtc-critical-validate-branch-deferred-rtc-reload-hydration-20260517t09-20260517T102304Z,deferred-rtc-reload-hydration-20260517t093634z,deferred-family validation
2026-05-17T10:25:41Z,launch,validation branch-ready-rtc-pr03b-browser-revision-restore-crdt-invalidation ready/rtc-pr03b-browser-revision-restore-crdt-invalidation session=rtc-critical-validate-branch-ready-rtc-pr03b-browser-revision-restore--20260517T102541Z,ready-rtc-pr03b-browser-revision-restore-crdt-invalidation,critical-path launch
2026-05-17T10:25:41Z,launch,validation branch-deferred-rtc-reload-hydration-20260517t055716z deferred/rtc-reload-hydration-20260517T055716Z session=rtc-critical-validate-branch-deferred-rtc-reload-hydration-20260517t05-20260517T102541Z,deferred-rtc-reload-hydration-20260517t055716z,deferred-family validation
2026-05-17T10:25:41Z,launch,validation branch-deferred-rtc-reload-hydration-20260517t045710z deferred/rtc-reload-hydration-20260517T045710Z session=rtc-critical-validate-branch-deferred-rtc-reload-hydration-20260517t04-20260517T102541Z,deferred-rtc-reload-hydration-20260517t045710z,deferred-family validation
2026-05-17T10:25:41Z,launch,validation branch-ready-rtc-pr07c-reload-record-snapshots ready/rtc-pr07c-reload-record-snapshots session=rtc-critical-validate-branch-ready-rtc-pr07c-reload-record-snapshots-20260517T102541Z,ready-rtc-pr07c-reload-record-snapshots,PR07C owner evidence
2026-05-17T10:25:42Z,launch,validation branch-deferred-rtc-reload-hydration-20260517t035704z deferred/rtc-reload-hydration-20260517T035704Z session=rtc-critical-validate-branch-deferred-rtc-reload-hydration-20260517t03-20260517T102541Z,deferred-rtc-reload-hydration-20260517t035704z,deferred-family validation
2026-05-17T10:25:42Z,launch,validation branch-ready-rtc-pr15c-fallback-group-delete-green-on-pr14b ready/rtc-pr15c-fallback-group-delete-green-on-pr14b session=rtc-critical-validate-branch-ready-rtc-pr15c-fallback-group-delete-gre-20260517T102542Z,ready-rtc-pr15c-fallback-group-delete-green-on-pr14b,critical-path launch
2026-05-17T10:25:45Z,launch,continuation pr17-1020002 session=rtc-critical-continuation-pr17-1020002-20260517T102542Z,pr17-1020002,seed reducer/final-stack
2026-05-17T10:27:03Z,launch,validation branch-deferred-rtc-reload-hydration-20260517t100637z deferred/rtc-reload-hydration-20260517T100637Z session=rtc-critical-validate-branch-deferred-rtc-reload-hydration-20260517t10-20260517T102703Z,deferred-rtc-reload-hydration-20260517t100637z,deferred-family validation
2026-05-17T10:27:03Z,launch,validation branch-deferred-rtc-reload-hydration-20260517t065722z deferred/rtc-reload-hydration-20260517T065722Z session=rtc-critical-validate-branch-deferred-rtc-reload-hydration-20260517t06-20260517T102703Z,deferred-rtc-reload-hydration-20260517t065722z,deferred-family validation
2026-05-17T10:27:03Z,launch,validation branch-deferred-rtc-reload-hydration-20260517t042707z deferred/rtc-reload-hydration-20260517T042707Z session=rtc-critical-validate-branch-deferred-rtc-reload-hydration-20260517t04-20260517T102703Z,deferred-rtc-reload-hydration-20260517t042707z,deferred-family validation
2026-05-17T10:27:04Z,launch,validation branch-ready-rtc-pr15a-fallback-group-move-green-on-pr14b ready/rtc-pr15a-fallback-group-move-green-on-pr14b session=rtc-critical-validate-branch-ready-rtc-pr15a-fallback-group-move-green-20260517T102704Z,ready-rtc-pr15a-fallback-group-move-green-on-pr14b,critical-path launch
2026-05-17T10:27:04Z,launch,validation branch-ready-rtc-pr15b-fallback-group-insert-anchor-green-on-pr14b ready/rtc-pr15b-fallback-group-insert-anchor-green-on-pr14b session=rtc-critical-validate-branch-ready-rtc-pr15b-fallback-group-insert-anc-20260517T102704Z,ready-rtc-pr15b-fallback-group-insert-anchor-green-on-pr14b,critical-path launch
2026-05-17T10:27:04Z,launch,validation branch-ready-rtc-pr14b-table-query-array-local-suffix-append ready/rtc-pr14b-table-query-array-local-suffix-append session=rtc-critical-validate-branch-ready-rtc-pr14b-table-query-array-local-s-20260517T102704Z,ready-rtc-pr14b-table-query-array-local-suffix-append,critical-path launch
2026-05-17T10:27:09Z,launch,continuation seed-5200005-reducer session=rtc-critical-continuation-seed-5200005-reducer-20260517T102704Z,seed-5200005-reducer,seed reducer/final-stack
2026-05-17T10:28:27Z,launch,validation branch-deferred-rtc-reload-hydration-20260517t062719z deferred/rtc-reload-hydration-20260517T062719Z session=rtc-critical-validate-branch-deferred-rtc-reload-hydration-20260517t06-20260517T102827Z,deferred-rtc-reload-hydration-20260517t062719z,deferred-family validation
2026-05-17T10:28:28Z,launch,validation branch-deferred-rtc-http-room-isolation-20260517t023739z deferred/rtc-http-room-isolation-20260517T023739Z session=rtc-critical-validate-branch-deferred-rtc-http-room-isolation-20260517-20260517T102828Z,deferred-rtc-http-room-isolation-20260517t023739z,deferred-family validation
2026-05-17T10:28:28Z,launch,validation branch-deferred-rtc-pre-save-search-live-collapse-20260517t022131z deferred/rtc-pre-save-search-live-collapse-20260517T022131Z session=rtc-critical-validate-branch-deferred-rtc-pre-save-search-live-collaps-20260517T102828Z,deferred-rtc-pre-save-search-live-collapse-20260517t022131z,deferred-family validation
2026-05-17T10:28:29Z,launch,validation branch-deferred-rtc-rich-text-suffix-corruption-20260517t022133z deferred/rtc-rich-text-suffix-corruption-20260517T022133Z session=rtc-critical-validate-branch-deferred-rtc-rich-text-suffix-corruption--20260517T102829Z,deferred-rtc-rich-text-suffix-corruption-20260517t022133z,deferred-family validation
2026-05-17T10:29:48Z,launch,continuation seed-1060015-reducer session=rtc-critical-continuation-seed-1060015-reducer-20260517T102947Z,seed-1060015-reducer,seed reducer/final-stack
2026-05-17T10:33:43Z,launch,validation branch-deferred-rtc-reload-hydration-20260517t073541z deferred/rtc-reload-hydration-20260517T073541Z session=rtc-critical-validate-branch-deferred-rtc-reload-hydration-20260517t07-20260517T103343Z,deferred-rtc-reload-hydration-20260517t073541z,deferred-family validation
2026-05-17T10:38:57Z,launch,validation branch-deferred-rtc-reload-hydration-20260517t093634z deferred/rtc-reload-hydration-20260517T093634Z session=rtc-critical-validate-branch-deferred-rtc-reload-hydration-20260517t09-20260517T103857Z,deferred-rtc-reload-hydration-20260517t093634z,deferred-family validation
2026-05-17T10:41:35Z,launch,validation branch-ready-rtc-pr03b-browser-revision-restore-crdt-invalidation ready/rtc-pr03b-browser-revision-restore-crdt-invalidation session=rtc-critical-validate-branch-ready-rtc-pr03b-browser-revision-restore--20260517T104135Z,ready-rtc-pr03b-browser-revision-restore-crdt-invalidation,critical-path launch
2026-05-17T10:41:35Z,launch,validation branch-deferred-rtc-reload-hydration-20260517t055716z deferred/rtc-reload-hydration-20260517T055716Z session=rtc-critical-validate-branch-deferred-rtc-reload-hydration-20260517t05-20260517T104135Z,deferred-rtc-reload-hydration-20260517t055716z,deferred-family validation
2026-05-17T10:41:36Z,launch,validation branch-deferred-rtc-reload-hydration-20260517t045710z deferred/rtc-reload-hydration-20260517T045710Z session=rtc-critical-validate-branch-deferred-rtc-reload-hydration-20260517t04-20260517T104136Z,deferred-rtc-reload-hydration-20260517t045710z,deferred-family validation
2026-05-17T10:41:36Z,launch,validation branch-ready-rtc-pr07c-reload-record-snapshots ready/rtc-pr07c-reload-record-snapshots session=rtc-critical-validate-branch-ready-rtc-pr07c-reload-record-snapshots-20260517T104136Z,ready-rtc-pr07c-reload-record-snapshots,PR07C owner evidence
2026-05-17T10:41:36Z,launch,validation branch-deferred-rtc-reload-hydration-20260517t035704z deferred/rtc-reload-hydration-20260517T035704Z session=rtc-critical-validate-branch-deferred-rtc-reload-hydration-20260517t03-20260517T104136Z,deferred-rtc-reload-hydration-20260517t035704z,deferred-family validation
2026-05-17T10:41:36Z,launch,validation branch-ready-rtc-pr15c-fallback-group-delete-green-on-pr14b ready/rtc-pr15c-fallback-group-delete-green-on-pr14b session=rtc-critical-validate-branch-ready-rtc-pr15c-fallback-group-delete-gre-20260517T104136Z,ready-rtc-pr15c-fallback-group-delete-green-on-pr14b,critical-path launch
2026-05-17T10:41:41Z,launch,continuation pr17-1020002 session=rtc-critical-continuation-pr17-1020002-20260517T104136Z,pr17-1020002,seed reducer/final-stack
2026-05-17T10:42:59Z,launch,validation branch-deferred-rtc-reload-hydration-20260517t100637z deferred/rtc-reload-hydration-20260517T100637Z session=rtc-critical-validate-branch-deferred-rtc-reload-hydration-20260517t10-20260517T104259Z,deferred-rtc-reload-hydration-20260517t100637z,deferred-family validation
2026-05-17T10:42:59Z,launch,validation branch-deferred-rtc-reload-hydration-20260517t065722z deferred/rtc-reload-hydration-20260517T065722Z session=rtc-critical-validate-branch-deferred-rtc-reload-hydration-20260517t06-20260517T104259Z,deferred-rtc-reload-hydration-20260517t065722z,deferred-family validation
2026-05-17T10:42:59Z,launch,validation branch-deferred-rtc-reload-hydration-20260517t042707z deferred/rtc-reload-hydration-20260517T042707Z session=rtc-critical-validate-branch-deferred-rtc-reload-hydration-20260517t04-20260517T104259Z,deferred-rtc-reload-hydration-20260517t042707z,deferred-family validation
2026-05-17T10:43:00Z,launch,validation branch-ready-rtc-pr15a-fallback-group-move-green-on-pr14b ready/rtc-pr15a-fallback-group-move-green-on-pr14b session=rtc-critical-validate-branch-ready-rtc-pr15a-fallback-group-move-green-20260517T104300Z,ready-rtc-pr15a-fallback-group-move-green-on-pr14b,critical-path launch
2026-05-17T10:43:00Z,launch,validation branch-ready-rtc-pr15b-fallback-group-insert-anchor-green-on-pr14b ready/rtc-pr15b-fallback-group-insert-anchor-green-on-pr14b session=rtc-critical-validate-branch-ready-rtc-pr15b-fallback-group-insert-anc-20260517T104300Z,ready-rtc-pr15b-fallback-group-insert-anchor-green-on-pr14b,critical-path launch
2026-05-17T10:43:00Z,launch,validation branch-ready-rtc-pr14b-table-query-array-local-suffix-append ready/rtc-pr14b-table-query-array-local-suffix-append session=rtc-critical-validate-branch-ready-rtc-pr14b-table-query-array-local-s-20260517T104300Z,ready-rtc-pr14b-table-query-array-local-suffix-append,critical-path launch
2026-05-17T10:43:03Z,launch,continuation seed-5200005-reducer session=rtc-critical-continuation-seed-5200005-reducer-20260517T104300Z,seed-5200005-reducer,seed reducer/final-stack
2026-05-17T10:44:21Z,launch,validation branch-deferred-rtc-reload-hydration-20260517t062719z deferred/rtc-reload-hydration-20260517T062719Z session=rtc-critical-validate-branch-deferred-rtc-reload-hydration-20260517t06-20260517T104421Z,deferred-rtc-reload-hydration-20260517t062719z,deferred-family validation
2026-05-17T10:44:22Z,launch,validation branch-deferred-rtc-http-room-isolation-20260517t023739z deferred/rtc-http-room-isolation-20260517T023739Z session=rtc-critical-validate-branch-deferred-rtc-http-room-isolation-20260517-20260517T104422Z,deferred-rtc-http-room-isolation-20260517t023739z,deferred-family validation
2026-05-17T10:44:22Z,launch,validation branch-deferred-rtc-pre-save-search-live-collapse-20260517t022131z deferred/rtc-pre-save-search-live-collapse-20260517T022131Z session=rtc-critical-validate-branch-deferred-rtc-pre-save-search-live-collaps-20260517T104422Z,deferred-rtc-pre-save-search-live-collapse-20260517t022131z,deferred-family validation
2026-05-17T10:44:22Z,launch,validation branch-deferred-rtc-rich-text-suffix-corruption-20260517t022133z deferred/rtc-rich-text-suffix-corruption-20260517T022133Z session=rtc-critical-validate-branch-deferred-rtc-rich-text-suffix-corruption--20260517T104422Z,deferred-rtc-rich-text-suffix-corruption-20260517t022133z,deferred-family validation
2026-05-17T10:45:44Z,launch,continuation seed-1060015-reducer session=rtc-critical-continuation-seed-1060015-reducer-20260517T104542Z,seed-1060015-reducer,seed reducer/final-stack
2026-05-17T10:49:41Z,launch,validation branch-deferred-rtc-reload-hydration-20260517t073541z deferred/rtc-reload-hydration-20260517T073541Z session=rtc-critical-validate-branch-deferred-rtc-reload-hydration-20260517t07-20260517T104941Z,deferred-rtc-reload-hydration-20260517t073541z,deferred-family validation
2026-05-17T10:54:26Z,launch,validation branch-deferred-rtc-reload-hydration-20260517t093634z deferred/rtc-reload-hydration-20260517T093634Z session=rtc-critical-validate-branch-deferred-rtc-reload-hydration-20260517t09-20260517T105426Z,deferred-rtc-reload-hydration-20260517t093634z,deferred-family validation
2026-05-17T10:57:04Z,launch,validation branch-ready-rtc-pr03b-browser-revision-restore-crdt-invalidation ready/rtc-pr03b-browser-revision-restore-crdt-invalidation session=rtc-critical-validate-branch-ready-rtc-pr03b-browser-revision-restore--20260517T105704Z,ready-rtc-pr03b-browser-revision-restore-crdt-invalidation,critical-path launch
2026-05-17T10:57:05Z,launch,validation branch-deferred-rtc-reload-hydration-20260517t055716z deferred/rtc-reload-hydration-20260517T055716Z session=rtc-critical-validate-branch-deferred-rtc-reload-hydration-20260517t05-20260517T105705Z,deferred-rtc-reload-hydration-20260517t055716z,deferred-family validation
2026-05-17T10:57:05Z,launch,validation branch-deferred-rtc-reload-hydration-20260517t045710z deferred/rtc-reload-hydration-20260517T045710Z session=rtc-critical-validate-branch-deferred-rtc-reload-hydration-20260517t04-20260517T105705Z,deferred-rtc-reload-hydration-20260517t045710z,deferred-family validation
2026-05-17T10:57:05Z,launch,validation branch-ready-rtc-pr07c-reload-record-snapshots ready/rtc-pr07c-reload-record-snapshots session=rtc-critical-validate-branch-ready-rtc-pr07c-reload-record-snapshots-20260517T105705Z,ready-rtc-pr07c-reload-record-snapshots,PR07C owner evidence
2026-05-17T10:57:05Z,launch,validation branch-deferred-rtc-reload-hydration-20260517t035704z deferred/rtc-reload-hydration-20260517T035704Z session=rtc-critical-validate-branch-deferred-rtc-reload-hydration-20260517t03-20260517T105705Z,deferred-rtc-reload-hydration-20260517t035704z,deferred-family validation
2026-05-17T10:57:05Z,launch,validation branch-ready-rtc-pr15c-fallback-group-delete-green-on-pr14b ready/rtc-pr15c-fallback-group-delete-green-on-pr14b session=rtc-critical-validate-branch-ready-rtc-pr15c-fallback-group-delete-gre-20260517T105705Z,ready-rtc-pr15c-fallback-group-delete-green-on-pr14b,critical-path launch
2026-05-17T10:57:10Z,launch,continuation pr17-1020002 session=rtc-critical-continuation-pr17-1020002-20260517T105705Z,pr17-1020002,seed reducer/final-stack
2026-05-17T10:58:30Z,launch,validation branch-deferred-rtc-reload-hydration-20260517t100637z deferred/rtc-reload-hydration-20260517T100637Z session=rtc-critical-validate-branch-deferred-rtc-reload-hydration-20260517t10-20260517T105830Z,deferred-rtc-reload-hydration-20260517t100637z,deferred-family validation
2026-05-17T10:58:30Z,launch,validation branch-deferred-rtc-reload-hydration-20260517t065722z deferred/rtc-reload-hydration-20260517T065722Z session=rtc-critical-validate-branch-deferred-rtc-reload-hydration-20260517t06-20260517T105830Z,deferred-rtc-reload-hydration-20260517t065722z,deferred-family validation
2026-05-17T10:58:31Z,launch,validation branch-deferred-rtc-reload-hydration-20260517t042707z deferred/rtc-reload-hydration-20260517T042707Z session=rtc-critical-validate-branch-deferred-rtc-reload-hydration-20260517t04-20260517T105831Z,deferred-rtc-reload-hydration-20260517t042707z,deferred-family validation
2026-05-17T10:58:31Z,launch,validation branch-ready-rtc-pr15a-fallback-group-move-green-on-pr14b ready/rtc-pr15a-fallback-group-move-green-on-pr14b session=rtc-critical-validate-branch-ready-rtc-pr15a-fallback-group-move-green-20260517T105831Z,ready-rtc-pr15a-fallback-group-move-green-on-pr14b,critical-path launch
2026-05-17T10:58:31Z,launch,validation branch-ready-rtc-pr15b-fallback-group-insert-anchor-green-on-pr14b ready/rtc-pr15b-fallback-group-insert-anchor-green-on-pr14b session=rtc-critical-validate-branch-ready-rtc-pr15b-fallback-group-insert-anc-20260517T105831Z,ready-rtc-pr15b-fallback-group-insert-anchor-green-on-pr14b,critical-path launch
2026-05-17T10:58:31Z,launch,validation branch-ready-rtc-pr14b-table-query-array-local-suffix-append ready/rtc-pr14b-table-query-array-local-suffix-append session=rtc-critical-validate-branch-ready-rtc-pr14b-table-query-array-local-s-20260517T105831Z,ready-rtc-pr14b-table-query-array-local-suffix-append,critical-path launch
2026-05-17T10:58:36Z,launch,continuation seed-5200005-reducer session=rtc-critical-continuation-seed-5200005-reducer-20260517T105832Z,seed-5200005-reducer,seed reducer/final-stack
2026-05-17T10:59:55Z,launch,validation branch-deferred-rtc-reload-hydration-20260517t062719z deferred/rtc-reload-hydration-20260517T062719Z session=rtc-critical-validate-branch-deferred-rtc-reload-hydration-20260517t06-20260517T105955Z,deferred-rtc-reload-hydration-20260517t062719z,deferred-family validation
2026-05-17T10:59:55Z,launch,validation branch-deferred-rtc-http-room-isolation-20260517t023739z deferred/rtc-http-room-isolation-20260517T023739Z session=rtc-critical-validate-branch-deferred-rtc-http-room-isolation-20260517-20260517T105955Z,deferred-rtc-http-room-isolation-20260517t023739z,deferred-family validation
2026-05-17T10:59:56Z,launch,validation branch-deferred-rtc-pre-save-search-live-collapse-20260517t022131z deferred/rtc-pre-save-search-live-collapse-20260517T022131Z session=rtc-critical-validate-branch-deferred-rtc-pre-save-search-live-collaps-20260517T105956Z,deferred-rtc-pre-save-search-live-collapse-20260517t022131z,deferred-family validation
2026-05-17T10:59:56Z,launch,validation branch-deferred-rtc-rich-text-suffix-corruption-20260517t022133z deferred/rtc-rich-text-suffix-corruption-20260517T022133Z session=rtc-critical-validate-branch-deferred-rtc-rich-text-suffix-corruption--20260517T105956Z,deferred-rtc-rich-text-suffix-corruption-20260517t022133z,deferred-family validation
2026-05-17T11:01:16Z,launch,continuation seed-1060015-reducer session=rtc-critical-continuation-seed-1060015-reducer-20260517T110115Z,seed-1060015-reducer,seed reducer/final-stack
2026-05-17T11:05:13Z,launch,validation branch-deferred-rtc-reload-hydration-20260517t073541z deferred/rtc-reload-hydration-20260517T073541Z session=rtc-critical-validate-branch-deferred-rtc-reload-hydration-20260517t07-20260517T110513Z,deferred-rtc-reload-hydration-20260517t073541z,deferred-family validation
2026-05-17T11:10:32Z,launch,validation branch-deferred-rtc-reload-hydration-20260517t093634z deferred/rtc-reload-hydration-20260517T093634Z session=rtc-critical-validate-branch-deferred-rtc-reload-hydration-20260517t09-20260517T111032Z,deferred-rtc-reload-hydration-20260517t093634z,deferred-family validation
2026-05-17T11:13:11Z,launch,validation branch-ready-rtc-pr03b-browser-revision-restore-crdt-invalidation ready/rtc-pr03b-browser-revision-restore-crdt-invalidation session=rtc-critical-validate-branch-ready-rtc-pr03b-browser-revision-restore--20260517T111311Z,ready-rtc-pr03b-browser-revision-restore-crdt-invalidation,critical-path launch
2026-05-17T11:13:11Z,launch,validation branch-deferred-rtc-reload-hydration-20260517t055716z deferred/rtc-reload-hydration-20260517T055716Z session=rtc-critical-validate-branch-deferred-rtc-reload-hydration-20260517t05-20260517T111311Z,deferred-rtc-reload-hydration-20260517t055716z,deferred-family validation
2026-05-17T11:13:11Z,launch,validation branch-deferred-rtc-reload-hydration-20260517t045710z deferred/rtc-reload-hydration-20260517T045710Z session=rtc-critical-validate-branch-deferred-rtc-reload-hydration-20260517t04-20260517T111311Z,deferred-rtc-reload-hydration-20260517t045710z,deferred-family validation
2026-05-17T11:13:11Z,launch,validation branch-ready-rtc-pr07c-reload-record-snapshots ready/rtc-pr07c-reload-record-snapshots session=rtc-critical-validate-branch-ready-rtc-pr07c-reload-record-snapshots-20260517T111311Z,ready-rtc-pr07c-reload-record-snapshots,PR07C owner evidence
2026-05-17T11:13:12Z,launch,validation branch-deferred-rtc-reload-hydration-20260517t035704z deferred/rtc-reload-hydration-20260517T035704Z session=rtc-critical-validate-branch-deferred-rtc-reload-hydration-20260517t03-20260517T111311Z,deferred-rtc-reload-hydration-20260517t035704z,deferred-family validation
2026-05-17T11:13:12Z,launch,validation branch-ready-rtc-pr15c-fallback-group-delete-green-on-pr14b ready/rtc-pr15c-fallback-group-delete-green-on-pr14b session=rtc-critical-validate-branch-ready-rtc-pr15c-fallback-group-delete-gre-20260517T111312Z,ready-rtc-pr15c-fallback-group-delete-green-on-pr14b,critical-path launch
2026-05-17T11:13:16Z,launch,continuation pr17-1020002 session=rtc-critical-continuation-pr17-1020002-20260517T111312Z,pr17-1020002,seed reducer/final-stack
2026-05-17T11:14:36Z,launch,validation branch-deferred-rtc-reload-hydration-20260517t100637z deferred/rtc-reload-hydration-20260517T100637Z session=rtc-critical-validate-branch-deferred-rtc-reload-hydration-20260517t10-20260517T111436Z,deferred-rtc-reload-hydration-20260517t100637z,deferred-family validation
2026-05-17T11:14:36Z,launch,validation branch-deferred-rtc-reload-hydration-20260517t065722z deferred/rtc-reload-hydration-20260517T065722Z session=rtc-critical-validate-branch-deferred-rtc-reload-hydration-20260517t06-20260517T111436Z,deferred-rtc-reload-hydration-20260517t065722z,deferred-family validation
2026-05-17T11:14:36Z,launch,validation branch-deferred-rtc-reload-hydration-20260517t042707z deferred/rtc-reload-hydration-20260517T042707Z session=rtc-critical-validate-branch-deferred-rtc-reload-hydration-20260517t04-20260517T111436Z,deferred-rtc-reload-hydration-20260517t042707z,deferred-family validation
2026-05-17T11:14:37Z,launch,validation branch-ready-rtc-pr15a-fallback-group-move-green-on-pr14b ready/rtc-pr15a-fallback-group-move-green-on-pr14b session=rtc-critical-validate-branch-ready-rtc-pr15a-fallback-group-move-green-20260517T111437Z,ready-rtc-pr15a-fallback-group-move-green-on-pr14b,critical-path launch
2026-05-17T11:14:37Z,launch,validation branch-ready-rtc-pr15b-fallback-group-insert-anchor-green-on-pr14b ready/rtc-pr15b-fallback-group-insert-anchor-green-on-pr14b session=rtc-critical-validate-branch-ready-rtc-pr15b-fallback-group-insert-anc-20260517T111437Z,ready-rtc-pr15b-fallback-group-insert-anchor-green-on-pr14b,critical-path launch
2026-05-17T11:14:37Z,launch,validation branch-ready-rtc-pr14b-table-query-array-local-suffix-append ready/rtc-pr14b-table-query-array-local-suffix-append session=rtc-critical-validate-branch-ready-rtc-pr14b-table-query-array-local-s-20260517T111437Z,ready-rtc-pr14b-table-query-array-local-suffix-append,critical-path launch
2026-05-17T11:14:41Z,launch,continuation seed-5200005-reducer session=rtc-critical-continuation-seed-5200005-reducer-20260517T111437Z,seed-5200005-reducer,seed reducer/final-stack
2026-05-17T11:16:00Z,launch,validation branch-deferred-rtc-reload-hydration-20260517t062719z deferred/rtc-reload-hydration-20260517T062719Z session=rtc-critical-validate-branch-deferred-rtc-reload-hydration-20260517t06-20260517T111559Z,deferred-rtc-reload-hydration-20260517t062719z,deferred-family validation
2026-05-17T11:16:00Z,launch,validation branch-deferred-rtc-http-room-isolation-20260517t023739z deferred/rtc-http-room-isolation-20260517T023739Z session=rtc-critical-validate-branch-deferred-rtc-http-room-isolation-20260517-20260517T111600Z,deferred-rtc-http-room-isolation-20260517t023739z,deferred-family validation
2026-05-17T11:16:00Z,launch,validation branch-deferred-rtc-pre-save-search-live-collapse-20260517t022131z deferred/rtc-pre-save-search-live-collapse-20260517T022131Z session=rtc-critical-validate-branch-deferred-rtc-pre-save-search-live-collaps-20260517T111600Z,deferred-rtc-pre-save-search-live-collapse-20260517t022131z,deferred-family validation
2026-05-17T11:16:00Z,launch,validation branch-deferred-rtc-rich-text-suffix-corruption-20260517t022133z deferred/rtc-rich-text-suffix-corruption-20260517T022133Z session=rtc-critical-validate-branch-deferred-rtc-rich-text-suffix-corruption--20260517T111600Z,deferred-rtc-rich-text-suffix-corruption-20260517t022133z,deferred-family validation
2026-05-17T11:17:22Z,launch,continuation seed-1060015-reducer session=rtc-critical-continuation-seed-1060015-reducer-20260517T111720Z,seed-1060015-reducer,seed reducer/final-stack
2026-05-17T11:21:19Z,launch,validation branch-deferred-rtc-reload-hydration-20260517t073541z deferred/rtc-reload-hydration-20260517T073541Z session=rtc-critical-validate-branch-deferred-rtc-reload-hydration-20260517t07-20260517T112119Z,deferred-rtc-reload-hydration-20260517t073541z,deferred-family validation
2026-05-17T11:26:40Z,launch,validation branch-deferred-rtc-reload-hydration-20260517t093634z deferred/rtc-reload-hydration-20260517T093634Z session=rtc-critical-validate-branch-deferred-rtc-reload-hydration-20260517t09-20260517T112640Z,deferred-rtc-reload-hydration-20260517t093634z,deferred-family validation
2026-05-17T11:29:19Z,launch,validation branch-ready-rtc-pr03b-browser-revision-restore-crdt-invalidation ready/rtc-pr03b-browser-revision-restore-crdt-invalidation session=rtc-critical-validate-branch-ready-rtc-pr03b-browser-revision-restore--20260517T112919Z,ready-rtc-pr03b-browser-revision-restore-crdt-invalidation,critical-path launch
2026-05-17T11:29:20Z,launch,validation branch-deferred-rtc-reload-hydration-20260517t055716z deferred/rtc-reload-hydration-20260517T055716Z session=rtc-critical-validate-branch-deferred-rtc-reload-hydration-20260517t05-20260517T112920Z,deferred-rtc-reload-hydration-20260517t055716z,deferred-family validation
2026-05-17T11:29:20Z,launch,validation branch-deferred-rtc-reload-hydration-20260517t045710z deferred/rtc-reload-hydration-20260517T045710Z session=rtc-critical-validate-branch-deferred-rtc-reload-hydration-20260517t04-20260517T112920Z,deferred-rtc-reload-hydration-20260517t045710z,deferred-family validation
2026-05-17T11:29:20Z,launch,validation branch-ready-rtc-pr07c-reload-record-snapshots ready/rtc-pr07c-reload-record-snapshots session=rtc-critical-validate-branch-ready-rtc-pr07c-reload-record-snapshots-20260517T112920Z,ready-rtc-pr07c-reload-record-snapshots,PR07C owner evidence
2026-05-17T11:29:20Z,launch,validation branch-deferred-rtc-reload-hydration-20260517t035704z deferred/rtc-reload-hydration-20260517T035704Z session=rtc-critical-validate-branch-deferred-rtc-reload-hydration-20260517t03-20260517T112920Z,deferred-rtc-reload-hydration-20260517t035704z,deferred-family validation
2026-05-17T11:29:20Z,launch,validation branch-ready-rtc-pr15c-fallback-group-delete-green-on-pr14b ready/rtc-pr15c-fallback-group-delete-green-on-pr14b session=rtc-critical-validate-branch-ready-rtc-pr15c-fallback-group-delete-gre-20260517T112920Z,ready-rtc-pr15c-fallback-group-delete-green-on-pr14b,critical-path launch
2026-05-17T11:29:25Z,launch,continuation pr17-1020002 session=rtc-critical-continuation-pr17-1020002-20260517T112920Z,pr17-1020002,seed reducer/final-stack
2026-05-17T11:30:42Z,launch,validation branch-deferred-rtc-reload-hydration-20260517t100637z deferred/rtc-reload-hydration-20260517T100637Z session=rtc-critical-validate-branch-deferred-rtc-reload-hydration-20260517t10-20260517T113042Z,deferred-rtc-reload-hydration-20260517t100637z,deferred-family validation
2026-05-17T11:30:42Z,launch,validation branch-deferred-rtc-reload-hydration-20260517t065722z deferred/rtc-reload-hydration-20260517T065722Z session=rtc-critical-validate-branch-deferred-rtc-reload-hydration-20260517t06-20260517T113042Z,deferred-rtc-reload-hydration-20260517t065722z,deferred-family validation
2026-05-17T11:30:43Z,launch,validation branch-deferred-rtc-reload-hydration-20260517t042707z deferred/rtc-reload-hydration-20260517T042707Z session=rtc-critical-validate-branch-deferred-rtc-reload-hydration-20260517t04-20260517T113043Z,deferred-rtc-reload-hydration-20260517t042707z,deferred-family validation
2026-05-17T11:30:43Z,launch,validation branch-ready-rtc-pr15a-fallback-group-move-green-on-pr14b ready/rtc-pr15a-fallback-group-move-green-on-pr14b session=rtc-critical-validate-branch-ready-rtc-pr15a-fallback-group-move-green-20260517T113043Z,ready-rtc-pr15a-fallback-group-move-green-on-pr14b,critical-path launch
2026-05-17T11:30:43Z,launch,validation branch-ready-rtc-pr15b-fallback-group-insert-anchor-green-on-pr14b ready/rtc-pr15b-fallback-group-insert-anchor-green-on-pr14b session=rtc-critical-validate-branch-ready-rtc-pr15b-fallback-group-insert-anc-20260517T113043Z,ready-rtc-pr15b-fallback-group-insert-anchor-green-on-pr14b,critical-path launch
2026-05-17T11:30:43Z,launch,validation branch-ready-rtc-pr14b-table-query-array-local-suffix-append ready/rtc-pr14b-table-query-array-local-suffix-append session=rtc-critical-validate-branch-ready-rtc-pr14b-table-query-array-local-s-20260517T113043Z,ready-rtc-pr14b-table-query-array-local-suffix-append,critical-path launch
2026-05-17T11:30:47Z,launch,continuation seed-5200005-reducer session=rtc-critical-continuation-seed-5200005-reducer-20260517T113043Z,seed-5200005-reducer,seed reducer/final-stack
2026-05-17T11:32:04Z,launch,validation branch-deferred-rtc-reload-hydration-20260517t062719z deferred/rtc-reload-hydration-20260517T062719Z session=rtc-critical-validate-branch-deferred-rtc-reload-hydration-20260517t06-20260517T113204Z,deferred-rtc-reload-hydration-20260517t062719z,deferred-family validation
2026-05-17T11:32:05Z,launch,validation branch-deferred-rtc-http-room-isolation-20260517t023739z deferred/rtc-http-room-isolation-20260517T023739Z session=rtc-critical-validate-branch-deferred-rtc-http-room-isolation-20260517-20260517T113205Z,deferred-rtc-http-room-isolation-20260517t023739z,deferred-family validation
2026-05-17T11:32:05Z,launch,validation branch-deferred-rtc-pre-save-search-live-collapse-20260517t022131z deferred/rtc-pre-save-search-live-collapse-20260517T022131Z session=rtc-critical-validate-branch-deferred-rtc-pre-save-search-live-collaps-20260517T113205Z,deferred-rtc-pre-save-search-live-collapse-20260517t022131z,deferred-family validation
2026-05-17T11:32:05Z,launch,validation branch-deferred-rtc-rich-text-suffix-corruption-20260517t022133z deferred/rtc-rich-text-suffix-corruption-20260517T022133Z session=rtc-critical-validate-branch-deferred-rtc-rich-text-suffix-corruption--20260517T113205Z,deferred-rtc-rich-text-suffix-corruption-20260517t022133z,deferred-family validation
2026-05-17T11:33:25Z,launch,continuation seed-1060015-reducer session=rtc-critical-continuation-seed-1060015-reducer-20260517T113323Z,seed-1060015-reducer,seed reducer/final-stack
2026-05-17T11:37:19Z,launch,validation branch-deferred-rtc-reload-hydration-20260517t073541z deferred/rtc-reload-hydration-20260517T073541Z session=rtc-critical-validate-branch-deferred-rtc-reload-hydration-20260517t07-20260517T113719Z,deferred-rtc-reload-hydration-20260517t073541z,deferred-family validation
2026-05-17T11:42:34Z,launch,validation branch-deferred-rtc-reload-hydration-20260517t093634z deferred/rtc-reload-hydration-20260517T093634Z session=rtc-critical-validate-branch-deferred-rtc-reload-hydration-20260517t09-20260517T114234Z,deferred-rtc-reload-hydration-20260517t093634z,deferred-family validation
2026-05-17T11:45:12Z,launch,validation branch-ready-rtc-pr03b-browser-revision-restore-crdt-invalidation ready/rtc-pr03b-browser-revision-restore-crdt-invalidation session=rtc-critical-validate-branch-ready-rtc-pr03b-browser-revision-restore--20260517T114512Z,ready-rtc-pr03b-browser-revision-restore-crdt-invalidation,critical-path launch
2026-05-17T11:45:12Z,launch,validation branch-deferred-rtc-reload-hydration-20260517t055716z deferred/rtc-reload-hydration-20260517T055716Z session=rtc-critical-validate-branch-deferred-rtc-reload-hydration-20260517t05-20260517T114512Z,deferred-rtc-reload-hydration-20260517t055716z,deferred-family validation
2026-05-17T11:45:12Z,launch,validation branch-deferred-rtc-reload-hydration-20260517t045710z deferred/rtc-reload-hydration-20260517T045710Z session=rtc-critical-validate-branch-deferred-rtc-reload-hydration-20260517t04-20260517T114512Z,deferred-rtc-reload-hydration-20260517t045710z,deferred-family validation
2026-05-17T11:45:12Z,launch,validation branch-ready-rtc-pr07c-reload-record-snapshots ready/rtc-pr07c-reload-record-snapshots session=rtc-critical-validate-branch-ready-rtc-pr07c-reload-record-snapshots-20260517T114512Z,ready-rtc-pr07c-reload-record-snapshots,PR07C owner evidence
2026-05-17T11:45:12Z,launch,validation branch-deferred-rtc-reload-hydration-20260517t035704z deferred/rtc-reload-hydration-20260517T035704Z session=rtc-critical-validate-branch-deferred-rtc-reload-hydration-20260517t03-20260517T114512Z,deferred-rtc-reload-hydration-20260517t035704z,deferred-family validation
2026-05-17T11:45:12Z,launch,validation branch-ready-rtc-pr15c-fallback-group-delete-green-on-pr14b ready/rtc-pr15c-fallback-group-delete-green-on-pr14b session=rtc-critical-validate-branch-ready-rtc-pr15c-fallback-group-delete-gre-20260517T114512Z,ready-rtc-pr15c-fallback-group-delete-green-on-pr14b,critical-path launch
2026-05-17T11:45:16Z,launch,continuation pr17-1020002 session=rtc-critical-continuation-pr17-1020002-20260517T114513Z,pr17-1020002,seed reducer/final-stack
2026-05-17T11:46:35Z,launch,validation branch-deferred-rtc-reload-hydration-20260517t100637z deferred/rtc-reload-hydration-20260517T100637Z session=rtc-critical-validate-branch-deferred-rtc-reload-hydration-20260517t10-20260517T114635Z,deferred-rtc-reload-hydration-20260517t100637z,deferred-family validation
2026-05-17T11:46:35Z,launch,validation branch-deferred-rtc-reload-hydration-20260517t065722z deferred/rtc-reload-hydration-20260517T065722Z session=rtc-critical-validate-branch-deferred-rtc-reload-hydration-20260517t06-20260517T114635Z,deferred-rtc-reload-hydration-20260517t065722z,deferred-family validation
2026-05-17T11:46:35Z,launch,validation branch-deferred-rtc-reload-hydration-20260517t042707z deferred/rtc-reload-hydration-20260517T042707Z session=rtc-critical-validate-branch-deferred-rtc-reload-hydration-20260517t04-20260517T114635Z,deferred-rtc-reload-hydration-20260517t042707z,deferred-family validation
2026-05-17T11:46:35Z,launch,validation branch-ready-rtc-pr15a-fallback-group-move-green-on-pr14b ready/rtc-pr15a-fallback-group-move-green-on-pr14b session=rtc-critical-validate-branch-ready-rtc-pr15a-fallback-group-move-green-20260517T114635Z,ready-rtc-pr15a-fallback-group-move-green-on-pr14b,critical-path launch
2026-05-17T11:46:36Z,launch,validation branch-ready-rtc-pr15b-fallback-group-insert-anchor-green-on-pr14b ready/rtc-pr15b-fallback-group-insert-anchor-green-on-pr14b session=rtc-critical-validate-branch-ready-rtc-pr15b-fallback-group-insert-anc-20260517T114636Z,ready-rtc-pr15b-fallback-group-insert-anchor-green-on-pr14b,critical-path launch
2026-05-17T11:46:36Z,launch,validation branch-ready-rtc-pr14b-table-query-array-local-suffix-append ready/rtc-pr14b-table-query-array-local-suffix-append session=rtc-critical-validate-branch-ready-rtc-pr14b-table-query-array-local-s-20260517T114636Z,ready-rtc-pr14b-table-query-array-local-suffix-append,critical-path launch
2026-05-17T11:46:39Z,launch,continuation seed-5200005-reducer session=rtc-critical-continuation-seed-5200005-reducer-20260517T114636Z,seed-5200005-reducer,seed reducer/final-stack
2026-05-17T11:47:58Z,launch,validation branch-deferred-rtc-reload-hydration-20260517t062719z deferred/rtc-reload-hydration-20260517T062719Z session=rtc-critical-validate-branch-deferred-rtc-reload-hydration-20260517t06-20260517T114758Z,deferred-rtc-reload-hydration-20260517t062719z,deferred-family validation
2026-05-17T11:47:59Z,launch,validation branch-deferred-rtc-http-room-isolation-20260517t023739z deferred/rtc-http-room-isolation-20260517T023739Z session=rtc-critical-validate-branch-deferred-rtc-http-room-isolation-20260517-20260517T114759Z,deferred-rtc-http-room-isolation-20260517t023739z,deferred-family validation
2026-05-17T11:47:59Z,launch,validation branch-deferred-rtc-pre-save-search-live-collapse-20260517t022131z deferred/rtc-pre-save-search-live-collapse-20260517T022131Z session=rtc-critical-validate-branch-deferred-rtc-pre-save-search-live-collaps-20260517T114759Z,deferred-rtc-pre-save-search-live-collapse-20260517t022131z,deferred-family validation
2026-05-17T11:48:00Z,launch,validation branch-deferred-rtc-rich-text-suffix-corruption-20260517t022133z deferred/rtc-rich-text-suffix-corruption-20260517T022133Z session=rtc-critical-validate-branch-deferred-rtc-rich-text-suffix-corruption--20260517T114800Z,deferred-rtc-rich-text-suffix-corruption-20260517t022133z,deferred-family validation
2026-05-17T11:49:20Z,launch,continuation seed-1060015-reducer session=rtc-critical-continuation-seed-1060015-reducer-20260517T114919Z,seed-1060015-reducer,seed reducer/final-stack
2026-05-17T11:53:20Z,launch,validation branch-deferred-rtc-reload-hydration-20260517t073541z deferred/rtc-reload-hydration-20260517T073541Z session=rtc-critical-validate-branch-deferred-rtc-reload-hydration-20260517t07-20260517T115320Z,deferred-rtc-reload-hydration-20260517t073541z,deferred-family validation
2026-05-17T11:58:40Z,launch,validation branch-deferred-rtc-reload-hydration-20260517t093634z deferred/rtc-reload-hydration-20260517T093634Z session=rtc-critical-validate-branch-deferred-rtc-reload-hydration-20260517t09-20260517T115840Z,deferred-rtc-reload-hydration-20260517t093634z,deferred-family validation
2026-05-17T12:01:25Z,launch,validation branch-ready-rtc-pr03b-browser-revision-restore-crdt-invalidation ready/rtc-pr03b-browser-revision-restore-crdt-invalidation session=rtc-critical-validate-branch-ready-rtc-pr03b-browser-revision-restore--20260517T120125Z,ready-rtc-pr03b-browser-revision-restore-crdt-invalidation,critical-path launch
2026-05-17T12:01:26Z,launch,validation branch-deferred-rtc-reload-hydration-20260517t055716z deferred/rtc-reload-hydration-20260517T055716Z session=rtc-critical-validate-branch-deferred-rtc-reload-hydration-20260517t05-20260517T120126Z,deferred-rtc-reload-hydration-20260517t055716z,deferred-family validation
2026-05-17T12:01:26Z,launch,validation branch-deferred-rtc-reload-hydration-20260517t045710z deferred/rtc-reload-hydration-20260517T045710Z session=rtc-critical-validate-branch-deferred-rtc-reload-hydration-20260517t04-20260517T120126Z,deferred-rtc-reload-hydration-20260517t045710z,deferred-family validation
2026-05-17T12:01:26Z,launch,validation branch-ready-rtc-pr07c-reload-record-snapshots ready/rtc-pr07c-reload-record-snapshots session=rtc-critical-validate-branch-ready-rtc-pr07c-reload-record-snapshots-20260517T120126Z,ready-rtc-pr07c-reload-record-snapshots,PR07C owner evidence
2026-05-17T12:01:26Z,launch,validation branch-deferred-rtc-reload-hydration-20260517t035704z deferred/rtc-reload-hydration-20260517T035704Z session=rtc-critical-validate-branch-deferred-rtc-reload-hydration-20260517t03-20260517T120126Z,deferred-rtc-reload-hydration-20260517t035704z,deferred-family validation
2026-05-17T12:01:27Z,launch,validation branch-ready-rtc-pr15c-fallback-group-delete-green-on-pr14b ready/rtc-pr15c-fallback-group-delete-green-on-pr14b session=rtc-critical-validate-branch-ready-rtc-pr15c-fallback-group-delete-gre-20260517T120126Z,ready-rtc-pr15c-fallback-group-delete-green-on-pr14b,critical-path launch
2026-05-17T12:01:34Z,launch,continuation pr17-1020002 session=rtc-critical-continuation-pr17-1020002-20260517T120127Z,pr17-1020002,seed reducer/final-stack
2026-05-17T12:02:53Z,launch,validation branch-deferred-rtc-reload-hydration-20260517t100637z deferred/rtc-reload-hydration-20260517T100637Z session=rtc-critical-validate-branch-deferred-rtc-reload-hydration-20260517t10-20260517T120253Z,deferred-rtc-reload-hydration-20260517t100637z,deferred-family validation
2026-05-17T12:02:53Z,launch,validation branch-deferred-rtc-reload-hydration-20260517t065722z deferred/rtc-reload-hydration-20260517T065722Z session=rtc-critical-validate-branch-deferred-rtc-reload-hydration-20260517t06-20260517T120253Z,deferred-rtc-reload-hydration-20260517t065722z,deferred-family validation
2026-05-17T12:02:54Z,launch,validation branch-deferred-rtc-reload-hydration-20260517t042707z deferred/rtc-reload-hydration-20260517T042707Z session=rtc-critical-validate-branch-deferred-rtc-reload-hydration-20260517t04-20260517T120253Z,deferred-rtc-reload-hydration-20260517t042707z,deferred-family validation
2026-05-17T12:02:54Z,launch,validation branch-ready-rtc-pr15a-fallback-group-move-green-on-pr14b ready/rtc-pr15a-fallback-group-move-green-on-pr14b session=rtc-critical-validate-branch-ready-rtc-pr15a-fallback-group-move-green-20260517T120254Z,ready-rtc-pr15a-fallback-group-move-green-on-pr14b,critical-path launch
2026-05-17T12:02:54Z,launch,validation branch-ready-rtc-pr15b-fallback-group-insert-anchor-green-on-pr14b ready/rtc-pr15b-fallback-group-insert-anchor-green-on-pr14b session=rtc-critical-validate-branch-ready-rtc-pr15b-fallback-group-insert-anc-20260517T120254Z,ready-rtc-pr15b-fallback-group-insert-anchor-green-on-pr14b,critical-path launch
2026-05-17T12:02:54Z,launch,validation branch-ready-rtc-pr14b-table-query-array-local-suffix-append ready/rtc-pr14b-table-query-array-local-suffix-append session=rtc-critical-validate-branch-ready-rtc-pr14b-table-query-array-local-s-20260517T120254Z,ready-rtc-pr14b-table-query-array-local-suffix-append,critical-path launch
2026-05-17T12:02:57Z,launch,continuation seed-5200005-reducer session=rtc-critical-continuation-seed-5200005-reducer-20260517T120254Z,seed-5200005-reducer,seed reducer/final-stack
2026-05-17T12:04:15Z,launch,validation branch-deferred-rtc-reload-hydration-20260517t062719z deferred/rtc-reload-hydration-20260517T062719Z session=rtc-critical-validate-branch-deferred-rtc-reload-hydration-20260517t06-20260517T120415Z,deferred-rtc-reload-hydration-20260517t062719z,deferred-family validation
2026-05-17T12:04:16Z,launch,validation branch-deferred-rtc-http-room-isolation-20260517t023739z deferred/rtc-http-room-isolation-20260517T023739Z session=rtc-critical-validate-branch-deferred-rtc-http-room-isolation-20260517-20260517T120416Z,deferred-rtc-http-room-isolation-20260517t023739z,deferred-family validation
2026-05-17T12:04:16Z,launch,validation branch-deferred-rtc-pre-save-search-live-collapse-20260517t022131z deferred/rtc-pre-save-search-live-collapse-20260517T022131Z session=rtc-critical-validate-branch-deferred-rtc-pre-save-search-live-collaps-20260517T120416Z,deferred-rtc-pre-save-search-live-collapse-20260517t022131z,deferred-family validation
2026-05-17T12:04:16Z,launch,validation branch-deferred-rtc-rich-text-suffix-corruption-20260517t022133z deferred/rtc-rich-text-suffix-corruption-20260517T022133Z session=rtc-critical-validate-branch-deferred-rtc-rich-text-suffix-corruption--20260517T120416Z,deferred-rtc-rich-text-suffix-corruption-20260517t022133z,deferred-family validation
2026-05-17T12:05:37Z,launch,continuation seed-1060015-reducer session=rtc-critical-continuation-seed-1060015-reducer-20260517T120536Z,seed-1060015-reducer,seed reducer/final-stack
2026-05-17T12:09:36Z,launch,validation branch-deferred-rtc-reload-hydration-20260517t073541z deferred/rtc-reload-hydration-20260517T073541Z session=rtc-critical-validate-branch-deferred-rtc-reload-hydration-20260517t07-20260517T120936Z,deferred-rtc-reload-hydration-20260517t073541z,deferred-family validation
2026-05-17T12:14:53Z,launch,validation branch-deferred-rtc-reload-hydration-20260517t093634z deferred/rtc-reload-hydration-20260517T093634Z session=rtc-critical-validate-branch-deferred-rtc-reload-hydration-20260517t09-20260517T121452Z,deferred-rtc-reload-hydration-20260517t093634z,deferred-family validation
2026-05-17T12:17:31Z,launch,validation branch-ready-rtc-pr03b-browser-revision-restore-crdt-invalidation ready/rtc-pr03b-browser-revision-restore-crdt-invalidation session=rtc-critical-validate-branch-ready-rtc-pr03b-browser-revision-restore--20260517T121731Z,ready-rtc-pr03b-browser-revision-restore-crdt-invalidation,critical-path launch
2026-05-17T12:17:31Z,launch,validation branch-deferred-rtc-reload-hydration-20260517t055716z deferred/rtc-reload-hydration-20260517T055716Z session=rtc-critical-validate-branch-deferred-rtc-reload-hydration-20260517t05-20260517T121731Z,deferred-rtc-reload-hydration-20260517t055716z,deferred-family validation
2026-05-17T12:17:31Z,launch,validation branch-deferred-rtc-reload-hydration-20260517t045710z deferred/rtc-reload-hydration-20260517T045710Z session=rtc-critical-validate-branch-deferred-rtc-reload-hydration-20260517t04-20260517T121731Z,deferred-rtc-reload-hydration-20260517t045710z,deferred-family validation
2026-05-17T12:17:32Z,launch,validation branch-ready-rtc-pr07c-reload-record-snapshots ready/rtc-pr07c-reload-record-snapshots session=rtc-critical-validate-branch-ready-rtc-pr07c-reload-record-snapshots-20260517T121732Z,ready-rtc-pr07c-reload-record-snapshots,PR07C owner evidence
2026-05-17T12:17:32Z,launch,validation branch-deferred-rtc-reload-hydration-20260517t035704z deferred/rtc-reload-hydration-20260517T035704Z session=rtc-critical-validate-branch-deferred-rtc-reload-hydration-20260517t03-20260517T121732Z,deferred-rtc-reload-hydration-20260517t035704z,deferred-family validation
2026-05-17T12:17:32Z,launch,validation branch-ready-rtc-pr15c-fallback-group-delete-green-on-pr14b ready/rtc-pr15c-fallback-group-delete-green-on-pr14b session=rtc-critical-validate-branch-ready-rtc-pr15c-fallback-group-delete-gre-20260517T121732Z,ready-rtc-pr15c-fallback-group-delete-green-on-pr14b,critical-path launch
2026-05-17T12:17:35Z,launch,continuation pr17-1020002 session=rtc-critical-continuation-pr17-1020002-20260517T121732Z,pr17-1020002,seed reducer/final-stack
2026-05-17T12:18:53Z,launch,validation branch-deferred-rtc-reload-hydration-20260517t100637z deferred/rtc-reload-hydration-20260517T100637Z session=rtc-critical-validate-branch-deferred-rtc-reload-hydration-20260517t10-20260517T121853Z,deferred-rtc-reload-hydration-20260517t100637z,deferred-family validation
2026-05-17T12:18:54Z,launch,validation branch-deferred-rtc-reload-hydration-20260517t065722z deferred/rtc-reload-hydration-20260517T065722Z session=rtc-critical-validate-branch-deferred-rtc-reload-hydration-20260517t06-20260517T121854Z,deferred-rtc-reload-hydration-20260517t065722z,deferred-family validation
2026-05-17T12:18:54Z,launch,validation branch-deferred-rtc-reload-hydration-20260517t042707z deferred/rtc-reload-hydration-20260517T042707Z session=rtc-critical-validate-branch-deferred-rtc-reload-hydration-20260517t04-20260517T121854Z,deferred-rtc-reload-hydration-20260517t042707z,deferred-family validation
2026-05-17T12:18:54Z,launch,validation branch-ready-rtc-pr15a-fallback-group-move-green-on-pr14b ready/rtc-pr15a-fallback-group-move-green-on-pr14b session=rtc-critical-validate-branch-ready-rtc-pr15a-fallback-group-move-green-20260517T121854Z,ready-rtc-pr15a-fallback-group-move-green-on-pr14b,critical-path launch
2026-05-17T12:18:54Z,launch,validation branch-ready-rtc-pr15b-fallback-group-insert-anchor-green-on-pr14b ready/rtc-pr15b-fallback-group-insert-anchor-green-on-pr14b session=rtc-critical-validate-branch-ready-rtc-pr15b-fallback-group-insert-anc-20260517T121854Z,ready-rtc-pr15b-fallback-group-insert-anchor-green-on-pr14b,critical-path launch
2026-05-17T12:18:54Z,launch,validation branch-ready-rtc-pr14b-table-query-array-local-suffix-append ready/rtc-pr14b-table-query-array-local-suffix-append session=rtc-critical-validate-branch-ready-rtc-pr14b-table-query-array-local-s-20260517T121854Z,ready-rtc-pr14b-table-query-array-local-suffix-append,critical-path launch
2026-05-17T12:18:57Z,launch,continuation seed-5200005-reducer session=rtc-critical-continuation-seed-5200005-reducer-20260517T121854Z,seed-5200005-reducer,seed reducer/final-stack
2026-05-17T12:20:16Z,launch,validation branch-deferred-rtc-reload-hydration-20260517t062719z deferred/rtc-reload-hydration-20260517T062719Z session=rtc-critical-validate-branch-deferred-rtc-reload-hydration-20260517t06-20260517T122016Z,deferred-rtc-reload-hydration-20260517t062719z,deferred-family validation
2026-05-17T12:20:17Z,launch,validation branch-deferred-rtc-http-room-isolation-20260517t023739z deferred/rtc-http-room-isolation-20260517T023739Z session=rtc-critical-validate-branch-deferred-rtc-http-room-isolation-20260517-20260517T122016Z,deferred-rtc-http-room-isolation-20260517t023739z,deferred-family validation
2026-05-17T12:20:17Z,launch,validation branch-deferred-rtc-pre-save-search-live-collapse-20260517t022131z deferred/rtc-pre-save-search-live-collapse-20260517T022131Z session=rtc-critical-validate-branch-deferred-rtc-pre-save-search-live-collaps-20260517T122017Z,deferred-rtc-pre-save-search-live-collapse-20260517t022131z,deferred-family validation
2026-05-17T12:20:17Z,launch,validation branch-deferred-rtc-rich-text-suffix-corruption-20260517t022133z deferred/rtc-rich-text-suffix-corruption-20260517T022133Z session=rtc-critical-validate-branch-deferred-rtc-rich-text-suffix-corruption--20260517T122017Z,deferred-rtc-rich-text-suffix-corruption-20260517t022133z,deferred-family validation
2026-05-17T12:21:38Z,launch,continuation seed-1060015-reducer session=rtc-critical-continuation-seed-1060015-reducer-20260517T122136Z,seed-1060015-reducer,seed reducer/final-stack
2026-05-17T12:25:37Z,launch,validation branch-deferred-rtc-reload-hydration-20260517t073541z deferred/rtc-reload-hydration-20260517T073541Z session=rtc-critical-validate-branch-deferred-rtc-reload-hydration-20260517t07-20260517T122537Z,deferred-rtc-reload-hydration-20260517t073541z,deferred-family validation
2026-05-17T12:31:01Z,launch,validation branch-deferred-rtc-reload-hydration-20260517t093634z deferred/rtc-reload-hydration-20260517T093634Z session=rtc-critical-validate-branch-deferred-rtc-reload-hydration-20260517t09-20260517T123101Z,deferred-rtc-reload-hydration-20260517t093634z,deferred-family validation
2026-05-17T12:33:44Z,launch,validation branch-ready-rtc-pr03b-browser-revision-restore-crdt-invalidation ready/rtc-pr03b-browser-revision-restore-crdt-invalidation session=rtc-critical-validate-branch-ready-rtc-pr03b-browser-revision-restore--20260517T123344Z,ready-rtc-pr03b-browser-revision-restore-crdt-invalidation,critical-path launch
2026-05-17T12:33:44Z,launch,validation branch-deferred-rtc-reload-hydration-20260517t055716z deferred/rtc-reload-hydration-20260517T055716Z session=rtc-critical-validate-branch-deferred-rtc-reload-hydration-20260517t05-20260517T123344Z,deferred-rtc-reload-hydration-20260517t055716z,deferred-family validation
2026-05-17T12:33:45Z,launch,validation branch-deferred-rtc-reload-hydration-20260517t045710z deferred/rtc-reload-hydration-20260517T045710Z session=rtc-critical-validate-branch-deferred-rtc-reload-hydration-20260517t04-20260517T123345Z,deferred-rtc-reload-hydration-20260517t045710z,deferred-family validation
2026-05-17T12:33:45Z,launch,validation branch-ready-rtc-pr07c-reload-record-snapshots ready/rtc-pr07c-reload-record-snapshots session=rtc-critical-validate-branch-ready-rtc-pr07c-reload-record-snapshots-20260517T123345Z,ready-rtc-pr07c-reload-record-snapshots,PR07C owner evidence
2026-05-17T12:33:45Z,launch,validation branch-deferred-rtc-reload-hydration-20260517t035704z deferred/rtc-reload-hydration-20260517T035704Z session=rtc-critical-validate-branch-deferred-rtc-reload-hydration-20260517t03-20260517T123345Z,deferred-rtc-reload-hydration-20260517t035704z,deferred-family validation
2026-05-17T12:33:45Z,launch,validation branch-ready-rtc-pr15c-fallback-group-delete-green-on-pr14b ready/rtc-pr15c-fallback-group-delete-green-on-pr14b session=rtc-critical-validate-branch-ready-rtc-pr15c-fallback-group-delete-gre-20260517T123345Z,ready-rtc-pr15c-fallback-group-delete-green-on-pr14b,critical-path launch
2026-05-17T12:33:50Z,launch,continuation pr17-1020002 session=rtc-critical-continuation-pr17-1020002-20260517T123345Z,pr17-1020002,seed reducer/final-stack
2026-05-17T12:35:11Z,launch,validation branch-deferred-rtc-reload-hydration-20260517t100637z deferred/rtc-reload-hydration-20260517T100637Z session=rtc-critical-validate-branch-deferred-rtc-reload-hydration-20260517t10-20260517T123511Z,deferred-rtc-reload-hydration-20260517t100637z,deferred-family validation
2026-05-17T12:35:11Z,launch,validation branch-deferred-rtc-reload-hydration-20260517t065722z deferred/rtc-reload-hydration-20260517T065722Z session=rtc-critical-validate-branch-deferred-rtc-reload-hydration-20260517t06-20260517T123511Z,deferred-rtc-reload-hydration-20260517t065722z,deferred-family validation
2026-05-17T12:35:11Z,launch,validation branch-deferred-rtc-reload-hydration-20260517t042707z deferred/rtc-reload-hydration-20260517T042707Z session=rtc-critical-validate-branch-deferred-rtc-reload-hydration-20260517t04-20260517T123511Z,deferred-rtc-reload-hydration-20260517t042707z,deferred-family validation
2026-05-17T12:35:12Z,launch,validation branch-ready-rtc-pr15a-fallback-group-move-green-on-pr14b ready/rtc-pr15a-fallback-group-move-green-on-pr14b session=rtc-critical-validate-branch-ready-rtc-pr15a-fallback-group-move-green-20260517T123512Z,ready-rtc-pr15a-fallback-group-move-green-on-pr14b,critical-path launch
2026-05-17T12:35:12Z,launch,validation branch-ready-rtc-pr15b-fallback-group-insert-anchor-green-on-pr14b ready/rtc-pr15b-fallback-group-insert-anchor-green-on-pr14b session=rtc-critical-validate-branch-ready-rtc-pr15b-fallback-group-insert-anc-20260517T123512Z,ready-rtc-pr15b-fallback-group-insert-anchor-green-on-pr14b,critical-path launch
2026-05-17T12:35:12Z,launch,validation branch-ready-rtc-pr14b-table-query-array-local-suffix-append ready/rtc-pr14b-table-query-array-local-suffix-append session=rtc-critical-validate-branch-ready-rtc-pr14b-table-query-array-local-s-20260517T123512Z,ready-rtc-pr14b-table-query-array-local-suffix-append,critical-path launch
2026-05-17T12:35:17Z,launch,continuation seed-5200005-reducer session=rtc-critical-continuation-seed-5200005-reducer-20260517T123512Z,seed-5200005-reducer,seed reducer/final-stack
2026-05-17T12:36:37Z,launch,validation branch-deferred-rtc-reload-hydration-20260517t062719z deferred/rtc-reload-hydration-20260517T062719Z session=rtc-critical-validate-branch-deferred-rtc-reload-hydration-20260517t06-20260517T123637Z,deferred-rtc-reload-hydration-20260517t062719z,deferred-family validation
2026-05-17T12:36:37Z,launch,validation branch-deferred-rtc-http-room-isolation-20260517t023739z deferred/rtc-http-room-isolation-20260517T023739Z session=rtc-critical-validate-branch-deferred-rtc-http-room-isolation-20260517-20260517T123637Z,deferred-rtc-http-room-isolation-20260517t023739z,deferred-family validation
2026-05-17T12:36:38Z,launch,validation branch-deferred-rtc-pre-save-search-live-collapse-20260517t022131z deferred/rtc-pre-save-search-live-collapse-20260517T022131Z session=rtc-critical-validate-branch-deferred-rtc-pre-save-search-live-collaps-20260517T123638Z,deferred-rtc-pre-save-search-live-collapse-20260517t022131z,deferred-family validation
2026-05-17T12:36:38Z,launch,validation branch-deferred-rtc-rich-text-suffix-corruption-20260517t022133z deferred/rtc-rich-text-suffix-corruption-20260517T022133Z session=rtc-critical-validate-branch-deferred-rtc-rich-text-suffix-corruption--20260517T123638Z,deferred-rtc-rich-text-suffix-corruption-20260517t022133z,deferred-family validation
2026-05-17T12:37:59Z,launch,continuation seed-1060015-reducer session=rtc-critical-continuation-seed-1060015-reducer-20260517T123758Z,seed-1060015-reducer,seed reducer/final-stack
2026-05-17T12:40:40Z,launch,validation branch-deferred-rtc-reload-hydration-20260517t073541z deferred/rtc-reload-hydration-20260517T073541Z session=rtc-critical-validate-branch-deferred-rtc-reload-hydration-20260517t07-20260517T124040Z,deferred-rtc-reload-hydration-20260517t073541z,deferred-family validation
2026-05-17T12:47:18Z,launch,validation branch-deferred-rtc-reload-hydration-20260517t093634z deferred/rtc-reload-hydration-20260517T093634Z session=rtc-critical-validate-branch-deferred-rtc-reload-hydration-20260517t09-20260517T124718Z,deferred-rtc-reload-hydration-20260517t093634z,deferred-family validation
2026-05-17T12:49:58Z,launch,validation branch-ready-rtc-pr03b-browser-revision-restore-crdt-invalidation ready/rtc-pr03b-browser-revision-restore-crdt-invalidation session=rtc-critical-validate-branch-ready-rtc-pr03b-browser-revision-restore--20260517T124958Z,ready-rtc-pr03b-browser-revision-restore-crdt-invalidation,critical-path launch
2026-05-17T12:49:58Z,launch,validation branch-deferred-rtc-reload-hydration-20260517t055716z deferred/rtc-reload-hydration-20260517T055716Z session=rtc-critical-validate-branch-deferred-rtc-reload-hydration-20260517t05-20260517T124958Z,deferred-rtc-reload-hydration-20260517t055716z,deferred-family validation
2026-05-17T12:49:58Z,launch,validation branch-deferred-rtc-reload-hydration-20260517t045710z deferred/rtc-reload-hydration-20260517T045710Z session=rtc-critical-validate-branch-deferred-rtc-reload-hydration-20260517t04-20260517T124958Z,deferred-rtc-reload-hydration-20260517t045710z,deferred-family validation
2026-05-17T12:49:58Z,launch,validation branch-ready-rtc-pr07c-reload-record-snapshots ready/rtc-pr07c-reload-record-snapshots session=rtc-critical-validate-branch-ready-rtc-pr07c-reload-record-snapshots-20260517T124958Z,ready-rtc-pr07c-reload-record-snapshots,PR07C owner evidence
2026-05-17T12:49:59Z,launch,validation branch-deferred-rtc-reload-hydration-20260517t035704z deferred/rtc-reload-hydration-20260517T035704Z session=rtc-critical-validate-branch-deferred-rtc-reload-hydration-20260517t03-20260517T124959Z,deferred-rtc-reload-hydration-20260517t035704z,deferred-family validation
2026-05-17T12:49:59Z,launch,validation branch-ready-rtc-pr15c-fallback-group-delete-green-on-pr14b ready/rtc-pr15c-fallback-group-delete-green-on-pr14b session=rtc-critical-validate-branch-ready-rtc-pr15c-fallback-group-delete-gre-20260517T124959Z,ready-rtc-pr15c-fallback-group-delete-green-on-pr14b,critical-path launch
2026-05-17T12:50:01Z,launch,continuation pr17-1020002 session=rtc-critical-continuation-pr17-1020002-20260517T124959Z,pr17-1020002,seed reducer/final-stack
2026-05-17T12:51:20Z,launch,validation branch-deferred-rtc-reload-hydration-20260517t100637z deferred/rtc-reload-hydration-20260517T100637Z session=rtc-critical-validate-branch-deferred-rtc-reload-hydration-20260517t10-20260517T125120Z,deferred-rtc-reload-hydration-20260517t100637z,deferred-family validation
2026-05-17T12:51:20Z,launch,validation branch-deferred-rtc-reload-hydration-20260517t065722z deferred/rtc-reload-hydration-20260517T065722Z session=rtc-critical-validate-branch-deferred-rtc-reload-hydration-20260517t06-20260517T125120Z,deferred-rtc-reload-hydration-20260517t065722z,deferred-family validation
2026-05-17T12:51:20Z,launch,validation branch-deferred-rtc-reload-hydration-20260517t042707z deferred/rtc-reload-hydration-20260517T042707Z session=rtc-critical-validate-branch-deferred-rtc-reload-hydration-20260517t04-20260517T125120Z,deferred-rtc-reload-hydration-20260517t042707z,deferred-family validation
2026-05-17T12:51:21Z,launch,validation branch-ready-rtc-pr15a-fallback-group-move-green-on-pr14b ready/rtc-pr15a-fallback-group-move-green-on-pr14b session=rtc-critical-validate-branch-ready-rtc-pr15a-fallback-group-move-green-20260517T125120Z,ready-rtc-pr15a-fallback-group-move-green-on-pr14b,critical-path launch
2026-05-17T12:51:21Z,launch,validation branch-ready-rtc-pr15b-fallback-group-insert-anchor-green-on-pr14b ready/rtc-pr15b-fallback-group-insert-anchor-green-on-pr14b session=rtc-critical-validate-branch-ready-rtc-pr15b-fallback-group-insert-anc-20260517T125121Z,ready-rtc-pr15b-fallback-group-insert-anchor-green-on-pr14b,critical-path launch
2026-05-17T12:51:21Z,launch,validation branch-ready-rtc-pr14b-table-query-array-local-suffix-append ready/rtc-pr14b-table-query-array-local-suffix-append session=rtc-critical-validate-branch-ready-rtc-pr14b-table-query-array-local-s-20260517T125121Z,ready-rtc-pr14b-table-query-array-local-suffix-append,critical-path launch
2026-05-17T12:51:23Z,launch,continuation seed-5200005-reducer session=rtc-critical-continuation-seed-5200005-reducer-20260517T125121Z,seed-5200005-reducer,seed reducer/final-stack
2026-05-17T12:52:42Z,launch,validation branch-deferred-rtc-reload-hydration-20260517t062719z deferred/rtc-reload-hydration-20260517T062719Z session=rtc-critical-validate-branch-deferred-rtc-reload-hydration-20260517t06-20260517T125242Z,deferred-rtc-reload-hydration-20260517t062719z,deferred-family validation
2026-05-17T12:52:43Z,launch,validation branch-deferred-rtc-http-room-isolation-20260517t023739z deferred/rtc-http-room-isolation-20260517T023739Z session=rtc-critical-validate-branch-deferred-rtc-http-room-isolation-20260517-20260517T125243Z,deferred-rtc-http-room-isolation-20260517t023739z,deferred-family validation
2026-05-17T12:52:43Z,launch,validation branch-deferred-rtc-pre-save-search-live-collapse-20260517t022131z deferred/rtc-pre-save-search-live-collapse-20260517T022131Z session=rtc-critical-validate-branch-deferred-rtc-pre-save-search-live-collaps-20260517T125243Z,deferred-rtc-pre-save-search-live-collapse-20260517t022131z,deferred-family validation
2026-05-17T12:52:43Z,launch,validation branch-deferred-rtc-rich-text-suffix-corruption-20260517t022133z deferred/rtc-rich-text-suffix-corruption-20260517T022133Z session=rtc-critical-validate-branch-deferred-rtc-rich-text-suffix-corruption--20260517T125243Z,deferred-rtc-rich-text-suffix-corruption-20260517t022133z,deferred-family validation
2026-05-17T12:54:07Z,launch,continuation seed-1060015-reducer session=rtc-critical-continuation-seed-1060015-reducer-20260517T125405Z,seed-1060015-reducer,seed reducer/final-stack
2026-05-17T12:56:50Z,launch,validation branch-deferred-rtc-reload-hydration-20260517t073541z deferred/rtc-reload-hydration-20260517T073541Z session=rtc-critical-validate-branch-deferred-rtc-reload-hydration-20260517t07-20260517T125650Z,deferred-rtc-reload-hydration-20260517t073541z,deferred-family validation
2026-05-17T13:03:40Z,launch,validation branch-deferred-rtc-reload-hydration-20260517t093634z deferred/rtc-reload-hydration-20260517T093634Z session=rtc-critical-validate-branch-deferred-rtc-reload-hydration-20260517t09-20260517T130340Z,deferred-rtc-reload-hydration-20260517t093634z,deferred-family validation
2026-05-17T13:05:02Z,launch,validation branch-ready-rtc-pr03b-browser-revision-restore-crdt-invalidation ready/rtc-pr03b-browser-revision-restore-crdt-invalidation session=rtc-critical-validate-branch-ready-rtc-pr03b-browser-revision-restore--20260517T130502Z,ready-rtc-pr03b-browser-revision-restore-crdt-invalidation,critical-path launch
2026-05-17T13:05:02Z,launch,validation branch-deferred-rtc-reload-hydration-20260517t055716z deferred/rtc-reload-hydration-20260517T055716Z session=rtc-critical-validate-branch-deferred-rtc-reload-hydration-20260517t05-20260517T130502Z,deferred-rtc-reload-hydration-20260517t055716z,deferred-family validation
2026-05-17T13:05:02Z,launch,validation branch-deferred-rtc-reload-hydration-20260517t045710z deferred/rtc-reload-hydration-20260517T045710Z session=rtc-critical-validate-branch-deferred-rtc-reload-hydration-20260517t04-20260517T130502Z,deferred-rtc-reload-hydration-20260517t045710z,deferred-family validation
2026-05-17T13:05:02Z,launch,validation branch-ready-rtc-pr07c-reload-record-snapshots ready/rtc-pr07c-reload-record-snapshots session=rtc-critical-validate-branch-ready-rtc-pr07c-reload-record-snapshots-20260517T130502Z,ready-rtc-pr07c-reload-record-snapshots,PR07C owner evidence
2026-05-17T13:05:03Z,launch,validation branch-deferred-rtc-reload-hydration-20260517t035704z deferred/rtc-reload-hydration-20260517T035704Z session=rtc-critical-validate-branch-deferred-rtc-reload-hydration-20260517t03-20260517T130503Z,deferred-rtc-reload-hydration-20260517t035704z,deferred-family validation
2026-05-17T13:05:03Z,launch,validation branch-ready-rtc-pr15c-fallback-group-delete-green-on-pr14b ready/rtc-pr15c-fallback-group-delete-green-on-pr14b session=rtc-critical-validate-branch-ready-rtc-pr15c-fallback-group-delete-gre-20260517T130503Z,ready-rtc-pr15c-fallback-group-delete-green-on-pr14b,critical-path launch
2026-05-17T13:05:08Z,launch,continuation pr17-1020002 session=rtc-critical-continuation-pr17-1020002-20260517T130503Z,pr17-1020002,seed reducer/final-stack
2026-05-17T13:06:28Z,launch,validation branch-deferred-rtc-reload-hydration-20260517t100637z deferred/rtc-reload-hydration-20260517T100637Z session=rtc-critical-validate-branch-deferred-rtc-reload-hydration-20260517t10-20260517T130628Z,deferred-rtc-reload-hydration-20260517t100637z,deferred-family validation
2026-05-17T13:06:28Z,launch,validation branch-deferred-rtc-reload-hydration-20260517t065722z deferred/rtc-reload-hydration-20260517T065722Z session=rtc-critical-validate-branch-deferred-rtc-reload-hydration-20260517t06-20260517T130628Z,deferred-rtc-reload-hydration-20260517t065722z,deferred-family validation
2026-05-17T13:06:29Z,launch,validation branch-deferred-rtc-reload-hydration-20260517t042707z deferred/rtc-reload-hydration-20260517T042707Z session=rtc-critical-validate-branch-deferred-rtc-reload-hydration-20260517t04-20260517T130629Z,deferred-rtc-reload-hydration-20260517t042707z,deferred-family validation
2026-05-17T13:06:29Z,launch,validation branch-ready-rtc-pr15a-fallback-group-move-green-on-pr14b ready/rtc-pr15a-fallback-group-move-green-on-pr14b session=rtc-critical-validate-branch-ready-rtc-pr15a-fallback-group-move-green-20260517T130629Z,ready-rtc-pr15a-fallback-group-move-green-on-pr14b,critical-path launch
2026-05-17T13:06:29Z,launch,validation branch-ready-rtc-pr15b-fallback-group-insert-anchor-green-on-pr14b ready/rtc-pr15b-fallback-group-insert-anchor-green-on-pr14b session=rtc-critical-validate-branch-ready-rtc-pr15b-fallback-group-insert-anc-20260517T130629Z,ready-rtc-pr15b-fallback-group-insert-anchor-green-on-pr14b,critical-path launch
2026-05-17T13:06:29Z,launch,validation branch-ready-rtc-pr14b-table-query-array-local-suffix-append ready/rtc-pr14b-table-query-array-local-suffix-append session=rtc-critical-validate-branch-ready-rtc-pr14b-table-query-array-local-s-20260517T130629Z,ready-rtc-pr14b-table-query-array-local-suffix-append,critical-path launch
2026-05-17T13:06:32Z,launch,continuation seed-5200005-reducer session=rtc-critical-continuation-seed-5200005-reducer-20260517T130629Z,seed-5200005-reducer,seed reducer/final-stack
2026-05-17T13:07:51Z,launch,validation branch-deferred-rtc-reload-hydration-20260517t062719z deferred/rtc-reload-hydration-20260517T062719Z session=rtc-critical-validate-branch-deferred-rtc-reload-hydration-20260517t06-20260517T130751Z,deferred-rtc-reload-hydration-20260517t062719z,deferred-family validation
2026-05-17T13:07:52Z,launch,validation branch-deferred-rtc-http-room-isolation-20260517t023739z deferred/rtc-http-room-isolation-20260517T023739Z session=rtc-critical-validate-branch-deferred-rtc-http-room-isolation-20260517-20260517T130752Z,deferred-rtc-http-room-isolation-20260517t023739z,deferred-family validation
2026-05-17T13:07:52Z,launch,validation branch-deferred-rtc-pre-save-search-live-collapse-20260517t022131z deferred/rtc-pre-save-search-live-collapse-20260517T022131Z session=rtc-critical-validate-branch-deferred-rtc-pre-save-search-live-collaps-20260517T130752Z,deferred-rtc-pre-save-search-live-collapse-20260517t022131z,deferred-family validation
2026-05-17T13:07:52Z,launch,validation branch-deferred-rtc-rich-text-suffix-corruption-20260517t022133z deferred/rtc-rich-text-suffix-corruption-20260517T022133Z session=rtc-critical-validate-branch-deferred-rtc-rich-text-suffix-corruption--20260517T130752Z,deferred-rtc-rich-text-suffix-corruption-20260517t022133z,deferred-family validation
2026-05-17T13:09:14Z,launch,continuation seed-1060015-reducer session=rtc-critical-continuation-seed-1060015-reducer-20260517T130913Z,seed-1060015-reducer,seed reducer/final-stack
2026-05-17T13:11:54Z,launch,validation branch-deferred-rtc-reload-hydration-20260517t073541z deferred/rtc-reload-hydration-20260517T073541Z session=rtc-critical-validate-branch-deferred-rtc-reload-hydration-20260517t07-20260517T131154Z,deferred-rtc-reload-hydration-20260517t073541z,deferred-family validation
2026-05-17T13:20:03Z,launch,validation branch-deferred-rtc-reload-hydration-20260517t093634z deferred/rtc-reload-hydration-20260517T093634Z session=rtc-critical-validate-branch-deferred-rtc-reload-hydration-20260517t09-20260517T132003Z,deferred-rtc-reload-hydration-20260517t093634z,deferred-family validation
2026-05-17T13:20:03Z,launch,validation branch-ready-rtc-pr03b-browser-revision-restore-crdt-invalidation ready/rtc-pr03b-browser-revision-restore-crdt-invalidation session=rtc-critical-validate-branch-ready-rtc-pr03b-browser-revision-restore--20260517T132003Z,ready-rtc-pr03b-browser-revision-restore-crdt-invalidation,critical-path launch
2026-05-17T13:20:04Z,launch,validation branch-deferred-rtc-reload-hydration-20260517t055716z deferred/rtc-reload-hydration-20260517T055716Z session=rtc-critical-validate-branch-deferred-rtc-reload-hydration-20260517t05-20260517T132004Z,deferred-rtc-reload-hydration-20260517t055716z,deferred-family validation
2026-05-17T13:20:04Z,launch,validation branch-deferred-rtc-reload-hydration-20260517t045710z deferred/rtc-reload-hydration-20260517T045710Z session=rtc-critical-validate-branch-deferred-rtc-reload-hydration-20260517t04-20260517T132004Z,deferred-rtc-reload-hydration-20260517t045710z,deferred-family validation
2026-05-17T13:20:04Z,launch,validation branch-ready-rtc-pr07c-reload-record-snapshots ready/rtc-pr07c-reload-record-snapshots session=rtc-critical-validate-branch-ready-rtc-pr07c-reload-record-snapshots-20260517T132004Z,ready-rtc-pr07c-reload-record-snapshots,PR07C owner evidence
2026-05-17T13:20:05Z,launch,validation branch-deferred-rtc-reload-hydration-20260517t035704z deferred/rtc-reload-hydration-20260517T035704Z session=rtc-critical-validate-branch-deferred-rtc-reload-hydration-20260517t03-20260517T132005Z,deferred-rtc-reload-hydration-20260517t035704z,deferred-family validation
2026-05-17T13:21:25Z,launch,validation branch-ready-rtc-pr15c-fallback-group-delete-green-on-pr14b ready/rtc-pr15c-fallback-group-delete-green-on-pr14b session=rtc-critical-validate-branch-ready-rtc-pr15c-fallback-group-delete-gre-20260517T132125Z,ready-rtc-pr15c-fallback-group-delete-green-on-pr14b,critical-path launch
2026-05-17T13:21:27Z,launch,continuation pr17-1020002 session=rtc-critical-continuation-pr17-1020002-20260517T132126Z,pr17-1020002,seed reducer/final-stack
2026-05-17T13:22:48Z,launch,validation branch-deferred-rtc-reload-hydration-20260517t100637z deferred/rtc-reload-hydration-20260517T100637Z session=rtc-critical-validate-branch-deferred-rtc-reload-hydration-20260517t10-20260517T132248Z,deferred-rtc-reload-hydration-20260517t100637z,deferred-family validation
2026-05-17T13:22:48Z,launch,validation branch-deferred-rtc-reload-hydration-20260517t065722z deferred/rtc-reload-hydration-20260517T065722Z session=rtc-critical-validate-branch-deferred-rtc-reload-hydration-20260517t06-20260517T132248Z,deferred-rtc-reload-hydration-20260517t065722z,deferred-family validation
2026-05-17T13:22:48Z,launch,validation branch-deferred-rtc-reload-hydration-20260517t042707z deferred/rtc-reload-hydration-20260517T042707Z session=rtc-critical-validate-branch-deferred-rtc-reload-hydration-20260517t04-20260517T132248Z,deferred-rtc-reload-hydration-20260517t042707z,deferred-family validation
2026-05-17T13:22:49Z,launch,validation branch-ready-rtc-pr15a-fallback-group-move-green-on-pr14b ready/rtc-pr15a-fallback-group-move-green-on-pr14b session=rtc-critical-validate-branch-ready-rtc-pr15a-fallback-group-move-green-20260517T132249Z,ready-rtc-pr15a-fallback-group-move-green-on-pr14b,critical-path launch
2026-05-17T13:22:49Z,launch,validation branch-ready-rtc-pr15b-fallback-group-insert-anchor-green-on-pr14b ready/rtc-pr15b-fallback-group-insert-anchor-green-on-pr14b session=rtc-critical-validate-branch-ready-rtc-pr15b-fallback-group-insert-anc-20260517T132249Z,ready-rtc-pr15b-fallback-group-insert-anchor-green-on-pr14b,critical-path launch
2026-05-17T13:22:49Z,launch,validation branch-ready-rtc-pr14b-table-query-array-local-suffix-append ready/rtc-pr14b-table-query-array-local-suffix-append session=rtc-critical-validate-branch-ready-rtc-pr14b-table-query-array-local-s-20260517T132249Z,ready-rtc-pr14b-table-query-array-local-suffix-append,critical-path launch
2026-05-17T13:22:53Z,launch,continuation seed-5200005-reducer session=rtc-critical-continuation-seed-5200005-reducer-20260517T132249Z,seed-5200005-reducer,seed reducer/final-stack
2026-05-17T13:24:13Z,launch,validation branch-deferred-rtc-reload-hydration-20260517t062719z deferred/rtc-reload-hydration-20260517T062719Z session=rtc-critical-validate-branch-deferred-rtc-reload-hydration-20260517t06-20260517T132413Z,deferred-rtc-reload-hydration-20260517t062719z,deferred-family validation
2026-05-17T13:24:14Z,launch,validation branch-deferred-rtc-http-room-isolation-20260517t023739z deferred/rtc-http-room-isolation-20260517T023739Z session=rtc-critical-validate-branch-deferred-rtc-http-room-isolation-20260517-20260517T132414Z,deferred-rtc-http-room-isolation-20260517t023739z,deferred-family validation
2026-05-17T13:24:14Z,launch,validation branch-deferred-rtc-pre-save-search-live-collapse-20260517t022131z deferred/rtc-pre-save-search-live-collapse-20260517T022131Z session=rtc-critical-validate-branch-deferred-rtc-pre-save-search-live-collaps-20260517T132414Z,deferred-rtc-pre-save-search-live-collapse-20260517t022131z,deferred-family validation
2026-05-17T13:24:14Z,launch,validation branch-deferred-rtc-rich-text-suffix-corruption-20260517t022133z deferred/rtc-rich-text-suffix-corruption-20260517T022133Z session=rtc-critical-validate-branch-deferred-rtc-rich-text-suffix-corruption--20260517T132414Z,deferred-rtc-rich-text-suffix-corruption-20260517t022133z,deferred-family validation
2026-05-17T13:25:38Z,launch,continuation seed-1060015-reducer session=rtc-critical-continuation-seed-1060015-reducer-20260517T132536Z,seed-1060015-reducer,seed reducer/final-stack
2026-05-17T13:26:58Z,launch,validation branch-deferred-rtc-reload-hydration-20260517t073541z deferred/rtc-reload-hydration-20260517T073541Z session=rtc-critical-validate-branch-deferred-rtc-reload-hydration-20260517t07-20260517T132658Z,deferred-rtc-reload-hydration-20260517t073541z,deferred-family validation
2026-05-17T13:35:06Z,launch,validation branch-deferred-rtc-reload-hydration-20260517t093634z deferred/rtc-reload-hydration-20260517T093634Z session=rtc-critical-validate-branch-deferred-rtc-reload-hydration-20260517t09-20260517T133506Z,deferred-rtc-reload-hydration-20260517t093634z,deferred-family validation
2026-05-17T13:35:07Z,launch,validation branch-ready-rtc-pr03b-browser-revision-restore-crdt-invalidation ready/rtc-pr03b-browser-revision-restore-crdt-invalidation session=rtc-critical-validate-branch-ready-rtc-pr03b-browser-revision-restore--20260517T133507Z,ready-rtc-pr03b-browser-revision-restore-crdt-invalidation,critical-path launch
2026-05-17T13:35:07Z,launch,validation branch-deferred-rtc-reload-hydration-20260517t055716z deferred/rtc-reload-hydration-20260517T055716Z session=rtc-critical-validate-branch-deferred-rtc-reload-hydration-20260517t05-20260517T133507Z,deferred-rtc-reload-hydration-20260517t055716z,deferred-family validation
2026-05-17T13:35:07Z,launch,validation branch-deferred-rtc-reload-hydration-20260517t045710z deferred/rtc-reload-hydration-20260517T045710Z session=rtc-critical-validate-branch-deferred-rtc-reload-hydration-20260517t04-20260517T133507Z,deferred-rtc-reload-hydration-20260517t045710z,deferred-family validation
2026-05-17T13:35:07Z,launch,validation branch-ready-rtc-pr07c-reload-record-snapshots ready/rtc-pr07c-reload-record-snapshots session=rtc-critical-validate-branch-ready-rtc-pr07c-reload-record-snapshots-20260517T133507Z,ready-rtc-pr07c-reload-record-snapshots,PR07C owner evidence
2026-05-17T13:35:07Z,launch,validation branch-deferred-rtc-reload-hydration-20260517t035704z deferred/rtc-reload-hydration-20260517T035704Z session=rtc-critical-validate-branch-deferred-rtc-reload-hydration-20260517t03-20260517T133507Z,deferred-rtc-reload-hydration-20260517t035704z,deferred-family validation
2026-05-17T13:36:29Z,launch,validation branch-ready-rtc-pr15c-fallback-group-delete-green-on-pr14b ready/rtc-pr15c-fallback-group-delete-green-on-pr14b session=rtc-critical-validate-branch-ready-rtc-pr15c-fallback-group-delete-gre-20260517T133629Z,ready-rtc-pr15c-fallback-group-delete-green-on-pr14b,critical-path launch
2026-05-17T13:36:30Z,launch,continuation pr17-1020002 session=rtc-critical-continuation-pr17-1020002-20260517T133629Z,pr17-1020002,seed reducer/final-stack
2026-05-17T13:37:51Z,launch,validation branch-deferred-rtc-reload-hydration-20260517t100637z deferred/rtc-reload-hydration-20260517T100637Z session=rtc-critical-validate-branch-deferred-rtc-reload-hydration-20260517t10-20260517T133751Z,deferred-rtc-reload-hydration-20260517t100637z,deferred-family validation
2026-05-17T13:37:51Z,launch,validation branch-deferred-rtc-reload-hydration-20260517t065722z deferred/rtc-reload-hydration-20260517T065722Z session=rtc-critical-validate-branch-deferred-rtc-reload-hydration-20260517t06-20260517T133751Z,deferred-rtc-reload-hydration-20260517t065722z,deferred-family validation
2026-05-17T13:37:52Z,launch,validation branch-deferred-rtc-reload-hydration-20260517t042707z deferred/rtc-reload-hydration-20260517T042707Z session=rtc-critical-validate-branch-deferred-rtc-reload-hydration-20260517t04-20260517T133752Z,deferred-rtc-reload-hydration-20260517t042707z,deferred-family validation
2026-05-17T13:37:52Z,launch,validation branch-ready-rtc-pr15a-fallback-group-move-green-on-pr14b ready/rtc-pr15a-fallback-group-move-green-on-pr14b session=rtc-critical-validate-branch-ready-rtc-pr15a-fallback-group-move-green-20260517T133752Z,ready-rtc-pr15a-fallback-group-move-green-on-pr14b,critical-path launch
2026-05-17T13:37:52Z,launch,validation branch-ready-rtc-pr15b-fallback-group-insert-anchor-green-on-pr14b ready/rtc-pr15b-fallback-group-insert-anchor-green-on-pr14b session=rtc-critical-validate-branch-ready-rtc-pr15b-fallback-group-insert-anc-20260517T133752Z,ready-rtc-pr15b-fallback-group-insert-anchor-green-on-pr14b,critical-path launch
2026-05-17T13:37:52Z,launch,validation branch-ready-rtc-pr14b-table-query-array-local-suffix-append ready/rtc-pr14b-table-query-array-local-suffix-append session=rtc-critical-validate-branch-ready-rtc-pr14b-table-query-array-local-s-20260517T133752Z,ready-rtc-pr14b-table-query-array-local-suffix-append,critical-path launch
2026-05-17T13:39:14Z,launch,validation branch-deferred-rtc-reload-hydration-20260517t062719z deferred/rtc-reload-hydration-20260517T062719Z session=rtc-critical-validate-branch-deferred-rtc-reload-hydration-20260517t06-20260517T133914Z,deferred-rtc-reload-hydration-20260517t062719z,deferred-family validation
2026-05-17T13:39:15Z,launch,validation branch-deferred-rtc-http-room-isolation-20260517t023739z deferred/rtc-http-room-isolation-20260517T023739Z session=rtc-critical-validate-branch-deferred-rtc-http-room-isolation-20260517-20260517T133914Z,deferred-rtc-http-room-isolation-20260517t023739z,deferred-family validation
2026-05-17T13:39:15Z,launch,validation branch-deferred-rtc-pre-save-search-live-collapse-20260517t022131z deferred/rtc-pre-save-search-live-collapse-20260517T022131Z session=rtc-critical-validate-branch-deferred-rtc-pre-save-search-live-collaps-20260517T133915Z,deferred-rtc-pre-save-search-live-collapse-20260517t022131z,deferred-family validation
2026-05-17T13:39:15Z,launch,validation branch-deferred-rtc-rich-text-suffix-corruption-20260517t022133z deferred/rtc-rich-text-suffix-corruption-20260517T022133Z session=rtc-critical-validate-branch-deferred-rtc-rich-text-suffix-corruption--20260517T133915Z,deferred-rtc-rich-text-suffix-corruption-20260517t022133z,deferred-family validation
2026-05-17T13:39:19Z,launch,continuation seed-5200005-reducer session=rtc-critical-continuation-seed-5200005-reducer-20260517T133915Z,seed-5200005-reducer,seed reducer/final-stack
2026-05-17T13:41:43Z,launch,validation branch-cycle264-pr05d-clean-base-semicolonless-entity-validation cycle264/pr05d-clean-base/semicolonless-entity-validation session=rtc-critical-validate-branch-cycle264-pr05d-clean-base-semicolonless-e-20260517T134143Z,cycle264-pr05d-clean-base-semicolonless-entity-validation,critical-path launch
2026-05-17T13:41:44Z,launch,validation branch-ready-rtc-pr06b-malformed-save-request-payload-minimal ready/rtc-pr06b-malformed-save-request-payload-minimal session=rtc-critical-validate-branch-ready-rtc-pr06b-malformed-save-request-pa-20260517T134144Z,ready-rtc-pr06b-malformed-save-request-payload-minimal,critical-path launch
2026-05-17T13:41:44Z,launch,validation branch-ready-rtc-pr02a-http-room-isolation-regression ready/rtc-pr02a-http-room-isolation-regression session=rtc-critical-validate-branch-ready-rtc-pr02a-http-room-isolation-regre-20260517T134144Z,ready-rtc-pr02a-http-room-isolation-regression,critical-path launch
2026-05-17T13:41:44Z,launch,validation branch-ready-rtc-pr14-table-body-array-green ready/rtc-pr14-table-body-array-green session=rtc-critical-validate-branch-ready-rtc-pr14-table-body-array-green-20260517T134144Z,ready-rtc-pr14-table-body-array-green,critical-path launch
2026-05-17T13:41:44Z,launch,validation branch-ready-rtc-pr15a-fallback-group-move-green ready/rtc-pr15a-fallback-group-move-green session=rtc-critical-validate-branch-ready-rtc-pr15a-fallback-group-move-green-20260517T134144Z,ready-rtc-pr15a-fallback-group-move-green,critical-path launch
2026-05-17T13:41:44Z,launch,validation branch-ready-rtc-pr15b-fallback-group-insert-anchor-green ready/rtc-pr15b-fallback-group-insert-anchor-green session=rtc-critical-validate-branch-ready-rtc-pr15b-fallback-group-insert-anc-20260517T134144Z,ready-rtc-pr15b-fallback-group-insert-anchor-green,critical-path launch
2026-05-17T13:42:05Z,launch,continuation seed-1060015-reducer session=rtc-critical-continuation-seed-1060015-reducer-20260517T134204Z,seed-1060015-reducer,seed reducer/final-stack
2026-05-17T13:44:28Z,launch,validation branch-ready-rtc-pr06b-malformed-save-request-payload ready/rtc-pr06b-malformed-save-request-payload session=rtc-critical-validate-branch-ready-rtc-pr06b-malformed-save-request-pa-20260517T134428Z,ready-rtc-pr06b-malformed-save-request-payload,critical-path launch
2026-05-17T13:44:28Z,launch,validation branch-ready-rtc-pr15c-fallback-group-delete-green ready/rtc-pr15c-fallback-group-delete-green session=rtc-critical-validate-branch-ready-rtc-pr15c-fallback-group-delete-gre-20260517T134428Z,ready-rtc-pr15c-fallback-group-delete-green,critical-path launch
2026-05-17T13:44:28Z,launch,validation branch-ready-rtc-pr07b-save-response-manager-base-record ready/rtc-pr07b-save-response-manager-base-record session=rtc-critical-validate-branch-ready-rtc-pr07b-save-response-manager-bas-20260517T134428Z,ready-rtc-pr07b-save-response-manager-base-record,critical-path launch
2026-05-17T13:44:28Z,launch,validation branch-ready-rtc-pr09-store-lock-fairness ready/rtc-pr09-store-lock-fairness session=rtc-critical-validate-branch-ready-rtc-pr09-store-lock-fairness-20260517T134428Z,ready-rtc-pr09-store-lock-fairness,critical-path launch
2026-05-17T13:44:28Z,launch,validation branch-ready-rtc-pr10-crdt-block-rebase ready/rtc-pr10-crdt-block-rebase session=rtc-critical-validate-branch-ready-rtc-pr10-crdt-block-rebase-20260517T134428Z,ready-rtc-pr10-crdt-block-rebase,critical-path launch
2026-05-17T13:44:28Z,launch,validation branch-ready-rtc-pr11a-stale-base-record-block-append ready/rtc-pr11a-stale-base-record-block-append session=rtc-critical-validate-branch-ready-rtc-pr11a-stale-base-record-block-a-20260517T134428Z,ready-rtc-pr11a-stale-base-record-block-append,critical-path launch
2026-05-17T13:47:12Z,launch,validation branch-ready-rtc-pr11b-stale-base-block-delete ready/rtc-pr11b-stale-base-block-delete session=rtc-critical-validate-branch-ready-rtc-pr11b-stale-base-block-delete-20260517T134712Z,ready-rtc-pr11b-stale-base-block-delete,critical-path launch
2026-05-17T13:53:35Z,launch,validation branch-ready-rtc-pr07c-reload-record-snapshots ready/rtc-pr07c-reload-record-snapshots session=rtc-critical-validate-branch-ready-rtc-pr07c-reload-record-snapshots-20260517T135335Z,ready-rtc-pr07c-reload-record-snapshots,PR07C owner evidence
2026-05-17T13:53:35Z,launch,validation branch-ready-rtc-pr15c-fallback-group-delete-green-on-pr14b ready/rtc-pr15c-fallback-group-delete-green-on-pr14b session=rtc-critical-validate-branch-ready-rtc-pr15c-fallback-group-delete-gre-20260517T135335Z,ready-rtc-pr15c-fallback-group-delete-green-on-pr14b,critical-path launch
2026-05-17T13:53:35Z,launch,validation branch-ready-rtc-pr15a-fallback-group-move-green-on-pr14b ready/rtc-pr15a-fallback-group-move-green-on-pr14b session=rtc-critical-validate-branch-ready-rtc-pr15a-fallback-group-move-green-20260517T135335Z,ready-rtc-pr15a-fallback-group-move-green-on-pr14b,critical-path launch
2026-05-17T13:53:35Z,launch,validation branch-ready-rtc-pr15b-fallback-group-insert-anchor-green-on-pr14b ready/rtc-pr15b-fallback-group-insert-anchor-green-on-pr14b session=rtc-critical-validate-branch-ready-rtc-pr15b-fallback-group-insert-anc-20260517T135335Z,ready-rtc-pr15b-fallback-group-insert-anchor-green-on-pr14b,critical-path launch
2026-05-17T13:53:35Z,launch,validation branch-ready-rtc-pr14b-table-query-array-local-suffix-append ready/rtc-pr14b-table-query-array-local-suffix-append session=rtc-critical-validate-branch-ready-rtc-pr14b-table-query-array-local-s-20260517T135335Z,ready-rtc-pr14b-table-query-array-local-suffix-append,critical-path launch
2026-05-17T13:56:44Z,launch,continuation seed-5200005-reducer session=rtc-critical-continuation-seed-5200005-reducer-20260517T135643Z,seed-5200005-reducer,seed reducer/final-stack
2026-05-17T13:59:09Z,launch,validation branch-cycle264-pr05d-clean-base-semicolonless-entity-validation cycle264/pr05d-clean-base/semicolonless-entity-validation session=rtc-critical-validate-branch-cycle264-pr05d-clean-base-semicolonless-e-20260517T135909Z,cycle264-pr05d-clean-base-semicolonless-entity-validation,critical-path launch
2026-05-17T13:59:09Z,launch,validation branch-ready-rtc-pr06b-malformed-save-request-payload-minimal ready/rtc-pr06b-malformed-save-request-payload-minimal session=rtc-critical-validate-branch-ready-rtc-pr06b-malformed-save-request-pa-20260517T135909Z,ready-rtc-pr06b-malformed-save-request-payload-minimal,critical-path launch
2026-05-17T13:59:10Z,launch,validation branch-ready-rtc-pr02a-http-room-isolation-regression ready/rtc-pr02a-http-room-isolation-regression session=rtc-critical-validate-branch-ready-rtc-pr02a-http-room-isolation-regre-20260517T135910Z,ready-rtc-pr02a-http-room-isolation-regression,critical-path launch
2026-05-17T13:59:10Z,launch,validation branch-ready-rtc-pr14-table-body-array-green ready/rtc-pr14-table-body-array-green session=rtc-critical-validate-branch-ready-rtc-pr14-table-body-array-green-20260517T135910Z,ready-rtc-pr14-table-body-array-green,critical-path launch
2026-05-17T13:59:10Z,launch,validation branch-ready-rtc-pr15a-fallback-group-move-green ready/rtc-pr15a-fallback-group-move-green session=rtc-critical-validate-branch-ready-rtc-pr15a-fallback-group-move-green-20260517T135910Z,ready-rtc-pr15a-fallback-group-move-green,critical-path launch
2026-05-17T13:59:10Z,launch,validation branch-ready-rtc-pr15b-fallback-group-insert-anchor-green ready/rtc-pr15b-fallback-group-insert-anchor-green session=rtc-critical-validate-branch-ready-rtc-pr15b-fallback-group-insert-anc-20260517T135910Z,ready-rtc-pr15b-fallback-group-insert-anchor-green,critical-path launch
2026-05-17T13:59:32Z,launch,continuation seed-1060015-reducer session=rtc-critical-continuation-seed-1060015-reducer-20260517T135931Z,seed-1060015-reducer,seed reducer/final-stack
2026-05-17T14:01:57Z,launch,validation branch-ready-rtc-pr06b-malformed-save-request-payload ready/rtc-pr06b-malformed-save-request-payload session=rtc-critical-validate-branch-ready-rtc-pr06b-malformed-save-request-pa-20260517T140157Z,ready-rtc-pr06b-malformed-save-request-payload,critical-path launch
2026-05-17T14:01:58Z,launch,validation branch-ready-rtc-pr15c-fallback-group-delete-green ready/rtc-pr15c-fallback-group-delete-green session=rtc-critical-validate-branch-ready-rtc-pr15c-fallback-group-delete-gre-20260517T140158Z,ready-rtc-pr15c-fallback-group-delete-green,critical-path launch
2026-05-17T14:01:58Z,launch,validation branch-ready-rtc-pr07b-save-response-manager-base-record ready/rtc-pr07b-save-response-manager-base-record session=rtc-critical-validate-branch-ready-rtc-pr07b-save-response-manager-bas-20260517T140158Z,ready-rtc-pr07b-save-response-manager-base-record,critical-path launch
2026-05-17T14:01:58Z,launch,validation branch-ready-rtc-pr09-store-lock-fairness ready/rtc-pr09-store-lock-fairness session=rtc-critical-validate-branch-ready-rtc-pr09-store-lock-fairness-20260517T140158Z,ready-rtc-pr09-store-lock-fairness,critical-path launch
2026-05-17T14:01:58Z,launch,validation branch-ready-rtc-pr10-crdt-block-rebase ready/rtc-pr10-crdt-block-rebase session=rtc-critical-validate-branch-ready-rtc-pr10-crdt-block-rebase-20260517T140158Z,ready-rtc-pr10-crdt-block-rebase,critical-path launch
2026-05-17T14:01:58Z,launch,validation branch-ready-rtc-pr11a-stale-base-record-block-append ready/rtc-pr11a-stale-base-record-block-append session=rtc-critical-validate-branch-ready-rtc-pr11a-stale-base-record-block-a-20260517T140158Z,ready-rtc-pr11a-stale-base-record-block-append,critical-path launch
2026-05-17T14:04:43Z,launch,validation branch-ready-rtc-pr11b-stale-base-block-delete ready/rtc-pr11b-stale-base-block-delete session=rtc-critical-validate-branch-ready-rtc-pr11b-stale-base-block-delete-20260517T140443Z,ready-rtc-pr11b-stale-base-block-delete,critical-path launch
2026-05-17T14:09:35Z,launch,validation branch-ready-rtc-pr07c-reload-record-snapshots ready/rtc-pr07c-reload-record-snapshots session=rtc-critical-validate-branch-ready-rtc-pr07c-reload-record-snapshots-20260517T140933Z,ready-rtc-pr07c-reload-record-snapshots,PR07C owner evidence
2026-05-17T14:09:42Z,launch,validation branch-ready-rtc-pr15c-fallback-group-delete-green-on-pr14b ready/rtc-pr15c-fallback-group-delete-green-on-pr14b session=rtc-critical-validate-branch-ready-rtc-pr15c-fallback-group-delete-gre-20260517T140940Z,ready-rtc-pr15c-fallback-group-delete-green-on-pr14b,critical-path launch
2026-05-17T14:09:49Z,launch,validation branch-ready-rtc-pr15a-fallback-group-move-green-on-pr14b ready/rtc-pr15a-fallback-group-move-green-on-pr14b session=rtc-critical-validate-branch-ready-rtc-pr15a-fallback-group-move-green-20260517T140947Z,ready-rtc-pr15a-fallback-group-move-green-on-pr14b,critical-path launch
2026-05-17T14:09:56Z,launch,validation branch-ready-rtc-pr15b-fallback-group-insert-anchor-green-on-pr14b ready/rtc-pr15b-fallback-group-insert-anchor-green-on-pr14b session=rtc-critical-validate-branch-ready-rtc-pr15b-fallback-group-insert-anc-20260517T140954Z,ready-rtc-pr15b-fallback-group-insert-anchor-green-on-pr14b,critical-path launch
2026-05-17T14:10:05Z,launch,validation branch-ready-rtc-pr14b-table-query-array-local-suffix-append ready/rtc-pr14b-table-query-array-local-suffix-append session=rtc-critical-validate-branch-ready-rtc-pr14b-table-query-array-local-s-20260517T141003Z,ready-rtc-pr14b-table-query-array-local-suffix-append,critical-path launch
2026-05-17T14:13:56Z,launch,continuation seed-5200005-reducer session=rtc-critical-continuation-seed-5200005-reducer-20260517T141355Z,seed-5200005-reducer,seed reducer/final-stack
2026-05-17T14:16:19Z,launch,validation branch-cycle264-pr05d-clean-base-semicolonless-entity-validation cycle264/pr05d-clean-base/semicolonless-entity-validation session=rtc-critical-validate-branch-cycle264-pr05d-clean-base-semicolonless-e-20260517T141619Z,cycle264-pr05d-clean-base-semicolonless-entity-validation,critical-path launch
2026-05-17T14:16:19Z,launch,validation branch-ready-rtc-pr06b-malformed-save-request-payload-minimal ready/rtc-pr06b-malformed-save-request-payload-minimal session=rtc-critical-validate-branch-ready-rtc-pr06b-malformed-save-request-pa-20260517T141619Z,ready-rtc-pr06b-malformed-save-request-payload-minimal,critical-path launch
2026-05-17T14:16:20Z,launch,validation branch-ready-rtc-pr02a-http-room-isolation-regression ready/rtc-pr02a-http-room-isolation-regression session=rtc-critical-validate-branch-ready-rtc-pr02a-http-room-isolation-regre-20260517T141619Z,ready-rtc-pr02a-http-room-isolation-regression,critical-path launch
2026-05-17T14:16:20Z,launch,validation branch-ready-rtc-pr14-table-body-array-green ready/rtc-pr14-table-body-array-green session=rtc-critical-validate-branch-ready-rtc-pr14-table-body-array-green-20260517T141620Z,ready-rtc-pr14-table-body-array-green,critical-path launch
2026-05-17T14:16:20Z,launch,validation branch-ready-rtc-pr15a-fallback-group-move-green ready/rtc-pr15a-fallback-group-move-green session=rtc-critical-validate-branch-ready-rtc-pr15a-fallback-group-move-green-20260517T141620Z,ready-rtc-pr15a-fallback-group-move-green,critical-path launch
2026-05-17T14:16:20Z,launch,validation branch-ready-rtc-pr15b-fallback-group-insert-anchor-green ready/rtc-pr15b-fallback-group-insert-anchor-green session=rtc-critical-validate-branch-ready-rtc-pr15b-fallback-group-insert-anc-20260517T141620Z,ready-rtc-pr15b-fallback-group-insert-anchor-green,critical-path launch
2026-05-17T14:16:41Z,launch,continuation seed-1060015-reducer session=rtc-critical-continuation-seed-1060015-reducer-20260517T141639Z,seed-1060015-reducer,seed reducer/final-stack
2026-05-17T14:19:04Z,launch,validation branch-ready-rtc-pr06b-malformed-save-request-payload ready/rtc-pr06b-malformed-save-request-payload session=rtc-critical-validate-branch-ready-rtc-pr06b-malformed-save-request-pa-20260517T141904Z,ready-rtc-pr06b-malformed-save-request-payload,critical-path launch
2026-05-17T14:19:05Z,launch,validation branch-ready-rtc-pr15c-fallback-group-delete-green ready/rtc-pr15c-fallback-group-delete-green session=rtc-critical-validate-branch-ready-rtc-pr15c-fallback-group-delete-gre-20260517T141905Z,ready-rtc-pr15c-fallback-group-delete-green,critical-path launch
2026-05-17T14:19:05Z,launch,validation branch-ready-rtc-pr07b-save-response-manager-base-record ready/rtc-pr07b-save-response-manager-base-record session=rtc-critical-validate-branch-ready-rtc-pr07b-save-response-manager-bas-20260517T141905Z,ready-rtc-pr07b-save-response-manager-base-record,critical-path launch
2026-05-17T14:19:05Z,launch,validation branch-ready-rtc-pr09-store-lock-fairness ready/rtc-pr09-store-lock-fairness session=rtc-critical-validate-branch-ready-rtc-pr09-store-lock-fairness-20260517T141905Z,ready-rtc-pr09-store-lock-fairness,critical-path launch
2026-05-17T14:19:05Z,launch,validation branch-ready-rtc-pr10-crdt-block-rebase ready/rtc-pr10-crdt-block-rebase session=rtc-critical-validate-branch-ready-rtc-pr10-crdt-block-rebase-20260517T141905Z,ready-rtc-pr10-crdt-block-rebase,critical-path launch
2026-05-17T14:19:05Z,launch,validation branch-ready-rtc-pr11a-stale-base-record-block-append ready/rtc-pr11a-stale-base-record-block-append session=rtc-critical-validate-branch-ready-rtc-pr11a-stale-base-record-block-a-20260517T141905Z,ready-rtc-pr11a-stale-base-record-block-append,critical-path launch
2026-05-17T14:21:50Z,launch,validation branch-ready-rtc-pr11b-stale-base-block-delete ready/rtc-pr11b-stale-base-block-delete session=rtc-critical-validate-branch-ready-rtc-pr11b-stale-base-block-delete-20260517T142150Z,ready-rtc-pr11b-stale-base-block-delete,critical-path launch
2026-05-17T14:27:18Z,launch,validation branch-ready-rtc-pr07c-reload-record-snapshots ready/rtc-pr07c-reload-record-snapshots session=rtc-critical-validate-branch-ready-rtc-pr07c-reload-record-snapshots-20260517T142718Z,ready-rtc-pr07c-reload-record-snapshots,PR07C owner evidence
2026-05-17T14:27:19Z,launch,validation branch-ready-rtc-pr15c-fallback-group-delete-green-on-pr14b ready/rtc-pr15c-fallback-group-delete-green-on-pr14b session=rtc-critical-validate-branch-ready-rtc-pr15c-fallback-group-delete-gre-20260517T142718Z,ready-rtc-pr15c-fallback-group-delete-green-on-pr14b,critical-path launch
2026-05-17T14:27:19Z,launch,validation branch-ready-rtc-pr15a-fallback-group-move-green-on-pr14b ready/rtc-pr15a-fallback-group-move-green-on-pr14b session=rtc-critical-validate-branch-ready-rtc-pr15a-fallback-group-move-green-20260517T142719Z,ready-rtc-pr15a-fallback-group-move-green-on-pr14b,critical-path launch
2026-05-17T14:27:19Z,launch,validation branch-ready-rtc-pr15b-fallback-group-insert-anchor-green-on-pr14b ready/rtc-pr15b-fallback-group-insert-anchor-green-on-pr14b session=rtc-critical-validate-branch-ready-rtc-pr15b-fallback-group-insert-anc-20260517T142719Z,ready-rtc-pr15b-fallback-group-insert-anchor-green-on-pr14b,critical-path launch
2026-05-17T14:27:19Z,launch,validation branch-ready-rtc-pr14b-table-query-array-local-suffix-append ready/rtc-pr14b-table-query-array-local-suffix-append session=rtc-critical-validate-branch-ready-rtc-pr14b-table-query-array-local-s-20260517T142719Z,ready-rtc-pr14b-table-query-array-local-suffix-append,critical-path launch
2026-05-17T14:30:26Z,launch,continuation seed-5200005-reducer session=rtc-critical-continuation-seed-5200005-reducer-20260517T143025Z,seed-5200005-reducer,seed reducer/final-stack
2026-05-17T14:32:51Z,launch,validation branch-cycle264-pr05d-clean-base-semicolonless-entity-validation cycle264/pr05d-clean-base/semicolonless-entity-validation session=rtc-critical-validate-branch-cycle264-pr05d-clean-base-semicolonless-e-20260517T143251Z,cycle264-pr05d-clean-base-semicolonless-entity-validation,critical-path launch
2026-05-17T14:32:52Z,launch,validation branch-ready-rtc-pr06b-malformed-save-request-payload-minimal ready/rtc-pr06b-malformed-save-request-payload-minimal session=rtc-critical-validate-branch-ready-rtc-pr06b-malformed-save-request-pa-20260517T143252Z,ready-rtc-pr06b-malformed-save-request-payload-minimal,critical-path launch
2026-05-17T14:32:52Z,launch,validation branch-ready-rtc-pr02a-http-room-isolation-regression ready/rtc-pr02a-http-room-isolation-regression session=rtc-critical-validate-branch-ready-rtc-pr02a-http-room-isolation-regre-20260517T143252Z,ready-rtc-pr02a-http-room-isolation-regression,critical-path launch
2026-05-17T14:32:52Z,launch,validation branch-ready-rtc-pr14-table-body-array-green ready/rtc-pr14-table-body-array-green session=rtc-critical-validate-branch-ready-rtc-pr14-table-body-array-green-20260517T143252Z,ready-rtc-pr14-table-body-array-green,critical-path launch
2026-05-17T14:32:52Z,launch,validation branch-ready-rtc-pr15a-fallback-group-move-green ready/rtc-pr15a-fallback-group-move-green session=rtc-critical-validate-branch-ready-rtc-pr15a-fallback-group-move-green-20260517T143252Z,ready-rtc-pr15a-fallback-group-move-green,critical-path launch
2026-05-17T14:32:52Z,launch,validation branch-ready-rtc-pr15b-fallback-group-insert-anchor-green ready/rtc-pr15b-fallback-group-insert-anchor-green session=rtc-critical-validate-branch-ready-rtc-pr15b-fallback-group-insert-anc-20260517T143252Z,ready-rtc-pr15b-fallback-group-insert-anchor-green,critical-path launch
2026-05-17T14:33:13Z,launch,continuation seed-1060015-reducer session=rtc-critical-continuation-seed-1060015-reducer-20260517T143312Z,seed-1060015-reducer,seed reducer/final-stack
2026-05-17T14:35:38Z,launch,validation branch-ready-rtc-pr06b-malformed-save-request-payload ready/rtc-pr06b-malformed-save-request-payload session=rtc-critical-validate-branch-ready-rtc-pr06b-malformed-save-request-pa-20260517T143538Z,ready-rtc-pr06b-malformed-save-request-payload,critical-path launch
2026-05-17T14:35:38Z,launch,validation branch-ready-rtc-pr15c-fallback-group-delete-green ready/rtc-pr15c-fallback-group-delete-green session=rtc-critical-validate-branch-ready-rtc-pr15c-fallback-group-delete-gre-20260517T143538Z,ready-rtc-pr15c-fallback-group-delete-green,critical-path launch
2026-05-17T14:35:38Z,launch,validation branch-ready-rtc-pr07b-save-response-manager-base-record ready/rtc-pr07b-save-response-manager-base-record session=rtc-critical-validate-branch-ready-rtc-pr07b-save-response-manager-bas-20260517T143538Z,ready-rtc-pr07b-save-response-manager-base-record,critical-path launch
2026-05-17T14:35:38Z,launch,validation branch-ready-rtc-pr09-store-lock-fairness ready/rtc-pr09-store-lock-fairness session=rtc-critical-validate-branch-ready-rtc-pr09-store-lock-fairness-20260517T143538Z,ready-rtc-pr09-store-lock-fairness,critical-path launch
2026-05-17T14:35:38Z,launch,validation branch-ready-rtc-pr10-crdt-block-rebase ready/rtc-pr10-crdt-block-rebase session=rtc-critical-validate-branch-ready-rtc-pr10-crdt-block-rebase-20260517T143538Z,ready-rtc-pr10-crdt-block-rebase,critical-path launch
2026-05-17T14:35:39Z,launch,validation branch-ready-rtc-pr11a-stale-base-record-block-append ready/rtc-pr11a-stale-base-record-block-append session=rtc-critical-validate-branch-ready-rtc-pr11a-stale-base-record-block-a-20260517T143539Z,ready-rtc-pr11a-stale-base-record-block-append,critical-path launch
2026-05-17T14:38:24Z,launch,validation branch-ready-rtc-pr11b-stale-base-block-delete ready/rtc-pr11b-stale-base-block-delete session=rtc-critical-validate-branch-ready-rtc-pr11b-stale-base-block-delete-20260517T143824Z,ready-rtc-pr11b-stale-base-block-delete,critical-path launch
2026-05-17T14:43:54Z,launch,validation branch-ready-rtc-pr07c-reload-record-snapshots ready/rtc-pr07c-reload-record-snapshots session=rtc-critical-validate-branch-ready-rtc-pr07c-reload-record-snapshots-20260517T144354Z,ready-rtc-pr07c-reload-record-snapshots,PR07C owner evidence
2026-05-17T14:43:54Z,launch,validation branch-ready-rtc-pr15c-fallback-group-delete-green-on-pr14b ready/rtc-pr15c-fallback-group-delete-green-on-pr14b session=rtc-critical-validate-branch-ready-rtc-pr15c-fallback-group-delete-gre-20260517T144354Z,ready-rtc-pr15c-fallback-group-delete-green-on-pr14b,critical-path launch
2026-05-17T14:43:54Z,launch,validation branch-ready-rtc-pr15a-fallback-group-move-green-on-pr14b ready/rtc-pr15a-fallback-group-move-green-on-pr14b session=rtc-critical-validate-branch-ready-rtc-pr15a-fallback-group-move-green-20260517T144354Z,ready-rtc-pr15a-fallback-group-move-green-on-pr14b,critical-path launch
2026-05-17T14:43:54Z,launch,validation branch-ready-rtc-pr15b-fallback-group-insert-anchor-green-on-pr14b ready/rtc-pr15b-fallback-group-insert-anchor-green-on-pr14b session=rtc-critical-validate-branch-ready-rtc-pr15b-fallback-group-insert-anc-20260517T144354Z,ready-rtc-pr15b-fallback-group-insert-anchor-green-on-pr14b,critical-path launch
2026-05-17T14:43:54Z,launch,validation branch-ready-rtc-pr14b-table-query-array-local-suffix-append ready/rtc-pr14b-table-query-array-local-suffix-append session=rtc-critical-validate-branch-ready-rtc-pr14b-table-query-array-local-s-20260517T144354Z,ready-rtc-pr14b-table-query-array-local-suffix-append,critical-path launch
2026-05-17T14:47:01Z,launch,continuation seed-5200005-reducer session=rtc-critical-continuation-seed-5200005-reducer-20260517T144700Z,seed-5200005-reducer,seed reducer/final-stack
2026-05-17T14:49:27Z,launch,validation branch-cycle264-pr05d-clean-base-semicolonless-entity-validation cycle264/pr05d-clean-base/semicolonless-entity-validation session=rtc-critical-validate-branch-cycle264-pr05d-clean-base-semicolonless-e-20260517T144927Z,cycle264-pr05d-clean-base-semicolonless-entity-validation,critical-path launch
2026-05-17T14:49:27Z,launch,validation branch-ready-rtc-pr06b-malformed-save-request-payload-minimal ready/rtc-pr06b-malformed-save-request-payload-minimal session=rtc-critical-validate-branch-ready-rtc-pr06b-malformed-save-request-pa-20260517T144927Z,ready-rtc-pr06b-malformed-save-request-payload-minimal,critical-path launch
2026-05-17T14:49:28Z,launch,validation branch-ready-rtc-pr02a-http-room-isolation-regression ready/rtc-pr02a-http-room-isolation-regression session=rtc-critical-validate-branch-ready-rtc-pr02a-http-room-isolation-regre-20260517T144928Z,ready-rtc-pr02a-http-room-isolation-regression,critical-path launch
2026-05-17T14:49:28Z,launch,validation branch-ready-rtc-pr14-table-body-array-green ready/rtc-pr14-table-body-array-green session=rtc-critical-validate-branch-ready-rtc-pr14-table-body-array-green-20260517T144928Z,ready-rtc-pr14-table-body-array-green,critical-path launch
2026-05-17T14:49:28Z,launch,validation branch-ready-rtc-pr15a-fallback-group-move-green ready/rtc-pr15a-fallback-group-move-green session=rtc-critical-validate-branch-ready-rtc-pr15a-fallback-group-move-green-20260517T144928Z,ready-rtc-pr15a-fallback-group-move-green,critical-path launch
2026-05-17T14:49:28Z,launch,validation branch-ready-rtc-pr15b-fallback-group-insert-anchor-green ready/rtc-pr15b-fallback-group-insert-anchor-green session=rtc-critical-validate-branch-ready-rtc-pr15b-fallback-group-insert-anc-20260517T144928Z,ready-rtc-pr15b-fallback-group-insert-anchor-green,critical-path launch
2026-05-17T14:49:50Z,launch,continuation seed-1060015-reducer session=rtc-critical-continuation-seed-1060015-reducer-20260517T144948Z,seed-1060015-reducer,seed reducer/final-stack
2026-05-17T14:52:19Z,launch,validation branch-ready-rtc-pr06b-malformed-save-request-payload ready/rtc-pr06b-malformed-save-request-payload session=rtc-critical-validate-branch-ready-rtc-pr06b-malformed-save-request-pa-20260517T145218Z,ready-rtc-pr06b-malformed-save-request-payload,critical-path launch
2026-05-17T14:52:19Z,launch,validation branch-ready-rtc-pr15c-fallback-group-delete-green ready/rtc-pr15c-fallback-group-delete-green session=rtc-critical-validate-branch-ready-rtc-pr15c-fallback-group-delete-gre-20260517T145219Z,ready-rtc-pr15c-fallback-group-delete-green,critical-path launch
2026-05-17T14:52:19Z,launch,validation branch-ready-rtc-pr07b-save-response-manager-base-record ready/rtc-pr07b-save-response-manager-base-record session=rtc-critical-validate-branch-ready-rtc-pr07b-save-response-manager-bas-20260517T145219Z,ready-rtc-pr07b-save-response-manager-base-record,critical-path launch
2026-05-17T14:52:19Z,launch,validation branch-ready-rtc-pr09-store-lock-fairness ready/rtc-pr09-store-lock-fairness session=rtc-critical-validate-branch-ready-rtc-pr09-store-lock-fairness-20260517T145219Z,ready-rtc-pr09-store-lock-fairness,critical-path launch
2026-05-17T14:52:19Z,launch,validation branch-ready-rtc-pr10-crdt-block-rebase ready/rtc-pr10-crdt-block-rebase session=rtc-critical-validate-branch-ready-rtc-pr10-crdt-block-rebase-20260517T145219Z,ready-rtc-pr10-crdt-block-rebase,critical-path launch
2026-05-17T14:52:20Z,launch,validation branch-ready-rtc-pr11a-stale-base-record-block-append ready/rtc-pr11a-stale-base-record-block-append session=rtc-critical-validate-branch-ready-rtc-pr11a-stale-base-record-block-a-20260517T145220Z,ready-rtc-pr11a-stale-base-record-block-append,critical-path launch
2026-05-17T14:55:13Z,launch,validation branch-ready-rtc-pr11b-stale-base-block-delete ready/rtc-pr11b-stale-base-block-delete session=rtc-critical-validate-branch-ready-rtc-pr11b-stale-base-block-delete-20260517T145513Z,ready-rtc-pr11b-stale-base-block-delete,critical-path launch
2026-05-17T15:00:48Z,launch,validation branch-ready-rtc-pr07c-reload-record-snapshots ready/rtc-pr07c-reload-record-snapshots session=rtc-critical-validate-branch-ready-rtc-pr07c-reload-record-snapshots-20260517T150048Z,ready-rtc-pr07c-reload-record-snapshots,PR07C owner evidence
2026-05-17T15:00:48Z,launch,validation branch-ready-rtc-pr15c-fallback-group-delete-green-on-pr14b ready/rtc-pr15c-fallback-group-delete-green-on-pr14b session=rtc-critical-validate-branch-ready-rtc-pr15c-fallback-group-delete-gre-20260517T150048Z,ready-rtc-pr15c-fallback-group-delete-green-on-pr14b,critical-path launch
2026-05-17T15:00:48Z,launch,validation branch-ready-rtc-pr15a-fallback-group-move-green-on-pr14b ready/rtc-pr15a-fallback-group-move-green-on-pr14b session=rtc-critical-validate-branch-ready-rtc-pr15a-fallback-group-move-green-20260517T150048Z,ready-rtc-pr15a-fallback-group-move-green-on-pr14b,critical-path launch
2026-05-17T15:00:48Z,launch,validation branch-ready-rtc-pr15b-fallback-group-insert-anchor-green-on-pr14b ready/rtc-pr15b-fallback-group-insert-anchor-green-on-pr14b session=rtc-critical-validate-branch-ready-rtc-pr15b-fallback-group-insert-anc-20260517T150048Z,ready-rtc-pr15b-fallback-group-insert-anchor-green-on-pr14b,critical-path launch
2026-05-17T15:00:48Z,launch,validation branch-ready-rtc-pr14b-table-query-array-local-suffix-append ready/rtc-pr14b-table-query-array-local-suffix-append session=rtc-critical-validate-branch-ready-rtc-pr14b-table-query-array-local-s-20260517T150048Z,ready-rtc-pr14b-table-query-array-local-suffix-append,critical-path launch
2026-05-17T15:04:02Z,launch,continuation seed-5200005-reducer session=rtc-critical-continuation-seed-5200005-reducer-20260517T150400Z,seed-5200005-reducer,seed reducer/final-stack
2026-05-17T15:06:32Z,launch,validation branch-cycle264-pr05d-clean-base-semicolonless-entity-validation cycle264/pr05d-clean-base/semicolonless-entity-validation session=rtc-critical-validate-branch-cycle264-pr05d-clean-base-semicolonless-e-20260517T150632Z,cycle264-pr05d-clean-base-semicolonless-entity-validation,critical-path launch
2026-05-17T15:06:33Z,launch,validation branch-ready-rtc-pr06b-malformed-save-request-payload-minimal ready/rtc-pr06b-malformed-save-request-payload-minimal session=rtc-critical-validate-branch-ready-rtc-pr06b-malformed-save-request-pa-20260517T150633Z,ready-rtc-pr06b-malformed-save-request-payload-minimal,critical-path launch
2026-05-17T15:06:33Z,launch,validation branch-ready-rtc-pr02a-http-room-isolation-regression ready/rtc-pr02a-http-room-isolation-regression session=rtc-critical-validate-branch-ready-rtc-pr02a-http-room-isolation-regre-20260517T150633Z,ready-rtc-pr02a-http-room-isolation-regression,critical-path launch
2026-05-17T15:06:33Z,launch,validation branch-ready-rtc-pr14-table-body-array-green ready/rtc-pr14-table-body-array-green session=rtc-critical-validate-branch-ready-rtc-pr14-table-body-array-green-20260517T150633Z,ready-rtc-pr14-table-body-array-green,critical-path launch
2026-05-17T15:06:34Z,launch,validation branch-ready-rtc-pr15a-fallback-group-move-green ready/rtc-pr15a-fallback-group-move-green session=rtc-critical-validate-branch-ready-rtc-pr15a-fallback-group-move-green-20260517T150633Z,ready-rtc-pr15a-fallback-group-move-green,critical-path launch
2026-05-17T15:06:34Z,launch,validation branch-ready-rtc-pr15b-fallback-group-insert-anchor-green ready/rtc-pr15b-fallback-group-insert-anchor-green session=rtc-critical-validate-branch-ready-rtc-pr15b-fallback-group-insert-anc-20260517T150634Z,ready-rtc-pr15b-fallback-group-insert-anchor-green,critical-path launch
2026-05-17T15:06:56Z,launch,continuation seed-1060015-reducer session=rtc-critical-continuation-seed-1060015-reducer-20260517T150655Z,seed-1060015-reducer,seed reducer/final-stack
2026-05-17T17:26:12Z,launch,continuation pr07c-browser-env session=rtc-critical-continuation-pr07c-browser-env-20260517T172611Z,pr07c-browser-env,PR07C owner evidence
2026-05-17T17:42:26Z,launch,continuation pr07c-browser-env session=rtc-critical-continuation-pr07c-browser-env-20260517T174225Z,pr07c-browser-env,PR07C owner evidence
2026-05-17T17:57:38Z,launch,continuation pr07c-browser-env session=rtc-critical-continuation-pr07c-browser-env-20260517T175737Z,pr07c-browser-env,PR07C owner evidence
2026-05-17T18:14:19Z,launch,continuation pr07c-browser-env session=rtc-critical-continuation-pr07c-browser-env-20260517T181418Z,pr07c-browser-env,PR07C owner evidence
2026-05-17T18:32:07Z,launch,continuation pr07c-browser-env session=rtc-critical-continuation-pr07c-browser-env-20260517T183206Z,pr07c-browser-env,PR07C owner evidence
2026-05-17T18:48:25Z,launch,continuation pr07c-browser-env session=rtc-critical-continuation-pr07c-browser-env-20260517T184823Z,pr07c-browser-env,PR07C owner evidence
2026-05-17T19:04:55Z,launch,continuation pr07c-browser-env session=rtc-critical-continuation-pr07c-browser-env-20260517T190454Z,pr07c-browser-env,PR07C owner evidence
2026-05-17T19:21:02Z,launch,continuation pr07c-browser-env session=rtc-critical-continuation-pr07c-browser-env-20260517T192100Z,pr07c-browser-env,PR07C owner evidence
2026-05-17T19:36:51Z,launch,continuation pr07c-browser-env session=rtc-critical-continuation-pr07c-browser-env-20260517T193649Z,pr07c-browser-env,PR07C owner evidence
2026-05-17T19:52:52Z,launch,continuation pr07c-browser-env session=rtc-critical-continuation-pr07c-browser-env-20260517T195251Z,pr07c-browser-env,PR07C owner evidence
2026-05-17T20:08:57Z,launch,continuation pr07c-browser-env session=rtc-critical-continuation-pr07c-browser-env-20260517T200856Z,pr07c-browser-env,PR07C owner evidence
2026-05-17T20:24:32Z,launch,continuation pr07c-browser-env session=rtc-critical-continuation-pr07c-browser-env-20260517T202430Z,pr07c-browser-env,PR07C owner evidence
2026-05-17T20:40:38Z,launch,continuation pr07c-browser-env session=rtc-critical-continuation-pr07c-browser-env-20260517T204037Z,pr07c-browser-env,PR07C owner evidence
2026-05-17T20:56:44Z,launch,continuation pr07c-browser-env session=rtc-critical-continuation-pr07c-browser-env-20260517T205643Z,pr07c-browser-env,PR07C owner evidence
2026-05-17T21:14:28Z,launch,continuation pr07c-browser-env session=rtc-critical-continuation-pr07c-browser-env-20260517T211427Z,pr07c-browser-env,PR07C owner evidence
2026-05-17T21:30:18Z,launch,continuation pr07c-browser-env session=rtc-critical-continuation-pr07c-browser-env-20260517T213017Z,pr07c-browser-env,PR07C owner evidence
2026-05-17T21:46:14Z,launch,continuation pr07c-browser-env session=rtc-critical-continuation-pr07c-browser-env-20260517T214613Z,pr07c-browser-env,PR07C owner evidence
2026-05-17T22:02:22Z,launch,continuation pr07c-browser-env session=rtc-critical-continuation-pr07c-browser-env-20260517T220221Z,pr07c-browser-env,PR07C owner evidence
2026-05-17T22:18:20Z,launch,continuation pr07c-browser-env session=rtc-critical-continuation-pr07c-browser-env-20260517T221819Z,pr07c-browser-env,PR07C owner evidence
2026-05-17T22:34:28Z,launch,continuation pr07c-browser-env session=rtc-critical-continuation-pr07c-browser-env-20260517T223427Z,pr07c-browser-env,PR07C owner evidence
2026-05-17T22:50:43Z,launch,continuation pr07c-browser-env session=rtc-critical-continuation-pr07c-browser-env-20260517T225042Z,pr07c-browser-env,PR07C owner evidence
2026-05-17T23:06:47Z,launch,continuation pr07c-browser-env session=rtc-critical-continuation-pr07c-browser-env-20260517T230646Z,pr07c-browser-env,PR07C owner evidence
2026-05-17T23:23:09Z,launch,continuation pr07c-browser-env session=rtc-critical-continuation-pr07c-browser-env-20260517T232308Z,pr07c-browser-env,PR07C owner evidence
2026-05-17T23:39:33Z,launch,continuation pr07c-browser-env session=rtc-critical-continuation-pr07c-browser-env-20260517T233932Z,pr07c-browser-env,PR07C owner evidence
2026-05-17T23:56:40Z,launch,continuation pr07c-browser-env session=rtc-critical-continuation-pr07c-browser-env-20260517T235639Z,pr07c-browser-env,PR07C owner evidence
2026-05-18T00:15:26Z,launch,continuation pr07c-browser-env session=rtc-critical-continuation-pr07c-browser-env-20260518T001525Z,pr07c-browser-env,PR07C owner evidence
2026-05-18T00:31:39Z,launch,continuation pr07c-browser-env session=rtc-critical-continuation-pr07c-browser-env-20260518T003138Z,pr07c-browser-env,PR07C owner evidence
2026-05-18T00:47:39Z,launch,continuation pr07c-browser-env session=rtc-critical-continuation-pr07c-browser-env-20260518T004737Z,pr07c-browser-env,PR07C owner evidence
2026-05-18T01:03:33Z,launch,continuation pr07c-browser-env session=rtc-critical-continuation-pr07c-browser-env-20260518T010332Z,pr07c-browser-env,PR07C owner evidence
2026-05-18T01:19:32Z,launch,continuation pr07c-browser-env session=rtc-critical-continuation-pr07c-browser-env-20260518T011930Z,pr07c-browser-env,PR07C owner evidence
2026-05-18T01:35:25Z,launch,continuation pr07c-browser-env session=rtc-critical-continuation-pr07c-browser-env-20260518T013524Z,pr07c-browser-env,PR07C owner evidence
2026-05-18T01:51:27Z,launch,continuation pr07c-browser-env session=rtc-critical-continuation-pr07c-browser-env-20260518T015126Z,pr07c-browser-env,PR07C owner evidence
2026-05-18T02:07:42Z,launch,continuation pr07c-browser-env session=rtc-critical-continuation-pr07c-browser-env-20260518T020741Z,pr07c-browser-env,PR07C owner evidence
2026-05-18T02:23:50Z,launch,continuation pr07c-browser-env session=rtc-critical-continuation-pr07c-browser-env-20260518T022349Z,pr07c-browser-env,PR07C owner evidence
2026-05-18T02:39:50Z,launch,continuation pr07c-browser-env session=rtc-critical-continuation-pr07c-browser-env-20260518T023949Z,pr07c-browser-env,PR07C owner evidence
2026-05-18T02:55:17Z,launch,continuation pr07c-browser-env session=rtc-critical-continuation-pr07c-browser-env-20260518T025516Z,pr07c-browser-env,PR07C owner evidence
2026-05-18T03:11:23Z,launch,continuation pr07c-browser-env session=rtc-critical-continuation-pr07c-browser-env-20260518T031121Z,pr07c-browser-env,PR07C owner evidence
2026-05-18T03:28:48Z,launch,continuation pr07c-browser-env session=rtc-critical-continuation-pr07c-browser-env-20260518T032847Z,pr07c-browser-env,PR07C owner evidence
2026-05-18T03:57:08Z,launch,continuation pr07c-browser-env session=rtc-critical-continuation-pr07c-browser-env-20260518T035707Z,pr07c-browser-env,PR07C owner evidence
2026-05-18T04:22:49Z,launch,continuation pr07c-browser-env session=rtc-critical-continuation-pr07c-browser-env-20260518T042247Z,pr07c-browser-env,PR07C owner evidence
2026-05-18T05:17:10Z,launch,continuation pr07c-browser-env session=rtc-critical-continuation-pr07c-browser-env-20260518T051709Z,pr07c-browser-env,PR07C owner evidence
2026-05-18T05:32:17Z,launch,continuation pr07c-browser-env session=rtc-critical-continuation-pr07c-browser-env-20260518T053216Z,pr07c-browser-env,PR07C owner evidence
2026-05-18T05:47:24Z,launch,continuation pr07c-browser-env session=rtc-critical-continuation-pr07c-browser-env-20260518T054722Z,pr07c-browser-env,PR07C owner evidence
2026-05-18T06:28:49Z,launch,continuation pr07c-browser-env session=rtc-critical-continuation-pr07c-browser-env-20260518T062848Z,pr07c-browser-env,PR07C owner evidence
2026-05-18T06:44:08Z,launch,continuation pr07c-browser-env session=rtc-critical-continuation-pr07c-browser-env-20260518T064407Z,pr07c-browser-env,PR07C owner evidence
2026-05-18T07:45:11Z,launch,continuation pr07c-browser-env session=rtc-critical-continuation-pr07c-browser-env-20260518T074509Z,pr07c-browser-env,PR07C owner evidence
2026-05-18T08:00:28Z,launch,continuation pr07c-browser-env session=rtc-critical-continuation-pr07c-browser-env-20260518T080027Z,pr07c-browser-env,PR07C owner evidence
2026-05-18T10:06:20Z,launch,continuation pr07c-browser-env session=rtc-critical-continuation-pr07c-browser-env-20260518T100619Z,pr07c-browser-env,PR07C owner evidence
2026-05-18T10:21:25Z,launch,continuation pr07c-browser-env session=rtc-critical-continuation-pr07c-browser-env-20260518T102124Z,pr07c-browser-env,PR07C owner evidence
2026-05-18T10:37:39Z,launch,continuation pr07c-browser-env session=rtc-critical-continuation-pr07c-browser-env-20260518T103738Z,pr07c-browser-env,PR07C owner evidence
2026-05-18T10:53:55Z,launch,continuation pr07c-browser-env session=rtc-critical-continuation-pr07c-browser-env-20260518T105353Z,pr07c-browser-env,PR07C owner evidence
2026-05-18T11:14:24Z,launch,continuation pr07c-browser-env session=rtc-critical-continuation-pr07c-browser-env-20260518T111423Z,pr07c-browser-env,PR07C owner evidence
2026-05-18T11:45:45Z,launch,continuation pr07c-browser-env session=rtc-critical-continuation-pr07c-browser-env-20260518T114543Z,pr07c-browser-env,PR07C owner evidence
2026-05-18T12:02:02Z,launch,continuation pr07c-browser-env session=rtc-critical-continuation-pr07c-browser-env-20260518T120200Z,pr07c-browser-env,PR07C owner evidence
2026-05-18T13:03:56Z,launch,continuation pr07c-browser-env session=rtc-critical-continuation-pr07c-browser-env-20260518T130354Z,pr07c-browser-env,PR07C owner evidence
2026-05-18T13:19:00Z,launch,continuation pr07c-browser-env session=rtc-critical-continuation-pr07c-browser-env-20260518T131858Z,pr07c-browser-env,PR07C owner evidence
2026-05-18T13:36:47Z,launch,continuation pr07c-browser-env session=rtc-critical-continuation-pr07c-browser-env-20260518T133646Z,pr07c-browser-env,PR07C owner evidence
2026-05-18T13:53:09Z,launch,continuation pr07c-browser-env session=rtc-critical-continuation-pr07c-browser-env-20260518T135307Z,pr07c-browser-env,PR07C owner evidence
2026-05-18T14:09:33Z,launch,continuation pr07c-browser-env session=rtc-critical-continuation-pr07c-browser-env-20260518T140931Z,pr07c-browser-env,PR07C owner evidence
2026-05-18T14:24:40Z,launch,continuation pr07c-browser-env session=rtc-critical-continuation-pr07c-browser-env-20260518T142439Z,pr07c-browser-env,PR07C owner evidence
2026-05-18T14:39:55Z,launch,continuation pr07c-browser-env session=rtc-critical-continuation-pr07c-browser-env-20260518T143954Z,pr07c-browser-env,PR07C owner evidence
2026-05-18T15:10:34Z,launch,continuation pr07c-browser-env session=rtc-critical-continuation-pr07c-browser-env-20260518T151032Z,pr07c-browser-env,PR07C owner evidence
2026-05-18T15:31:22Z,launch,continuation pr07c-browser-env session=rtc-critical-continuation-pr07c-browser-env-20260518T153120Z,pr07c-browser-env,PR07C owner evidence
2026-05-18T16:17:13Z,launch,continuation pr07c-browser-env session=rtc-critical-continuation-pr07c-browser-env-20260518T161712Z,pr07c-browser-env,PR07C owner evidence
2026-05-18T16:45:07Z,launch,continuation pr07c-browser-env session=rtc-critical-continuation-pr07c-browser-env-20260518T164506Z,pr07c-browser-env,PR07C owner evidence
2026-05-18T17:00:16Z,launch,continuation pr07c-browser-env session=rtc-critical-continuation-pr07c-browser-env-20260518T170015Z,pr07c-browser-env,PR07C owner evidence
2026-05-18T17:15:42Z,launch,continuation pr07c-browser-env session=rtc-critical-continuation-pr07c-browser-env-20260518T171540Z,pr07c-browser-env,PR07C owner evidence
2026-05-18T17:31:10Z,launch,continuation pr07c-browser-env session=rtc-critical-continuation-pr07c-browser-env-20260518T173109Z,pr07c-browser-env,PR07C owner evidence
2026-05-18T17:46:41Z,launch,continuation pr07c-browser-env session=rtc-critical-continuation-pr07c-browser-env-20260518T174640Z,pr07c-browser-env,PR07C owner evidence
2026-05-18T18:02:17Z,launch,continuation pr07c-browser-env session=rtc-critical-continuation-pr07c-browser-env-20260518T180216Z,pr07c-browser-env,PR07C owner evidence
2026-05-19T08:55:08Z,launch,continuation pr07c-browser-env session=rtc-critical-continuation-pr07c-browser-env-20260519T085506Z,pr07c-browser-env,PR07C owner evidence
2026-05-19T09:11:37Z,launch,continuation pr07c-browser-env session=rtc-critical-continuation-pr07c-browser-env-20260519T091136Z,pr07c-browser-env,PR07C owner evidence
2026-05-19T09:26:47Z,launch,continuation pr07c-browser-env session=rtc-critical-continuation-pr07c-browser-env-20260519T092645Z,pr07c-browser-env,PR07C owner evidence
2026-05-19T09:42:49Z,launch,continuation pr07c-browser-env session=rtc-critical-continuation-pr07c-browser-env-20260519T094248Z,pr07c-browser-env,PR07C owner evidence
2026-05-19T09:59:29Z,launch,continuation pr07c-browser-env session=rtc-critical-continuation-pr07c-browser-env-20260519T095927Z,pr07c-browser-env,PR07C owner evidence
2026-05-19T10:14:45Z,launch,continuation pr07c-browser-env session=rtc-critical-continuation-pr07c-browser-env-20260519T101444Z,pr07c-browser-env,PR07C owner evidence
2026-05-19T10:29:55Z,launch,continuation pr07c-browser-env session=rtc-critical-continuation-pr07c-browser-env-20260519T102954Z,pr07c-browser-env,PR07C owner evidence
2026-05-19T10:45:02Z,launch,continuation pr07c-browser-env session=rtc-critical-continuation-pr07c-browser-env-20260519T104500Z,pr07c-browser-env,PR07C owner evidence
2026-05-19T11:00:09Z,launch,continuation pr07c-browser-env session=rtc-critical-continuation-pr07c-browser-env-20260519T110008Z,pr07c-browser-env,PR07C owner evidence
2026-05-19T11:20:33Z,launch,continuation pr07c-browser-env session=rtc-critical-continuation-pr07c-browser-env-20260519T112031Z,pr07c-browser-env,PR07C owner evidence
2026-05-19T11:36:26Z,launch,continuation pr07c-browser-env session=rtc-critical-continuation-pr07c-browser-env-20260519T113624Z,pr07c-browser-env,PR07C owner evidence
2026-05-19T11:52:34Z,launch,continuation pr07c-browser-env session=rtc-critical-continuation-pr07c-browser-env-20260519T115232Z,pr07c-browser-env,PR07C owner evidence
2026-05-19T12:07:46Z,launch,continuation pr07c-browser-env session=rtc-critical-continuation-pr07c-browser-env-20260519T120744Z,pr07c-browser-env,PR07C owner evidence
2026-05-19T12:23:00Z,launch,continuation pr07c-browser-env session=rtc-critical-continuation-pr07c-browser-env-20260519T122259Z,pr07c-browser-env,PR07C owner evidence
2026-05-19T12:38:16Z,launch,continuation pr07c-browser-env session=rtc-critical-continuation-pr07c-browser-env-20260519T123815Z,pr07c-browser-env,PR07C owner evidence
2026-05-19T12:53:28Z,launch,continuation pr07c-browser-env session=rtc-critical-continuation-pr07c-browser-env-20260519T125327Z,pr07c-browser-env,PR07C owner evidence
2026-05-19T13:08:36Z,launch,continuation pr07c-browser-env session=rtc-critical-continuation-pr07c-browser-env-20260519T130835Z,pr07c-browser-env,PR07C owner evidence
2026-05-19T13:23:50Z,launch,continuation pr07c-browser-env session=rtc-critical-continuation-pr07c-browser-env-20260519T132349Z,pr07c-browser-env,PR07C owner evidence
2026-05-19T13:39:08Z,launch,continuation pr07c-browser-env session=rtc-critical-continuation-pr07c-browser-env-20260519T133906Z,pr07c-browser-env,PR07C owner evidence
2026-05-19T13:54:24Z,launch,continuation pr07c-browser-env session=rtc-critical-continuation-pr07c-browser-env-20260519T135423Z,pr07c-browser-env,PR07C owner evidence
2026-05-19T14:09:41Z,launch,continuation pr07c-browser-env session=rtc-critical-continuation-pr07c-browser-env-20260519T140940Z,pr07c-browser-env,PR07C owner evidence
2026-05-19T14:31:48Z,launch,continuation pr07c-browser-env session=rtc-critical-continuation-pr07c-browser-env-20260519T143146Z,pr07c-browser-env,PR07C owner evidence
2026-05-19T14:47:03Z,launch,continuation pr07c-browser-env session=rtc-critical-continuation-pr07c-browser-env-20260519T144702Z,pr07c-browser-env,PR07C owner evidence
2026-05-19T15:12:39Z,launch,continuation pr07c-browser-env session=rtc-critical-continuation-pr07c-browser-env-20260519T151237Z,pr07c-browser-env,PR07C owner evidence
2026-05-19T15:27:58Z,launch,continuation pr07c-browser-env session=rtc-critical-continuation-pr07c-browser-env-20260519T152756Z,pr07c-browser-env,PR07C owner evidence
2026-05-19T15:43:17Z,launch,continuation pr07c-browser-env session=rtc-critical-continuation-pr07c-browser-env-20260519T154316Z,pr07c-browser-env,PR07C owner evidence
2026-05-19T15:58:41Z,launch,continuation pr07c-browser-env session=rtc-critical-continuation-pr07c-browser-env-20260519T155839Z,pr07c-browser-env,PR07C owner evidence
2026-05-19T16:13:58Z,launch,continuation pr07c-browser-env session=rtc-critical-continuation-pr07c-browser-env-20260519T161356Z,pr07c-browser-env,PR07C owner evidence
2026-05-19T16:32:41Z,launch,continuation pr07c-browser-env session=rtc-critical-continuation-pr07c-browser-env-20260519T163240Z,pr07c-browser-env,PR07C owner evidence
2026-05-19T16:48:02Z,launch,continuation pr07c-browser-env session=rtc-critical-continuation-pr07c-browser-env-20260519T164800Z,pr07c-browser-env,PR07C owner evidence
2026-05-19T17:03:23Z,launch,continuation pr07c-browser-env session=rtc-critical-continuation-pr07c-browser-env-20260519T170321Z,pr07c-browser-env,PR07C owner evidence
2026-05-19T17:18:43Z,launch,continuation pr07c-browser-env session=rtc-critical-continuation-pr07c-browser-env-20260519T171842Z,pr07c-browser-env,PR07C owner evidence
2026-05-20T08:26:30Z,launch,continuation benchmark-canary-fuzzer-gap session=rtc-critical-continuation-benchmark-canary-fuzzer-gap-20260520T082628Z,benchmark-canary-fuzzer-gap,benchmark canary/exact-stack
2026-05-20T08:55:29Z,launch,continuation benchmark-canary-fuzzer-gap session=rtc-critical-continuation-benchmark-canary-fuzzer-gap-20260520T085527Z,benchmark-canary-fuzzer-gap,benchmark canary/exact-stack
2026-05-20T09:50:43Z,launch,continuation benchmark-canary-fuzzer-gap session=rtc-critical-continuation-benchmark-canary-fuzzer-gap-20260520T095041Z,benchmark-canary-fuzzer-gap,benchmark canary/exact-stack
2026-05-20T10:14:15Z,launch,continuation benchmark-canary-fuzzer-gap session=rtc-critical-continuation-benchmark-canary-fuzzer-gap-20260520T101414Z,benchmark-canary-fuzzer-gap,benchmark canary/exact-stack
2026-05-20T10:49:18Z,launch,continuation benchmark-canary-fuzzer-gap session=rtc-critical-continuation-benchmark-canary-fuzzer-gap-20260520T104916Z,benchmark-canary-fuzzer-gap,benchmark canary/exact-stack
2026-05-20T11:11:37Z,launch,continuation benchmark-canary-fuzzer-gap session=rtc-critical-continuation-benchmark-canary-fuzzer-gap-20260520T111135Z,benchmark-canary-fuzzer-gap,benchmark canary/exact-stack
2026-05-20T11:28:58Z,launch,continuation benchmark-canary-fuzzer-gap session=rtc-critical-continuation-benchmark-canary-fuzzer-gap-20260520T112857Z,benchmark-canary-fuzzer-gap,benchmark canary/exact-stack
2026-05-20T11:46:07Z,launch,continuation benchmark-canary-fuzzer-gap session=rtc-critical-continuation-benchmark-canary-fuzzer-gap-20260520T114605Z,benchmark-canary-fuzzer-gap,benchmark canary/exact-stack
2026-05-20T12:03:16Z,launch,continuation benchmark-canary-fuzzer-gap session=rtc-critical-continuation-benchmark-canary-fuzzer-gap-20260520T120315Z,benchmark-canary-fuzzer-gap,benchmark canary/exact-stack
2026-05-20T12:49:11Z,launch,continuation benchmark-canary-fuzzer-gap session=rtc-critical-continuation-benchmark-canary-fuzzer-gap-20260520T124909Z,benchmark-canary-fuzzer-gap,benchmark canary/exact-stack
2026-05-20T13:25:38Z,launch,continuation pr17-1020002 session=rtc-critical-continuation-pr17-1020002-20260520T132536Z,pr17-1020002,seed reducer/final-stack
2026-05-20T13:25:40Z,launch,continuation seed-5200005-reducer session=rtc-critical-continuation-seed-5200005-reducer-20260520T132538Z,seed-5200005-reducer,seed reducer/final-stack
2026-05-20T13:44:05Z,launch,continuation pr17-1020002 session=rtc-critical-continuation-pr17-1020002-20260520T134404Z,pr17-1020002,seed reducer/final-stack
2026-05-20T13:47:16Z,launch,continuation benchmark-canary-fuzzer-gap session=rtc-critical-continuation-benchmark-canary-fuzzer-gap-20260520T134715Z,benchmark-canary-fuzzer-gap,benchmark canary/exact-stack
2026-05-20T14:38:19Z,launch,continuation benchmark-canary-fuzzer-gap session=rtc-critical-continuation-benchmark-canary-fuzzer-gap-20260520T143818Z,benchmark-canary-fuzzer-gap,benchmark canary/exact-stack
2026-05-20T14:55:52Z,launch,continuation benchmark-canary-fuzzer-gap session=rtc-critical-continuation-benchmark-canary-fuzzer-gap-20260520T145551Z,benchmark-canary-fuzzer-gap,benchmark canary/exact-stack
2026-05-20T15:23:09Z,launch,continuation benchmark-canary-fuzzer-gap session=rtc-critical-continuation-benchmark-canary-fuzzer-gap-20260520T152308Z,benchmark-canary-fuzzer-gap,benchmark canary/exact-stack
2026-05-20T15:52:03Z,launch,continuation benchmark-canary-fuzzer-gap session=rtc-critical-continuation-benchmark-canary-fuzzer-gap-20260520T155202Z,benchmark-canary-fuzzer-gap,benchmark canary/exact-stack
2026-05-20T16:13:11Z,launch,continuation benchmark-canary-fuzzer-gap session=rtc-critical-continuation-benchmark-canary-fuzzer-gap-20260520T161309Z,benchmark-canary-fuzzer-gap,benchmark canary/exact-stack
2026-05-20T16:27:16Z,launch,continuation benchmark-canary-fuzzer-gap session=rtc-critical-continuation-benchmark-canary-fuzzer-gap-20260520T162714Z,benchmark-canary-fuzzer-gap,benchmark canary/exact-stack
2026-05-20T17:29:37Z,launch,continuation benchmark-canary-fuzzer-gap session=rtc-critical-continuation-benchmark-canary-fuzzer-gap-20260520T172935Z,benchmark-canary-fuzzer-gap,benchmark canary/exact-stack
2026-05-20T17:50:41Z,launch,continuation benchmark-canary-fuzzer-gap session=rtc-critical-continuation-benchmark-canary-fuzzer-gap-20260520T175039Z,benchmark-canary-fuzzer-gap,benchmark canary/exact-stack
2026-05-20T18:06:18Z,launch,continuation benchmark-canary-fuzzer-gap session=rtc-critical-continuation-benchmark-canary-fuzzer-gap-20260520T180617Z,benchmark-canary-fuzzer-gap,benchmark canary/exact-stack
2026-05-20T18:38:28Z,launch,continuation benchmark-canary-fuzzer-gap session=rtc-critical-continuation-benchmark-canary-fuzzer-gap-20260520T183827Z,benchmark-canary-fuzzer-gap,benchmark canary/exact-stack
2026-05-20T18:59:55Z,launch,continuation benchmark-canary-fuzzer-gap session=rtc-critical-continuation-benchmark-canary-fuzzer-gap-20260520T185954Z,benchmark-canary-fuzzer-gap,benchmark canary/exact-stack
2026-05-20T19:27:24Z,launch,continuation benchmark-canary-fuzzer-gap session=rtc-critical-continuation-benchmark-canary-fuzzer-gap-20260520T192722Z,benchmark-canary-fuzzer-gap,benchmark canary/exact-stack
2026-05-20T19:42:55Z,launch,continuation benchmark-canary-fuzzer-gap session=rtc-critical-continuation-benchmark-canary-fuzzer-gap-20260520T194254Z,benchmark-canary-fuzzer-gap,benchmark canary/exact-stack
2026-05-20T19:58:21Z,launch,continuation benchmark-canary-fuzzer-gap session=rtc-critical-continuation-benchmark-canary-fuzzer-gap-20260520T195819Z,benchmark-canary-fuzzer-gap,benchmark canary/exact-stack
2026-05-20T20:13:46Z,launch,continuation benchmark-canary-fuzzer-gap session=rtc-critical-continuation-benchmark-canary-fuzzer-gap-20260520T201345Z,benchmark-canary-fuzzer-gap,benchmark canary/exact-stack
2026-05-20T20:36:10Z,launch,continuation benchmark-canary-fuzzer-gap session=rtc-critical-continuation-benchmark-canary-fuzzer-gap-20260520T203609Z,benchmark-canary-fuzzer-gap,benchmark canary/exact-stack
2026-05-20T20:51:35Z,launch,continuation benchmark-canary-fuzzer-gap session=rtc-critical-continuation-benchmark-canary-fuzzer-gap-20260520T205132Z,benchmark-canary-fuzzer-gap,benchmark canary/exact-stack
2026-05-20T21:10:37Z,launch,continuation benchmark-canary-fuzzer-gap session=rtc-critical-continuation-benchmark-canary-fuzzer-gap-20260520T211035Z,benchmark-canary-fuzzer-gap,benchmark canary/exact-stack
2026-05-20T21:26:01Z,launch,continuation benchmark-canary-fuzzer-gap session=rtc-critical-continuation-benchmark-canary-fuzzer-gap-20260520T212559Z,benchmark-canary-fuzzer-gap,benchmark canary/exact-stack
2026-05-20T21:44:00Z,launch,continuation benchmark-canary-fuzzer-gap session=rtc-critical-continuation-benchmark-canary-fuzzer-gap-20260520T214358Z,benchmark-canary-fuzzer-gap,benchmark canary/exact-stack
2026-05-20T22:07:24Z,launch,continuation benchmark-canary-fuzzer-gap session=rtc-critical-continuation-benchmark-canary-fuzzer-gap-20260520T220722Z,benchmark-canary-fuzzer-gap,benchmark canary/exact-stack
2026-05-20T22:27:17Z,launch,continuation benchmark-canary-fuzzer-gap session=rtc-critical-continuation-benchmark-canary-fuzzer-gap-20260520T222715Z,benchmark-canary-fuzzer-gap,benchmark canary/exact-stack
2026-05-20T22:35:53Z,launch,continuation benchmark-canary-fuzzer-gap session=rtc-critical-continuation-benchmark-canary-fuzzer-gap-20260520T223552Z,benchmark-canary-fuzzer-gap,benchmark canary/exact-stack
2026-05-20T22:51:55Z,launch,continuation benchmark-canary-fuzzer-gap session=rtc-critical-continuation-benchmark-canary-fuzzer-gap-20260520T225153Z,benchmark-canary-fuzzer-gap,benchmark canary/exact-stack
2026-05-20T22:56:54Z,launch,continuation benchmark-canary-fuzzer-gap session=rtc-critical-continuation-benchmark-canary-fuzzer-gap-20260520T225653Z,benchmark-canary-fuzzer-gap,benchmark canary/exact-stack
2026-05-20T23:12:59Z,launch,continuation benchmark-canary-fuzzer-gap session=rtc-critical-continuation-benchmark-canary-fuzzer-gap-20260520T231257Z,benchmark-canary-fuzzer-gap,benchmark canary/exact-stack
2026-05-20T23:20:25Z,launch,continuation benchmark-canary-fuzzer-gap session=rtc-critical-continuation-benchmark-canary-fuzzer-gap-20260520T232024Z,benchmark-canary-fuzzer-gap,benchmark canary/exact-stack
2026-05-20T23:36:40Z,launch,continuation benchmark-canary-fuzzer-gap session=rtc-critical-continuation-benchmark-canary-fuzzer-gap-20260520T233638Z,benchmark-canary-fuzzer-gap,benchmark canary/exact-stack
2026-05-21T00:19:53Z,launch,continuation benchmark-canary-fuzzer-gap session=rtc-critical-continuation-benchmark-canary-fuzzer-gap-20260521T001952Z,benchmark-canary-fuzzer-gap,benchmark canary/exact-stack
2026-05-21T00:35:54Z,launch,continuation benchmark-canary-fuzzer-gap session=rtc-critical-continuation-benchmark-canary-fuzzer-gap-20260521T003552Z,benchmark-canary-fuzzer-gap,benchmark canary/exact-stack
2026-05-21T01:35:29Z,launch,continuation benchmark-canary-fuzzer-gap session=rtc-critical-continuation-benchmark-canary-fuzzer-gap-20260521T013528Z,benchmark-canary-fuzzer-gap,benchmark canary/exact-stack
2026-05-21T03:00:46Z,launch,continuation benchmark-canary-fuzzer-gap session=rtc-critical-continuation-benchmark-canary-fuzzer-gap-20260521T030045Z,benchmark-canary-fuzzer-gap,benchmark canary/exact-stack
2026-05-21T03:15:41Z,launch,continuation benchmark-canary-fuzzer-gap session=rtc-critical-continuation-benchmark-canary-fuzzer-gap-20260521T031540Z,benchmark-canary-fuzzer-gap,benchmark canary/exact-stack
2026-05-21T03:33:07Z,launch,continuation benchmark-canary-fuzzer-gap session=rtc-critical-continuation-benchmark-canary-fuzzer-gap-20260521T033306Z,benchmark-canary-fuzzer-gap,benchmark canary/exact-stack
2026-05-21T03:41:51Z,launch,continuation benchmark-canary-fuzzer-gap session=rtc-critical-continuation-benchmark-canary-fuzzer-gap-20260521T034150Z,benchmark-canary-fuzzer-gap,benchmark canary/exact-stack
2026-05-21T03:55:29Z,launch,continuation benchmark-canary-fuzzer-gap session=rtc-critical-continuation-benchmark-canary-fuzzer-gap-20260521T035528Z,benchmark-canary-fuzzer-gap,benchmark canary/exact-stack
2026-05-21T04:11:37Z,launch,continuation benchmark-canary-fuzzer-gap session=rtc-critical-continuation-benchmark-canary-fuzzer-gap-20260521T041135Z,benchmark-canary-fuzzer-gap,benchmark canary/exact-stack
2026-05-21T04:17:48Z,launch,continuation benchmark-canary-fuzzer-gap session=rtc-critical-continuation-benchmark-canary-fuzzer-gap-20260521T041747Z,benchmark-canary-fuzzer-gap,benchmark canary/exact-stack
2026-05-21T04:33:57Z,launch,continuation benchmark-canary-fuzzer-gap session=rtc-critical-continuation-benchmark-canary-fuzzer-gap-20260521T043355Z,benchmark-canary-fuzzer-gap,benchmark canary/exact-stack
2026-05-21T04:46:25Z,launch,continuation benchmark-canary-fuzzer-gap session=rtc-critical-continuation-benchmark-canary-fuzzer-gap-20260521T044624Z,benchmark-canary-fuzzer-gap,benchmark canary/exact-stack
2026-05-21T04:57:39Z,launch,continuation benchmark-canary-fuzzer-gap session=rtc-critical-continuation-benchmark-canary-fuzzer-gap-20260521T045738Z,benchmark-canary-fuzzer-gap,benchmark canary/exact-stack
2026-05-21T05:13:53Z,launch,continuation benchmark-canary-fuzzer-gap session=rtc-critical-continuation-benchmark-canary-fuzzer-gap-20260521T051352Z,benchmark-canary-fuzzer-gap,benchmark canary/exact-stack
2026-05-21T05:32:35Z,launch,continuation benchmark-canary-fuzzer-gap session=rtc-critical-continuation-benchmark-canary-fuzzer-gap-20260521T053234Z,benchmark-canary-fuzzer-gap,benchmark canary/exact-stack
2026-05-21T05:41:33Z,launch,continuation benchmark-canary-fuzzer-gap session=rtc-critical-continuation-benchmark-canary-fuzzer-gap-20260521T054132Z,benchmark-canary-fuzzer-gap,benchmark canary/exact-stack
2026-05-21T06:06:46Z,launch,continuation benchmark-canary-fuzzer-gap session=rtc-critical-continuation-benchmark-canary-fuzzer-gap-20260521T060644Z,benchmark-canary-fuzzer-gap,benchmark canary/exact-stack
2026-05-21T06:16:53Z,launch,continuation benchmark-canary-fuzzer-gap session=rtc-critical-continuation-benchmark-canary-fuzzer-gap-20260521T061651Z,benchmark-canary-fuzzer-gap,benchmark canary/exact-stack
2026-05-21T07:53:30Z,launch,continuation benchmark-canary-fuzzer-gap session=rtc-critical-continuation-benchmark-canary-fuzzer-gap-20260521T075328Z,benchmark-canary-fuzzer-gap,benchmark canary/exact-stack
2026-05-21T08:02:32Z,launch,continuation benchmark-canary-fuzzer-gap session=rtc-critical-continuation-benchmark-canary-fuzzer-gap-20260521T080230Z,benchmark-canary-fuzzer-gap,benchmark canary/exact-stack
2026-05-21T08:16:37Z,launch,continuation benchmark-canary-fuzzer-gap session=rtc-critical-continuation-benchmark-canary-fuzzer-gap-20260521T081636Z,benchmark-canary-fuzzer-gap,benchmark canary/exact-stack
2026-05-21T09:07:24Z,launch,continuation benchmark-canary-fuzzer-gap session=rtc-critical-continuation-benchmark-canary-fuzzer-gap-20260521T090722Z,benchmark-canary-fuzzer-gap,benchmark canary/exact-stack
2026-05-21T09:31:27Z,launch,continuation benchmark-canary-fuzzer-gap session=rtc-critical-continuation-benchmark-canary-fuzzer-gap-20260521T093125Z,benchmark-canary-fuzzer-gap,benchmark canary/exact-stack
2026-05-21T09:41:49Z,launch,continuation benchmark-canary-fuzzer-gap session=rtc-critical-continuation-benchmark-canary-fuzzer-gap-20260521T094147Z,benchmark-canary-fuzzer-gap,benchmark canary/exact-stack
2026-05-21T10:28:48Z,launch,continuation benchmark-canary-fuzzer-gap session=rtc-critical-continuation-benchmark-canary-fuzzer-gap-20260521T102846Z,benchmark-canary-fuzzer-gap,benchmark canary/exact-stack
2026-05-21T10:41:36Z,launch,continuation benchmark-canary-fuzzer-gap session=rtc-critical-continuation-benchmark-canary-fuzzer-gap-20260521T104135Z,benchmark-canary-fuzzer-gap,benchmark canary/exact-stack
2026-05-21T11:20:58Z,launch,continuation benchmark-canary-fuzzer-gap session=rtc-critical-continuation-benchmark-canary-fuzzer-gap-20260521T112056Z,benchmark-canary-fuzzer-gap,benchmark canary/exact-stack
2026-05-21T11:27:19Z,launch,continuation benchmark-canary-fuzzer-gap session=rtc-critical-continuation-benchmark-canary-fuzzer-gap-20260521T112718Z,benchmark-canary-fuzzer-gap,benchmark canary/exact-stack
2026-05-21T11:43:39Z,launch,continuation benchmark-canary-fuzzer-gap session=rtc-critical-continuation-benchmark-canary-fuzzer-gap-20260521T114338Z,benchmark-canary-fuzzer-gap,benchmark canary/exact-stack
2026-05-21T11:53:45Z,launch,continuation benchmark-canary-fuzzer-gap session=rtc-critical-continuation-benchmark-canary-fuzzer-gap-20260521T115343Z,benchmark-canary-fuzzer-gap,benchmark canary/exact-stack
2026-05-21T12:12:44Z,launch,continuation benchmark-canary-fuzzer-gap session=rtc-critical-continuation-benchmark-canary-fuzzer-gap-20260521T121242Z,benchmark-canary-fuzzer-gap,benchmark canary/exact-stack
2026-05-21T12:28:16Z,launch,continuation benchmark-canary-fuzzer-gap session=rtc-critical-continuation-benchmark-canary-fuzzer-gap-20260521T122814Z,benchmark-canary-fuzzer-gap,benchmark canary/exact-stack
2026-05-21T12:43:42Z,launch,continuation benchmark-canary-fuzzer-gap session=rtc-critical-continuation-benchmark-canary-fuzzer-gap-20260521T124341Z,benchmark-canary-fuzzer-gap,benchmark canary/exact-stack
2026-05-21T12:56:34Z,launch,continuation benchmark-canary-fuzzer-gap session=rtc-critical-continuation-benchmark-canary-fuzzer-gap-20260521T125632Z,benchmark-canary-fuzzer-gap,benchmark canary/exact-stack
2026-05-21T13:18:33Z,launch,continuation benchmark-canary-fuzzer-gap session=rtc-critical-continuation-benchmark-canary-fuzzer-gap-20260521T131831Z,benchmark-canary-fuzzer-gap,benchmark canary/exact-stack
2026-05-21T13:37:55Z,launch,continuation benchmark-canary-fuzzer-gap session=rtc-critical-continuation-benchmark-canary-fuzzer-gap-20260521T133753Z,benchmark-canary-fuzzer-gap,benchmark canary/exact-stack
2026-05-21T13:53:21Z,launch,continuation benchmark-canary-fuzzer-gap session=rtc-critical-continuation-benchmark-canary-fuzzer-gap-20260521T135319Z,benchmark-canary-fuzzer-gap,benchmark canary/exact-stack
2026-05-21T14:03:40Z,launch,continuation benchmark-canary-fuzzer-gap session=rtc-critical-continuation-benchmark-canary-fuzzer-gap-20260521T140338Z,benchmark-canary-fuzzer-gap,benchmark canary/exact-stack
2026-05-21T14:21:45Z,launch,continuation benchmark-canary-fuzzer-gap session=rtc-critical-continuation-benchmark-canary-fuzzer-gap-20260521T142142Z,benchmark-canary-fuzzer-gap,benchmark canary/exact-stack
2026-05-21T14:46:26Z,launch,continuation benchmark-canary-fuzzer-gap session=rtc-critical-continuation-benchmark-canary-fuzzer-gap-20260521T144624Z,benchmark-canary-fuzzer-gap,benchmark canary/exact-stack
2026-05-21T14:59:21Z,launch,continuation benchmark-canary-fuzzer-gap session=rtc-critical-continuation-benchmark-canary-fuzzer-gap-20260521T145919Z,benchmark-canary-fuzzer-gap,benchmark canary/exact-stack
2026-05-21T15:24:53Z,launch,continuation benchmark-canary-fuzzer-gap session=rtc-critical-continuation-benchmark-canary-fuzzer-gap-20260521T152451Z,benchmark-canary-fuzzer-gap,benchmark canary/exact-stack
2026-05-21T15:37:49Z,launch,continuation benchmark-canary-fuzzer-gap session=rtc-critical-continuation-benchmark-canary-fuzzer-gap-20260521T153748Z,benchmark-canary-fuzzer-gap,benchmark canary/exact-stack
2026-05-21T15:48:13Z,launch,continuation benchmark-canary-fuzzer-gap session=rtc-critical-continuation-benchmark-canary-fuzzer-gap-20260521T154811Z,benchmark-canary-fuzzer-gap,benchmark canary/exact-stack
2026-05-21T15:58:36Z,launch,continuation benchmark-canary-fuzzer-gap session=rtc-critical-continuation-benchmark-canary-fuzzer-gap-20260521T155834Z,benchmark-canary-fuzzer-gap,benchmark canary/exact-stack
2026-05-21T16:15:18Z,launch,continuation benchmark-canary-fuzzer-gap session=rtc-critical-continuation-benchmark-canary-fuzzer-gap-20260521T161516Z,benchmark-canary-fuzzer-gap,benchmark canary/exact-stack
2026-05-21T16:20:25Z,launch,continuation benchmark-canary-fuzzer-gap session=rtc-critical-continuation-benchmark-canary-fuzzer-gap-20260521T162023Z,benchmark-canary-fuzzer-gap,benchmark canary/exact-stack
2026-05-21T19:50:53Z,launch,continuation benchmark-canary-fuzzer-gap session=rtc-critical-continuation-benchmark-canary-fuzzer-gap-20260521T195051Z,benchmark-canary-fuzzer-gap,benchmark canary/exact-stack
2026-05-21T20:12:52Z,launch,continuation benchmark-canary-fuzzer-gap session=rtc-critical-continuation-benchmark-canary-fuzzer-gap-20260521T201251Z,benchmark-canary-fuzzer-gap,benchmark canary/exact-stack
2026-05-21T20:35:09Z,launch,continuation benchmark-canary-fuzzer-gap session=rtc-critical-continuation-benchmark-canary-fuzzer-gap-20260521T203506Z,benchmark-canary-fuzzer-gap,benchmark canary/exact-stack
2026-05-21T21:35:01Z,launch,continuation benchmark-canary-fuzzer-gap session=rtc-critical-continuation-benchmark-canary-fuzzer-gap-20260521T213136Z,benchmark-canary-fuzzer-gap,benchmark canary/exact-stack
2026-05-21T21:53:08Z,launch,continuation benchmark-canary-fuzzer-gap session=rtc-critical-continuation-benchmark-canary-fuzzer-gap-20260521T215307Z,benchmark-canary-fuzzer-gap,benchmark canary/exact-stack
2026-05-21T22:09:47Z,launch,continuation pr17-1020002 session=rtc-critical-continuation-pr17-1020002-20260521T220945Z,pr17-1020002,seed reducer/final-stack
2026-05-21T22:09:50Z,launch,continuation seed-5200005-reducer session=rtc-critical-continuation-seed-5200005-reducer-20260521T220947Z,seed-5200005-reducer,seed reducer/final-stack
2026-05-21T22:23:02Z,launch,continuation benchmark-canary-fuzzer-gap session=rtc-critical-continuation-benchmark-canary-fuzzer-gap-20260521T222259Z,benchmark-canary-fuzzer-gap,benchmark canary/exact-stack
2026-05-21T22:28:33Z,launch,continuation pr17-1020002 session=rtc-critical-continuation-pr17-1020002-20260521T222831Z,pr17-1020002,seed reducer/final-stack
2026-05-21T22:34:36Z,launch,continuation seed-5200005-reducer session=rtc-critical-continuation-seed-5200005-reducer-20260521T223434Z,seed-5200005-reducer,seed reducer/final-stack
2026-05-21T22:39:46Z,launch,continuation seed-1060015-reducer session=rtc-critical-continuation-seed-1060015-reducer-20260521T223945Z,seed-1060015-reducer,seed reducer/final-stack
2026-05-21T22:50:22Z,launch,continuation seed-5200005-reducer session=rtc-critical-continuation-seed-5200005-reducer-20260521T225020Z,seed-5200005-reducer,seed reducer/final-stack
2026-05-21T23:06:12Z,launch,continuation seed-5200005-reducer session=rtc-critical-continuation-seed-5200005-reducer-20260521T230610Z,seed-5200005-reducer,seed reducer/final-stack
2026-05-21T23:22:12Z,launch,continuation seed-5200005-reducer session=rtc-critical-continuation-seed-5200005-reducer-20260521T232206Z,seed-5200005-reducer,seed reducer/final-stack
2026-05-21T23:26:13Z,launch,continuation benchmark-canary-fuzzer-gap session=rtc-critical-continuation-benchmark-canary-fuzzer-gap-20260521T232611Z,benchmark-canary-fuzzer-gap,benchmark canary/exact-stack
2026-05-21T23:37:33Z,launch,continuation seed-5200005-reducer session=rtc-critical-continuation-seed-5200005-reducer-20260521T233732Z,seed-5200005-reducer,seed reducer/final-stack
2026-05-21T23:53:17Z,launch,continuation seed-5200005-reducer session=rtc-critical-continuation-seed-5200005-reducer-20260521T235315Z,seed-5200005-reducer,seed reducer/final-stack
2026-05-22T00:09:01Z,launch,continuation seed-5200005-reducer session=rtc-critical-continuation-seed-5200005-reducer-20260522T000859Z,seed-5200005-reducer,seed reducer/final-stack
2026-05-22T00:24:06Z,launch,continuation seed-5200005-reducer session=rtc-critical-continuation-seed-5200005-reducer-20260522T002405Z,seed-5200005-reducer,seed reducer/final-stack
2026-05-22T00:39:15Z,launch,continuation seed-5200005-reducer session=rtc-critical-continuation-seed-5200005-reducer-20260522T003912Z,seed-5200005-reducer,seed reducer/final-stack
2026-05-22T00:54:32Z,launch,continuation seed-5200005-reducer session=rtc-critical-continuation-seed-5200005-reducer-20260522T005429Z,seed-5200005-reducer,seed reducer/final-stack
2026-05-22T00:58:23Z,launch,continuation benchmark-canary-fuzzer-gap session=rtc-critical-continuation-benchmark-canary-fuzzer-gap-20260522T005819Z,benchmark-canary-fuzzer-gap,benchmark canary/exact-stack
2026-05-22T00:58:23Z,launch,continuation benchmark-canary-fuzzer-gap session=rtc-critical-continuation-benchmark-canary-fuzzer-gap-20260522T005820Z,benchmark-canary-fuzzer-gap,benchmark canary/exact-stack
2026-05-22T01:10:04Z,launch,continuation seed-5200005-reducer session=rtc-critical-continuation-seed-5200005-reducer-20260522T011002Z,seed-5200005-reducer,seed reducer/final-stack
2026-05-22T01:19:53Z,launch,continuation benchmark-canary-fuzzer-gap session=rtc-critical-continuation-benchmark-canary-fuzzer-gap-20260522T011951Z,benchmark-canary-fuzzer-gap,benchmark canary/exact-stack
2026-05-22T01:25:30Z,launch,continuation seed-5200005-reducer session=rtc-critical-continuation-seed-5200005-reducer-20260522T012528Z,seed-5200005-reducer,seed reducer/final-stack
2026-05-22T01:34:53Z,launch,continuation benchmark-canary-fuzzer-gap session=rtc-critical-continuation-benchmark-canary-fuzzer-gap-20260522T013450Z,benchmark-canary-fuzzer-gap,benchmark canary/exact-stack
2026-05-22T01:40:47Z,launch,continuation seed-5200005-reducer session=rtc-critical-continuation-seed-5200005-reducer-20260522T014045Z,seed-5200005-reducer,seed reducer/final-stack
2026-05-22T01:56:12Z,launch,continuation seed-5200005-reducer session=rtc-critical-continuation-seed-5200005-reducer-20260522T015610Z,seed-5200005-reducer,seed reducer/final-stack
2026-05-22T02:12:17Z,launch,continuation seed-5200005-reducer session=rtc-critical-continuation-seed-5200005-reducer-20260522T021215Z,seed-5200005-reducer,seed reducer/final-stack
2026-05-22T02:23:16Z,launch,continuation benchmark-canary-fuzzer-gap session=rtc-critical-continuation-benchmark-canary-fuzzer-gap-20260522T022314Z,benchmark-canary-fuzzer-gap,benchmark canary/exact-stack
2026-05-22T02:27:21Z,launch,continuation seed-5200005-reducer session=rtc-critical-continuation-seed-5200005-reducer-20260522T022719Z,seed-5200005-reducer,seed reducer/final-stack
2026-05-22T02:38:23Z,launch,continuation benchmark-canary-fuzzer-gap session=rtc-critical-continuation-benchmark-canary-fuzzer-gap-20260522T023821Z,benchmark-canary-fuzzer-gap,benchmark canary/exact-stack
2026-05-22T02:42:35Z,launch,continuation seed-5200005-reducer session=rtc-critical-continuation-seed-5200005-reducer-20260522T024233Z,seed-5200005-reducer,seed reducer/final-stack
2026-05-22T02:57:54Z,launch,continuation seed-5200005-reducer session=rtc-critical-continuation-seed-5200005-reducer-20260522T025751Z,seed-5200005-reducer,seed reducer/final-stack
2026-05-22T03:02:02Z,launch,continuation benchmark-canary-fuzzer-gap session=rtc-critical-continuation-benchmark-canary-fuzzer-gap-20260522T030200Z,benchmark-canary-fuzzer-gap,benchmark canary/exact-stack
2026-05-22T03:13:53Z,launch,continuation seed-5200005-reducer session=rtc-critical-continuation-seed-5200005-reducer-20260522T031351Z,seed-5200005-reducer,seed reducer/final-stack
2026-05-22T03:19:13Z,launch,continuation benchmark-canary-fuzzer-gap session=rtc-critical-continuation-benchmark-canary-fuzzer-gap-20260522T031912Z,benchmark-canary-fuzzer-gap,benchmark canary/exact-stack
2026-05-22T03:30:01Z,launch,continuation seed-5200005-reducer session=rtc-critical-continuation-seed-5200005-reducer-20260522T032959Z,seed-5200005-reducer,seed reducer/final-stack
2026-05-22T03:45:03Z,launch,continuation seed-5200005-reducer session=rtc-critical-continuation-seed-5200005-reducer-20260522T034501Z,seed-5200005-reducer,seed reducer/final-stack
2026-05-22T03:47:56Z,launch,continuation benchmark-canary-fuzzer-gap session=rtc-critical-continuation-benchmark-canary-fuzzer-gap-20260522T034754Z,benchmark-canary-fuzzer-gap,benchmark canary/exact-stack
2026-05-22T04:03:27Z,launch,continuation benchmark-canary-fuzzer-gap session=rtc-critical-continuation-benchmark-canary-fuzzer-gap-20260522T040325Z,benchmark-canary-fuzzer-gap,benchmark canary/exact-stack
2026-05-22T04:14:11Z,launch,continuation benchmark-canary-fuzzer-gap session=rtc-critical-continuation-benchmark-canary-fuzzer-gap-20260522T041409Z,benchmark-canary-fuzzer-gap,benchmark canary/exact-stack
2026-05-22T04:25:33Z,launch,continuation benchmark-canary-fuzzer-gap session=rtc-critical-continuation-benchmark-canary-fuzzer-gap-20260522T042530Z,benchmark-canary-fuzzer-gap,benchmark canary/exact-stack
2026-05-22T04:41:20Z,launch,continuation benchmark-canary-fuzzer-gap session=rtc-critical-continuation-benchmark-canary-fuzzer-gap-20260522T044117Z,benchmark-canary-fuzzer-gap,benchmark canary/exact-stack
2026-05-22T04:41:38Z,launch,continuation seed-5200005-reducer session=rtc-critical-continuation-seed-5200005-reducer-20260522T044136Z,seed-5200005-reducer,seed reducer/final-stack
2026-05-22T04:41:39Z,launch,continuation seed-5200005-reducer session=rtc-critical-continuation-seed-5200005-reducer-20260522T044137Z,seed-5200005-reducer,seed reducer/final-stack
2026-05-22T04:45:22Z,launch,continuation benchmark-canary-fuzzer-gap session=rtc-critical-continuation-benchmark-canary-fuzzer-gap-20260522T044520Z,benchmark-canary-fuzzer-gap,benchmark canary/exact-stack
2026-05-22T04:46:40Z,launch,benchmark feedback refresh command=/media/volume/danluu-fuzz-data/rtc-critical-path-pr-executor-20260517/runs/20260522T042530Z/continuations/benchmark-canary-fuzzer-gap/refresh-current-feedback-command.sh session=rtc-benchmark-canary-feedback-refresh-20260522T044640Z,unknown,critical-path launch
2026-05-22T04:50:18Z,launch,continuation benchmark-canary-fuzzer-gap session=rtc-critical-continuation-benchmark-canary-fuzzer-gap-20260522T045016Z,benchmark-canary-fuzzer-gap,benchmark canary/exact-stack
2026-05-22T04:54:30Z,launch,benchmark feedback refresh command=/media/volume/danluu-fuzz-data/rtc-critical-path-pr-executor-20260517/runs/20260522T044520Z/continuations/benchmark-canary-fuzzer-gap/refresh-current-feedback-command.sh session=rtc-benchmark-canary-feedback-refresh-20260522T045430Z,unknown,critical-path launch
2026-05-22T04:57:04Z,launch,continuation seed-5200005-reducer session=rtc-critical-continuation-seed-5200005-reducer-20260522T045702Z,seed-5200005-reducer,seed reducer/final-stack
2026-05-22T05:04:52Z,launch,benchmark feedback refresh command=/media/volume/danluu-fuzz-data/rtc-critical-path-pr-executor-20260517/runs/20260522T044520Z/continuations/benchmark-canary-fuzzer-gap/refresh-current-feedback-command.sh session=rtc-benchmark-canary-feedback-refresh-20260522T050452Z,unknown,critical-path launch
2026-05-22T05:12:37Z,launch,continuation seed-5200005-reducer session=rtc-critical-continuation-seed-5200005-reducer-20260522T051235Z,seed-5200005-reducer,seed reducer/final-stack
2026-05-22T05:17:09Z,launch,continuation benchmark-canary-fuzzer-gap session=rtc-critical-continuation-benchmark-canary-fuzzer-gap-20260522T051707Z,benchmark-canary-fuzzer-gap,benchmark canary/exact-stack
2026-05-22T05:26:49Z,launch,benchmark feedback refresh command=/media/volume/danluu-fuzz-data/rtc-critical-path-pr-executor-20260517/runs/20260522T044520Z/continuations/benchmark-canary-fuzzer-gap/refresh-current-feedback-command.sh session=rtc-benchmark-canary-feedback-refresh-20260522T052649Z,unknown,critical-path launch
2026-05-22T05:28:23Z,launch,continuation seed-5200005-reducer session=rtc-critical-continuation-seed-5200005-reducer-20260522T052821Z,seed-5200005-reducer,seed reducer/final-stack
2026-05-22T05:43:53Z,launch,continuation seed-5200005-reducer session=rtc-critical-continuation-seed-5200005-reducer-20260522T054352Z,seed-5200005-reducer,seed reducer/final-stack
2026-05-22T05:45:28Z,launch,benchmark feedback refresh command=/media/volume/danluu-fuzz-data/rtc-critical-path-pr-executor-20260517/runs/20260522T044520Z/continuations/benchmark-canary-fuzzer-gap/refresh-current-feedback-command.sh session=rtc-benchmark-canary-feedback-refresh-20260522T054528Z,unknown,critical-path launch
2026-05-22T05:51:42Z,launch,continuation benchmark-canary-fuzzer-gap session=rtc-critical-continuation-benchmark-canary-fuzzer-gap-20260522T055140Z,benchmark-canary-fuzzer-gap,benchmark canary/exact-stack
2026-05-22T05:59:13Z,launch,continuation seed-5200005-reducer session=rtc-critical-continuation-seed-5200005-reducer-20260522T055910Z,seed-5200005-reducer,seed reducer/final-stack
2026-05-22T06:04:52Z,launch,benchmark feedback refresh command=/media/volume/danluu-fuzz-data/rtc-critical-path-pr-executor-20260517/runs/20260522T044520Z/continuations/benchmark-canary-fuzzer-gap/refresh-current-feedback-command.sh session=rtc-benchmark-canary-feedback-refresh-20260522T060452Z,unknown,critical-path launch
2026-05-22T06:14:09Z,launch,continuation benchmark-canary-fuzzer-gap session=rtc-critical-continuation-benchmark-canary-fuzzer-gap-20260522T061407Z,benchmark-canary-fuzzer-gap,benchmark canary/exact-stack
2026-05-22T06:15:53Z,launch,continuation seed-5200005-reducer session=rtc-critical-continuation-seed-5200005-reducer-20260522T061551Z,seed-5200005-reducer,seed reducer/final-stack
2026-05-22T06:27:27Z,launch,benchmark feedback refresh command=/media/volume/danluu-fuzz-data/rtc-critical-path-pr-executor-20260517/runs/20260522T044520Z/continuations/benchmark-canary-fuzzer-gap/refresh-current-feedback-command.sh session=rtc-benchmark-canary-feedback-refresh-20260522T062727Z,unknown,critical-path launch
2026-05-22T06:31:00Z,launch,continuation seed-5200005-reducer session=rtc-critical-continuation-seed-5200005-reducer-20260522T063058Z,seed-5200005-reducer,seed reducer/final-stack
2026-05-22T06:45:14Z,launch,benchmark feedback refresh command=/media/volume/danluu-fuzz-data/rtc-critical-path-pr-executor-20260517/runs/20260522T044520Z/continuations/benchmark-canary-fuzzer-gap/refresh-current-feedback-command.sh session=rtc-benchmark-canary-feedback-refresh-20260522T064514Z,unknown,critical-path launch
2026-05-22T06:47:01Z,launch,continuation seed-5200005-reducer session=rtc-critical-continuation-seed-5200005-reducer-20260522T064659Z,seed-5200005-reducer,seed reducer/final-stack
2026-05-22T06:54:07Z,launch,continuation benchmark-canary-fuzzer-gap session=rtc-critical-continuation-benchmark-canary-fuzzer-gap-20260522T065405Z,benchmark-canary-fuzzer-gap,benchmark canary/exact-stack
2026-05-22T07:00:44Z,launch,benchmark feedback refresh command=/media/volume/danluu-fuzz-data/rtc-critical-path-pr-executor-20260517/runs/20260522T061407Z/continuations/benchmark-canary-fuzzer-gap/run-exact-refresh-on-stale-crdt-base-branch.sh session=rtc-benchmark-canary-feedback-refresh-20260522T070044Z,unknown,critical-path launch
2026-05-22T07:02:29Z,launch,continuation seed-5200005-reducer session=rtc-critical-continuation-seed-5200005-reducer-20260522T070228Z,seed-5200005-reducer,seed reducer/final-stack
2026-05-22T07:05:56Z,launch,benchmark feedback refresh command=/media/volume/danluu-fuzz-data/rtc-critical-path-pr-executor-20260517/runs/20260522T061407Z/continuations/benchmark-canary-fuzzer-gap/run-exact-refresh-on-stale-crdt-base-branch.sh session=rtc-benchmark-canary-feedback-refresh-20260522T070556Z,unknown,critical-path launch
2026-05-22T07:09:40Z,launch,continuation benchmark-canary-fuzzer-gap session=rtc-critical-continuation-benchmark-canary-fuzzer-gap-20260522T070938Z,benchmark-canary-fuzzer-gap,benchmark canary/exact-stack
2026-05-22T07:18:24Z,launch,continuation seed-5200005-reducer session=rtc-critical-continuation-seed-5200005-reducer-20260522T071822Z,seed-5200005-reducer,seed reducer/final-stack
2026-05-22T07:25:29Z,launch,continuation benchmark-canary-fuzzer-gap session=rtc-critical-continuation-benchmark-canary-fuzzer-gap-20260522T072527Z,benchmark-canary-fuzzer-gap,benchmark canary/exact-stack
2026-05-22T07:30:38Z,launch,benchmark feedback refresh command=/media/volume/danluu-fuzz-data/rtc-critical-path-pr-executor-20260517/runs/20260522T061407Z/continuations/benchmark-canary-fuzzer-gap/run-exact-refresh-on-stale-crdt-base-branch.sh session=rtc-benchmark-canary-feedback-refresh-20260522T073038Z,unknown,critical-path launch
2026-05-22T07:34:18Z,launch,continuation seed-5200005-reducer session=rtc-critical-continuation-seed-5200005-reducer-20260522T073411Z,seed-5200005-reducer,seed reducer/final-stack
2026-05-22T07:34:27Z,launch,continuation benchmark-canary-fuzzer-gap session=rtc-critical-continuation-benchmark-canary-fuzzer-gap-20260522T073422Z,benchmark-canary-fuzzer-gap,benchmark canary/exact-stack
2026-05-22T07:38:54Z,launch,continuation benchmark-canary-fuzzer-gap session=rtc-critical-continuation-benchmark-canary-fuzzer-gap-20260522T073853Z,benchmark-canary-fuzzer-gap,benchmark canary/exact-stack
2026-05-22T07:50:44Z,launch,continuation seed-5200005-reducer session=rtc-critical-continuation-seed-5200005-reducer-20260522T075042Z,seed-5200005-reducer,seed reducer/final-stack
2026-05-22T08:05:57Z,launch,continuation seed-5200005-reducer session=rtc-critical-continuation-seed-5200005-reducer-20260522T080556Z,seed-5200005-reducer,seed reducer/final-stack
2026-05-22T08:11:21Z,launch,continuation benchmark-canary-fuzzer-gap session=rtc-critical-continuation-benchmark-canary-fuzzer-gap-20260522T081119Z,benchmark-canary-fuzzer-gap,benchmark canary/exact-stack
2026-05-22T08:13:04Z,launch,benchmark feedback refresh command=/media/volume/danluu-fuzz-data/rtc-critical-path-pr-executor-20260517/runs/20260522T061407Z/continuations/benchmark-canary-fuzzer-gap/run-exact-refresh-on-stale-crdt-base-branch.sh session=rtc-benchmark-canary-feedback-refresh-20260522T081304Z,unknown,critical-path launch
2026-05-22T08:21:46Z,launch,continuation seed-5200005-reducer session=rtc-critical-continuation-seed-5200005-reducer-20260522T082144Z,seed-5200005-reducer,seed reducer/final-stack
2026-05-22T08:37:05Z,launch,continuation seed-5200005-reducer session=rtc-critical-continuation-seed-5200005-reducer-20260522T083703Z,seed-5200005-reducer,seed reducer/final-stack
2026-05-22T08:38:54Z,launch,continuation benchmark-canary-fuzzer-gap session=rtc-critical-continuation-benchmark-canary-fuzzer-gap-20260522T083852Z,benchmark-canary-fuzzer-gap,benchmark canary/exact-stack
2026-05-22T08:53:19Z,launch,continuation seed-5200005-reducer session=rtc-critical-continuation-seed-5200005-reducer-20260522T085317Z,seed-5200005-reducer,seed reducer/final-stack
2026-05-22T08:55:03Z,launch,continuation benchmark-canary-fuzzer-gap session=rtc-critical-continuation-benchmark-canary-fuzzer-gap-20260522T085501Z,benchmark-canary-fuzzer-gap,benchmark canary/exact-stack
2026-05-22T09:09:18Z,launch,continuation seed-5200005-reducer session=rtc-critical-continuation-seed-5200005-reducer-20260522T090916Z,seed-5200005-reducer,seed reducer/final-stack
2026-05-22T09:11:05Z,launch,continuation benchmark-canary-fuzzer-gap session=rtc-critical-continuation-benchmark-canary-fuzzer-gap-20260522T091103Z,benchmark-canary-fuzzer-gap,benchmark canary/exact-stack
2026-05-22T09:14:24Z,launch,benchmark feedback refresh command=/media/volume/danluu-fuzz-data/rtc-critical-path-pr-executor-20260517/runs/20260522T061407Z/continuations/benchmark-canary-fuzzer-gap/run-exact-refresh-on-stale-crdt-base-branch.sh session=rtc-benchmark-canary-feedback-refresh-20260522T091424Z,unknown,critical-path launch
2026-05-22T09:21:37Z,launch,continuation benchmark-canary-fuzzer-gap session=rtc-critical-continuation-benchmark-canary-fuzzer-gap-20260522T092135Z,benchmark-canary-fuzzer-gap,benchmark canary/exact-stack
2026-05-22T09:25:09Z,launch,continuation seed-5200005-reducer session=rtc-critical-continuation-seed-5200005-reducer-20260522T092507Z,seed-5200005-reducer,seed reducer/final-stack
2026-05-22T09:41:18Z,launch,continuation seed-5200005-reducer session=rtc-critical-continuation-seed-5200005-reducer-20260522T094115Z,seed-5200005-reducer,seed reducer/final-stack
2026-05-22T09:56:50Z,launch,continuation seed-5200005-reducer session=rtc-critical-continuation-seed-5200005-reducer-20260522T095648Z,seed-5200005-reducer,seed reducer/final-stack
2026-05-22T10:12:28Z,launch,continuation seed-5200005-reducer session=rtc-critical-continuation-seed-5200005-reducer-20260522T101226Z,seed-5200005-reducer,seed reducer/final-stack
2026-05-22T10:28:30Z,launch,continuation seed-5200005-reducer session=rtc-critical-continuation-seed-5200005-reducer-20260522T102828Z,seed-5200005-reducer,seed reducer/final-stack
2026-05-22T10:44:45Z,launch,continuation seed-5200005-reducer session=rtc-critical-continuation-seed-5200005-reducer-20260522T104444Z,seed-5200005-reducer,seed reducer/final-stack
2026-05-22T11:00:44Z,launch,continuation seed-5200005-reducer session=rtc-critical-continuation-seed-5200005-reducer-20260522T110042Z,seed-5200005-reducer,seed reducer/final-stack
2026-05-22T11:16:22Z,launch,continuation seed-5200005-reducer session=rtc-critical-continuation-seed-5200005-reducer-20260522T111621Z,seed-5200005-reducer,seed reducer/final-stack
2026-05-22T11:32:52Z,launch,continuation seed-5200005-reducer session=rtc-critical-continuation-seed-5200005-reducer-20260522T113250Z,seed-5200005-reducer,seed reducer/final-stack
2026-05-22T11:49:06Z,launch,continuation seed-5200005-reducer session=rtc-critical-continuation-seed-5200005-reducer-20260522T114904Z,seed-5200005-reducer,seed reducer/final-stack
2026-05-22T12:05:04Z,launch,continuation seed-5200005-reducer session=rtc-critical-continuation-seed-5200005-reducer-20260522T120502Z,seed-5200005-reducer,seed reducer/final-stack
2026-05-22T12:21:29Z,launch,continuation seed-5200005-reducer session=rtc-critical-continuation-seed-5200005-reducer-20260522T122127Z,seed-5200005-reducer,seed reducer/final-stack
2026-05-22T12:36:40Z,launch,continuation seed-5200005-reducer session=rtc-critical-continuation-seed-5200005-reducer-20260522T123638Z,seed-5200005-reducer,seed reducer/final-stack
2026-05-22T12:50:38Z,launch,benchmark feedback refresh command=/media/volume/danluu-fuzz-data/rtc-critical-path-pr-executor-20260517/runs/20260522T061407Z/continuations/benchmark-canary-fuzzer-gap/run-exact-refresh-on-stale-crdt-base-branch.sh session=rtc-benchmark-canary-feedback-refresh-20260522T125038Z,unknown,critical-path launch
2026-05-22T12:52:20Z,launch,continuation seed-5200005-reducer session=rtc-critical-continuation-seed-5200005-reducer-20260522T125218Z,seed-5200005-reducer,seed reducer/final-stack
2026-05-22T12:54:00Z,launch,continuation benchmark-canary-fuzzer-gap session=rtc-critical-continuation-benchmark-canary-fuzzer-gap-20260522T125359Z,benchmark-canary-fuzzer-gap,benchmark canary/exact-stack
2026-05-22T13:07:47Z,launch,benchmark feedback refresh command=/media/volume/danluu-fuzz-data/rtc-critical-path-pr-executor-20260517/runs/20260522T125359Z/continuations/benchmark-canary-fuzzer-gap/run-exact-refresh-ws-code-editor.sh session=rtc-benchmark-canary-feedback-refresh-20260522T130747Z,unknown,critical-path launch
2026-05-22T13:07:51Z,launch,continuation seed-5200005-reducer session=rtc-critical-continuation-seed-5200005-reducer-20260522T130749Z,seed-5200005-reducer,seed reducer/final-stack
2026-05-22T13:09:41Z,launch,benchmark feedback refresh command=/media/volume/danluu-fuzz-data/rtc-critical-path-pr-executor-20260517/runs/20260522T125359Z/continuations/benchmark-canary-fuzzer-gap/run-exact-refresh-ws-code-editor.sh session=rtc-benchmark-canary-feedback-refresh-20260522T130941Z,unknown,critical-path launch
2026-05-22T13:13:22Z,launch,benchmark feedback refresh command=/media/volume/danluu-fuzz-data/rtc-critical-path-pr-executor-20260517/runs/20260522T125359Z/continuations/benchmark-canary-fuzzer-gap/run-exact-refresh-ws-code-editor.sh session=rtc-benchmark-canary-feedback-refresh-20260522T131322Z,unknown,critical-path launch
2026-05-22T13:15:13Z,launch,benchmark feedback refresh command=/media/volume/danluu-fuzz-data/rtc-critical-path-pr-executor-20260517/runs/20260522T125359Z/continuations/benchmark-canary-fuzzer-gap/run-exact-refresh-ws-code-editor.sh session=rtc-benchmark-canary-feedback-refresh-20260522T131513Z,unknown,critical-path launch
2026-05-22T13:17:05Z,launch,benchmark feedback refresh command=/media/volume/danluu-fuzz-data/rtc-critical-path-pr-executor-20260517/runs/20260522T125359Z/continuations/benchmark-canary-fuzzer-gap/run-exact-refresh-ws-code-editor.sh session=rtc-benchmark-canary-feedback-refresh-20260522T131705Z,unknown,critical-path launch
2026-05-22T13:22:38Z,launch,benchmark feedback refresh command=/media/volume/danluu-fuzz-data/rtc-critical-path-pr-executor-20260517/runs/20260522T125359Z/continuations/benchmark-canary-fuzzer-gap/run-exact-refresh-ws-code-editor.sh session=rtc-benchmark-canary-feedback-refresh-20260522T132238Z,unknown,critical-path launch
2026-05-22T13:24:38Z,launch,continuation benchmark-canary-fuzzer-gap session=rtc-critical-continuation-benchmark-canary-fuzzer-gap-20260522T132430Z,benchmark-canary-fuzzer-gap,benchmark canary/exact-stack
2026-05-22T13:24:45Z,launch,continuation seed-5200005-reducer session=rtc-critical-continuation-seed-5200005-reducer-20260522T132440Z,seed-5200005-reducer,seed reducer/final-stack
2026-05-22T13:29:54Z,launch,benchmark feedback refresh command=/media/volume/danluu-fuzz-data/rtc-critical-path-pr-executor-20260517/runs/20260522T125359Z/continuations/benchmark-canary-fuzzer-gap/run-exact-refresh-ws-code-editor.sh session=rtc-benchmark-canary-feedback-refresh-20260522T132954Z,unknown,critical-path launch
2026-05-22T13:36:57Z,launch,benchmark feedback refresh command=/media/volume/danluu-fuzz-data/rtc-critical-path-pr-executor-20260517/runs/20260522T132430Z/continuations/benchmark-canary-fuzzer-gap/run-exact-refresh-ws-code-editor-workspace-deps.sh session=rtc-benchmark-canary-feedback-refresh-20260522T133657Z,unknown,critical-path launch
2026-05-22T13:40:16Z,launch,benchmark feedback refresh command=/media/volume/danluu-fuzz-data/rtc-critical-path-pr-executor-20260517/runs/20260522T132430Z/continuations/benchmark-canary-fuzzer-gap/run-exact-refresh-ws-code-editor-workspace-deps.sh session=rtc-benchmark-canary-feedback-refresh-20260522T134016Z,unknown,critical-path launch
2026-05-22T13:40:20Z,launch,continuation seed-5200005-reducer session=rtc-critical-continuation-seed-5200005-reducer-20260522T134018Z,seed-5200005-reducer,seed reducer/final-stack
2026-05-22T13:45:25Z,launch,benchmark feedback refresh command=/media/volume/danluu-fuzz-data/rtc-critical-path-pr-executor-20260517/runs/20260522T132430Z/continuations/benchmark-canary-fuzzer-gap/run-exact-refresh-ws-code-editor-workspace-deps.sh session=rtc-benchmark-canary-feedback-refresh-20260522T134525Z,unknown,critical-path launch
2026-05-22T13:50:48Z,launch,benchmark feedback refresh command=/media/volume/danluu-fuzz-data/rtc-critical-path-pr-executor-20260517/runs/20260522T132430Z/continuations/benchmark-canary-fuzzer-gap/run-exact-refresh-ws-code-editor-workspace-deps.sh session=rtc-benchmark-canary-feedback-refresh-20260522T135048Z,unknown,critical-path launch
2026-05-22T13:56:19Z,launch,continuation benchmark-canary-fuzzer-gap session=rtc-critical-continuation-benchmark-canary-fuzzer-gap-20260522T135617Z,benchmark-canary-fuzzer-gap,benchmark canary/exact-stack
2026-05-22T13:56:24Z,launch,continuation seed-5200005-reducer session=rtc-critical-continuation-seed-5200005-reducer-20260522T135622Z,seed-5200005-reducer,seed reducer/final-stack
2026-05-22T14:13:00Z,launch,continuation seed-5200005-reducer session=rtc-critical-continuation-seed-5200005-reducer-20260522T141258Z,seed-5200005-reducer,seed reducer/final-stack
2026-05-22T14:25:03Z,launch,continuation benchmark-canary-fuzzer-gap session=rtc-critical-continuation-benchmark-canary-fuzzer-gap-20260522T142501Z,benchmark-canary-fuzzer-gap,benchmark canary/exact-stack
2026-05-22T14:28:34Z,launch,benchmark feedback refresh command=/media/volume/danluu-fuzz-data/rtc-critical-path-pr-executor-20260517/runs/20260522T132430Z/continuations/benchmark-canary-fuzzer-gap/run-exact-refresh-ws-code-editor-workspace-deps.sh session=rtc-benchmark-canary-feedback-refresh-20260522T142834Z,unknown,critical-path launch
2026-05-22T14:28:38Z,launch,continuation seed-5200005-reducer session=rtc-critical-continuation-seed-5200005-reducer-20260522T142836Z,seed-5200005-reducer,seed reducer/final-stack
2026-05-22T14:32:16Z,launch,benchmark feedback refresh command=/media/volume/danluu-fuzz-data/rtc-critical-path-pr-executor-20260517/runs/20260522T142501Z/continuations/benchmark-canary-fuzzer-gap/run-exact-refresh-on-repair-branch.sh session=rtc-benchmark-canary-feedback-refresh-20260522T143216Z,unknown,critical-path launch
2026-05-22T14:37:47Z,launch,continuation benchmark-canary-fuzzer-gap session=rtc-critical-continuation-benchmark-canary-fuzzer-gap-20260522T143744Z,benchmark-canary-fuzzer-gap,benchmark canary/exact-stack
2026-05-22T14:44:24Z,launch,continuation seed-5200005-reducer session=rtc-critical-continuation-seed-5200005-reducer-20260522T144422Z,seed-5200005-reducer,seed reducer/final-stack
2026-05-22T14:48:11Z,launch,continuation benchmark-canary-fuzzer-gap session=rtc-critical-continuation-benchmark-canary-fuzzer-gap-20260522T144810Z,benchmark-canary-fuzzer-gap,benchmark canary/exact-stack
2026-05-22T14:55:19Z,launch,benchmark feedback refresh command=/media/volume/danluu-fuzz-data/rtc-critical-path-pr-executor-20260517/runs/20260522T142501Z/continuations/benchmark-canary-fuzzer-gap/run-exact-refresh-on-repair-branch.sh session=rtc-benchmark-canary-feedback-refresh-20260522T145519Z,unknown,critical-path launch
2026-05-22T15:00:54Z,launch,continuation seed-5200005-reducer session=rtc-critical-continuation-seed-5200005-reducer-20260522T150052Z,seed-5200005-reducer,seed reducer/final-stack
2026-05-22T15:09:49Z,launch,continuation benchmark-canary-fuzzer-gap session=rtc-critical-continuation-benchmark-canary-fuzzer-gap-20260522T150947Z,benchmark-canary-fuzzer-gap,benchmark canary/exact-stack
2026-05-22T15:16:54Z,launch,continuation seed-5200005-reducer session=rtc-critical-continuation-seed-5200005-reducer-20260522T151653Z,seed-5200005-reducer,seed reducer/final-stack
2026-05-22T15:25:54Z,launch,continuation benchmark-canary-fuzzer-gap session=rtc-critical-continuation-benchmark-canary-fuzzer-gap-20260522T152552Z,benchmark-canary-fuzzer-gap,benchmark canary/exact-stack
2026-05-22T15:33:21Z,launch,continuation seed-5200005-reducer session=rtc-critical-continuation-seed-5200005-reducer-20260522T153319Z,seed-5200005-reducer,seed reducer/final-stack
2026-05-22T15:42:42Z,launch,continuation benchmark-canary-fuzzer-gap session=rtc-critical-continuation-benchmark-canary-fuzzer-gap-20260522T154240Z,benchmark-canary-fuzzer-gap,benchmark canary/exact-stack
2026-05-22T15:50:03Z,launch,continuation seed-5200005-reducer session=rtc-critical-continuation-seed-5200005-reducer-20260522T154957Z,seed-5200005-reducer,seed reducer/final-stack
2026-05-22T15:55:40Z,launch,benchmark feedback refresh command=/media/volume/danluu-fuzz-data/rtc-critical-path-pr-executor-20260517/runs/20260522T142501Z/continuations/benchmark-canary-fuzzer-gap/run-exact-refresh-on-repair-branch.sh session=rtc-benchmark-canary-feedback-refresh-20260522T155539Z,unknown,critical-path launch
2026-05-22T15:59:23Z,launch,continuation benchmark-canary-fuzzer-gap session=rtc-critical-continuation-benchmark-canary-fuzzer-gap-20260522T155921Z,benchmark-canary-fuzzer-gap,benchmark canary/exact-stack
2026-05-22T16:06:50Z,launch,continuation seed-5200005-reducer session=rtc-critical-continuation-seed-5200005-reducer-20260522T160648Z,seed-5200005-reducer,seed reducer/final-stack
2026-05-22T16:16:16Z,launch,continuation benchmark-canary-fuzzer-gap session=rtc-critical-continuation-benchmark-canary-fuzzer-gap-20260522T161614Z,benchmark-canary-fuzzer-gap,benchmark canary/exact-stack
2026-05-22T16:22:02Z,launch,continuation seed-5200005-reducer session=rtc-critical-continuation-seed-5200005-reducer-20260522T162200Z,seed-5200005-reducer,seed reducer/final-stack
2026-05-22T16:31:32Z,launch,continuation benchmark-canary-fuzzer-gap session=rtc-critical-continuation-benchmark-canary-fuzzer-gap-20260522T163130Z,benchmark-canary-fuzzer-gap,benchmark canary/exact-stack
2026-05-22T16:37:23Z,launch,continuation seed-5200005-reducer session=rtc-critical-continuation-seed-5200005-reducer-20260522T163721Z,seed-5200005-reducer,seed reducer/final-stack
2026-05-22T16:46:54Z,launch,continuation benchmark-canary-fuzzer-gap session=rtc-critical-continuation-benchmark-canary-fuzzer-gap-20260522T164652Z,benchmark-canary-fuzzer-gap,benchmark canary/exact-stack
2026-05-22T16:52:33Z,launch,continuation seed-5200005-reducer session=rtc-critical-continuation-seed-5200005-reducer-20260522T165231Z,seed-5200005-reducer,seed reducer/final-stack
2026-05-22T17:09:18Z,launch,continuation seed-5200005-reducer session=rtc-critical-continuation-seed-5200005-reducer-20260522T170916Z,seed-5200005-reducer,seed reducer/final-stack
2026-05-22T17:24:21Z,launch,continuation seed-5200005-reducer session=rtc-critical-continuation-seed-5200005-reducer-20260522T172419Z,seed-5200005-reducer,seed reducer/final-stack
2026-05-22T17:41:02Z,launch,continuation seed-5200005-reducer session=rtc-critical-continuation-seed-5200005-reducer-20260522T174101Z,seed-5200005-reducer,seed reducer/final-stack
2026-05-22T17:56:42Z,launch,continuation seed-5200005-reducer session=rtc-critical-continuation-seed-5200005-reducer-20260522T175640Z,seed-5200005-reducer,seed reducer/final-stack
2026-05-22T18:12:04Z,launch,continuation seed-5200005-reducer session=rtc-critical-continuation-seed-5200005-reducer-20260522T181201Z,seed-5200005-reducer,seed reducer/final-stack
2026-05-22T18:28:47Z,launch,continuation seed-5200005-reducer session=rtc-critical-continuation-seed-5200005-reducer-20260522T182845Z,seed-5200005-reducer,seed reducer/final-stack
2026-05-22T18:43:50Z,launch,continuation seed-5200005-reducer session=rtc-critical-continuation-seed-5200005-reducer-20260522T184349Z,seed-5200005-reducer,seed reducer/final-stack
2026-05-22T19:00:38Z,launch,continuation seed-5200005-reducer session=rtc-critical-continuation-seed-5200005-reducer-20260522T190036Z,seed-5200005-reducer,seed reducer/final-stack
2026-05-22T19:15:57Z,launch,continuation seed-5200005-reducer session=rtc-critical-continuation-seed-5200005-reducer-20260522T191555Z,seed-5200005-reducer,seed reducer/final-stack
2026-05-22T19:32:38Z,launch,continuation seed-5200005-reducer session=rtc-critical-continuation-seed-5200005-reducer-20260522T193236Z,seed-5200005-reducer,seed reducer/final-stack
2026-05-22T19:44:47Z,launch,continuation benchmark-canary-fuzzer-gap session=rtc-critical-continuation-benchmark-canary-fuzzer-gap-20260522T194445Z,benchmark-canary-fuzzer-gap,benchmark canary/exact-stack
2026-05-22T19:48:11Z,launch,continuation seed-5200005-reducer session=rtc-critical-continuation-seed-5200005-reducer-20260522T194809Z,seed-5200005-reducer,seed reducer/final-stack
2026-05-22T19:56:18Z,launch,benchmark feedback refresh command=/media/volume/danluu-fuzz-data/rtc-critical-path-pr-executor-20260517/runs/20260522T142501Z/continuations/benchmark-canary-fuzzer-gap/run-exact-refresh-on-repair-branch.sh session=rtc-benchmark-canary-feedback-refresh-20260522T195618Z,unknown,critical-path launch
2026-05-22T19:59:48Z,launch,continuation benchmark-canary-fuzzer-gap session=rtc-critical-continuation-benchmark-canary-fuzzer-gap-20260522T195946Z,benchmark-canary-fuzzer-gap,benchmark canary/exact-stack
2026-05-22T20:03:19Z,launch,benchmark feedback refresh command=/media/volume/danluu-fuzz-data/rtc-critical-path-pr-executor-20260517/runs/20260522T142501Z/continuations/benchmark-canary-fuzzer-gap/run-exact-refresh-on-repair-branch.sh session=rtc-benchmark-canary-feedback-refresh-20260522T200319Z,unknown,critical-path launch
2026-05-22T20:13:16Z,launch,continuation benchmark-canary-fuzzer-gap session=rtc-critical-continuation-benchmark-canary-fuzzer-gap-20260522T201314Z,benchmark-canary-fuzzer-gap,benchmark canary/exact-stack
2026-05-22T20:13:23Z,launch,continuation productive-analysis-action session=rtc-critical-continuation-productive-analysis-action-20260522T201321Z,productive-analysis-action,critical-path launch
2026-05-22T20:20:56Z,launch,continuation productive-analysis-action session=rtc-critical-continuation-productive-analysis-action-20260522T202051Z,productive-analysis-action,critical-path launch
2026-05-22T20:29:46Z,launch,continuation benchmark-canary-fuzzer-gap session=rtc-critical-continuation-benchmark-canary-fuzzer-gap-20260522T202944Z,benchmark-canary-fuzzer-gap,benchmark canary/exact-stack
2026-05-22T20:29:53Z,launch,continuation productive-analysis-action session=rtc-critical-continuation-productive-analysis-action-20260522T202951Z,productive-analysis-action,critical-path launch
2026-05-22T20:38:33Z,launch,benchmark feedback refresh command=/media/volume/danluu-fuzz-data/rtc-critical-path-pr-executor-20260517/runs/20260522T202944Z/continuations/benchmark-canary-fuzzer-gap/run-exact-refresh-on-repair-branch.sh session=rtc-benchmark-canary-feedback-refresh-20260522T203833Z,unknown,critical-path launch
2026-05-22T20:40:20Z,launch,continuation productive-analysis-action session=rtc-critical-continuation-productive-analysis-action-20260522T204017Z,productive-analysis-action,critical-path launch
2026-05-22T20:43:43Z,launch,benchmark feedback refresh command=/media/volume/danluu-fuzz-data/rtc-critical-path-pr-executor-20260517/runs/20260522T202944Z/continuations/benchmark-canary-fuzzer-gap/run-exact-refresh-on-repair-branch.sh session=rtc-benchmark-canary-feedback-refresh-20260522T204343Z,unknown,critical-path launch
2026-05-22T20:47:01Z,launch,benchmark feedback refresh command=/media/volume/danluu-fuzz-data/rtc-critical-path-pr-executor-20260517/runs/20260522T202944Z/continuations/benchmark-canary-fuzzer-gap/run-exact-refresh-on-built-repair-worktree.sh session=rtc-benchmark-canary-feedback-refresh-20260522T204701Z,unknown,critical-path launch
2026-05-22T20:50:24Z,launch,continuation productive-analysis-action session=rtc-critical-continuation-productive-analysis-action-20260522T205022Z,productive-analysis-action,critical-path launch
2026-05-22T20:53:43Z,launch,continuation benchmark-canary-fuzzer-gap session=rtc-critical-continuation-benchmark-canary-fuzzer-gap-20260522T205341Z,benchmark-canary-fuzzer-gap,benchmark canary/exact-stack
2026-05-22T21:00:18Z,launch,continuation productive-analysis-action session=rtc-critical-continuation-productive-analysis-action-20260522T210017Z,productive-analysis-action,critical-path launch
2026-05-22T21:10:10Z,launch,continuation productive-analysis-action session=rtc-critical-continuation-productive-analysis-action-20260522T211005Z,productive-analysis-action,critical-path launch
2026-05-22T21:20:26Z,launch,continuation productive-analysis-action session=rtc-critical-continuation-productive-analysis-action-20260522T212024Z,productive-analysis-action,critical-path launch
2026-05-22T21:25:24Z,launch,benchmark feedback refresh command=/media/volume/danluu-fuzz-data/rtc-critical-path-pr-executor-20260517/runs/20260522T205341Z/continuations/benchmark-canary-fuzzer-gap/run-exact-refresh-on-built-repair-worktree-test-config.sh session=rtc-benchmark-canary-feedback-refresh-20260522T212524Z,unknown,critical-path launch
2026-05-22T21:30:13Z,launch,continuation productive-analysis-action session=rtc-critical-continuation-productive-analysis-action-20260522T213011Z,productive-analysis-action,critical-path launch
2026-05-22T21:38:33Z,launch,continuation benchmark-canary-fuzzer-gap session=rtc-critical-continuation-benchmark-canary-fuzzer-gap-20260522T213829Z,benchmark-canary-fuzzer-gap,benchmark canary/exact-stack
2026-05-22T21:40:26Z,launch,continuation productive-analysis-action session=rtc-critical-continuation-productive-analysis-action-20260522T214024Z,productive-analysis-action,critical-path launch
2026-05-22T21:43:58Z,launch,benchmark feedback refresh command=/media/volume/danluu-fuzz-data/rtc-critical-path-pr-executor-20260517/runs/20260522T205341Z/continuations/benchmark-canary-fuzzer-gap/run-exact-refresh-on-built-repair-worktree-test-config.sh session=rtc-benchmark-canary-feedback-refresh-20260522T214358Z,unknown,critical-path launch
2026-05-22T21:51:03Z,launch,continuation productive-analysis-action session=rtc-critical-continuation-productive-analysis-action-20260522T215101Z,productive-analysis-action,critical-path launch
2026-05-22T21:59:54Z,launch,continuation productive-analysis-action session=rtc-critical-continuation-productive-analysis-action-20260522T215952Z,productive-analysis-action,critical-path launch
2026-05-22T22:03:18Z,launch,benchmark feedback refresh command=/media/volume/danluu-fuzz-data/rtc-critical-path-pr-executor-20260517/runs/20260522T205341Z/continuations/benchmark-canary-fuzzer-gap/run-exact-refresh-on-built-repair-worktree-test-config.sh session=rtc-benchmark-canary-feedback-refresh-20260522T220318Z,unknown,critical-path launch
2026-05-22T22:10:14Z,launch,continuation benchmark-canary-fuzzer-gap session=rtc-critical-continuation-benchmark-canary-fuzzer-gap-20260522T221012Z,benchmark-canary-fuzzer-gap,benchmark canary/exact-stack
2026-05-22T22:10:21Z,launch,continuation productive-analysis-action session=rtc-critical-continuation-productive-analysis-action-20260522T221019Z,productive-analysis-action,critical-path launch
2026-05-22T22:20:36Z,launch,continuation productive-analysis-action session=rtc-critical-continuation-productive-analysis-action-20260522T222034Z,productive-analysis-action,critical-path launch
2026-05-22T22:22:13Z,launch,benchmark feedback refresh command=/media/volume/danluu-fuzz-data/rtc-critical-path-pr-executor-20260517/runs/20260522T205341Z/continuations/benchmark-canary-fuzzer-gap/run-exact-refresh-on-built-repair-worktree-test-config.sh session=rtc-benchmark-canary-feedback-refresh-20260522T222213Z,unknown,critical-path launch
2026-05-22T22:30:33Z,launch,continuation productive-analysis-action session=rtc-critical-continuation-productive-analysis-action-20260522T223031Z,productive-analysis-action,critical-path launch
2026-05-22T22:40:39Z,launch,continuation productive-analysis-action session=rtc-critical-continuation-productive-analysis-action-20260522T224038Z,productive-analysis-action,critical-path launch
2026-05-22T22:43:53Z,launch,benchmark feedback refresh command=/media/volume/danluu-fuzz-data/rtc-critical-path-pr-executor-20260517/runs/20260522T205341Z/continuations/benchmark-canary-fuzzer-gap/run-exact-refresh-on-built-repair-worktree-test-config.sh session=rtc-benchmark-canary-feedback-refresh-20260522T224353Z,unknown,critical-path launch
2026-05-22T22:50:52Z,launch,continuation benchmark-canary-fuzzer-gap session=rtc-critical-continuation-benchmark-canary-fuzzer-gap-20260522T225050Z,benchmark-canary-fuzzer-gap,benchmark canary/exact-stack
2026-05-22T22:50:59Z,launch,continuation productive-analysis-action session=rtc-critical-continuation-productive-analysis-action-20260522T225057Z,productive-analysis-action,critical-path launch
2026-05-22T23:06:42Z,launch,benchmark feedback refresh command=/media/volume/danluu-fuzz-data/rtc-critical-path-pr-executor-20260517/runs/20260522T205341Z/continuations/benchmark-canary-fuzzer-gap/run-exact-refresh-on-built-repair-worktree-test-config.sh session=rtc-benchmark-canary-feedback-refresh-20260522T230642Z,unknown,critical-path launch
2026-05-22T23:15:32Z,launch,continuation benchmark-canary-fuzzer-gap session=rtc-critical-continuation-benchmark-canary-fuzzer-gap-20260522T231530Z,benchmark-canary-fuzzer-gap,benchmark canary/exact-stack
2026-05-22T23:20:52Z,launch,benchmark feedback refresh command=/media/volume/danluu-fuzz-data/rtc-critical-path-pr-executor-20260517/runs/20260522T205341Z/continuations/benchmark-canary-fuzzer-gap/run-exact-refresh-on-built-repair-worktree-test-config.sh session=rtc-benchmark-canary-feedback-refresh-20260522T232052Z,unknown,critical-path launch
2026-05-22T23:31:28Z,launch,continuation benchmark-canary-fuzzer-gap session=rtc-critical-continuation-benchmark-canary-fuzzer-gap-20260522T233126Z,benchmark-canary-fuzzer-gap,benchmark canary/exact-stack
2026-05-22T23:47:52Z,launch,benchmark feedback refresh command=/media/volume/danluu-fuzz-data/rtc-critical-path-pr-executor-20260517/runs/20260522T205341Z/continuations/benchmark-canary-fuzzer-gap/run-exact-refresh-on-built-repair-worktree-test-config.sh session=rtc-benchmark-canary-feedback-refresh-20260522T234752Z,unknown,critical-path launch
2026-05-23T00:03:29Z,launch,continuation benchmark-canary-fuzzer-gap session=rtc-critical-continuation-benchmark-canary-fuzzer-gap-20260523T000326Z,benchmark-canary-fuzzer-gap,benchmark canary/exact-stack
2026-05-23T00:19:09Z,launch,continuation benchmark-canary-fuzzer-gap session=rtc-critical-continuation-benchmark-canary-fuzzer-gap-20260523T001907Z,benchmark-canary-fuzzer-gap,benchmark canary/exact-stack
2026-05-23T00:25:56Z,launch,benchmark feedback refresh command=/media/volume/danluu-fuzz-data/rtc-critical-path-pr-executor-20260517/runs/20260522T205341Z/continuations/benchmark-canary-fuzzer-gap/run-exact-refresh-on-built-repair-worktree-test-config.sh session=rtc-benchmark-canary-feedback-refresh-20260523T002556Z,unknown,critical-path launch
2026-05-23T00:32:42Z,launch,continuation benchmark-canary-fuzzer-gap session=rtc-critical-continuation-benchmark-canary-fuzzer-gap-20260523T003241Z,benchmark-canary-fuzzer-gap,benchmark canary/exact-stack
2026-05-23T00:47:08Z,launch,benchmark feedback refresh command=/media/volume/danluu-fuzz-data/rtc-critical-path-pr-executor-20260517/runs/20260522T205341Z/continuations/benchmark-canary-fuzzer-gap/run-exact-refresh-on-built-repair-worktree-test-config.sh session=rtc-benchmark-canary-feedback-refresh-20260523T004708Z,unknown,critical-path launch
2026-05-23T00:54:19Z,launch,continuation benchmark-canary-fuzzer-gap session=rtc-critical-continuation-benchmark-canary-fuzzer-gap-20260523T005413Z,benchmark-canary-fuzzer-gap,benchmark canary/exact-stack
2026-05-23T01:07:14Z,launch,benchmark feedback refresh command=/media/volume/danluu-fuzz-data/rtc-critical-path-pr-executor-20260517/runs/20260522T205341Z/continuations/benchmark-canary-fuzzer-gap/run-exact-refresh-on-built-repair-worktree-test-config.sh session=rtc-benchmark-canary-feedback-refresh-20260523T010714Z,unknown,critical-path launch
2026-05-23T01:14:26Z,launch,continuation benchmark-canary-fuzzer-gap session=rtc-critical-continuation-benchmark-canary-fuzzer-gap-20260523T011424Z,benchmark-canary-fuzzer-gap,benchmark canary/exact-stack
2026-05-23T01:28:59Z,launch,benchmark feedback refresh command=/media/volume/danluu-fuzz-data/rtc-critical-path-pr-executor-20260517/runs/20260522T205341Z/continuations/benchmark-canary-fuzzer-gap/run-exact-refresh-on-built-repair-worktree-test-config.sh session=rtc-benchmark-canary-feedback-refresh-20260523T012859Z,unknown,critical-path launch
2026-05-23T01:35:41Z,launch,continuation benchmark-canary-fuzzer-gap session=rtc-critical-continuation-benchmark-canary-fuzzer-gap-20260523T013539Z,benchmark-canary-fuzzer-gap,benchmark canary/exact-stack
2026-05-23T01:50:32Z,launch,benchmark feedback refresh command=/media/volume/danluu-fuzz-data/rtc-critical-path-pr-executor-20260517/runs/20260522T205341Z/continuations/benchmark-canary-fuzzer-gap/run-exact-refresh-on-built-repair-worktree-test-config.sh session=rtc-benchmark-canary-feedback-refresh-20260523T015032Z,unknown,critical-path launch
2026-05-23T01:57:36Z,launch,continuation benchmark-canary-fuzzer-gap session=rtc-critical-continuation-benchmark-canary-fuzzer-gap-20260523T015734Z,benchmark-canary-fuzzer-gap,benchmark canary/exact-stack
2026-05-23T02:06:27Z,launch,benchmark feedback refresh command=/media/volume/danluu-fuzz-data/rtc-critical-path-pr-executor-20260517/runs/20260523T015734Z/continuations/benchmark-canary-fuzzer-gap/run-exact-refresh-on-current-repair-branch.sh session=rtc-benchmark-canary-feedback-refresh-20260523T020627Z,unknown,critical-path launch
2026-05-23T02:13:29Z,launch,benchmark feedback refresh command=/media/volume/danluu-fuzz-data/rtc-critical-path-pr-executor-20260517/runs/20260523T015734Z/continuations/benchmark-canary-fuzzer-gap/run-exact-refresh-on-current-repair-branch.sh session=rtc-benchmark-canary-feedback-refresh-20260523T021329Z,unknown,critical-path launch
2026-05-23T02:20:47Z,launch,continuation benchmark-canary-fuzzer-gap session=rtc-critical-continuation-benchmark-canary-fuzzer-gap-20260523T022043Z,benchmark-canary-fuzzer-gap,benchmark canary/exact-stack
2026-05-23T02:40:57Z,launch,benchmark feedback refresh command=/media/volume/danluu-fuzz-data/rtc-critical-path-pr-executor-20260517/runs/20260523T022043Z/continuations/benchmark-canary-fuzzer-gap/run-exact-refresh-on-current-repair-branch.sh session=rtc-benchmark-canary-feedback-refresh-20260523T024057Z,unknown,critical-path launch
2026-05-23T02:55:22Z,launch,benchmark feedback refresh command=/media/volume/danluu-fuzz-data/rtc-critical-path-pr-executor-20260517/runs/20260523T022043Z/continuations/benchmark-canary-fuzzer-gap/run-exact-refresh-on-current-repair-branch.sh session=rtc-benchmark-canary-feedback-refresh-20260523T025522Z,unknown,critical-path launch
2026-05-23T02:59:10Z,launch,continuation benchmark-canary-fuzzer-gap session=rtc-critical-continuation-benchmark-canary-fuzzer-gap-20260523T025908Z,benchmark-canary-fuzzer-gap,benchmark canary/exact-stack
2026-05-23T03:10:25Z,launch,benchmark feedback refresh command=/media/volume/danluu-fuzz-data/rtc-critical-path-pr-executor-20260517/runs/20260523T025908Z/continuations/benchmark-canary-fuzzer-gap/run-exact-refresh-on-clean-product-branch.sh session=rtc-benchmark-canary-feedback-refresh-20260523T031025Z,unknown,critical-path launch
2026-05-23T03:14:15Z,launch,continuation benchmark-canary-fuzzer-gap session=rtc-critical-continuation-benchmark-canary-fuzzer-gap-20260523T031412Z,benchmark-canary-fuzzer-gap,benchmark canary/exact-stack
2026-05-23T03:17:53Z,launch,benchmark feedback refresh command=/media/volume/danluu-fuzz-data/rtc-critical-path-pr-executor-20260517/runs/20260523T025908Z/continuations/benchmark-canary-fuzzer-gap/run-exact-refresh-on-clean-product-branch.sh session=rtc-benchmark-canary-feedback-refresh-20260523T031753Z,unknown,critical-path launch
2026-05-23T03:19:42Z,launch,benchmark feedback refresh command=/media/volume/danluu-fuzz-data/rtc-critical-path-pr-executor-20260517/runs/20260523T025908Z/continuations/benchmark-canary-fuzzer-gap/run-exact-refresh-on-clean-product-branch.sh session=rtc-benchmark-canary-feedback-refresh-20260523T031942Z,unknown,critical-path launch
2026-05-23T03:21:32Z,launch,benchmark feedback refresh command=/media/volume/danluu-fuzz-data/rtc-critical-path-pr-executor-20260517/runs/20260523T025908Z/continuations/benchmark-canary-fuzzer-gap/run-exact-refresh-on-clean-product-branch.sh session=rtc-benchmark-canary-feedback-refresh-20260523T032132Z,unknown,critical-path launch
2026-05-23T03:41:45Z,launch,benchmark feedback refresh command=/media/volume/danluu-fuzz-data/rtc-critical-path-pr-executor-20260517/runs/20260523T025908Z/continuations/benchmark-canary-fuzzer-gap/run-exact-refresh-on-clean-product-branch.sh session=rtc-benchmark-canary-feedback-refresh-20260523T034145Z,unknown,critical-path launch
2026-05-23T03:43:31Z,launch,benchmark feedback refresh command=/media/volume/danluu-fuzz-data/rtc-critical-path-pr-executor-20260517/runs/20260523T025908Z/continuations/benchmark-canary-fuzzer-gap/run-exact-refresh-on-clean-product-branch.sh session=rtc-benchmark-canary-feedback-refresh-20260523T034331Z,unknown,critical-path launch
2026-05-23T04:04:09Z,launch,benchmark feedback refresh command=/media/volume/danluu-fuzz-data/rtc-critical-path-pr-executor-20260517/runs/20260523T025908Z/continuations/benchmark-canary-fuzzer-gap/run-exact-refresh-on-clean-product-branch.sh session=rtc-benchmark-canary-feedback-refresh-20260523T040409Z,unknown,critical-path launch
2026-05-23T04:20:30Z,launch,benchmark feedback refresh command=/media/volume/danluu-fuzz-data/rtc-critical-path-pr-executor-20260517/runs/20260523T025908Z/continuations/benchmark-canary-fuzzer-gap/run-exact-refresh-on-clean-product-branch.sh session=rtc-benchmark-canary-feedback-refresh-20260523T042030Z,unknown,critical-path launch
2026-05-23T04:41:23Z,launch,benchmark feedback refresh command=/media/volume/danluu-fuzz-data/rtc-critical-path-pr-executor-20260517/runs/20260523T025908Z/continuations/benchmark-canary-fuzzer-gap/run-exact-refresh-on-clean-product-branch.sh session=rtc-benchmark-canary-feedback-refresh-20260523T044123Z,unknown,critical-path launch
2026-05-23T04:43:20Z,launch,continuation benchmark-canary-fuzzer-gap session=rtc-critical-continuation-benchmark-canary-fuzzer-gap-20260523T044317Z,benchmark-canary-fuzzer-gap,benchmark canary/exact-stack
2026-05-23T05:01:34Z,launch,benchmark feedback refresh command=/media/volume/danluu-fuzz-data/rtc-critical-path-pr-executor-20260517/runs/20260523T025908Z/continuations/benchmark-canary-fuzzer-gap/run-exact-refresh-on-clean-product-branch.sh session=rtc-benchmark-canary-feedback-refresh-20260523T050134Z,unknown,critical-path launch
2026-05-23T05:03:40Z,launch,continuation benchmark-canary-fuzzer-gap session=rtc-critical-continuation-benchmark-canary-fuzzer-gap-20260523T050338Z,benchmark-canary-fuzzer-gap,benchmark canary/exact-stack
2026-05-23T05:18:27Z,launch,benchmark feedback refresh command=/media/volume/danluu-fuzz-data/rtc-critical-path-pr-executor-20260517/runs/20260523T050338Z/continuations/benchmark-canary-fuzzer-gap/run-exact-refresh-on-current-clean-repair-branch.sh session=rtc-benchmark-canary-feedback-refresh-20260523T051827Z,unknown,critical-path launch
2026-05-23T05:30:35Z,launch,benchmark feedback refresh command=/media/volume/danluu-fuzz-data/rtc-critical-path-pr-executor-20260517/runs/20260523T050338Z/continuations/benchmark-canary-fuzzer-gap/run-exact-refresh-on-current-clean-repair-branch.sh session=rtc-benchmark-canary-feedback-refresh-20260523T053035Z,unknown,critical-path launch
2026-05-23T05:38:22Z,launch,continuation benchmark-canary-fuzzer-gap session=rtc-critical-continuation-benchmark-canary-fuzzer-gap-20260523T053821Z,benchmark-canary-fuzzer-gap,benchmark canary/exact-stack
2026-05-23T05:40:20Z,launch,benchmark feedback refresh command=/media/volume/danluu-fuzz-data/rtc-critical-path-pr-executor-20260517/runs/20260523T050338Z/continuations/benchmark-canary-fuzzer-gap/run-exact-refresh-on-current-clean-repair-branch.sh session=rtc-benchmark-canary-feedback-refresh-20260523T054020Z,unknown,critical-path launch
2026-05-23T06:24:25Z,launch,continuation benchmark-canary-fuzzer-gap session=rtc-critical-continuation-benchmark-canary-fuzzer-gap-20260523T062423Z,benchmark-canary-fuzzer-gap,benchmark canary/exact-stack
2026-05-23T06:38:02Z,launch,benchmark feedback refresh command=/media/volume/danluu-fuzz-data/rtc-critical-path-pr-executor-20260517/runs/20260523T050338Z/continuations/benchmark-canary-fuzzer-gap/run-exact-refresh-on-current-clean-repair-branch.sh session=rtc-benchmark-canary-feedback-refresh-20260523T063802Z,unknown,critical-path launch
2026-05-23T06:48:01Z,launch,continuation benchmark-canary-fuzzer-gap session=rtc-critical-continuation-benchmark-canary-fuzzer-gap-20260523T064759Z,benchmark-canary-fuzzer-gap,benchmark canary/exact-stack
2026-05-23T06:58:23Z,launch,benchmark feedback refresh command=/media/volume/danluu-fuzz-data/rtc-critical-path-pr-executor-20260517/runs/20260523T050338Z/continuations/benchmark-canary-fuzzer-gap/run-exact-refresh-on-current-clean-repair-branch.sh session=rtc-benchmark-canary-feedback-refresh-20260523T065823Z,unknown,critical-path launch
2026-05-23T07:08:50Z,launch,continuation benchmark-canary-fuzzer-gap session=rtc-critical-continuation-benchmark-canary-fuzzer-gap-20260523T070848Z,benchmark-canary-fuzzer-gap,benchmark canary/exact-stack
2026-05-23T07:19:32Z,launch,benchmark feedback refresh command=/media/volume/danluu-fuzz-data/rtc-critical-path-pr-executor-20260517/runs/20260523T050338Z/continuations/benchmark-canary-fuzzer-gap/run-exact-refresh-on-current-clean-repair-branch.sh session=rtc-benchmark-canary-feedback-refresh-20260523T071932Z,unknown,critical-path launch
2026-05-23T07:27:35Z,launch,continuation benchmark-canary-fuzzer-gap session=rtc-critical-continuation-benchmark-canary-fuzzer-gap-20260523T072733Z,benchmark-canary-fuzzer-gap,benchmark canary/exact-stack
2026-05-23T07:39:53Z,launch,benchmark feedback refresh command=/media/volume/danluu-fuzz-data/rtc-critical-path-pr-executor-20260517/runs/20260523T050338Z/continuations/benchmark-canary-fuzzer-gap/run-exact-refresh-on-current-clean-repair-branch.sh session=rtc-benchmark-canary-feedback-refresh-20260523T073953Z,unknown,critical-path launch
2026-05-23T07:47:49Z,launch,continuation benchmark-canary-fuzzer-gap session=rtc-critical-continuation-benchmark-canary-fuzzer-gap-20260523T074747Z,benchmark-canary-fuzzer-gap,benchmark canary/exact-stack
2026-05-23T08:00:27Z,launch,continuation benchmark-canary-fuzzer-gap session=rtc-critical-continuation-benchmark-canary-fuzzer-gap-20260523T080025Z,benchmark-canary-fuzzer-gap,benchmark canary/exact-stack
2026-05-23T08:26:58Z,launch,benchmark feedback refresh command=/media/volume/danluu-fuzz-data/rtc-critical-path-pr-executor-20260517/runs/20260523T050338Z/continuations/benchmark-canary-fuzzer-gap/run-exact-refresh-on-current-clean-repair-branch.sh session=rtc-benchmark-canary-feedback-refresh-20260523T082658Z,unknown,critical-path launch
2026-05-23T08:47:12Z,launch,benchmark feedback refresh command=/media/volume/danluu-fuzz-data/rtc-critical-path-pr-executor-20260517/runs/20260523T050338Z/continuations/benchmark-canary-fuzzer-gap/run-exact-refresh-on-current-clean-repair-branch.sh session=rtc-benchmark-canary-feedback-refresh-20260523T084712Z,unknown,critical-path launch
2026-05-23T08:59:29Z,launch,continuation benchmark-canary-fuzzer-gap session=rtc-critical-continuation-benchmark-canary-fuzzer-gap-20260523T085927Z,benchmark-canary-fuzzer-gap,benchmark canary/exact-stack
2026-05-23T09:03:42Z,launch,benchmark feedback refresh command=/media/volume/danluu-fuzz-data/rtc-critical-path-pr-executor-20260517/runs/20260523T050338Z/continuations/benchmark-canary-fuzzer-gap/run-exact-refresh-on-current-clean-repair-branch.sh session=rtc-benchmark-canary-feedback-refresh-20260523T090342Z,unknown,critical-path launch
2026-05-23T09:13:44Z,launch,benchmark feedback refresh command=/media/volume/danluu-fuzz-data/rtc-critical-path-pr-executor-20260517/runs/20260523T050338Z/continuations/benchmark-canary-fuzzer-gap/run-exact-refresh-on-current-clean-repair-branch.sh session=rtc-benchmark-canary-feedback-refresh-20260523T091344Z,unknown,critical-path launch
2026-05-23T09:21:25Z,launch,continuation benchmark-canary-fuzzer-gap session=rtc-critical-continuation-benchmark-canary-fuzzer-gap-20260523T092123Z,benchmark-canary-fuzzer-gap,benchmark canary/exact-stack
2026-05-23T09:25:29Z,launch,benchmark feedback refresh command=/media/volume/danluu-fuzz-data/rtc-critical-path-pr-executor-20260517/runs/20260523T050338Z/continuations/benchmark-canary-fuzzer-gap/run-exact-refresh-on-current-clean-repair-branch.sh session=rtc-benchmark-canary-feedback-refresh-20260523T092529Z,unknown,critical-path launch
2026-05-23T09:37:31Z,launch,continuation benchmark-canary-fuzzer-gap session=rtc-critical-continuation-benchmark-canary-fuzzer-gap-20260523T093729Z,benchmark-canary-fuzzer-gap,benchmark canary/exact-stack
2026-05-23T09:45:53Z,launch,benchmark feedback refresh command=/media/volume/danluu-fuzz-data/rtc-critical-path-pr-executor-20260517/runs/20260523T050338Z/continuations/benchmark-canary-fuzzer-gap/run-exact-refresh-on-current-clean-repair-branch.sh session=rtc-benchmark-canary-feedback-refresh-20260523T094553Z,unknown,critical-path launch
2026-05-23T09:53:41Z,launch,benchmark feedback refresh command=/media/volume/danluu-fuzz-data/rtc-critical-path-pr-executor-20260517/runs/20260523T093729Z/continuations/benchmark-canary-fuzzer-gap/run-exact-refresh-product-split-command.sh session=rtc-benchmark-canary-feedback-refresh-20260523T095341Z,unknown,critical-path launch
2026-05-23T09:56:01Z,launch,continuation benchmark-canary-fuzzer-gap session=rtc-critical-continuation-benchmark-canary-fuzzer-gap-20260523T095559Z,benchmark-canary-fuzzer-gap,benchmark canary/exact-stack
2026-05-23T10:06:33Z,launch,benchmark feedback refresh command=/media/volume/danluu-fuzz-data/rtc-critical-path-pr-executor-20260517/runs/20260523T095559Z/continuations/benchmark-canary-fuzzer-gap/run-exact-refresh-product-split-shared-deps.sh session=rtc-benchmark-canary-feedback-refresh-20260523T100633Z,unknown,critical-path launch
2026-05-23T10:08:42Z,launch,benchmark feedback refresh command=/media/volume/danluu-fuzz-data/rtc-critical-path-pr-executor-20260517/runs/20260523T095559Z/continuations/benchmark-canary-fuzzer-gap/run-exact-refresh-product-split-shared-deps.sh session=rtc-benchmark-canary-feedback-refresh-20260523T100841Z,unknown,critical-path launch
2026-05-23T10:11:01Z,launch,continuation benchmark-canary-fuzzer-gap session=rtc-critical-continuation-benchmark-canary-fuzzer-gap-20260523T101058Z,benchmark-canary-fuzzer-gap,benchmark canary/exact-stack
2026-05-23T10:23:19Z,launch,benchmark feedback refresh command=/media/volume/danluu-fuzz-data/rtc-critical-path-pr-executor-20260517/runs/20260523T101058Z/continuations/benchmark-canary-fuzzer-gap/run-exact-refresh-product-split-command.sh session=rtc-benchmark-canary-feedback-refresh-20260523T102319Z,unknown,critical-path launch
2026-05-23T10:27:29Z,launch,benchmark feedback refresh command=/media/volume/danluu-fuzz-data/rtc-critical-path-pr-executor-20260517/runs/20260523T101058Z/continuations/benchmark-canary-fuzzer-gap/run-exact-refresh-product-split-command.sh session=rtc-benchmark-canary-feedback-refresh-20260523T102729Z,unknown,critical-path launch
2026-05-23T10:29:38Z,launch,continuation benchmark-canary-fuzzer-gap session=rtc-critical-continuation-benchmark-canary-fuzzer-gap-20260523T102936Z,benchmark-canary-fuzzer-gap,benchmark canary/exact-stack
2026-05-23T10:46:00Z,launch,benchmark feedback refresh command=/media/volume/danluu-fuzz-data/rtc-critical-path-pr-executor-20260517/runs/20260523T102936Z/continuations/benchmark-canary-fuzzer-gap/run-exact-refresh-product-split-command.sh session=rtc-benchmark-canary-feedback-refresh-20260523T104600Z,unknown,critical-path launch
2026-05-23T10:48:10Z,launch,benchmark feedback refresh command=/media/volume/danluu-fuzz-data/rtc-critical-path-pr-executor-20260517/runs/20260523T102936Z/continuations/benchmark-canary-fuzzer-gap/run-exact-refresh-product-split-command.sh session=rtc-benchmark-canary-feedback-refresh-20260523T104810Z,unknown,critical-path launch
2026-05-23T10:50:23Z,launch,continuation benchmark-canary-fuzzer-gap session=rtc-critical-continuation-benchmark-canary-fuzzer-gap-20260523T105021Z,benchmark-canary-fuzzer-gap,benchmark canary/exact-stack
2026-05-23T11:06:59Z,launch,benchmark feedback refresh command=/media/volume/danluu-fuzz-data/rtc-critical-path-pr-executor-20260517/runs/20260523T105021Z/continuations/benchmark-canary-fuzzer-gap/run-exact-refresh-product-split-command.sh session=rtc-benchmark-canary-feedback-refresh-20260523T110659Z,unknown,critical-path launch
2026-05-23T11:20:08Z,launch,continuation benchmark-canary-fuzzer-gap session=rtc-critical-continuation-benchmark-canary-fuzzer-gap-20260523T112006Z,benchmark-canary-fuzzer-gap,benchmark canary/exact-stack
2026-05-23T11:48:09Z,launch,continuation benchmark-canary-fuzzer-gap session=rtc-critical-continuation-benchmark-canary-fuzzer-gap-20260523T114806Z,benchmark-canary-fuzzer-gap,benchmark canary/exact-stack
2026-05-23T12:01:56Z,launch,benchmark feedback refresh command=/media/volume/danluu-fuzz-data/rtc-critical-path-pr-executor-20260517/runs/20260523T105021Z/continuations/benchmark-canary-fuzzer-gap/run-exact-refresh-product-split-command.sh session=rtc-benchmark-canary-feedback-refresh-20260523T120156Z,unknown,critical-path launch
2026-05-23T12:12:17Z,launch,continuation benchmark-canary-fuzzer-gap session=rtc-critical-continuation-benchmark-canary-fuzzer-gap-20260523T121215Z,benchmark-canary-fuzzer-gap,benchmark canary/exact-stack
2026-05-23T12:23:15Z,launch,continuation productive-analysis-action session=rtc-critical-continuation-productive-analysis-action-20260523T122314Z,productive-analysis-action,critical-path launch
2026-05-23T12:29:12Z,launch,continuation benchmark-canary-fuzzer-gap session=rtc-critical-continuation-benchmark-canary-fuzzer-gap-20260523T122910Z,benchmark-canary-fuzzer-gap,benchmark canary/exact-stack
2026-05-23T12:31:09Z,launch,benchmark feedback refresh command=/media/volume/danluu-fuzz-data/rtc-critical-path-pr-executor-20260517/runs/20260523T105021Z/continuations/benchmark-canary-fuzzer-gap/run-exact-refresh-product-split-command.sh session=rtc-benchmark-canary-feedback-refresh-20260523T123109Z,unknown,critical-path launch
2026-05-23T12:46:54Z,launch,continuation benchmark-canary-fuzzer-gap session=rtc-critical-continuation-benchmark-canary-fuzzer-gap-20260523T124652Z,benchmark-canary-fuzzer-gap,benchmark canary/exact-stack
2026-05-23T12:47:04Z,launch,continuation productive-analysis-action session=rtc-critical-continuation-productive-analysis-action-20260523T124702Z,productive-analysis-action,critical-path launch
2026-05-23T12:49:01Z,launch,benchmark feedback refresh command=/media/volume/danluu-fuzz-data/rtc-critical-path-pr-executor-20260517/runs/20260523T105021Z/continuations/benchmark-canary-fuzzer-gap/run-exact-refresh-product-split-command.sh session=rtc-benchmark-canary-feedback-refresh-20260523T124901Z,unknown,critical-path launch
2026-05-23T13:09:35Z,launch,benchmark feedback refresh command=/media/volume/danluu-fuzz-data/rtc-critical-path-pr-executor-20260517/runs/20260523T105021Z/continuations/benchmark-canary-fuzzer-gap/run-exact-refresh-product-split-command.sh session=rtc-benchmark-canary-feedback-refresh-20260523T130935Z,unknown,critical-path launch
2026-05-23T13:17:55Z,launch,continuation benchmark-canary-fuzzer-gap session=rtc-critical-continuation-benchmark-canary-fuzzer-gap-20260523T131753Z,benchmark-canary-fuzzer-gap,benchmark canary/exact-stack
2026-05-23T13:30:42Z,launch,benchmark feedback refresh command=/media/volume/danluu-fuzz-data/rtc-critical-path-pr-executor-20260517/runs/20260523T105021Z/continuations/benchmark-canary-fuzzer-gap/run-exact-refresh-product-split-command.sh session=rtc-benchmark-canary-feedback-refresh-20260523T133042Z,unknown,critical-path launch
2026-05-23T13:40:59Z,launch,benchmark feedback refresh command=/media/volume/danluu-fuzz-data/rtc-critical-path-pr-executor-20260517/runs/20260523T131753Z/continuations/benchmark-canary-fuzzer-gap/run-exact-refresh-product-only-command.sh session=rtc-benchmark-canary-feedback-refresh-20260523T134059Z,unknown,critical-path launch
2026-05-23T13:51:15Z,launch,benchmark feedback refresh command=/media/volume/danluu-fuzz-data/rtc-critical-path-pr-executor-20260517/runs/20260523T131753Z/continuations/benchmark-canary-fuzzer-gap/run-exact-refresh-product-only-command.sh session=rtc-benchmark-canary-feedback-refresh-20260523T135115Z,unknown,critical-path launch
2026-05-23T13:53:36Z,launch,continuation benchmark-canary-fuzzer-gap session=rtc-critical-continuation-benchmark-canary-fuzzer-gap-20260523T135334Z,benchmark-canary-fuzzer-gap,benchmark canary/exact-stack
2026-05-23T14:04:36Z,launch,benchmark feedback refresh command=/media/volume/danluu-fuzz-data/rtc-critical-path-pr-executor-20260517/runs/20260523T135334Z/continuations/benchmark-canary-fuzzer-gap/run-exact-refresh-product-only-isolated.sh session=rtc-benchmark-canary-feedback-refresh-20260523T140436Z,unknown,critical-path launch
2026-05-23T14:14:56Z,launch,benchmark feedback refresh command=/media/volume/danluu-fuzz-data/rtc-critical-path-pr-executor-20260517/runs/20260523T135334Z/continuations/benchmark-canary-fuzzer-gap/run-exact-refresh-product-only-isolated.sh session=rtc-benchmark-canary-feedback-refresh-20260523T141456Z,unknown,critical-path launch
2026-05-23T14:25:10Z,launch,continuation benchmark-canary-fuzzer-gap session=rtc-critical-continuation-benchmark-canary-fuzzer-gap-20260523T142508Z,benchmark-canary-fuzzer-gap,benchmark canary/exact-stack
2026-05-23T14:31:24Z,launch,benchmark feedback refresh command=/media/volume/danluu-fuzz-data/rtc-critical-path-pr-executor-20260517/runs/20260523T135334Z/continuations/benchmark-canary-fuzzer-gap/run-exact-refresh-product-only-isolated.sh session=rtc-benchmark-canary-feedback-refresh-20260523T143123Z,unknown,critical-path launch
2026-05-23T14:41:32Z,launch,benchmark feedback refresh command=/media/volume/danluu-fuzz-data/rtc-critical-path-pr-executor-20260517/runs/20260523T142508Z/continuations/benchmark-canary-fuzzer-gap/run-exact-refresh-http-awareness-wait.sh session=rtc-benchmark-canary-feedback-refresh-20260523T144132Z,unknown,critical-path launch
2026-05-23T14:51:46Z,launch,continuation benchmark-canary-fuzzer-gap session=rtc-critical-continuation-benchmark-canary-fuzzer-gap-20260523T145144Z,benchmark-canary-fuzzer-gap,benchmark canary/exact-stack
2026-05-23T14:53:56Z,launch,benchmark feedback refresh command=/media/volume/danluu-fuzz-data/rtc-critical-path-pr-executor-20260517/runs/20260523T142508Z/continuations/benchmark-canary-fuzzer-gap/run-exact-refresh-http-awareness-wait.sh session=rtc-benchmark-canary-feedback-refresh-20260523T145356Z,unknown,critical-path launch
2026-05-23T15:08:46Z,launch,continuation benchmark-canary-fuzzer-gap session=rtc-critical-continuation-benchmark-canary-fuzzer-gap-20260523T150843Z,benchmark-canary-fuzzer-gap,benchmark canary/exact-stack
2026-05-23T15:15:07Z,launch,benchmark feedback refresh command=/media/volume/danluu-fuzz-data/rtc-critical-path-pr-executor-20260517/runs/20260523T142508Z/continuations/benchmark-canary-fuzzer-gap/run-exact-refresh-http-awareness-wait.sh session=rtc-benchmark-canary-feedback-refresh-20260523T151507Z,unknown,critical-path launch
2026-05-23T15:37:02Z,launch,benchmark feedback refresh command=/media/volume/danluu-fuzz-data/rtc-critical-path-pr-executor-20260517/runs/20260523T150843Z/continuations/benchmark-canary-fuzzer-gap/run-exact-refresh-editor-bootstrap-wait.sh session=rtc-benchmark-canary-feedback-refresh-20260523T153702Z,unknown,critical-path launch
2026-05-23T15:46:53Z,launch,continuation benchmark-canary-fuzzer-gap session=rtc-critical-continuation-benchmark-canary-fuzzer-gap-20260523T154651Z,benchmark-canary-fuzzer-gap,benchmark canary/exact-stack
2026-05-23T15:55:11Z,launch,benchmark feedback refresh command=/media/volume/danluu-fuzz-data/rtc-critical-path-pr-executor-20260517/runs/20260523T150843Z/continuations/benchmark-canary-fuzzer-gap/run-exact-refresh-editor-bootstrap-wait.sh session=rtc-benchmark-canary-feedback-refresh-20260523T155511Z,unknown,critical-path launch
2026-05-23T16:11:33Z,launch,continuation benchmark-canary-fuzzer-gap session=rtc-critical-continuation-benchmark-canary-fuzzer-gap-20260523T161131Z,benchmark-canary-fuzzer-gap,benchmark canary/exact-stack
2026-05-23T16:15:54Z,launch,benchmark feedback refresh command=/media/volume/danluu-fuzz-data/rtc-critical-path-pr-executor-20260517/runs/20260523T150843Z/continuations/benchmark-canary-fuzzer-gap/run-exact-refresh-editor-bootstrap-wait.sh session=rtc-benchmark-canary-feedback-refresh-20260523T161554Z,unknown,critical-path launch
2026-05-23T16:38:02Z,launch,benchmark feedback refresh command=/media/volume/danluu-fuzz-data/rtc-critical-path-pr-executor-20260517/runs/20260523T150843Z/continuations/benchmark-canary-fuzzer-gap/run-exact-refresh-editor-bootstrap-wait.sh session=rtc-benchmark-canary-feedback-refresh-20260523T163802Z,unknown,critical-path launch
2026-05-23T16:49:58Z,launch,continuation benchmark-canary-fuzzer-gap session=rtc-critical-continuation-benchmark-canary-fuzzer-gap-20260523T164956Z,benchmark-canary-fuzzer-gap,benchmark canary/exact-stack
2026-05-23T16:56:07Z,launch,benchmark feedback refresh command=/media/volume/danluu-fuzz-data/rtc-critical-path-pr-executor-20260517/runs/20260523T150843Z/continuations/benchmark-canary-fuzzer-gap/run-exact-refresh-editor-bootstrap-wait.sh session=rtc-benchmark-canary-feedback-refresh-20260523T165606Z,unknown,critical-path launch
2026-05-23T17:06:37Z,launch,continuation benchmark-canary-fuzzer-gap session=rtc-critical-continuation-benchmark-canary-fuzzer-gap-20260523T170634Z,benchmark-canary-fuzzer-gap,benchmark canary/exact-stack
2026-05-23T17:18:26Z,launch,benchmark feedback refresh command=/media/volume/danluu-fuzz-data/rtc-critical-path-pr-executor-20260517/runs/20260523T150843Z/continuations/benchmark-canary-fuzzer-gap/run-exact-refresh-editor-bootstrap-wait.sh session=rtc-benchmark-canary-feedback-refresh-20260523T171826Z,unknown,critical-path launch
2026-05-23T17:28:47Z,launch,continuation benchmark-canary-fuzzer-gap session=rtc-critical-continuation-benchmark-canary-fuzzer-gap-20260523T172844Z,benchmark-canary-fuzzer-gap,benchmark canary/exact-stack
2026-05-23T17:37:12Z,launch,benchmark feedback refresh command=/media/volume/danluu-fuzz-data/rtc-critical-path-pr-executor-20260517/runs/20260523T150843Z/continuations/benchmark-canary-fuzzer-gap/run-exact-refresh-editor-bootstrap-wait.sh session=rtc-benchmark-canary-feedback-refresh-20260523T173712Z,unknown,critical-path launch
2026-05-23T17:47:51Z,launch,continuation benchmark-canary-fuzzer-gap session=rtc-critical-continuation-benchmark-canary-fuzzer-gap-20260523T174747Z,benchmark-canary-fuzzer-gap,benchmark canary/exact-stack
2026-05-23T18:04:43Z,launch,benchmark feedback refresh command=/media/volume/danluu-fuzz-data/rtc-critical-path-pr-executor-20260517/runs/20260523T150843Z/continuations/benchmark-canary-fuzzer-gap/run-exact-refresh-editor-bootstrap-wait.sh session=rtc-benchmark-canary-feedback-refresh-20260523T180443Z,unknown,critical-path launch
2026-05-23T18:08:38Z,launch,continuation benchmark-canary-fuzzer-gap session=rtc-critical-continuation-benchmark-canary-fuzzer-gap-20260523T180836Z,benchmark-canary-fuzzer-gap,benchmark canary/exact-stack
2026-05-23T18:24:43Z,operator_directive,deadline 2026-05-25T23:59:59-07:00: finalized working maintainer-reviewable RTC PR set; adjust PR/fuzz/control priorities accordingly,unknown,critical-path launch
2026-05-23T18:25:40Z,launch,continuation benchmark-canary-fuzzer-gap session=rtc-critical-continuation-benchmark-canary-fuzzer-gap-20260523T182537Z,benchmark-canary-fuzzer-gap,benchmark canary/exact-stack
2026-05-23T18:40:44Z,launch,benchmark feedback refresh command=/media/volume/danluu-fuzz-data/rtc-critical-path-pr-executor-20260517/runs/20260523T150843Z/continuations/benchmark-canary-fuzzer-gap/run-exact-refresh-editor-bootstrap-wait.sh session=rtc-benchmark-canary-feedback-refresh-20260523T184044Z,unknown,critical-path launch
2026-05-23T18:44:02Z,operator_directive_adopted,May 25 Pacific PR-finalization deadline adopted by control prompts,unknown,critical-path launch
2026-05-23T18:53:35Z,launch,continuation benchmark-canary-fuzzer-gap session=rtc-critical-continuation-benchmark-canary-fuzzer-gap-20260523T185332Z,benchmark-canary-fuzzer-gap,benchmark canary/exact-stack
2026-05-23T19:14:19Z,launch,benchmark feedback refresh command=/media/volume/danluu-fuzz-data/rtc-critical-path-pr-executor-20260517/runs/20260523T150843Z/continuations/benchmark-canary-fuzzer-gap/run-exact-refresh-editor-bootstrap-wait.sh session=rtc-benchmark-canary-feedback-refresh-20260523T191419Z,unknown,critical-path launch
2026-05-23T19:29:25Z,launch,continuation benchmark-canary-fuzzer-gap session=rtc-critical-continuation-benchmark-canary-fuzzer-gap-20260523T192922Z,benchmark-canary-fuzzer-gap,benchmark canary/exact-stack
2026-05-23T19:45:37Z,launch,continuation benchmark-canary-fuzzer-gap session=rtc-critical-continuation-benchmark-canary-fuzzer-gap-20260523T194535Z,benchmark-canary-fuzzer-gap,benchmark canary/exact-stack
2026-05-23T20:01:14Z,launch,continuation benchmark-canary-fuzzer-gap session=rtc-critical-continuation-benchmark-canary-fuzzer-gap-20260523T200112Z,benchmark-canary-fuzzer-gap,benchmark canary/exact-stack
2026-05-23T20:18:11Z,launch,continuation benchmark-canary-fuzzer-gap session=rtc-critical-continuation-benchmark-canary-fuzzer-gap-20260523T201809Z,benchmark-canary-fuzzer-gap,benchmark canary/exact-stack
2026-05-23T20:40:20Z,launch,continuation benchmark-canary-fuzzer-gap session=rtc-critical-continuation-benchmark-canary-fuzzer-gap-20260523T204017Z,benchmark-canary-fuzzer-gap,benchmark canary/exact-stack
2026-05-23T20:52:09Z,launch,continuation benchmark-canary-fuzzer-gap session=rtc-critical-continuation-benchmark-canary-fuzzer-gap-20260523T205207Z,benchmark-canary-fuzzer-gap,benchmark canary/exact-stack
2026-05-23T21:04:16Z,launch,continuation productive-analysis-action session=rtc-critical-continuation-productive-analysis-action-20260523T210414Z,productive-analysis-action,critical-path launch
2026-05-23T21:08:36Z,launch,continuation benchmark-canary-fuzzer-gap session=rtc-critical-continuation-benchmark-canary-fuzzer-gap-20260523T210834Z,benchmark-canary-fuzzer-gap,benchmark canary/exact-stack
2026-05-23T21:25:21Z,launch,continuation benchmark-canary-fuzzer-gap session=rtc-critical-continuation-benchmark-canary-fuzzer-gap-20260523T212519Z,benchmark-canary-fuzzer-gap,benchmark canary/exact-stack
2026-05-23T21:43:04Z,launch,continuation benchmark-canary-fuzzer-gap session=rtc-critical-continuation-benchmark-canary-fuzzer-gap-20260523T214302Z,benchmark-canary-fuzzer-gap,benchmark canary/exact-stack
2026-05-23T21:44:59Z,launch,continuation seed-5200005-reducer session=rtc-critical-continuation-seed-5200005-reducer-20260523T214457Z,seed-5200005-reducer,seed reducer/final-stack
2026-05-23T21:57:14Z,launch,benchmark feedback refresh command=/media/volume/danluu-fuzz-data/rtc-critical-path-pr-executor-20260517/runs/20260523T150843Z/continuations/benchmark-canary-fuzzer-gap/run-exact-refresh-editor-bootstrap-wait.sh session=rtc-benchmark-canary-feedback-refresh-20260523T215714Z,unknown,critical-path launch
2026-05-23T22:09:57Z,launch,benchmark feedback refresh command=/media/volume/danluu-fuzz-data/rtc-critical-path-pr-executor-20260517/runs/20260523T150843Z/continuations/benchmark-canary-fuzzer-gap/run-exact-refresh-editor-bootstrap-wait.sh session=rtc-benchmark-canary-feedback-refresh-20260523T220957Z,unknown,critical-path launch
2026-05-23T22:22:35Z,launch,benchmark feedback refresh command=/media/volume/danluu-fuzz-data/rtc-critical-path-pr-executor-20260517/runs/20260523T150843Z/continuations/benchmark-canary-fuzzer-gap/run-exact-refresh-editor-bootstrap-wait.sh session=rtc-benchmark-canary-feedback-refresh-20260523T222235Z,unknown,critical-path launch
2026-05-23T22:35:24Z,launch,continuation benchmark-canary-fuzzer-gap session=rtc-critical-continuation-benchmark-canary-fuzzer-gap-20260523T223522Z,benchmark-canary-fuzzer-gap,benchmark canary/exact-stack
2026-05-23T22:53:25Z,launch,continuation benchmark-canary-fuzzer-gap session=rtc-critical-continuation-benchmark-canary-fuzzer-gap-20260523T225323Z,benchmark-canary-fuzzer-gap,benchmark canary/exact-stack
2026-05-23T23:06:43Z,launch,benchmark feedback refresh command=/media/volume/danluu-fuzz-data/rtc-critical-path-pr-executor-20260517/runs/20260523T150843Z/continuations/benchmark-canary-fuzzer-gap/run-exact-refresh-editor-bootstrap-wait.sh session=rtc-benchmark-canary-feedback-refresh-20260523T230643Z,unknown,critical-path launch
2026-05-23T23:19:27Z,launch,continuation benchmark-canary-fuzzer-gap session=rtc-critical-continuation-benchmark-canary-fuzzer-gap-20260523T231925Z,benchmark-canary-fuzzer-gap,benchmark canary/exact-stack
2026-05-23T23:28:22Z,launch,benchmark feedback refresh command=/media/volume/danluu-fuzz-data/rtc-critical-path-pr-executor-20260517/runs/20260523T150843Z/continuations/benchmark-canary-fuzzer-gap/run-exact-refresh-editor-bootstrap-wait.sh session=rtc-benchmark-canary-feedback-refresh-20260523T232822Z,unknown,critical-path launch
2026-05-23T23:42:14Z,launch,continuation benchmark-canary-fuzzer-gap session=rtc-critical-continuation-benchmark-canary-fuzzer-gap-20260523T234212Z,benchmark-canary-fuzzer-gap,benchmark canary/exact-stack
2026-05-23T23:57:53Z,launch,continuation benchmark-canary-fuzzer-gap session=rtc-critical-continuation-benchmark-canary-fuzzer-gap-20260523T235749Z,benchmark-canary-fuzzer-gap,benchmark canary/exact-stack
2026-05-24T00:06:18Z,launch,benchmark feedback refresh command=/media/volume/danluu-fuzz-data/rtc-critical-path-pr-executor-20260517/runs/20260523T150843Z/continuations/benchmark-canary-fuzzer-gap/run-exact-refresh-editor-bootstrap-wait.sh session=rtc-benchmark-canary-feedback-refresh-20260524T000618Z,unknown,critical-path launch
2026-05-24T00:20:16Z,launch,continuation benchmark-canary-fuzzer-gap session=rtc-critical-continuation-benchmark-canary-fuzzer-gap-20260524T002014Z,benchmark-canary-fuzzer-gap,benchmark canary/exact-stack
2026-05-24T00:28:29Z,launch,benchmark feedback refresh command=/media/volume/danluu-fuzz-data/rtc-critical-path-pr-executor-20260517/runs/20260523T150843Z/continuations/benchmark-canary-fuzzer-gap/run-exact-refresh-editor-bootstrap-wait.sh session=rtc-benchmark-canary-feedback-refresh-20260524T002829Z,unknown,critical-path launch
2026-05-24T00:37:26Z,launch,continuation benchmark-canary-fuzzer-gap session=rtc-critical-continuation-benchmark-canary-fuzzer-gap-20260524T003724Z,benchmark-canary-fuzzer-gap,benchmark canary/exact-stack
2026-05-24T05:26:15Z,launch,benchmark feedback refresh command=/media/volume/danluu-fuzz-data/rtc-critical-path-pr-executor-20260517/runs/20260523T150843Z/continuations/benchmark-canary-fuzzer-gap/run-exact-refresh-editor-bootstrap-wait.sh session=rtc-benchmark-canary-feedback-refresh-20260524T052615Z,unknown,critical-path launch
2026-05-24T05:34:05Z,launch,benchmark feedback refresh command=/media/volume/danluu-fuzz-data/rtc-critical-path-pr-executor-20260517/runs/20260523T150843Z/continuations/benchmark-canary-fuzzer-gap/run-exact-refresh-editor-bootstrap-wait.sh session=rtc-benchmark-canary-feedback-refresh-20260524T053405Z,unknown,critical-path launch
2026-05-24T05:43:49Z,launch,continuation benchmark-canary-fuzzer-gap session=rtc-critical-continuation-benchmark-canary-fuzzer-gap-20260524T054347Z,benchmark-canary-fuzzer-gap,benchmark canary/exact-stack
2026-05-24T05:53:48Z,launch,benchmark feedback refresh command=/media/volume/danluu-fuzz-data/rtc-critical-path-pr-executor-20260517/runs/20260523T150843Z/continuations/benchmark-canary-fuzzer-gap/run-exact-refresh-editor-bootstrap-wait.sh session=rtc-benchmark-canary-feedback-refresh-20260524T055348Z,unknown,critical-path launch
2026-05-24T06:03:26Z,launch,continuation benchmark-canary-fuzzer-gap session=rtc-critical-continuation-benchmark-canary-fuzzer-gap-20260524T060324Z,benchmark-canary-fuzzer-gap,benchmark canary/exact-stack
2026-05-24T06:15:40Z,launch,benchmark feedback refresh command=/media/volume/danluu-fuzz-data/rtc-critical-path-pr-executor-20260517/runs/20260523T150843Z/continuations/benchmark-canary-fuzzer-gap/run-exact-refresh-editor-bootstrap-wait.sh session=rtc-benchmark-canary-feedback-refresh-20260524T061540Z,unknown,critical-path launch
2026-05-24T06:25:20Z,launch,continuation benchmark-canary-fuzzer-gap session=rtc-critical-continuation-benchmark-canary-fuzzer-gap-20260524T062518Z,benchmark-canary-fuzzer-gap,benchmark canary/exact-stack
2026-05-24T06:35:22Z,launch,benchmark feedback refresh command=/media/volume/danluu-fuzz-data/rtc-critical-path-pr-executor-20260517/runs/20260523T150843Z/continuations/benchmark-canary-fuzzer-gap/run-exact-refresh-editor-bootstrap-wait.sh session=rtc-benchmark-canary-feedback-refresh-20260524T063522Z,unknown,critical-path launch
2026-05-24T06:45:16Z,launch,continuation benchmark-canary-fuzzer-gap session=rtc-critical-continuation-benchmark-canary-fuzzer-gap-20260524T064514Z,benchmark-canary-fuzzer-gap,benchmark canary/exact-stack
2026-05-24T07:01:25Z,launch,continuation benchmark-canary-fuzzer-gap session=rtc-critical-continuation-benchmark-canary-fuzzer-gap-20260524T070122Z,benchmark-canary-fuzzer-gap,benchmark canary/exact-stack
2026-05-24T07:17:34Z,launch,continuation benchmark-canary-fuzzer-gap session=rtc-critical-continuation-benchmark-canary-fuzzer-gap-20260524T071733Z,benchmark-canary-fuzzer-gap,benchmark canary/exact-stack
2026-05-24T07:29:12Z,launch,continuation benchmark-canary-fuzzer-gap session=rtc-critical-continuation-benchmark-canary-fuzzer-gap-20260524T072910Z,benchmark-canary-fuzzer-gap,benchmark canary/exact-stack
2026-05-24T07:38:38Z,launch,continuation productive-analysis-action session=rtc-critical-continuation-productive-analysis-action-20260524T073833Z,productive-analysis-action,critical-path launch
2026-05-24T07:44:41Z,launch,continuation benchmark-canary-fuzzer-gap session=rtc-critical-continuation-benchmark-canary-fuzzer-gap-20260524T074437Z,benchmark-canary-fuzzer-gap,benchmark canary/exact-stack
2026-05-24T07:53:45Z,launch,benchmark feedback refresh command=/media/volume/danluu-fuzz-data/rtc-critical-path-pr-executor-20260517/runs/20260523T150843Z/continuations/benchmark-canary-fuzzer-gap/run-exact-refresh-editor-bootstrap-wait.sh session=rtc-benchmark-canary-feedback-refresh-20260524T075345Z,unknown,critical-path launch
2026-05-24T08:04:54Z,launch,continuation benchmark-canary-fuzzer-gap session=rtc-critical-continuation-benchmark-canary-fuzzer-gap-20260524T080452Z,benchmark-canary-fuzzer-gap,benchmark canary/exact-stack
2026-05-24T08:21:59Z,launch,continuation benchmark-canary-fuzzer-gap session=rtc-critical-continuation-benchmark-canary-fuzzer-gap-20260524T082158Z,benchmark-canary-fuzzer-gap,benchmark canary/exact-stack
2026-05-24T08:38:26Z,launch,benchmark feedback refresh command=/media/volume/danluu-fuzz-data/rtc-critical-path-pr-executor-20260517/runs/20260524T082158Z/continuations/benchmark-canary-fuzzer-gap/run-exact-refresh-pr07c-build-clean-20260524T0833Z.sh session=rtc-benchmark-canary-feedback-refresh-20260524T083826Z,unknown,critical-path launch
2026-05-24T08:43:23Z,launch,continuation benchmark-canary-fuzzer-gap session=rtc-critical-continuation-benchmark-canary-fuzzer-gap-20260524T084321Z,benchmark-canary-fuzzer-gap,benchmark canary/exact-stack
2026-05-24T08:54:56Z,launch,benchmark feedback refresh command=/media/volume/danluu-fuzz-data/rtc-critical-path-pr-executor-20260517/runs/20260524T084321Z/continuations/benchmark-canary-fuzzer-gap/run-exact-refresh-pr07c-build-clean-20260524T0849Z.sh session=rtc-benchmark-canary-feedback-refresh-20260524T085456Z,unknown,critical-path launch
2026-05-24T08:59:47Z,launch,continuation benchmark-canary-fuzzer-gap session=rtc-critical-continuation-benchmark-canary-fuzzer-gap-20260524T085945Z,benchmark-canary-fuzzer-gap,benchmark canary/exact-stack
2026-05-24T09:09:25Z,launch,benchmark feedback refresh command=/media/volume/danluu-fuzz-data/rtc-critical-path-pr-executor-20260517/runs/20260524T085945Z/continuations/benchmark-canary-fuzzer-gap/run-exact-refresh-pr07c-build-clean-20260524T0859Z.sh session=rtc-benchmark-canary-feedback-refresh-20260524T090925Z,unknown,critical-path launch
2026-05-24T09:17:01Z,launch,continuation benchmark-canary-fuzzer-gap session=rtc-critical-continuation-benchmark-canary-fuzzer-gap-20260524T091659Z,benchmark-canary-fuzzer-gap,benchmark canary/exact-stack
2026-05-24T09:31:28Z,launch,benchmark feedback refresh command=/media/volume/danluu-fuzz-data/rtc-critical-path-pr-executor-20260517/runs/20260524T091659Z/continuations/benchmark-canary-fuzzer-gap/run-exact-refresh-pr07c-build-clean-20260524T0916Z.sh session=rtc-benchmark-canary-feedback-refresh-20260524T093128Z,unknown,critical-path launch
2026-05-24T09:38:25Z,launch,benchmark feedback refresh command=/media/volume/danluu-fuzz-data/rtc-critical-path-pr-executor-20260517/runs/20260524T091659Z/continuations/benchmark-canary-fuzzer-gap/run-exact-refresh-pr07c-build-clean-20260524T0916Z.sh session=rtc-benchmark-canary-feedback-refresh-20260524T093825Z,unknown,critical-path launch
2026-05-24T09:54:15Z,launch,continuation benchmark-canary-fuzzer-gap session=rtc-critical-continuation-benchmark-canary-fuzzer-gap-20260524T095412Z,benchmark-canary-fuzzer-gap,benchmark canary/exact-stack
2026-05-24T10:02:27Z,launch,benchmark feedback refresh command=/media/volume/danluu-fuzz-data/rtc-critical-path-pr-executor-20260517/runs/20260524T095412Z/continuations/benchmark-canary-fuzzer-gap/run-exact-refresh-pr07c-build-clean-20260524T0954Z.sh session=rtc-benchmark-canary-feedback-refresh-20260524T100227Z,unknown,critical-path launch
2026-05-24T10:15:48Z,launch,continuation benchmark-canary-fuzzer-gap session=rtc-critical-continuation-benchmark-canary-fuzzer-gap-20260524T101546Z,benchmark-canary-fuzzer-gap,benchmark canary/exact-stack
2026-05-24T10:31:29Z,launch,benchmark feedback refresh command=/media/volume/danluu-fuzz-data/rtc-critical-path-pr-executor-20260517/runs/20260524T101546Z/continuations/benchmark-canary-fuzzer-gap/run-exact-refresh-pr07c-remaining-20260524T1015Z.sh session=rtc-benchmark-canary-feedback-refresh-20260524T103129Z,unknown,critical-path launch
2026-05-24T10:35:22Z,launch,continuation benchmark-canary-fuzzer-gap session=rtc-critical-continuation-benchmark-canary-fuzzer-gap-20260524T103520Z,benchmark-canary-fuzzer-gap,benchmark canary/exact-stack
2026-05-24T10:51:15Z,launch,continuation benchmark-canary-fuzzer-gap session=rtc-critical-continuation-benchmark-canary-fuzzer-gap-20260524T105112Z,benchmark-canary-fuzzer-gap,benchmark canary/exact-stack
2026-05-25T08:13:48Z,launch,continuation benchmark-canary-fuzzer-gap session=rtc-critical-continuation-benchmark-canary-fuzzer-gap-20260525T081346Z,benchmark-canary-fuzzer-gap,benchmark canary/exact-stack
2026-05-25T08:32:33Z,launch,continuation benchmark-canary-fuzzer-gap session=rtc-critical-continuation-benchmark-canary-fuzzer-gap-20260525T083231Z,benchmark-canary-fuzzer-gap,benchmark canary/exact-stack
2026-05-25T08:50:34Z,launch,continuation benchmark-canary-fuzzer-gap session=rtc-critical-continuation-benchmark-canary-fuzzer-gap-20260525T085032Z,benchmark-canary-fuzzer-gap,benchmark canary/exact-stack
2026-05-25T09:07:21Z,launch,continuation benchmark-canary-fuzzer-gap session=rtc-critical-continuation-benchmark-canary-fuzzer-gap-20260525T090719Z,benchmark-canary-fuzzer-gap,benchmark canary/exact-stack
2026-05-25T09:23:52Z,launch,continuation benchmark-canary-fuzzer-gap session=rtc-critical-continuation-benchmark-canary-fuzzer-gap-20260525T092350Z,benchmark-canary-fuzzer-gap,benchmark canary/exact-stack
2026-05-25T10:42:08Z,launch,continuation productive-analysis-action session=rtc-critical-continuation-productive-analysis-action-20260525T104206Z,productive-analysis-action,critical-path launch
2026-05-25T17:46:07Z,launch,continuation productive-analysis-action session=rtc-critical-continuation-productive-analysis-action-20260525T174605Z,productive-analysis-action,critical-path launch
2026-05-25T19:05:55Z,launch,continuation productive-analysis-action session=rtc-critical-continuation-productive-analysis-action-20260525T190553Z,productive-analysis-action,critical-path launch
2026-05-25T19:21:55Z,launch,continuation productive-analysis-action session=rtc-critical-continuation-productive-analysis-action-20260525T192153Z,productive-analysis-action,critical-path launch
2026-05-25T19:52:27Z,launch,continuation productive-analysis-action session=rtc-critical-continuation-productive-analysis-action-20260525T195223Z,productive-analysis-action,critical-path launch
2026-05-25T20:02:22Z,launch,continuation productive-analysis-action session=rtc-critical-continuation-productive-analysis-action-20260525T200219Z,productive-analysis-action,critical-path launch
2026-05-25T20:12:51Z,launch,continuation productive-analysis-action session=rtc-critical-continuation-productive-analysis-action-20260525T201249Z,productive-analysis-action,critical-path launch
2026-05-25T20:33:11Z,launch,continuation productive-analysis-action session=rtc-critical-continuation-productive-analysis-action-20260525T203309Z,productive-analysis-action,critical-path launch
2026-05-25T20:43:17Z,launch,continuation productive-analysis-action session=rtc-critical-continuation-productive-analysis-action-20260525T204315Z,productive-analysis-action,critical-path launch
2026-05-25T20:53:07Z,launch,continuation productive-analysis-action session=rtc-critical-continuation-productive-analysis-action-20260525T205305Z,productive-analysis-action,critical-path launch
2026-05-25T21:02:50Z,launch,continuation productive-analysis-action session=rtc-critical-continuation-productive-analysis-action-20260525T210246Z,productive-analysis-action,critical-path launch
2026-05-25T21:13:02Z,launch,continuation productive-analysis-action session=rtc-critical-continuation-productive-analysis-action-20260525T211300Z,productive-analysis-action,critical-path launch
2026-05-25T21:25:05Z,launch,continuation productive-analysis-action session=rtc-critical-continuation-productive-analysis-action-20260525T212503Z,productive-analysis-action,critical-path launch
2026-05-25T21:55:09Z,launch,continuation productive-analysis-action session=rtc-critical-continuation-productive-analysis-action-20260525T215507Z,productive-analysis-action,critical-path launch
2026-05-25T22:03:01Z,launch,continuation productive-analysis-action session=rtc-critical-continuation-productive-analysis-action-20260525T220259Z,productive-analysis-action,critical-path launch
2026-05-25T22:12:48Z,launch,continuation productive-analysis-action session=rtc-critical-continuation-productive-analysis-action-20260525T221246Z,productive-analysis-action,critical-path launch
2026-05-25T22:24:44Z,launch,continuation productive-analysis-action session=rtc-critical-continuation-productive-analysis-action-20260525T222442Z,productive-analysis-action,critical-path launch
2026-05-25T22:34:41Z,launch,continuation productive-analysis-action session=rtc-critical-continuation-productive-analysis-action-20260525T223439Z,productive-analysis-action,critical-path launch
2026-05-25T22:42:44Z,launch,continuation productive-analysis-action session=rtc-critical-continuation-productive-analysis-action-20260525T224242Z,productive-analysis-action,critical-path launch
2026-05-25T23:04:24Z,launch,continuation productive-analysis-action session=rtc-critical-continuation-productive-analysis-action-20260525T230423Z,productive-analysis-action,critical-path launch
2026-05-25T23:12:21Z,launch,continuation productive-analysis-action session=rtc-critical-continuation-productive-analysis-action-20260525T231217Z,productive-analysis-action,critical-path launch
2026-05-25T23:14:22Z,launch,continuation reload-hydration session=rtc-critical-continuation-reload-hydration-20260525T231419Z,reload-hydration,deferred-family validation
2026-05-25T23:28:52Z,launch,continuation productive-analysis-action session=rtc-critical-continuation-productive-analysis-action-20260525T232850Z,productive-analysis-action,critical-path launch
2026-05-25T23:33:26Z,launch,continuation reload-hydration-followup session=rtc-critical-continuation-reload-hydration-followup-20260525T233323Z,reload-hydration-followup,deferred-family validation
2026-05-25T23:38:04Z,launch,continuation productive-analysis-action session=rtc-critical-continuation-productive-analysis-action-20260525T233800Z,productive-analysis-action,critical-path launch
2026-05-25T23:45:10Z,launch,continuation productive-analysis-action session=rtc-critical-continuation-productive-analysis-action-20260525T234506Z,productive-analysis-action,critical-path launch
2026-05-25T23:53:25Z,launch,continuation productive-analysis-action session=rtc-critical-continuation-productive-analysis-action-20260525T235323Z,productive-analysis-action,critical-path launch
2026-05-26T00:03:49Z,launch,continuation productive-analysis-action session=rtc-critical-continuation-productive-analysis-action-20260526T000347Z,productive-analysis-action,critical-path launch
2026-05-26T00:14:00Z,launch,continuation productive-analysis-action session=rtc-critical-continuation-productive-analysis-action-20260526T001358Z,productive-analysis-action,critical-path launch
2026-05-26T00:22:24Z,launch,continuation productive-analysis-action session=rtc-critical-continuation-productive-analysis-action-20260526T002222Z,productive-analysis-action,critical-path launch
2026-05-26T00:32:48Z,launch,continuation productive-analysis-action session=rtc-critical-continuation-productive-analysis-action-20260526T003246Z,productive-analysis-action,critical-path launch
2026-05-26T00:43:04Z,launch,continuation productive-analysis-action session=rtc-critical-continuation-productive-analysis-action-20260526T004302Z,productive-analysis-action,critical-path launch
2026-05-26T00:53:14Z,launch,continuation productive-analysis-action session=rtc-critical-continuation-productive-analysis-action-20260526T005311Z,productive-analysis-action,critical-path launch
2026-05-26T01:03:33Z,launch,continuation productive-analysis-action session=rtc-critical-continuation-productive-analysis-action-20260526T010331Z,productive-analysis-action,critical-path launch
2026-05-26T01:14:13Z,launch,continuation productive-analysis-action session=rtc-critical-continuation-productive-analysis-action-20260526T011411Z,productive-analysis-action,critical-path launch
2026-05-26T01:22:32Z,launch,continuation productive-analysis-action session=rtc-critical-continuation-productive-analysis-action-20260526T012230Z,productive-analysis-action,critical-path launch
2026-05-26T01:32:44Z,launch,continuation productive-analysis-action session=rtc-critical-continuation-productive-analysis-action-20260526T013242Z,productive-analysis-action,critical-path launch
2026-05-26T01:43:10Z,launch,continuation productive-analysis-action session=rtc-critical-continuation-productive-analysis-action-20260526T014308Z,productive-analysis-action,critical-path launch
2026-05-26T01:54:20Z,launch,continuation productive-analysis-action session=rtc-critical-continuation-productive-analysis-action-20260526T015417Z,productive-analysis-action,critical-path launch
2026-05-26T01:57:46Z,launch,continuation reload-hydration-repair session=rtc-critical-continuation-reload-hydration-repair-20260526T015741Z,reload-hydration-repair,deferred-family validation
2026-05-26T02:04:22Z,launch,continuation productive-analysis-action session=rtc-critical-continuation-productive-analysis-action-20260526T020417Z,productive-analysis-action,critical-path launch
2026-05-26T02:12:59Z,launch,continuation productive-analysis-action session=rtc-critical-continuation-productive-analysis-action-20260526T021258Z,productive-analysis-action,critical-path launch
2026-05-26T02:23:46Z,launch,continuation productive-analysis-action session=rtc-critical-continuation-productive-analysis-action-20260526T022344Z,productive-analysis-action,critical-path launch
2026-05-26T02:32:39Z,launch,continuation productive-analysis-action session=rtc-critical-continuation-productive-analysis-action-20260526T023237Z,productive-analysis-action,critical-path launch
2026-05-26T03:05:50Z,launch,continuation productive-analysis-action session=rtc-critical-continuation-productive-analysis-action-20260526T030548Z,productive-analysis-action,critical-path launch
2026-05-26T03:12:41Z,launch,continuation productive-analysis-action session=rtc-critical-continuation-productive-analysis-action-20260526T031239Z,productive-analysis-action,critical-path launch
2026-05-26T03:24:01Z,launch,continuation productive-analysis-action session=rtc-critical-continuation-productive-analysis-action-20260526T032359Z,productive-analysis-action,critical-path launch
2026-05-26T03:44:20Z,launch,continuation productive-analysis-action session=rtc-critical-continuation-productive-analysis-action-20260526T034419Z,productive-analysis-action,critical-path launch
2026-05-26T03:53:08Z,launch,continuation productive-analysis-action session=rtc-critical-continuation-productive-analysis-action-20260526T035306Z,productive-analysis-action,critical-path launch
2026-05-26T04:04:03Z,launch,continuation productive-analysis-action session=rtc-critical-continuation-productive-analysis-action-20260526T040402Z,productive-analysis-action,critical-path launch
2026-05-26T04:12:44Z,launch,continuation productive-analysis-action session=rtc-critical-continuation-productive-analysis-action-20260526T041242Z,productive-analysis-action,critical-path launch
2026-05-26T04:24:00Z,launch,continuation productive-analysis-action session=rtc-critical-continuation-productive-analysis-action-20260526T042358Z,productive-analysis-action,critical-path launch
2026-05-26T04:32:51Z,launch,continuation productive-analysis-action session=rtc-critical-continuation-productive-analysis-action-20260526T043249Z,productive-analysis-action,critical-path launch
2026-05-26T04:44:13Z,launch,continuation productive-analysis-action session=rtc-critical-continuation-productive-analysis-action-20260526T044411Z,productive-analysis-action,critical-path launch
2026-05-26T04:52:42Z,launch,continuation productive-analysis-action session=rtc-critical-continuation-productive-analysis-action-20260526T045240Z,productive-analysis-action,critical-path launch
2026-05-26T05:12:57Z,launch,continuation productive-analysis-action session=rtc-critical-continuation-productive-analysis-action-20260526T051255Z,productive-analysis-action,critical-path launch
2026-05-26T05:33:02Z,launch,continuation productive-analysis-action session=rtc-critical-continuation-productive-analysis-action-20260526T053300Z,productive-analysis-action,critical-path launch
2026-05-26T05:53:03Z,launch,continuation productive-analysis-action session=rtc-critical-continuation-productive-analysis-action-20260526T055301Z,productive-analysis-action,critical-path launch
2026-05-26T06:13:01Z,launch,continuation productive-analysis-action session=rtc-critical-continuation-productive-analysis-action-20260526T061300Z,productive-analysis-action,critical-path launch
2026-05-26T06:33:15Z,launch,continuation productive-analysis-action session=rtc-critical-continuation-productive-analysis-action-20260526T063313Z,productive-analysis-action,critical-path launch
2026-05-26T06:56:51Z,launch,continuation productive-analysis-action session=rtc-critical-continuation-productive-analysis-action-20260526T065650Z,productive-analysis-action,critical-path launch
2026-05-26T07:05:42Z,launch,continuation productive-analysis-action session=rtc-critical-continuation-productive-analysis-action-20260526T070540Z,productive-analysis-action,critical-path launch
2026-05-26T07:25:09Z,launch,continuation productive-analysis-action session=rtc-critical-continuation-productive-analysis-action-20260526T072507Z,productive-analysis-action,critical-path launch
2026-05-26T07:33:23Z,launch,continuation productive-analysis-action session=rtc-critical-continuation-productive-analysis-action-20260526T073321Z,productive-analysis-action,critical-path launch
2026-05-26T07:43:57Z,launch,continuation productive-analysis-action session=rtc-critical-continuation-productive-analysis-action-20260526T074356Z,productive-analysis-action,critical-path launch
2026-05-26T07:54:23Z,launch,continuation productive-analysis-action session=rtc-critical-continuation-productive-analysis-action-20260526T075421Z,productive-analysis-action,critical-path launch
2026-05-26T08:04:53Z,launch,continuation productive-analysis-action session=rtc-critical-continuation-productive-analysis-action-20260526T080451Z,productive-analysis-action,critical-path launch
2026-05-26T08:33:55Z,launch,continuation productive-analysis-action session=rtc-critical-continuation-productive-analysis-action-20260526T083353Z,productive-analysis-action,critical-path launch
2026-05-26T08:43:21Z,launch,continuation productive-analysis-action session=rtc-critical-continuation-productive-analysis-action-20260526T084319Z,productive-analysis-action,critical-path launch
2026-05-26T08:57:50Z,launch,continuation productive-analysis-action session=rtc-critical-continuation-productive-analysis-action-20260526T085749Z,productive-analysis-action,critical-path launch
2026-05-26T09:14:27Z,launch,continuation productive-analysis-action session=rtc-critical-continuation-productive-analysis-action-20260526T091425Z,productive-analysis-action,critical-path launch
2026-05-26T09:33:01Z,launch,continuation productive-analysis-action session=rtc-critical-continuation-productive-analysis-action-20260526T093300Z,productive-analysis-action,critical-path launch
2026-05-26T09:53:34Z,launch,continuation productive-analysis-action session=rtc-critical-continuation-productive-analysis-action-20260526T095332Z,productive-analysis-action,critical-path launch
2026-05-26T10:14:21Z,launch,continuation productive-analysis-action session=rtc-critical-continuation-productive-analysis-action-20260526T101419Z,productive-analysis-action,critical-path launch
2026-05-26T10:34:50Z,launch,continuation productive-analysis-action session=rtc-critical-continuation-productive-analysis-action-20260526T103448Z,productive-analysis-action,critical-path launch
2026-05-26T10:53:35Z,launch,continuation productive-analysis-action session=rtc-critical-continuation-productive-analysis-action-20260526T105333Z,productive-analysis-action,critical-path launch
2026-05-26T11:14:31Z,launch,continuation productive-analysis-action session=rtc-critical-continuation-productive-analysis-action-20260526T111429Z,productive-analysis-action,critical-path launch
2026-05-26T11:24:59Z,launch,continuation productive-analysis-action session=rtc-critical-continuation-productive-analysis-action-20260526T112457Z,productive-analysis-action,critical-path launch
2026-05-26T11:33:15Z,launch,continuation productive-analysis-action session=rtc-critical-continuation-productive-analysis-action-20260526T113313Z,productive-analysis-action,critical-path launch
2026-05-26T11:45:38Z,launch,continuation productive-analysis-action session=rtc-critical-continuation-productive-analysis-action-20260526T114536Z,productive-analysis-action,critical-path launch
2026-05-26T11:58:01Z,launch,continuation productive-analysis-action session=rtc-critical-continuation-productive-analysis-action-20260526T115759Z,productive-analysis-action,critical-path launch
2026-05-26T12:06:17Z,launch,continuation productive-analysis-action session=rtc-critical-continuation-productive-analysis-action-20260526T120615Z,productive-analysis-action,critical-path launch
2026-05-26T12:14:32Z,launch,continuation productive-analysis-action session=rtc-critical-continuation-productive-analysis-action-20260526T121431Z,productive-analysis-action,critical-path launch
2026-05-26T12:24:39Z,launch,continuation productive-analysis-action session=rtc-critical-continuation-productive-analysis-action-20260526T122438Z,productive-analysis-action,critical-path launch
2026-05-26T12:35:01Z,launch,continuation productive-analysis-action session=rtc-critical-continuation-productive-analysis-action-20260526T123500Z,productive-analysis-action,critical-path launch
2026-05-26T12:45:10Z,launch,continuation productive-analysis-action session=rtc-critical-continuation-productive-analysis-action-20260526T124508Z,productive-analysis-action,critical-path launch
2026-05-26T12:59:39Z,launch,continuation productive-analysis-action session=rtc-critical-continuation-productive-analysis-action-20260526T125937Z,productive-analysis-action,critical-path launch
2026-05-26T13:05:54Z,launch,continuation productive-analysis-action session=rtc-critical-continuation-productive-analysis-action-20260526T130553Z,productive-analysis-action,critical-path launch
2026-05-26T13:16:16Z,launch,continuation productive-analysis-action session=rtc-critical-continuation-productive-analysis-action-20260526T131615Z,productive-analysis-action,critical-path launch
2026-05-26T13:24:30Z,launch,continuation productive-analysis-action session=rtc-critical-continuation-productive-analysis-action-20260526T132429Z,productive-analysis-action,critical-path launch
2026-05-26T13:40:58Z,launch,continuation productive-analysis-action session=rtc-critical-continuation-productive-analysis-action-20260526T134056Z,productive-analysis-action,critical-path launch
2026-05-26T14:01:42Z,launch,continuation productive-analysis-action session=rtc-critical-continuation-productive-analysis-action-20260526T140140Z,productive-analysis-action,critical-path launch
2026-05-26T14:14:11Z,launch,continuation productive-analysis-action session=rtc-critical-continuation-productive-analysis-action-20260526T141409Z,productive-analysis-action,critical-path launch
2026-05-26T16:20:38Z,launch,continuation productive-analysis-action session=rtc-critical-continuation-productive-analysis-action-20260526T162037Z,productive-analysis-action,critical-path launch
2026-05-26T16:26:51Z,launch,continuation pa-exact-benchmark-canary-large-post-save-fault-publish-stall-seed-1140001 session=rtc-critical-continuation-pa-exact-benchmark-canary-large-post-save-fault--20260526T162649Z,pa-exact-benchmark-canary-large-post-save-fault-publish-stall-seed-1140001,benchmark canary/exact-stack
2026-05-26T16:26:53Z,launch,continuation pa-exact-benchmark-canary-table-stale-snapshot-reload-convergence-timeout-seed-1180017 session=rtc-critical-continuation-pa-exact-benchmark-canary-table-stale-snapshot-r-20260526T162651Z,pa-exact-benchmark-canary-table-stale-snapshot-reload-convergence-timeout-seed-1180017,benchmark canary/exact-stack
2026-05-26T16:36:20Z,launch,continuation pa-exact-benchmark-canary-large-post-save-fault-publish-stall-seed-1140001 session=rtc-critical-continuation-pa-exact-benchmark-canary-large-post-save-fault--20260526T163618Z,pa-exact-benchmark-canary-large-post-save-fault-publish-stall-seed-1140001,benchmark canary/exact-stack
2026-05-26T16:36:22Z,launch,continuation pa-exact-benchmark-canary-table-stale-snapshot-reload-convergence-timeout-seed-1180017 session=rtc-critical-continuation-pa-exact-benchmark-canary-table-stale-snapshot-r-20260526T163620Z,pa-exact-benchmark-canary-table-stale-snapshot-reload-convergence-timeout-seed-1180017,benchmark canary/exact-stack
2026-05-26T16:41:11Z,launch,continuation pa-exact-benchmark-canary-large-post-save-fault-publish-stall-seed-1140001 session=rtc-critical-continuation-pa-exact-benchmark-canary-large-post-save-fault--20260526T164108Z,pa-exact-benchmark-canary-large-post-save-fault-publish-stall-seed-1140001,benchmark canary/exact-stack
2026-05-26T16:41:12Z,launch,continuation pa-exact-benchmark-canary-table-stale-snapshot-reload-convergence-timeout-seed-1180017 session=rtc-critical-continuation-pa-exact-benchmark-canary-table-stale-snapshot-r-20260526T164111Z,pa-exact-benchmark-canary-table-stale-snapshot-reload-convergence-timeout-seed-1180017,benchmark canary/exact-stack
2026-05-26T16:54:35Z,launch,continuation productive-analysis-action session=rtc-critical-continuation-productive-analysis-action-20260526T165433Z,productive-analysis-action,critical-path launch
2026-05-26T16:56:32Z,launch,continuation pa-exact-benchmark-canary-large-post-save-fault-publish-stall-seed-1140001 session=rtc-critical-continuation-pa-exact-benchmark-canary-large-post-save-fault--20260526T165631Z,pa-exact-benchmark-canary-large-post-save-fault-publish-stall-seed-1140001,benchmark canary/exact-stack
2026-05-26T16:56:34Z,launch,continuation pa-exact-benchmark-canary-table-stale-snapshot-reload-convergence-timeout-seed-1180017 session=rtc-critical-continuation-pa-exact-benchmark-canary-table-stale-snapshot-r-20260526T165633Z,pa-exact-benchmark-canary-table-stale-snapshot-reload-convergence-timeout-seed-1180017,benchmark canary/exact-stack
2026-05-26T17:13:28Z,launch,continuation pa-exact-benchmark-canary-large-post-save-fault-publish-stall-seed-1140001 session=rtc-critical-continuation-pa-exact-benchmark-canary-large-post-save-fault--20260526T171327Z,pa-exact-benchmark-canary-large-post-save-fault-publish-stall-seed-1140001,benchmark canary/exact-stack
2026-05-26T17:13:30Z,launch,continuation pa-exact-benchmark-canary-table-stale-snapshot-reload-convergence-timeout-seed-1180017 session=rtc-critical-continuation-pa-exact-benchmark-canary-table-stale-snapshot-r-20260526T171329Z,pa-exact-benchmark-canary-table-stale-snapshot-reload-convergence-timeout-seed-1180017,benchmark canary/exact-stack
2026-05-26T17:20:02Z,launch,continuation productive-analysis-action session=rtc-critical-continuation-productive-analysis-action-20260526T172000Z,productive-analysis-action,critical-path launch
2026-05-26T17:28:20Z,launch,continuation productive-analysis-action session=rtc-critical-continuation-productive-analysis-action-20260526T172818Z,productive-analysis-action,critical-path launch
2026-05-26T17:30:14Z,launch,continuation pa-exact-benchmark-canary-large-post-save-fault-publish-stall-seed-1140001 session=rtc-critical-continuation-pa-exact-benchmark-canary-large-post-save-fault--20260526T173012Z,pa-exact-benchmark-canary-large-post-save-fault-publish-stall-seed-1140001,benchmark canary/exact-stack
2026-05-26T17:30:16Z,launch,continuation pa-exact-benchmark-canary-table-stale-snapshot-reload-convergence-timeout-seed-1180017 session=rtc-critical-continuation-pa-exact-benchmark-canary-table-stale-snapshot-r-20260526T173014Z,pa-exact-benchmark-canary-table-stale-snapshot-reload-convergence-timeout-seed-1180017,benchmark canary/exact-stack
2026-05-26T17:36:49Z,launch,continuation productive-analysis-action session=rtc-critical-continuation-productive-analysis-action-20260526T173647Z,productive-analysis-action,critical-path launch
2026-05-26T17:45:11Z,launch,continuation productive-analysis-action session=rtc-critical-continuation-productive-analysis-action-20260526T174510Z,productive-analysis-action,critical-path launch
2026-05-26T17:47:09Z,launch,continuation pa-exact-benchmark-canary-large-post-save-fault-publish-stall-seed-1140001 session=rtc-critical-continuation-pa-exact-benchmark-canary-large-post-save-fault--20260526T174707Z,pa-exact-benchmark-canary-large-post-save-fault-publish-stall-seed-1140001,benchmark canary/exact-stack
2026-05-26T17:47:11Z,launch,continuation pa-exact-benchmark-canary-table-stale-snapshot-reload-convergence-timeout-seed-1180017 session=rtc-critical-continuation-pa-exact-benchmark-canary-table-stale-snapshot-r-20260526T174709Z,pa-exact-benchmark-canary-table-stale-snapshot-reload-convergence-timeout-seed-1180017,benchmark canary/exact-stack
2026-05-26T17:53:48Z,launch,continuation productive-analysis-action session=rtc-critical-continuation-productive-analysis-action-20260526T175346Z,productive-analysis-action,critical-path launch
2026-05-26T18:04:02Z,launch,continuation pa-exact-benchmark-canary-large-post-save-fault-publish-stall-seed-1140001 session=rtc-critical-continuation-pa-exact-benchmark-canary-large-post-save-fault--20260526T180400Z,pa-exact-benchmark-canary-large-post-save-fault-publish-stall-seed-1140001,benchmark canary/exact-stack
2026-05-26T18:04:04Z,launch,continuation pa-exact-benchmark-canary-table-stale-snapshot-reload-convergence-timeout-seed-1180017 session=rtc-critical-continuation-pa-exact-benchmark-canary-table-stale-snapshot-r-20260526T180402Z,pa-exact-benchmark-canary-table-stale-snapshot-reload-convergence-timeout-seed-1180017,benchmark canary/exact-stack
2026-05-26T18:14:32Z,launch,continuation productive-analysis-action session=rtc-critical-continuation-productive-analysis-action-20260526T181430Z,productive-analysis-action,critical-path launch
2026-05-26T18:20:45Z,launch,continuation pa-exact-benchmark-canary-large-post-save-fault-publish-stall-seed-1140001 session=rtc-critical-continuation-pa-exact-benchmark-canary-large-post-save-fault--20260526T182043Z,pa-exact-benchmark-canary-large-post-save-fault-publish-stall-seed-1140001,benchmark canary/exact-stack
2026-05-26T18:20:47Z,launch,continuation pa-exact-benchmark-canary-table-stale-snapshot-reload-convergence-timeout-seed-1180017 session=rtc-critical-continuation-pa-exact-benchmark-canary-table-stale-snapshot-r-20260526T182045Z,pa-exact-benchmark-canary-table-stale-snapshot-reload-convergence-timeout-seed-1180017,benchmark canary/exact-stack
2026-05-26T18:35:42Z,launch,continuation productive-analysis-action session=rtc-critical-continuation-productive-analysis-action-20260526T183540Z,productive-analysis-action,critical-path launch
2026-05-26T18:37:35Z,launch,continuation pa-exact-benchmark-canary-large-post-save-fault-publish-stall-seed-1140001 session=rtc-critical-continuation-pa-exact-benchmark-canary-large-post-save-fault--20260526T183734Z,pa-exact-benchmark-canary-large-post-save-fault-publish-stall-seed-1140001,benchmark canary/exact-stack
2026-05-26T18:37:37Z,launch,continuation pa-exact-benchmark-canary-table-stale-snapshot-reload-convergence-timeout-seed-1180017 session=rtc-critical-continuation-pa-exact-benchmark-canary-table-stale-snapshot-r-20260526T183736Z,pa-exact-benchmark-canary-table-stale-snapshot-reload-convergence-timeout-seed-1180017,benchmark canary/exact-stack
2026-05-26T18:54:28Z,launch,continuation pa-exact-benchmark-canary-large-post-save-fault-publish-stall-seed-1140001 session=rtc-critical-continuation-pa-exact-benchmark-canary-large-post-save-fault--20260526T185426Z,pa-exact-benchmark-canary-large-post-save-fault-publish-stall-seed-1140001,benchmark canary/exact-stack
2026-05-26T18:54:30Z,launch,continuation pa-exact-benchmark-canary-table-stale-snapshot-reload-convergence-timeout-seed-1180017 session=rtc-critical-continuation-pa-exact-benchmark-canary-table-stale-snapshot-r-20260526T185428Z,pa-exact-benchmark-canary-table-stale-snapshot-reload-convergence-timeout-seed-1180017,benchmark canary/exact-stack
2026-05-26T18:58:41Z,launch,continuation productive-analysis-action session=rtc-critical-continuation-productive-analysis-action-20260526T185839Z,productive-analysis-action,critical-path launch
2026-05-26T19:04:32Z,launch,continuation productive-analysis-action session=rtc-critical-continuation-productive-analysis-action-20260526T190431Z,productive-analysis-action,critical-path launch
2026-05-26T19:10:18Z,launch,continuation pa-exact-benchmark-canary-large-post-save-fault-publish-stall-seed-1140001 session=rtc-critical-continuation-pa-exact-benchmark-canary-large-post-save-fault--20260526T191017Z,pa-exact-benchmark-canary-large-post-save-fault-publish-stall-seed-1140001,benchmark canary/exact-stack
2026-05-26T19:10:20Z,launch,continuation pa-exact-benchmark-canary-table-stale-snapshot-reload-convergence-timeout-seed-1180017 session=rtc-critical-continuation-pa-exact-benchmark-canary-table-stale-snapshot-r-20260526T191019Z,pa-exact-benchmark-canary-table-stale-snapshot-reload-convergence-timeout-seed-1180017,benchmark canary/exact-stack
2026-05-26T19:14:27Z,launch,continuation productive-analysis-action session=rtc-critical-continuation-productive-analysis-action-20260526T191425Z,productive-analysis-action,critical-path launch
2026-05-26T19:23:56Z,launch,continuation productive-analysis-action session=rtc-critical-continuation-productive-analysis-action-20260526T192355Z,productive-analysis-action,critical-path launch
2026-05-26T19:35:36Z,launch,continuation productive-analysis-action session=rtc-critical-continuation-productive-analysis-action-20260526T193535Z,productive-analysis-action,critical-path launch
2026-05-26T19:55:01Z,launch,continuation productive-analysis-action session=rtc-critical-continuation-productive-analysis-action-20260526T195459Z,productive-analysis-action,critical-path launch
2026-05-26T20:04:52Z,launch,continuation productive-analysis-action session=rtc-critical-continuation-productive-analysis-action-20260526T200450Z,productive-analysis-action,critical-path launch
2026-05-26T20:14:37Z,launch,continuation productive-analysis-action session=rtc-critical-continuation-productive-analysis-action-20260526T201435Z,productive-analysis-action,critical-path launch
2026-05-26T20:24:22Z,launch,continuation productive-analysis-action session=rtc-critical-continuation-productive-analysis-action-20260526T202420Z,productive-analysis-action,critical-path launch
2026-05-26T20:33:58Z,launch,continuation productive-analysis-action session=rtc-critical-continuation-productive-analysis-action-20260526T203356Z,productive-analysis-action,critical-path launch
2026-05-26T20:35:45Z,launch,continuation pa-exact-benchmark-canary-large-post-save-fault-publish-stall-seed-1140001 session=rtc-critical-continuation-pa-exact-benchmark-canary-large-post-save-fault--20260526T203544Z,pa-exact-benchmark-canary-large-post-save-fault-publish-stall-seed-1140001,benchmark canary/exact-stack
2026-05-26T20:35:47Z,launch,continuation pa-exact-benchmark-canary-table-stale-snapshot-reload-convergence-timeout-seed-1180017 session=rtc-critical-continuation-pa-exact-benchmark-canary-table-stale-snapshot-r-20260526T203545Z,pa-exact-benchmark-canary-table-stale-snapshot-reload-convergence-timeout-seed-1180017,benchmark canary/exact-stack
2026-05-26T20:43:56Z,launch,continuation productive-analysis-action session=rtc-critical-continuation-productive-analysis-action-20260526T204354Z,productive-analysis-action,critical-path launch
2026-05-26T20:51:39Z,launch,continuation pa-exact-benchmark-canary-large-post-save-fault-publish-stall-seed-1140001 session=rtc-critical-continuation-pa-exact-benchmark-canary-large-post-save-fault--20260526T205137Z,pa-exact-benchmark-canary-large-post-save-fault-publish-stall-seed-1140001,benchmark canary/exact-stack
2026-05-26T20:51:41Z,launch,continuation pa-exact-benchmark-canary-table-stale-snapshot-reload-convergence-timeout-seed-1180017 session=rtc-critical-continuation-pa-exact-benchmark-canary-table-stale-snapshot-r-20260526T205139Z,pa-exact-benchmark-canary-table-stale-snapshot-reload-convergence-timeout-seed-1180017,benchmark canary/exact-stack
2026-05-26T20:57:49Z,launch,continuation productive-analysis-action session=rtc-critical-continuation-productive-analysis-action-20260526T205747Z,productive-analysis-action,critical-path launch
2026-05-26T21:05:26Z,launch,continuation productive-analysis-action session=rtc-critical-continuation-productive-analysis-action-20260526T210524Z,productive-analysis-action,critical-path launch
2026-05-26T21:07:11Z,launch,continuation pa-exact-benchmark-canary-large-post-save-fault-publish-stall-seed-1140001 session=rtc-critical-continuation-pa-exact-benchmark-canary-large-post-save-fault--20260526T210708Z,pa-exact-benchmark-canary-large-post-save-fault-publish-stall-seed-1140001,benchmark canary/exact-stack
2026-05-26T21:07:13Z,launch,continuation pa-exact-benchmark-canary-table-stale-snapshot-reload-convergence-timeout-seed-1180017 session=rtc-critical-continuation-pa-exact-benchmark-canary-table-stale-snapshot-r-20260526T210711Z,pa-exact-benchmark-canary-table-stale-snapshot-reload-convergence-timeout-seed-1180017,benchmark canary/exact-stack
2026-05-26T21:22:28Z,launch,continuation pa-exact-benchmark-canary-large-post-save-fault-publish-stall-seed-1140001 session=rtc-critical-continuation-pa-exact-benchmark-canary-large-post-save-fault--20260526T212227Z,pa-exact-benchmark-canary-large-post-save-fault-publish-stall-seed-1140001,benchmark canary/exact-stack
2026-05-26T21:24:24Z,launch,continuation pa-exact-benchmark-canary-table-stale-snapshot-reload-convergence-timeout-seed-1180017 session=rtc-critical-continuation-pa-exact-benchmark-canary-table-stale-snapshot-r-20260526T212422Z,pa-exact-benchmark-canary-table-stale-snapshot-reload-convergence-timeout-seed-1180017,benchmark canary/exact-stack
2026-05-26T21:30:25Z,launch,continuation productive-analysis-action session=rtc-critical-continuation-productive-analysis-action-20260526T213023Z,productive-analysis-action,critical-path launch
2026-05-26T21:36:14Z,launch,continuation productive-analysis-action session=rtc-critical-continuation-productive-analysis-action-20260526T213612Z,productive-analysis-action,critical-path launch
2026-05-26T21:38:02Z,launch,continuation pa-exact-benchmark-canary-large-post-save-fault-publish-stall-seed-1140001 session=rtc-critical-continuation-pa-exact-benchmark-canary-large-post-save-fault--20260526T213800Z,pa-exact-benchmark-canary-large-post-save-fault-publish-stall-seed-1140001,benchmark canary/exact-stack
2026-05-26T21:44:07Z,launch,continuation productive-analysis-action session=rtc-critical-continuation-productive-analysis-action-20260526T214405Z,productive-analysis-action,critical-path launch
2026-05-26T21:46:05Z,launch,continuation pa-exact-benchmark-canary-table-stale-snapshot-reload-convergence-timeout-seed-1180017 session=rtc-critical-continuation-pa-exact-benchmark-canary-table-stale-snapshot-r-20260526T214604Z,pa-exact-benchmark-canary-table-stale-snapshot-reload-convergence-timeout-seed-1180017,benchmark canary/exact-stack
2026-05-26T21:54:17Z,launch,continuation pa-exact-benchmark-canary-large-post-save-fault-publish-stall-seed-1140001 session=rtc-critical-continuation-pa-exact-benchmark-canary-large-post-save-fault--20260526T215413Z,pa-exact-benchmark-canary-large-post-save-fault-publish-stall-seed-1140001,benchmark canary/exact-stack
2026-05-26T21:54:31Z,launch,continuation productive-analysis-action session=rtc-critical-continuation-productive-analysis-action-20260526T215429Z,productive-analysis-action,critical-path launch
2026-05-26T22:02:15Z,launch,continuation pa-exact-benchmark-canary-table-stale-snapshot-reload-convergence-timeout-seed-1180017 session=rtc-critical-continuation-pa-exact-benchmark-canary-table-stale-snapshot-r-20260526T220213Z,pa-exact-benchmark-canary-table-stale-snapshot-reload-convergence-timeout-seed-1180017,benchmark canary/exact-stack
2026-05-26T22:04:25Z,launch,continuation productive-analysis-action session=rtc-critical-continuation-productive-analysis-action-20260526T220423Z,productive-analysis-action,critical-path launch
2026-05-26T22:10:02Z,launch,continuation pa-exact-benchmark-canary-large-post-save-fault-publish-stall-seed-1140001 session=rtc-critical-continuation-pa-exact-benchmark-canary-large-post-save-fault--20260526T221001Z,pa-exact-benchmark-canary-large-post-save-fault-publish-stall-seed-1140001,benchmark canary/exact-stack
2026-05-26T22:14:21Z,launch,continuation productive-analysis-action session=rtc-critical-continuation-productive-analysis-action-20260526T221420Z,productive-analysis-action,critical-path launch
2026-05-26T22:18:18Z,launch,continuation pa-exact-benchmark-canary-table-stale-snapshot-reload-convergence-timeout-seed-1180017 session=rtc-critical-continuation-pa-exact-benchmark-canary-table-stale-snapshot-r-20260526T221816Z,pa-exact-benchmark-canary-table-stale-snapshot-reload-convergence-timeout-seed-1180017,benchmark canary/exact-stack
2026-05-26T22:26:24Z,launch,continuation pa-exact-benchmark-canary-large-post-save-fault-publish-stall-seed-1140001 session=rtc-critical-continuation-pa-exact-benchmark-canary-large-post-save-fault--20260526T222622Z,pa-exact-benchmark-canary-large-post-save-fault-publish-stall-seed-1140001,benchmark canary/exact-stack
2026-05-26T22:30:49Z,launch,continuation benchmark-canary-fuzzer-gap session=rtc-critical-continuation-benchmark-canary-fuzzer-gap-20260526T223047Z,benchmark-canary-fuzzer-gap,benchmark canary/exact-stack
2026-05-26T22:34:56Z,launch,continuation pa-exact-benchmark-canary-table-stale-snapshot-reload-convergence-timeout-seed-1180017 session=rtc-critical-continuation-pa-exact-benchmark-canary-table-stale-snapshot-r-20260526T223454Z,pa-exact-benchmark-canary-table-stale-snapshot-reload-convergence-timeout-seed-1180017,benchmark canary/exact-stack
2026-05-26T22:41:34Z,launch,continuation productive-analysis-action session=rtc-critical-continuation-productive-analysis-action-20260526T224132Z,productive-analysis-action,critical-path launch
2026-05-26T22:43:34Z,launch,continuation pa-exact-benchmark-canary-large-post-save-fault-publish-stall-seed-1140001 session=rtc-critical-continuation-pa-exact-benchmark-canary-large-post-save-fault--20260526T224332Z,pa-exact-benchmark-canary-large-post-save-fault-publish-stall-seed-1140001,benchmark canary/exact-stack
2026-05-26T22:50:00Z,launch,continuation benchmark-canary-fuzzer-gap session=rtc-critical-continuation-benchmark-canary-fuzzer-gap-20260526T224958Z,benchmark-canary-fuzzer-gap,benchmark canary/exact-stack
2026-05-26T22:50:02Z,launch,continuation pa-exact-benchmark-canary-table-stale-snapshot-reload-convergence-timeout-seed-1180017 session=rtc-critical-continuation-pa-exact-benchmark-canary-table-stale-snapshot-r-20260526T225000Z,pa-exact-benchmark-canary-table-stale-snapshot-reload-convergence-timeout-seed-1180017,benchmark canary/exact-stack
2026-05-26T22:58:46Z,launch,continuation productive-analysis-action session=rtc-critical-continuation-productive-analysis-action-20260526T225844Z,productive-analysis-action,critical-path launch
2026-05-26T23:00:40Z,launch,continuation pa-exact-benchmark-canary-large-post-save-fault-publish-stall-seed-1140001 session=rtc-critical-continuation-pa-exact-benchmark-canary-large-post-save-fault--20260526T230038Z,pa-exact-benchmark-canary-large-post-save-fault-publish-stall-seed-1140001,benchmark canary/exact-stack
2026-05-26T23:05:09Z,launch,continuation pa-exact-benchmark-canary-table-stale-snapshot-reload-convergence-timeout-seed-1180017 session=rtc-critical-continuation-pa-exact-benchmark-canary-table-stale-snapshot-r-20260526T230507Z,pa-exact-benchmark-canary-table-stale-snapshot-reload-convergence-timeout-seed-1180017,benchmark canary/exact-stack
2026-05-26T23:15:44Z,launch,continuation productive-analysis-action session=rtc-critical-continuation-productive-analysis-action-20260526T231542Z,productive-analysis-action,critical-path launch
2026-05-26T23:17:41Z,launch,continuation pa-exact-benchmark-canary-large-post-save-fault-publish-stall-seed-1140001 session=rtc-critical-continuation-pa-exact-benchmark-canary-large-post-save-fault--20260526T231739Z,pa-exact-benchmark-canary-large-post-save-fault-publish-stall-seed-1140001,benchmark canary/exact-stack
2026-05-26T23:21:52Z,launch,continuation pa-exact-benchmark-canary-table-stale-snapshot-reload-convergence-timeout-seed-1180017 session=rtc-critical-continuation-pa-exact-benchmark-canary-table-stale-snapshot-r-20260526T232150Z,pa-exact-benchmark-canary-table-stale-snapshot-reload-convergence-timeout-seed-1180017,benchmark canary/exact-stack
2026-05-26T23:24:13Z,launch,continuation productive-analysis-action session=rtc-critical-continuation-productive-analysis-action-20260526T232411Z,productive-analysis-action,critical-path launch
2026-05-26T23:28:33Z,launch,continuation benchmark-canary-fuzzer-gap session=rtc-critical-continuation-benchmark-canary-fuzzer-gap-20260526T232831Z,benchmark-canary-fuzzer-gap,benchmark canary/exact-stack
2026-05-26T23:32:53Z,launch,continuation pa-exact-benchmark-canary-large-post-save-fault-publish-stall-seed-1140001 session=rtc-critical-continuation-pa-exact-benchmark-canary-large-post-save-fault--20260526T233251Z,pa-exact-benchmark-canary-large-post-save-fault-publish-stall-seed-1140001,benchmark canary/exact-stack
2026-05-26T23:39:24Z,launch,continuation productive-analysis-action session=rtc-critical-continuation-productive-analysis-action-20260526T233922Z,productive-analysis-action,critical-path launch
2026-05-26T23:45:32Z,launch,continuation benchmark-canary-fuzzer-gap session=rtc-critical-continuation-benchmark-canary-fuzzer-gap-20260526T234531Z,benchmark-canary-fuzzer-gap,benchmark canary/exact-stack
2026-05-26T23:47:52Z,launch,continuation productive-analysis-action session=rtc-critical-continuation-productive-analysis-action-20260526T234750Z,productive-analysis-action,critical-path launch
2026-05-26T23:54:10Z,launch,continuation productive-analysis-action session=rtc-critical-continuation-productive-analysis-action-20260526T235408Z,productive-analysis-action,critical-path launch
2026-05-27T00:02:21Z,launch,continuation benchmark-canary-fuzzer-gap session=rtc-critical-continuation-benchmark-canary-fuzzer-gap-20260527T000219Z,benchmark-canary-fuzzer-gap,benchmark canary/exact-stack
2026-05-27T00:04:44Z,launch,continuation productive-analysis-action session=rtc-critical-continuation-productive-analysis-action-20260527T000443Z,productive-analysis-action,critical-path launch
2026-05-27T00:15:28Z,launch,continuation productive-analysis-action session=rtc-critical-continuation-productive-analysis-action-20260527T001526Z,productive-analysis-action,critical-path launch
2026-05-27T00:17:29Z,launch,continuation benchmark-canary-fuzzer-gap session=rtc-critical-continuation-benchmark-canary-fuzzer-gap-20260527T001727Z,benchmark-canary-fuzzer-gap,benchmark canary/exact-stack
2026-05-27T00:24:17Z,launch,continuation productive-analysis-action session=rtc-critical-continuation-productive-analysis-action-20260527T002416Z,productive-analysis-action,critical-path launch
2026-05-27T00:34:51Z,launch,continuation productive-analysis-action session=rtc-critical-continuation-productive-analysis-action-20260527T003449Z,productive-analysis-action,critical-path launch
2026-05-27T00:45:40Z,launch,continuation productive-analysis-action session=rtc-critical-continuation-productive-analysis-action-20260527T004538Z,productive-analysis-action,critical-path launch
2026-05-27T00:47:42Z,launch,continuation benchmark-canary-fuzzer-gap session=rtc-critical-continuation-benchmark-canary-fuzzer-gap-20260527T004740Z,benchmark-canary-fuzzer-gap,benchmark canary/exact-stack
2026-05-27T00:54:19Z,launch,continuation productive-analysis-action session=rtc-critical-continuation-productive-analysis-action-20260527T005417Z,productive-analysis-action,critical-path launch
2026-05-27T01:02:59Z,launch,continuation benchmark-canary-fuzzer-gap session=rtc-critical-continuation-benchmark-canary-fuzzer-gap-20260527T010258Z,benchmark-canary-fuzzer-gap,benchmark canary/exact-stack
2026-05-27T01:05:27Z,launch,continuation productive-analysis-action session=rtc-critical-continuation-productive-analysis-action-20260527T010526Z,productive-analysis-action,critical-path launch
2026-05-27T01:16:18Z,launch,continuation productive-analysis-action session=rtc-critical-continuation-productive-analysis-action-20260527T011616Z,productive-analysis-action,critical-path launch
2026-05-27T01:20:17Z,launch,continuation benchmark-canary-fuzzer-gap session=rtc-critical-continuation-benchmark-canary-fuzzer-gap-20260527T012015Z,benchmark-canary-fuzzer-gap,benchmark canary/exact-stack
2026-05-27T01:24:33Z,launch,continuation productive-analysis-action session=rtc-critical-continuation-productive-analysis-action-20260527T012431Z,productive-analysis-action,critical-path launch
2026-05-27T01:35:01Z,launch,continuation productive-analysis-action session=rtc-critical-continuation-productive-analysis-action-20260527T013459Z,productive-analysis-action,critical-path launch
2026-05-27T01:37:01Z,launch,continuation benchmark-canary-fuzzer-gap session=rtc-critical-continuation-benchmark-canary-fuzzer-gap-20260527T013659Z,benchmark-canary-fuzzer-gap,benchmark canary/exact-stack
2026-05-27T01:46:11Z,launch,continuation productive-analysis-action session=rtc-critical-continuation-productive-analysis-action-20260527T014609Z,productive-analysis-action,critical-path launch
2026-05-27T01:53:05Z,launch,continuation benchmark-canary-fuzzer-gap session=rtc-critical-continuation-benchmark-canary-fuzzer-gap-20260527T015303Z,benchmark-canary-fuzzer-gap,benchmark canary/exact-stack
2026-05-27T01:55:41Z,launch,continuation productive-analysis-action session=rtc-critical-continuation-productive-analysis-action-20260527T015539Z,productive-analysis-action,critical-path launch
2026-05-27T02:09:22Z,launch,continuation productive-analysis-action session=rtc-critical-continuation-productive-analysis-action-20260527T020920Z,productive-analysis-action,critical-path launch
2026-05-27T02:13:43Z,launch,continuation benchmark-canary-fuzzer-gap session=rtc-critical-continuation-benchmark-canary-fuzzer-gap-20260527T021341Z,benchmark-canary-fuzzer-gap,benchmark canary/exact-stack
2026-05-27T02:16:12Z,launch,continuation productive-analysis-action session=rtc-critical-continuation-productive-analysis-action-20260527T021611Z,productive-analysis-action,critical-path launch
2026-05-27T02:24:45Z,launch,continuation productive-analysis-action session=rtc-critical-continuation-productive-analysis-action-20260527T022443Z,productive-analysis-action,critical-path launch
2026-05-27T02:35:17Z,launch,continuation productive-analysis-action session=rtc-critical-continuation-productive-analysis-action-20260527T023516Z,productive-analysis-action,critical-path launch
2026-05-27T02:46:41Z,launch,continuation productive-analysis-action session=rtc-critical-continuation-productive-analysis-action-20260527T024639Z,productive-analysis-action,critical-path launch
2026-05-27T02:55:30Z,launch,continuation productive-analysis-action session=rtc-critical-continuation-productive-analysis-action-20260527T025528Z,productive-analysis-action,critical-path launch
2026-05-27T03:04:06Z,launch,continuation benchmark-canary-fuzzer-gap session=rtc-critical-continuation-benchmark-canary-fuzzer-gap-20260527T030405Z,benchmark-canary-fuzzer-gap,benchmark canary/exact-stack
2026-05-27T03:08:40Z,launch,continuation productive-analysis-action session=rtc-critical-continuation-productive-analysis-action-20260527T030839Z,productive-analysis-action,critical-path launch
2026-05-27T03:15:13Z,launch,continuation productive-analysis-action session=rtc-critical-continuation-productive-analysis-action-20260527T031511Z,productive-analysis-action,critical-path launch
2026-05-27T03:17:08Z,launch,benchmark feedback refresh command=/media/volume/danluu-fuzz-data/rtc-critical-path-pr-executor-20260517/runs/20260527T030405Z/continuations/benchmark-canary-fuzzer-gap/run-exact-refresh-on-current-repair-branch.sh session=rtc-benchmark-canary-feedback-refresh-20260527T031708Z,unknown,critical-path launch
2026-05-27T03:25:42Z,launch,continuation benchmark-canary-fuzzer-gap session=rtc-critical-continuation-benchmark-canary-fuzzer-gap-20260527T032540Z,benchmark-canary-fuzzer-gap,benchmark canary/exact-stack
2026-05-27T03:25:58Z,launch,continuation productive-analysis-action session=rtc-critical-continuation-productive-analysis-action-20260527T032555Z,productive-analysis-action,critical-path launch
2026-05-27T03:35:02Z,launch,continuation productive-analysis-action session=rtc-critical-continuation-productive-analysis-action-20260527T033501Z,productive-analysis-action,critical-path launch
2026-05-27T03:45:38Z,launch,benchmark feedback refresh command=/media/volume/danluu-fuzz-data/rtc-critical-path-pr-executor-20260517/runs/20260527T032540Z/continuations/benchmark-canary-fuzzer-gap/run-exact-refresh-on-current-repair-branch.sh session=rtc-benchmark-canary-feedback-refresh-20260527T034538Z,unknown,critical-path launch
2026-05-27T03:45:53Z,launch,continuation productive-analysis-action session=rtc-critical-continuation-productive-analysis-action-20260527T034552Z,productive-analysis-action,critical-path launch
2026-05-27T03:55:14Z,launch,continuation productive-analysis-action session=rtc-critical-continuation-productive-analysis-action-20260527T035512Z,productive-analysis-action,critical-path launch
2026-05-27T04:04:40Z,launch,continuation productive-analysis-action session=rtc-critical-continuation-productive-analysis-action-20260527T040439Z,productive-analysis-action,critical-path launch
2026-05-27T04:11:22Z,launch,benchmark feedback refresh command=/media/volume/danluu-fuzz-data/rtc-critical-path-pr-executor-20260517/runs/20260527T032540Z/continuations/benchmark-canary-fuzzer-gap/run-exact-refresh-on-current-repair-branch.sh session=rtc-benchmark-canary-feedback-refresh-20260527T041122Z,unknown,critical-path launch
2026-05-27T04:15:58Z,launch,continuation productive-analysis-action session=rtc-critical-continuation-productive-analysis-action-20260527T041556Z,productive-analysis-action,critical-path launch
2026-05-27T04:25:14Z,launch,continuation productive-analysis-action session=rtc-critical-continuation-productive-analysis-action-20260527T042512Z,productive-analysis-action,critical-path launch
2026-05-27T04:36:14Z,launch,continuation productive-analysis-action session=rtc-critical-continuation-productive-analysis-action-20260527T043612Z,productive-analysis-action,critical-path launch
2026-05-27T04:45:44Z,launch,continuation productive-analysis-action session=rtc-critical-continuation-productive-analysis-action-20260527T044542Z,productive-analysis-action,critical-path launch
2026-05-27T04:50:09Z,launch,continuation benchmark-canary-fuzzer-gap session=rtc-critical-continuation-benchmark-canary-fuzzer-gap-20260527T045007Z,benchmark-canary-fuzzer-gap,benchmark canary/exact-stack
2026-05-27T04:55:16Z,launch,continuation productive-analysis-action session=rtc-critical-continuation-productive-analysis-action-20260527T045514Z,productive-analysis-action,critical-path launch
2026-05-27T05:15:45Z,launch,continuation productive-analysis-action session=rtc-critical-continuation-productive-analysis-action-20260527T051543Z,productive-analysis-action,critical-path launch
2026-05-27T05:26:02Z,launch,continuation productive-analysis-action session=rtc-critical-continuation-productive-analysis-action-20260527T052600Z,productive-analysis-action,critical-path launch
2026-05-27T05:36:33Z,launch,continuation productive-analysis-action session=rtc-critical-continuation-productive-analysis-action-20260527T053631Z,productive-analysis-action,critical-path launch
2026-05-27T05:44:58Z,launch,continuation productive-analysis-action session=rtc-critical-continuation-productive-analysis-action-20260527T054456Z,productive-analysis-action,critical-path launch
2026-05-27T05:55:25Z,launch,continuation productive-analysis-action session=rtc-critical-continuation-productive-analysis-action-20260527T055523Z,productive-analysis-action,critical-path launch
2026-05-27T06:05:39Z,launch,continuation productive-analysis-action session=rtc-critical-continuation-productive-analysis-action-20260527T060537Z,productive-analysis-action,critical-path launch
2026-05-27T06:16:21Z,launch,continuation productive-analysis-action session=rtc-critical-continuation-productive-analysis-action-20260527T061619Z,productive-analysis-action,critical-path launch
2026-05-27T06:35:17Z,launch,continuation productive-analysis-action session=rtc-critical-continuation-productive-analysis-action-20260527T063515Z,productive-analysis-action,critical-path launch
2026-05-27T06:56:01Z,launch,continuation productive-analysis-action session=rtc-critical-continuation-productive-analysis-action-20260527T065559Z,productive-analysis-action,critical-path launch
2026-05-27T07:08:49Z,launch,continuation productive-analysis-action session=rtc-critical-continuation-productive-analysis-action-20260527T070847Z,productive-analysis-action,critical-path launch
2026-05-27T07:15:12Z,launch,continuation productive-analysis-action session=rtc-critical-continuation-productive-analysis-action-20260527T071510Z,productive-analysis-action,critical-path launch
2026-05-27T07:36:32Z,launch,continuation productive-analysis-action session=rtc-critical-continuation-productive-analysis-action-20260527T073631Z,productive-analysis-action,critical-path launch
2026-05-27T07:55:40Z,launch,continuation productive-analysis-action session=rtc-critical-continuation-productive-analysis-action-20260527T075539Z,productive-analysis-action,critical-path launch
2026-05-27T08:16:39Z,launch,continuation productive-analysis-action session=rtc-critical-continuation-productive-analysis-action-20260527T081637Z,productive-analysis-action,critical-path launch
2026-05-27T08:25:06Z,launch,continuation productive-analysis-action session=rtc-critical-continuation-productive-analysis-action-20260527T082504Z,productive-analysis-action,critical-path launch
2026-05-27T08:36:04Z,launch,continuation productive-analysis-action session=rtc-critical-continuation-productive-analysis-action-20260527T083602Z,productive-analysis-action,critical-path launch
2026-05-27T09:06:41Z,launch,continuation productive-analysis-action session=rtc-critical-continuation-productive-analysis-action-20260527T090639Z,productive-analysis-action,critical-path launch
2026-05-27T09:23:23Z,launch,continuation productive-analysis-action session=rtc-critical-continuation-productive-analysis-action-20260527T092321Z,productive-analysis-action,critical-path launch
2026-05-27T09:31:58Z,launch,continuation productive-analysis-action session=rtc-critical-continuation-productive-analysis-action-20260527T093156Z,productive-analysis-action,critical-path launch
2026-05-27T09:45:12Z,launch,continuation productive-analysis-action session=rtc-critical-continuation-productive-analysis-action-20260527T094510Z,productive-analysis-action,critical-path launch
2026-05-27T09:55:49Z,launch,continuation productive-analysis-action session=rtc-critical-continuation-productive-analysis-action-20260527T095547Z,productive-analysis-action,critical-path launch
2026-05-27T10:06:29Z,launch,continuation productive-analysis-action session=rtc-critical-continuation-productive-analysis-action-20260527T100627Z,productive-analysis-action,critical-path launch
2026-05-27T10:27:17Z,launch,continuation productive-analysis-action session=rtc-critical-continuation-productive-analysis-action-20260527T102715Z,productive-analysis-action,critical-path launch
2026-05-27T10:36:51Z,launch,continuation productive-analysis-action session=rtc-critical-continuation-productive-analysis-action-20260527T103649Z,productive-analysis-action,critical-path launch
2026-05-27T10:56:27Z,launch,continuation productive-analysis-action session=rtc-critical-continuation-productive-analysis-action-20260527T105626Z,productive-analysis-action,critical-path launch
2026-05-27T11:06:44Z,launch,continuation productive-analysis-action session=rtc-critical-continuation-productive-analysis-action-20260527T110642Z,productive-analysis-action,critical-path launch
2026-05-27T11:15:39Z,launch,continuation productive-analysis-action session=rtc-critical-continuation-productive-analysis-action-20260527T111537Z,productive-analysis-action,critical-path launch
2026-05-27T11:26:46Z,launch,continuation productive-analysis-action session=rtc-critical-continuation-productive-analysis-action-20260527T112644Z,productive-analysis-action,critical-path launch
2026-05-27T11:37:33Z,launch,continuation productive-analysis-action session=rtc-critical-continuation-productive-analysis-action-20260527T113731Z,productive-analysis-action,critical-path launch
2026-05-27T11:46:13Z,launch,continuation productive-analysis-action session=rtc-critical-continuation-productive-analysis-action-20260527T114611Z,productive-analysis-action,critical-path launch
2026-05-27T11:57:19Z,launch,continuation productive-analysis-action session=rtc-critical-continuation-productive-analysis-action-20260527T115718Z,productive-analysis-action,critical-path launch
2026-05-27T12:06:13Z,launch,continuation productive-analysis-action session=rtc-critical-continuation-productive-analysis-action-20260527T120611Z,productive-analysis-action,critical-path launch
2026-05-27T12:16:55Z,launch,continuation productive-analysis-action session=rtc-critical-continuation-productive-analysis-action-20260527T121653Z,productive-analysis-action,critical-path launch
2026-05-27T12:25:54Z,launch,continuation productive-analysis-action session=rtc-critical-continuation-productive-analysis-action-20260527T122552Z,productive-analysis-action,critical-path launch
2026-05-27T12:36:48Z,launch,continuation productive-analysis-action session=rtc-critical-continuation-productive-analysis-action-20260527T123646Z,productive-analysis-action,critical-path launch
2026-05-27T12:45:37Z,launch,continuation productive-analysis-action session=rtc-critical-continuation-productive-analysis-action-20260527T124535Z,productive-analysis-action,critical-path launch
2026-05-27T12:55:46Z,launch,continuation productive-analysis-action session=rtc-critical-continuation-productive-analysis-action-20260527T125544Z,productive-analysis-action,critical-path launch
2026-05-27T13:06:18Z,launch,continuation productive-analysis-action session=rtc-critical-continuation-productive-analysis-action-20260527T130616Z,productive-analysis-action,critical-path launch
2026-05-27T13:16:39Z,launch,continuation productive-analysis-action session=rtc-critical-continuation-productive-analysis-action-20260527T131637Z,productive-analysis-action,critical-path launch
2026-05-27T13:26:58Z,launch,continuation productive-analysis-action session=rtc-critical-continuation-productive-analysis-action-20260527T132656Z,productive-analysis-action,critical-path launch
2026-05-27T13:35:33Z,launch,continuation productive-analysis-action session=rtc-critical-continuation-productive-analysis-action-20260527T133532Z,productive-analysis-action,critical-path launch
2026-05-27T13:46:08Z,launch,continuation productive-analysis-action session=rtc-critical-continuation-productive-analysis-action-20260527T134606Z,productive-analysis-action,critical-path launch
2026-05-27T13:56:40Z,launch,continuation productive-analysis-action session=rtc-critical-continuation-productive-analysis-action-20260527T135638Z,productive-analysis-action,critical-path launch
2026-05-27T14:07:02Z,launch,continuation productive-analysis-action session=rtc-critical-continuation-productive-analysis-action-20260527T140700Z,productive-analysis-action,critical-path launch
2026-05-27T14:17:30Z,launch,continuation productive-analysis-action session=rtc-critical-continuation-productive-analysis-action-20260527T141728Z,productive-analysis-action,critical-path launch
2026-05-27T14:25:54Z,launch,continuation productive-analysis-action session=rtc-critical-continuation-productive-analysis-action-20260527T142553Z,productive-analysis-action,critical-path launch
2026-05-27T14:36:23Z,launch,continuation productive-analysis-action session=rtc-critical-continuation-productive-analysis-action-20260527T143621Z,productive-analysis-action,critical-path launch
2026-05-27T14:46:58Z,launch,continuation productive-analysis-action session=rtc-critical-continuation-productive-analysis-action-20260527T144656Z,productive-analysis-action,critical-path launch
2026-05-27T14:57:26Z,launch,continuation productive-analysis-action session=rtc-critical-continuation-productive-analysis-action-20260527T145724Z,productive-analysis-action,critical-path launch
2026-05-27T15:05:55Z,launch,continuation productive-analysis-action session=rtc-critical-continuation-productive-analysis-action-20260527T150553Z,productive-analysis-action,critical-path launch
2026-05-27T15:16:17Z,launch,continuation productive-analysis-action session=rtc-critical-continuation-productive-analysis-action-20260527T151615Z,productive-analysis-action,critical-path launch
2026-05-27T15:26:33Z,launch,continuation productive-analysis-action session=rtc-critical-continuation-productive-analysis-action-20260527T152632Z,productive-analysis-action,critical-path launch
2026-05-27T15:37:09Z,launch,continuation productive-analysis-action session=rtc-critical-continuation-productive-analysis-action-20260527T153707Z,productive-analysis-action,critical-path launch
2026-05-27T15:47:46Z,launch,continuation productive-analysis-action session=rtc-critical-continuation-productive-analysis-action-20260527T154744Z,productive-analysis-action,critical-path launch
2026-05-27T15:56:06Z,launch,continuation productive-analysis-action session=rtc-critical-continuation-productive-analysis-action-20260527T155605Z,productive-analysis-action,critical-path launch
2026-05-27T16:17:16Z,launch,continuation productive-analysis-action session=rtc-critical-continuation-productive-analysis-action-20260527T161714Z,productive-analysis-action,critical-path launch
2026-05-27T16:23:23Z,launch,continuation pa-exact-benchmark-canary-novelty-ws-collaboration-ui-signals-cb5d644e13d8 session=rtc-critical-continuation-pa-exact-benchmark-canary-novelty-ws-collaborati-20260527T162321Z,pa-exact-benchmark-canary-novelty-ws-collaboration-ui-signals-cb5d644e13d8,benchmark canary/exact-stack
2026-05-27T16:23:25Z,launch,continuation pa-exact-benchmark-canary-novelty-http-large-post-lifecycle-seed-1140001-a0314e1bdc16 session=rtc-critical-continuation-pa-exact-benchmark-canary-novelty-http-large-pos-20260527T162323Z,pa-exact-benchmark-canary-novelty-http-large-post-lifecycle-seed-1140001-a0314e1bdc16,benchmark canary/exact-stack
2026-05-27T16:30:11Z,launch,continuation pa-exact-benchmark-canary-novelty-http-large-post-lifecycle-seed-1140001-final-persistence session=rtc-critical-continuation-pa-exact-benchmark-canary-novelty-http-large-pos-20260527T163010Z,pa-exact-benchmark-canary-novelty-http-large-post-lifecycle-seed-1140001-final-persistence,benchmark canary/exact-stack
2026-05-27T16:34:39Z,launch,continuation productive-analysis-action session=rtc-critical-continuation-productive-analysis-action-20260527T163438Z,productive-analysis-action,critical-path launch
2026-05-27T16:40:57Z,launch,continuation productive-analysis-action session=rtc-critical-continuation-productive-analysis-action-20260527T164055Z,productive-analysis-action,critical-path launch
2026-05-27T16:47:42Z,launch,continuation pa-exact-benchmark-canary-novelty-ws-collaboration-ui-signals-cb5d644e13d8 session=rtc-critical-continuation-pa-exact-benchmark-canary-novelty-ws-collaborati-20260527T164741Z,pa-exact-benchmark-canary-novelty-ws-collaboration-ui-signals-cb5d644e13d8,benchmark canary/exact-stack
2026-05-27T16:47:44Z,launch,continuation pa-exact-benchmark-canary-novelty-http-large-post-lifecycle-seed-1140001-final-persistence session=rtc-critical-continuation-pa-exact-benchmark-canary-novelty-http-large-pos-20260527T164743Z,pa-exact-benchmark-canary-novelty-http-large-post-lifecycle-seed-1140001-final-persistence,benchmark canary/exact-stack
2026-05-27T16:52:11Z,launch,continuation productive-analysis-action session=rtc-critical-continuation-productive-analysis-action-20260527T165210Z,productive-analysis-action,critical-path launch
2026-05-27T17:00:37Z,launch,continuation productive-analysis-action session=rtc-critical-continuation-productive-analysis-action-20260527T170035Z,productive-analysis-action,critical-path launch
2026-05-27T17:04:38Z,launch,continuation pa-exact-benchmark-canary-novelty-ws-collaboration-ui-signals-cb5d644e13d8 session=rtc-critical-continuation-pa-exact-benchmark-canary-novelty-ws-collaborati-20260527T170437Z,pa-exact-benchmark-canary-novelty-ws-collaboration-ui-signals-cb5d644e13d8,benchmark canary/exact-stack
2026-05-27T17:04:40Z,launch,continuation pa-exact-benchmark-canary-novelty-http-large-post-lifecycle-seed-1140001-final-persistence session=rtc-critical-continuation-pa-exact-benchmark-canary-novelty-http-large-pos-20260527T170439Z,pa-exact-benchmark-canary-novelty-http-large-post-lifecycle-seed-1140001-final-persistence,benchmark canary/exact-stack
2026-05-27T17:11:14Z,launch,continuation productive-analysis-action session=rtc-critical-continuation-productive-analysis-action-20260527T171112Z,productive-analysis-action,critical-path launch
2026-05-27T17:17:33Z,launch,continuation productive-analysis-action session=rtc-critical-continuation-productive-analysis-action-20260527T171731Z,productive-analysis-action,critical-path launch
2026-05-27T17:21:36Z,launch,continuation pa-exact-benchmark-canary-novelty-ws-collaboration-ui-signals-cb5d644e13d8 session=rtc-critical-continuation-pa-exact-benchmark-canary-novelty-ws-collaborati-20260527T172134Z,pa-exact-benchmark-canary-novelty-ws-collaboration-ui-signals-cb5d644e13d8,benchmark canary/exact-stack
2026-05-27T17:21:38Z,launch,continuation pa-exact-benchmark-canary-novelty-http-large-post-lifecycle-seed-1140001-final-persistence session=rtc-critical-continuation-pa-exact-benchmark-canary-novelty-http-large-pos-20260527T172136Z,pa-exact-benchmark-canary-novelty-http-large-post-lifecycle-seed-1140001-final-persistence,benchmark canary/exact-stack
2026-05-27T17:28:09Z,launch,continuation productive-analysis-action session=rtc-critical-continuation-productive-analysis-action-20260527T172807Z,productive-analysis-action,critical-path launch
2026-05-27T17:36:27Z,launch,continuation productive-analysis-action session=rtc-critical-continuation-productive-analysis-action-20260527T173626Z,productive-analysis-action,critical-path launch
2026-05-27T17:38:22Z,launch,continuation pa-exact-benchmark-canary-novelty-ws-collaboration-ui-signals-cb5d644e13d8 session=rtc-critical-continuation-pa-exact-benchmark-canary-novelty-ws-collaborati-20260527T173820Z,pa-exact-benchmark-canary-novelty-ws-collaboration-ui-signals-cb5d644e13d8,benchmark canary/exact-stack
2026-05-27T17:38:24Z,launch,continuation pa-exact-benchmark-canary-novelty-http-large-post-lifecycle-seed-1140001-final-persistence session=rtc-critical-continuation-pa-exact-benchmark-canary-novelty-http-large-pos-20260527T173822Z,pa-exact-benchmark-canary-novelty-http-large-post-lifecycle-seed-1140001-final-persistence,benchmark canary/exact-stack
2026-05-27T17:47:04Z,launch,continuation productive-analysis-action session=rtc-critical-continuation-productive-analysis-action-20260527T174702Z,productive-analysis-action,critical-path launch
2026-05-27T17:55:14Z,launch,continuation pa-exact-benchmark-canary-novelty-ws-collaboration-ui-signals-cb5d644e13d8 session=rtc-critical-continuation-pa-exact-benchmark-canary-novelty-ws-collaborati-20260527T175512Z,pa-exact-benchmark-canary-novelty-ws-collaboration-ui-signals-cb5d644e13d8,benchmark canary/exact-stack
2026-05-27T17:55:16Z,launch,continuation pa-exact-benchmark-canary-novelty-http-large-post-lifecycle-seed-1140001-final-persistence session=rtc-critical-continuation-pa-exact-benchmark-canary-novelty-http-large-pos-20260527T175514Z,pa-exact-benchmark-canary-novelty-http-large-post-lifecycle-seed-1140001-final-persistence,benchmark canary/exact-stack
2026-05-27T18:01:46Z,launch,continuation productive-analysis-action session=rtc-critical-continuation-productive-analysis-action-20260527T180144Z,productive-analysis-action,critical-path launch
2026-05-27T18:10:22Z,launch,continuation productive-analysis-action session=rtc-critical-continuation-productive-analysis-action-20260527T181021Z,productive-analysis-action,critical-path launch
2026-05-27T18:12:17Z,launch,continuation pa-exact-benchmark-canary-novelty-ws-collaboration-ui-signals-cb5d644e13d8 session=rtc-critical-continuation-pa-exact-benchmark-canary-novelty-ws-collaborati-20260527T181215Z,pa-exact-benchmark-canary-novelty-ws-collaboration-ui-signals-cb5d644e13d8,benchmark canary/exact-stack
2026-05-27T18:12:19Z,launch,continuation pa-exact-benchmark-canary-novelty-http-large-post-lifecycle-seed-1140001-final-persistence session=rtc-critical-continuation-pa-exact-benchmark-canary-novelty-http-large-pos-20260527T181217Z,pa-exact-benchmark-canary-novelty-http-large-post-lifecycle-seed-1140001-final-persistence,benchmark canary/exact-stack
2026-05-27T18:20:54Z,launch,continuation productive-analysis-action session=rtc-critical-continuation-productive-analysis-action-20260527T182052Z,productive-analysis-action,critical-path launch
2026-05-27T18:29:12Z,launch,continuation pa-exact-benchmark-canary-novelty-ws-collaboration-ui-signals-cb5d644e13d8 session=rtc-critical-continuation-pa-exact-benchmark-canary-novelty-ws-collaborati-20260527T182911Z,pa-exact-benchmark-canary-novelty-ws-collaboration-ui-signals-cb5d644e13d8,benchmark canary/exact-stack
2026-05-27T18:29:14Z,launch,continuation pa-exact-benchmark-canary-novelty-http-large-post-lifecycle-seed-1140001-final-persistence session=rtc-critical-continuation-pa-exact-benchmark-canary-novelty-http-large-pos-20260527T182913Z,pa-exact-benchmark-canary-novelty-http-large-post-lifecycle-seed-1140001-final-persistence,benchmark canary/exact-stack
2026-05-27T18:35:48Z,launch,continuation productive-analysis-action session=rtc-critical-continuation-productive-analysis-action-20260527T183547Z,productive-analysis-action,critical-path launch
2026-05-27T18:44:18Z,launch,continuation productive-analysis-action session=rtc-critical-continuation-productive-analysis-action-20260527T184417Z,productive-analysis-action,critical-path launch
2026-05-27T18:46:15Z,launch,continuation pa-exact-benchmark-canary-novelty-http-large-post-lifecycle-seed-1140001-final-persistence session=rtc-critical-continuation-pa-exact-benchmark-canary-novelty-http-large-pos-20260527T184613Z,pa-exact-benchmark-canary-novelty-http-large-post-lifecycle-seed-1140001-final-persistence,benchmark canary/exact-stack
2026-05-27T18:50:28Z,launch,continuation pa-exact-benchmark-canary-novelty-ws-collaboration-ui-signals-seed-1170001-user-cursor session=rtc-critical-continuation-pa-exact-benchmark-canary-novelty-ws-collaborati-20260527T185026Z,pa-exact-benchmark-canary-novelty-ws-collaboration-ui-signals-seed-1170001-user-cursor,benchmark canary/exact-stack
2026-05-27T18:50:42Z,launch,continuation productive-analysis-action session=rtc-critical-continuation-productive-analysis-action-20260527T185041Z,productive-analysis-action,critical-path launch
2026-05-27T18:56:55Z,launch,continuation productive-analysis-action session=rtc-critical-continuation-productive-analysis-action-20260527T185654Z,productive-analysis-action,critical-path launch
2026-05-27T19:02:55Z,launch,continuation pa-exact-benchmark-canary-novelty-http-large-post-lifecycle-seed-1140001-final-persistence session=rtc-critical-continuation-pa-exact-benchmark-canary-novelty-http-large-pos-20260527T190253Z,pa-exact-benchmark-canary-novelty-http-large-post-lifecycle-seed-1140001-final-persistence,benchmark canary/exact-stack
2026-05-27T19:07:15Z,launch,continuation pa-exact-benchmark-canary-novelty-ws-collaboration-ui-signals-seed-1170001-user-cursor session=rtc-critical-continuation-pa-exact-benchmark-canary-novelty-ws-collaborati-20260527T190713Z,pa-exact-benchmark-canary-novelty-ws-collaboration-ui-signals-seed-1170001-user-cursor,benchmark canary/exact-stack
2026-05-27T19:11:54Z,launch,continuation productive-analysis-action session=rtc-critical-continuation-productive-analysis-action-20260527T191152Z,productive-analysis-action,critical-path launch
2026-05-27T19:18:16Z,launch,continuation pa-exact-benchmark-canary-novelty-http-large-post-lifecycle-seed-1140001-final-persistence session=rtc-critical-continuation-pa-exact-benchmark-canary-novelty-http-large-pos-20260527T191814Z,pa-exact-benchmark-canary-novelty-http-large-post-lifecycle-seed-1140001-final-persistence,benchmark canary/exact-stack
2026-05-27T19:22:52Z,launch,continuation pa-exact-benchmark-canary-novelty-ws-collaboration-ui-signals-seed-1170001-user-cursor session=rtc-critical-continuation-pa-exact-benchmark-canary-novelty-ws-collaborati-20260527T192250Z,pa-exact-benchmark-canary-novelty-ws-collaboration-ui-signals-seed-1170001-user-cursor,benchmark canary/exact-stack
2026-05-27T19:27:33Z,launch,continuation productive-analysis-action session=rtc-critical-continuation-productive-analysis-action-20260527T192731Z,productive-analysis-action,critical-path launch
2026-05-27T19:36:20Z,launch,continuation productive-analysis-action session=rtc-critical-continuation-productive-analysis-action-20260527T193618Z,productive-analysis-action,critical-path launch
2026-05-27T19:38:24Z,launch,continuation pa-exact-benchmark-canary-novelty-ws-collaboration-ui-signals-seed-1170001-user-cursor session=rtc-critical-continuation-pa-exact-benchmark-canary-novelty-ws-collaborati-20260527T193822Z,pa-exact-benchmark-canary-novelty-ws-collaboration-ui-signals-seed-1170001-user-cursor,benchmark canary/exact-stack
2026-05-27T19:40:42Z,launch,continuation pa-exact-benchmark-canary-novelty-http-large-post-lifecycle-seed-1140001-final-persistence session=rtc-critical-continuation-pa-exact-benchmark-canary-novelty-http-large-pos-20260527T194040Z,pa-exact-benchmark-canary-novelty-http-large-post-lifecycle-seed-1140001-final-persistence,benchmark canary/exact-stack
2026-05-27T19:47:35Z,launch,continuation productive-analysis-action session=rtc-critical-continuation-productive-analysis-action-20260527T194733Z,productive-analysis-action,critical-path launch
2026-05-27T19:53:48Z,launch,continuation pa-exact-benchmark-canary-novelty-ws-collaboration-ui-signals-seed-1170001-user-cursor session=rtc-critical-continuation-pa-exact-benchmark-canary-novelty-ws-collaborati-20260527T195346Z,pa-exact-benchmark-canary-novelty-ws-collaboration-ui-signals-seed-1170001-user-cursor,benchmark canary/exact-stack
2026-05-27T19:56:03Z,launch,continuation pa-exact-benchmark-canary-novelty-http-large-post-lifecycle-seed-1140001-final-persistence session=rtc-critical-continuation-pa-exact-benchmark-canary-novelty-http-large-pos-20260527T195601Z,pa-exact-benchmark-canary-novelty-http-large-post-lifecycle-seed-1140001-final-persistence,benchmark canary/exact-stack
2026-05-27T20:00:42Z,launch,continuation productive-analysis-action session=rtc-critical-continuation-productive-analysis-action-20260527T200040Z,productive-analysis-action,critical-path launch
2026-05-27T20:07:06Z,launch,continuation productive-analysis-action session=rtc-critical-continuation-productive-analysis-action-20260527T200704Z,productive-analysis-action,critical-path launch
2026-05-27T20:09:03Z,launch,continuation pa-exact-benchmark-canary-novelty-ws-collaboration-ui-signals-seed-1170001-user-cursor session=rtc-critical-continuation-pa-exact-benchmark-canary-novelty-ws-collaborati-20260527T200901Z,pa-exact-benchmark-canary-novelty-ws-collaboration-ui-signals-seed-1170001-user-cursor,benchmark canary/exact-stack
2026-05-27T20:11:13Z,launch,continuation pa-exact-benchmark-canary-novelty-http-large-post-lifecycle-seed-1140001-final-persistence session=rtc-critical-continuation-pa-exact-benchmark-canary-novelty-http-large-pos-20260527T201111Z,pa-exact-benchmark-canary-novelty-http-large-post-lifecycle-seed-1140001-final-persistence,benchmark canary/exact-stack
2026-05-27T20:17:43Z,launch,continuation productive-analysis-action session=rtc-critical-continuation-productive-analysis-action-20260527T201742Z,productive-analysis-action,critical-path launch
2026-05-27T20:26:06Z,launch,continuation pa-exact-benchmark-canary-novelty-ws-collaboration-ui-signals-seed-1170001-user-cursor session=rtc-critical-continuation-pa-exact-benchmark-canary-novelty-ws-collaborati-20260527T202604Z,pa-exact-benchmark-canary-novelty-ws-collaboration-ui-signals-seed-1170001-user-cursor,benchmark canary/exact-stack
2026-05-27T20:30:46Z,launch,continuation productive-analysis-action session=rtc-critical-continuation-productive-analysis-action-20260527T203044Z,productive-analysis-action,critical-path launch
2026-05-27T20:37:17Z,launch,continuation productive-analysis-action session=rtc-critical-continuation-productive-analysis-action-20260527T203715Z,productive-analysis-action,critical-path launch
2026-05-27T20:41:27Z,launch,continuation pa-exact-benchmark-canary-novelty-ws-collaboration-ui-signals-seed-1170001-user-cursor session=rtc-critical-continuation-pa-exact-benchmark-canary-novelty-ws-collaborati-20260527T204124Z,pa-exact-benchmark-canary-novelty-ws-collaboration-ui-signals-seed-1170001-user-cursor,benchmark canary/exact-stack
2026-05-27T20:45:42Z,launch,continuation pa-exact-benchmark-canary-novelty-http-large-post-lifecycle-seed-1140001-final-persistence session=rtc-critical-continuation-pa-exact-benchmark-canary-novelty-http-large-pos-20260527T204540Z,pa-exact-benchmark-canary-novelty-http-large-post-lifecycle-seed-1140001-final-persistence,benchmark canary/exact-stack
2026-05-27T20:48:06Z,launch,continuation productive-analysis-action session=rtc-critical-continuation-productive-analysis-action-20260527T204804Z,productive-analysis-action,critical-path launch
2026-05-27T20:56:33Z,launch,continuation pa-exact-benchmark-canary-novelty-ws-collaboration-ui-signals-seed-1170001-user-cursor session=rtc-critical-continuation-pa-exact-benchmark-canary-novelty-ws-collaborati-20260527T205631Z,pa-exact-benchmark-canary-novelty-ws-collaboration-ui-signals-seed-1170001-user-cursor,benchmark canary/exact-stack
2026-05-27T21:03:19Z,launch,continuation productive-analysis-action session=rtc-critical-continuation-productive-analysis-action-20260527T210317Z,productive-analysis-action,critical-path launch
2026-05-27T21:11:44Z,launch,continuation pa-exact-benchmark-canary-novelty-ws-collaboration-ui-signals-seed-1170001-user-cursor session=rtc-critical-continuation-pa-exact-benchmark-canary-novelty-ws-collaborati-20260527T211142Z,pa-exact-benchmark-canary-novelty-ws-collaboration-ui-signals-seed-1170001-user-cursor,benchmark canary/exact-stack
2026-05-27T21:11:45Z,launch,continuation pa-exact-benchmark-canary-novelty-http-large-post-lifecycle-seed-1140001-final-persistence session=rtc-critical-continuation-pa-exact-benchmark-canary-novelty-http-large-pos-20260527T211144Z,pa-exact-benchmark-canary-novelty-http-large-post-lifecycle-seed-1140001-final-persistence,benchmark canary/exact-stack
2026-05-27T21:18:13Z,launch,continuation productive-analysis-action session=rtc-critical-continuation-productive-analysis-action-20260527T211811Z,productive-analysis-action,critical-path launch
2026-05-27T21:28:26Z,launch,continuation pa-exact-benchmark-canary-novelty-ws-collaboration-ui-signals-seed-1170001-user-cursor session=rtc-critical-continuation-pa-exact-benchmark-canary-novelty-ws-collaborati-20260527T212825Z,pa-exact-benchmark-canary-novelty-ws-collaboration-ui-signals-seed-1170001-user-cursor,benchmark canary/exact-stack
2026-05-27T21:28:28Z,launch,continuation pa-exact-benchmark-canary-novelty-http-large-post-lifecycle-seed-1140001-final-persistence session=rtc-critical-continuation-pa-exact-benchmark-canary-novelty-http-large-pos-20260527T212827Z,pa-exact-benchmark-canary-novelty-http-large-post-lifecycle-seed-1140001-final-persistence,benchmark canary/exact-stack
2026-05-27T21:36:59Z,launch,continuation productive-analysis-action session=rtc-critical-continuation-productive-analysis-action-20260527T213657Z,productive-analysis-action,critical-path launch
2026-05-27T21:45:34Z,launch,continuation pa-exact-benchmark-canary-novelty-ws-collaboration-ui-signals-seed-1170001-user-cursor session=rtc-critical-continuation-pa-exact-benchmark-canary-novelty-ws-collaborati-20260527T214528Z,pa-exact-benchmark-canary-novelty-ws-collaboration-ui-signals-seed-1170001-user-cursor,benchmark canary/exact-stack
2026-05-27T21:45:36Z,launch,continuation pa-exact-benchmark-canary-novelty-http-large-post-lifecycle-seed-1140001-final-persistence session=rtc-critical-continuation-pa-exact-benchmark-canary-novelty-http-large-pos-20260527T214534Z,pa-exact-benchmark-canary-novelty-http-large-post-lifecycle-seed-1140001-final-persistence,benchmark canary/exact-stack
2026-05-27T21:52:12Z,launch,continuation productive-analysis-action session=rtc-critical-continuation-productive-analysis-action-20260527T215210Z,productive-analysis-action,critical-path launch
2026-05-27T22:00:31Z,launch,continuation productive-analysis-action session=rtc-critical-continuation-productive-analysis-action-20260527T220029Z,productive-analysis-action,critical-path launch
2026-05-27T22:02:25Z,launch,continuation pa-exact-benchmark-canary-novelty-ws-collaboration-ui-signals-seed-1170001-user-cursor session=rtc-critical-continuation-pa-exact-benchmark-canary-novelty-ws-collaborati-20260527T220223Z,pa-exact-benchmark-canary-novelty-ws-collaboration-ui-signals-seed-1170001-user-cursor,benchmark canary/exact-stack
2026-05-27T22:02:27Z,launch,continuation pa-exact-benchmark-canary-novelty-http-large-post-lifecycle-seed-1140001-final-persistence session=rtc-critical-continuation-pa-exact-benchmark-canary-novelty-http-large-pos-20260527T220225Z,pa-exact-benchmark-canary-novelty-http-large-post-lifecycle-seed-1140001-final-persistence,benchmark canary/exact-stack
2026-05-27T22:08:54Z,launch,continuation productive-analysis-action session=rtc-critical-continuation-productive-analysis-action-20260527T220852Z,productive-analysis-action,critical-path launch
2026-05-27T22:17:20Z,launch,continuation productive-analysis-action session=rtc-critical-continuation-productive-analysis-action-20260527T221718Z,productive-analysis-action,critical-path launch
2026-05-27T22:19:15Z,launch,continuation pa-exact-benchmark-canary-novelty-ws-collaboration-ui-signals-seed-1170001-user-cursor session=rtc-critical-continuation-pa-exact-benchmark-canary-novelty-ws-collaborati-20260527T221913Z,pa-exact-benchmark-canary-novelty-ws-collaboration-ui-signals-seed-1170001-user-cursor,benchmark canary/exact-stack
2026-05-27T22:27:41Z,launch,continuation productive-analysis-action session=rtc-critical-continuation-productive-analysis-action-20260527T222740Z,productive-analysis-action,critical-path launch
2026-05-27T22:35:42Z,launch,continuation pa-exact-benchmark-canary-novelty-ws-collaboration-ui-signals-seed-1170001-user-cursor session=rtc-critical-continuation-pa-exact-benchmark-canary-novelty-ws-collaborati-20260527T223540Z,pa-exact-benchmark-canary-novelty-ws-collaboration-ui-signals-seed-1170001-user-cursor,benchmark canary/exact-stack
2026-05-27T22:38:03Z,launch,continuation productive-analysis-action session=rtc-critical-continuation-productive-analysis-action-20260527T223801Z,productive-analysis-action,critical-path launch
2026-05-27T22:46:28Z,launch,continuation productive-analysis-action session=rtc-critical-continuation-productive-analysis-action-20260527T224626Z,productive-analysis-action,critical-path launch
2026-05-27T22:48:29Z,launch,continuation pa-exact-benchmark-canary-novelty-http-large-post-lifecycle-seed-1140001-final-persistence session=rtc-critical-continuation-pa-exact-benchmark-canary-novelty-http-large-pos-20260527T224827Z,pa-exact-benchmark-canary-novelty-http-large-post-lifecycle-seed-1140001-final-persistence,benchmark canary/exact-stack
2026-05-27T22:52:52Z,launch,continuation pa-exact-benchmark-canary-novelty-ws-collaboration-ui-signals-seed-1170001-user-cursor session=rtc-critical-continuation-pa-exact-benchmark-canary-novelty-ws-collaborati-20260527T225250Z,pa-exact-benchmark-canary-novelty-ws-collaboration-ui-signals-seed-1170001-user-cursor,benchmark canary/exact-stack
2026-05-27T22:57:22Z,launch,continuation productive-analysis-action session=rtc-critical-continuation-productive-analysis-action-20260527T225720Z,productive-analysis-action,critical-path launch
2026-05-27T23:03:32Z,launch,continuation pa-exact-benchmark-canary-novelty-http-large-post-lifecycle-seed-1140001-final-persistence session=rtc-critical-continuation-pa-exact-benchmark-canary-novelty-http-large-pos-20260527T230331Z,pa-exact-benchmark-canary-novelty-http-large-post-lifecycle-seed-1140001-final-persistence,benchmark canary/exact-stack
2026-05-27T23:07:58Z,launch,continuation productive-analysis-action session=rtc-critical-continuation-productive-analysis-action-20260527T230756Z,productive-analysis-action,critical-path launch
2026-05-27T23:09:53Z,launch,continuation pa-exact-benchmark-canary-novelty-ws-collaboration-ui-signals-seed-1170001-user-cursor session=rtc-critical-continuation-pa-exact-benchmark-canary-novelty-ws-collaborati-20260527T230951Z,pa-exact-benchmark-canary-novelty-ws-collaboration-ui-signals-seed-1170001-user-cursor,benchmark canary/exact-stack
2026-05-27T23:18:30Z,launch,continuation productive-analysis-action session=rtc-critical-continuation-productive-analysis-action-20260527T231828Z,productive-analysis-action,critical-path launch
2026-05-27T23:20:23Z,launch,continuation pa-exact-benchmark-canary-novelty-http-large-post-lifecycle-seed-1140001-final-persistence session=rtc-critical-continuation-pa-exact-benchmark-canary-novelty-http-large-pos-20260527T232022Z,pa-exact-benchmark-canary-novelty-http-large-post-lifecycle-seed-1140001-final-persistence,benchmark canary/exact-stack
2026-05-27T23:26:42Z,launch,continuation pa-exact-benchmark-canary-novelty-ws-collaboration-ui-signals-seed-1170001-user-cursor session=rtc-critical-continuation-pa-exact-benchmark-canary-novelty-ws-collaborati-20260527T232640Z,pa-exact-benchmark-canary-novelty-ws-collaboration-ui-signals-seed-1170001-user-cursor,benchmark canary/exact-stack
2026-05-27T23:29:06Z,launch,continuation productive-analysis-action session=rtc-critical-continuation-productive-analysis-action-20260527T232904Z,productive-analysis-action,critical-path launch
2026-05-27T23:37:21Z,launch,continuation pa-exact-benchmark-canary-novelty-http-large-post-lifecycle-seed-1140001-final-persistence session=rtc-critical-continuation-pa-exact-benchmark-canary-novelty-http-large-pos-20260527T233719Z,pa-exact-benchmark-canary-novelty-http-large-post-lifecycle-seed-1140001-final-persistence,benchmark canary/exact-stack
2026-05-27T23:37:38Z,launch,continuation productive-analysis-action session=rtc-critical-continuation-productive-analysis-action-20260527T233736Z,productive-analysis-action,critical-path launch
2026-05-27T23:43:39Z,launch,continuation pa-exact-benchmark-canary-novelty-ws-collaboration-ui-signals-seed-1170001-user-cursor session=rtc-critical-continuation-pa-exact-benchmark-canary-novelty-ws-collaborati-20260527T234338Z,pa-exact-benchmark-canary-novelty-ws-collaboration-ui-signals-seed-1170001-user-cursor,benchmark canary/exact-stack
2026-05-27T23:47:51Z,launch,continuation pa-exact-benchmark-canary-novelty-http-self-presence-ui-signals-seed-1250001-remote-cursor-overlay session=rtc-critical-continuation-pa-exact-benchmark-canary-novelty-http-self-pres-20260527T234750Z,pa-exact-benchmark-canary-novelty-http-self-presence-ui-signals-seed-1250001-remote-cursor-overlay,benchmark canary/exact-stack
2026-05-27T23:50:13Z,launch,continuation productive-analysis-action session=rtc-critical-continuation-productive-analysis-action-20260527T235011Z,productive-analysis-action,critical-path launch
2026-05-27T23:54:13Z,launch,continuation pa-exact-benchmark-canary-novelty-http-large-post-lifecycle-seed-1140001-final-persistence session=rtc-critical-continuation-pa-exact-benchmark-canary-novelty-http-large-pos-20260527T235411Z,pa-exact-benchmark-canary-novelty-http-large-post-lifecycle-seed-1140001-final-persistence,benchmark canary/exact-stack
2026-05-27T23:58:39Z,launch,continuation productive-analysis-action session=rtc-critical-continuation-productive-analysis-action-20260527T235837Z,productive-analysis-action,critical-path launch
2026-05-28T00:00:37Z,launch,continuation pa-exact-benchmark-canary-novelty-ws-collaboration-ui-signals-seed-1170001-user-cursor session=rtc-critical-continuation-pa-exact-benchmark-canary-novelty-ws-collaborati-20260528T000035Z,pa-exact-benchmark-canary-novelty-ws-collaboration-ui-signals-seed-1170001-user-cursor,benchmark canary/exact-stack
2026-05-28T00:04:56Z,launch,continuation pa-exact-benchmark-canary-novelty-http-self-presence-ui-signals-seed-1250001-remote-cursor-overlay session=rtc-critical-continuation-pa-exact-benchmark-canary-novelty-http-self-pres-20260528T000455Z,pa-exact-benchmark-canary-novelty-http-self-presence-ui-signals-seed-1250001-remote-cursor-overlay,benchmark canary/exact-stack
2026-05-28T00:07:18Z,launch,continuation productive-analysis-action session=rtc-critical-continuation-productive-analysis-action-20260528T000716Z,productive-analysis-action,critical-path launch
2026-05-28T00:11:19Z,launch,continuation pa-exact-benchmark-canary-novelty-http-large-post-lifecycle-seed-1140001-final-persistence session=rtc-critical-continuation-pa-exact-benchmark-canary-novelty-http-large-pos-20260528T001117Z,pa-exact-benchmark-canary-novelty-http-large-post-lifecycle-seed-1140001-final-persistence,benchmark canary/exact-stack
2026-05-28T00:17:45Z,launch,continuation pa-exact-benchmark-canary-novelty-ws-collaboration-ui-signals-seed-1170001-user-cursor session=rtc-critical-continuation-pa-exact-benchmark-canary-novelty-ws-collaborati-20260528T001743Z,pa-exact-benchmark-canary-novelty-ws-collaboration-ui-signals-seed-1170001-user-cursor,benchmark canary/exact-stack
2026-05-28T00:18:00Z,launch,continuation productive-analysis-action session=rtc-critical-continuation-productive-analysis-action-20260528T001758Z,productive-analysis-action,critical-path launch
2026-05-28T00:22:00Z,launch,continuation pa-exact-benchmark-canary-novelty-http-self-presence-ui-signals-seed-1250001-remote-cursor-overlay session=rtc-critical-continuation-pa-exact-benchmark-canary-novelty-http-self-pres-20260528T002158Z,pa-exact-benchmark-canary-novelty-http-self-presence-ui-signals-seed-1250001-remote-cursor-overlay,benchmark canary/exact-stack
2026-05-28T00:26:22Z,launch,continuation pa-exact-benchmark-canary-novelty-http-large-post-lifecycle-seed-1140001-final-persistence session=rtc-critical-continuation-pa-exact-benchmark-canary-novelty-http-large-pos-20260528T002620Z,pa-exact-benchmark-canary-novelty-http-large-post-lifecycle-seed-1140001-final-persistence,benchmark canary/exact-stack
2026-05-28T00:30:57Z,launch,continuation productive-analysis-action session=rtc-critical-continuation-productive-analysis-action-20260528T003055Z,productive-analysis-action,critical-path launch
2026-05-28T00:32:58Z,launch,continuation benchmark-canary-fuzzer-gap session=rtc-critical-continuation-benchmark-canary-fuzzer-gap-20260528T003256Z,benchmark-canary-fuzzer-gap,benchmark canary/exact-stack
2026-05-28T00:33:00Z,launch,continuation pa-exact-benchmark-canary-novelty-ws-collaboration-ui-signals-seed-1170001-user-cursor session=rtc-critical-continuation-pa-exact-benchmark-canary-novelty-ws-collaborati-20260528T003258Z,pa-exact-benchmark-canary-novelty-ws-collaboration-ui-signals-seed-1170001-user-cursor,benchmark canary/exact-stack
2026-05-28T00:39:31Z,launch,continuation pa-exact-benchmark-canary-novelty-http-self-presence-ui-signals-seed-1250001-remote-cursor-overlay session=rtc-critical-continuation-pa-exact-benchmark-canary-novelty-http-self-pres-20260528T003929Z,pa-exact-benchmark-canary-novelty-http-self-presence-ui-signals-seed-1250001-remote-cursor-overlay,benchmark canary/exact-stack
2026-05-28T00:41:57Z,launch,continuation pa-exact-benchmark-canary-novelty-http-large-post-lifecycle-seed-1140001-final-persistence session=rtc-critical-continuation-pa-exact-benchmark-canary-novelty-http-large-pos-20260528T004155Z,pa-exact-benchmark-canary-novelty-http-large-post-lifecycle-seed-1140001-final-persistence,benchmark canary/exact-stack
2026-05-28T00:49:06Z,launch,continuation pa-exact-benchmark-canary-novelty-ws-collaboration-ui-signals-seed-1170001-user-cursor session=rtc-critical-continuation-pa-exact-benchmark-canary-novelty-ws-collaborati-20260528T004904Z,pa-exact-benchmark-canary-novelty-ws-collaboration-ui-signals-seed-1170001-user-cursor,benchmark canary/exact-stack
2026-05-28T00:55:35Z,launch,continuation pa-exact-benchmark-canary-novelty-http-self-presence-ui-signals-seed-1250001-remote-cursor-overlay session=rtc-critical-continuation-pa-exact-benchmark-canary-novelty-http-self-pres-20260528T005534Z,pa-exact-benchmark-canary-novelty-http-self-presence-ui-signals-seed-1250001-remote-cursor-overlay,benchmark canary/exact-stack
2026-05-28T00:57:47Z,launch,continuation pa-exact-benchmark-canary-novelty-http-large-post-lifecycle-seed-1140001-final-persistence session=rtc-critical-continuation-pa-exact-benchmark-canary-novelty-http-large-pos-20260528T005745Z,pa-exact-benchmark-canary-novelty-http-large-post-lifecycle-seed-1140001-final-persistence,benchmark canary/exact-stack
2026-05-28T01:02:27Z,launch,continuation productive-analysis-action session=rtc-critical-continuation-productive-analysis-action-20260528T010225Z,productive-analysis-action,critical-path launch
2026-05-28T01:04:28Z,launch,continuation benchmark-canary-fuzzer-gap session=rtc-critical-continuation-benchmark-canary-fuzzer-gap-20260528T010426Z,benchmark-canary-fuzzer-gap,benchmark canary/exact-stack
2026-05-28T01:04:30Z,launch,continuation pa-exact-benchmark-canary-novelty-ws-collaboration-ui-signals-seed-1170001-user-cursor session=rtc-critical-continuation-pa-exact-benchmark-canary-novelty-ws-collaborati-20260528T010428Z,pa-exact-benchmark-canary-novelty-ws-collaboration-ui-signals-seed-1170001-user-cursor,benchmark canary/exact-stack
2026-05-28T01:10:56Z,launch,continuation pa-exact-benchmark-canary-novelty-http-self-presence-ui-signals-seed-1250001-remote-cursor-overlay session=rtc-critical-continuation-pa-exact-benchmark-canary-novelty-http-self-pres-20260528T011054Z,pa-exact-benchmark-canary-novelty-http-self-presence-ui-signals-seed-1250001-remote-cursor-overlay,benchmark canary/exact-stack
2026-05-28T01:15:11Z,launch,continuation pa-exact-benchmark-canary-novelty-http-large-post-lifecycle-seed-1140001-final-persistence session=rtc-critical-continuation-pa-exact-benchmark-canary-novelty-http-large-pos-20260528T011509Z,pa-exact-benchmark-canary-novelty-http-large-post-lifecycle-seed-1140001-final-persistence,benchmark canary/exact-stack
2026-05-28T01:19:38Z,launch,continuation productive-analysis-action session=rtc-critical-continuation-productive-analysis-action-20260528T011936Z,productive-analysis-action,critical-path launch
2026-05-28T01:21:41Z,launch,continuation pa-exact-benchmark-canary-novelty-ws-collaboration-ui-signals-seed-1170001-user-cursor session=rtc-critical-continuation-pa-exact-benchmark-canary-novelty-ws-collaborati-20260528T012139Z,pa-exact-benchmark-canary-novelty-ws-collaboration-ui-signals-seed-1170001-user-cursor,benchmark canary/exact-stack
2026-05-28T01:26:14Z,launch,continuation pa-exact-benchmark-canary-novelty-http-self-presence-ui-signals-seed-1250001-remote-cursor-overlay session=rtc-critical-continuation-pa-exact-benchmark-canary-novelty-http-self-pres-20260528T012612Z,pa-exact-benchmark-canary-novelty-http-self-presence-ui-signals-seed-1250001-remote-cursor-overlay,benchmark canary/exact-stack
2026-05-28T01:30:39Z,launch,continuation pa-exact-benchmark-canary-novelty-http-large-post-lifecycle-seed-1140001-final-persistence session=rtc-critical-continuation-pa-exact-benchmark-canary-novelty-http-large-pos-20260528T013038Z,pa-exact-benchmark-canary-novelty-http-large-post-lifecycle-seed-1140001-final-persistence,benchmark canary/exact-stack
2026-05-28T01:33:02Z,launch,continuation productive-analysis-action session=rtc-critical-continuation-productive-analysis-action-20260528T013301Z,productive-analysis-action,critical-path launch
2026-05-28T01:37:16Z,launch,continuation pa-exact-benchmark-canary-novelty-ws-collaboration-ui-signals-seed-1170001-user-cursor session=rtc-critical-continuation-pa-exact-benchmark-canary-novelty-ws-collaborati-20260528T013714Z,pa-exact-benchmark-canary-novelty-ws-collaboration-ui-signals-seed-1170001-user-cursor,benchmark canary/exact-stack
2026-05-28T01:41:40Z,launch,continuation pa-exact-benchmark-canary-novelty-http-self-presence-ui-signals-seed-1250001-remote-cursor-overlay session=rtc-critical-continuation-pa-exact-benchmark-canary-novelty-http-self-pres-20260528T014138Z,pa-exact-benchmark-canary-novelty-http-self-presence-ui-signals-seed-1250001-remote-cursor-overlay,benchmark canary/exact-stack
2026-05-28T01:46:01Z,launch,continuation pa-exact-benchmark-canary-novelty-http-large-post-lifecycle-seed-1140001-final-persistence session=rtc-critical-continuation-pa-exact-benchmark-canary-novelty-http-large-pos-20260528T014600Z,pa-exact-benchmark-canary-novelty-http-large-post-lifecycle-seed-1140001-final-persistence,benchmark canary/exact-stack
2026-05-28T01:50:35Z,launch,continuation productive-analysis-action session=rtc-critical-continuation-productive-analysis-action-20260528T015033Z,productive-analysis-action,critical-path launch
2026-05-28T01:52:36Z,launch,continuation benchmark-canary-fuzzer-gap session=rtc-critical-continuation-benchmark-canary-fuzzer-gap-20260528T015235Z,benchmark-canary-fuzzer-gap,benchmark canary/exact-stack
2026-05-28T01:52:38Z,launch,continuation pa-exact-benchmark-canary-novelty-ws-collaboration-ui-signals-seed-1170001-user-cursor session=rtc-critical-continuation-pa-exact-benchmark-canary-novelty-ws-collaborati-20260528T015236Z,pa-exact-benchmark-canary-novelty-ws-collaboration-ui-signals-seed-1170001-user-cursor,benchmark canary/exact-stack
2026-05-28T01:59:16Z,launch,continuation pa-exact-benchmark-canary-novelty-http-self-presence-ui-signals-seed-1250001-remote-cursor-overlay session=rtc-critical-continuation-pa-exact-benchmark-canary-novelty-http-self-pres-20260528T015915Z,pa-exact-benchmark-canary-novelty-http-self-presence-ui-signals-seed-1250001-remote-cursor-overlay,benchmark canary/exact-stack
2026-05-28T02:07:56Z,launch,continuation pa-exact-benchmark-canary-novelty-ws-collaboration-ui-signals-seed-1170001-user-cursor session=rtc-critical-continuation-pa-exact-benchmark-canary-novelty-ws-collaborati-20260528T020754Z,pa-exact-benchmark-canary-novelty-ws-collaboration-ui-signals-seed-1170001-user-cursor,benchmark canary/exact-stack
2026-05-28T02:12:37Z,launch,continuation productive-analysis-action session=rtc-critical-continuation-productive-analysis-action-20260528T021235Z,productive-analysis-action,critical-path launch
2026-05-28T02:14:36Z,launch,continuation pa-exact-benchmark-canary-novelty-http-self-presence-ui-signals-seed-1250001-remote-cursor-overlay session=rtc-critical-continuation-pa-exact-benchmark-canary-novelty-http-self-pres-20260528T021435Z,pa-exact-benchmark-canary-novelty-http-self-presence-ui-signals-seed-1250001-remote-cursor-overlay,benchmark canary/exact-stack
2026-05-28T02:19:10Z,launch,continuation productive-analysis-action session=rtc-critical-continuation-productive-analysis-action-20260528T021908Z,productive-analysis-action,critical-path launch
2026-05-28T02:25:25Z,launch,continuation benchmark-canary-fuzzer-gap session=rtc-critical-continuation-benchmark-canary-fuzzer-gap-20260528T022523Z,benchmark-canary-fuzzer-gap,benchmark canary/exact-stack
2026-05-28T02:27:36Z,launch,continuation pa-exact-benchmark-canary-novelty-ws-collaboration-ui-signals-seed-1170001-user-cursor session=rtc-critical-continuation-pa-exact-benchmark-canary-novelty-ws-collaborati-20260528T022734Z,pa-exact-benchmark-canary-novelty-ws-collaboration-ui-signals-seed-1170001-user-cursor,benchmark canary/exact-stack
2026-05-28T02:29:51Z,launch,continuation pa-exact-benchmark-canary-novelty-http-self-presence-ui-signals-seed-1250001-remote-cursor-overlay session=rtc-critical-continuation-pa-exact-benchmark-canary-novelty-http-self-pres-20260528T022949Z,pa-exact-benchmark-canary-novelty-http-self-presence-ui-signals-seed-1250001-remote-cursor-overlay,benchmark canary/exact-stack
2026-05-28T02:38:59Z,launch,continuation productive-analysis-action session=rtc-critical-continuation-productive-analysis-action-20260528T023857Z,productive-analysis-action,critical-path launch
2026-05-28T02:43:09Z,launch,continuation benchmark-canary-fuzzer-gap session=rtc-critical-continuation-benchmark-canary-fuzzer-gap-20260528T024307Z,benchmark-canary-fuzzer-gap,benchmark canary/exact-stack
2026-05-28T02:43:10Z,launch,continuation pa-exact-benchmark-canary-novelty-ws-collaboration-ui-signals-seed-1170001-user-cursor session=rtc-critical-continuation-pa-exact-benchmark-canary-novelty-ws-collaborati-20260528T024309Z,pa-exact-benchmark-canary-novelty-ws-collaboration-ui-signals-seed-1170001-user-cursor,benchmark canary/exact-stack
2026-05-28T02:47:38Z,launch,continuation pa-exact-benchmark-canary-novelty-http-self-presence-ui-signals-seed-1250001-remote-cursor-overlay session=rtc-critical-continuation-pa-exact-benchmark-canary-novelty-http-self-pres-20260528T024736Z,pa-exact-benchmark-canary-novelty-http-self-presence-ui-signals-seed-1250001-remote-cursor-overlay,benchmark canary/exact-stack
2026-05-28T02:58:44Z,launch,continuation pa-exact-benchmark-canary-novelty-ws-collaboration-ui-signals-seed-1170001-user-cursor session=rtc-critical-continuation-pa-exact-benchmark-canary-novelty-ws-collaborati-20260528T025842Z,pa-exact-benchmark-canary-novelty-ws-collaboration-ui-signals-seed-1170001-user-cursor,benchmark canary/exact-stack
2026-05-28T03:01:10Z,launch,continuation productive-analysis-action session=rtc-critical-continuation-productive-analysis-action-20260528T030108Z,productive-analysis-action,critical-path launch
2026-05-28T03:03:10Z,launch,continuation pa-exact-benchmark-canary-novelty-http-self-presence-ui-signals-seed-1250001-remote-cursor-overlay session=rtc-critical-continuation-pa-exact-benchmark-canary-novelty-http-self-pres-20260528T030308Z,pa-exact-benchmark-canary-novelty-http-self-presence-ui-signals-seed-1250001-remote-cursor-overlay,benchmark canary/exact-stack
2026-05-28T03:13:46Z,launch,continuation benchmark-canary-fuzzer-gap session=rtc-critical-continuation-benchmark-canary-fuzzer-gap-20260528T031344Z,benchmark-canary-fuzzer-gap,benchmark canary/exact-stack
2026-05-28T03:13:48Z,launch,continuation pa-exact-benchmark-canary-novelty-ws-collaboration-ui-signals-seed-1170001-user-cursor session=rtc-critical-continuation-pa-exact-benchmark-canary-novelty-ws-collaborati-20260528T031346Z,pa-exact-benchmark-canary-novelty-ws-collaboration-ui-signals-seed-1170001-user-cursor,benchmark canary/exact-stack
2026-05-28T03:14:03Z,launch,continuation productive-analysis-action session=rtc-critical-continuation-productive-analysis-action-20260528T031402Z,productive-analysis-action,critical-path launch
2026-05-28T03:18:17Z,launch,continuation pa-exact-benchmark-canary-novelty-http-self-presence-ui-signals-seed-1250001-remote-cursor-overlay session=rtc-critical-continuation-pa-exact-benchmark-canary-novelty-http-self-pres-20260528T031815Z,pa-exact-benchmark-canary-novelty-http-self-presence-ui-signals-seed-1250001-remote-cursor-overlay,benchmark canary/exact-stack
2026-05-28T03:27:13Z,launch,continuation productive-analysis-action session=rtc-critical-continuation-productive-analysis-action-20260528T032712Z,productive-analysis-action,critical-path launch
2026-05-28T03:29:19Z,launch,continuation pa-exact-benchmark-canary-novelty-ws-collaboration-ui-signals-seed-1170001-user-cursor session=rtc-critical-continuation-pa-exact-benchmark-canary-novelty-ws-collaborati-20260528T032917Z,pa-exact-benchmark-canary-novelty-ws-collaboration-ui-signals-seed-1170001-user-cursor,benchmark canary/exact-stack
2026-05-28T03:33:54Z,launch,continuation pa-exact-benchmark-canary-novelty-http-self-presence-ui-signals-seed-1250001-remote-cursor-overlay session=rtc-critical-continuation-pa-exact-benchmark-canary-novelty-http-self-pres-20260528T033352Z,pa-exact-benchmark-canary-novelty-http-self-presence-ui-signals-seed-1250001-remote-cursor-overlay,benchmark canary/exact-stack
2026-05-28T03:38:41Z,launch,continuation productive-analysis-action session=rtc-critical-continuation-productive-analysis-action-20260528T033839Z,productive-analysis-action,critical-path launch
2026-05-28T03:44:58Z,launch,continuation pa-exact-benchmark-canary-novelty-ws-collaboration-ui-signals-seed-1170001-user-cursor session=rtc-critical-continuation-pa-exact-benchmark-canary-novelty-ws-collaborati-20260528T034456Z,pa-exact-benchmark-canary-novelty-ws-collaboration-ui-signals-seed-1170001-user-cursor,benchmark canary/exact-stack
2026-05-28T03:49:20Z,launch,continuation pa-exact-benchmark-canary-novelty-http-self-presence-ui-signals-seed-1250001-remote-cursor-overlay session=rtc-critical-continuation-pa-exact-benchmark-canary-novelty-http-self-pres-20260528T034918Z,pa-exact-benchmark-canary-novelty-http-self-presence-ui-signals-seed-1250001-remote-cursor-overlay,benchmark canary/exact-stack
2026-05-28T03:58:26Z,launch,continuation productive-analysis-action session=rtc-critical-continuation-productive-analysis-action-20260528T035825Z,productive-analysis-action,critical-path launch
2026-05-28T04:00:32Z,launch,continuation benchmark-canary-fuzzer-gap session=rtc-critical-continuation-benchmark-canary-fuzzer-gap-20260528T040030Z,benchmark-canary-fuzzer-gap,benchmark canary/exact-stack
2026-05-28T04:00:34Z,launch,continuation pa-exact-benchmark-canary-novelty-ws-collaboration-ui-signals-seed-1170001-user-cursor session=rtc-critical-continuation-pa-exact-benchmark-canary-novelty-ws-collaborati-20260528T040032Z,pa-exact-benchmark-canary-novelty-ws-collaboration-ui-signals-seed-1170001-user-cursor,benchmark canary/exact-stack
2026-05-28T04:05:00Z,launch,continuation pa-exact-benchmark-canary-novelty-http-self-presence-ui-signals-seed-1250001-remote-cursor-overlay session=rtc-critical-continuation-pa-exact-benchmark-canary-novelty-http-self-pres-20260528T040458Z,pa-exact-benchmark-canary-novelty-http-self-presence-ui-signals-seed-1250001-remote-cursor-overlay,benchmark canary/exact-stack
2026-05-28T04:07:26Z,launch,continuation productive-analysis-action session=rtc-critical-continuation-productive-analysis-action-20260528T040724Z,productive-analysis-action,critical-path launch
2026-05-28T04:16:01Z,launch,continuation pa-exact-benchmark-canary-novelty-ws-collaboration-ui-signals-seed-1170001-user-cursor session=rtc-critical-continuation-pa-exact-benchmark-canary-novelty-ws-collaborati-20260528T041559Z,pa-exact-benchmark-canary-novelty-ws-collaboration-ui-signals-seed-1170001-user-cursor,benchmark canary/exact-stack
2026-05-28T04:18:24Z,launch,continuation productive-analysis-action session=rtc-critical-continuation-productive-analysis-action-20260528T041822Z,productive-analysis-action,critical-path launch
2026-05-28T04:20:26Z,launch,continuation pa-exact-benchmark-canary-novelty-http-self-presence-ui-signals-seed-1250001-remote-cursor-overlay session=rtc-critical-continuation-pa-exact-benchmark-canary-novelty-http-self-pres-20260528T042025Z,pa-exact-benchmark-canary-novelty-http-self-presence-ui-signals-seed-1250001-remote-cursor-overlay,benchmark canary/exact-stack
2026-05-28T04:27:31Z,launch,continuation productive-analysis-action session=rtc-critical-continuation-productive-analysis-action-20260528T042729Z,productive-analysis-action,critical-path launch
2026-05-28T04:31:45Z,launch,continuation pa-exact-benchmark-canary-novelty-ws-collaboration-ui-signals-seed-1170001-user-cursor session=rtc-critical-continuation-pa-exact-benchmark-canary-novelty-ws-collaborati-20260528T043143Z,pa-exact-benchmark-canary-novelty-ws-collaboration-ui-signals-seed-1170001-user-cursor,benchmark canary/exact-stack
2026-05-28T04:36:06Z,launch,continuation pa-exact-benchmark-canary-novelty-http-self-presence-ui-signals-seed-1250001-remote-cursor-overlay session=rtc-critical-continuation-pa-exact-benchmark-canary-novelty-http-self-pres-20260528T043604Z,pa-exact-benchmark-canary-novelty-http-self-presence-ui-signals-seed-1250001-remote-cursor-overlay,benchmark canary/exact-stack
2026-05-28T04:38:33Z,launch,continuation productive-analysis-action session=rtc-critical-continuation-productive-analysis-action-20260528T043831Z,productive-analysis-action,critical-path launch
2026-05-28T04:43:03Z,launch,continuation benchmark-canary-fuzzer-gap session=rtc-critical-continuation-benchmark-canary-fuzzer-gap-20260528T044301Z,benchmark-canary-fuzzer-gap,benchmark canary/exact-stack
2026-05-28T04:47:29Z,launch,continuation pa-exact-benchmark-canary-novelty-ws-collaboration-ui-signals-seed-1170001-user-cursor session=rtc-critical-continuation-pa-exact-benchmark-canary-novelty-ws-collaborati-20260528T044728Z,pa-exact-benchmark-canary-novelty-ws-collaboration-ui-signals-seed-1170001-user-cursor,benchmark canary/exact-stack
2026-05-28T04:47:44Z,launch,continuation productive-analysis-action session=rtc-critical-continuation-productive-analysis-action-20260528T044742Z,productive-analysis-action,critical-path launch
2026-05-28T04:51:57Z,launch,continuation pa-exact-benchmark-canary-novelty-http-self-presence-ui-signals-seed-1250001-remote-cursor-overlay session=rtc-critical-continuation-pa-exact-benchmark-canary-novelty-http-self-pres-20260528T045156Z,pa-exact-benchmark-canary-novelty-http-self-presence-ui-signals-seed-1250001-remote-cursor-overlay,benchmark canary/exact-stack
2026-05-28T04:58:52Z,launch,continuation productive-analysis-action session=rtc-critical-continuation-productive-analysis-action-20260528T045850Z,productive-analysis-action,critical-path launch
2026-05-28T05:03:21Z,launch,continuation pa-exact-benchmark-canary-novelty-ws-collaboration-ui-signals-seed-1170001-user-cursor session=rtc-critical-continuation-pa-exact-benchmark-canary-novelty-ws-collaborati-20260528T050319Z,pa-exact-benchmark-canary-novelty-ws-collaboration-ui-signals-seed-1170001-user-cursor,benchmark canary/exact-stack
2026-05-28T05:08:00Z,launch,continuation pa-exact-benchmark-canary-novelty-http-self-presence-ui-signals-seed-1250001-remote-cursor-overlay session=rtc-critical-continuation-pa-exact-benchmark-canary-novelty-http-self-pres-20260528T050758Z,pa-exact-benchmark-canary-novelty-http-self-presence-ui-signals-seed-1250001-remote-cursor-overlay,benchmark canary/exact-stack
2026-05-28T05:12:37Z,launch,continuation productive-analysis-action session=rtc-critical-continuation-productive-analysis-action-20260528T051236Z,productive-analysis-action,critical-path launch
2026-05-28T05:17:01Z,launch,continuation benchmark-canary-fuzzer-gap session=rtc-critical-continuation-benchmark-canary-fuzzer-gap-20260528T051659Z,benchmark-canary-fuzzer-gap,benchmark canary/exact-stack
2026-05-28T05:19:17Z,launch,continuation pa-exact-benchmark-canary-novelty-ws-collaboration-ui-signals-seed-1170001-user-cursor session=rtc-critical-continuation-pa-exact-benchmark-canary-novelty-ws-collaborati-20260528T051915Z,pa-exact-benchmark-canary-novelty-ws-collaboration-ui-signals-seed-1170001-user-cursor,benchmark canary/exact-stack
2026-05-28T05:19:31Z,launch,continuation productive-analysis-action session=rtc-critical-continuation-productive-analysis-action-20260528T051929Z,productive-analysis-action,critical-path launch
2026-05-28T05:23:43Z,launch,continuation pa-exact-benchmark-canary-novelty-http-self-presence-ui-signals-seed-1250001-remote-cursor-overlay session=rtc-critical-continuation-pa-exact-benchmark-canary-novelty-http-self-pres-20260528T052341Z,pa-exact-benchmark-canary-novelty-http-self-presence-ui-signals-seed-1250001-remote-cursor-overlay,benchmark canary/exact-stack
2026-05-28T05:28:19Z,launch,continuation productive-analysis-action session=rtc-critical-continuation-productive-analysis-action-20260528T052817Z,productive-analysis-action,critical-path launch
2026-05-28T05:35:01Z,launch,continuation pa-exact-benchmark-canary-novelty-ws-collaboration-ui-signals-seed-1170001-user-cursor session=rtc-critical-continuation-pa-exact-benchmark-canary-novelty-ws-collaborati-20260528T053459Z,pa-exact-benchmark-canary-novelty-ws-collaboration-ui-signals-seed-1170001-user-cursor,benchmark canary/exact-stack
2026-05-28T05:37:37Z,launch,continuation productive-analysis-action session=rtc-critical-continuation-productive-analysis-action-20260528T053735Z,productive-analysis-action,critical-path launch
2026-05-28T05:39:40Z,launch,continuation pa-exact-benchmark-canary-novelty-http-self-presence-ui-signals-seed-1250001-remote-cursor-overlay session=rtc-critical-continuation-pa-exact-benchmark-canary-novelty-http-self-pres-20260528T053938Z,pa-exact-benchmark-canary-novelty-http-self-presence-ui-signals-seed-1250001-remote-cursor-overlay,benchmark canary/exact-stack
2026-05-28T05:48:39Z,launch,continuation productive-analysis-action session=rtc-critical-continuation-productive-analysis-action-20260528T054838Z,productive-analysis-action,critical-path launch
2026-05-28T05:50:44Z,launch,continuation benchmark-canary-fuzzer-gap session=rtc-critical-continuation-benchmark-canary-fuzzer-gap-20260528T055042Z,benchmark-canary-fuzzer-gap,benchmark canary/exact-stack
2026-05-28T05:50:46Z,launch,continuation pa-exact-benchmark-canary-novelty-ws-collaboration-ui-signals-seed-1170001-user-cursor session=rtc-critical-continuation-pa-exact-benchmark-canary-novelty-ws-collaborati-20260528T055044Z,pa-exact-benchmark-canary-novelty-ws-collaboration-ui-signals-seed-1170001-user-cursor,benchmark canary/exact-stack
2026-05-28T05:55:10Z,launch,continuation pa-exact-benchmark-canary-novelty-http-self-presence-ui-signals-seed-1250001-remote-cursor-overlay session=rtc-critical-continuation-pa-exact-benchmark-canary-novelty-http-self-pres-20260528T055508Z,pa-exact-benchmark-canary-novelty-http-self-presence-ui-signals-seed-1250001-remote-cursor-overlay,benchmark canary/exact-stack
2026-05-28T05:59:48Z,launch,continuation productive-analysis-action session=rtc-critical-continuation-productive-analysis-action-20260528T055946Z,productive-analysis-action,critical-path launch
2026-05-28T06:08:41Z,launch,continuation productive-analysis-action session=rtc-critical-continuation-productive-analysis-action-20260528T060840Z,productive-analysis-action,critical-path launch
2026-05-28T06:10:44Z,launch,continuation pa-exact-benchmark-canary-novelty-http-self-presence-ui-signals-seed-1250001-remote-cursor-overlay session=rtc-critical-continuation-pa-exact-benchmark-canary-novelty-http-self-pres-20260528T061042Z,pa-exact-benchmark-canary-novelty-http-self-presence-ui-signals-seed-1250001-remote-cursor-overlay,benchmark canary/exact-stack
2026-05-28T06:17:51Z,launch,continuation productive-analysis-action session=rtc-critical-continuation-productive-analysis-action-20260528T061749Z,productive-analysis-action,critical-path launch
2026-05-28T06:26:31Z,launch,continuation pa-exact-benchmark-canary-novelty-http-self-presence-ui-signals-seed-1250001-remote-cursor-overlay session=rtc-critical-continuation-pa-exact-benchmark-canary-novelty-http-self-pres-20260528T062629Z,pa-exact-benchmark-canary-novelty-http-self-presence-ui-signals-seed-1250001-remote-cursor-overlay,benchmark canary/exact-stack
2026-05-28T06:29:02Z,launch,continuation productive-analysis-action session=rtc-critical-continuation-productive-analysis-action-20260528T062900Z,productive-analysis-action,critical-path launch
2026-05-28T06:38:12Z,launch,continuation productive-analysis-action session=rtc-critical-continuation-productive-analysis-action-20260528T063810Z,productive-analysis-action,critical-path launch
2026-05-28T06:40:19Z,launch,continuation benchmark-canary-fuzzer-gap session=rtc-critical-continuation-benchmark-canary-fuzzer-gap-20260528T064017Z,benchmark-canary-fuzzer-gap,benchmark canary/exact-stack
2026-05-28T06:42:32Z,launch,continuation pa-exact-benchmark-canary-novelty-http-self-presence-ui-signals-seed-1250001-remote-cursor-overlay session=rtc-critical-continuation-pa-exact-benchmark-canary-novelty-http-self-pres-20260528T064230Z,pa-exact-benchmark-canary-novelty-http-self-presence-ui-signals-seed-1250001-remote-cursor-overlay,benchmark canary/exact-stack
2026-05-28T06:49:23Z,launch,continuation productive-analysis-action session=rtc-critical-continuation-productive-analysis-action-20260528T064922Z,productive-analysis-action,critical-path launch
2026-05-28T06:57:56Z,launch,continuation pa-exact-benchmark-canary-novelty-http-self-presence-ui-signals-seed-1250001-remote-cursor-overlay session=rtc-critical-continuation-pa-exact-benchmark-canary-novelty-http-self-pres-20260528T065754Z,pa-exact-benchmark-canary-novelty-http-self-presence-ui-signals-seed-1250001-remote-cursor-overlay,benchmark canary/exact-stack
2026-05-28T06:58:12Z,launch,continuation productive-analysis-action session=rtc-critical-continuation-productive-analysis-action-20260528T065810Z,productive-analysis-action,critical-path launch
2026-05-28T07:09:20Z,launch,continuation productive-analysis-action session=rtc-critical-continuation-productive-analysis-action-20260528T070918Z,productive-analysis-action,critical-path launch
2026-05-28T07:11:22Z,launch,continuation benchmark-canary-fuzzer-gap session=rtc-critical-continuation-benchmark-canary-fuzzer-gap-20260528T071120Z,benchmark-canary-fuzzer-gap,benchmark canary/exact-stack
2026-05-28T07:13:35Z,launch,continuation pa-exact-benchmark-canary-novelty-http-self-presence-ui-signals-seed-1250001-remote-cursor-overlay session=rtc-critical-continuation-pa-exact-benchmark-canary-novelty-http-self-pres-20260528T071333Z,pa-exact-benchmark-canary-novelty-http-self-presence-ui-signals-seed-1250001-remote-cursor-overlay,benchmark canary/exact-stack
2026-05-28T07:18:10Z,launch,continuation productive-analysis-action session=rtc-critical-continuation-productive-analysis-action-20260528T071808Z,productive-analysis-action,critical-path launch
2026-05-28T07:28:46Z,launch,continuation productive-analysis-action session=rtc-critical-continuation-productive-analysis-action-20260528T072844Z,productive-analysis-action,critical-path launch
2026-05-28T07:30:40Z,launch,continuation pa-exact-benchmark-canary-novelty-http-self-presence-ui-signals-seed-1250001-remote-cursor-overlay session=rtc-critical-continuation-pa-exact-benchmark-canary-novelty-http-self-pres-20260528T073038Z,pa-exact-benchmark-canary-novelty-http-self-presence-ui-signals-seed-1250001-remote-cursor-overlay,benchmark canary/exact-stack
2026-05-28T07:39:17Z,launch,continuation productive-analysis-action session=rtc-critical-continuation-productive-analysis-action-20260528T073915Z,productive-analysis-action,critical-path launch
2026-05-28T07:47:39Z,launch,continuation pa-exact-benchmark-canary-novelty-http-self-presence-ui-signals-seed-1250001-remote-cursor-overlay session=rtc-critical-continuation-pa-exact-benchmark-canary-novelty-http-self-pres-20260528T074737Z,pa-exact-benchmark-canary-novelty-http-self-presence-ui-signals-seed-1250001-remote-cursor-overlay,benchmark canary/exact-stack
2026-05-28T07:47:55Z,launch,continuation productive-analysis-action session=rtc-critical-continuation-productive-analysis-action-20260528T074753Z,productive-analysis-action,critical-path launch
2026-05-28T07:58:31Z,launch,continuation productive-analysis-action session=rtc-critical-continuation-productive-analysis-action-20260528T075829Z,productive-analysis-action,critical-path launch
2026-05-28T08:02:43Z,launch,continuation pa-exact-benchmark-canary-novelty-http-self-presence-ui-signals-seed-1250001-remote-cursor-overlay session=rtc-critical-continuation-pa-exact-benchmark-canary-novelty-http-self-pres-20260528T080241Z,pa-exact-benchmark-canary-novelty-http-self-presence-ui-signals-seed-1250001-remote-cursor-overlay,benchmark canary/exact-stack
2026-05-28T08:07:18Z,launch,continuation productive-analysis-action session=rtc-critical-continuation-productive-analysis-action-20260528T080717Z,productive-analysis-action,critical-path launch
2026-05-28T08:17:52Z,launch,continuation pa-exact-benchmark-canary-novelty-http-self-presence-ui-signals-seed-1250001-remote-cursor-overlay session=rtc-critical-continuation-pa-exact-benchmark-canary-novelty-http-self-pres-20260528T081750Z,pa-exact-benchmark-canary-novelty-http-self-presence-ui-signals-seed-1250001-remote-cursor-overlay,benchmark canary/exact-stack
2026-05-28T08:18:08Z,launch,continuation productive-analysis-action session=rtc-critical-continuation-productive-analysis-action-20260528T081806Z,productive-analysis-action,critical-path launch
2026-05-28T08:29:01Z,launch,continuation productive-analysis-action session=rtc-critical-continuation-productive-analysis-action-20260528T082859Z,productive-analysis-action,critical-path launch
2026-05-28T08:33:07Z,launch,continuation pa-exact-benchmark-canary-novelty-http-self-presence-ui-signals-seed-1250001-remote-cursor-overlay session=rtc-critical-continuation-pa-exact-benchmark-canary-novelty-http-self-pres-20260528T083305Z,pa-exact-benchmark-canary-novelty-http-self-presence-ui-signals-seed-1250001-remote-cursor-overlay,benchmark canary/exact-stack
2026-05-28T08:37:34Z,launch,continuation productive-analysis-action session=rtc-critical-continuation-productive-analysis-action-20260528T083732Z,productive-analysis-action,critical-path launch
2026-05-28T08:48:29Z,launch,continuation pa-exact-benchmark-canary-novelty-http-self-presence-ui-signals-seed-1250001-remote-cursor-overlay session=rtc-critical-continuation-pa-exact-benchmark-canary-novelty-http-self-pres-20260528T084827Z,pa-exact-benchmark-canary-novelty-http-self-presence-ui-signals-seed-1250001-remote-cursor-overlay,benchmark canary/exact-stack
2026-05-28T08:48:44Z,launch,continuation productive-analysis-action session=rtc-critical-continuation-productive-analysis-action-20260528T084842Z,productive-analysis-action,critical-path launch
2026-05-28T08:57:27Z,launch,continuation productive-analysis-action session=rtc-critical-continuation-productive-analysis-action-20260528T085725Z,productive-analysis-action,critical-path launch
2026-05-28T09:04:00Z,launch,continuation pa-exact-benchmark-canary-novelty-http-self-presence-ui-signals-seed-1250001-remote-cursor-overlay session=rtc-critical-continuation-pa-exact-benchmark-canary-novelty-http-self-pres-20260528T090359Z,pa-exact-benchmark-canary-novelty-http-self-presence-ui-signals-seed-1250001-remote-cursor-overlay,benchmark canary/exact-stack
2026-05-28T09:08:35Z,launch,continuation productive-analysis-action session=rtc-critical-continuation-productive-analysis-action-20260528T090833Z,productive-analysis-action,critical-path launch
2026-05-28T09:19:16Z,launch,continuation pa-exact-benchmark-canary-novelty-http-self-presence-ui-signals-seed-1250001-remote-cursor-overlay session=rtc-critical-continuation-pa-exact-benchmark-canary-novelty-http-self-pres-20260528T091914Z,pa-exact-benchmark-canary-novelty-http-self-presence-ui-signals-seed-1250001-remote-cursor-overlay,benchmark canary/exact-stack
2026-05-28T09:19:32Z,launch,continuation productive-analysis-action session=rtc-critical-continuation-productive-analysis-action-20260528T091930Z,productive-analysis-action,critical-path launch
2026-05-28T09:28:13Z,launch,continuation productive-analysis-action session=rtc-critical-continuation-productive-analysis-action-20260528T092812Z,productive-analysis-action,critical-path launch
2026-05-28T09:34:23Z,launch,continuation pa-exact-benchmark-canary-novelty-http-self-presence-ui-signals-seed-1250001-remote-cursor-overlay session=rtc-critical-continuation-pa-exact-benchmark-canary-novelty-http-self-pres-20260528T093421Z,pa-exact-benchmark-canary-novelty-http-self-presence-ui-signals-seed-1250001-remote-cursor-overlay,benchmark canary/exact-stack
2026-05-28T09:38:48Z,launch,continuation productive-analysis-action session=rtc-critical-continuation-productive-analysis-action-20260528T093847Z,productive-analysis-action,critical-path launch
2026-05-28T09:49:25Z,launch,continuation productive-analysis-action session=rtc-critical-continuation-productive-analysis-action-20260528T094924Z,productive-analysis-action,critical-path launch
2026-05-28T09:51:23Z,launch,continuation pa-exact-benchmark-canary-novelty-http-self-presence-ui-signals-seed-1250001-remote-cursor-overlay session=rtc-critical-continuation-pa-exact-benchmark-canary-novelty-http-self-pres-20260528T095121Z,pa-exact-benchmark-canary-novelty-http-self-presence-ui-signals-seed-1250001-remote-cursor-overlay,benchmark canary/exact-stack
2026-05-28T09:57:58Z,launch,continuation productive-analysis-action session=rtc-critical-continuation-productive-analysis-action-20260528T095757Z,productive-analysis-action,critical-path launch
2026-05-28T10:08:29Z,launch,continuation pa-exact-benchmark-canary-novelty-http-self-presence-ui-signals-seed-1250001-remote-cursor-overlay session=rtc-critical-continuation-pa-exact-benchmark-canary-novelty-http-self-pres-20260528T100827Z,pa-exact-benchmark-canary-novelty-http-self-presence-ui-signals-seed-1250001-remote-cursor-overlay,benchmark canary/exact-stack
2026-05-28T10:08:45Z,launch,continuation productive-analysis-action session=rtc-critical-continuation-productive-analysis-action-20260528T100843Z,productive-analysis-action,critical-path launch
2026-05-28T10:19:16Z,launch,continuation productive-analysis-action session=rtc-critical-continuation-productive-analysis-action-20260528T101914Z,productive-analysis-action,critical-path launch
2026-05-28T10:27:52Z,launch,continuation productive-analysis-action session=rtc-critical-continuation-productive-analysis-action-20260528T102750Z,productive-analysis-action,critical-path launch
2026-05-28T10:38:40Z,launch,continuation productive-analysis-action session=rtc-critical-continuation-productive-analysis-action-20260528T103839Z,productive-analysis-action,critical-path launch
2026-05-28T10:49:17Z,launch,continuation productive-analysis-action session=rtc-critical-continuation-productive-analysis-action-20260528T104914Z,productive-analysis-action,critical-path launch
2026-05-28T10:58:05Z,launch,continuation productive-analysis-action session=rtc-critical-continuation-productive-analysis-action-20260528T105803Z,productive-analysis-action,critical-path launch
2026-05-28T11:09:15Z,launch,continuation productive-analysis-action session=rtc-critical-continuation-productive-analysis-action-20260528T110913Z,productive-analysis-action,critical-path launch
2026-05-28T11:18:13Z,launch,continuation productive-analysis-action session=rtc-critical-continuation-productive-analysis-action-20260528T111811Z,productive-analysis-action,critical-path launch
2026-05-28T11:29:15Z,launch,continuation productive-analysis-action session=rtc-critical-continuation-productive-analysis-action-20260528T112913Z,productive-analysis-action,critical-path launch
2026-05-28T11:38:09Z,launch,continuation productive-analysis-action session=rtc-critical-continuation-productive-analysis-action-20260528T113807Z,productive-analysis-action,critical-path launch
2026-05-28T11:49:01Z,launch,continuation productive-analysis-action session=rtc-critical-continuation-productive-analysis-action-20260528T114859Z,productive-analysis-action,critical-path launch
2026-05-28T11:59:40Z,launch,continuation productive-analysis-action session=rtc-critical-continuation-productive-analysis-action-20260528T115938Z,productive-analysis-action,critical-path launch
2026-05-28T12:08:19Z,launch,continuation productive-analysis-action session=rtc-critical-continuation-productive-analysis-action-20260528T120817Z,productive-analysis-action,critical-path launch
2026-05-28T12:19:14Z,launch,continuation productive-analysis-action session=rtc-critical-continuation-productive-analysis-action-20260528T121912Z,productive-analysis-action,critical-path launch
2026-05-28T12:27:50Z,launch,continuation productive-analysis-action session=rtc-critical-continuation-productive-analysis-action-20260528T122749Z,productive-analysis-action,critical-path launch
2026-05-28T12:38:51Z,launch,continuation productive-analysis-action session=rtc-critical-continuation-productive-analysis-action-20260528T123848Z,productive-analysis-action,critical-path launch
2026-05-28T12:49:36Z,launch,continuation productive-analysis-action session=rtc-critical-continuation-productive-analysis-action-20260528T124934Z,productive-analysis-action,critical-path launch
2026-05-28T12:58:14Z,launch,continuation productive-analysis-action session=rtc-critical-continuation-productive-analysis-action-20260528T125812Z,productive-analysis-action,critical-path launch
2026-05-28T13:08:50Z,launch,continuation productive-analysis-action session=rtc-critical-continuation-productive-analysis-action-20260528T130849Z,productive-analysis-action,critical-path launch
2026-05-28T13:19:34Z,launch,continuation productive-analysis-action session=rtc-critical-continuation-productive-analysis-action-20260528T131932Z,productive-analysis-action,critical-path launch
2026-05-28T13:28:08Z,launch,continuation productive-analysis-action session=rtc-critical-continuation-productive-analysis-action-20260528T132806Z,productive-analysis-action,critical-path launch
2026-05-28T13:39:00Z,launch,continuation productive-analysis-action session=rtc-critical-continuation-productive-analysis-action-20260528T133858Z,productive-analysis-action,critical-path launch
2026-05-28T13:49:46Z,launch,continuation productive-analysis-action session=rtc-critical-continuation-productive-analysis-action-20260528T134944Z,productive-analysis-action,critical-path launch
2026-05-28T13:58:22Z,launch,continuation productive-analysis-action session=rtc-critical-continuation-productive-analysis-action-20260528T135820Z,productive-analysis-action,critical-path launch
2026-05-28T14:09:05Z,launch,continuation productive-analysis-action session=rtc-critical-continuation-productive-analysis-action-20260528T140903Z,productive-analysis-action,critical-path launch
2026-05-28T14:19:44Z,launch,continuation productive-analysis-action session=rtc-critical-continuation-productive-analysis-action-20260528T141942Z,productive-analysis-action,critical-path launch
2026-05-28T14:28:16Z,launch,continuation productive-analysis-action session=rtc-critical-continuation-productive-analysis-action-20260528T142815Z,productive-analysis-action,critical-path launch
2026-05-28T14:38:57Z,launch,continuation productive-analysis-action session=rtc-critical-continuation-productive-analysis-action-20260528T143855Z,productive-analysis-action,critical-path launch
2026-05-28T14:49:48Z,launch,continuation productive-analysis-action session=rtc-critical-continuation-productive-analysis-action-20260528T144947Z,productive-analysis-action,critical-path launch
2026-05-28T14:58:22Z,launch,continuation productive-analysis-action session=rtc-critical-continuation-productive-analysis-action-20260528T145821Z,productive-analysis-action,critical-path launch
2026-05-28T15:09:18Z,launch,continuation productive-analysis-action session=rtc-critical-continuation-productive-analysis-action-20260528T150916Z,productive-analysis-action,critical-path launch
2026-05-28T15:20:03Z,launch,continuation productive-analysis-action session=rtc-critical-continuation-productive-analysis-action-20260528T152001Z,productive-analysis-action,critical-path launch
2026-05-28T15:28:41Z,launch,continuation productive-analysis-action session=rtc-critical-continuation-productive-analysis-action-20260528T152839Z,productive-analysis-action,critical-path launch
2026-05-28T15:39:42Z,launch,continuation productive-analysis-action session=rtc-critical-continuation-productive-analysis-action-20260528T153940Z,productive-analysis-action,critical-path launch
2026-05-28T15:59:13Z,launch,continuation productive-analysis-action session=rtc-critical-continuation-productive-analysis-action-20260528T155911Z,productive-analysis-action,critical-path launch
2026-05-28T16:09:53Z,launch,continuation productive-analysis-action session=rtc-critical-continuation-productive-analysis-action-20260528T160951Z,productive-analysis-action,critical-path launch
2026-05-28T16:18:33Z,launch,continuation productive-analysis-action session=rtc-critical-continuation-productive-analysis-action-20260528T161831Z,productive-analysis-action,critical-path launch
2026-05-28T16:29:24Z,launch,continuation productive-analysis-action session=rtc-critical-continuation-productive-analysis-action-20260528T162923Z,productive-analysis-action,critical-path launch
2026-05-28T16:38:04Z,launch,continuation productive-analysis-action session=rtc-critical-continuation-productive-analysis-action-20260528T163802Z,productive-analysis-action,critical-path launch
2026-05-28T16:48:57Z,launch,continuation productive-analysis-action session=rtc-critical-continuation-productive-analysis-action-20260528T164855Z,productive-analysis-action,critical-path launch
2026-05-28T17:00:03Z,launch,continuation productive-analysis-action session=rtc-critical-continuation-productive-analysis-action-20260528T170001Z,productive-analysis-action,critical-path launch
2026-05-28T17:08:42Z,launch,continuation productive-analysis-action session=rtc-critical-continuation-productive-analysis-action-20260528T170840Z,productive-analysis-action,critical-path launch
2026-05-28T17:19:27Z,launch,continuation productive-analysis-action session=rtc-critical-continuation-productive-analysis-action-20260528T171925Z,productive-analysis-action,critical-path launch
2026-05-28T17:28:22Z,launch,continuation productive-analysis-action session=rtc-critical-continuation-productive-analysis-action-20260528T172820Z,productive-analysis-action,critical-path launch
2026-05-28T17:39:18Z,launch,continuation productive-analysis-action session=rtc-critical-continuation-productive-analysis-action-20260528T173916Z,productive-analysis-action,critical-path launch
2026-05-28T17:50:12Z,launch,continuation productive-analysis-action session=rtc-critical-continuation-productive-analysis-action-20260528T175010Z,productive-analysis-action,critical-path launch
2026-05-28T17:59:07Z,launch,continuation productive-analysis-action session=rtc-critical-continuation-productive-analysis-action-20260528T175905Z,productive-analysis-action,critical-path launch
2026-05-28T18:09:55Z,launch,continuation productive-analysis-action session=rtc-critical-continuation-productive-analysis-action-20260528T180954Z,productive-analysis-action,critical-path launch
2026-05-28T18:18:42Z,launch,continuation productive-analysis-action session=rtc-critical-continuation-productive-analysis-action-20260528T181840Z,productive-analysis-action,critical-path launch
2026-05-28T18:29:41Z,launch,continuation productive-analysis-action session=rtc-critical-continuation-productive-analysis-action-20260528T182940Z,productive-analysis-action,critical-path launch
2026-05-28T18:38:28Z,launch,continuation productive-analysis-action session=rtc-critical-continuation-productive-analysis-action-20260528T183826Z,productive-analysis-action,critical-path launch
2026-05-28T18:49:28Z,launch,continuation productive-analysis-action session=rtc-critical-continuation-productive-analysis-action-20260528T184926Z,productive-analysis-action,critical-path launch
2026-05-28T18:58:30Z,launch,continuation productive-analysis-action session=rtc-critical-continuation-productive-analysis-action-20260528T185828Z,productive-analysis-action,critical-path launch
2026-05-28T19:09:27Z,launch,continuation productive-analysis-action session=rtc-critical-continuation-productive-analysis-action-20260528T190926Z,productive-analysis-action,critical-path launch
2026-05-28T19:18:20Z,launch,continuation productive-analysis-action session=rtc-critical-continuation-productive-analysis-action-20260528T191818Z,productive-analysis-action,critical-path launch
2026-05-28T19:29:19Z,launch,continuation productive-analysis-action session=rtc-critical-continuation-productive-analysis-action-20260528T192918Z,productive-analysis-action,critical-path launch
2026-05-28T19:40:17Z,launch,continuation productive-analysis-action session=rtc-critical-continuation-productive-analysis-action-20260528T194015Z,productive-analysis-action,critical-path launch
2026-05-28T19:48:59Z,launch,continuation productive-analysis-action session=rtc-critical-continuation-productive-analysis-action-20260528T194857Z,productive-analysis-action,critical-path launch
2026-05-28T20:06:11Z,launch,continuation pa-exact-novelty-http-self-presence-ui-signals-seed-1250001-4992392c050a session=rtc-critical-continuation-pa-exact-novelty-http-self-presence-ui-signals-s-20260528T200608Z,pa-exact-novelty-http-self-presence-ui-signals-seed-1250001-4992392c050a,seed reducer/final-stack
2026-05-28T20:08:35Z,launch,continuation productive-analysis-action session=rtc-critical-continuation-productive-analysis-action-20260528T200834Z,productive-analysis-action,critical-path launch
2026-05-28T20:12:07Z,launch,continuation reload-hydration-reproducer-reacquire session=rtc-critical-continuation-reload-hydration-reproducer-reacquire-20260528T201206Z,reload-hydration-reproducer-reacquire,deferred-family validation
2026-05-28T20:19:23Z,launch,continuation productive-analysis-action session=rtc-critical-continuation-productive-analysis-action-20260528T201921Z,productive-analysis-action,critical-path launch
2026-05-28T20:28:45Z,launch,continuation productive-analysis-action session=rtc-critical-continuation-productive-analysis-action-20260528T202843Z,productive-analysis-action,critical-path launch
2026-05-28T20:37:41Z,launch,continuation pa-exact-novelty-http-self-presence-ui-signals-seed-1250001-4992392c050a session=rtc-critical-continuation-pa-exact-novelty-http-self-presence-ui-signals-s-20260528T203739Z,pa-exact-novelty-http-self-presence-ui-signals-seed-1250001-4992392c050a,seed reducer/final-stack
2026-05-28T20:40:21Z,launch,continuation productive-analysis-action session=rtc-critical-continuation-productive-analysis-action-20260528T204019Z,productive-analysis-action,critical-path launch
2026-05-28T20:49:46Z,launch,continuation productive-analysis-action session=rtc-critical-continuation-productive-analysis-action-20260528T204944Z,productive-analysis-action,critical-path launch
2026-05-28T20:54:05Z,launch,continuation pa-exact-novelty-http-self-presence-ui-signals-seed-1250001-4992392c050a session=rtc-critical-continuation-pa-exact-novelty-http-self-presence-ui-signals-s-20260528T205403Z,pa-exact-novelty-http-self-presence-ui-signals-seed-1250001-4992392c050a,seed reducer/final-stack
2026-05-28T20:59:08Z,launch,continuation productive-analysis-action session=rtc-critical-continuation-productive-analysis-action-20260528T205906Z,productive-analysis-action,critical-path launch
2026-05-28T21:10:20Z,launch,continuation pa-exact-novelty-http-self-presence-ui-signals-seed-1250001-4992392c050a session=rtc-critical-continuation-pa-exact-novelty-http-self-presence-ui-signals-s-20260528T211018Z,pa-exact-novelty-http-self-presence-ui-signals-seed-1250001-4992392c050a,seed reducer/final-stack
2026-05-28T21:10:41Z,launch,continuation productive-analysis-action session=rtc-critical-continuation-productive-analysis-action-20260528T211040Z,productive-analysis-action,critical-path launch
2026-05-28T21:20:08Z,launch,continuation productive-analysis-action session=rtc-critical-continuation-productive-analysis-action-20260528T212006Z,productive-analysis-action,critical-path launch
2026-05-28T21:26:38Z,launch,continuation pa-exact-novelty-http-self-presence-ui-signals-seed-1250001-4992392c050a session=rtc-critical-continuation-pa-exact-novelty-http-self-presence-ui-signals-s-20260528T212637Z,pa-exact-novelty-http-self-presence-ui-signals-seed-1250001-4992392c050a,seed reducer/final-stack
2026-05-28T21:43:17Z,launch,continuation pa-exact-novelty-http-self-presence-ui-signals-seed-1250001-4992392c050a session=rtc-critical-continuation-pa-exact-novelty-http-self-presence-ui-signals-s-20260528T214315Z,pa-exact-novelty-http-self-presence-ui-signals-seed-1250001-4992392c050a,seed reducer/final-stack
2026-05-28T21:50:41Z,launch,continuation productive-analysis-action session=rtc-critical-continuation-productive-analysis-action-20260528T215039Z,productive-analysis-action,critical-path launch
2026-05-28T21:59:45Z,launch,continuation pa-exact-novelty-http-self-presence-ui-signals-seed-1250001-4992392c050a session=rtc-critical-continuation-pa-exact-novelty-http-self-presence-ui-signals-s-20260528T215943Z,pa-exact-novelty-http-self-presence-ui-signals-seed-1250001-4992392c050a,seed reducer/final-stack
2026-05-28T22:00:06Z,launch,continuation productive-analysis-action session=rtc-critical-continuation-productive-analysis-action-20260528T220004Z,productive-analysis-action,critical-path launch
2026-05-28T22:09:22Z,launch,continuation productive-analysis-action session=rtc-critical-continuation-productive-analysis-action-20260528T220920Z,productive-analysis-action,critical-path launch
2026-05-28T22:16:14Z,launch,continuation pa-exact-novelty-http-self-presence-ui-signals-seed-1250001-4992392c050a session=rtc-critical-continuation-pa-exact-novelty-http-self-presence-ui-signals-s-20260528T221612Z,pa-exact-novelty-http-self-presence-ui-signals-seed-1250001-4992392c050a,seed reducer/final-stack
2026-05-28T22:19:05Z,launch,continuation productive-analysis-action session=rtc-critical-continuation-productive-analysis-action-20260528T221903Z,productive-analysis-action,critical-path launch
2026-05-28T22:28:38Z,launch,continuation productive-analysis-action session=rtc-critical-continuation-productive-analysis-action-20260528T222836Z,productive-analysis-action,critical-path launch
2026-05-28T22:33:06Z,launch,continuation pa-exact-novelty-http-self-presence-ui-signals-seed-1250001-4992392c050a session=rtc-critical-continuation-pa-exact-novelty-http-self-presence-ui-signals-s-20260528T223304Z,pa-exact-novelty-http-self-presence-ui-signals-seed-1250001-4992392c050a,seed reducer/final-stack
2026-05-28T22:40:40Z,launch,continuation productive-analysis-action session=rtc-critical-continuation-productive-analysis-action-20260528T224038Z,productive-analysis-action,critical-path launch
2026-05-28T22:49:50Z,launch,continuation pa-exact-novelty-http-self-presence-ui-signals-seed-1250001-4992392c050a session=rtc-critical-continuation-pa-exact-novelty-http-self-presence-ui-signals-s-20260528T224948Z,pa-exact-novelty-http-self-presence-ui-signals-seed-1250001-4992392c050a,seed reducer/final-stack
2026-05-28T22:50:13Z,launch,continuation productive-analysis-action session=rtc-critical-continuation-productive-analysis-action-20260528T225012Z,productive-analysis-action,critical-path launch
2026-05-28T22:55:04Z,launch,continuation pa-exact-novelty-http-self-presence-ui-signals-seed-1250001 session=rtc-critical-continuation-pa-exact-novelty-http-self-presence-ui-signals-s-20260528T225502Z,pa-exact-novelty-http-self-presence-ui-signals-seed-1250001,seed reducer/final-stack
2026-05-28T23:00:23Z,launch,continuation productive-analysis-action session=rtc-critical-continuation-productive-analysis-action-20260528T230022Z,productive-analysis-action,critical-path launch
2026-05-28T23:07:12Z,launch,continuation pa-exact-novelty-http-self-presence-ui-signals-seed-1250001-4992392c050a session=rtc-critical-continuation-pa-exact-novelty-http-self-presence-ui-signals-s-20260528T230710Z,pa-exact-novelty-http-self-presence-ui-signals-seed-1250001-4992392c050a,seed reducer/final-stack
2026-05-28T23:09:37Z,launch,continuation pa-exact-benchmark-canary-novelty-http-large-post-lifecycle-seed-1140001 session=rtc-critical-continuation-pa-exact-benchmark-canary-novelty-http-large-pos-20260528T230935Z,pa-exact-benchmark-canary-novelty-http-large-post-lifecycle-seed-1140001,benchmark canary/exact-stack
2026-05-28T23:09:59Z,launch,continuation productive-analysis-action session=rtc-critical-continuation-productive-analysis-action-20260528T230957Z,productive-analysis-action,critical-path launch
2026-05-28T23:14:27Z,launch,continuation pa-exact-novelty-http-self-presence-ui-signals-seed-1250001 session=rtc-critical-continuation-pa-exact-novelty-http-self-presence-ui-signals-s-20260528T231425Z,pa-exact-novelty-http-self-presence-ui-signals-seed-1250001,seed reducer/final-stack
2026-05-28T23:19:34Z,launch,continuation productive-analysis-action session=rtc-critical-continuation-productive-analysis-action-20260528T231932Z,productive-analysis-action,critical-path launch
2026-05-28T23:26:38Z,launch,continuation pa-exact-benchmark-canary-novelty-http-large-post-lifecycle-seed-1140001 session=rtc-critical-continuation-pa-exact-benchmark-canary-novelty-http-large-pos-20260528T232636Z,pa-exact-benchmark-canary-novelty-http-large-post-lifecycle-seed-1140001,benchmark canary/exact-stack
2026-05-28T23:29:32Z,launch,continuation productive-analysis-action session=rtc-critical-continuation-productive-analysis-action-20260528T232930Z,productive-analysis-action,critical-path launch
2026-05-28T23:31:41Z,launch,continuation pa-exact-novelty-http-self-presence-ui-signals-seed-1250001 session=rtc-critical-continuation-pa-exact-novelty-http-self-presence-ui-signals-s-20260528T233140Z,pa-exact-novelty-http-self-presence-ui-signals-seed-1250001,seed reducer/final-stack
2026-05-28T23:39:17Z,launch,continuation productive-analysis-action session=rtc-critical-continuation-productive-analysis-action-20260528T233915Z,productive-analysis-action,critical-path launch
2026-05-28T23:43:47Z,launch,continuation pa-exact-benchmark-canary-novelty-http-large-post-lifecycle-seed-1140001 session=rtc-critical-continuation-pa-exact-benchmark-canary-novelty-http-large-pos-20260528T234345Z,pa-exact-benchmark-canary-novelty-http-large-post-lifecycle-seed-1140001,benchmark canary/exact-stack
2026-05-28T23:48:56Z,launch,continuation pa-exact-novelty-http-self-presence-ui-signals-seed-1250001 session=rtc-critical-continuation-pa-exact-novelty-http-self-presence-ui-signals-s-20260528T234854Z,pa-exact-novelty-http-self-presence-ui-signals-seed-1250001,seed reducer/final-stack
2026-05-28T23:49:21Z,launch,continuation productive-analysis-action session=rtc-critical-continuation-productive-analysis-action-20260528T234919Z,productive-analysis-action,critical-path launch
2026-05-28T23:59:05Z,launch,continuation productive-analysis-action session=rtc-critical-continuation-productive-analysis-action-20260528T235903Z,productive-analysis-action,critical-path launch
2026-05-29T00:01:14Z,launch,continuation pa-exact-benchmark-canary-novelty-http-large-post-lifecycle-seed-1140001 session=rtc-critical-continuation-pa-exact-benchmark-canary-novelty-http-large-pos-20260529T000112Z,pa-exact-benchmark-canary-novelty-http-large-post-lifecycle-seed-1140001,benchmark canary/exact-stack
2026-05-29T00:06:21Z,launch,continuation pa-exact-novelty-http-self-presence-ui-signals-seed-1250001 session=rtc-critical-continuation-pa-exact-novelty-http-self-presence-ui-signals-s-20260529T000619Z,pa-exact-novelty-http-self-presence-ui-signals-seed-1250001,seed reducer/final-stack
2026-05-29T00:09:14Z,launch,continuation productive-analysis-action session=rtc-critical-continuation-productive-analysis-action-20260529T000912Z,productive-analysis-action,critical-path launch
2026-05-29T00:18:37Z,launch,continuation pa-exact-benchmark-canary-novelty-http-large-post-lifecycle-seed-1140001 session=rtc-critical-continuation-pa-exact-benchmark-canary-novelty-http-large-pos-20260529T001835Z,pa-exact-benchmark-canary-novelty-http-large-post-lifecycle-seed-1140001,benchmark canary/exact-stack
2026-05-29T00:19:00Z,launch,continuation productive-analysis-action session=rtc-critical-continuation-productive-analysis-action-20260529T001858Z,productive-analysis-action,critical-path launch
2026-05-29T00:23:37Z,launch,continuation pa-exact-novelty-http-self-presence-ui-signals-seed-1250001 session=rtc-critical-continuation-pa-exact-novelty-http-self-presence-ui-signals-s-20260529T002335Z,pa-exact-novelty-http-self-presence-ui-signals-seed-1250001,seed reducer/final-stack
2026-05-29T00:29:09Z,launch,continuation productive-analysis-action session=rtc-critical-continuation-productive-analysis-action-20260529T002907Z,productive-analysis-action,critical-path launch
2026-05-29T00:33:45Z,launch,continuation pa-exact-benchmark-canary-novelty-http-large-post-lifecycle-seed-1140001 session=rtc-critical-continuation-pa-exact-benchmark-canary-novelty-http-large-pos-20260529T003343Z,pa-exact-benchmark-canary-novelty-http-large-post-lifecycle-seed-1140001,benchmark canary/exact-stack
2026-05-29T00:38:46Z,launch,continuation pa-exact-novelty-http-self-presence-ui-signals-seed-1250001 session=rtc-critical-continuation-pa-exact-novelty-http-self-presence-ui-signals-s-20260529T003845Z,pa-exact-novelty-http-self-presence-ui-signals-seed-1250001,seed reducer/final-stack
2026-05-29T00:39:11Z,launch,continuation productive-analysis-action session=rtc-critical-continuation-productive-analysis-action-20260529T003909Z,productive-analysis-action,critical-path launch
2026-05-29T00:50:55Z,launch,continuation pa-exact-benchmark-canary-novelty-http-large-post-lifecycle-seed-1140001 session=rtc-critical-continuation-pa-exact-benchmark-canary-novelty-http-large-pos-20260529T005053Z,pa-exact-benchmark-canary-novelty-http-large-post-lifecycle-seed-1140001,benchmark canary/exact-stack
2026-05-29T00:53:55Z,launch,continuation productive-analysis-action session=rtc-critical-continuation-productive-analysis-action-20260529T005353Z,productive-analysis-action,critical-path launch
2026-05-29T00:56:11Z,launch,continuation pa-exact-novelty-http-self-presence-ui-signals-seed-1250001 session=rtc-critical-continuation-pa-exact-novelty-http-self-presence-ui-signals-s-20260529T005609Z,pa-exact-novelty-http-self-presence-ui-signals-seed-1250001,seed reducer/final-stack
2026-05-29T01:06:38Z,launch,continuation pa-exact-benchmark-canary-novelty-http-large-post-lifecycle-seed-1140001 session=rtc-critical-continuation-pa-exact-benchmark-canary-novelty-http-large-pos-20260529T010635Z,pa-exact-benchmark-canary-novelty-http-large-post-lifecycle-seed-1140001,benchmark canary/exact-stack
2026-05-29T01:07:05Z,launch,continuation productive-analysis-action session=rtc-critical-continuation-productive-analysis-action-20260529T010703Z,productive-analysis-action,critical-path launch
2026-05-29T01:11:55Z,launch,continuation pa-exact-novelty-http-self-presence-ui-signals-seed-1250001 session=rtc-critical-continuation-pa-exact-novelty-http-self-presence-ui-signals-s-20260529T011153Z,pa-exact-novelty-http-self-presence-ui-signals-seed-1250001,seed reducer/final-stack
2026-05-29T01:14:52Z,launch,continuation productive-analysis-action session=rtc-critical-continuation-productive-analysis-action-20260529T011449Z,productive-analysis-action,critical-path launch
2026-05-29T01:21:57Z,launch,continuation pa-exact-benchmark-canary-novelty-http-large-post-lifecycle-seed-1140001 session=rtc-critical-continuation-pa-exact-benchmark-canary-novelty-http-large-pos-20260529T012155Z,pa-exact-benchmark-canary-novelty-http-large-post-lifecycle-seed-1140001,benchmark canary/exact-stack
2026-05-29T01:22:21Z,launch,continuation productive-analysis-action session=rtc-critical-continuation-productive-analysis-action-20260529T012219Z,productive-analysis-action,critical-path launch
2026-05-29T01:27:03Z,launch,continuation pa-exact-novelty-http-self-presence-ui-signals-seed-1250001 session=rtc-critical-continuation-pa-exact-novelty-http-self-presence-ui-signals-s-20260529T012701Z,pa-exact-novelty-http-self-presence-ui-signals-seed-1250001,seed reducer/final-stack
2026-05-29T01:30:10Z,launch,continuation productive-analysis-action session=rtc-critical-continuation-productive-analysis-action-20260529T013008Z,productive-analysis-action,critical-path launch
2026-05-29T01:37:10Z,launch,continuation pa-exact-benchmark-canary-novelty-http-large-post-lifecycle-seed-1140001 session=rtc-critical-continuation-pa-exact-benchmark-canary-novelty-http-large-pos-20260529T013709Z,pa-exact-benchmark-canary-novelty-http-large-post-lifecycle-seed-1140001,benchmark canary/exact-stack
2026-05-29T01:40:02Z,launch,continuation productive-analysis-action session=rtc-critical-continuation-productive-analysis-action-20260529T014000Z,productive-analysis-action,critical-path launch
2026-05-29T01:42:11Z,launch,continuation pa-exact-novelty-http-self-presence-ui-signals-seed-1250001 session=rtc-critical-continuation-pa-exact-novelty-http-self-presence-ui-signals-s-20260529T014209Z,pa-exact-novelty-http-self-presence-ui-signals-seed-1250001,seed reducer/final-stack
2026-05-29T01:49:33Z,launch,continuation pa-exact-benchmark-canary-novelty-ws-parser-serialization-seed-1010001 session=rtc-critical-continuation-pa-exact-benchmark-canary-novelty-ws-parser-seri-20260529T014931Z,pa-exact-benchmark-canary-novelty-ws-parser-serialization-seed-1010001,benchmark canary/exact-stack
2026-05-29T01:49:56Z,launch,continuation productive-analysis-action session=rtc-critical-continuation-productive-analysis-action-20260529T014954Z,productive-analysis-action,critical-path launch
2026-05-29T01:54:43Z,launch,continuation pa-exact-benchmark-canary-novelty-http-large-post-lifecycle-seed-1140001 session=rtc-critical-continuation-pa-exact-benchmark-canary-novelty-http-large-pos-20260529T015441Z,pa-exact-benchmark-canary-novelty-http-large-post-lifecycle-seed-1140001,benchmark canary/exact-stack
2026-05-29T02:00:05Z,launch,continuation productive-analysis-action session=rtc-critical-continuation-productive-analysis-action-20260529T020004Z,productive-analysis-action,critical-path launch
2026-05-29T02:04:49Z,launch,continuation pa-exact-benchmark-canary-novelty-ws-parser-serialization-seed-1010001 session=rtc-critical-continuation-pa-exact-benchmark-canary-novelty-ws-parser-seri-20260529T020447Z,pa-exact-benchmark-canary-novelty-ws-parser-serialization-seed-1010001,benchmark canary/exact-stack
2026-05-29T02:10:20Z,launch,continuation productive-analysis-action session=rtc-critical-continuation-productive-analysis-action-20260529T021018Z,productive-analysis-action,critical-path launch
2026-05-29T02:20:06Z,launch,continuation pa-exact-benchmark-canary-novelty-ws-parser-serialization-seed-1010001 session=rtc-critical-continuation-pa-exact-benchmark-canary-novelty-ws-parser-seri-20260529T022004Z,pa-exact-benchmark-canary-novelty-ws-parser-serialization-seed-1010001,benchmark canary/exact-stack
2026-05-29T02:23:02Z,launch,continuation productive-analysis-action session=rtc-critical-continuation-productive-analysis-action-20260529T022300Z,productive-analysis-action,critical-path launch
2026-05-29T02:32:17Z,launch,continuation productive-analysis-action session=rtc-critical-continuation-productive-analysis-action-20260529T023216Z,productive-analysis-action,critical-path launch
2026-05-29T02:37:53Z,launch,continuation pa-exact-benchmark-canary-novelty-ws-parser-serialization-seed-1010001 session=rtc-critical-continuation-pa-exact-benchmark-canary-novelty-ws-parser-seri-20260529T023751Z,pa-exact-benchmark-canary-novelty-ws-parser-serialization-seed-1010001,benchmark canary/exact-stack
2026-05-29T02:41:24Z,launch,continuation productive-analysis-action session=rtc-critical-continuation-productive-analysis-action-20260529T024122Z,productive-analysis-action,critical-path launch
2026-05-29T02:50:29Z,launch,continuation productive-analysis-action session=rtc-critical-continuation-productive-analysis-action-20260529T025027Z,productive-analysis-action,critical-path launch
2026-05-29T02:53:17Z,launch,continuation pa-exact-benchmark-canary-novelty-ws-parser-serialization-seed-1010001 session=rtc-critical-continuation-pa-exact-benchmark-canary-novelty-ws-parser-seri-20260529T025315Z,pa-exact-benchmark-canary-novelty-ws-parser-serialization-seed-1010001,benchmark canary/exact-stack
2026-05-29T03:00:23Z,launch,continuation productive-analysis-action session=rtc-critical-continuation-productive-analysis-action-20260529T030022Z,productive-analysis-action,critical-path launch
2026-05-29T03:09:09Z,launch,continuation pa-exact-benchmark-canary-novelty-ws-parser-serialization-seed-1010001 session=rtc-critical-continuation-pa-exact-benchmark-canary-novelty-ws-parser-seri-20260529T030907Z,pa-exact-benchmark-canary-novelty-ws-parser-serialization-seed-1010001,benchmark canary/exact-stack
2026-05-29T03:09:47Z,launch,continuation productive-analysis-action session=rtc-critical-continuation-productive-analysis-action-20260529T030945Z,productive-analysis-action,critical-path launch
2026-05-29T03:22:46Z,launch,continuation productive-analysis-action session=rtc-critical-continuation-productive-analysis-action-20260529T032243Z,productive-analysis-action,critical-path launch
2026-05-29T03:25:22Z,launch,continuation pa-exact-benchmark-canary-novelty-ws-parser-serialization-seed-1010001 session=rtc-critical-continuation-pa-exact-benchmark-canary-novelty-ws-parser-seri-20260529T032520Z,pa-exact-benchmark-canary-novelty-ws-parser-serialization-seed-1010001,benchmark canary/exact-stack
2026-05-29T03:32:10Z,launch,continuation productive-analysis-action session=rtc-critical-continuation-productive-analysis-action-20260529T033208Z,productive-analysis-action,critical-path launch
2026-05-29T03:41:03Z,launch,continuation pa-exact-benchmark-canary-novelty-ws-parser-serialization-seed-1010001 session=rtc-critical-continuation-pa-exact-benchmark-canary-novelty-ws-parser-seri-20260529T034101Z,pa-exact-benchmark-canary-novelty-ws-parser-serialization-seed-1010001,benchmark canary/exact-stack
2026-05-29T03:41:42Z,launch,continuation productive-analysis-action session=rtc-critical-continuation-productive-analysis-action-20260529T034140Z,productive-analysis-action,critical-path launch
2026-05-29T03:54:22Z,launch,continuation productive-analysis-action session=rtc-critical-continuation-productive-analysis-action-20260529T035420Z,productive-analysis-action,critical-path launch
2026-05-29T03:56:50Z,launch,continuation pa-exact-benchmark-canary-novelty-ws-parser-serialization-seed-1010001 session=rtc-critical-continuation-pa-exact-benchmark-canary-novelty-ws-parser-seri-20260529T035648Z,pa-exact-benchmark-canary-novelty-ws-parser-serialization-seed-1010001,benchmark canary/exact-stack
2026-05-29T04:00:25Z,launch,continuation productive-analysis-action session=rtc-critical-continuation-productive-analysis-action-20260529T040023Z,productive-analysis-action,critical-path launch
2026-05-29T04:09:37Z,launch,continuation productive-analysis-action session=rtc-critical-continuation-productive-analysis-action-20260529T040935Z,productive-analysis-action,critical-path launch
2026-05-29T04:12:03Z,launch,continuation pa-exact-benchmark-canary-novelty-ws-parser-serialization-seed-1010001 session=rtc-critical-continuation-pa-exact-benchmark-canary-novelty-ws-parser-seri-20260529T041202Z,pa-exact-benchmark-canary-novelty-ws-parser-serialization-seed-1010001,benchmark canary/exact-stack
2026-05-29T04:21:21Z,launch,continuation productive-analysis-action session=rtc-critical-continuation-productive-analysis-action-20260529T042119Z,productive-analysis-action,critical-path launch
2026-05-29T04:29:40Z,launch,continuation pa-exact-benchmark-canary-novelty-ws-parser-serialization-seed-1010001 session=rtc-critical-continuation-pa-exact-benchmark-canary-novelty-ws-parser-seri-20260529T042939Z,pa-exact-benchmark-canary-novelty-ws-parser-serialization-seed-1010001,benchmark canary/exact-stack
2026-05-29T04:30:13Z,launch,continuation productive-analysis-action session=rtc-critical-continuation-productive-analysis-action-20260529T043012Z,productive-analysis-action,critical-path launch
2026-05-29T04:39:23Z,launch,continuation productive-analysis-action session=rtc-critical-continuation-productive-analysis-action-20260529T043921Z,productive-analysis-action,critical-path launch
2026-05-29T04:45:11Z,launch,continuation pa-exact-benchmark-canary-novelty-ws-parser-serialization-seed-1010001 session=rtc-critical-continuation-pa-exact-benchmark-canary-novelty-ws-parser-seri-20260529T044509Z,pa-exact-benchmark-canary-novelty-ws-parser-serialization-seed-1010001,benchmark canary/exact-stack
2026-05-29T04:51:46Z,launch,continuation productive-analysis-action session=rtc-critical-continuation-productive-analysis-action-20260529T045144Z,productive-analysis-action,critical-path launch
2026-05-29T05:01:12Z,launch,continuation productive-analysis-action session=rtc-critical-continuation-productive-analysis-action-20260529T050110Z,productive-analysis-action,critical-path launch
2026-05-29T05:10:17Z,launch,continuation productive-analysis-action session=rtc-critical-continuation-productive-analysis-action-20260529T051015Z,productive-analysis-action,critical-path launch
2026-05-29T05:19:44Z,launch,continuation productive-analysis-action session=rtc-critical-continuation-productive-analysis-action-20260529T051942Z,productive-analysis-action,critical-path launch
2026-05-29T05:32:27Z,launch,continuation productive-analysis-action session=rtc-critical-continuation-productive-analysis-action-20260529T053225Z,productive-analysis-action,critical-path launch
2026-05-29T05:42:01Z,launch,continuation productive-analysis-action session=rtc-critical-continuation-productive-analysis-action-20260529T054159Z,productive-analysis-action,critical-path launch
2026-05-29T05:51:35Z,launch,continuation productive-analysis-action session=rtc-critical-continuation-productive-analysis-action-20260529T055133Z,productive-analysis-action,critical-path launch
2026-05-29T06:01:01Z,launch,continuation productive-analysis-action session=rtc-critical-continuation-productive-analysis-action-20260529T060100Z,productive-analysis-action,critical-path launch
2026-05-29T06:10:29Z,launch,continuation productive-analysis-action session=rtc-critical-continuation-productive-analysis-action-20260529T061027Z,productive-analysis-action,critical-path launch
2026-05-29T06:22:18Z,launch,continuation productive-analysis-action session=rtc-critical-continuation-productive-analysis-action-20260529T062216Z,productive-analysis-action,critical-path launch
2026-05-29T06:31:17Z,launch,continuation productive-analysis-action session=rtc-critical-continuation-productive-analysis-action-20260529T063115Z,productive-analysis-action,critical-path launch
