timestamp,output_dir,run_id,status_available,startup_status,full_pass_pending,pending_until_first_pass,current_run_metrics_trusted,active_run_dirs,supervisor_groups_file,observed_roots,last_completed_full_pass_at,last_state_update_at,last_current_run_triage_completed_at,latest_completed_monitor_pass_at,minutes_since_completed_full_pass,minutes_since_state_update,latest_completed_duplicate_share_current,latest_completed_summary_startup_failures,current_run_signatures,current_run_actionable_signatures,current_run_product_evidence_signatures,current_run_top_duplicate_share
2026-05-20T21:10:23Z,/media/volume/danluu-fuzz-data/rtc-coverage-guided-20260515/run-20260520T205341Z,run-20260520T205341Z,TRUE,NA,FALSE,FALSE,TRUE,NA,NA,NA,2026-05-20T21:10:23Z,2026-05-20T21:10:23Z,NA,2026-05-20T21:10:23Z,0,0,0,0,NA,NA,NA,NA
2026-05-21T17:05:46Z,/media/volume/danluu-fuzz-data/rtc-coverage-guided-20260515/run-20260521T170151Z,run-20260521T170151Z,TRUE,NA,FALSE,FALSE,TRUE,NA,NA,NA,2026-05-21T17:05:46Z,2026-05-21T17:05:46Z,NA,2026-05-21T17:05:46Z,0,0,0,0,0,0,0,0
2026-05-21T17:08:39Z,/media/volume/danluu-fuzz-data/rtc-coverage-guided-20260515/run-20260521T170616Z,run-20260521T170616Z,TRUE,NA,FALSE,FALSE,TRUE,NA,NA,NA,2026-05-21T17:08:03Z,2026-05-21T17:08:03Z,NA,2026-05-21T17:08:03Z,0.5908666650454203,0.5908666650454203,0,0,0,0,0,0
2026-05-21T17:13:15Z,/media/volume/danluu-fuzz-data/rtc-coverage-guided-20260515/run-20260521T171044Z,run-20260521T171044Z,TRUE,NA,FALSE,FALSE,TRUE,NA,NA,NA,2026-05-21T17:13:15Z,2026-05-21T17:13:15Z,NA,2026-05-21T17:13:15Z,0,0,0,0,0,0,0,0
2026-05-21T17:21:06Z,/media/volume/danluu-fuzz-data/rtc-coverage-guided-20260515/run-20260521T171044Z,run-20260521T171044Z,TRUE,NA,FALSE,FALSE,TRUE,NA,NA,NA,2026-05-21T17:20:51Z,2026-05-21T17:20:51Z,NA,2026-05-21T17:20:51Z,0.2425999959309896,0.2425999959309896,0,0,0,0,0,0
2026-05-21T17:27:02Z,/media/volume/danluu-fuzz-data/rtc-coverage-guided-20260515/run-20260521T172341Z,run-20260521T172341Z,TRUE,NA,FALSE,FALSE,TRUE,NA,NA,NA,2026-05-21T17:26:09Z,2026-05-21T17:26:09Z,NA,2026-05-21T17:26:09Z,0.8854500015576681,0.8854500015576681,0,0,0,0,0,0
2026-05-21T17:34:07Z,/media/volume/danluu-fuzz-data/rtc-coverage-guided-20260515/run-20260521T172341Z,run-20260521T172341Z,TRUE,NA,FALSE,FALSE,TRUE,NA,NA,NA,2026-05-21T17:34:02Z,2026-05-21T17:34:02Z,NA,2026-05-21T17:34:02Z,0.07998333374659221,0.07998333374659221,0,0,0,0,0,0
2026-05-21T17:41:27Z,/media/volume/danluu-fuzz-data/rtc-coverage-guided-20260515/run-20260521T173705Z,run-20260521T173705Z,TRUE,NA,FALSE,FALSE,TRUE,NA,NA,NA,2026-05-21T17:41:08Z,2026-05-21T17:41:08Z,NA,2026-05-21T17:41:08Z,0.3165666699409485,0.3165666699409485,0,0,0,0,0,0
2026-05-21T17:47:34Z,/media/volume/danluu-fuzz-data/rtc-coverage-guided-20260515/run-20260521T173705Z,run-20260521T173705Z,TRUE,NA,FALSE,FALSE,TRUE,NA,NA,NA,2026-05-21T17:47:34Z,2026-05-21T17:47:34Z,NA,2026-05-21T17:47:34Z,0,0,0,0,0,0,0,0
2026-05-21T17:52:27Z,/media/volume/danluu-fuzz-data/rtc-coverage-guided-20260515/run-20260521T173705Z,run-20260521T173705Z,TRUE,NA,FALSE,FALSE,TRUE,NA,NA,NA,2026-05-21T17:52:26Z,2026-05-21T17:52:26Z,NA,2026-05-21T17:52:26Z,0.01593333482742309,0.01593333482742309,0,0,0,0,0,0
2026-05-21T17:59:07Z,/media/volume/danluu-fuzz-data/rtc-coverage-guided-20260515/run-20260521T175345Z,run-20260521T175345Z,TRUE,NA,FALSE,FALSE,TRUE,NA,NA,NA,2026-05-21T17:58:53Z,2026-05-21T17:58:53Z,NA,2026-05-21T17:58:53Z,0.2330666700998942,0.2330666700998942,0,0,0,0,0,0
2026-05-21T18:04:11Z,/media/volume/danluu-fuzz-data/rtc-coverage-guided-20260515/run-20260521T175345Z,run-20260521T175345Z,TRUE,NA,FALSE,FALSE,TRUE,NA,NA,NA,2026-05-21T18:04:11Z,2026-05-21T18:04:11Z,NA,2026-05-21T18:04:11Z,0,0,0,0,0,0,0,0
2026-05-21T18:09:47Z,/media/volume/danluu-fuzz-data/rtc-coverage-guided-20260515/run-20260521T180925Z,run-20260521T180925Z,TRUE,monitor started; full coverage pass pending,TRUE,TRUE,FALSE,0,NA,21,NA,NA,NA,2026-05-21T18:08:59Z,NA,NA,0,0,NA,NA,NA,NA
2026-05-21T18:14:50Z,/media/volume/danluu-fuzz-data/rtc-coverage-guided-20260515/run-20260521T181129Z,run-20260521T181129Z,TRUE,NA,FALSE,FALSE,TRUE,NA,NA,NA,2026-05-21T18:13:20Z,2026-05-21T18:13:20Z,NA,2026-05-21T18:13:20Z,1.5023333350817365,1.5023333350817365,0,0,0,0,0,0
2026-05-21T18:20:42Z,/media/volume/danluu-fuzz-data/rtc-coverage-guided-20260515/run-20260521T181820Z,run-20260521T181820Z,TRUE,monitor started; full coverage pass pending,TRUE,TRUE,FALSE,0,5,21,NA,NA,NA,2026-05-21T18:17:47Z,NA,NA,0,0,NA,NA,NA,NA
2026-05-21T18:27:32Z,/media/volume/danluu-fuzz-data/rtc-coverage-guided-20260515/run-20260521T182309Z,run-20260521T182309Z,TRUE,NA,FALSE,FALSE,TRUE,NA,NA,NA,2026-05-21T18:27:32Z,2026-05-21T18:27:32Z,NA,2026-05-21T18:27:32Z,0.00543333689371744,0.00543333689371744,0,0,0,0,0,0
2026-05-21T18:33:09Z,/media/volume/danluu-fuzz-data/rtc-coverage-guided-20260515/run-20260521T183144Z,run-20260521T183144Z,TRUE,monitor started; full coverage pass pending,TRUE,TRUE,FALSE,0,5,21,NA,NA,NA,2026-05-21T18:31:29Z,NA,NA,0,0,NA,NA,NA,NA
2026-05-21T18:40:06Z,/media/volume/danluu-fuzz-data/rtc-coverage-guided-20260515/run-20260521T183957Z,run-20260521T183957Z,TRUE,launcher started; monitor process pending,FALSE,TRUE,FALSE,NA,NA,NA,NA,NA,NA,2026-05-21T18:39:44Z,NA,NA,1,0,NA,NA,NA,NA
2026-05-21T18:46:08Z,/media/volume/danluu-fuzz-data/rtc-coverage-guided-20260515/run-20260521T184428Z,run-20260521T184428Z,TRUE,NA,FALSE,FALSE,TRUE,NA,NA,NA,2026-05-21T18:46:08Z,2026-05-21T18:46:08Z,NA,2026-05-21T18:46:08Z,0,0,0,0,0,0,0,0
2026-05-21T18:52:42Z,/media/volume/danluu-fuzz-data/rtc-coverage-guided-20260515/run-20260521T184706Z,run-20260521T184706Z,TRUE,NA,FALSE,FALSE,TRUE,NA,NA,NA,2026-05-21T18:52:16Z,2026-05-21T18:52:16Z,NA,2026-05-21T18:52:16Z,0.434933336575826,0.434933336575826,0.3333,0,3,3,3,0.3333
2026-05-21T18:58:44Z,/media/volume/danluu-fuzz-data/rtc-coverage-guided-20260515/run-20260521T184706Z,run-20260521T184706Z,TRUE,NA,FALSE,FALSE,TRUE,NA,NA,NA,2026-05-21T18:57:39Z,2026-05-21T18:57:39Z,NA,2026-05-21T18:57:39Z,1.086650002002716,1.086650002002716,0,0,0,0,0,0
2026-05-21T19:05:57Z,/media/volume/danluu-fuzz-data/rtc-coverage-guided-20260515/run-20260521T184706Z,run-20260521T184706Z,TRUE,NA,FALSE,FALSE,TRUE,NA,NA,NA,2026-05-21T19:05:57Z,2026-05-21T19:05:57Z,NA,2026-05-21T19:05:57Z,0,0,0,0,0,0,0,0
2026-05-21T19:12:54Z,/media/volume/danluu-fuzz-data/rtc-coverage-guided-20260515/run-20260521T184706Z,run-20260521T184706Z,TRUE,NA,FALSE,FALSE,TRUE,NA,NA,NA,2026-05-21T19:12:28Z,2026-05-21T19:12:28Z,NA,2026-05-21T19:12:28Z,0.4356499989827474,0.4356499989827474,1,0,1,1,1,1
2026-05-21T19:20:56Z,/media/volume/danluu-fuzz-data/rtc-coverage-guided-20260515/run-20260521T184706Z,run-20260521T184706Z,TRUE,NA,FALSE,FALSE,TRUE,NA,NA,NA,2026-05-21T19:20:56Z,2026-05-21T19:20:56Z,NA,2026-05-21T19:20:56Z,0,0,1,0,1,1,1,1
2026-05-21T19:25:54Z,/media/volume/danluu-fuzz-data/rtc-coverage-guided-20260515/run-20260521T184706Z,run-20260521T184706Z,TRUE,NA,FALSE,FALSE,TRUE,NA,NA,NA,2026-05-21T19:25:39Z,2026-05-21T19:25:39Z,NA,2026-05-21T19:25:39Z,0.26523333390553794,0.26523333390553794,0,0,0,0,0,0
2026-05-21T19:31:58Z,/media/volume/danluu-fuzz-data/rtc-coverage-guided-20260515/run-20260521T184706Z,run-20260521T184706Z,TRUE,NA,FALSE,FALSE,TRUE,NA,NA,NA,2026-05-21T19:31:58Z,2026-05-21T19:31:58Z,NA,2026-05-21T19:31:58Z,0,0,0,0,0,0,0,0
2026-05-21T19:32:54Z,/media/volume/danluu-fuzz-data/rtc-coverage-guided-20260515/run-20260521T184706Z,run-20260521T184706Z,TRUE,NA,FALSE,FALSE,TRUE,NA,NA,NA,2026-05-21T19:31:58Z,2026-05-21T19:31:58Z,NA,2026-05-21T19:31:58Z,0.9379833300908408,0.9379833300908408,0,0,0,0,0,0
2026-05-21T19:50:13Z,/media/volume/danluu-fuzz-data/rtc-coverage-guided-20260515/run-20260521T194316Z,run-20260521T194316Z,TRUE,NA,FALSE,FALSE,TRUE,NA,NA,NA,2026-05-21T19:49:48Z,2026-05-21T19:49:48Z,NA,2026-05-21T19:49:48Z,0.41981666882832847,0.41981666882832847,0,0,0,0,0,0
2026-05-21T19:58:33Z,/media/volume/danluu-fuzz-data/rtc-coverage-guided-20260515/run-20260521T195222Z,run-20260521T195222Z,TRUE,NA,FALSE,FALSE,TRUE,NA,NA,NA,2026-05-21T19:58:28Z,2026-05-21T19:58:28Z,NA,2026-05-21T19:58:28Z,0.07346666653951009,0.07346666653951009,0,0,0,0,0,0
2026-05-21T20:05:12Z,/media/volume/danluu-fuzz-data/rtc-coverage-guided-20260515/run-20260521T200045Z,run-20260521T200045Z,TRUE,NA,FALSE,FALSE,TRUE,NA,NA,NA,2026-05-21T20:05:12Z,2026-05-21T20:05:12Z,NA,2026-05-21T20:05:12Z,0,0,0,0,0,0,0,0
2026-05-21T20:11:53Z,/media/volume/danluu-fuzz-data/rtc-coverage-guided-20260515/run-20260521T200903Z,run-20260521T200903Z,TRUE,NA,FALSE,FALSE,TRUE,NA,NA,NA,2026-05-21T20:11:53Z,2026-05-21T20:11:53Z,NA,2026-05-21T20:11:53Z,0,0,1,0,1,1,1,1
2026-05-21T20:18:19Z,/media/volume/danluu-fuzz-data/rtc-coverage-guided-20260515/run-20260521T200903Z,run-20260521T200903Z,TRUE,NA,FALSE,FALSE,TRUE,NA,NA,NA,2026-05-21T20:16:56Z,2026-05-21T20:16:56Z,NA,2026-05-21T20:16:56Z,1.3819999972979229,1.3819999972979229,0,0,0,0,0,0
2026-05-21T20:28:02Z,/media/volume/danluu-fuzz-data/rtc-coverage-guided-20260515/run-20260521T202349Z,run-20260521T202349Z,TRUE,NA,FALSE,FALSE,TRUE,NA,NA,NA,2026-05-21T20:27:57Z,2026-05-21T20:27:57Z,NA,2026-05-21T20:27:57Z,0.08206666707992553,0.08206666707992553,0,0,0,0,0,0
2026-05-21T20:40:15Z,/media/volume/danluu-fuzz-data/rtc-coverage-guided-20260515/run-20260521T203805Z,run-20260521T203805Z,TRUE,monitor started; full coverage pass pending,TRUE,TRUE,FALSE,1,4,21,NA,NA,NA,2026-05-21T20:34:33Z,NA,NA,0,0,NA,NA,NA,NA
2026-05-21T20:48:23Z,/media/volume/danluu-fuzz-data/rtc-coverage-guided-20260515/run-20260521T204514Z,run-20260521T204514Z,TRUE,monitor started; full coverage pass pending,TRUE,TRUE,FALSE,0,7,21,2026-05-21T20:41:15Z,2026-05-21T20:41:15Z,NA,2026-05-21T20:41:15Z,7.133616669972738,7.133616669972738,0,0,NA,NA,NA,NA
2026-05-21T20:56:02Z,/media/volume/danluu-fuzz-data/rtc-coverage-guided-20260515/run-20260521T205041Z,run-20260521T205041Z,TRUE,NA,FALSE,FALSE,TRUE,NA,NA,NA,2026-05-21T20:56:02Z,2026-05-21T20:56:02Z,NA,2026-05-21T20:56:02Z,0,0,0,0,0,0,0,0
2026-05-21T21:02:50Z,/media/volume/danluu-fuzz-data/rtc-coverage-guided-20260515/run-20260521T205928Z,run-20260521T205928Z,TRUE,monitor started; full coverage pass pending,TRUE,TRUE,FALSE,1,4,21,NA,NA,NA,2026-05-21T20:56:02Z,NA,NA,0,0,NA,NA,NA,NA
2026-05-21T21:10:50Z,/media/volume/danluu-fuzz-data/rtc-coverage-guided-20260515/run-20260521T205928Z,run-20260521T205928Z,TRUE,NA,FALSE,FALSE,TRUE,NA,NA,NA,2026-05-21T21:06:48Z,2026-05-21T21:06:48Z,NA,2026-05-21T21:06:48Z,4.043783330917359,4.043783330917359,1,0,1,1,1,1
2026-05-21T21:22:42Z,/media/volume/danluu-fuzz-data/rtc-coverage-guided-20260515/run-20260521T211214Z,run-20260521T211214Z,TRUE,NA,FALSE,FALSE,TRUE,NA,NA,NA,2026-05-21T21:19:15Z,2026-05-21T21:19:15Z,NA,2026-05-21T21:19:15Z,3.4477999965349833,3.4477999965349833,0.5,0,2,2,2,0.5
2026-05-21T21:33:04Z,/media/volume/danluu-fuzz-data/rtc-coverage-guided-20260515/run-20260521T212932Z,run-20260521T212932Z,TRUE,monitor started; full coverage pass pending,TRUE,TRUE,FALSE,0,2,21,NA,NA,NA,2026-05-21T21:27:41Z,NA,NA,0,0,NA,NA,NA,NA
2026-05-21T21:42:04Z,/media/volume/danluu-fuzz-data/rtc-coverage-guided-20260515/run-20260521T212932Z,run-20260521T212932Z,TRUE,NA,FALSE,FALSE,TRUE,NA,NA,NA,2026-05-21T21:41:30Z,2026-05-21T21:41:30Z,NA,2026-05-21T21:41:30Z,0.5556666652361552,0.5556666652361552,1,0,1,1,1,1
2026-05-21T21:50:06Z,/media/volume/danluu-fuzz-data/rtc-coverage-guided-20260515/run-20260521T212932Z,run-20260521T212932Z,TRUE,NA,FALSE,FALSE,TRUE,NA,NA,NA,2026-05-21T21:46:40Z,2026-05-21T21:46:40Z,NA,2026-05-21T21:46:40Z,3.4208166639010114,3.4208166639010114,0,0,0,0,0,0
2026-05-21T21:57:06Z,/media/volume/danluu-fuzz-data/rtc-coverage-guided-20260515/run-20260521T212932Z,run-20260521T212932Z,TRUE,NA,FALSE,FALSE,TRUE,NA,NA,NA,2026-05-21T21:51:58Z,2026-05-21T21:51:58Z,NA,2026-05-21T21:51:58Z,5.1291000008583065,5.1291000008583065,0,0,0,0,0,0
2026-05-21T22:05:10Z,/media/volume/danluu-fuzz-data/rtc-coverage-guided-20260515/run-20260521T212932Z,run-20260521T212932Z,TRUE,NA,FALSE,FALSE,TRUE,NA,NA,NA,2026-05-21T21:59:20Z,2026-05-21T21:59:20Z,NA,2026-05-21T21:59:20Z,5.824083336194357,5.824083336194357,0,0,0,0,0,0
2026-05-21T22:13:12Z,/media/volume/danluu-fuzz-data/rtc-coverage-guided-20260515/run-20260521T221043Z,run-20260521T221043Z,TRUE,monitor started; full coverage pass pending,TRUE,TRUE,FALSE,1,4,21,NA,NA,NA,2026-05-21T22:05:21Z,NA,NA,0,0,NA,NA,NA,NA
2026-05-21T22:21:12Z,/media/volume/danluu-fuzz-data/rtc-coverage-guided-20260515/run-20260521T221043Z,run-20260521T221043Z,TRUE,NA,FALSE,FALSE,TRUE,NA,NA,NA,2026-05-21T22:19:25Z,2026-05-21T22:19:25Z,NA,2026-05-21T22:19:25Z,1.786649998029073,1.786649998029073,1,0,1,1,1,1
2026-05-21T22:29:49Z,/media/volume/danluu-fuzz-data/rtc-coverage-guided-20260515/run-20260521T222330Z,run-20260521T222330Z,TRUE,monitor started; full coverage pass pending,TRUE,TRUE,FALSE,5,6,21,NA,NA,NA,2026-05-21T22:19:25Z,NA,NA,1,0,NA,NA,NA,NA
2026-05-21T22:38:41Z,/media/volume/danluu-fuzz-data/rtc-coverage-guided-20260515/run-20260521T223427Z,run-20260521T223427Z,TRUE,monitor started; full coverage pass pending,TRUE,TRUE,FALSE,2,5,21,NA,NA,NA,2026-05-21T22:32:20Z,NA,NA,1,0,NA,NA,NA,NA
2026-05-21T22:45:17Z,/media/volume/danluu-fuzz-data/rtc-coverage-guided-20260515/run-20260521T224443Z,run-20260521T224443Z,TRUE,monitor started; full coverage pass pending,TRUE,TRUE,FALSE,0,NA,21,NA,NA,NA,2026-05-21T22:44:05Z,NA,NA,1,0,NA,NA,NA,NA
2026-05-21T22:53:17Z,/media/volume/danluu-fuzz-data/rtc-coverage-guided-20260515/run-20260521T224443Z,run-20260521T224443Z,TRUE,monitor started; full coverage pass pending,TRUE,TRUE,FALSE,4,5,21,NA,NA,NA,2026-05-21T22:44:05Z,NA,NA,1,0,NA,NA,NA,NA
2026-05-21T22:59:17Z,/media/volume/danluu-fuzz-data/rtc-coverage-guided-20260515/run-20260521T224443Z,run-20260521T224443Z,TRUE,NA,FALSE,FALSE,TRUE,NA,NA,NA,2026-05-21T22:55:09Z,2026-05-21T22:55:09Z,NA,2026-05-21T22:55:10Z,4.1331833322842915,4.1331833322842915,1,0,1,1,1,1
2026-05-21T23:07:04Z,/media/volume/danluu-fuzz-data/rtc-coverage-guided-20260515/run-20260521T225940Z,run-20260521T225940Z,TRUE,monitor started; full coverage pass pending,TRUE,TRUE,FALSE,5,5,21,NA,NA,NA,2026-05-21T22:55:10Z,NA,NA,1,0,NA,NA,NA,NA
2026-05-21T23:14:33Z,/media/volume/danluu-fuzz-data/rtc-coverage-guided-20260515/run-20260521T231312Z,run-20260521T231312Z,TRUE,monitor started; full coverage pass pending,TRUE,TRUE,FALSE,0,5,21,NA,NA,NA,2026-05-21T23:11:29Z,NA,NA,0.3333,0,NA,NA,NA,NA
2026-05-21T23:23:33Z,/media/volume/danluu-fuzz-data/rtc-coverage-guided-20260515/run-20260521T231312Z,run-20260521T231312Z,TRUE,monitor started; full coverage pass pending,TRUE,TRUE,FALSE,5,5,21,NA,NA,NA,2026-05-21T23:11:29Z,NA,NA,0.3333,0,NA,NA,NA,NA
2026-05-21T23:30:04Z,/media/volume/danluu-fuzz-data/rtc-coverage-guided-20260515/run-20260521T232531Z,run-20260521T232531Z,TRUE,monitor started; full coverage pass pending,TRUE,TRUE,FALSE,3,5,21,NA,NA,NA,2026-05-21T23:24:03Z,NA,NA,0.5,0,NA,NA,NA,NA
2026-05-21T23:36:04Z,/media/volume/danluu-fuzz-data/rtc-coverage-guided-20260515/run-20260521T232531Z,run-20260521T232531Z,TRUE,NA,FALSE,FALSE,TRUE,NA,NA,NA,2026-05-21T23:34:23Z,2026-05-21T23:34:23Z,NA,2026-05-21T23:34:23Z,1.6795833349227904,1.6795833349227904,1,0,1,1,1,1
2026-05-21T23:42:54Z,/media/volume/danluu-fuzz-data/rtc-coverage-guided-20260515/run-20260521T233827Z,run-20260521T233827Z,TRUE,monitor started; full coverage pass pending,TRUE,TRUE,FALSE,3,5,21,NA,NA,NA,2026-05-21T23:34:23Z,NA,NA,1,0,NA,NA,NA,NA
2026-05-21T23:49:41Z,/media/volume/danluu-fuzz-data/rtc-coverage-guided-20260515/run-20260521T234503Z,run-20260521T234503Z,TRUE,monitor started; full coverage pass pending,TRUE,TRUE,FALSE,2,5,21,NA,NA,NA,2026-05-21T23:34:23Z,NA,NA,1,0,NA,NA,NA,NA
2026-05-21T23:56:41Z,/media/volume/danluu-fuzz-data/rtc-coverage-guided-20260515/run-20260521T234503Z,run-20260521T234503Z,TRUE,monitor started; full coverage pass pending,TRUE,TRUE,FALSE,4,5,21,NA,NA,NA,2026-05-21T23:34:23Z,NA,NA,1,0,NA,NA,NA,NA
2026-05-22T00:01:41Z,/media/volume/danluu-fuzz-data/rtc-coverage-guided-20260515/run-20260521T234503Z,run-20260521T234503Z,TRUE,NA,FALSE,FALSE,TRUE,NA,NA,NA,2026-05-21T23:58:05Z,2026-05-21T23:58:05Z,NA,2026-05-21T23:58:05Z,3.593233335018158,3.593233335018158,1,0,1,1,1,1
2026-05-22T00:08:29Z,/media/volume/danluu-fuzz-data/rtc-coverage-guided-20260515/run-20260522T000656Z,run-20260522T000656Z,TRUE,monitor started; full coverage pass pending,TRUE,TRUE,FALSE,0,5,21,NA,NA,NA,2026-05-21T23:58:05Z,NA,NA,1,0,NA,NA,NA,NA
2026-05-22T00:14:31Z,/media/volume/danluu-fuzz-data/rtc-coverage-guided-20260515/run-20260522T000656Z,run-20260522T000656Z,TRUE,monitor started; full coverage pass pending,TRUE,TRUE,FALSE,5,6,21,NA,NA,NA,2026-05-21T23:58:05Z,NA,NA,1,0,NA,NA,NA,NA
2026-05-22T00:22:18Z,/media/volume/danluu-fuzz-data/rtc-coverage-guided-20260515/run-20260522T001750Z,run-20260522T001750Z,TRUE,monitor started; full coverage pass pending,TRUE,TRUE,FALSE,3,5,21,NA,NA,NA,2026-05-22T00:16:44Z,NA,NA,1,0,NA,NA,NA,NA
2026-05-22T00:30:26Z,/media/volume/danluu-fuzz-data/rtc-coverage-guided-20260515/run-20260522T002707Z,run-20260522T002707Z,TRUE,monitor started; full coverage pass pending,TRUE,TRUE,FALSE,1,6,21,NA,NA,NA,2026-05-22T00:16:44Z,NA,NA,1,0,NA,NA,NA,NA
2026-05-22T00:37:02Z,/media/volume/danluu-fuzz-data/rtc-coverage-guided-20260515/run-20260522T003439Z,run-20260522T003439Z,TRUE,monitor started; full coverage pass pending,TRUE,TRUE,FALSE,1,5,21,NA,NA,NA,2026-05-22T00:16:44Z,NA,NA,1,0,NA,NA,NA,NA
2026-05-22T00:42:41Z,/media/volume/danluu-fuzz-data/rtc-coverage-guided-20260515/run-20260522T004111Z,run-20260522T004111Z,TRUE,monitor started; full coverage pass pending,TRUE,TRUE,FALSE,0,6,21,NA,NA,NA,2026-05-22T00:16:44Z,NA,NA,1,0,NA,NA,NA,NA
2026-05-22T00:50:40Z,/media/volume/danluu-fuzz-data/rtc-coverage-guided-20260515/run-20260522T004955Z,run-20260522T004955Z,TRUE,monitor started; full coverage pass pending,TRUE,TRUE,FALSE,0,NA,21,NA,NA,NA,2026-05-22T00:16:44Z,NA,NA,1,0,NA,NA,NA,NA
2026-05-22T00:58:44Z,/media/volume/danluu-fuzz-data/rtc-coverage-guided-20260515/run-20260522T004955Z,run-20260522T004955Z,TRUE,monitor started; full coverage pass pending,TRUE,TRUE,FALSE,1,1,21,NA,NA,NA,2026-05-22T00:16:44Z,NA,NA,1,0,NA,NA,NA,NA
2026-05-22T01:10:14Z,/media/volume/danluu-fuzz-data/rtc-coverage-guided-20260515/run-20260522T010749Z,run-20260522T010749Z,TRUE,monitor started; full coverage pass pending,TRUE,TRUE,FALSE,1,1,21,NA,NA,NA,2026-05-22T01:00:25Z,NA,NA,1,0,NA,NA,NA,NA
2026-05-22T01:16:14Z,/media/volume/danluu-fuzz-data/rtc-coverage-guided-20260515/run-20260522T010749Z,run-20260522T010749Z,TRUE,NA,FALSE,FALSE,TRUE,NA,NA,NA,2026-05-22T01:14:03Z,2026-05-22T01:14:03Z,NA,2026-05-22T01:14:03Z,2.189649999141693,2.189649999141693,0,0,0,0,0,0
2026-05-22T01:24:38Z,/media/volume/danluu-fuzz-data/rtc-coverage-guided-20260515/run-20260522T012008Z,run-20260522T012008Z,TRUE,monitor started; full coverage pass pending,TRUE,TRUE,FALSE,2,2,21,NA,NA,NA,2026-05-22T01:14:03Z,NA,NA,0,0,NA,NA,NA,NA
2026-05-22T01:31:20Z,/media/volume/danluu-fuzz-data/rtc-coverage-guided-20260515/run-20260522T012647Z,run-20260522T012647Z,TRUE,monitor started; full coverage pass pending,TRUE,TRUE,FALSE,2,2,21,NA,NA,NA,2026-05-22T01:14:03Z,NA,NA,0,0,NA,NA,NA,NA
2026-05-22T01:39:05Z,/media/volume/danluu-fuzz-data/rtc-coverage-guided-20260515/run-20260522T013736Z,run-20260522T013736Z,TRUE,monitor started; full coverage pass pending,TRUE,TRUE,FALSE,0,3,21,NA,NA,NA,2026-05-22T01:37:30Z,NA,NA,1,0,NA,NA,NA,NA
2026-05-22T01:47:19Z,/media/volume/danluu-fuzz-data/rtc-coverage-guided-20260515/run-20260522T013736Z,run-20260522T013736Z,TRUE,monitor started; full coverage pass pending,TRUE,TRUE,FALSE,4,4,21,NA,NA,NA,2026-05-22T01:37:30Z,NA,NA,1,0,NA,NA,NA,NA
2026-05-22T02:25:55Z,/media/volume/danluu-fuzz-data/rtc-coverage-guided-20260515/run-20260522T020520Z,run-20260522T020520Z,TRUE,NA,FALSE,FALSE,TRUE,NA,NA,NA,2026-05-22T02:23:41Z,2026-05-22T02:23:41Z,NA,2026-05-22T02:23:41Z,2.2347166697184244,2.2347166697184244,0.5,0,2,2,2,0.5
2026-05-22T02:34:06Z,/media/volume/danluu-fuzz-data/rtc-coverage-guided-20260515/run-20260522T022632Z,run-20260522T022632Z,TRUE,monitor started; full coverage pass pending,TRUE,TRUE,FALSE,4,5,21,NA,NA,NA,2026-05-22T02:23:41Z,NA,NA,0.5,0,NA,NA,NA,NA
2026-05-22T02:42:40Z,/media/volume/danluu-fuzz-data/rtc-coverage-guided-20260515/run-20260522T024213Z,run-20260522T024213Z,TRUE,monitor started; full coverage pass pending,TRUE,TRUE,FALSE,0,NA,21,NA,NA,NA,2026-05-22T02:38:50Z,NA,NA,0.3333,1,NA,NA,NA,NA
2026-05-22T02:49:40Z,/media/volume/danluu-fuzz-data/rtc-coverage-guided-20260515/run-20260522T024213Z,run-20260522T024213Z,TRUE,monitor started; full coverage pass pending,TRUE,TRUE,FALSE,2,2,21,NA,NA,NA,2026-05-22T02:38:50Z,NA,NA,0.3333,1,NA,NA,NA,NA
2026-05-22T02:58:40Z,/media/volume/danluu-fuzz-data/rtc-coverage-guided-20260515/run-20260522T024213Z,run-20260522T024213Z,TRUE,NA,FALSE,FALSE,TRUE,NA,NA,NA,2026-05-22T02:54:27Z,2026-05-22T02:54:27Z,NA,2026-05-22T02:54:27Z,4.22335000038147,4.22335000038147,0.3333,1,3,3,3,0.3333
2026-05-22T03:04:23Z,/media/volume/danluu-fuzz-data/rtc-coverage-guided-20260515/run-20260522T025846Z,run-20260522T025846Z,TRUE,monitor started; full coverage pass pending,TRUE,TRUE,FALSE,1,1,21,NA,NA,NA,2026-05-22T02:54:27Z,NA,NA,0.3333,1,NA,NA,NA,NA
2026-05-22T03:12:26Z,/media/volume/danluu-fuzz-data/rtc-coverage-guided-20260515/run-20260522T025846Z,run-20260522T025846Z,TRUE,NA,FALSE,FALSE,TRUE,NA,NA,NA,2026-05-22T03:11:10Z,2026-05-22T03:11:10Z,NA,2026-05-22T03:11:10Z,1.2737666646639505,1.2737666646639505,0,0,0,0,0,0
2026-05-22T03:20:27Z,/media/volume/danluu-fuzz-data/rtc-coverage-guided-20260515/run-20260522T031350Z,run-20260522T031350Z,TRUE,monitor started; full coverage pass pending,TRUE,TRUE,FALSE,3,4,21,NA,NA,NA,2026-05-22T03:11:10Z,NA,NA,0,0,NA,NA,NA,NA
2026-05-22T03:27:33Z,/media/volume/danluu-fuzz-data/rtc-coverage-guided-20260515/run-20260522T032510Z,run-20260522T032510Z,TRUE,monitor started; full coverage pass pending,TRUE,TRUE,FALSE,1,2,21,NA,NA,NA,2026-05-22T03:22:34Z,NA,NA,0.25,0,NA,NA,NA,NA
2026-05-22T03:34:58Z,/media/volume/danluu-fuzz-data/rtc-coverage-guided-20260515/run-20260522T033322Z,run-20260522T033322Z,TRUE,monitor started; full coverage pass pending,TRUE,TRUE,FALSE,0,NA,21,NA,NA,NA,2026-05-22T03:32:48Z,NA,NA,0.5,0,NA,NA,NA,NA
2026-05-22T03:43:00Z,/media/volume/danluu-fuzz-data/rtc-coverage-guided-20260515/run-20260522T033322Z,run-20260522T033322Z,TRUE,monitor started; full coverage pass pending,TRUE,TRUE,FALSE,3,11,21,NA,NA,NA,2026-05-22T03:32:48Z,NA,NA,0.5,0,NA,NA,NA,NA
2026-05-22T03:51:58Z,/media/volume/danluu-fuzz-data/rtc-coverage-guided-20260515/run-20260522T034814Z,run-20260522T034814Z,TRUE,monitor started; full coverage pass pending,TRUE,TRUE,FALSE,2,5,21,NA,NA,NA,2026-05-22T03:45:41Z,NA,NA,0,0,NA,NA,NA,NA
2026-05-22T04:00:05Z,/media/volume/danluu-fuzz-data/rtc-coverage-guided-20260515/run-20260522T034814Z,run-20260522T034814Z,TRUE,monitor started; full coverage pass pending,TRUE,TRUE,FALSE,4,6,21,NA,NA,NA,2026-05-22T03:45:41Z,NA,NA,0,0,NA,NA,NA,NA
2026-05-22T04:07:05Z,/media/volume/danluu-fuzz-data/rtc-coverage-guided-20260515/run-20260522T034814Z,run-20260522T034814Z,TRUE,monitor started; full coverage pass pending,TRUE,TRUE,FALSE,4,6,21,NA,NA,NA,2026-05-22T03:45:41Z,NA,NA,0,0,NA,NA,NA,NA
2026-05-22T04:15:35Z,/media/volume/danluu-fuzz-data/rtc-coverage-guided-20260515/run-20260522T041414Z,run-20260522T041414Z,TRUE,monitor started; full coverage pass pending,TRUE,TRUE,FALSE,0,5,21,NA,NA,NA,2026-05-22T04:10:29Z,NA,NA,1,0,NA,NA,NA,NA
2026-05-22T04:21:41Z,/media/volume/danluu-fuzz-data/rtc-coverage-guided-20260515/run-20260522T041414Z,run-20260522T041414Z,TRUE,monitor started; full coverage pass pending,TRUE,TRUE,FALSE,5,6,21,NA,NA,NA,2026-05-22T04:10:29Z,NA,NA,1,0,NA,NA,NA,NA
2026-05-22T04:24:41Z,/media/volume/danluu-fuzz-data/rtc-coverage-guided-20260515/run-20260522T041414Z,run-20260522T041414Z,TRUE,monitor started; full coverage pass pending,TRUE,TRUE,FALSE,4,5,21,NA,NA,NA,2026-05-22T04:10:29Z,NA,NA,1,0,NA,NA,NA,NA
2026-05-22T04:30:41Z,/media/volume/danluu-fuzz-data/rtc-coverage-guided-20260515/run-20260522T041414Z,run-20260522T041414Z,TRUE,monitor started; full coverage pass pending,TRUE,TRUE,FALSE,0,5,21,NA,NA,NA,2026-05-22T04:10:29Z,NA,NA,1,0,NA,NA,NA,NA
2026-05-22T04:37:41Z,/media/volume/danluu-fuzz-data/rtc-coverage-guided-20260515/run-20260522T041414Z,run-20260522T041414Z,TRUE,NA,FALSE,FALSE,TRUE,NA,NA,NA,2026-05-22T04:32:55Z,2026-05-22T04:32:55Z,NA,2026-05-22T04:32:55Z,4.77340000073115,4.77340000073115,0,0,0,0,0,0
2026-05-22T04:44:41Z,/media/volume/danluu-fuzz-data/rtc-coverage-guided-20260515/run-20260522T041414Z,run-20260522T041414Z,TRUE,NA,FALSE,FALSE,TRUE,NA,NA,NA,2026-05-22T04:43:11Z,2026-05-22T04:43:11Z,NA,2026-05-22T04:43:11Z,1.507349999745687,1.507349999745687,1,0,1,1,1,1
2026-05-22T04:51:25Z,/media/volume/danluu-fuzz-data/rtc-coverage-guided-20260515/run-20260522T045104Z,run-20260522T045104Z,TRUE,monitor started; full coverage pass pending,TRUE,TRUE,FALSE,0,NA,21,NA,NA,NA,2026-05-22T04:43:11Z,NA,NA,1,0,NA,NA,NA,NA
2026-05-22T05:00:25Z,/media/volume/danluu-fuzz-data/rtc-coverage-guided-20260515/run-20260522T045104Z,run-20260522T045104Z,TRUE,monitor started; full coverage pass pending,TRUE,TRUE,FALSE,5,6,21,NA,NA,NA,2026-05-22T04:43:11Z,NA,NA,1,0,NA,NA,NA,NA
2026-05-22T05:07:27Z,/media/volume/danluu-fuzz-data/rtc-coverage-guided-20260515/run-20260522T045104Z,run-20260522T045104Z,TRUE,NA,FALSE,FALSE,TRUE,NA,NA,NA,2026-05-22T05:06:27Z,2026-05-22T05:06:27Z,NA,2026-05-22T05:06:27Z,1.0017333348592123,1.0017333348592123,0.5,0,2,2,2,0.5
2026-05-22T05:16:07Z,/media/volume/danluu-fuzz-data/rtc-coverage-guided-20260515/run-20260522T051136Z,run-20260522T051136Z,TRUE,monitor started; full coverage pass pending,TRUE,TRUE,FALSE,3,8,21,NA,NA,NA,2026-05-22T05:06:27Z,NA,NA,0.5,0,NA,NA,NA,NA
2026-05-22T05:24:07Z,/media/volume/danluu-fuzz-data/rtc-coverage-guided-20260515/run-20260522T051136Z,run-20260522T051136Z,TRUE,monitor started; full coverage pass pending,TRUE,TRUE,FALSE,5,8,21,NA,NA,NA,2026-05-22T05:06:27Z,NA,NA,0.5,0,NA,NA,NA,NA
2026-05-22T05:31:07Z,/media/volume/danluu-fuzz-data/rtc-coverage-guided-20260515/run-20260522T051136Z,run-20260522T051136Z,TRUE,NA,FALSE,FALSE,TRUE,NA,NA,NA,2026-05-22T05:28:04Z,2026-05-22T05:28:04Z,NA,2026-05-22T05:28:04Z,3.046349998315175,3.046349998315175,0.5,0,2,2,2,0.5
2026-05-22T05:38:11Z,/media/volume/danluu-fuzz-data/rtc-coverage-guided-20260515/run-20260522T053238Z,run-20260522T053238Z,TRUE,monitor started; full coverage pass pending,TRUE,TRUE,FALSE,4,8,21,NA,NA,NA,2026-05-22T05:28:04Z,NA,NA,0.5,0,NA,NA,NA,NA
2026-05-22T05:46:11Z,/media/volume/danluu-fuzz-data/rtc-coverage-guided-20260515/run-20260522T053238Z,run-20260522T053238Z,TRUE,monitor started; full coverage pass pending,TRUE,TRUE,FALSE,4,4,21,NA,NA,NA,2026-05-22T05:28:04Z,NA,NA,0.5,0,NA,NA,NA,NA
2026-05-22T05:52:17Z,/media/volume/danluu-fuzz-data/rtc-coverage-guided-20260515/run-20260522T053238Z,run-20260522T053238Z,TRUE,NA,FALSE,FALSE,TRUE,NA,NA,NA,2026-05-22T05:47:23Z,2026-05-22T05:47:23Z,NA,2026-05-22T05:47:23Z,4.898449997107188,4.898449997107188,0.5,1,2,2,2,0.5
2026-05-22T06:02:18Z,/media/volume/danluu-fuzz-data/rtc-coverage-guided-20260515/run-20260522T055342Z,run-20260522T055342Z,TRUE,monitor started; full coverage pass pending,TRUE,TRUE,FALSE,3,3,21,NA,NA,NA,2026-05-22T05:53:31Z,NA,NA,0.3333,1,NA,NA,NA,NA
2026-05-22T06:13:18Z,/media/volume/danluu-fuzz-data/rtc-coverage-guided-20260515/run-20260522T055342Z,run-20260522T055342Z,TRUE,NA,FALSE,FALSE,TRUE,NA,NA,NA,2026-05-22T06:04:06Z,2026-05-22T06:04:06Z,NA,2026-05-22T06:04:06Z,9.189800000190736,9.189800000190736,1,0,1,1,1,1
2026-05-22T06:23:25Z,/media/volume/danluu-fuzz-data/rtc-coverage-guided-20260515/run-20260522T055342Z,run-20260522T055342Z,TRUE,NA,FALSE,FALSE,TRUE,NA,NA,NA,2026-05-22T06:20:42Z,2026-05-22T06:20:42Z,NA,2026-05-22T06:20:42Z,2.7061166683832805,2.7061166683832805,1,1,1,1,1,1
2026-05-22T06:32:25Z,/media/volume/danluu-fuzz-data/rtc-coverage-guided-20260515/run-20260522T055342Z,run-20260522T055342Z,TRUE,NA,FALSE,FALSE,TRUE,NA,NA,NA,2026-05-22T06:30:09Z,2026-05-22T06:30:09Z,NA,2026-05-22T06:30:09Z,2.260816665490468,2.260816665490468,0,0,0,0,0,0
2026-05-22T06:38:25Z,/media/volume/danluu-fuzz-data/rtc-coverage-guided-20260515/run-20260522T055342Z,run-20260522T055342Z,TRUE,NA,FALSE,FALSE,TRUE,NA,NA,NA,2026-05-22T06:30:09Z,2026-05-22T06:30:09Z,NA,2026-05-22T06:30:09Z,8.260833330949147,8.260833330949147,0,0,0,0,0,0
2026-05-22T06:45:26Z,/media/volume/danluu-fuzz-data/rtc-coverage-guided-20260515/run-20260522T064303Z,run-20260522T064303Z,TRUE,monitor started; full coverage pass pending,TRUE,TRUE,FALSE,0,6,21,2026-05-22T06:40:28Z,2026-05-22T06:40:28Z,NA,2026-05-22T06:40:28Z,4.9706499973932905,4.9706499973932905,1,0,NA,NA,NA,NA
2026-05-22T06:55:26Z,/media/volume/danluu-fuzz-data/rtc-coverage-guided-20260515/run-20260522T064303Z,run-20260522T064303Z,TRUE,monitor started; full coverage pass pending,TRUE,TRUE,FALSE,2,2,21,2026-05-22T06:40:28Z,2026-05-22T06:40:28Z,NA,2026-05-22T06:40:28Z,14.970816667874654,14.970816667874654,1,0,NA,NA,NA,NA
2026-05-22T07:02:28Z,/media/volume/danluu-fuzz-data/rtc-coverage-guided-20260515/run-20260522T064303Z,run-20260522T064303Z,TRUE,NA,FALSE,FALSE,TRUE,NA,NA,NA,2026-05-22T06:57:13Z,2026-05-22T06:57:13Z,NA,2026-05-22T06:57:13Z,5.245949999491374,5.245949999491374,1,0,1,1,1,1
2026-05-22T07:12:28Z,/media/volume/danluu-fuzz-data/rtc-coverage-guided-20260515/run-20260522T064303Z,run-20260522T064303Z,TRUE,NA,FALSE,FALSE,TRUE,NA,NA,NA,2026-05-22T07:04:52Z,2026-05-22T07:04:52Z,NA,2026-05-22T07:04:52Z,7.595433334509532,7.595433334509532,0,0,0,0,0,0
2026-05-22T07:19:35Z,/media/volume/danluu-fuzz-data/rtc-coverage-guided-20260515/run-20260522T064303Z,run-20260522T064303Z,TRUE,NA,FALSE,FALSE,TRUE,NA,NA,NA,2026-05-22T07:15:20Z,2026-05-22T07:15:20Z,NA,2026-05-22T07:15:20Z,4.2528166691462195,4.2528166691462195,1,0,1,1,1,1
2026-05-22T07:31:35Z,/media/volume/danluu-fuzz-data/rtc-coverage-guided-20260515/run-20260522T064303Z,run-20260522T064303Z,TRUE,NA,FALSE,FALSE,TRUE,NA,NA,NA,2026-05-22T07:24:47Z,2026-05-22T07:24:47Z,NA,2026-05-22T07:24:47Z,6.799366664886475,6.799366664886475,0,0,0,0,0,0
2026-05-22T07:38:36Z,/media/volume/danluu-fuzz-data/rtc-coverage-guided-20260515/run-20260522T064303Z,run-20260522T064303Z,TRUE,NA,FALSE,FALSE,TRUE,NA,NA,NA,2026-05-22T07:34:28Z,2026-05-22T07:34:28Z,NA,2026-05-22T07:34:28Z,4.139900000890096,4.139900000890096,0,0,0,0,0,0
2026-05-22T07:48:37Z,/media/volume/danluu-fuzz-data/rtc-coverage-guided-20260515/run-20260522T064303Z,run-20260522T064303Z,TRUE,NA,FALSE,FALSE,TRUE,NA,NA,NA,2026-05-22T07:48:32Z,2026-05-22T07:48:32Z,NA,2026-05-22T07:48:32Z,0.07516667048136393,0.07516667048136393,0.5,0,2,2,2,0.5
2026-05-22T07:58:37Z,/media/volume/danluu-fuzz-data/rtc-coverage-guided-20260515/run-20260522T064303Z,run-20260522T064303Z,TRUE,NA,FALSE,FALSE,TRUE,NA,NA,NA,2026-05-22T07:56:35Z,2026-05-22T07:56:35Z,NA,2026-05-22T07:56:35Z,2.0331999977429707,2.0331999977429707,0.5,0,2,2,2,0.5
2026-05-22T08:04:33Z,/media/volume/danluu-fuzz-data/rtc-coverage-guided-20260515/run-20260522T080206Z,run-20260522T080206Z,TRUE,monitor started; full coverage pass pending,TRUE,TRUE,FALSE,0,4,21,2026-05-22T08:01:15Z,2026-05-22T08:01:15Z,NA,2026-05-22T08:01:15Z,3.2894000013669333,3.2894000013669333,0.5,0,NA,NA,NA,NA
2026-05-22T08:12:33Z,/media/volume/danluu-fuzz-data/rtc-coverage-guided-20260515/run-20260522T080206Z,run-20260522T080206Z,TRUE,NA,FALSE,FALSE,TRUE,NA,NA,NA,2026-05-22T08:10:04Z,2026-05-22T08:10:04Z,NA,2026-05-22T08:10:04Z,2.4702333331108095,2.4702333331108095,0,0,0,0,0,0
2026-05-22T08:18:39Z,/media/volume/danluu-fuzz-data/rtc-coverage-guided-20260515/run-20260522T080206Z,run-20260522T080206Z,TRUE,NA,FALSE,FALSE,TRUE,NA,NA,NA,2026-05-22T08:17:22Z,2026-05-22T08:17:22Z,NA,2026-05-22T08:17:22Z,1.2896166682243346,1.2896166682243346,1,0,1,1,1,1
2026-05-22T08:26:27Z,/media/volume/danluu-fuzz-data/rtc-coverage-guided-20260515/run-20260522T082502Z,run-20260522T082502Z,TRUE,monitor started; full coverage pass pending,TRUE,TRUE,FALSE,0,7,21,2026-05-22T08:24:21Z,2026-05-22T08:24:21Z,NA,2026-05-22T08:24:21Z,2.0932000001271565,2.0932000001271565,1,0,NA,NA,NA,NA
2026-05-22T08:36:27Z,/media/volume/danluu-fuzz-data/rtc-coverage-guided-20260515/run-20260522T082502Z,run-20260522T082502Z,TRUE,NA,FALSE,FALSE,TRUE,NA,NA,NA,2026-05-22T08:33:31Z,2026-05-22T08:33:31Z,NA,2026-05-22T08:33:31Z,2.929866663614909,2.929866663614909,1,0,1,1,1,1
2026-05-22T08:44:27Z,/media/volume/danluu-fuzz-data/rtc-coverage-guided-20260515/run-20260522T082502Z,run-20260522T082502Z,TRUE,NA,FALSE,FALSE,TRUE,NA,NA,NA,2026-05-22T08:40:45Z,2026-05-22T08:40:45Z,NA,2026-05-22T08:40:45Z,3.6999166647593182,3.6999166647593182,0.25,0,4,4,4,0.25
2026-05-22T08:51:27Z,/media/volume/danluu-fuzz-data/rtc-coverage-guided-20260515/run-20260522T085006Z,run-20260522T085006Z,TRUE,monitor started; full coverage pass pending,TRUE,TRUE,FALSE,0,5,21,2026-05-22T08:48:04Z,2026-05-22T08:48:04Z,NA,2026-05-22T08:48:04Z,3.3884833335876463,3.3884833335876463,0.25,0,NA,NA,NA,NA
2026-05-22T08:58:27Z,/media/volume/danluu-fuzz-data/rtc-coverage-guided-20260515/run-20260522T085006Z,run-20260522T085006Z,TRUE,monitor started; full coverage pass pending,TRUE,TRUE,FALSE,5,5,21,2026-05-22T08:48:04Z,2026-05-22T08:48:04Z,NA,2026-05-22T08:48:04Z,10.388866666952769,10.388866666952769,0.25,0,NA,NA,NA,NA
2026-05-22T09:05:27Z,/media/volume/danluu-fuzz-data/rtc-coverage-guided-20260515/run-20260522T085006Z,run-20260522T085006Z,TRUE,NA,FALSE,FALSE,TRUE,NA,NA,NA,2026-05-22T09:04:52Z,2026-05-22T09:04:52Z,NA,2026-05-22T09:04:52Z,0.577566663424174,0.577566663424174,0.2,0,5,5,5,0.2
2026-05-22T09:12:17Z,/media/volume/danluu-fuzz-data/rtc-coverage-guided-20260515/run-20260522T091059Z,run-20260522T091059Z,TRUE,monitor started; full coverage pass pending,TRUE,TRUE,FALSE,0,7,21,2026-05-22T09:10:39Z,2026-05-22T09:10:39Z,NA,2026-05-22T09:10:39Z,1.6310666680336,1.6310666680336,0.1667,0,NA,NA,NA,NA
2026-05-22T09:21:28Z,/media/volume/danluu-fuzz-data/rtc-coverage-guided-20260515/run-20260522T091059Z,run-20260522T091059Z,TRUE,NA,FALSE,FALSE,TRUE,NA,NA,NA,2026-05-22T09:21:28Z,2026-05-22T09:21:28Z,NA,2026-05-22T09:21:29Z,0,0,1,0,1,1,1,1
2026-05-22T09:28:24Z,/media/volume/danluu-fuzz-data/rtc-coverage-guided-20260515/run-20260522T091059Z,run-20260522T091059Z,TRUE,NA,FALSE,FALSE,TRUE,NA,NA,NA,2026-05-22T09:28:24Z,2026-05-22T09:28:24Z,NA,2026-05-22T09:28:24Z,0,0,0,0,0,0,0,0
2026-05-22T09:35:17Z,/media/volume/danluu-fuzz-data/rtc-coverage-guided-20260515/run-20260522T091059Z,run-20260522T091059Z,TRUE,NA,FALSE,FALSE,TRUE,NA,NA,NA,2026-05-22T09:28:24Z,2026-05-22T09:28:24Z,NA,2026-05-22T09:28:24Z,6.87811666727066,6.87811666727066,0,0,0,0,0,0
2026-05-22T09:45:39Z,/media/volume/danluu-fuzz-data/rtc-coverage-guided-20260515/run-20260522T094411Z,run-20260522T094411Z,TRUE,monitor started; full coverage pass pending,TRUE,TRUE,FALSE,0,6,21,2026-05-22T09:40:50Z,2026-05-22T09:40:50Z,NA,2026-05-22T09:40:50Z,4.814016668001811,4.814016668001811,0.5,0,NA,NA,NA,NA
2026-05-22T09:54:39Z,/media/volume/danluu-fuzz-data/rtc-coverage-guided-20260515/run-20260522T094411Z,run-20260522T094411Z,TRUE,NA,FALSE,FALSE,TRUE,NA,NA,NA,2026-05-22T09:54:34Z,2026-05-22T09:54:34Z,NA,2026-05-22T09:54:35Z,0.07403333187103271,0.07403333187103271,1,0,1,1,1,1
2026-05-22T10:02:39Z,/media/volume/danluu-fuzz-data/rtc-coverage-guided-20260515/run-20260522T094411Z,run-20260522T094411Z,TRUE,NA,FALSE,FALSE,TRUE,NA,NA,NA,2026-05-22T09:54:34Z,2026-05-22T09:54:34Z,NA,2026-05-22T09:54:35Z,8.074033331871032,8.074033331871032,1,0,1,1,1,1
2026-05-22T10:06:41Z,/media/volume/danluu-fuzz-data/rtc-coverage-guided-20260515/run-20260522T100511Z,run-20260522T100511Z,TRUE,monitor started; full coverage pass pending,TRUE,TRUE,FALSE,0,NA,21,2026-05-22T10:04:07Z,2026-05-22T10:04:07Z,NA,2026-05-22T10:04:07Z,2.571133331457774,2.571133331457774,0.1667,0,NA,NA,NA,NA
2026-05-22T10:12:41Z,/media/volume/danluu-fuzz-data/rtc-coverage-guided-20260515/run-20260522T100511Z,run-20260522T100511Z,TRUE,monitor started; full coverage pass pending,TRUE,TRUE,FALSE,3,8,21,2026-05-22T10:04:07Z,2026-05-22T10:04:07Z,NA,2026-05-22T10:04:07Z,8.572933332125347,8.572933332125347,0.1667,0,NA,NA,NA,NA
2026-05-22T10:19:41Z,/media/volume/danluu-fuzz-data/rtc-coverage-guided-20260515/run-20260522T100511Z,run-20260522T100511Z,TRUE,NA,FALSE,FALSE,TRUE,NA,NA,NA,2026-05-22T10:18:45Z,2026-05-22T10:18:45Z,NA,2026-05-22T10:18:45Z,0.9304666638374328,0.9304666638374328,0.5,0,2,2,2,0.5
2026-05-22T10:26:41Z,/media/volume/danluu-fuzz-data/rtc-coverage-guided-20260515/run-20260522T100511Z,run-20260522T100511Z,TRUE,NA,FALSE,FALSE,TRUE,NA,NA,NA,2026-05-22T10:26:25Z,2026-05-22T10:26:25Z,NA,2026-05-22T10:26:25Z,0.2650999983151754,0.2650999983151754,0,0,0,0,0,0
2026-05-22T10:34:04Z,/media/volume/danluu-fuzz-data/rtc-coverage-guided-20260515/run-20260522T102847Z,run-20260522T102847Z,TRUE,monitor started; full coverage pass pending,TRUE,TRUE,FALSE,2,4,21,2026-05-22T10:26:25Z,2026-05-22T10:26:25Z,NA,2026-05-22T10:26:25Z,7.647733330726624,7.647733330726624,0,0,NA,NA,NA,NA
2026-05-22T10:42:04Z,/media/volume/danluu-fuzz-data/rtc-coverage-guided-20260515/run-20260522T102847Z,run-20260522T102847Z,TRUE,monitor started; full coverage pass pending,TRUE,TRUE,FALSE,6,8,21,2026-05-22T10:26:25Z,2026-05-22T10:26:25Z,NA,2026-05-22T10:26:25Z,15.647933332125346,15.647933332125346,0,0,NA,NA,NA,NA
2026-05-22T10:49:04Z,/media/volume/danluu-fuzz-data/rtc-coverage-guided-20260515/run-20260522T102847Z,run-20260522T102847Z,TRUE,NA,FALSE,FALSE,TRUE,NA,NA,NA,2026-05-22T10:43:44Z,2026-05-22T10:43:44Z,NA,2026-05-22T10:43:44Z,5.331416666507721,5.331416666507721,0.5,0,2,2,2,0.5
2026-05-22T10:56:54Z,/media/volume/danluu-fuzz-data/rtc-coverage-guided-20260515/run-20260522T104926Z,run-20260522T104926Z,TRUE,monitor started; full coverage pass pending,TRUE,TRUE,FALSE,5,10,21,2026-05-22T10:43:44Z,2026-05-22T10:43:44Z,NA,2026-05-22T10:43:44Z,13.165199999014536,13.165199999014536,0.5,0,NA,NA,NA,NA
2026-05-22T11:04:54Z,/media/volume/danluu-fuzz-data/rtc-coverage-guided-20260515/run-20260522T104926Z,run-20260522T104926Z,TRUE,NA,FALSE,FALSE,TRUE,NA,NA,NA,2026-05-22T11:04:04Z,2026-05-22T11:04:04Z,NA,2026-05-22T11:04:04Z,0.8375333309173584,0.8375333309173584,0.5,0,2,2,2,0.5
2026-05-22T11:10:54Z,/media/volume/danluu-fuzz-data/rtc-coverage-guided-20260515/run-20260522T104926Z,run-20260522T104926Z,TRUE,NA,FALSE,FALSE,TRUE,NA,NA,NA,2026-05-22T11:10:39Z,2026-05-22T11:10:39Z,NA,2026-05-22T11:10:39Z,0.2460500001907349,0.2460500001907349,0.5,0,2,2,2,0.5
2026-05-22T11:18:12Z,/media/volume/danluu-fuzz-data/rtc-coverage-guided-20260515/run-20260522T111434Z,run-20260522T111434Z,TRUE,monitor started; full coverage pass pending,TRUE,TRUE,FALSE,1,7,21,2026-05-22T11:10:39Z,2026-05-22T11:10:39Z,NA,2026-05-22T11:10:39Z,7.54196666876475,7.54196666876475,0.5,0,NA,NA,NA,NA
2026-05-22T11:27:12Z,/media/volume/danluu-fuzz-data/rtc-coverage-guided-20260515/run-20260522T111434Z,run-20260522T111434Z,TRUE,monitor started; full coverage pass pending,TRUE,TRUE,FALSE,6,7,21,2026-05-22T11:10:39Z,2026-05-22T11:10:39Z,NA,2026-05-22T11:10:39Z,16.542616669336955,16.542616669336955,0.5,0,NA,NA,NA,NA
2026-05-22T11:33:13Z,/media/volume/danluu-fuzz-data/rtc-coverage-guided-20260515/run-20260522T111434Z,run-20260522T111434Z,TRUE,monitor started; full coverage pass pending,TRUE,TRUE,FALSE,4,5,21,2026-05-22T11:10:39Z,2026-05-22T11:10:39Z,NA,2026-05-22T11:10:39Z,22.56216666698456,22.56216666698456,0.5,0,NA,NA,NA,NA
2026-05-22T11:39:39Z,/media/volume/danluu-fuzz-data/rtc-coverage-guided-20260515/run-20260522T111434Z,run-20260522T111434Z,TRUE,NA,FALSE,FALSE,TRUE,NA,NA,NA,2026-05-22T11:33:48Z,2026-05-22T11:33:48Z,NA,2026-05-22T11:33:48Z,5.84221666653951,5.84221666653951,0.25,0,4,4,4,0.25
2026-05-22T11:45:42Z,/media/volume/danluu-fuzz-data/rtc-coverage-guided-20260515/run-20260522T111434Z,run-20260522T111434Z,TRUE,NA,FALSE,FALSE,TRUE,NA,NA,NA,2026-05-22T11:45:02Z,2026-05-22T11:45:02Z,NA,2026-05-22T11:45:02Z,0.6672000010808309,0.6672000010808309,0,0,0,0,0,0
2026-05-22T11:51:58Z,/media/volume/danluu-fuzz-data/rtc-coverage-guided-20260515/run-20260522T115048Z,run-20260522T115048Z,TRUE,monitor started; full coverage pass pending,TRUE,TRUE,FALSE,0,4,21,2026-05-22T11:45:02Z,2026-05-22T11:45:02Z,NA,2026-05-22T11:45:02Z,6.939300004641215,6.939300004641215,0,0,NA,NA,NA,NA
2026-05-22T11:57:58Z,/media/volume/danluu-fuzz-data/rtc-coverage-guided-20260515/run-20260522T115048Z,run-20260522T115048Z,TRUE,NA,FALSE,FALSE,TRUE,NA,NA,NA,2026-05-22T11:55:51Z,2026-05-22T11:55:51Z,NA,2026-05-22T11:55:51Z,2.1179166634877524,2.1179166634877524,0,0,0,0,0,0
2026-05-22T12:04:09Z,/media/volume/danluu-fuzz-data/rtc-coverage-guided-20260515/run-20260522T115048Z,run-20260522T115048Z,TRUE,NA,FALSE,FALSE,TRUE,NA,NA,NA,2026-05-22T12:02:18Z,2026-05-22T12:02:18Z,NA,2026-05-22T12:02:18Z,1.8590500036875408,1.8590500036875408,0,0,0,0,0,0
2026-05-22T12:11:09Z,/media/volume/danluu-fuzz-data/rtc-coverage-guided-20260515/run-20260522T115048Z,run-20260522T115048Z,TRUE,NA,FALSE,FALSE,TRUE,NA,NA,NA,2026-05-22T12:10:47Z,2026-05-22T12:10:47Z,NA,2026-05-22T12:10:47Z,0.3703166643778483,0.3703166643778483,0,0,0,0,0,0
2026-05-22T12:18:46Z,/media/volume/danluu-fuzz-data/rtc-coverage-guided-20260515/run-20260522T121126Z,run-20260522T121126Z,TRUE,NA,FALSE,FALSE,TRUE,NA,NA,NA,2026-05-22T12:18:37Z,2026-05-22T12:18:37Z,NA,2026-05-22T12:18:37Z,0.1584333340326945,0.1584333340326945,0,0,0,0,0,0
2026-05-22T12:26:46Z,/media/volume/danluu-fuzz-data/rtc-coverage-guided-20260515/run-20260522T121126Z,run-20260522T121126Z,TRUE,NA,FALSE,FALSE,TRUE,NA,NA,NA,2026-05-22T12:23:43Z,2026-05-22T12:23:43Z,NA,2026-05-22T12:23:44Z,3.0500500003496804,3.0500500003496804,0,0,0,0,0,0
2026-05-22T12:34:41Z,/media/volume/danluu-fuzz-data/rtc-coverage-guided-20260515/run-20260522T123220Z,run-20260522T123220Z,TRUE,monitor started; full coverage pass pending,TRUE,TRUE,FALSE,1,5,21,2026-05-22T12:29:22Z,2026-05-22T12:29:22Z,NA,2026-05-22T12:29:22Z,5.307266668478648,5.307266668478648,0,0,NA,NA,NA,NA
2026-05-22T12:42:33Z,/media/volume/danluu-fuzz-data/rtc-coverage-guided-20260515/run-20260522T123220Z,run-20260522T123220Z,TRUE,NA,FALSE,FALSE,TRUE,NA,NA,NA,2026-05-22T12:42:33Z,2026-05-22T12:42:33Z,NA,2026-05-22T12:42:33Z,0,0,1,0,1,1,1,1
2026-05-22T12:48:49Z,/media/volume/danluu-fuzz-data/rtc-coverage-guided-20260515/run-20260522T123220Z,run-20260522T123220Z,TRUE,NA,FALSE,FALSE,TRUE,NA,NA,NA,2026-05-22T12:42:33Z,2026-05-22T12:42:33Z,NA,2026-05-22T12:42:33Z,6.261766668160757,6.261766668160757,1,0,1,1,1,1
2026-05-22T12:56:37Z,/media/volume/danluu-fuzz-data/rtc-coverage-guided-20260515/run-20260522T125322Z,run-20260522T125322Z,TRUE,NA,FALSE,FALSE,TRUE,NA,NA,NA,2026-05-22T12:56:37Z,2026-05-22T12:56:37Z,NA,2026-05-22T12:56:38Z,0,0,0,0,0,0,0,0
2026-05-22T13:03:50Z,/media/volume/danluu-fuzz-data/rtc-coverage-guided-20260515/run-20260522T125322Z,run-20260522T125322Z,TRUE,NA,FALSE,FALSE,TRUE,NA,NA,NA,2026-05-22T13:02:36Z,2026-05-22T13:02:36Z,NA,2026-05-22T13:02:36Z,1.2410999973615011,1.2410999973615011,0,0,0,0,0,0
2026-05-22T13:11:10Z,/media/volume/danluu-fuzz-data/rtc-coverage-guided-20260515/run-20260522T125322Z,run-20260522T125322Z,TRUE,NA,FALSE,FALSE,TRUE,NA,NA,NA,2026-05-22T13:11:10Z,2026-05-22T13:11:10Z,NA,2026-05-22T13:11:10Z,0,0,0,0,0,0,0,0
2026-05-22T13:19:19Z,/media/volume/danluu-fuzz-data/rtc-coverage-guided-20260515/run-20260522T125322Z,run-20260522T125322Z,TRUE,NA,FALSE,FALSE,TRUE,NA,NA,NA,2026-05-22T13:19:19Z,2026-05-22T13:19:19Z,NA,2026-05-22T13:19:20Z,0,0,0,0,0,0,0,0
2026-05-22T13:27:03Z,/media/volume/danluu-fuzz-data/rtc-coverage-guided-20260515/run-20260522T132644Z,run-20260522T132644Z,TRUE,monitor started; full coverage pass pending,TRUE,TRUE,FALSE,0,NA,21,2026-05-22T13:22:24Z,2026-05-22T13:22:24Z,NA,2026-05-22T13:22:24Z,4.640083332856496,4.640083332856496,0,0,NA,NA,NA,NA
2026-05-22T13:35:03Z,/media/volume/danluu-fuzz-data/rtc-coverage-guided-20260515/run-20260522T132644Z,run-20260522T132644Z,TRUE,NA,FALSE,FALSE,TRUE,NA,NA,NA,2026-05-22T13:34:30Z,2026-05-22T13:34:30Z,NA,2026-05-22T13:34:30Z,0.5539833347002665,0.5539833347002665,0.5,0,2,2,2,0.5
2026-05-22T13:44:03Z,/media/volume/danluu-fuzz-data/rtc-coverage-guided-20260515/run-20260522T132644Z,run-20260522T132644Z,TRUE,NA,FALSE,FALSE,TRUE,NA,NA,NA,2026-05-22T13:42:02Z,2026-05-22T13:42:02Z,NA,2026-05-22T13:42:02Z,2.009599999586741,2.009599999586741,0.25,0,4,4,4,0.25
2026-05-22T13:52:01Z,/media/volume/danluu-fuzz-data/rtc-coverage-guided-20260515/run-20260522T134741Z,run-20260522T134741Z,TRUE,NA,FALSE,FALSE,TRUE,NA,NA,NA,2026-05-22T13:51:37Z,2026-05-22T13:51:37Z,NA,2026-05-22T13:51:37Z,0.39173333247502645,0.39173333247502645,0,0,0,0,0,0
2026-05-22T13:59:01Z,/media/volume/danluu-fuzz-data/rtc-coverage-guided-20260515/run-20260522T134741Z,run-20260522T134741Z,TRUE,NA,FALSE,FALSE,TRUE,NA,NA,NA,2026-05-22T13:58:37Z,2026-05-22T13:58:37Z,NA,2026-05-22T13:58:37Z,0.3939333359400431,0.3939333359400431,0.5,0,2,2,2,0.5
2026-05-22T14:07:01Z,/media/volume/danluu-fuzz-data/rtc-coverage-guided-20260515/run-20260522T134741Z,run-20260522T134741Z,TRUE,NA,FALSE,FALSE,TRUE,NA,NA,NA,2026-05-22T14:05:30Z,2026-05-22T14:05:30Z,NA,2026-05-22T14:05:30Z,1.5213666677474975,1.5213666677474975,1,0,1,1,1,1
2026-05-22T14:14:01Z,/media/volume/danluu-fuzz-data/rtc-coverage-guided-20260515/run-20260522T134741Z,run-20260522T134741Z,TRUE,NA,FALSE,FALSE,TRUE,NA,NA,NA,2026-05-22T14:13:32Z,2026-05-22T14:13:32Z,NA,2026-05-22T14:13:32Z,0.4778333346048991,0.4778333346048991,0.5,0,2,2,2,0.5
2026-05-22T14:22:23Z,/media/volume/danluu-fuzz-data/rtc-coverage-guided-20260515/run-20260522T142103Z,run-20260522T142103Z,TRUE,monitor started; full coverage pass pending,TRUE,TRUE,FALSE,0,8,21,2026-05-22T14:18:28Z,2026-05-22T14:18:28Z,NA,2026-05-22T14:18:28Z,3.912183332443237,3.912183332443237,0.3333,0,NA,NA,NA,NA
2026-05-22T14:29:23Z,/media/volume/danluu-fuzz-data/rtc-coverage-guided-20260515/run-20260522T142103Z,run-20260522T142103Z,TRUE,NA,FALSE,FALSE,TRUE,NA,NA,NA,2026-05-22T14:27:46Z,2026-05-22T14:27:46Z,NA,2026-05-22T14:27:46Z,1.6115999976793924,1.6115999976793924,1,0,1,1,1,1
2026-05-22T14:37:35Z,/media/volume/danluu-fuzz-data/rtc-coverage-guided-20260515/run-20260522T142103Z,run-20260522T142103Z,TRUE,NA,FALSE,FALSE,TRUE,NA,NA,NA,2026-05-22T14:34:50Z,2026-05-22T14:34:50Z,NA,2026-05-22T14:34:50Z,2.744699998696645,2.744699998696645,0.3333,0,3,3,3,0.3333
2026-05-22T14:46:35Z,/media/volume/danluu-fuzz-data/rtc-coverage-guided-20260515/run-20260522T142103Z,run-20260522T142103Z,TRUE,NA,FALSE,FALSE,TRUE,NA,NA,NA,2026-05-22T14:46:10Z,2026-05-22T14:46:10Z,NA,2026-05-22T14:46:10Z,0.41808333396911623,0.41808333396911623,1,0,1,1,1,1
2026-05-22T14:55:35Z,/media/volume/danluu-fuzz-data/rtc-coverage-guided-20260515/run-20260522T142103Z,run-20260522T142103Z,TRUE,NA,FALSE,FALSE,TRUE,NA,NA,NA,2026-05-22T14:53:59Z,2026-05-22T14:53:59Z,NA,2026-05-22T14:53:59Z,1.595183332761129,1.595183332761129,0,0,0,0,0,0
2026-05-22T15:05:28Z,/media/volume/danluu-fuzz-data/rtc-coverage-guided-20260515/run-20260522T150117Z,run-20260522T150117Z,TRUE,NA,FALSE,FALSE,TRUE,NA,NA,NA,2026-05-22T15:05:28Z,2026-05-22T15:05:28Z,NA,2026-05-22T15:05:28Z,0,0,0,0,0,0,0,0
2026-05-22T15:13:36Z,/media/volume/danluu-fuzz-data/rtc-coverage-guided-20260515/run-20260522T150117Z,run-20260522T150117Z,TRUE,NA,FALSE,FALSE,TRUE,NA,NA,NA,2026-05-22T15:13:15Z,2026-05-22T15:13:15Z,NA,2026-05-22T15:13:16Z,0.3372666637102763,0.3372666637102763,0,0,0,0,0,0
2026-05-22T15:23:33Z,/media/volume/danluu-fuzz-data/rtc-coverage-guided-20260515/run-20260522T151953Z,run-20260522T151953Z,TRUE,NA,FALSE,FALSE,TRUE,NA,NA,NA,2026-05-22T15:23:33Z,2026-05-22T15:23:33Z,NA,2026-05-22T15:23:33Z,0,0,0,0,0,0,0,0
2026-05-22T15:35:10Z,/media/volume/danluu-fuzz-data/rtc-coverage-guided-20260515/run-20260522T151953Z,run-20260522T151953Z,TRUE,NA,FALSE,FALSE,TRUE,NA,NA,NA,2026-05-22T15:31:57Z,2026-05-22T15:31:57Z,NA,2026-05-22T15:31:57Z,3.214233334859212,3.214233334859212,1,0,1,1,1,1
2026-05-22T15:44:10Z,/media/volume/danluu-fuzz-data/rtc-coverage-guided-20260515/run-20260522T151953Z,run-20260522T151953Z,TRUE,NA,FALSE,FALSE,TRUE,NA,NA,NA,2026-05-22T15:42:55Z,2026-05-22T15:42:55Z,NA,2026-05-22T15:42:55Z,1.2609999974568684,1.2609999974568684,0.3333,0,3,3,3,0.3333
2026-05-22T15:52:10Z,/media/volume/danluu-fuzz-data/rtc-coverage-guided-20260515/run-20260522T151953Z,run-20260522T151953Z,TRUE,NA,FALSE,FALSE,TRUE,NA,NA,NA,2026-05-22T15:50:42Z,2026-05-22T15:50:42Z,NA,2026-05-22T15:50:42Z,1.4743333339691165,1.4743333339691165,0.3333,0,3,3,3,0.3333
2026-05-22T16:00:53Z,/media/volume/danluu-fuzz-data/rtc-coverage-guided-20260515/run-20260522T151953Z,run-20260522T151953Z,TRUE,NA,FALSE,FALSE,TRUE,NA,NA,NA,2026-05-22T16:00:53Z,2026-05-22T16:00:53Z,NA,2026-05-22T16:00:53Z,0,0,0.5,0,2,2,2,0.5
2026-05-22T16:09:09Z,/media/volume/danluu-fuzz-data/rtc-coverage-guided-20260515/run-20260522T151953Z,run-20260522T151953Z,TRUE,NA,FALSE,FALSE,TRUE,NA,NA,NA,2026-05-22T16:08:59Z,2026-05-22T16:08:59Z,NA,2026-05-22T16:09:00Z,0.16174999872843424,0.16174999872843424,0.3333,0,3,3,3,0.3333
2026-05-22T16:17:21Z,/media/volume/danluu-fuzz-data/rtc-coverage-guided-20260515/run-20260522T151953Z,run-20260522T151953Z,TRUE,NA,FALSE,FALSE,TRUE,NA,NA,NA,2026-05-22T16:16:59Z,2026-05-22T16:16:59Z,NA,2026-05-22T16:16:59Z,0.37663333415985106,0.37663333415985106,0.5,0,2,2,2,0.5
2026-05-22T16:25:22Z,/media/volume/danluu-fuzz-data/rtc-coverage-guided-20260515/run-20260522T151953Z,run-20260522T151953Z,TRUE,NA,FALSE,FALSE,TRUE,NA,NA,NA,2026-05-22T16:25:07Z,2026-05-22T16:25:07Z,NA,2026-05-22T16:25:08Z,0.23586666584014893,0.23586666584014893,0.5,0,2,2,2,0.5
2026-05-22T16:32:22Z,/media/volume/danluu-fuzz-data/rtc-coverage-guided-20260515/run-20260522T151953Z,run-20260522T151953Z,TRUE,NA,FALSE,FALSE,TRUE,NA,NA,NA,2026-05-22T16:30:59Z,2026-05-22T16:30:59Z,NA,2026-05-22T16:30:59Z,1.382616670926412,1.382616670926412,0.5,0,2,2,2,0.5
2026-05-22T16:39:29Z,/media/volume/danluu-fuzz-data/rtc-coverage-guided-20260515/run-20260522T151953Z,run-20260522T151953Z,TRUE,NA,FALSE,FALSE,TRUE,NA,NA,NA,2026-05-22T16:37:21Z,2026-05-22T16:37:21Z,NA,2026-05-22T16:37:21Z,2.1378000020980834,2.1378000020980834,0.5,0,2,2,2,0.5
2026-05-22T16:45:40Z,/media/volume/danluu-fuzz-data/rtc-coverage-guided-20260515/run-20260522T151953Z,run-20260522T151953Z,TRUE,NA,FALSE,FALSE,TRUE,NA,NA,NA,2026-05-22T16:43:20Z,2026-05-22T16:43:20Z,NA,2026-05-22T16:43:20Z,2.3296500007311503,2.3296500007311503,0.5,0,2,2,2,0.5
2026-05-22T16:51:40Z,/media/volume/danluu-fuzz-data/rtc-coverage-guided-20260515/run-20260522T151953Z,run-20260522T151953Z,TRUE,NA,FALSE,FALSE,TRUE,NA,NA,NA,2026-05-22T16:49:17Z,2026-05-22T16:49:17Z,NA,2026-05-22T16:49:17Z,2.3863499959309897,2.3863499959309897,0.5,0,2,2,2,0.5
2026-05-22T16:57:45Z,/media/volume/danluu-fuzz-data/rtc-coverage-guided-20260515/run-20260522T151953Z,run-20260522T151953Z,TRUE,NA,FALSE,FALSE,TRUE,NA,NA,NA,2026-05-22T16:55:27Z,2026-05-22T16:55:27Z,NA,2026-05-22T16:55:28Z,2.292650000254313,2.292650000254313,0.5,0,2,2,2,0.5
2026-05-22T17:04:21Z,/media/volume/danluu-fuzz-data/rtc-coverage-guided-20260515/run-20260522T170138Z,run-20260522T170138Z,TRUE,monitor started; full coverage pass pending,TRUE,TRUE,FALSE,0,4,21,2026-05-22T17:01:22Z,2026-05-22T17:01:22Z,NA,2026-05-22T17:01:22Z,2.9955833355585733,2.9955833355585733,0.5,0,NA,NA,NA,NA
2026-05-22T17:12:21Z,/media/volume/danluu-fuzz-data/rtc-coverage-guided-20260515/run-20260522T170138Z,run-20260522T170138Z,TRUE,NA,FALSE,FALSE,TRUE,NA,NA,NA,2026-05-22T17:11:15Z,2026-05-22T17:11:15Z,NA,2026-05-22T17:11:15Z,1.1099833329518636,1.1099833329518636,1,0,1,1,1,1
2026-05-22T17:21:21Z,/media/volume/danluu-fuzz-data/rtc-coverage-guided-20260515/run-20260522T170138Z,run-20260522T170138Z,TRUE,NA,FALSE,FALSE,TRUE,NA,NA,NA,2026-05-22T17:20:34Z,2026-05-22T17:20:34Z,NA,2026-05-22T17:20:34Z,0.7971333305040995,0.7971333305040995,0.3333,0,6,6,6,0.3333
2026-05-22T17:28:22Z,/media/volume/danluu-fuzz-data/rtc-coverage-guided-20260515/run-20260522T170138Z,run-20260522T170138Z,TRUE,NA,FALSE,FALSE,TRUE,NA,NA,NA,2026-05-22T17:27:34Z,2026-05-22T17:27:34Z,NA,2026-05-22T17:27:34Z,0.7978666663169861,0.7978666663169861,0.3333,0,3,3,3,0.3333
2026-05-22T17:37:07Z,/media/volume/danluu-fuzz-data/rtc-coverage-guided-20260515/run-20260522T170138Z,run-20260522T170138Z,TRUE,NA,FALSE,FALSE,TRUE,NA,NA,NA,2026-05-22T17:36:38Z,2026-05-22T17:36:38Z,NA,2026-05-22T17:36:38Z,0.4922166665395101,0.4922166665395101,0.5,0,2,2,2,0.5
2026-05-22T17:46:46Z,/media/volume/danluu-fuzz-data/rtc-coverage-guided-20260515/run-20260522T174126Z,run-20260522T174126Z,TRUE,monitor started; full coverage pass pending,TRUE,TRUE,FALSE,0,5,21,2026-05-22T17:41:30Z,2026-05-22T17:41:30Z,NA,2026-05-22T17:41:30Z,5.255983332792918,5.255983332792918,0,0,NA,NA,NA,NA
2026-05-22T17:53:57Z,/media/volume/danluu-fuzz-data/rtc-coverage-guided-20260515/run-20260522T174740Z,run-20260522T174740Z,TRUE,monitor started; full coverage pass pending,TRUE,TRUE,FALSE,2,8,21,2026-05-22T17:41:30Z,2026-05-22T17:41:30Z,NA,2026-05-22T17:41:30Z,12.44239999850591,12.44239999850591,0,0,NA,NA,NA,NA
2026-05-22T18:01:20Z,/media/volume/danluu-fuzz-data/rtc-coverage-guided-20260515/run-20260522T174740Z,run-20260522T174740Z,TRUE,NA,FALSE,FALSE,TRUE,NA,NA,NA,2026-05-22T18:01:20Z,2026-05-22T18:01:20Z,NA,2026-05-22T18:01:20Z,0,0,1,0,1,1,0,1
2026-05-22T18:08:03Z,/media/volume/danluu-fuzz-data/rtc-coverage-guided-20260515/run-20260522T174740Z,run-20260522T174740Z,TRUE,NA,FALSE,FALSE,TRUE,NA,NA,NA,2026-05-22T18:07:47Z,2026-05-22T18:07:47Z,NA,2026-05-22T18:07:47Z,0.26768333514531456,0.26768333514531456,0,0,0,0,0,0
2026-05-22T18:15:49Z,/media/volume/danluu-fuzz-data/rtc-coverage-guided-20260515/run-20260522T181432Z,run-20260522T181432Z,TRUE,monitor started; full coverage pass pending,TRUE,TRUE,FALSE,0,2,21,2026-05-22T18:07:47Z,2026-05-22T18:07:47Z,NA,2026-05-22T18:07:47Z,8.025800001621246,8.025800001621246,0,0,NA,NA,NA,NA
2026-05-22T18:23:26Z,/media/volume/danluu-fuzz-data/rtc-coverage-guided-20260515/run-20260522T182117Z,run-20260522T182117Z,TRUE,monitor started; full coverage pass pending,TRUE,TRUE,FALSE,1,2,21,2026-05-22T18:07:47Z,2026-05-22T18:07:47Z,NA,2026-05-22T18:07:47Z,15.654000000158948,15.654000000158948,0,0,NA,NA,NA,NA
2026-05-22T18:32:26Z,/media/volume/danluu-fuzz-data/rtc-coverage-guided-20260515/run-20260522T182117Z,run-20260522T182117Z,TRUE,NA,FALSE,FALSE,TRUE,NA,NA,NA,2026-05-22T18:29:22Z,2026-05-22T18:29:22Z,NA,2026-05-22T18:29:22Z,3.068349997202555,3.068349997202555,0,0,0,0,0,0
2026-05-22T18:39:26Z,/media/volume/danluu-fuzz-data/rtc-coverage-guided-20260515/run-20260522T182117Z,run-20260522T182117Z,TRUE,NA,FALSE,FALSE,TRUE,NA,NA,NA,2026-05-22T18:37:23Z,2026-05-22T18:37:23Z,NA,2026-05-22T18:37:23Z,2.0575666666030883,2.0575666666030883,0.2,0,5,5,5,0.2
2026-05-22T18:46:31Z,/media/volume/danluu-fuzz-data/rtc-coverage-guided-20260515/run-20260522T182117Z,run-20260522T182117Z,TRUE,NA,FALSE,FALSE,TRUE,NA,NA,NA,2026-05-22T18:46:16Z,2026-05-22T18:46:16Z,NA,2026-05-22T18:46:16Z,0.2625500043233236,0.2625500043233236,0.3333,0,3,3,3,0.3333
2026-05-22T18:54:41Z,/media/volume/danluu-fuzz-data/rtc-coverage-guided-20260515/run-20260522T182117Z,run-20260522T182117Z,TRUE,NA,FALSE,FALSE,TRUE,NA,NA,NA,2026-05-22T18:46:16Z,2026-05-22T18:46:16Z,NA,2026-05-22T18:46:16Z,8.422583333651225,8.422583333651225,0.3333,0,3,3,3,0.3333
2026-05-22T19:02:32Z,/media/volume/danluu-fuzz-data/rtc-coverage-guided-20260515/run-20260522T185702Z,run-20260522T185702Z,TRUE,monitor started; full coverage pass pending,TRUE,TRUE,FALSE,3,5,21,2026-05-22T18:55:11Z,2026-05-22T18:55:11Z,NA,2026-05-22T18:55:11Z,7.342533334096273,7.342533334096273,1,0,NA,NA,NA,NA
2026-05-22T19:15:33Z,/media/volume/danluu-fuzz-data/rtc-coverage-guided-20260515/run-20260522T185702Z,run-20260522T185702Z,TRUE,NA,FALSE,FALSE,TRUE,NA,NA,NA,2026-05-22T19:07:12Z,2026-05-22T19:07:12Z,NA,2026-05-22T19:07:12Z,8.35499999920527,8.35499999920527,1,0,1,1,1,1
2026-05-22T19:24:33Z,/media/volume/danluu-fuzz-data/rtc-coverage-guided-20260515/run-20260522T185702Z,run-20260522T185702Z,TRUE,NA,FALSE,FALSE,TRUE,NA,NA,NA,2026-05-22T19:23:59Z,2026-05-22T19:23:59Z,NA,2026-05-22T19:23:59Z,0.5689333359400431,0.5689333359400431,0,0,0,0,0,0
2026-05-22T19:31:05Z,/media/volume/danluu-fuzz-data/rtc-coverage-guided-20260515/run-20260522T192827Z,run-20260522T192827Z,TRUE,monitor started; full coverage pass pending,TRUE,TRUE,FALSE,0,8,21,2026-05-22T19:23:59Z,2026-05-22T19:23:59Z,NA,2026-05-22T19:23:59Z,7.087833333015442,7.087833333015442,0,0,NA,NA,NA,NA
2026-05-22T19:39:44Z,/media/volume/danluu-fuzz-data/rtc-coverage-guided-20260515/run-20260522T192827Z,run-20260522T192827Z,TRUE,NA,FALSE,FALSE,TRUE,NA,NA,NA,2026-05-22T19:39:44Z,2026-05-22T19:39:44Z,NA,2026-05-22T19:39:44Z,0,0,1,0,1,1,1,1
2026-05-22T19:46:08Z,/media/volume/danluu-fuzz-data/rtc-coverage-guided-20260515/run-20260522T192827Z,run-20260522T192827Z,TRUE,NA,FALSE,FALSE,TRUE,NA,NA,NA,2026-05-22T19:39:44Z,2026-05-22T19:39:44Z,NA,2026-05-22T19:39:44Z,6.398633333047231,6.398633333047231,1,0,1,1,1,1
2026-05-22T19:54:08Z,/media/volume/danluu-fuzz-data/rtc-coverage-guided-20260515/run-20260522T192827Z,run-20260522T192827Z,TRUE,NA,FALSE,FALSE,TRUE,NA,NA,NA,2026-05-22T19:50:07Z,2026-05-22T19:50:07Z,NA,2026-05-22T19:50:07Z,4.0165000001589455,4.0165000001589455,1,0,1,1,1,1
2026-05-22T20:02:08Z,/media/volume/danluu-fuzz-data/rtc-coverage-guided-20260515/run-20260522T192827Z,run-20260522T192827Z,TRUE,NA,FALSE,FALSE,TRUE,NA,NA,NA,2026-05-22T20:00:20Z,2026-05-22T20:00:20Z,NA,2026-05-22T20:00:20Z,1.7987666646639506,1.7987666646639506,1,0,1,1,1,1
2026-05-22T20:09:08Z,/media/volume/danluu-fuzz-data/rtc-coverage-guided-20260515/run-20260522T192827Z,run-20260522T192827Z,TRUE,NA,FALSE,FALSE,TRUE,NA,NA,NA,2026-05-22T20:08:57Z,2026-05-22T20:08:57Z,NA,2026-05-22T20:08:57Z,0.1830833355585734,0.1830833355585734,0.5,0,2,2,2,0.5
2026-05-22T20:17:12Z,/media/volume/danluu-fuzz-data/rtc-coverage-guided-20260515/run-20260522T192827Z,run-20260522T192827Z,TRUE,NA,FALSE,FALSE,TRUE,NA,NA,NA,2026-05-22T20:08:57Z,2026-05-22T20:08:57Z,NA,2026-05-22T20:08:57Z,8.24656666914622,8.24656666914622,0.5,0,2,2,2,0.5
2026-05-22T20:24:31Z,/media/volume/danluu-fuzz-data/rtc-coverage-guided-20260515/run-20260522T192827Z,run-20260522T192827Z,TRUE,NA,FALSE,FALSE,TRUE,NA,NA,NA,2026-05-22T20:18:50Z,2026-05-22T20:18:50Z,NA,2026-05-22T20:18:50Z,5.687150001525879,5.687150001525879,0,0,0,0,0,0
2026-05-22T20:31:31Z,/media/volume/danluu-fuzz-data/rtc-coverage-guided-20260515/run-20260522T192827Z,run-20260522T192827Z,TRUE,NA,FALSE,FALSE,TRUE,NA,NA,NA,2026-05-22T20:26:48Z,2026-05-22T20:26:48Z,NA,2026-05-22T20:26:49Z,4.712150001525879,4.712150001525879,1,0,1,1,1,1
2026-05-22T20:39:31Z,/media/volume/danluu-fuzz-data/rtc-coverage-guided-20260515/run-20260522T192827Z,run-20260522T192827Z,TRUE,NA,FALSE,FALSE,TRUE,NA,NA,NA,2026-05-22T20:38:44Z,2026-05-22T20:38:44Z,NA,2026-05-22T20:38:44Z,0.7811499993006389,0.7811499993006389,0.3333,0,3,3,3,0.3333
2026-05-22T20:45:31Z,/media/volume/danluu-fuzz-data/rtc-coverage-guided-20260515/run-20260522T192827Z,run-20260522T192827Z,TRUE,NA,FALSE,FALSE,TRUE,NA,NA,NA,2026-05-22T20:42:56Z,2026-05-22T20:42:56Z,NA,2026-05-22T20:42:56Z,2.592133331298828,2.592133331298828,0.3333,0,3,3,3,0.3333
2026-05-22T20:54:34Z,/media/volume/danluu-fuzz-data/rtc-coverage-guided-20260515/run-20260522T205208Z,run-20260522T205208Z,TRUE,monitor started; full coverage pass pending,TRUE,TRUE,FALSE,0,7,21,2026-05-22T20:48:28Z,2026-05-22T20:48:28Z,NA,2026-05-22T20:48:28Z,6.09835000038147,6.09835000038147,0,0,NA,NA,NA,NA
2026-05-22T21:04:34Z,/media/volume/danluu-fuzz-data/rtc-coverage-guided-20260515/run-20260522T205208Z,run-20260522T205208Z,TRUE,NA,FALSE,FALSE,TRUE,NA,NA,NA,2026-05-22T21:00:39Z,2026-05-22T21:00:39Z,NA,2026-05-22T21:00:39Z,3.9180166681607562,3.9180166681607562,0,0,0,0,0,0
2026-05-22T21:12:34Z,/media/volume/danluu-fuzz-data/rtc-coverage-guided-20260515/run-20260522T205208Z,run-20260522T205208Z,TRUE,NA,FALSE,FALSE,TRUE,NA,NA,NA,2026-05-22T21:08:58Z,2026-05-22T21:08:58Z,NA,2026-05-22T21:08:58Z,3.6033833344777424,3.6033833344777424,1,0,1,1,0,1
2026-05-22T21:20:34Z,/media/volume/danluu-fuzz-data/rtc-coverage-guided-20260515/run-20260522T205208Z,run-20260522T205208Z,TRUE,NA,FALSE,FALSE,TRUE,NA,NA,NA,2026-05-22T21:15:10Z,2026-05-22T21:15:10Z,NA,2026-05-22T21:15:11Z,5.397883335749309,5.397883335749309,0.2,0,5,5,5,0.2
2026-05-22T21:27:54Z,/media/volume/danluu-fuzz-data/rtc-coverage-guided-20260515/run-20260522T212524Z,run-20260522T212524Z,TRUE,monitor started; full coverage pass pending,TRUE,TRUE,FALSE,0,9,21,2026-05-22T21:21:37Z,2026-05-22T21:21:37Z,NA,2026-05-22T21:21:37Z,6.278483331203461,6.278483331203461,0.1,0,NA,NA,NA,NA
2026-05-22T21:36:54Z,/media/volume/danluu-fuzz-data/rtc-coverage-guided-20260515/run-20260522T212524Z,run-20260522T212524Z,TRUE,NA,FALSE,FALSE,TRUE,NA,NA,NA,2026-05-22T21:33:55Z,2026-05-22T21:33:55Z,NA,2026-05-22T21:33:55Z,2.98100000222524,2.98100000222524,0,0,0,0,0,0
2026-05-22T21:44:02Z,/media/volume/danluu-fuzz-data/rtc-coverage-guided-20260515/run-20260522T212524Z,run-20260522T212524Z,TRUE,NA,FALSE,FALSE,TRUE,NA,NA,NA,2026-05-22T21:41:29Z,2026-05-22T21:41:29Z,NA,2026-05-22T21:41:29Z,2.5514333327611287,2.5514333327611287,0.125,0,8,8,8,0.125
2026-05-22T21:50:02Z,/media/volume/danluu-fuzz-data/rtc-coverage-guided-20260515/run-20260522T212524Z,run-20260522T212524Z,TRUE,NA,FALSE,FALSE,TRUE,NA,NA,NA,2026-05-22T21:49:09Z,2026-05-22T21:49:09Z,NA,2026-05-22T21:49:09Z,0.8732833385467529,0.8732833385467529,0.1667,0,6,6,6,0.1667
2026-05-22T21:58:03Z,/media/volume/danluu-fuzz-data/rtc-coverage-guided-20260515/run-20260522T212524Z,run-20260522T212524Z,TRUE,NA,FALSE,FALSE,TRUE,NA,NA,NA,2026-05-22T21:58:03Z,2026-05-22T21:58:03Z,NA,2026-05-22T21:58:03Z,0,0,0.2,0,5,5,5,0.2
2026-05-22T22:04:02Z,/media/volume/danluu-fuzz-data/rtc-coverage-guided-20260515/run-20260522T212524Z,run-20260522T212524Z,TRUE,NA,FALSE,FALSE,TRUE,NA,NA,NA,2026-05-22T22:02:28Z,2026-05-22T22:02:28Z,NA,2026-05-22T22:02:28Z,1.5604833285013835,1.5604833285013835,0.2,0,5,5,5,0.2
2026-05-22T22:11:02Z,/media/volume/danluu-fuzz-data/rtc-coverage-guided-20260515/run-20260522T212524Z,run-20260522T212524Z,TRUE,NA,FALSE,FALSE,TRUE,NA,NA,NA,2026-05-22T22:09:11Z,2026-05-22T22:09:11Z,NA,2026-05-22T22:09:11Z,1.8531500021616616,1.8531500021616616,0.5,0,2,2,2,0.5
2026-05-22T22:17:02Z,/media/volume/danluu-fuzz-data/rtc-coverage-guided-20260515/run-20260522T212524Z,run-20260522T212524Z,TRUE,NA,FALSE,FALSE,TRUE,NA,NA,NA,2026-05-22T22:13:48Z,2026-05-22T22:13:48Z,NA,2026-05-22T22:13:49Z,3.221833332379659,3.221833332379659,0.2,0,5,5,4,0.2
2026-05-22T22:23:40Z,/media/volume/danluu-fuzz-data/rtc-coverage-guided-20260515/run-20260522T222304Z,run-20260522T222304Z,TRUE,launcher started; monitor process pending,FALSE,TRUE,FALSE,NA,NA,NA,2026-05-22T22:22:24Z,2026-05-22T22:22:24Z,NA,2026-05-22T22:22:24Z,1.265699998537699,1.265699998537699,0.3333,0,NA,NA,NA,NA
2026-05-22T22:30:12Z,/media/volume/danluu-fuzz-data/rtc-coverage-guided-20260515/run-20260522T212524Z,run-20260522T212524Z,TRUE,NA,FALSE,FALSE,TRUE,NA,NA,NA,2026-05-22T22:29:02Z,2026-05-22T22:29:02Z,NA,2026-05-22T22:29:02Z,1.1702999989191691,1.1702999989191691,0,0,0,0,0,0
2026-05-22T22:38:07Z,/media/volume/danluu-fuzz-data/rtc-coverage-guided-20260515/run-20260522T223547Z,run-20260522T223547Z,TRUE,monitor started; full coverage pass pending,TRUE,TRUE,FALSE,1,9,21,2026-05-22T22:35:25Z,2026-05-22T22:35:25Z,NA,2026-05-22T22:35:25Z,2.6915833353996277,2.6915833353996277,0,0,NA,NA,NA,NA
2026-05-22T22:45:07Z,/media/volume/danluu-fuzz-data/rtc-coverage-guided-20260515/run-20260522T223547Z,run-20260522T223547Z,TRUE,NA,FALSE,FALSE,TRUE,NA,NA,NA,2026-05-22T22:44:21Z,2026-05-22T22:44:21Z,NA,2026-05-22T22:44:21Z,0.7639666676521302,0.7639666676521302,1,0,1,1,1,1
2026-05-22T22:52:07Z,/media/volume/danluu-fuzz-data/rtc-coverage-guided-20260515/run-20260522T223547Z,run-20260522T223547Z,TRUE,NA,FALSE,FALSE,TRUE,NA,NA,NA,2026-05-22T22:44:21Z,2026-05-22T22:44:21Z,NA,2026-05-22T22:44:21Z,7.76396666765213,7.76396666765213,1,0,1,1,1,1
2026-05-22T23:00:15Z,/media/volume/danluu-fuzz-data/rtc-coverage-guided-20260515/run-20260522T225303Z,run-20260522T225303Z,TRUE,monitor started; full coverage pass pending,TRUE,TRUE,FALSE,2,2,21,2026-05-22T22:44:21Z,2026-05-22T22:44:21Z,NA,2026-05-22T22:44:21Z,15.908166666825611,15.908166666825611,1,0,NA,NA,NA,NA
2026-05-22T23:08:26Z,/media/volume/danluu-fuzz-data/rtc-coverage-guided-20260515/run-20260522T230117Z,run-20260522T230117Z,TRUE,monitor started; full coverage pass pending,TRUE,TRUE,FALSE,5,6,21,2026-05-22T22:44:21Z,2026-05-22T22:44:21Z,NA,2026-05-22T22:44:21Z,24.09241666396459,24.09241666396459,1,0,NA,NA,NA,NA
2026-05-22T23:15:26Z,/media/volume/danluu-fuzz-data/rtc-coverage-guided-20260515/run-20260522T230117Z,run-20260522T230117Z,TRUE,NA,FALSE,FALSE,TRUE,NA,NA,NA,2026-05-22T23:09:44Z,2026-05-22T23:09:44Z,NA,2026-05-22T23:09:44Z,5.698633329073588,5.698633329073588,1,0,1,1,1,1
2026-05-22T23:22:23Z,/media/volume/danluu-fuzz-data/rtc-coverage-guided-20260515/run-20260522T232201Z,run-20260522T232201Z,TRUE,monitor started; full coverage pass pending,TRUE,TRUE,FALSE,0,NA,21,2026-05-22T23:20:45Z,2026-05-22T23:20:45Z,NA,2026-05-22T23:20:45Z,1.639566667874654,1.639566667874654,0.5,0,NA,NA,NA,NA
2026-05-22T23:31:33Z,/media/volume/danluu-fuzz-data/rtc-coverage-guided-20260515/run-20260522T232201Z,run-20260522T232201Z,TRUE,monitor started; full coverage pass pending,TRUE,TRUE,FALSE,3,3,21,2026-05-22T23:20:45Z,2026-05-22T23:20:45Z,NA,2026-05-22T23:20:45Z,10.799066666762034,10.799066666762034,0.5,0,NA,NA,NA,NA
2026-05-22T23:38:33Z,/media/volume/danluu-fuzz-data/rtc-coverage-guided-20260515/run-20260522T232201Z,run-20260522T232201Z,TRUE,NA,FALSE,FALSE,TRUE,NA,NA,NA,2026-05-22T23:35:57Z,2026-05-22T23:35:57Z,NA,2026-05-22T23:35:57Z,2.6055166681607562,2.6055166681607562,0.2,0,5,5,5,0.2
2026-05-22T23:45:33Z,/media/volume/danluu-fuzz-data/rtc-coverage-guided-20260515/run-20260522T232201Z,run-20260522T232201Z,TRUE,NA,FALSE,FALSE,TRUE,NA,NA,NA,2026-05-22T23:43:30Z,2026-05-22T23:43:30Z,NA,2026-05-22T23:43:30Z,2.052333335081736,2.052333335081736,1,0,1,1,1,1
2026-05-22T23:53:14Z,/media/volume/danluu-fuzz-data/rtc-coverage-guided-20260515/run-20260522T232201Z,run-20260522T232201Z,TRUE,NA,FALSE,FALSE,TRUE,NA,NA,NA,2026-05-22T23:53:14Z,2026-05-22T23:53:14Z,NA,2026-05-22T23:53:14Z,0,0,0,0,0,0,0,0
2026-05-22T23:59:51Z,/media/volume/danluu-fuzz-data/rtc-coverage-guided-20260515/run-20260522T232201Z,run-20260522T232201Z,TRUE,NA,FALSE,FALSE,TRUE,NA,NA,NA,2026-05-22T23:53:14Z,2026-05-22T23:53:14Z,NA,2026-05-22T23:53:14Z,6.6118666688601175,6.6118666688601175,0,0,0,0,0,0
2026-05-23T00:06:23Z,/media/volume/danluu-fuzz-data/rtc-coverage-guided-20260515/run-20260523T000214Z,run-20260523T000214Z,TRUE,monitor started; full coverage pass pending,TRUE,TRUE,FALSE,2,2,21,2026-05-23T00:00:57Z,2026-05-23T00:00:57Z,NA,2026-05-23T00:00:58Z,5.4257166663805645,5.4257166663805645,1,0,NA,NA,NA,NA
2026-05-23T00:15:37Z,/media/volume/danluu-fuzz-data/rtc-coverage-guided-20260515/run-20260523T000214Z,run-20260523T000214Z,TRUE,NA,FALSE,FALSE,TRUE,NA,NA,NA,2026-05-23T00:15:15Z,2026-05-23T00:15:15Z,NA,2026-05-23T00:15:15Z,0.35684999624888103,0.35684999624888103,0.5,0,2,2,2,0.5
2026-05-23T00:22:23Z,/media/volume/danluu-fuzz-data/rtc-coverage-guided-20260515/run-20260523T000214Z,run-20260523T000214Z,TRUE,NA,FALSE,FALSE,TRUE,NA,NA,NA,2026-05-23T00:21:21Z,2026-05-23T00:21:21Z,NA,2026-05-23T00:21:21Z,1.0365833322207132,1.0365833322207132,0.3333,0,3,3,3,0.3333
2026-05-23T00:33:20Z,/media/volume/danluu-fuzz-data/rtc-coverage-guided-20260515/run-20260523T002246Z,run-20260523T002246Z,TRUE,monitor started; full coverage pass pending,TRUE,TRUE,FALSE,6,9,21,2026-05-23T00:21:21Z,2026-05-23T00:21:21Z,NA,2026-05-23T00:21:21Z,11.983949999014536,11.983949999014536,0.3333,0,NA,NA,NA,NA
2026-05-23T00:39:20Z,/media/volume/danluu-fuzz-data/rtc-coverage-guided-20260515/run-20260523T002246Z,run-20260523T002246Z,TRUE,NA,FALSE,FALSE,TRUE,NA,NA,NA,2026-05-23T00:36:00Z,2026-05-23T00:36:00Z,NA,2026-05-23T00:36:00Z,3.3390166680018107,3.3390166680018107,0.3333,0,3,3,3,0.3333
2026-05-23T00:46:56Z,/media/volume/danluu-fuzz-data/rtc-coverage-guided-20260515/run-20260523T002246Z,run-20260523T002246Z,TRUE,NA,FALSE,FALSE,TRUE,NA,NA,NA,2026-05-23T00:46:21Z,2026-05-23T00:46:21Z,NA,2026-05-23T00:46:21Z,0.5828333338101704,0.5828333338101704,0.25,0,4,4,4,0.25
2026-05-23T00:54:56Z,/media/volume/danluu-fuzz-data/rtc-coverage-guided-20260515/run-20260523T002246Z,run-20260523T002246Z,TRUE,NA,FALSE,FALSE,TRUE,NA,NA,NA,2026-05-23T00:53:24Z,2026-05-23T00:53:24Z,NA,2026-05-23T00:53:25Z,1.5261499961217244,1.5261499961217244,0.2,0,5,5,5,0.2
2026-05-23T01:01:56Z,/media/volume/danluu-fuzz-data/rtc-coverage-guided-20260515/run-20260523T002246Z,run-20260523T002246Z,TRUE,NA,FALSE,FALSE,TRUE,NA,NA,NA,2026-05-23T00:58:17Z,2026-05-23T00:58:17Z,NA,2026-05-23T00:58:17Z,3.6497666676839193,3.6497666676839193,0.2,0,5,5,5,0.2
2026-05-23T01:08:56Z,/media/volume/danluu-fuzz-data/rtc-coverage-guided-20260515/run-20260523T002246Z,run-20260523T002246Z,TRUE,NA,FALSE,FALSE,TRUE,NA,NA,NA,2026-05-23T01:07:36Z,2026-05-23T01:07:36Z,NA,2026-05-23T01:07:36Z,1.3371999979019165,1.3371999979019165,0.25,0,4,4,4,0.25
2026-05-23T01:13:56Z,/media/volume/danluu-fuzz-data/rtc-coverage-guided-20260515/run-20260523T002246Z,run-20260523T002246Z,TRUE,NA,FALSE,FALSE,TRUE,NA,NA,NA,2026-05-23T01:07:36Z,2026-05-23T01:07:36Z,NA,2026-05-23T01:07:36Z,6.337199997901917,6.337199997901917,0.25,0,4,4,4,0.25
2026-05-23T01:18:56Z,/media/volume/danluu-fuzz-data/rtc-coverage-guided-20260515/run-20260523T002246Z,run-20260523T002246Z,TRUE,NA,FALSE,FALSE,TRUE,NA,NA,NA,2026-05-23T01:18:49Z,2026-05-23T01:18:49Z,NA,2026-05-23T01:18:49Z,0.11523333390553792,0.11523333390553792,0.3333,0,3,3,3,0.3333
2026-05-23T01:24:56Z,/media/volume/danluu-fuzz-data/rtc-coverage-guided-20260515/run-20260523T002246Z,run-20260523T002246Z,TRUE,NA,FALSE,FALSE,TRUE,NA,NA,NA,2026-05-23T01:22:42Z,2026-05-23T01:22:42Z,NA,2026-05-23T01:22:43Z,2.2272499998410544,2.2272499998410544,0.3333,0,3,3,3,0.3333
2026-05-23T01:29:41Z,/media/volume/danluu-fuzz-data/rtc-coverage-guided-20260515/run-20260523T012916Z,run-20260523T012916Z,TRUE,monitor started; full coverage pass pending,TRUE,TRUE,FALSE,0,NA,21,2026-05-23T01:26:38Z,2026-05-23T01:26:38Z,NA,2026-05-23T01:26:38Z,3.045900003115336,3.045900003115336,0.3333,0,NA,NA,NA,NA
2026-05-23T01:36:15Z,/media/volume/danluu-fuzz-data/rtc-coverage-guided-20260515/run-20260523T012916Z,run-20260523T012916Z,TRUE,monitor started; full coverage pass pending,TRUE,TRUE,FALSE,2,6,21,2026-05-23T01:26:38Z,2026-05-23T01:26:38Z,NA,2026-05-23T01:26:38Z,9.61508333683014,9.61508333683014,0.3333,0,NA,NA,NA,NA
2026-05-23T01:43:20Z,/media/volume/danluu-fuzz-data/rtc-coverage-guided-20260515/run-20260523T012916Z,run-20260523T012916Z,TRUE,monitor started; full coverage pass pending,TRUE,TRUE,FALSE,7,15,21,2026-05-23T01:26:38Z,2026-05-23T01:26:38Z,NA,2026-05-23T01:26:38Z,16.699433334668477,16.699433334668477,0.3333,0,NA,NA,NA,NA
2026-05-23T01:50:20Z,/media/volume/danluu-fuzz-data/rtc-coverage-guided-20260515/run-20260523T012916Z,run-20260523T012916Z,TRUE,NA,FALSE,FALSE,TRUE,NA,NA,NA,2026-05-23T01:46:49Z,2026-05-23T01:46:49Z,NA,2026-05-23T01:46:49Z,3.528233333428701,3.528233333428701,0.25,0,4,4,4,0.25
2026-05-23T01:57:20Z,/media/volume/danluu-fuzz-data/rtc-coverage-guided-20260515/run-20260523T012916Z,run-20260523T012916Z,TRUE,NA,FALSE,FALSE,TRUE,NA,NA,NA,2026-05-23T01:54:06Z,2026-05-23T01:54:06Z,NA,2026-05-23T01:54:06Z,3.2448166688283284,3.2448166688283284,0.5,0,4,4,4,0.5
2026-05-23T02:05:20Z,/media/volume/danluu-fuzz-data/rtc-coverage-guided-20260515/run-20260523T012916Z,run-20260523T012916Z,TRUE,NA,FALSE,FALSE,TRUE,NA,NA,NA,2026-05-23T02:02:06Z,2026-05-23T02:02:06Z,NA,2026-05-23T02:02:06Z,3.2350333372751874,3.2350333372751874,0.1667,0,6,6,6,0.1667
2026-05-23T02:12:20Z,/media/volume/danluu-fuzz-data/rtc-coverage-guided-20260515/run-20260523T012916Z,run-20260523T012916Z,TRUE,NA,FALSE,FALSE,TRUE,NA,NA,NA,2026-05-23T02:11:47Z,2026-05-23T02:11:47Z,NA,2026-05-23T02:11:47Z,0.5448333342870076,0.5448333342870076,0.3333,0,3,3,3,0.3333
2026-05-23T02:19:37Z,/media/volume/danluu-fuzz-data/rtc-coverage-guided-20260515/run-20260523T012916Z,run-20260523T012916Z,TRUE,NA,FALSE,FALSE,TRUE,NA,NA,NA,2026-05-23T02:11:47Z,2026-05-23T02:11:47Z,NA,2026-05-23T02:17:44Z,7.827150003115336,7.827150003115336,0.25,0,4,4,4,0.25
2026-05-23T02:29:15Z,/media/volume/danluu-fuzz-data/rtc-coverage-guided-20260515/run-20260523T012916Z,run-20260523T012916Z,TRUE,NA,FALSE,FALSE,TRUE,NA,NA,NA,2026-05-23T02:26:42Z,2026-05-23T02:26:42Z,NA,2026-05-23T02:26:42Z,2.5576500018437702,2.5576500018437702,0.3333,0,3,3,3,0.3333
2026-05-23T02:35:09Z,/media/volume/danluu-fuzz-data/rtc-coverage-guided-20260515/run-20260523T012916Z,run-20260523T012916Z,TRUE,NA,FALSE,FALSE,TRUE,NA,NA,NA,2026-05-23T02:34:50Z,2026-05-23T02:34:50Z,NA,2026-05-23T02:34:50Z,0.32524999777475994,0.32524999777475994,0.3333,0,3,3,3,0.3333
2026-05-23T02:42:09Z,/media/volume/danluu-fuzz-data/rtc-coverage-guided-20260515/run-20260523T012916Z,run-20260523T012916Z,TRUE,NA,FALSE,FALSE,TRUE,NA,NA,NA,2026-05-23T02:40:34Z,2026-05-23T02:40:34Z,NA,2026-05-23T02:40:34Z,1.5852333347002665,1.5852333347002665,0.5,0,2,2,2,0.5
2026-05-23T02:48:09Z,/media/volume/danluu-fuzz-data/rtc-coverage-guided-20260515/run-20260523T012916Z,run-20260523T012916Z,TRUE,NA,FALSE,FALSE,TRUE,NA,NA,NA,2026-05-23T02:48:00Z,2026-05-23T02:48:00Z,NA,2026-05-23T02:48:01Z,0.1468999981880188,0.1468999981880188,0.5,0,2,2,2,0.5
2026-05-23T02:54:21Z,/media/volume/danluu-fuzz-data/rtc-coverage-guided-20260515/run-20260523T012916Z,run-20260523T012916Z,TRUE,NA,FALSE,FALSE,TRUE,NA,NA,NA,2026-05-23T02:54:21Z,2026-05-23T02:54:21Z,NA,2026-05-23T02:54:21Z,0,0,0.3333,0,3,3,3,0.3333
2026-05-23T03:01:09Z,/media/volume/danluu-fuzz-data/rtc-coverage-guided-20260515/run-20260523T012916Z,run-20260523T012916Z,TRUE,NA,FALSE,FALSE,TRUE,NA,NA,NA,2026-05-23T02:58:22Z,2026-05-23T02:58:22Z,NA,2026-05-23T02:58:22Z,2.7953500032424925,2.7953500032424925,0.25,0,4,4,4,0.25
2026-05-23T03:08:09Z,/media/volume/danluu-fuzz-data/rtc-coverage-guided-20260515/run-20260523T012916Z,run-20260523T012916Z,TRUE,NA,FALSE,FALSE,TRUE,NA,NA,NA,2026-05-23T03:06:31Z,2026-05-23T03:06:31Z,NA,2026-05-23T03:06:31Z,1.63928333123525,1.63928333123525,0.3333,0,3,3,3,0.3333
2026-05-23T03:15:09Z,/media/volume/danluu-fuzz-data/rtc-coverage-guided-20260515/run-20260523T012916Z,run-20260523T012916Z,TRUE,NA,FALSE,FALSE,TRUE,NA,NA,NA,2026-05-23T03:14:42Z,2026-05-23T03:14:42Z,NA,2026-05-23T03:14:42Z,0.4582499980926514,0.4582499980926514,0.3333,0,3,3,3,0.3333
2026-05-23T03:21:09Z,/media/volume/danluu-fuzz-data/rtc-coverage-guided-20260515/run-20260523T012916Z,run-20260523T012916Z,TRUE,NA,FALSE,FALSE,TRUE,NA,NA,NA,2026-05-23T03:18:35Z,2026-05-23T03:18:35Z,NA,2026-05-23T03:18:35Z,2.5813833355903624,2.5813833355903624,0.3333,0,3,3,3,0.3333
2026-05-23T03:27:12Z,/media/volume/danluu-fuzz-data/rtc-coverage-guided-20260515/run-20260523T012916Z,run-20260523T012916Z,TRUE,NA,FALSE,FALSE,TRUE,NA,NA,NA,2026-05-23T03:22:41Z,2026-05-23T03:22:41Z,NA,2026-05-23T03:22:41Z,4.512666670481364,4.512666670481364,0.3333,0,3,3,3,0.3333
2026-05-23T03:33:19Z,/media/volume/danluu-fuzz-data/rtc-coverage-guided-20260515/run-20260523T012916Z,run-20260523T012916Z,TRUE,NA,FALSE,FALSE,TRUE,NA,NA,NA,2026-05-23T03:28:59Z,2026-05-23T03:28:59Z,NA,2026-05-23T03:28:59Z,4.329000004132589,4.329000004132589,0,0,0,0,0,0
2026-05-23T03:40:39Z,/media/volume/danluu-fuzz-data/rtc-coverage-guided-20260515/run-20260523T012916Z,run-20260523T012916Z,TRUE,NA,FALSE,FALSE,TRUE,NA,NA,NA,2026-05-23T03:28:59Z,2026-05-23T03:28:59Z,NA,2026-05-23T03:36:13Z,11.664333335558574,11.664333335558574,0,0,0,0,0,0
2026-05-23T03:47:43Z,/media/volume/danluu-fuzz-data/rtc-coverage-guided-20260515/run-20260523T012916Z,run-20260523T012916Z,TRUE,NA,FALSE,FALSE,TRUE,NA,NA,NA,2026-05-23T03:46:53Z,2026-05-23T03:46:53Z,NA,2026-05-23T03:46:53Z,0.8407166639963786,0.8407166639963786,0,0,0,0,0,0
2026-05-23T03:54:43Z,/media/volume/danluu-fuzz-data/rtc-coverage-guided-20260515/run-20260523T012916Z,run-20260523T012916Z,TRUE,NA,FALSE,FALSE,TRUE,NA,NA,NA,2026-05-23T03:52:56Z,2026-05-23T03:52:56Z,NA,2026-05-23T03:52:56Z,1.796916667620341,1.796916667620341,0,0,0,0,0,0
2026-05-23T04:01:51Z,/media/volume/danluu-fuzz-data/rtc-coverage-guided-20260515/run-20260523T012916Z,run-20260523T012916Z,TRUE,NA,FALSE,FALSE,TRUE,NA,NA,NA,2026-05-23T03:58:59Z,2026-05-23T03:58:59Z,NA,2026-05-23T03:58:59Z,2.862516665458679,2.862516665458679,0,0,0,0,0,0
2026-05-23T04:09:05Z,/media/volume/danluu-fuzz-data/rtc-coverage-guided-20260515/run-20260523T012916Z,run-20260523T012916Z,TRUE,NA,FALSE,FALSE,TRUE,NA,NA,NA,2026-05-23T04:05:17Z,2026-05-23T04:05:17Z,NA,2026-05-23T04:05:17Z,3.789266665776571,3.789266665776571,0,0,0,0,0,0
2026-05-23T04:15:12Z,/media/volume/danluu-fuzz-data/rtc-coverage-guided-20260515/run-20260523T012916Z,run-20260523T012916Z,TRUE,NA,FALSE,FALSE,TRUE,NA,NA,NA,2026-05-23T04:11:09Z,2026-05-23T04:11:09Z,NA,2026-05-23T04:11:09Z,4.04988333384196,4.04988333384196,0,0,0,0,0,0
2026-05-23T04:22:12Z,/media/volume/danluu-fuzz-data/rtc-coverage-guided-20260515/run-20260523T012916Z,run-20260523T012916Z,TRUE,NA,FALSE,FALSE,TRUE,NA,NA,NA,2026-05-23T04:17:18Z,2026-05-23T04:17:18Z,NA,2026-05-23T04:17:18Z,4.898366665840149,4.898366665840149,0,0,0,0,0,0
2026-05-23T04:28:59Z,/media/volume/danluu-fuzz-data/rtc-coverage-guided-20260515/run-20260523T042725Z,run-20260523T042725Z,TRUE,monitor started; full coverage pass pending,TRUE,TRUE,FALSE,0,NA,21,2026-05-23T04:22:33Z,2026-05-23T04:22:33Z,NA,2026-05-23T04:22:33Z,6.424433330694835,6.424433330694835,0,0,NA,NA,NA,NA
2026-05-23T04:35:16Z,/media/volume/danluu-fuzz-data/rtc-coverage-guided-20260515/run-20260523T042725Z,run-20260523T042725Z,TRUE,monitor started; full coverage pass pending,TRUE,TRUE,FALSE,3,10,21,2026-05-23T04:22:33Z,2026-05-23T04:22:33Z,NA,2026-05-23T04:22:33Z,12.70649999777476,12.70649999777476,0,0,NA,NA,NA,NA
2026-05-23T04:43:17Z,/media/volume/danluu-fuzz-data/rtc-coverage-guided-20260515/run-20260523T042725Z,run-20260523T042725Z,TRUE,NA,FALSE,FALSE,TRUE,NA,NA,NA,2026-05-23T04:37:54Z,2026-05-23T04:37:54Z,NA,2026-05-23T04:37:54Z,5.381066672007242,5.381066672007242,1,0,1,1,1,1
2026-05-23T04:50:17Z,/media/volume/danluu-fuzz-data/rtc-coverage-guided-20260515/run-20260523T042725Z,run-20260523T042725Z,TRUE,NA,FALSE,FALSE,TRUE,NA,NA,NA,2026-05-23T04:44:58Z,2026-05-23T04:44:58Z,NA,2026-05-23T04:44:58Z,5.326133330663045,5.326133330663045,0.25,0,4,4,4,0.25
2026-05-23T04:55:17Z,/media/volume/danluu-fuzz-data/rtc-coverage-guided-20260515/run-20260523T042725Z,run-20260523T042725Z,TRUE,NA,FALSE,FALSE,TRUE,NA,NA,NA,2026-05-23T04:51:43Z,2026-05-23T04:51:43Z,NA,2026-05-23T04:51:43Z,3.577916665871938,3.577916665871938,0.25,0,4,4,4,0.25
2026-05-23T05:03:17Z,/media/volume/danluu-fuzz-data/rtc-coverage-guided-20260515/run-20260523T042725Z,run-20260523T042725Z,TRUE,NA,FALSE,FALSE,TRUE,NA,NA,NA,2026-05-23T05:01:06Z,2026-05-23T05:01:06Z,NA,2026-05-23T05:01:06Z,2.183550000190735,2.183550000190735,0.25,0,4,4,4,0.25
2026-05-23T05:09:17Z,/media/volume/danluu-fuzz-data/rtc-coverage-guided-20260515/run-20260523T042725Z,run-20260523T042725Z,TRUE,NA,FALSE,FALSE,TRUE,NA,NA,NA,2026-05-23T05:05:52Z,2026-05-23T05:05:52Z,NA,2026-05-23T05:05:52Z,3.427550001939138,3.427550001939138,0.25,0,4,4,4,0.25
2026-05-23T05:16:36Z,/media/volume/danluu-fuzz-data/rtc-coverage-guided-20260515/run-20260523T042725Z,run-20260523T042725Z,TRUE,NA,FALSE,FALSE,TRUE,NA,NA,NA,2026-05-23T05:11:23Z,2026-05-23T05:11:23Z,NA,2026-05-23T05:11:23Z,5.226133334636688,5.226133334636688,1,0,1,1,1,1
2026-05-23T05:23:36Z,/media/volume/danluu-fuzz-data/rtc-coverage-guided-20260515/run-20260523T042725Z,run-20260523T042725Z,TRUE,NA,FALSE,FALSE,TRUE,NA,NA,NA,2026-05-23T05:19:56Z,2026-05-23T05:19:56Z,NA,2026-05-23T05:19:56Z,3.6742499987284343,3.6742499987284343,1,0,1,1,1,1
2026-05-23T05:31:36Z,/media/volume/danluu-fuzz-data/rtc-coverage-guided-20260515/run-20260523T042725Z,run-20260523T042725Z,TRUE,NA,FALSE,FALSE,TRUE,NA,NA,NA,2026-05-23T05:28:30Z,2026-05-23T05:28:30Z,NA,2026-05-23T05:28:30Z,3.106950000921885,3.106950000921885,1,0,1,1,1,1
2026-05-23T05:39:36Z,/media/volume/danluu-fuzz-data/rtc-coverage-guided-20260515/run-20260523T042725Z,run-20260523T042725Z,TRUE,NA,FALSE,FALSE,TRUE,NA,NA,NA,2026-05-23T05:37:20Z,2026-05-23T05:37:20Z,NA,2026-05-23T05:37:20Z,2.265166664123535,2.265166664123535,1,0,1,1,1,1
2026-05-23T05:45:36Z,/media/volume/danluu-fuzz-data/rtc-coverage-guided-20260515/run-20260523T042725Z,run-20260523T042725Z,TRUE,NA,FALSE,FALSE,TRUE,NA,NA,NA,2026-05-23T05:41:49Z,2026-05-23T05:41:49Z,NA,2026-05-23T05:41:49Z,3.7857666691144303,3.7857666691144303,0.5,0,2,2,2,0.5
2026-05-23T05:51:54Z,/media/volume/danluu-fuzz-data/rtc-coverage-guided-20260515/run-20260523T042725Z,run-20260523T042725Z,TRUE,NA,FALSE,FALSE,TRUE,NA,NA,NA,2026-05-23T05:51:54Z,2026-05-23T05:51:54Z,NA,2026-05-23T05:51:54Z,0,0,0.3333,0,3,3,3,0.3333
2026-05-23T05:58:47Z,/media/volume/danluu-fuzz-data/rtc-coverage-guided-20260515/run-20260523T042725Z,run-20260523T042725Z,TRUE,NA,FALSE,FALSE,TRUE,NA,NA,NA,2026-05-23T05:57:42Z,2026-05-23T05:57:42Z,NA,2026-05-23T05:57:43Z,1.0835500001907348,1.0835500001907348,1,0,1,1,1,1
2026-05-23T06:06:47Z,/media/volume/danluu-fuzz-data/rtc-coverage-guided-20260515/run-20260523T042725Z,run-20260523T042725Z,TRUE,NA,FALSE,FALSE,TRUE,NA,NA,NA,2026-05-23T06:06:37Z,2026-05-23T06:06:37Z,NA,2026-05-23T06:06:37Z,0.17088333368301392,0.17088333368301392,1,0,1,1,1,1
2026-05-23T06:13:47Z,/media/volume/danluu-fuzz-data/rtc-coverage-guided-20260515/run-20260523T042725Z,run-20260523T042725Z,TRUE,NA,FALSE,FALSE,TRUE,NA,NA,NA,2026-05-23T06:06:37Z,2026-05-23T06:06:37Z,NA,2026-05-23T06:06:37Z,7.170983334382375,7.170983334382375,1,0,1,1,1,1
2026-05-23T06:19:47Z,/media/volume/danluu-fuzz-data/rtc-coverage-guided-20260515/run-20260523T042725Z,run-20260523T042725Z,TRUE,NA,FALSE,FALSE,TRUE,NA,NA,NA,2026-05-23T06:19:15Z,2026-05-23T06:19:15Z,NA,2026-05-23T06:19:15Z,0.5427833318710327,0.5427833318710327,1,0,1,1,1,1
2026-05-23T06:25:38Z,/media/volume/danluu-fuzz-data/rtc-coverage-guided-20260515/run-20260523T062410Z,run-20260523T062410Z,TRUE,monitor started; full coverage pass pending,TRUE,TRUE,FALSE,0,NA,21,2026-05-23T06:23:55Z,2026-05-23T06:23:55Z,NA,2026-05-23T06:23:56Z,1.7133833328882853,1.7133833328882853,1,0,NA,NA,NA,NA
2026-05-23T06:32:33Z,/media/volume/danluu-fuzz-data/rtc-coverage-guided-20260515/run-20260523T062410Z,run-20260523T062410Z,TRUE,monitor started; full coverage pass pending,TRUE,TRUE,FALSE,4,10,21,2026-05-23T06:23:55Z,2026-05-23T06:23:55Z,NA,2026-05-23T06:23:56Z,8.631400001049041,8.631400001049041,1,0,NA,NA,NA,NA
2026-05-23T06:39:51Z,/media/volume/danluu-fuzz-data/rtc-coverage-guided-20260515/run-20260523T062410Z,run-20260523T062410Z,TRUE,NA,FALSE,FALSE,TRUE,NA,NA,NA,2026-05-23T06:35:56Z,2026-05-23T06:35:56Z,NA,2026-05-23T06:35:56Z,3.91604999701182,3.91604999701182,1,0,1,1,1,1
2026-05-23T06:46:51Z,/media/volume/danluu-fuzz-data/rtc-coverage-guided-20260515/run-20260523T062410Z,run-20260523T062410Z,TRUE,NA,FALSE,FALSE,TRUE,NA,NA,NA,2026-05-23T06:45:55Z,2026-05-23T06:45:55Z,NA,2026-05-23T06:45:55Z,0.942116665840149,0.942116665840149,0.3333,0,3,3,3,0.3333
2026-05-23T06:56:02Z,/media/volume/danluu-fuzz-data/rtc-coverage-guided-20260515/run-20260523T062410Z,run-20260523T062410Z,TRUE,NA,FALSE,FALSE,TRUE,NA,NA,NA,2026-05-23T06:56:02Z,2026-05-23T06:56:02Z,NA,2026-05-23T06:56:02Z,0,0,0.1667,0,6,6,6,0.1667
2026-05-23T07:04:33Z,/media/volume/danluu-fuzz-data/rtc-coverage-guided-20260515/run-20260523T062410Z,run-20260523T062410Z,TRUE,NA,FALSE,FALSE,TRUE,NA,NA,NA,2026-05-23T06:56:02Z,2026-05-23T06:56:02Z,NA,2026-05-23T06:56:02Z,8.531599998474121,8.531599998474121,0.1667,0,6,6,6,0.1667
2026-05-23T07:10:33Z,/media/volume/danluu-fuzz-data/rtc-coverage-guided-20260515/run-20260523T062410Z,run-20260523T062410Z,TRUE,NA,FALSE,FALSE,TRUE,NA,NA,NA,2026-05-23T07:07:53Z,2026-05-23T07:07:53Z,NA,2026-05-23T07:07:53Z,2.669750003019969,2.669750003019969,0.25,0,8,8,8,0.25
2026-05-23T07:18:04Z,/media/volume/danluu-fuzz-data/rtc-coverage-guided-20260515/run-20260523T062410Z,run-20260523T062410Z,TRUE,NA,FALSE,FALSE,TRUE,NA,NA,NA,2026-05-23T07:16:12Z,2026-05-23T07:16:12Z,NA,2026-05-23T07:16:13Z,1.8532833337783816,1.8532833337783816,0.3333,0,6,6,6,0.3333
2026-05-23T07:25:04Z,/media/volume/danluu-fuzz-data/rtc-coverage-guided-20260515/run-20260523T062410Z,run-20260523T062410Z,TRUE,NA,FALSE,FALSE,TRUE,NA,NA,NA,2026-05-23T07:22:17Z,2026-05-23T07:22:17Z,NA,2026-05-23T07:22:18Z,2.7727500001589456,2.7727500001589456,0.2,0,5,5,5,0.2
2026-05-23T07:34:28Z,/media/volume/danluu-fuzz-data/rtc-coverage-guided-20260515/run-20260523T062410Z,run-20260523T062410Z,TRUE,NA,FALSE,FALSE,TRUE,NA,NA,NA,2026-05-23T07:34:28Z,2026-05-23T07:34:28Z,NA,2026-05-23T07:34:28Z,0,0,0.2,0,5,5,5,0.2
2026-05-23T07:41:04Z,/media/volume/danluu-fuzz-data/rtc-coverage-guided-20260515/run-20260523T062410Z,run-20260523T062410Z,TRUE,NA,FALSE,FALSE,TRUE,NA,NA,NA,2026-05-23T07:40:44Z,2026-05-23T07:40:44Z,NA,2026-05-23T07:40:45Z,0.3215833306312561,0.3215833306312561,0.3333,0,6,6,6,0.3333
2026-05-23T07:48:04Z,/media/volume/danluu-fuzz-data/rtc-coverage-guided-20260515/run-20260523T062410Z,run-20260523T062410Z,TRUE,NA,FALSE,FALSE,TRUE,NA,NA,NA,2026-05-23T07:40:44Z,2026-05-23T07:40:44Z,NA,2026-05-23T07:40:45Z,7.321600000063579,7.321600000063579,0.3333,0,6,6,6,0.3333
2026-05-23T07:55:04Z,/media/volume/danluu-fuzz-data/rtc-coverage-guided-20260515/run-20260523T062410Z,run-20260523T062410Z,TRUE,NA,FALSE,FALSE,TRUE,NA,NA,NA,2026-05-23T07:55:04Z,2026-05-23T07:55:04Z,NA,2026-05-23T07:55:04Z,0,0,0.1667,0,6,6,5,0.1667
2026-05-23T08:03:04Z,/media/volume/danluu-fuzz-data/rtc-coverage-guided-20260515/run-20260523T062410Z,run-20260523T062410Z,TRUE,NA,FALSE,FALSE,TRUE,NA,NA,NA,2026-05-23T08:00:39Z,2026-05-23T08:00:39Z,NA,2026-05-23T08:00:39Z,2.4072999993960065,2.4072999993960065,0.2,0,5,5,5,0.2
2026-05-23T08:11:04Z,/media/volume/danluu-fuzz-data/rtc-coverage-guided-20260515/run-20260523T062410Z,run-20260523T062410Z,TRUE,NA,FALSE,FALSE,TRUE,NA,NA,NA,2026-05-23T08:09:06Z,2026-05-23T08:09:06Z,NA,2026-05-23T08:09:06Z,1.961650002002716,1.961650002002716,0.2,0,5,5,5,0.2
2026-05-23T08:19:04Z,/media/volume/danluu-fuzz-data/rtc-coverage-guided-20260515/run-20260523T062410Z,run-20260523T062410Z,TRUE,NA,FALSE,FALSE,TRUE,NA,NA,NA,2026-05-23T08:18:27Z,2026-05-23T08:18:27Z,NA,2026-05-23T08:18:27Z,0.6143333315849304,0.6143333315849304,0.2,0,5,5,5,0.2
2026-05-23T08:28:04Z,/media/volume/danluu-fuzz-data/rtc-coverage-guided-20260515/run-20260523T062410Z,run-20260523T062410Z,TRUE,NA,FALSE,FALSE,TRUE,NA,NA,NA,2026-05-23T08:24:05Z,2026-05-23T08:24:05Z,NA,2026-05-23T08:24:05Z,3.978083336353302,3.978083336353302,0.2,0,5,5,5,0.2
2026-05-23T08:34:04Z,/media/volume/danluu-fuzz-data/rtc-coverage-guided-20260515/run-20260523T062410Z,run-20260523T062410Z,TRUE,NA,FALSE,FALSE,TRUE,NA,NA,NA,2026-05-23T08:33:10Z,2026-05-23T08:33:10Z,NA,2026-05-23T08:33:11Z,0.8944999972979227,0.8944999972979227,0.2,0,5,5,5,0.2
2026-05-23T08:40:04Z,/media/volume/danluu-fuzz-data/rtc-coverage-guided-20260515/run-20260523T062410Z,run-20260523T062410Z,TRUE,NA,FALSE,FALSE,TRUE,NA,NA,NA,2026-05-23T08:38:46Z,2026-05-23T08:38:46Z,NA,2026-05-23T08:38:47Z,1.2909833312034606,1.2909833312034606,0.2,0,5,5,5,0.2
2026-05-23T08:48:04Z,/media/volume/danluu-fuzz-data/rtc-coverage-guided-20260515/run-20260523T062410Z,run-20260523T062410Z,TRUE,NA,FALSE,FALSE,TRUE,NA,NA,NA,2026-05-23T08:44:07Z,2026-05-23T08:44:07Z,NA,2026-05-23T08:44:07Z,3.950716666380565,3.950716666380565,0.2,0,5,5,5,0.2
2026-05-23T08:54:04Z,/media/volume/danluu-fuzz-data/rtc-coverage-guided-20260515/run-20260523T062410Z,run-20260523T062410Z,TRUE,NA,FALSE,FALSE,TRUE,NA,NA,NA,2026-05-23T08:49:47Z,2026-05-23T08:49:47Z,NA,2026-05-23T08:49:47Z,4.283616665999094,4.283616665999094,0.2,0,5,5,5,0.2
2026-05-23T09:01:22Z,/media/volume/danluu-fuzz-data/rtc-coverage-guided-20260515/run-20260523T062410Z,run-20260523T062410Z,TRUE,NA,FALSE,FALSE,TRUE,NA,NA,NA,2026-05-23T09:01:22Z,2026-05-23T09:01:22Z,NA,2026-05-23T09:01:23Z,0,0,0.2,0,5,5,5,0.2
2026-05-23T09:10:04Z,/media/volume/danluu-fuzz-data/rtc-coverage-guided-20260515/run-20260523T062410Z,run-20260523T062410Z,TRUE,NA,FALSE,FALSE,TRUE,NA,NA,NA,2026-05-23T09:01:22Z,2026-05-23T09:01:22Z,NA,2026-05-23T09:01:23Z,8.693200000127156,8.693200000127156,0.2,0,5,5,5,0.2
2026-05-23T09:18:04Z,/media/volume/danluu-fuzz-data/rtc-coverage-guided-20260515/run-20260523T062410Z,run-20260523T062410Z,TRUE,NA,FALSE,FALSE,TRUE,NA,NA,NA,2026-05-23T09:17:27Z,2026-05-23T09:17:27Z,NA,2026-05-23T09:17:27Z,0.6190333366394043,0.6190333366394043,0.2,0,5,5,5,0.2
2026-05-23T09:27:04Z,/media/volume/danluu-fuzz-data/rtc-coverage-guided-20260515/run-20260523T062410Z,run-20260523T062410Z,TRUE,NA,FALSE,FALSE,TRUE,NA,NA,NA,2026-05-23T09:23:43Z,2026-05-23T09:23:43Z,NA,2026-05-23T09:23:43Z,3.346983333428701,3.346983333428701,0.2,0,5,5,5,0.2
2026-05-23T09:34:04Z,/media/volume/danluu-fuzz-data/rtc-coverage-guided-20260515/run-20260523T062410Z,run-20260523T062410Z,TRUE,NA,FALSE,FALSE,TRUE,NA,NA,NA,2026-05-23T09:30:00Z,2026-05-23T09:30:00Z,NA,2026-05-23T09:30:00Z,4.067616665363312,4.067616665363312,0.1667,0,6,6,6,0.1667
2026-05-23T09:42:04Z,/media/volume/danluu-fuzz-data/rtc-coverage-guided-20260515/run-20260523T062410Z,run-20260523T062410Z,TRUE,NA,FALSE,FALSE,TRUE,NA,NA,NA,2026-05-23T09:36:01Z,2026-05-23T09:36:01Z,NA,2026-05-23T09:36:02Z,6.043516667683919,6.043516667683919,0.2,0,5,5,5,0.2
2026-05-23T09:50:04Z,/media/volume/danluu-fuzz-data/rtc-coverage-guided-20260515/run-20260523T062410Z,run-20260523T062410Z,TRUE,NA,FALSE,FALSE,TRUE,NA,NA,NA,2026-05-23T09:46:03Z,2026-05-23T09:46:03Z,NA,2026-05-23T09:46:03Z,4.02323333422343,4.02323333422343,0.2,0,5,5,5,0.2
2026-05-23T09:57:04Z,/media/volume/danluu-fuzz-data/rtc-coverage-guided-20260515/run-20260523T062410Z,run-20260523T062410Z,TRUE,NA,FALSE,FALSE,TRUE,NA,NA,NA,2026-05-23T09:51:46Z,2026-05-23T09:51:46Z,NA,2026-05-23T09:51:46Z,5.305533333619436,5.305533333619436,0.2,0,5,5,5,0.2
2026-05-23T10:03:04Z,/media/volume/danluu-fuzz-data/rtc-coverage-guided-20260515/run-20260523T062410Z,run-20260523T062410Z,TRUE,NA,FALSE,FALSE,TRUE,NA,NA,NA,2026-05-23T10:01:58Z,2026-05-23T10:01:58Z,NA,2026-05-23T10:01:58Z,1.1030166665712993,1.1030166665712993,0.2,0,5,5,5,0.2
2026-05-23T10:14:04Z,/media/volume/danluu-fuzz-data/rtc-coverage-guided-20260515/run-20260523T062410Z,run-20260523T062410Z,TRUE,NA,FALSE,FALSE,TRUE,NA,NA,NA,2026-05-23T10:07:23Z,2026-05-23T10:07:23Z,NA,2026-05-23T10:07:23Z,6.685366666316986,6.685366666316986,0.2,0,5,5,5,0.2
2026-05-23T10:23:08Z,/media/volume/danluu-fuzz-data/rtc-coverage-guided-20260515/run-20260523T062410Z,run-20260523T062410Z,TRUE,NA,FALSE,FALSE,TRUE,NA,NA,NA,2026-05-23T10:23:08Z,2026-05-23T10:23:08Z,NA,2026-05-23T10:23:08Z,0,0,0.2,0,5,5,5,0.2
2026-05-23T10:29:04Z,/media/volume/danluu-fuzz-data/rtc-coverage-guided-20260515/run-20260523T062410Z,run-20260523T062410Z,TRUE,NA,FALSE,FALSE,TRUE,NA,NA,NA,2026-05-23T10:23:08Z,2026-05-23T10:23:08Z,NA,2026-05-23T10:23:08Z,5.9415333350499475,5.9415333350499475,0.2,0,5,5,5,0.2
2026-05-23T10:37:04Z,/media/volume/danluu-fuzz-data/rtc-coverage-guided-20260515/run-20260523T062410Z,run-20260523T062410Z,TRUE,NA,FALSE,FALSE,TRUE,NA,NA,NA,2026-05-23T10:31:50Z,2026-05-23T10:31:50Z,NA,2026-05-23T10:31:50Z,5.238549995422363,5.238549995422363,0.2,0,5,5,5,0.2
2026-05-23T10:44:04Z,/media/volume/danluu-fuzz-data/rtc-coverage-guided-20260515/run-20260523T062410Z,run-20260523T062410Z,TRUE,NA,FALSE,FALSE,TRUE,NA,NA,NA,2026-05-23T10:42:55Z,2026-05-23T10:42:55Z,NA,2026-05-23T10:42:55Z,1.15453333457311,1.15453333457311,0.2,0,5,5,5,0.2
2026-05-23T10:52:04Z,/media/volume/danluu-fuzz-data/rtc-coverage-guided-20260515/run-20260523T062410Z,run-20260523T062410Z,TRUE,NA,FALSE,FALSE,TRUE,NA,NA,NA,2026-05-23T10:48:40Z,2026-05-23T10:48:40Z,NA,2026-05-23T10:48:40Z,3.407550001144409,3.407550001144409,0.1667,0,6,6,6,0.1667
2026-05-23T10:59:04Z,/media/volume/danluu-fuzz-data/rtc-coverage-guided-20260515/run-20260523T062410Z,run-20260523T062410Z,TRUE,NA,FALSE,FALSE,TRUE,NA,NA,NA,2026-05-23T10:57:49Z,2026-05-23T10:57:49Z,NA,2026-05-23T10:57:49Z,1.2544666647911071,1.2544666647911071,0.2,0,5,5,5,0.2
2026-05-23T11:05:04Z,/media/volume/danluu-fuzz-data/rtc-coverage-guided-20260515/run-20260523T062410Z,run-20260523T062410Z,TRUE,NA,FALSE,FALSE,TRUE,NA,NA,NA,2026-05-23T11:03:22Z,2026-05-23T11:03:22Z,NA,2026-05-23T11:03:22Z,1.7043499986330668,1.7043499986330668,0.2,0,5,5,5,0.2
2026-05-23T11:14:04Z,/media/volume/danluu-fuzz-data/rtc-coverage-guided-20260515/run-20260523T062410Z,run-20260523T062410Z,TRUE,NA,FALSE,FALSE,TRUE,NA,NA,NA,2026-05-23T11:12:44Z,2026-05-23T11:12:44Z,NA,2026-05-23T11:12:45Z,1.3310499986012776,1.3310499986012776,0.2,0,5,5,5,0.2
2026-05-23T11:22:04Z,/media/volume/danluu-fuzz-data/rtc-coverage-guided-20260515/run-20260523T062410Z,run-20260523T062410Z,TRUE,NA,FALSE,FALSE,TRUE,NA,NA,NA,2026-05-23T11:18:11Z,2026-05-23T11:18:11Z,NA,2026-05-23T11:18:11Z,3.897366666793823,3.897366666793823,0.2,0,5,5,5,0.2
2026-05-23T11:28:04Z,/media/volume/danluu-fuzz-data/rtc-coverage-guided-20260515/run-20260523T062410Z,run-20260523T062410Z,TRUE,NA,FALSE,FALSE,TRUE,NA,NA,NA,2026-05-23T11:23:24Z,2026-05-23T11:23:24Z,NA,2026-05-23T11:23:24Z,4.667133331298828,4.667133331298828,0.2,0,5,5,5,0.2
2026-05-23T11:37:40Z,/media/volume/danluu-fuzz-data/rtc-coverage-guided-20260515/run-20260523T062410Z,run-20260523T062410Z,TRUE,NA,FALSE,FALSE,TRUE,NA,NA,NA,2026-05-23T11:37:40Z,2026-05-23T11:37:40Z,NA,2026-05-23T11:37:40Z,0,0,0.2,0,5,5,5,0.2
2026-05-23T11:44:04Z,/media/volume/danluu-fuzz-data/rtc-coverage-guided-20260515/run-20260523T062410Z,run-20260523T062410Z,TRUE,NA,FALSE,FALSE,TRUE,NA,NA,NA,2026-05-23T11:43:35Z,2026-05-23T11:43:35Z,NA,2026-05-23T11:43:35Z,0.49790000120798744,0.49790000120798744,0.2,0,5,5,5,0.2
2026-05-23T11:52:04Z,/media/volume/danluu-fuzz-data/rtc-coverage-guided-20260515/run-20260523T062410Z,run-20260523T062410Z,TRUE,NA,FALSE,FALSE,TRUE,NA,NA,NA,2026-05-23T11:49:42Z,2026-05-23T11:49:42Z,NA,2026-05-23T11:49:42Z,2.3768333355585733,2.3768333355585733,0.2,0,5,5,5,0.2
2026-05-23T11:59:04Z,/media/volume/danluu-fuzz-data/rtc-coverage-guided-20260515/run-20260523T062410Z,run-20260523T062410Z,TRUE,NA,FALSE,FALSE,TRUE,NA,NA,NA,2026-05-23T11:55:50Z,2026-05-23T11:55:50Z,NA,2026-05-23T11:55:50Z,3.238183331489563,3.238183331489563,0.2,0,5,5,5,0.2
2026-05-23T12:06:04Z,/media/volume/danluu-fuzz-data/rtc-coverage-guided-20260515/run-20260523T062410Z,run-20260523T062410Z,TRUE,NA,FALSE,FALSE,TRUE,NA,NA,NA,2026-05-23T12:02:17Z,2026-05-23T12:02:17Z,NA,2026-05-23T12:02:17Z,3.796916667620341,3.796916667620341,0.2,0,5,5,5,0.2
2026-05-23T12:12:04Z,/media/volume/danluu-fuzz-data/rtc-coverage-guided-20260515/run-20260523T062410Z,run-20260523T062410Z,TRUE,NA,FALSE,FALSE,TRUE,NA,NA,NA,2026-05-23T12:08:40Z,2026-05-23T12:08:40Z,NA,2026-05-23T12:08:40Z,3.410166664918264,3.410166664918264,0.1667,0,6,6,6,0.1667
2026-05-23T12:18:05Z,/media/volume/danluu-fuzz-data/rtc-coverage-guided-20260515/run-20260523T062410Z,run-20260523T062410Z,TRUE,NA,FALSE,FALSE,TRUE,NA,NA,NA,2026-05-23T12:15:20Z,2026-05-23T12:15:20Z,NA,2026-05-23T12:15:20Z,2.736833333969116,2.736833333969116,0.1667,0,6,6,6,0.1667
2026-05-23T12:25:05Z,/media/volume/danluu-fuzz-data/rtc-coverage-guided-20260515/run-20260523T062410Z,run-20260523T062410Z,TRUE,NA,FALSE,FALSE,TRUE,NA,NA,NA,2026-05-23T12:20:48Z,2026-05-23T12:20:48Z,NA,2026-05-23T12:20:48Z,4.273949996630351,4.273949996630351,0.1667,0,6,6,6,0.1667
2026-05-23T12:31:05Z,/media/volume/danluu-fuzz-data/rtc-coverage-guided-20260515/run-20260523T062410Z,run-20260523T062410Z,TRUE,NA,FALSE,FALSE,TRUE,NA,NA,NA,2026-05-23T12:26:05Z,2026-05-23T12:26:05Z,NA,2026-05-23T12:26:05Z,4.986900003751119,4.986900003751119,0.1667,0,6,6,6,0.1667
2026-05-23T12:37:13Z,/media/volume/danluu-fuzz-data/rtc-coverage-guided-20260515/run-20260523T062410Z,run-20260523T062410Z,TRUE,NA,FALSE,FALSE,TRUE,NA,NA,NA,2026-05-23T12:37:13Z,2026-05-23T12:37:13Z,NA,2026-05-23T12:37:13Z,0,0,0.1667,0,6,6,6,0.1667
2026-05-23T12:44:05Z,/media/volume/danluu-fuzz-data/rtc-coverage-guided-20260515/run-20260523T062410Z,run-20260523T062410Z,TRUE,NA,FALSE,FALSE,TRUE,NA,NA,NA,2026-05-23T12:37:13Z,2026-05-23T12:37:13Z,NA,2026-05-23T12:37:13Z,6.8547833323478695,6.8547833323478695,0.1667,0,6,6,6,0.1667
2026-05-23T12:51:05Z,/media/volume/danluu-fuzz-data/rtc-coverage-guided-20260515/run-20260523T062410Z,run-20260523T062410Z,TRUE,NA,FALSE,FALSE,TRUE,NA,NA,NA,2026-05-23T12:45:57Z,2026-05-23T12:45:57Z,NA,2026-05-23T12:45:58Z,5.120933334032695,5.120933334032695,0.1667,0,6,6,6,0.1667
2026-05-23T12:57:05Z,/media/volume/danluu-fuzz-data/rtc-coverage-guided-20260515/run-20260523T062410Z,run-20260523T062410Z,TRUE,NA,FALSE,FALSE,TRUE,NA,NA,NA,2026-05-23T12:56:16Z,2026-05-23T12:56:16Z,NA,2026-05-23T12:56:16Z,0.8197499990463257,0.8197499990463257,0.2,0,5,5,5,0.2
2026-05-23T13:03:05Z,/media/volume/danluu-fuzz-data/rtc-coverage-guided-20260515/run-20260523T062410Z,run-20260523T062410Z,TRUE,NA,FALSE,FALSE,TRUE,NA,NA,NA,2026-05-23T13:02:09Z,2026-05-23T13:02:09Z,NA,2026-05-23T13:02:09Z,0.9343166669209798,0.9343166669209798,0.2,0,5,5,5,0.2
2026-05-23T13:10:05Z,/media/volume/danluu-fuzz-data/rtc-coverage-guided-20260515/run-20260523T062410Z,run-20260523T062410Z,TRUE,NA,FALSE,FALSE,TRUE,NA,NA,NA,2026-05-23T13:08:47Z,2026-05-23T13:08:47Z,NA,2026-05-23T13:08:47Z,1.2949999968210857,1.2949999968210857,0.2,0,5,5,5,0.2
2026-05-23T13:16:05Z,/media/volume/danluu-fuzz-data/rtc-coverage-guided-20260515/run-20260523T062410Z,run-20260523T062410Z,TRUE,NA,FALSE,FALSE,TRUE,NA,NA,NA,2026-05-23T13:08:47Z,2026-05-23T13:08:47Z,NA,2026-05-23T13:08:47Z,7.294999996821086,7.294999996821086,0.2,0,5,5,5,0.2
2026-05-23T13:24:05Z,/media/volume/danluu-fuzz-data/rtc-coverage-guided-20260515/run-20260523T062410Z,run-20260523T062410Z,TRUE,NA,FALSE,FALSE,TRUE,NA,NA,NA,2026-05-23T13:19:05Z,2026-05-23T13:19:05Z,NA,2026-05-23T13:19:06Z,4.990066667397817,4.990066667397817,0.2,0,5,5,5,0.2
2026-05-23T13:30:05Z,/media/volume/danluu-fuzz-data/rtc-coverage-guided-20260515/run-20260523T062410Z,run-20260523T062410Z,TRUE,NA,FALSE,FALSE,TRUE,NA,NA,NA,2026-05-23T13:25:26Z,2026-05-23T13:25:26Z,NA,2026-05-23T13:25:27Z,4.643083333969116,4.643083333969116,0.2,0,5,5,5,0.2
2026-05-23T13:40:05Z,/media/volume/danluu-fuzz-data/rtc-coverage-guided-20260515/run-20260523T062410Z,run-20260523T062410Z,TRUE,NA,FALSE,FALSE,TRUE,NA,NA,NA,2026-05-23T13:32:04Z,2026-05-23T13:32:04Z,NA,2026-05-23T13:32:04Z,8.013466664155324,8.013466664155324,0.2,1,5,5,5,0.2
2026-05-23T13:49:05Z,/media/volume/danluu-fuzz-data/rtc-coverage-guided-20260515/run-20260523T062410Z,run-20260523T062410Z,TRUE,NA,FALSE,FALSE,TRUE,NA,NA,NA,2026-05-23T13:41:42Z,2026-05-23T13:41:42Z,NA,2026-05-23T13:41:42Z,7.380099999904632,7.380099999904632,0.2,0,5,5,5,0.2
2026-05-23T13:59:05Z,/media/volume/danluu-fuzz-data/rtc-coverage-guided-20260515/run-20260523T062410Z,run-20260523T062410Z,TRUE,NA,FALSE,FALSE,TRUE,NA,NA,NA,2026-05-23T13:58:46Z,2026-05-23T13:58:46Z,NA,2026-05-23T13:58:46Z,0.30821666717529295,0.30821666717529295,0.2,0,5,5,5,0.2
2026-05-23T14:07:05Z,/media/volume/danluu-fuzz-data/rtc-coverage-guided-20260515/run-20260523T062410Z,run-20260523T062410Z,TRUE,NA,FALSE,FALSE,TRUE,NA,NA,NA,2026-05-23T14:05:15Z,2026-05-23T14:05:15Z,NA,2026-05-23T14:05:15Z,1.835800004005432,1.835800004005432,0.2,0,5,5,5,0.2
2026-05-23T14:15:05Z,/media/volume/danluu-fuzz-data/rtc-coverage-guided-20260515/run-20260523T062410Z,run-20260523T062410Z,TRUE,NA,FALSE,FALSE,TRUE,NA,NA,NA,2026-05-23T14:11:42Z,2026-05-23T14:11:42Z,NA,2026-05-23T14:11:42Z,3.37960000038147,3.37960000038147,0.2,0,5,5,5,0.2
2026-05-23T14:23:05Z,/media/volume/danluu-fuzz-data/rtc-coverage-guided-20260515/run-20260523T062410Z,run-20260523T062410Z,TRUE,NA,FALSE,FALSE,TRUE,NA,NA,NA,2026-05-23T14:17:59Z,2026-05-23T14:17:59Z,NA,2026-05-23T14:17:59Z,5.102233330408732,5.102233330408732,0.2,0,5,5,5,0.2
2026-05-23T14:30:05Z,/media/volume/danluu-fuzz-data/rtc-coverage-guided-20260515/run-20260523T062410Z,run-20260523T062410Z,TRUE,NA,FALSE,FALSE,TRUE,NA,NA,NA,2026-05-23T14:24:21Z,2026-05-23T14:24:21Z,NA,2026-05-23T14:24:21Z,5.731450001398723,5.731450001398723,0.2,0,5,5,5,0.2
2026-05-23T14:37:05Z,/media/volume/danluu-fuzz-data/rtc-coverage-guided-20260515/run-20260523T062410Z,run-20260523T062410Z,TRUE,NA,FALSE,FALSE,TRUE,NA,NA,NA,2026-05-23T14:30:25Z,2026-05-23T14:30:25Z,NA,2026-05-23T14:30:25Z,6.6626833319664005,6.6626833319664005,0.2,0,5,5,5,0.2
2026-05-23T14:44:05Z,/media/volume/danluu-fuzz-data/rtc-coverage-guided-20260515/run-20260523T062410Z,run-20260523T062410Z,TRUE,NA,FALSE,FALSE,TRUE,NA,NA,NA,2026-05-23T14:40:25Z,2026-05-23T14:40:25Z,NA,2026-05-23T14:40:25Z,3.6651999990145367,3.6651999990145367,0.2,0,5,5,5,0.2
2026-05-23T14:54:05Z,/media/volume/danluu-fuzz-data/rtc-coverage-guided-20260515/run-20260523T062410Z,run-20260523T062410Z,TRUE,NA,FALSE,FALSE,TRUE,NA,NA,NA,2026-05-23T14:50:44Z,2026-05-23T14:50:44Z,NA,2026-05-23T14:50:44Z,3.3556833306948346,3.3556833306948346,0.2,0,5,5,5,0.2
2026-05-23T15:03:05Z,/media/volume/danluu-fuzz-data/rtc-coverage-guided-20260515/run-20260523T062410Z,run-20260523T062410Z,TRUE,NA,FALSE,FALSE,TRUE,NA,NA,NA,2026-05-23T14:57:38Z,2026-05-23T14:57:38Z,NA,2026-05-23T14:57:38Z,5.447783331076304,5.447783331076304,0.3333,0,6,6,6,0.3333
2026-05-23T15:10:05Z,/media/volume/danluu-fuzz-data/rtc-coverage-guided-20260515/run-20260523T062410Z,run-20260523T062410Z,TRUE,NA,FALSE,FALSE,TRUE,NA,NA,NA,2026-05-23T15:04:27Z,2026-05-23T15:04:27Z,NA,2026-05-23T15:04:27Z,5.640099998315176,5.640099998315176,0.2,0,5,5,5,0.2
2026-05-23T15:18:05Z,/media/volume/danluu-fuzz-data/rtc-coverage-guided-20260515/run-20260523T062410Z,run-20260523T062410Z,TRUE,NA,FALSE,FALSE,TRUE,NA,NA,NA,2026-05-23T15:17:29Z,2026-05-23T15:17:29Z,NA,2026-05-23T15:17:30Z,0.5999499996503194,0.5999499996503194,0.2,0,5,5,5,0.2
2026-05-23T15:26:05Z,/media/volume/danluu-fuzz-data/rtc-coverage-guided-20260515/run-20260523T062410Z,run-20260523T062410Z,TRUE,NA,FALSE,FALSE,TRUE,NA,NA,NA,2026-05-23T15:23:45Z,2026-05-23T15:23:45Z,NA,2026-05-23T15:23:46Z,2.3267166654268903,2.3267166654268903,0.3333,0,6,6,6,0.3333
2026-05-23T15:34:05Z,/media/volume/danluu-fuzz-data/rtc-coverage-guided-20260515/run-20260523T062410Z,run-20260523T062410Z,TRUE,NA,FALSE,FALSE,TRUE,NA,NA,NA,2026-05-23T15:29:37Z,2026-05-23T15:29:37Z,NA,2026-05-23T15:29:38Z,4.461516666412353,4.461516666412353,0.3333,0,6,6,6,0.3333
2026-05-23T15:40:05Z,/media/volume/danluu-fuzz-data/rtc-coverage-guided-20260515/run-20260523T062410Z,run-20260523T062410Z,TRUE,NA,FALSE,FALSE,TRUE,NA,NA,NA,2026-05-23T15:35:06Z,2026-05-23T15:35:06Z,NA,2026-05-23T15:35:06Z,4.984349997838338,4.984349997838338,0.3333,0,6,6,6,0.3333
2026-05-23T15:47:05Z,/media/volume/danluu-fuzz-data/rtc-coverage-guided-20260515/run-20260523T062410Z,run-20260523T062410Z,TRUE,NA,FALSE,FALSE,TRUE,NA,NA,NA,2026-05-23T15:44:38Z,2026-05-23T15:44:38Z,NA,2026-05-23T15:44:39Z,2.445700001716614,2.445700001716614,0.2857,0,7,7,7,0.2857
2026-05-23T15:54:05Z,/media/volume/danluu-fuzz-data/rtc-coverage-guided-20260515/run-20260523T062410Z,run-20260523T062410Z,TRUE,NA,FALSE,FALSE,TRUE,NA,NA,NA,2026-05-23T15:50:18Z,2026-05-23T15:50:18Z,NA,2026-05-23T15:50:18Z,3.793583333492279,3.793583333492279,0.2,0,5,5,5,0.2
2026-05-23T16:00:05Z,/media/volume/danluu-fuzz-data/rtc-coverage-guided-20260515/run-20260523T062410Z,run-20260523T062410Z,TRUE,NA,FALSE,FALSE,TRUE,NA,NA,NA,2026-05-23T15:56:33Z,2026-05-23T15:56:33Z,NA,2026-05-23T15:56:33Z,3.540049997965495,3.540049997965495,0.3333,0,6,6,6,0.3333
2026-05-23T16:08:05Z,/media/volume/danluu-fuzz-data/rtc-coverage-guided-20260515/run-20260523T062410Z,run-20260523T062410Z,TRUE,NA,FALSE,FALSE,TRUE,NA,NA,NA,2026-05-23T16:03:07Z,2026-05-23T16:03:07Z,NA,2026-05-23T16:03:07Z,4.972083338101705,4.972083338101705,0.3333,0,6,6,6,0.3333
2026-05-23T16:15:09Z,/media/volume/danluu-fuzz-data/rtc-coverage-guided-20260515/run-20260523T062410Z,run-20260523T062410Z,TRUE,NA,FALSE,FALSE,TRUE,NA,NA,NA,2026-05-23T16:15:09Z,2026-05-23T16:15:09Z,NA,2026-05-23T16:15:10Z,0,0,0.3333,0,6,6,6,0.3333
2026-05-23T16:23:06Z,/media/volume/danluu-fuzz-data/rtc-coverage-guided-20260515/run-20260523T062410Z,run-20260523T062410Z,TRUE,NA,FALSE,FALSE,TRUE,NA,NA,NA,2026-05-23T16:21:23Z,2026-05-23T16:21:23Z,NA,2026-05-23T16:21:23Z,1.7070666670799255,1.7070666670799255,0.3333,0,6,6,6,0.3333
2026-05-23T16:30:06Z,/media/volume/danluu-fuzz-data/rtc-coverage-guided-20260515/run-20260523T062410Z,run-20260523T062410Z,TRUE,NA,FALSE,FALSE,TRUE,NA,NA,NA,2026-05-23T16:27:29Z,2026-05-23T16:27:29Z,NA,2026-05-23T16:27:30Z,2.610616668065389,2.610616668065389,0.3333,0,6,6,6,0.3333
2026-05-23T16:38:06Z,/media/volume/danluu-fuzz-data/rtc-coverage-guided-20260515/run-20260523T062410Z,run-20260523T062410Z,TRUE,NA,FALSE,FALSE,TRUE,NA,NA,NA,2026-05-23T16:33:50Z,2026-05-23T16:33:50Z,NA,2026-05-23T16:33:50Z,4.2634666681289675,4.2634666681289675,0.2857,0,7,7,7,0.2857
2026-05-23T16:45:07Z,/media/volume/danluu-fuzz-data/rtc-coverage-guided-20260515/run-20260523T062410Z,run-20260523T062410Z,TRUE,NA,FALSE,FALSE,TRUE,NA,NA,NA,2026-05-23T16:39:49Z,2026-05-23T16:39:49Z,NA,2026-05-23T16:39:49Z,5.297483332951864,5.297483332951864,0.1667,0,6,6,6,0.1667
2026-05-23T16:52:07Z,/media/volume/danluu-fuzz-data/rtc-coverage-guided-20260515/run-20260523T062410Z,run-20260523T062410Z,TRUE,NA,FALSE,FALSE,TRUE,NA,NA,NA,2026-05-23T16:51:56Z,2026-05-23T16:51:56Z,NA,2026-05-23T16:51:56Z,0.1768500010172526,0.1768500010172526,0.2857,0,7,7,7,0.2857
2026-05-23T16:57:00Z,/media/volume/danluu-fuzz-data/rtc-coverage-guided-20260515/run-20260523T165545Z,run-20260523T165545Z,TRUE,monitor started; full coverage pass pending,TRUE,TRUE,FALSE,0,NA,21,2026-05-23T16:51:56Z,2026-05-23T16:51:56Z,NA,2026-05-23T16:51:56Z,5.071116669972738,5.071116669972738,0.2857,0,NA,NA,NA,NA
2026-05-23T17:06:32Z,/media/volume/danluu-fuzz-data/rtc-coverage-guided-20260515/run-20260523T170419Z,run-20260523T170419Z,TRUE,monitor started; full coverage pass pending,TRUE,TRUE,FALSE,0,NA,21,2026-05-23T16:51:56Z,2026-05-23T16:51:56Z,NA,2026-05-23T16:51:56Z,14.607916665077209,14.607916665077209,0.2857,0,NA,NA,NA,NA
2026-05-23T17:12:33Z,/media/volume/danluu-fuzz-data/rtc-coverage-guided-20260515/run-20260523T170419Z,run-20260523T170419Z,TRUE,monitor started; full coverage pass pending,TRUE,TRUE,FALSE,5,11,21,2026-05-23T16:51:56Z,2026-05-23T16:51:56Z,NA,2026-05-23T16:51:56Z,20.610166668891907,20.610166668891907,0.2857,0,NA,NA,NA,NA
2026-05-23T17:20:33Z,/media/volume/danluu-fuzz-data/rtc-coverage-guided-20260515/run-20260523T170419Z,run-20260523T170419Z,TRUE,monitor started; full coverage pass pending,TRUE,TRUE,FALSE,10,11,21,2026-05-23T16:51:56Z,2026-05-23T16:51:56Z,NA,2026-05-23T16:51:56Z,28.619333334763844,28.619333334763844,0.2857,0,NA,NA,NA,NA
2026-05-23T17:28:55Z,/media/volume/danluu-fuzz-data/rtc-coverage-guided-20260515/run-20260523T170419Z,run-20260523T170419Z,TRUE,monitor started; full coverage pass pending,TRUE,TRUE,FALSE,9,11,21,2026-05-23T16:51:56Z,2026-05-23T16:51:56Z,NA,2026-05-23T16:51:56Z,36.98215000232061,36.98215000232061,0.2857,0,NA,NA,NA,NA
2026-05-23T17:35:34Z,/media/volume/danluu-fuzz-data/rtc-coverage-guided-20260515/run-20260523T170419Z,run-20260523T170419Z,TRUE,monitor started; full coverage pass pending,TRUE,TRUE,FALSE,7,19,21,2026-05-23T16:51:56Z,2026-05-23T16:51:56Z,NA,2026-05-23T16:51:56Z,43.62681667009989,43.62681667009989,0.2857,0,NA,NA,NA,NA
2026-05-23T17:42:34Z,/media/volume/danluu-fuzz-data/rtc-coverage-guided-20260515/run-20260523T170419Z,run-20260523T170419Z,TRUE,NA,FALSE,FALSE,TRUE,NA,NA,NA,2026-05-23T17:37:58Z,2026-05-23T17:37:58Z,NA,2026-05-23T17:37:58Z,4.591599996884664,4.591599996884664,0.3333,0,3,3,3,0.3333
2026-05-23T17:58:01Z,/media/volume/danluu-fuzz-data/rtc-coverage-guided-20260515/run-20260523T170419Z,run-20260523T170419Z,TRUE,NA,FALSE,FALSE,TRUE,NA,NA,NA,2026-05-23T17:49:52Z,2026-05-23T17:49:52Z,NA,2026-05-23T17:49:52Z,8.155566664536794,8.155566664536794,0.3333,0,3,3,3,0.3333
2026-05-23T18:32:23Z,/media/volume/danluu-fuzz-data/rtc-coverage-guided-20260515/run-20260523T180044Z,run-20260523T180044Z,TRUE,NA,FALSE,FALSE,TRUE,NA,NA,NA,2026-05-23T18:15:38Z,2026-05-23T18:15:38Z,NA,2026-05-23T18:15:38Z,16.751399997870127,16.751399997870127,0.5,0,2,2,2,0.5
2026-05-23T19:45:11Z,/media/volume/danluu-fuzz-data/rtc-coverage-guided-20260515/run-20260523T180044Z,run-20260523T180044Z,TRUE,NA,FALSE,FALSE,TRUE,NA,NA,NA,2026-05-23T19:37:24Z,2026-05-23T19:37:24Z,NA,2026-05-23T19:37:24Z,7.7920666615168255,7.7920666615168255,1,0,1,1,1,1
2026-05-23T19:58:41Z,/media/volume/danluu-fuzz-data/rtc-coverage-guided-20260515/run-20260523T180044Z,run-20260523T180044Z,TRUE,NA,FALSE,FALSE,TRUE,NA,NA,NA,2026-05-23T19:53:10Z,2026-05-23T19:53:10Z,NA,2026-05-23T19:53:10Z,5.5170666694641115,5.5170666694641115,1,0,1,1,1,1
2026-05-23T20:09:41Z,/media/volume/danluu-fuzz-data/rtc-coverage-guided-20260515/run-20260523T180044Z,run-20260523T180044Z,TRUE,NA,FALSE,FALSE,TRUE,NA,NA,NA,2026-05-23T20:00:59Z,2026-05-23T20:00:59Z,NA,2026-05-23T20:00:59Z,8.69773333867391,8.69773333867391,1,0,1,1,1,1
2026-05-23T20:18:41Z,/media/volume/danluu-fuzz-data/rtc-coverage-guided-20260515/run-20260523T180044Z,run-20260523T180044Z,TRUE,NA,FALSE,FALSE,TRUE,NA,NA,NA,2026-05-23T20:16:17Z,2026-05-23T20:16:17Z,NA,2026-05-23T20:16:17Z,2.3947333335876464,2.3947333335876464,1,0,1,1,1,1
2026-05-23T20:31:40Z,/media/volume/danluu-fuzz-data/rtc-coverage-guided-20260515/run-20260523T180044Z,run-20260523T180044Z,TRUE,NA,FALSE,FALSE,TRUE,NA,NA,NA,2026-05-23T20:31:06Z,2026-05-23T20:31:06Z,NA,2026-05-23T20:31:06Z,0.5753833333651225,0.5753833333651225,0,0,0,0,0,0
2026-05-23T20:41:52Z,/media/volume/danluu-fuzz-data/rtc-coverage-guided-20260515/run-20260523T180044Z,run-20260523T180044Z,TRUE,NA,FALSE,FALSE,TRUE,NA,NA,NA,2026-05-23T20:41:52Z,2026-05-23T20:41:52Z,NA,2026-05-23T20:41:52Z,0,0,0,0,0,0,0,0
2026-05-23T20:52:45Z,/media/volume/danluu-fuzz-data/rtc-coverage-guided-20260515/run-20260523T180044Z,run-20260523T180044Z,TRUE,NA,FALSE,FALSE,TRUE,NA,NA,NA,2026-05-23T20:51:33Z,2026-05-23T20:51:33Z,NA,2026-05-23T20:51:33Z,1.197166665395101,1.197166665395101,0,0,0,0,0,0
2026-05-23T21:02:47Z,/media/volume/danluu-fuzz-data/rtc-coverage-guided-20260515/run-20260523T180044Z,run-20260523T180044Z,TRUE,NA,FALSE,FALSE,TRUE,NA,NA,NA,2026-05-23T21:01:35Z,2026-05-23T21:01:35Z,NA,2026-05-23T21:01:35Z,1.201716669400533,1.201716669400533,0,0,0,0,0,0
2026-05-23T21:12:50Z,/media/volume/danluu-fuzz-data/rtc-coverage-guided-20260515/run-20260523T180044Z,run-20260523T180044Z,TRUE,NA,FALSE,FALSE,TRUE,NA,NA,NA,2026-05-23T21:11:45Z,2026-05-23T21:11:45Z,NA,2026-05-23T21:11:46Z,1.0790666699409486,1.0790666699409486,0,0,0,0,0,0
2026-05-23T21:21:48Z,/media/volume/danluu-fuzz-data/rtc-coverage-guided-20260515/run-20260523T180044Z,run-20260523T180044Z,TRUE,NA,FALSE,FALSE,TRUE,NA,NA,NA,2026-05-23T21:11:45Z,2026-05-23T21:11:45Z,NA,2026-05-23T21:20:14Z,10.042866667111715,10.042866667111715,1,0,1,1,1,1
2026-05-23T21:33:59Z,/media/volume/danluu-fuzz-data/rtc-coverage-guided-20260515/run-20260523T180044Z,run-20260523T180044Z,TRUE,NA,FALSE,FALSE,TRUE,NA,NA,NA,2026-05-23T21:32:17Z,2026-05-23T21:32:17Z,NA,2026-05-23T21:32:17Z,1.7132166624069214,1.7132166624069214,0,0,0,0,0,0
2026-05-23T21:46:08Z,/media/volume/danluu-fuzz-data/rtc-coverage-guided-20260515/run-20260523T180044Z,run-20260523T180044Z,TRUE,NA,FALSE,FALSE,TRUE,NA,NA,NA,2026-05-23T21:43:01Z,2026-05-23T21:43:01Z,NA,2026-05-23T21:43:01Z,3.116016666094462,3.116016666094462,0,0,0,0,0,0
2026-05-23T21:58:21Z,/media/volume/danluu-fuzz-data/rtc-coverage-guided-20260515/run-20260523T180044Z,run-20260523T180044Z,TRUE,NA,FALSE,FALSE,TRUE,NA,NA,NA,2026-05-23T21:53:31Z,2026-05-23T21:53:31Z,NA,2026-05-23T21:53:32Z,4.833216667175293,4.833216667175293,0,0,0,0,0,0
2026-05-23T22:07:36Z,/media/volume/danluu-fuzz-data/rtc-coverage-guided-20260515/run-20260523T180044Z,run-20260523T180044Z,TRUE,NA,FALSE,FALSE,TRUE,NA,NA,NA,2026-05-23T22:04:18Z,2026-05-23T22:04:18Z,NA,2026-05-23T22:04:19Z,3.3036333322525024,3.3036333322525024,0,0,0,0,0,0
2026-05-23T22:18:50Z,/media/volume/danluu-fuzz-data/rtc-coverage-guided-20260515/run-20260523T180044Z,run-20260523T180044Z,TRUE,NA,FALSE,FALSE,TRUE,NA,NA,NA,2026-05-23T22:15:00Z,2026-05-23T22:15:00Z,NA,2026-05-23T22:15:02Z,3.830750000476838,3.830750000476838,0,0,0,0,0,0
2026-05-23T22:29:11Z,/media/volume/danluu-fuzz-data/rtc-coverage-guided-20260515/run-20260523T180044Z,run-20260523T180044Z,TRUE,NA,FALSE,FALSE,TRUE,NA,NA,NA,2026-05-23T22:25:37Z,2026-05-23T22:25:37Z,NA,2026-05-23T22:25:38Z,3.561883334318797,3.561883334318797,0,0,0,0,0,0
2026-05-23T22:40:16Z,/media/volume/danluu-fuzz-data/rtc-coverage-guided-20260515/run-20260523T180044Z,run-20260523T180044Z,TRUE,NA,FALSE,FALSE,TRUE,NA,NA,NA,2026-05-23T22:36:44Z,2026-05-23T22:36:44Z,NA,2026-05-23T22:36:44Z,3.5440166632334393,3.5440166632334393,0,0,0,0,0,0
2026-05-23T22:48:25Z,/media/volume/danluu-fuzz-data/rtc-coverage-guided-20260515/run-20260523T180044Z,run-20260523T180044Z,TRUE,NA,FALSE,FALSE,TRUE,NA,NA,NA,2026-05-23T22:47:43Z,2026-05-23T22:47:43Z,NA,2026-05-23T22:47:43Z,0.708649996916453,0.708649996916453,0,0,0,0,0,0
2026-05-23T22:54:31Z,/media/volume/danluu-fuzz-data/rtc-coverage-guided-20260515/run-20260523T180044Z,run-20260523T180044Z,TRUE,NA,FALSE,FALSE,TRUE,NA,NA,NA,2026-05-23T22:47:43Z,2026-05-23T22:47:43Z,NA,2026-05-23T22:47:43Z,6.7996333281199135,6.7996333281199135,0,0,0,0,0,0
2026-05-23T23:02:31Z,/media/volume/danluu-fuzz-data/rtc-coverage-guided-20260515/run-20260523T180044Z,run-20260523T180044Z,TRUE,NA,FALSE,FALSE,TRUE,NA,NA,NA,2026-05-23T22:58:57Z,2026-05-23T22:58:57Z,NA,2026-05-23T22:58:58Z,3.5745166699091593,3.5745166699091593,0,0,0,0,0,0
2026-05-23T23:08:38Z,/media/volume/danluu-fuzz-data/rtc-coverage-guided-20260515/run-20260523T180044Z,run-20260523T180044Z,TRUE,NA,FALSE,FALSE,TRUE,NA,NA,NA,2026-05-23T22:58:57Z,2026-05-23T22:58:57Z,NA,2026-05-23T22:58:58Z,9.68241666952769,9.68241666952769,0,0,0,0,0,0
2026-05-23T23:14:38Z,/media/volume/danluu-fuzz-data/rtc-coverage-guided-20260515/run-20260523T180044Z,run-20260523T180044Z,TRUE,NA,FALSE,FALSE,TRUE,NA,NA,NA,2026-05-23T23:10:28Z,2026-05-23T23:10:28Z,NA,2026-05-23T23:10:29Z,4.157916669050852,4.157916669050852,0,0,0,0,0,0
2026-05-23T23:23:01Z,/media/volume/danluu-fuzz-data/rtc-coverage-guided-20260515/run-20260523T180044Z,run-20260523T180044Z,TRUE,NA,FALSE,FALSE,TRUE,NA,NA,NA,2026-05-23T23:21:55Z,2026-05-23T23:21:55Z,NA,2026-05-23T23:21:56Z,1.087333333492279,1.087333333492279,0,0,0,0,0,0
2026-05-23T23:31:08Z,/media/volume/danluu-fuzz-data/rtc-coverage-guided-20260515/run-20260523T180044Z,run-20260523T180044Z,TRUE,NA,FALSE,FALSE,TRUE,NA,NA,NA,2026-05-23T23:21:55Z,2026-05-23T23:21:55Z,NA,2026-05-23T23:21:56Z,9.205166665712992,9.205166665712992,0,0,0,0,0,0
2026-05-23T23:39:08Z,/media/volume/danluu-fuzz-data/rtc-coverage-guided-20260515/run-20260523T180044Z,run-20260523T180044Z,TRUE,NA,FALSE,FALSE,TRUE,NA,NA,NA,2026-05-23T23:33:49Z,2026-05-23T23:33:49Z,NA,2026-05-23T23:33:52Z,5.30870000521342,5.30870000521342,0,0,0,0,0,0
2026-05-23T23:46:14Z,/media/volume/danluu-fuzz-data/rtc-coverage-guided-20260515/run-20260523T180044Z,run-20260523T180044Z,TRUE,NA,FALSE,FALSE,TRUE,NA,NA,NA,2026-05-23T23:45:32Z,2026-05-23T23:45:32Z,NA,2026-05-23T23:45:35Z,0.689983332157135,0.689983332157135,0,0,0,0,0,0
2026-05-23T23:51:14Z,/media/volume/danluu-fuzz-data/rtc-coverage-guided-20260515/run-20260523T180044Z,run-20260523T180044Z,TRUE,NA,FALSE,FALSE,TRUE,NA,NA,NA,2026-05-23T23:45:32Z,2026-05-23T23:45:32Z,NA,2026-05-23T23:45:35Z,5.691666666666666,5.691666666666666,0,0,0,0,0,0
2026-05-23T23:58:28Z,/media/volume/danluu-fuzz-data/rtc-coverage-guided-20260515/run-20260523T180044Z,run-20260523T180044Z,TRUE,NA,FALSE,FALSE,TRUE,NA,NA,NA,2026-05-23T23:56:57Z,2026-05-23T23:56:57Z,NA,2026-05-23T23:57:00Z,1.525083335240682,1.525083335240682,0,0,0,0,0,0
2026-05-24T00:04:42Z,/media/volume/danluu-fuzz-data/rtc-coverage-guided-20260515/run-20260523T180044Z,run-20260523T180044Z,TRUE,NA,FALSE,FALSE,TRUE,NA,NA,NA,2026-05-23T23:56:57Z,2026-05-23T23:56:57Z,NA,2026-05-23T23:57:00Z,7.761650002002716,7.761650002002716,0,0,0,0,0,0
2026-05-24T00:12:42Z,/media/volume/danluu-fuzz-data/rtc-coverage-guided-20260515/run-20260523T180044Z,run-20260523T180044Z,TRUE,NA,FALSE,FALSE,TRUE,NA,NA,NA,2026-05-24T00:08:16Z,2026-05-24T00:08:16Z,NA,2026-05-24T00:08:54Z,4.437200001875559,4.437200001875559,0,0,0,0,0,0
2026-05-24T00:20:24Z,/media/volume/danluu-fuzz-data/rtc-coverage-guided-20260515/run-20260524T001942Z,run-20260524T001942Z,TRUE,monitor started; full coverage pass pending,TRUE,TRUE,FALSE,0,NA,21,2026-05-24T00:08:16Z,2026-05-24T00:08:16Z,NA,2026-05-24T00:08:54Z,12.133533334732055,12.133533334732055,0,0,NA,NA,NA,NA
2026-05-24T00:28:41Z,/media/volume/danluu-fuzz-data/rtc-coverage-guided-20260515/run-20260524T001942Z,run-20260524T001942Z,TRUE,monitor started; full coverage pass pending,TRUE,TRUE,FALSE,4,11,21,2026-05-24T00:08:16Z,2026-05-24T00:08:16Z,NA,2026-05-24T00:08:54Z,20.41366666952769,20.41366666952769,0,0,NA,NA,NA,NA
2026-05-24T00:33:41Z,/media/volume/danluu-fuzz-data/rtc-coverage-guided-20260515/run-20260524T001942Z,run-20260524T001942Z,TRUE,monitor started; full coverage pass pending,TRUE,TRUE,FALSE,4,11,21,2026-05-24T00:08:16Z,2026-05-24T00:08:16Z,NA,2026-05-24T00:08:54Z,25.41400000254313,25.41400000254313,0,0,NA,NA,NA,NA
2026-05-24T00:49:03Z,/media/volume/danluu-fuzz-data/rtc-coverage-guided-20260515/run-20260524T004854Z,run-20260524T004854Z,TRUE,monitor started; full coverage pass pending,TRUE,TRUE,FALSE,0,NA,21,2026-05-24T00:08:16Z,2026-05-24T00:08:16Z,NA,2026-05-24T00:08:54Z,40.77720000346502,40.77720000346502,0,0,NA,NA,NA,NA
2026-05-24T03:15:08Z,/media/volume/danluu-fuzz-data/rtc-coverage-guided-20260515/run-20260524T031354Z,run-20260524T031354Z,TRUE,monitor started; full coverage pass pending,TRUE,TRUE,FALSE,0,NA,9,2026-05-24T00:08:16Z,2026-05-24T00:08:16Z,NA,2026-05-24T00:08:54Z,186.86688333352407,186.86688333352407,0,0,NA,NA,NA,NA
