timestamp,root_free_gib,root_used_percent,data_free_gib,data_used_percent
2026-05-21T16:49:53Z,32.6,78.8,136.6,96.1
2026-05-21T16:51:56Z,32.5,78.9,150.5,95.8
2026-05-21T16:55:19Z,32.5,78.9,183.2,94.8
2026-05-21T16:57:22Z,32.5,78.9,204.3,94.2
2026-05-21T16:59:44Z,32.5,78.9,224.2,93.7
2026-05-21T17:01:47Z,32.3,79.0,242.3,93.2
2026-05-21T17:04:10Z,32.3,79.0,266.0,92.5
2026-05-21T17:06:13Z,32.3,79.0,285.6,91.9
2026-05-21T17:08:37Z,32.2,79.1,301.6,91.5
2026-05-21T17:10:41Z,32.2,79.1,327.2,90.8
2026-05-21T17:13:03Z,32.2,79.1,354.7,90.0
2026-05-21T17:15:06Z,32.2,79.1,366.1,89.7
2026-05-21T17:17:09Z,32.0,79.2,383.7,89.2
2026-05-21T17:19:13Z,32.0,79.2,402.1,88.6
2026-05-21T17:21:16Z,31.9,79.3,414.6,88.3
2026-05-21T17:23:19Z,31.9,79.3,429.5,87.9
2026-05-21T17:25:22Z,31.7,79.4,442.9,87.5
2026-05-21T17:27:25Z,31.7,79.4,454.0,87.2
2026-05-21T17:29:28Z,31.7,79.4,461.0,87.0
2026-05-21T17:31:31Z,31.7,79.4,472.1,86.7
2026-05-21T17:33:34Z,31.7,79.4,480.2,86.4
2026-05-21T17:35:38Z,31.5,79.5,568.5,83.9
2026-05-21T17:39:05Z,31.5,79.5,579.2,83.6
2026-05-21T17:41:09Z,31.5,79.5,582.0,83.6
2026-05-21T17:43:12Z,31.5,79.5,585.6,83.5
2026-05-21T17:45:15Z,31.5,79.6,585.1,83.5
2026-05-21T17:47:18Z,31.4,79.6,587.4,83.4
2026-05-21T17:49:21Z,31.2,79.7,593.2,83.3
2026-05-21T17:52:23Z,31.2,79.7,593.7,83.2
2026-05-21T17:55:45Z,31.2,79.7,595.4,83.2
2026-05-21T17:57:48Z,31.2,79.7,598.0,83.1
2026-05-21T17:59:51Z,31.2,79.7,597.2,83.1
2026-05-21T18:01:54Z,31.0,79.9,599.6,83.1
2026-05-21T18:03:58Z,30.8,80.0,602.2,83.0
2026-05-21T18:06:01Z,30.8,80.0,603.9,83.0
2026-05-21T18:08:04Z,30.8,80.0,606.7,82.9
2026-05-21T18:11:25Z,30.6,80.1,609.4,82.8
2026-05-21T18:13:49Z,30.3,80.3,611.5,82.7
2026-05-21T18:15:52Z,30.0,80.5,614.1,82.7
2026-05-21T18:18:16Z,29.8,80.6,615.4,82.6
2026-05-21T18:20:40Z,29.4,80.9,615.2,82.6
2026-05-21T18:22:44Z,28.9,81.2,614.2,82.7
2026-05-21T18:25:09Z,28.4,81.5,614.1,82.7
2026-05-21T18:27:12Z,27.9,81.9,618.3,82.5
2026-05-21T18:29:15Z,27.9,81.9,618.8,82.5
2026-05-21T18:31:19Z,27.9,81.9,618.8,82.5
2026-05-21T18:33:44Z,27.4,82.2,626.6,82.3
2026-05-21T18:35:47Z,27.0,82.4,633.0,82.1
2026-05-21T18:37:51Z,26.9,82.5,635.3,82.1
2026-05-21T18:39:54Z,26.3,82.9,640.9,81.9
2026-05-21T18:42:22Z,25.6,83.3,649.2,81.7
2026-05-21T18:44:25Z,25.1,83.7,661.5,81.3
2026-05-21T18:47:02Z,24.6,84.0,662.0,81.3
2026-05-21T18:49:41Z,24.1,84.4,661.8,81.3
2026-05-21T18:51:44Z,23.5,84.7,662.4,81.3
2026-05-21T18:53:47Z,23.3,84.9,660.1,81.4
2026-05-21T18:55:51Z,23.1,85.0,659.3,81.4
2026-05-21T18:57:54Z,22.7,85.3,658.7,81.4
2026-05-21T18:59:57Z,22.3,85.5,658.0,81.4
2026-05-21T19:02:01Z,22.2,85.5,659.3,81.4
2026-05-21T19:04:04Z,22.1,85.7,657.9,81.4
2026-05-21T19:06:08Z,21.8,85.8,656.9,81.5
2026-05-21T19:08:11Z,21.8,85.8,657.0,81.5
2026-05-21T19:10:14Z,21.8,85.8,659.2,81.4
2026-05-21T19:12:18Z,21.8,85.9,659.2,81.4
2026-05-21T19:14:21Z,21.7,85.9,658.9,81.4
2026-05-21T19:16:24Z,21.7,85.9,659.3,81.4
2026-05-21T19:18:27Z,21.7,85.9,658.9,81.4
2026-05-21T19:20:31Z,21.7,85.9,658.7,81.4
2026-05-21T19:22:34Z,21.7,85.9,658.9,81.4
2026-05-21T19:24:37Z,21.6,85.9,658.6,81.4
2026-05-21T19:26:41Z,21.6,85.9,658.7,81.4
2026-05-21T19:28:44Z,21.6,85.9,658.5,81.4
2026-05-21T19:30:48Z,21.4,86.1,658.6,81.4
2026-05-21T19:52:20Z,94.2,38.8,604.5,82.9
2026-05-21T19:54:32Z,93.2,39.5,603.4,83.0
2026-05-21T19:56:34Z,93.1,39.5,648.2,81.7
2026-05-21T19:56:59Z,93.1,39.5,647.5,81.7
2026-05-21T19:59:01Z,93.1,39.5,646.9,81.7
2026-05-21T20:01:04Z,93.1,39.5,641.0,81.9
2026-05-21T20:03:06Z,93.1,39.5,633.0,82.1
2026-05-21T20:04:55Z,93.1,39.5,629.2,82.2
2026-05-21T20:06:57Z,93.1,39.5,624.9,82.4
2026-05-21T20:09:00Z,93.0,39.5,619.7,82.5
2026-05-21T20:11:18Z,93.0,39.6,615.6,82.6
2026-05-21T20:13:26Z,93.0,39.6,613.9,82.7
2026-05-21T20:15:29Z,93.0,39.6,611.1,82.7
2026-05-21T20:17:32Z,93.0,39.6,609.8,82.8
2026-05-21T20:19:35Z,93.0,39.6,610.1,82.8
2026-05-21T20:21:40Z,93.0,39.6,609.6,82.8
2026-05-21T20:23:46Z,93.0,39.6,608.7,82.8
2026-05-21T20:26:01Z,92.9,39.6,605.9,82.9
2026-05-21T20:28:04Z,92.9,39.6,604.1,82.9
2026-05-21T20:30:21Z,92.9,39.6,601.3,83.0
2026-05-21T20:32:28Z,92.9,39.6,595.6,83.2
2026-05-21T20:34:31Z,92.9,39.6,593.3,83.3
2026-05-21T20:36:50Z,92.9,39.6,599.4,83.1
2026-05-21T20:38:55Z,92.9,39.6,596.7,83.2
2026-05-21T20:40:58Z,92.9,39.6,594.1,83.2
2026-05-21T20:43:00Z,92.9,39.6,592.6,83.3
2026-05-21T20:45:03Z,92.9,39.6,589.8,83.3
2026-05-21T20:47:06Z,92.9,39.6,587.3,83.4
2026-05-21T20:49:09Z,92.9,39.6,584.6,83.5
2026-05-21T20:51:12Z,92.9,39.7,581.7,83.6
2026-05-21T20:53:16Z,92.9,39.7,578.4,83.7
2026-05-21T20:55:19Z,92.9,39.7,574.3,83.8
2026-05-21T20:57:22Z,92.8,39.7,572.9,83.8
2026-05-21T20:59:25Z,92.8,39.7,569.2,83.9
2026-05-21T21:01:51Z,92.8,39.7,566.3,84.0
2026-05-21T21:03:54Z,92.8,39.7,564.9,84.1
2026-05-21T21:05:57Z,92.8,39.7,562.5,84.1
2026-05-21T21:08:04Z,92.8,39.7,561.2,84.2
2026-05-21T21:10:07Z,92.8,39.7,559.2,84.2
2026-05-21T21:12:10Z,92.8,39.7,558.2,84.2
2026-05-21T21:14:43Z,92.8,39.7,557.4,84.3
2026-05-21T21:16:50Z,92.8,39.7,556.5,84.3
2026-05-21T21:18:53Z,92.7,39.7,551.5,84.4
2026-05-21T21:20:55Z,92.7,39.7,550.5,84.5
2026-05-21T21:22:59Z,92.7,39.8,550.1,84.5
2026-05-21T21:25:06Z,92.7,39.8,550.0,84.5
2026-05-21T21:27:13Z,92.7,39.8,549.2,84.5
2026-05-21T21:33:08Z,92.7,39.8,547.3,84.6
2026-05-21T21:35:22Z,92.7,39.8,546.8,84.6
2026-05-21T21:37:27Z,92.7,39.8,545.9,84.6
2026-05-21T21:39:31Z,92.7,39.8,544.5,84.6
2026-05-21T21:41:36Z,92.7,39.8,547.1,84.6
2026-05-21T21:43:41Z,92.7,39.8,548.1,84.5
2026-05-21T21:45:45Z,92.7,39.8,547.9,84.5
2026-05-21T21:47:50Z,92.7,39.8,546.8,84.6
2026-05-21T21:49:57Z,92.7,39.8,546.5,84.6
2026-05-21T21:52:04Z,92.7,39.8,545.7,84.6
2026-05-21T21:54:08Z,92.7,39.8,546.1,84.6
2026-05-21T21:56:13Z,92.7,39.8,545.1,84.6
2026-05-21T21:58:18Z,92.7,39.8,543.9,84.6
2026-05-21T22:00:24Z,92.6,39.8,543.2,84.7
2026-05-21T22:02:28Z,92.6,39.8,542.8,84.7
2026-05-21T22:04:31Z,92.6,39.8,541.9,84.7
2026-05-21T22:06:34Z,92.6,39.8,540.9,84.7
2026-05-21T22:08:37Z,92.6,39.8,540.3,84.7
2026-05-21T22:10:40Z,92.6,39.8,538.3,84.8
2026-05-21T22:13:12Z,92.6,39.8,537.1,84.8
2026-05-21T22:15:15Z,92.6,39.9,534.4,84.9
2026-05-21T22:17:18Z,92.6,39.9,533.2,84.9
2026-05-21T22:19:21Z,92.6,39.9,532.6,85.0
2026-05-21T22:21:24Z,92.6,39.9,532.6,85.0
2026-05-21T22:23:27Z,92.6,39.9,533.4,84.9
2026-05-21T22:25:49Z,92.6,39.9,531.5,85.0
2026-05-21T22:27:52Z,92.6,39.9,527.7,85.1
2026-05-21T22:29:55Z,92.6,39.9,523.6,85.2
2026-05-21T22:31:58Z,92.5,39.9,522.9,85.2
2026-05-21T22:34:01Z,92.5,39.9,524.1,85.2
2026-05-21T22:36:27Z,92.5,39.9,531.1,85.0
2026-05-21T22:38:30Z,92.5,39.9,525.7,85.2
2026-05-21T22:40:33Z,92.5,39.9,522.4,85.3
2026-05-21T22:42:37Z,92.5,39.9,519.9,85.3
2026-05-21T22:44:40Z,92.5,39.9,518.4,85.4
2026-05-21T22:47:18Z,92.4,40.0,514.7,85.5
2026-05-21T22:49:21Z,92.4,40.0,512.9,85.5
2026-05-21T22:51:24Z,92.4,40.0,510.7,85.6
2026-05-21T22:53:27Z,92.4,40.0,509.5,85.6
2026-05-21T22:55:30Z,92.4,40.0,509.1,85.6
2026-05-21T22:57:33Z,92.4,40.0,510.5,85.6
2026-05-21T22:59:36Z,92.3,40.0,508.7,85.6
2026-05-21T23:02:04Z,92.3,40.0,505.4,85.7
2026-05-21T23:04:07Z,92.3,40.0,504.0,85.8
2026-05-21T23:06:11Z,92.3,40.0,500.7,85.9
2026-05-21T23:08:14Z,92.3,40.0,500.6,85.9
2026-05-21T23:10:22Z,92.3,40.0,499.9,85.9
2026-05-21T23:12:25Z,92.3,40.0,499.8,85.9
2026-05-21T23:15:12Z,92.3,40.0,498.6,85.9
2026-05-21T23:17:15Z,92.3,40.0,494.5,86.0
2026-05-21T23:19:18Z,92.3,40.0,493.4,86.1
2026-05-21T23:21:22Z,92.3,40.0,493.3,86.1
2026-05-21T23:23:25Z,92.3,40.0,493.0,86.1
2026-05-21T23:25:28Z,92.3,40.0,493.2,86.1
2026-05-21T23:28:08Z,92.3,40.0,492.1,86.1
2026-05-21T23:30:11Z,92.3,40.0,489.2,86.2
2026-05-21T23:32:14Z,92.3,40.1,487.6,86.2
2026-05-21T23:34:17Z,92.3,40.1,490.1,86.2
2026-05-21T23:36:20Z,92.3,40.1,496.4,86.0
2026-05-21T23:38:23Z,92.3,40.1,496.0,86.0
2026-05-21T23:40:54Z,92.3,40.1,493.6,86.1
2026-05-21T23:42:57Z,92.3,40.1,492.2,86.1
2026-05-21T23:45:00Z,92.3,40.1,488.9,86.2
2026-05-21T23:47:41Z,92.3,40.1,488.5,86.2
2026-05-21T23:49:44Z,92.3,40.1,484.2,86.3
2026-05-21T23:51:48Z,92.3,40.1,483.0,86.4
2026-05-21T23:53:57Z,92.3,40.1,485.2,86.3
2026-05-21T23:56:05Z,92.3,40.1,486.0,86.3
2026-05-21T23:58:08Z,92.3,40.1,485.4,86.3
2026-05-22T00:00:11Z,92.3,40.1,487.3,86.2
2026-05-22T00:02:19Z,92.3,40.1,485.5,86.3
2026-05-22T00:04:49Z,92.2,40.1,482.1,86.4
2026-05-22T00:06:52Z,92.2,40.1,481.3,86.4
2026-05-22T00:09:30Z,92.2,40.1,478.9,86.5
2026-05-22T00:11:37Z,92.2,40.1,477.5,86.5
2026-05-22T00:13:40Z,92.2,40.1,476.3,86.6
2026-05-22T00:15:43Z,92.2,40.1,475.7,86.6
2026-05-22T00:17:46Z,92.2,40.1,475.6,86.6
2026-05-22T00:20:18Z,92.2,40.1,474.0,86.6
2026-05-22T00:22:21Z,92.2,40.1,471.1,86.7
2026-05-22T00:24:24Z,91.6,40.5,469.8,86.7
2026-05-22T00:26:27Z,91.6,40.5,469.4,86.7
2026-05-22T00:29:26Z,91.6,40.5,470.2,86.7
2026-05-22T00:31:30Z,91.6,40.5,475.1,86.6
2026-05-22T00:34:12Z,91.6,40.5,473.1,86.6
2026-05-22T00:37:02Z,91.6,40.5,469.4,86.7
2026-05-22T00:39:05Z,91.6,40.5,467.7,86.8
2026-05-22T00:41:08Z,91.6,40.5,464.6,86.9
2026-05-22T00:43:41Z,91.6,40.5,459.6,87.0
2026-05-22T00:45:45Z,91.6,40.5,461.9,87.0
2026-05-22T00:47:48Z,91.6,40.5,465.0,86.9
2026-05-22T00:49:51Z,91.6,40.5,464.6,86.9
2026-05-22T00:52:47Z,91.6,40.5,463.9,86.9
2026-05-22T00:54:50Z,91.6,40.5,467.9,86.8
2026-05-22T00:56:53Z,91.6,40.5,466.1,86.8
2026-05-22T00:58:56Z,91.6,40.5,466.0,86.8
2026-05-22T01:00:59Z,91.6,40.5,465.7,86.9
2026-05-22T01:03:03Z,91.6,40.5,465.7,86.9
2026-05-22T01:05:12Z,91.6,40.5,465.8,86.8
2026-05-22T01:07:15Z,91.6,40.5,465.6,86.9
2026-05-22T01:09:49Z,91.6,40.5,462.7,86.9
2026-05-22T01:11:52Z,91.6,40.5,465.7,86.9
2026-05-22T01:13:55Z,91.6,40.5,469.2,86.8
2026-05-22T01:15:58Z,91.6,40.5,471.1,86.7
2026-05-22T01:18:01Z,91.6,40.5,471.2,86.7
2026-05-22T01:20:04Z,91.6,40.5,470.2,86.7
2026-05-22T01:22:38Z,91.5,40.5,468.7,86.8
2026-05-22T01:24:41Z,91.5,40.5,466.6,86.8
2026-05-22T01:26:44Z,91.5,40.5,466.6,86.8
2026-05-22T01:29:21Z,91.5,40.5,462.7,86.9
2026-05-22T01:31:24Z,91.5,40.5,465.0,86.9
2026-05-22T01:33:27Z,91.5,40.5,469.6,86.7
2026-05-22T01:35:30Z,91.5,40.5,478.2,86.5
2026-05-22T01:37:33Z,91.5,40.5,476.3,86.6
2026-05-22T01:40:05Z,91.5,40.5,471.4,86.7
2026-05-22T01:42:08Z,91.5,40.6,466.7,86.8
2026-05-22T01:44:11Z,91.5,40.6,465.2,86.9
2026-05-22T01:46:14Z,91.4,40.6,463.1,86.9
2026-05-22T01:48:17Z,91.4,40.6,462.8,86.9
2026-05-22T01:50:21Z,91.4,40.6,458.3,87.1
2026-05-22T01:52:56Z,91.4,40.6,453.7,87.2
2026-05-22T01:54:59Z,91.4,40.6,451.8,87.2
2026-05-22T01:57:03Z,91.4,40.6,450.2,87.3
2026-05-22T01:59:06Z,91.4,40.6,450.2,87.3
2026-05-22T02:01:09Z,91.4,40.6,449.4,87.3
2026-05-22T02:03:13Z,91.4,40.6,448.3,87.3
2026-05-22T02:05:16Z,91.4,40.6,447.2,87.4
2026-05-22T02:07:55Z,91.4,40.6,446.0,87.4
2026-05-22T02:09:59Z,91.4,40.6,442.6,87.5
2026-05-22T02:12:02Z,91.4,40.6,442.1,87.5
2026-05-22T02:14:06Z,91.4,40.6,443.4,87.5
2026-05-22T02:16:13Z,91.4,40.6,441.5,87.5
2026-05-22T02:18:16Z,91.4,40.6,441.3,87.5
2026-05-22T02:20:20Z,91.4,40.6,439.9,87.6
2026-05-22T02:22:23Z,91.4,40.6,439.1,87.6
2026-05-22T02:24:26Z,91.4,40.6,438.8,87.6
2026-05-22T02:26:29Z,91.4,40.6,438.5,87.6
2026-05-22T02:29:06Z,91.4,40.6,435.4,87.7
2026-05-22T02:31:09Z,91.4,40.6,433.3,87.8
2026-05-22T02:33:13Z,91.4,40.6,432.4,87.8
2026-05-22T02:35:16Z,91.4,40.6,430.3,87.9
2026-05-22T02:37:19Z,91.4,40.6,432.9,87.8
2026-05-22T02:39:29Z,91.4,40.6,433.7,87.8
2026-05-22T02:41:32Z,91.4,40.6,434.6,87.7
2026-05-22T02:44:13Z,91.4,40.6,432.0,87.8
2026-05-22T02:46:16Z,91.4,40.6,427.9,87.9
2026-05-22T02:48:20Z,91.4,40.6,427.6,87.9
2026-05-22T02:50:30Z,91.4,40.6,426.1,88.0
2026-05-22T02:52:33Z,91.3,40.7,424.9,88.0
2026-05-22T02:54:36Z,91.3,40.7,426.4,88.0
2026-05-22T02:56:39Z,91.3,40.7,425.9,88.0
2026-05-22T02:58:43Z,91.3,40.7,424.6,88.0
2026-05-22T03:01:28Z,91.3,40.7,424.1,88.0
2026-05-22T03:03:31Z,91.3,40.7,421.2,88.1
2026-05-22T03:05:34Z,91.3,40.7,421.3,88.1
2026-05-22T03:07:37Z,91.3,40.7,421.1,88.1
2026-05-22T03:09:40Z,91.3,40.7,420.1,88.1
2026-05-22T03:11:44Z,91.3,40.7,418.5,88.2
2026-05-22T03:13:47Z,91.3,40.7,416.7,88.2
2026-05-22T03:16:22Z,91.3,40.7,416.0,88.3
2026-05-22T03:18:25Z,91.3,40.7,411.1,88.4
2026-05-22T03:20:28Z,91.3,40.7,407.7,88.5
2026-05-22T03:22:31Z,91.2,40.7,409.7,88.4
2026-05-22T03:24:34Z,91.2,40.7,406.7,88.5
2026-05-22T03:27:10Z,91.2,40.7,404.7,88.6
2026-05-22T03:29:13Z,91.2,40.7,401.0,88.7
2026-05-22T03:31:16Z,91.2,40.7,402.5,88.6
2026-05-22T03:33:19Z,91.2,40.7,399.2,88.7
2026-05-22T03:35:51Z,91.2,40.7,395.3,88.8
2026-05-22T03:37:55Z,91.2,40.7,393.1,88.9
2026-05-22T03:39:58Z,91.2,40.7,392.1,88.9
2026-05-22T03:42:01Z,91.2,40.7,389.9,89.0
2026-05-22T03:44:04Z,91.2,40.7,389.8,89.0
2026-05-22T03:46:07Z,91.2,40.7,392.7,88.9
2026-05-22T03:48:10Z,91.2,40.7,391.7,88.9
2026-05-22T03:50:58Z,91.2,40.7,391.0,89.0
2026-05-22T03:53:02Z,91.2,40.7,387.3,89.1
2026-05-22T03:55:05Z,91.2,40.7,388.4,89.0
2026-05-22T03:57:08Z,91.2,40.7,385.4,89.1
2026-05-22T03:59:11Z,91.2,40.7,386.9,89.1
2026-05-22T04:01:15Z,91.2,40.7,386.1,89.1
2026-05-22T04:03:25Z,91.2,40.7,385.8,89.1
2026-05-22T04:05:28Z,91.2,40.7,385.9,89.1
2026-05-22T04:07:31Z,91.2,40.7,387.8,89.1
2026-05-22T04:09:34Z,91.2,40.7,384.9,89.1
2026-05-22T04:11:37Z,91.2,40.7,387.0,89.1
2026-05-22T04:13:40Z,91.2,40.7,386.6,89.1
2026-05-22T04:16:14Z,91.2,40.7,388.7,89.0
2026-05-22T04:18:17Z,91.2,40.7,386.0,89.1
2026-05-22T04:19:16Z,91.2,40.7,385.0,89.1
2026-05-22T04:21:19Z,91.2,40.7,384.4,89.1
2026-05-22T04:23:22Z,91.2,40.7,383.8,89.2
2026-05-22T04:24:17Z,91.2,40.7,383.7,89.2
2026-05-22T04:24:51Z,91.2,40.7,383.1,89.2
2026-05-22T04:25:26Z,91.2,40.7,383.1,89.2
2026-05-22T04:27:29Z,91.2,40.7,382.7,89.2
2026-05-22T04:29:32Z,91.2,40.7,382.5,89.2
2026-05-22T04:29:56Z,91.2,40.7,382.6,89.2
2026-05-22T04:31:59Z,91.2,40.7,381.5,89.2
2026-05-22T04:34:02Z,91.2,40.7,381.6,89.2
2026-05-22T04:36:05Z,91.2,40.7,381.2,89.2
2026-05-22T04:38:08Z,91.2,40.7,381.0,89.2
2026-05-22T04:40:11Z,91.2,40.7,380.8,89.2
2026-05-22T04:42:14Z,91.2,40.7,380.3,89.3
2026-05-22T04:44:18Z,91.2,40.7,380.1,89.3
2026-05-22T04:46:22Z,91.2,40.7,379.9,89.3
2026-05-22T04:48:26Z,91.2,40.7,378.6,89.3
2026-05-22T04:50:30Z,91.2,40.8,378.3,89.3
2026-05-22T04:53:04Z,91.2,40.8,378.5,89.3
2026-05-22T04:55:07Z,91.2,40.8,375.8,89.4
2026-05-22T04:57:11Z,91.2,40.8,373.7,89.4
2026-05-22T04:59:14Z,91.2,40.8,372.0,89.5
2026-05-22T05:01:17Z,91.2,40.8,371.1,89.5
2026-05-22T05:03:20Z,91.1,40.8,376.8,89.4
2026-05-22T05:05:23Z,91.1,40.8,376.3,89.4
2026-05-22T05:07:26Z,91.1,40.8,375.9,89.4
2026-05-22T05:09:29Z,91.1,40.8,386.2,89.1
2026-05-22T05:11:32Z,91.2,40.8,400.3,88.7
2026-05-22T05:14:07Z,91.2,40.8,426.2,88.0
2026-05-22T05:16:10Z,91.2,40.8,439.5,87.6
2026-05-22T05:18:13Z,91.2,40.8,450.2,87.3
2026-05-22T05:20:16Z,91.2,40.8,459.7,87.0
2026-05-22T05:22:19Z,91.2,40.8,457.8,87.1
2026-05-22T05:24:22Z,91.1,40.8,460.8,87.0
2026-05-22T05:26:25Z,91.2,40.8,467.4,86.8
2026-05-22T05:28:28Z,91.1,40.8,470.9,86.7
2026-05-22T05:30:31Z,91.1,40.8,472.4,86.7
2026-05-22T05:32:35Z,91.2,40.8,474.0,86.6
2026-05-22T05:35:11Z,91.1,40.8,496.2,86.0
2026-05-22T05:37:14Z,91.1,40.8,534.6,84.9
2026-05-22T05:39:17Z,91.1,40.8,537.0,84.8
2026-05-22T05:41:20Z,91.1,40.8,541.2,84.7
2026-05-22T05:43:23Z,91.1,40.8,551.8,84.4
2026-05-22T05:45:26Z,91.1,40.8,560.1,84.2
2026-05-22T05:47:30Z,91.1,40.8,577.2,83.7
2026-05-22T05:49:33Z,91.1,40.8,575.8,83.7
2026-05-22T05:51:36Z,91.1,40.8,574.5,83.8
2026-05-22T05:53:39Z,91.1,40.8,573.1,83.8
2026-05-22T05:56:18Z,91.1,40.8,570.2,83.9
2026-05-22T05:57:31Z,91.1,40.8,568.8,83.9
2026-05-22T05:59:34Z,91.1,40.8,575.9,83.7
2026-05-22T06:01:37Z,91.1,40.8,579.8,83.6
2026-05-22T06:03:41Z,91.1,40.8,582.6,83.6
2026-05-22T06:05:44Z,91.1,40.8,582.5,83.6
2026-05-22T06:07:47Z,91.0,40.9,583.0,83.5
2026-05-22T06:09:50Z,91.1,40.8,581.7,83.6
2026-05-22T06:11:54Z,91.1,40.8,580.4,83.6
2026-05-22T06:13:57Z,91.1,40.8,580.4,83.6
2026-05-22T06:16:00Z,91.1,40.8,579.8,83.6
2026-05-22T06:18:03Z,91.1,40.8,582.9,83.5
2026-05-22T06:20:06Z,91.1,40.8,582.3,83.6
2026-05-22T06:22:14Z,91.3,40.7,583.0,83.5
2026-05-22T06:24:17Z,91.3,40.7,581.3,83.6
2026-05-22T06:26:21Z,91.3,40.7,580.9,83.6
2026-05-22T06:28:24Z,91.3,40.7,581.0,83.6
2026-05-22T06:30:27Z,91.3,40.7,580.3,83.6
2026-05-22T06:32:31Z,91.3,40.7,578.8,83.7
2026-05-22T06:34:35Z,91.3,40.7,577.9,83.7
2026-05-22T06:36:44Z,91.3,40.7,577.8,83.7
2026-05-22T06:38:53Z,91.3,40.7,577.6,83.7
2026-05-22T06:40:57Z,91.3,40.7,576.8,83.7
2026-05-22T06:43:00Z,91.2,40.8,575.9,83.7
2026-05-22T06:45:26Z,91.2,40.7,576.2,83.7
2026-05-22T06:47:30Z,91.2,40.7,572.0,83.9
2026-05-22T06:49:33Z,91.2,40.7,570.1,83.9
2026-05-22T06:51:36Z,91.2,40.7,568.4,84.0
2026-05-22T06:53:40Z,91.2,40.7,575.4,83.8
2026-05-22T06:55:47Z,91.2,40.7,576.0,83.7
2026-05-22T06:57:50Z,91.2,40.7,575.0,83.8
2026-05-22T06:59:53Z,91.2,40.7,573.9,83.8
2026-05-22T07:01:56Z,91.2,40.7,573.9,83.8
2026-05-22T07:04:03Z,91.2,40.7,573.2,83.8
2026-05-22T07:06:06Z,91.2,40.7,572.6,83.8
2026-05-22T07:08:10Z,91.1,40.8,572.3,83.8
2026-05-22T07:10:14Z,91.2,40.7,571.3,83.9
2026-05-22T07:12:21Z,91.2,40.7,570.9,83.9
2026-05-22T07:14:24Z,91.2,40.7,570.6,83.9
2026-05-22T07:16:27Z,91.2,40.7,570.4,83.9
2026-05-22T07:18:34Z,91.2,40.7,570.1,83.9
2026-05-22T07:20:37Z,91.2,40.7,570.4,83.9
2026-05-22T07:22:40Z,91.2,40.7,570.0,83.9
2026-05-22T07:24:44Z,91.2,40.7,569.8,83.9
2026-05-22T07:26:47Z,91.2,40.7,569.6,83.9
2026-05-22T07:28:50Z,91.2,40.7,572.4,83.8
2026-05-22T07:30:57Z,91.2,40.7,572.8,83.8
2026-05-22T07:33:00Z,91.2,40.7,572.3,83.8
2026-05-22T07:35:03Z,91.2,40.7,571.7,83.9
2026-05-22T07:37:09Z,91.2,40.7,571.8,83.9
2026-05-22T07:39:15Z,91.2,40.7,571.6,83.9
2026-05-22T07:41:18Z,91.2,40.7,570.7,83.9
2026-05-22T07:43:22Z,91.2,40.7,569.8,83.9
2026-05-22T07:45:26Z,91.2,40.7,569.1,83.9
2026-05-22T07:47:32Z,91.2,40.7,573.9,83.8
2026-05-22T07:49:35Z,91.2,40.7,572.2,83.8
2026-05-22T07:51:39Z,91.2,40.7,571.7,83.9
2026-05-22T07:53:43Z,91.2,40.7,571.5,83.9
2026-05-22T07:55:53Z,91.2,40.7,571.7,83.9
2026-05-22T07:57:56Z,91.2,40.7,571.5,83.9
2026-05-22T08:00:00Z,91.2,40.7,570.8,83.9
2026-05-22T08:02:03Z,91.2,40.7,569.6,83.9
2026-05-22T08:04:26Z,91.2,40.7,577.9,83.7
2026-05-22T08:06:29Z,91.2,40.7,574.0,83.8
2026-05-22T08:08:32Z,91.2,40.7,571.3,83.9
2026-05-22T08:10:36Z,91.2,40.8,569.3,83.9
2026-05-22T08:12:39Z,91.2,40.8,568.3,84.0
2026-05-22T08:14:42Z,91.1,40.8,567.1,84.0
2026-05-22T08:16:46Z,91.2,40.8,566.0,84.0
2026-05-22T08:18:49Z,91.2,40.8,565.6,84.0
2026-05-22T08:20:52Z,91.2,40.8,565.3,84.0
2026-05-22T08:22:55Z,91.2,40.8,564.6,84.1
2026-05-22T08:24:59Z,91.2,40.8,564.3,84.1
2026-05-22T08:27:27Z,91.2,40.8,563.5,84.1
2026-05-22T08:29:30Z,91.2,40.8,563.0,84.1
2026-05-22T08:31:33Z,91.2,40.8,560.9,84.2
2026-05-22T08:33:36Z,91.2,40.8,559.5,84.2
2026-05-22T08:35:39Z,91.2,40.8,559.1,84.2
2026-05-22T08:37:42Z,91.2,40.8,558.6,84.2
2026-05-22T08:39:45Z,91.2,40.8,557.4,84.3
2026-05-22T08:41:49Z,91.2,40.8,557.1,84.3
2026-05-22T08:43:52Z,91.2,40.8,557.0,84.3
2026-05-22T08:45:55Z,91.2,40.8,556.9,84.3
2026-05-22T08:47:59Z,91.2,40.8,556.6,84.3
2026-05-22T08:50:02Z,91.2,40.8,556.7,84.3
2026-05-22T08:52:27Z,91.2,40.8,555.1,84.3
2026-05-22T08:54:30Z,91.2,40.8,553.5,84.4
2026-05-22T08:56:33Z,91.2,40.8,559.4,84.2
2026-05-22T08:58:36Z,91.2,40.8,559.0,84.2
2026-05-22T09:00:40Z,91.2,40.8,558.9,84.2
2026-05-22T09:02:43Z,91.2,40.8,558.5,84.2
2026-05-22T09:04:46Z,91.1,40.8,558.4,84.2
2026-05-22T09:06:49Z,91.1,40.8,558.0,84.2
2026-05-22T09:08:52Z,91.1,40.8,557.9,84.3
2026-05-22T09:10:55Z,91.1,40.8,557.7,84.3
2026-05-22T09:13:17Z,91.1,40.8,556.3,84.3
2026-05-22T09:15:20Z,91.1,40.8,558.6,84.2
2026-05-22T09:17:23Z,91.1,40.8,555.5,84.3
2026-05-22T09:19:26Z,91.1,40.8,554.6,84.3
2026-05-22T09:21:30Z,91.1,40.8,554.3,84.4
2026-05-22T09:23:34Z,91.1,40.8,554.2,84.4
2026-05-22T09:25:37Z,91.1,40.8,553.9,84.4
2026-05-22T09:27:40Z,91.1,40.8,553.2,84.4
2026-05-22T09:29:44Z,91.1,40.8,551.8,84.4
2026-05-22T09:31:47Z,91.1,40.8,551.7,84.4
2026-05-22T09:33:50Z,91.1,40.8,551.2,84.4
2026-05-22T09:35:53Z,91.1,40.8,551.4,84.4
2026-05-22T09:37:57Z,91.1,40.8,551.0,84.4
2026-05-22T09:40:01Z,91.1,40.8,551.0,84.4
2026-05-22T09:42:04Z,91.1,40.8,550.6,84.5
2026-05-22T09:44:08Z,91.1,40.8,550.4,84.5
2026-05-22T09:46:39Z,91.1,40.8,550.3,84.5
2026-05-22T09:48:42Z,91.1,40.8,550.3,84.5
2026-05-22T09:50:45Z,91.1,40.8,548.7,84.5
2026-05-22T09:52:48Z,91.1,40.8,548.4,84.5
2026-05-22T09:54:51Z,91.1,40.8,549.3,84.5
2026-05-22T09:56:55Z,91.1,40.8,547.8,84.5
2026-05-22T09:58:58Z,91.1,40.8,547.7,84.5
2026-05-22T10:01:01Z,91.1,40.8,547.4,84.5
2026-05-22T10:03:04Z,91.1,40.8,547.2,84.6
2026-05-22T10:05:07Z,91.1,40.8,551.0,84.4
2026-05-22T10:07:32Z,91.1,40.8,549.6,84.5
2026-05-22T10:09:36Z,91.1,40.8,546.9,84.6
2026-05-22T10:11:39Z,91.1,40.8,544.6,84.6
2026-05-22T10:13:42Z,91.1,40.8,541.2,84.7
2026-05-22T10:15:45Z,91.1,40.8,539.3,84.8
2026-05-22T10:17:48Z,91.1,40.8,538.7,84.8
2026-05-22T10:19:53Z,91.1,40.8,537.6,84.8
2026-05-22T10:22:00Z,91.1,40.8,536.6,84.9
2026-05-22T10:24:03Z,91.1,40.8,537.3,84.8
2026-05-22T10:26:07Z,91.1,40.8,536.0,84.9
2026-05-22T10:28:11Z,91.1,40.8,535.0,84.9
2026-05-22T10:30:47Z,91.1,40.8,533.7,84.9
2026-05-22T10:32:51Z,91.1,40.8,531.2,85.0
2026-05-22T10:34:54Z,91.1,40.8,527.8,85.1
2026-05-22T10:36:57Z,91.1,40.8,525.4,85.2
2026-05-22T10:39:01Z,91.1,40.8,525.4,85.2
2026-05-22T10:41:09Z,91.1,40.8,534.4,84.9
2026-05-22T10:43:12Z,91.1,40.8,534.2,84.9
2026-05-22T10:45:15Z,91.1,40.8,535.3,84.9
2026-05-22T10:47:19Z,91.1,40.8,533.7,84.9
2026-05-22T10:49:22Z,91.1,40.8,531.9,85.0
2026-05-22T10:51:49Z,91.1,40.8,530.1,85.0
2026-05-22T10:53:52Z,91.1,40.8,525.7,85.2
2026-05-22T10:55:56Z,91.1,40.8,522.9,85.2
2026-05-22T10:57:59Z,91.0,40.8,520.8,85.3
2026-05-22T11:00:02Z,91.0,40.9,523.3,85.2
2026-05-22T11:02:10Z,91.0,40.9,522.0,85.3
2026-05-22T11:04:13Z,91.0,40.9,521.8,85.3
2026-05-22T11:06:17Z,91.0,40.9,521.6,85.3
2026-05-22T11:08:20Z,91.0,40.9,521.3,85.3
2026-05-22T11:10:24Z,91.0,40.9,520.0,85.3
2026-05-22T11:12:27Z,91.0,40.9,520.2,85.3
2026-05-22T11:14:30Z,91.0,40.9,523.5,85.2
2026-05-22T11:17:03Z,91.0,40.9,525.7,85.2
2026-05-22T11:19:06Z,91.0,40.9,527.2,85.1
2026-05-22T11:21:09Z,91.0,40.9,524.0,85.2
2026-05-22T11:23:14Z,91.0,40.9,521.9,85.3
2026-05-22T11:25:21Z,91.0,40.9,521.6,85.3
2026-05-22T11:27:24Z,91.0,40.9,520.6,85.3
2026-05-22T11:29:28Z,90.9,40.9,519.2,85.3
2026-05-22T11:31:34Z,90.9,40.9,519.4,85.3
2026-05-22T11:33:37Z,90.9,40.9,518.8,85.4
2026-05-22T11:35:41Z,90.9,40.9,517.1,85.4
2026-05-22T11:37:44Z,90.9,40.9,516.0,85.4
2026-05-22T11:39:51Z,90.9,40.9,516.5,85.4
2026-05-22T11:41:54Z,90.9,40.9,516.3,85.4
2026-05-22T11:43:58Z,90.9,40.9,514.5,85.5
2026-05-22T11:46:03Z,90.9,40.9,513.1,85.5
2026-05-22T11:48:10Z,90.9,40.9,511.8,85.6
2026-05-22T11:50:13Z,90.9,40.9,510.6,85.6
2026-05-22T11:52:48Z,90.9,40.9,509.0,85.6
2026-05-22T11:54:51Z,90.9,40.9,518.1,85.4
2026-05-22T11:56:56Z,90.9,40.9,516.9,85.4
2026-05-22T11:59:03Z,90.9,40.9,516.4,85.4
2026-05-22T12:01:06Z,90.9,40.9,516.6,85.4
2026-05-22T12:03:10Z,90.9,40.9,516.4,85.4
2026-05-22T12:05:13Z,90.9,40.9,515.5,85.4
2026-05-22T12:07:16Z,90.9,40.9,515.6,85.4
2026-05-22T12:09:19Z,90.9,40.9,515.5,85.4
2026-05-22T12:11:22Z,90.9,40.9,515.5,85.4
2026-05-22T12:13:46Z,90.9,40.9,518.2,85.4
2026-05-22T12:15:50Z,90.9,40.9,515.3,85.5
2026-05-22T12:17:53Z,90.9,40.9,514.2,85.5
2026-05-22T12:19:56Z,90.9,40.9,513.4,85.5
2026-05-22T12:21:59Z,90.9,40.9,512.6,85.5
2026-05-22T12:24:02Z,90.9,40.9,512.6,85.5
2026-05-22T12:26:05Z,90.9,40.9,511.4,85.6
2026-05-22T12:28:10Z,90.9,40.9,510.4,85.6
2026-05-22T12:30:13Z,90.9,40.9,509.4,85.6
2026-05-22T12:32:16Z,90.9,41.0,513.9,85.5
2026-05-22T12:34:41Z,90.9,41.0,512.8,85.5
2026-05-22T12:36:44Z,90.9,41.0,511.7,85.6
2026-05-22T12:38:47Z,90.9,41.0,516.0,85.4
2026-05-22T12:40:50Z,90.9,41.0,514.4,85.5
2026-05-22T12:42:55Z,90.9,41.0,513.8,85.5
2026-05-22T12:45:05Z,90.9,41.0,513.6,85.5
2026-05-22T12:47:09Z,90.9,41.0,513.2,85.5
2026-05-22T12:49:12Z,90.9,41.0,515.4,85.4
2026-05-22T12:51:15Z,90.9,41.0,515.4,85.5
2026-05-22T12:53:18Z,90.9,41.0,512.9,85.5
2026-05-22T12:55:46Z,90.9,41.0,517.2,85.4
2026-05-22T12:57:49Z,90.9,41.0,515.3,85.5
2026-05-22T12:59:52Z,90.9,41.0,513.1,85.5
2026-05-22T13:01:56Z,90.9,41.0,511.7,85.6
2026-05-22T13:03:59Z,90.8,41.0,509.5,85.6
2026-05-22T13:06:02Z,90.8,41.0,512.7,85.5
2026-05-22T13:08:05Z,90.8,41.0,511.5,85.6
2026-05-22T13:10:08Z,90.8,41.0,510.5,85.6
2026-05-22T13:12:12Z,90.8,41.0,509.4,85.6
2026-05-22T13:14:16Z,90.8,41.0,508.9,85.6
2026-05-22T13:16:19Z,90.8,41.0,507.9,85.7
2026-05-22T13:18:23Z,90.8,41.0,506.1,85.7
2026-05-22T13:20:27Z,90.8,41.0,504.7,85.8
2026-05-22T13:22:30Z,90.8,41.0,504.0,85.8
2026-05-22T13:24:33Z,90.8,41.0,510.0,85.6
2026-05-22T13:26:40Z,90.8,41.0,508.6,85.6
2026-05-22T13:29:03Z,90.8,41.0,505.8,85.7
2026-05-22T13:31:06Z,90.8,41.0,504.8,85.8
2026-05-22T13:33:10Z,90.8,41.0,503.4,85.8
2026-05-22T13:35:18Z,90.8,41.0,503.7,85.8
2026-05-22T13:37:21Z,90.8,41.0,502.5,85.8
2026-05-22T13:39:24Z,90.8,41.0,504.7,85.8
2026-05-22T13:41:27Z,90.8,41.0,508.2,85.7
2026-05-22T13:43:31Z,90.8,41.0,509.3,85.6
2026-05-22T13:45:34Z,90.8,41.0,505.3,85.7
2026-05-22T13:47:37Z,90.7,41.0,499.9,85.9
2026-05-22T13:50:01Z,90.7,41.0,498.5,85.9
2026-05-22T13:52:04Z,90.7,41.1,495.6,86.0
2026-05-22T13:54:07Z,90.7,41.1,494.1,86.0
2026-05-22T13:56:11Z,90.7,41.1,493.1,86.1
2026-05-22T13:58:14Z,90.7,41.1,496.0,86.0
2026-05-22T14:00:17Z,90.7,41.1,499.5,85.9
2026-05-22T14:02:21Z,90.7,41.1,499.6,85.9
2026-05-22T14:04:24Z,90.7,41.1,499.1,85.9
2026-05-22T14:06:27Z,90.7,41.1,499.1,85.9
2026-05-22T14:08:30Z,90.7,41.1,498.4,85.9
2026-05-22T14:10:35Z,90.7,41.1,498.4,85.9
2026-05-22T14:12:45Z,90.7,41.1,498.3,85.9
2026-05-22T14:14:49Z,90.7,41.1,497.9,85.9
2026-05-22T14:16:52Z,90.7,41.1,500.8,85.9
2026-05-22T14:18:56Z,90.7,41.1,500.0,85.9
2026-05-22T14:20:59Z,90.7,41.1,499.9,85.9
2026-05-22T14:23:23Z,90.7,41.1,498.9,85.9
2026-05-22T14:25:26Z,90.7,41.1,496.3,86.0
2026-05-22T14:27:29Z,90.7,41.1,493.4,86.1
2026-05-22T14:29:32Z,90.7,41.1,490.8,86.1
2026-05-22T14:31:37Z,90.7,41.1,488.8,86.2
2026-05-22T14:33:40Z,90.7,41.1,486.4,86.3
2026-05-22T14:35:45Z,90.6,41.2,495.9,86.0
2026-05-22T14:37:48Z,90.7,41.1,495.3,86.0
2026-05-22T14:39:52Z,90.7,41.1,493.2,86.1
2026-05-22T14:41:59Z,90.7,41.1,492.6,86.1
2026-05-22T14:44:02Z,90.7,41.1,492.5,86.1
2026-05-22T14:46:06Z,90.7,41.1,491.9,86.1
2026-05-22T14:48:16Z,90.7,41.1,492.1,86.1
2026-05-22T14:50:26Z,90.7,41.1,491.1,86.1
2026-05-22T14:52:29Z,90.7,41.1,490.6,86.2
2026-05-22T14:54:33Z,90.7,41.1,489.0,86.2
2026-05-22T14:56:36Z,90.7,41.1,487.2,86.2
2026-05-22T14:58:40Z,90.6,41.1,485.7,86.3
2026-05-22T15:00:44Z,90.7,41.1,485.5,86.3
2026-05-22T15:03:17Z,90.7,41.1,486.1,86.3
2026-05-22T15:05:20Z,90.7,41.1,483.9,86.3
2026-05-22T15:07:24Z,90.7,41.1,484.0,86.3
2026-05-22T15:09:27Z,90.7,41.1,483.6,86.3
2026-05-22T15:11:30Z,90.7,41.1,493.6,86.1
2026-05-22T15:13:33Z,90.7,41.1,495.0,86.0
2026-05-22T15:15:37Z,90.7,41.1,493.3,86.1
2026-05-22T15:17:40Z,90.7,41.1,493.4,86.1
2026-05-22T15:22:10Z,90.7,41.1,491.4,86.1
2026-05-22T15:24:14Z,90.7,41.1,489.7,86.2
2026-05-22T15:26:19Z,90.7,41.1,488.5,86.2
2026-05-22T15:28:22Z,90.7,41.1,494.2,86.0
2026-05-22T15:30:25Z,90.6,41.1,496.1,86.0
2026-05-22T15:32:29Z,90.6,41.1,495.8,86.0
2026-05-22T15:34:32Z,90.6,41.1,495.4,86.0
2026-05-22T15:36:36Z,90.6,41.1,495.3,86.0
2026-05-22T15:38:39Z,90.6,41.1,495.1,86.0
2026-05-22T15:40:43Z,90.6,41.1,494.2,86.0
2026-05-22T15:42:49Z,90.6,41.1,493.0,86.1
2026-05-22T15:44:56Z,90.6,41.1,492.7,86.1
2026-05-22T15:46:59Z,90.6,41.1,493.4,86.1
2026-05-22T15:49:03Z,90.6,41.1,492.9,86.1
2026-05-22T15:51:11Z,90.6,41.1,491.6,86.1
2026-05-22T15:53:14Z,90.6,41.1,489.6,86.2
2026-05-22T15:55:18Z,90.6,41.1,489.1,86.2
2026-05-22T15:57:25Z,90.6,41.1,487.0,86.3
2026-05-22T15:59:28Z,90.6,41.1,486.6,86.3
2026-05-22T16:01:32Z,90.6,41.1,485.7,86.3
2026-05-22T16:03:35Z,90.6,41.1,485.3,86.3
2026-05-22T16:05:39Z,90.6,41.1,487.6,86.2
2026-05-22T16:07:46Z,90.6,41.1,487.3,86.2
2026-05-22T16:09:50Z,90.6,41.1,487.2,86.2
2026-05-22T16:11:53Z,90.6,41.1,486.8,86.3
2026-05-22T16:14:00Z,90.6,41.1,486.7,86.3
2026-05-22T16:16:03Z,90.6,41.1,486.2,86.3
2026-05-22T16:18:07Z,90.6,41.1,485.9,86.3
2026-05-22T16:20:11Z,90.6,41.1,485.4,86.3
2026-05-22T16:22:14Z,90.6,41.1,485.2,86.3
2026-05-22T16:24:18Z,90.6,41.1,489.1,86.2
2026-05-22T16:26:24Z,90.6,41.1,489.0,86.2
2026-05-22T16:28:28Z,90.6,41.1,488.6,86.2
2026-05-22T16:30:32Z,90.6,41.1,488.3,86.2
2026-05-22T16:32:35Z,90.6,41.1,487.8,86.2
2026-05-22T16:34:39Z,90.6,41.1,487.6,86.2
2026-05-22T16:36:46Z,90.6,41.1,486.8,86.3
2026-05-22T16:38:53Z,90.6,41.2,486.3,86.3
2026-05-22T16:40:57Z,90.6,41.1,485.8,86.3
2026-05-22T16:43:00Z,90.6,41.1,485.4,86.3
2026-05-22T16:45:04Z,90.6,41.1,485.3,86.3
2026-05-22T16:47:07Z,90.6,41.1,484.9,86.3
2026-05-22T16:49:14Z,90.6,41.1,485.1,86.3
2026-05-22T16:51:17Z,90.6,41.1,484.3,86.3
2026-05-22T16:53:21Z,90.6,41.1,484.1,86.3
2026-05-22T16:55:25Z,90.6,41.1,483.5,86.3
2026-05-22T16:57:28Z,90.6,41.1,483.6,86.3
2026-05-22T16:59:31Z,90.6,41.1,483.4,86.4
2026-05-22T17:01:35Z,90.6,41.1,483.3,86.4
2026-05-22T17:04:05Z,90.6,41.1,482.7,86.4
2026-05-22T17:06:10Z,90.6,41.1,480.6,86.4
2026-05-22T17:08:13Z,90.6,41.1,479.8,86.5
2026-05-22T17:10:16Z,90.6,41.1,478.4,86.5
2026-05-22T17:12:20Z,90.6,41.1,477.5,86.5
2026-05-22T17:14:24Z,90.6,41.1,477.9,86.5
2026-05-22T17:16:28Z,90.6,41.1,477.6,86.5
2026-05-22T17:18:31Z,90.6,41.1,486.4,86.3
2026-05-22T17:20:35Z,90.6,41.1,486.4,86.3
2026-05-22T17:22:42Z,90.6,41.1,486.8,86.3
2026-05-22T17:24:45Z,90.6,41.1,486.0,86.3
2026-05-22T17:26:49Z,90.6,41.1,486.0,86.3
2026-05-22T17:28:55Z,90.6,41.1,486.0,86.3
2026-05-22T17:30:58Z,90.6,41.1,484.9,86.3
2026-05-22T17:33:02Z,90.6,41.1,483.7,86.3
2026-05-22T17:35:05Z,90.6,41.1,483.3,86.4
2026-05-22T17:37:12Z,90.6,41.1,482.9,86.4
2026-05-22T17:39:19Z,90.6,41.1,482.5,86.4
2026-05-22T17:41:22Z,90.6,41.1,482.1,86.4
2026-05-22T17:44:03Z,90.6,41.1,482.3,86.4
2026-05-22T17:46:06Z,90.6,41.1,482.1,86.4
2026-05-22T17:48:10Z,90.6,41.1,479.6,86.5
2026-05-22T17:50:13Z,90.6,41.1,478.9,86.5
2026-05-22T17:52:18Z,90.6,41.1,476.7,86.5
2026-05-22T17:54:26Z,90.6,41.1,479.8,86.5
2026-05-22T17:56:33Z,90.6,41.1,481.2,86.4
2026-05-22T17:58:39Z,90.6,41.1,480.2,86.4
2026-05-22T18:00:43Z,90.6,41.1,478.5,86.5
2026-05-22T18:02:46Z,90.6,41.1,479.4,86.5
2026-05-22T18:04:50Z,90.6,41.1,477.4,86.5
2026-05-22T18:06:57Z,90.6,41.1,477.4,86.5
2026-05-22T18:09:00Z,90.6,41.1,476.4,86.5
2026-05-22T18:11:04Z,90.6,41.1,475.8,86.6
2026-05-22T18:13:39Z,90.6,41.1,482.6,86.4
2026-05-22T18:15:44Z,90.6,41.1,481.4,86.4
2026-05-22T18:17:47Z,90.6,41.1,479.4,86.5
2026-05-22T18:19:52Z,90.6,41.1,478.6,86.5
2026-05-22T18:21:58Z,90.6,41.1,478.1,86.5
2026-05-22T18:24:02Z,90.6,41.1,475.7,86.6
2026-05-22T18:26:05Z,90.6,41.1,475.0,86.6
2026-05-22T18:28:08Z,90.6,41.2,473.3,86.6
2026-05-22T18:30:12Z,90.6,41.2,471.9,86.7
2026-05-22T18:32:15Z,90.6,41.2,477.1,86.5
2026-05-22T18:34:19Z,90.6,41.2,476.8,86.5
2026-05-22T18:36:23Z,90.6,41.2,476.9,86.5
2026-05-22T18:38:26Z,90.6,41.2,477.0,86.5
2026-05-22T18:40:30Z,90.6,41.2,476.7,86.5
2026-05-22T18:42:33Z,90.6,41.2,476.0,86.6
2026-05-22T18:44:37Z,90.6,41.2,475.6,86.6
2026-05-22T18:46:40Z,90.6,41.2,474.5,86.6
2026-05-22T18:48:44Z,90.6,41.2,474.3,86.6
2026-05-22T18:50:47Z,90.6,41.2,474.0,86.6
2026-05-22T18:52:50Z,90.6,41.2,473.2,86.6
2026-05-22T18:54:55Z,90.6,41.2,473.2,86.6
2026-05-22T18:56:58Z,90.6,41.2,472.2,86.7
2026-05-22T18:59:32Z,90.6,41.2,472.9,86.7
2026-05-22T19:01:35Z,90.6,41.2,469.7,86.7
2026-05-22T19:03:38Z,90.6,41.2,470.1,86.7
2026-05-22T19:05:42Z,90.5,41.2,468.4,86.8
2026-05-22T19:07:45Z,90.5,41.2,471.8,86.7
2026-05-22T19:09:49Z,90.5,41.2,472.2,86.7
2026-05-22T19:11:56Z,90.5,41.2,472.5,86.7
2026-05-22T19:13:59Z,90.5,41.2,471.2,86.7
2026-05-22T19:16:03Z,90.5,41.2,470.5,86.7
2026-05-22T19:18:06Z,90.5,41.2,469.8,86.7
2026-05-22T19:20:09Z,90.5,41.2,468.3,86.8
2026-05-22T19:22:13Z,90.5,41.2,467.3,86.8
2026-05-22T19:24:16Z,90.5,41.2,467.2,86.8
2026-05-22T19:26:20Z,90.5,41.2,466.7,86.8
2026-05-22T19:28:23Z,90.5,41.2,466.7,86.8
2026-05-22T19:31:03Z,90.5,41.2,466.3,86.8
2026-05-22T19:33:07Z,90.5,41.2,464.6,86.9
2026-05-22T19:35:11Z,90.5,41.2,463.0,86.9
2026-05-22T19:37:14Z,90.5,41.2,461.9,87.0
2026-05-22T19:39:18Z,90.5,41.2,460.5,87.0
2026-05-22T19:41:21Z,90.5,41.2,460.3,87.0
2026-05-22T19:43:24Z,90.5,41.2,461.9,87.0
2026-05-22T19:45:28Z,90.5,41.2,462.7,86.9
2026-05-22T19:47:32Z,90.5,41.2,462.2,87.0
2026-05-22T19:49:35Z,90.5,41.2,461.5,87.0
2026-05-22T19:51:39Z,90.5,41.2,461.1,87.0
2026-05-22T19:53:44Z,90.5,41.2,461.3,87.0
2026-05-22T19:55:51Z,90.5,41.2,461.2,87.0
2026-05-22T19:57:54Z,90.5,41.2,459.2,87.0
2026-05-22T19:59:58Z,90.5,41.2,459.0,87.0
2026-05-22T20:02:05Z,90.5,41.2,458.7,87.1
2026-05-22T20:04:12Z,90.5,41.2,464.1,86.9
2026-05-22T20:06:22Z,90.5,41.2,463.6,86.9
2026-05-22T20:08:32Z,90.5,41.2,462.1,87.0
2026-05-22T20:10:37Z,90.5,41.2,460.7,87.0
2026-05-22T20:12:42Z,90.5,41.2,458.3,87.1
2026-05-22T20:14:45Z,90.5,41.2,456.1,87.1
2026-05-22T20:16:48Z,90.4,41.2,453.5,87.2
2026-05-22T20:18:52Z,90.4,41.2,451.3,87.3
2026-05-22T20:20:55Z,90.4,41.2,449.5,87.3
2026-05-22T20:23:00Z,90.4,41.3,449.3,87.3
2026-05-22T20:25:06Z,90.4,41.2,454.8,87.2
2026-05-22T20:27:17Z,90.4,41.2,454.7,87.2
2026-05-22T20:29:21Z,90.4,41.2,453.0,87.2
2026-05-22T20:31:24Z,90.4,41.2,451.2,87.3
2026-05-22T20:33:28Z,90.4,41.3,449.9,87.3
2026-05-22T20:35:35Z,90.4,41.3,449.2,87.3
2026-05-22T20:37:40Z,90.4,41.3,448.2,87.3
2026-05-22T20:39:43Z,90.4,41.3,447.5,87.4
2026-05-22T20:41:48Z,90.4,41.3,446.9,87.4
2026-05-22T20:43:51Z,90.4,41.3,446.0,87.4
2026-05-22T20:45:55Z,90.4,41.3,447.5,87.4
2026-05-22T20:47:58Z,90.4,41.3,448.1,87.3
2026-05-22T20:50:02Z,90.4,41.3,448.4,87.3
2026-05-22T20:54:34Z,90.4,41.3,449.0,87.3
2026-05-22T20:56:38Z,90.4,41.3,446.3,87.4
2026-05-22T20:58:41Z,90.4,41.3,446.3,87.4
2026-05-22T21:00:46Z,90.4,41.3,453.2,87.2
2026-05-22T21:04:42Z,90.4,41.3,453.0,87.2
2026-05-22T21:06:45Z,90.4,41.3,451.9,87.2
2026-05-22T21:08:48Z,90.4,41.3,449.0,87.3
2026-05-22T21:10:52Z,90.4,41.3,447.5,87.4
2026-05-22T21:13:00Z,90.4,41.3,444.9,87.4
2026-05-22T21:15:03Z,90.3,41.3,443.4,87.5
2026-05-22T21:17:06Z,90.4,41.3,443.0,87.5
2026-05-22T21:19:10Z,90.4,41.3,442.7,87.5
2026-05-22T21:21:13Z,90.4,41.3,441.7,87.5
2026-05-22T21:23:17Z,90.4,41.3,441.4,87.5
2026-05-22T21:25:21Z,90.4,41.3,441.3,87.5
2026-05-22T21:27:47Z,90.4,41.3,459.5,87.0
2026-05-22T21:29:50Z,90.3,41.3,473.7,86.6
2026-05-22T21:31:53Z,90.4,41.3,471.9,86.7
2026-05-22T21:33:56Z,90.4,41.3,469.8,86.7
2026-05-22T21:35:59Z,90.4,41.3,472.9,86.6
2026-05-22T21:38:02Z,90.4,41.3,470.2,86.7
2026-05-22T21:40:05Z,90.4,41.3,468.4,86.8
2026-05-22T21:42:09Z,90.4,41.3,466.4,86.8
2026-05-22T21:44:13Z,90.4,41.3,465.0,86.9
2026-05-22T21:46:20Z,90.3,41.3,463.0,86.9
2026-05-22T21:48:25Z,90.3,41.3,462.9,86.9
2026-05-22T21:50:29Z,90.4,41.3,462.4,86.9
2026-05-22T21:52:32Z,90.4,41.3,461.7,87.0
2026-05-22T21:54:35Z,90.4,41.3,461.4,87.0
2026-05-22T21:56:39Z,90.3,41.3,461.6,87.0
2026-05-22T21:58:42Z,90.3,41.3,461.0,87.0
2026-05-22T22:00:45Z,90.3,41.3,460.7,87.0
2026-05-22T22:02:49Z,90.3,41.3,460.3,87.0
2026-05-22T22:04:52Z,90.2,41.4,459.6,87.0
2026-05-22T22:06:57Z,90.2,41.4,459.4,87.0
2026-05-22T22:09:00Z,90.3,41.3,459.1,87.0
2026-05-22T22:11:03Z,90.3,41.3,458.6,87.1
2026-05-22T22:13:07Z,90.3,41.3,458.1,87.1
2026-05-22T22:15:10Z,90.3,41.3,458.0,87.1
2026-05-22T22:17:13Z,90.3,41.3,457.8,87.1
2026-05-22T22:19:17Z,90.3,41.3,457.3,87.1
2026-05-22T22:21:20Z,90.3,41.3,457.1,87.1
2026-05-22T22:23:23Z,90.3,41.3,456.6,87.1
2026-05-22T22:25:27Z,90.3,41.3,456.3,87.1
2026-05-22T22:27:30Z,90.3,41.4,455.5,87.1
2026-05-22T22:29:34Z,90.3,41.3,457.3,87.1
2026-05-22T22:31:37Z,90.3,41.3,455.7,87.1
2026-05-22T22:33:40Z,90.3,41.3,455.6,87.1
2026-05-22T22:35:44Z,90.3,41.4,455.9,87.1
2026-05-22T22:38:06Z,90.3,41.4,455.0,87.2
2026-05-22T22:40:09Z,90.3,41.4,451.1,87.3
2026-05-22T22:42:13Z,90.3,41.4,448.1,87.3
2026-05-22T22:44:16Z,90.3,41.4,446.5,87.4
2026-05-22T22:46:20Z,90.3,41.4,445.6,87.4
2026-05-22T22:48:23Z,90.2,41.4,443.8,87.5
2026-05-22T22:50:27Z,90.2,41.4,443.2,87.5
2026-05-22T22:52:31Z,90.2,41.4,441.8,87.5
2026-05-22T22:55:03Z,90.2,41.4,442.6,87.5
2026-05-22T22:57:06Z,90.2,41.4,440.5,87.6
2026-05-22T22:59:09Z,90.2,41.4,439.9,87.6
2026-05-22T23:01:13Z,90.2,41.4,439.9,87.6
2026-05-22T23:03:26Z,90.2,41.4,437.6,87.6
2026-05-22T23:05:29Z,90.2,41.4,451.5,87.3
2026-05-22T23:07:32Z,90.2,41.4,449.2,87.3
2026-05-22T23:09:35Z,90.1,41.4,447.0,87.4
2026-05-22T23:11:40Z,90.2,41.4,446.8,87.4
2026-05-22T23:13:43Z,90.2,41.4,446.2,87.4
2026-05-22T23:15:46Z,90.2,41.4,444.4,87.5
2026-05-22T23:17:50Z,90.2,41.4,443.8,87.5
2026-05-22T23:19:54Z,90.2,41.4,443.0,87.5
2026-05-22T23:21:57Z,90.2,41.4,437.7,87.6
2026-05-22T23:24:23Z,90.0,41.5,434.6,87.7
2026-05-22T23:26:27Z,90.0,41.5,438.3,87.6
2026-05-22T23:28:30Z,90.1,41.5,431.3,87.8
2026-05-22T23:30:34Z,89.9,41.6,433.8,87.8
2026-05-22T23:32:41Z,89.9,41.6,432.4,87.8
2026-05-22T23:34:44Z,89.8,41.6,430.5,87.8
2026-05-22T23:36:47Z,89.8,41.6,429.1,87.9
2026-05-22T23:39:01Z,89.8,41.6,428.9,87.9
2026-05-22T23:41:09Z,89.8,41.6,428.4,87.9
2026-05-22T23:43:12Z,89.8,41.7,426.6,88.0
2026-05-22T23:45:15Z,89.8,41.6,424.4,88.0
2026-05-22T23:47:19Z,89.8,41.7,422.8,88.1
2026-05-22T23:49:22Z,89.8,41.7,421.0,88.1
2026-05-22T23:51:26Z,89.8,41.7,418.7,88.2
2026-05-22T23:53:29Z,89.8,41.7,418.4,88.2
2026-05-22T23:55:33Z,89.7,41.7,416.9,88.2
2026-05-22T23:57:36Z,89.7,41.7,415.4,88.3
2026-05-22T23:59:40Z,89.8,41.7,414.3,88.3
2026-05-23T00:01:44Z,89.8,41.7,414.6,88.3
2026-05-23T00:04:14Z,89.8,41.7,413.8,88.3
2026-05-23T00:06:17Z,89.8,41.7,413.4,88.3
2026-05-23T00:08:20Z,89.8,41.7,412.2,88.4
2026-05-23T00:10:23Z,89.8,41.7,411.3,88.4
2026-05-23T00:12:26Z,89.8,41.7,411.0,88.4
2026-05-23T00:14:29Z,89.8,41.7,410.6,88.4
2026-05-23T00:16:33Z,89.8,41.7,408.1,88.5
2026-05-23T00:18:36Z,89.7,41.7,407.9,88.5
2026-05-23T00:20:40Z,89.7,41.7,406.9,88.5
2026-05-23T00:22:43Z,89.7,41.7,405.5,88.6
2026-05-23T00:25:10Z,89.7,41.7,406.0,88.5
2026-05-23T00:27:13Z,89.7,41.7,402.6,88.6
2026-05-23T00:29:16Z,89.6,41.8,401.0,88.7
2026-05-23T00:31:19Z,89.7,41.7,398.8,88.7
2026-05-23T00:33:22Z,89.7,41.7,397.1,88.8
2026-05-23T00:35:26Z,89.7,41.7,395.5,88.8
2026-05-23T00:37:30Z,89.7,41.7,395.1,88.8
2026-05-23T00:39:33Z,89.7,41.7,395.2,88.8
2026-05-23T00:41:36Z,89.7,41.7,394.8,88.9
2026-05-23T00:43:39Z,89.7,41.7,394.0,88.9
2026-05-23T00:43:56Z,89.7,41.7,393.9,88.9
2026-05-23T00:45:59Z,89.7,41.7,392.5,88.9
2026-05-23T00:48:03Z,89.7,41.7,392.4,88.9
2026-05-23T00:50:07Z,89.7,41.7,392.0,88.9
2026-05-23T00:52:10Z,89.7,41.7,391.0,89.0
2026-05-23T00:54:13Z,89.7,41.7,401.4,88.7
2026-05-23T00:56:17Z,89.7,41.7,399.4,88.7
2026-05-23T00:58:20Z,89.7,41.7,399.2,88.7
2026-05-23T01:00:24Z,89.7,41.7,399.0,88.7
2026-05-23T01:02:27Z,89.7,41.7,398.6,88.7
2026-05-23T01:04:30Z,89.7,41.7,397.6,88.8
2026-05-23T01:06:34Z,89.7,41.7,397.8,88.8
2026-05-23T01:08:38Z,89.7,41.8,397.0,88.8
2026-05-23T01:10:41Z,89.6,41.8,397.1,88.8
2026-05-23T01:12:46Z,89.7,41.7,402.1,88.6
2026-05-23T01:14:49Z,89.7,41.7,402.1,88.6
2026-05-23T01:16:52Z,89.7,41.7,402.3,88.6
2026-05-23T01:18:56Z,89.7,41.7,401.9,88.7
2026-05-23T01:20:59Z,89.7,41.7,401.4,88.7
2026-05-23T01:23:03Z,89.7,41.7,400.2,88.7
2026-05-23T01:25:06Z,89.7,41.7,399.8,88.7
2026-05-23T01:27:10Z,89.7,41.7,399.7,88.7
2026-05-23T01:29:13Z,89.7,41.7,399.6,88.7
2026-05-23T01:31:41Z,89.6,41.8,403.4,88.6
2026-05-23T01:33:45Z,89.7,41.7,402.7,88.6
2026-05-23T01:35:48Z,89.7,41.7,399.7,88.7
2026-05-23T01:37:52Z,89.7,41.7,398.8,88.7
2026-05-23T01:39:56Z,89.7,41.7,397.4,88.8
2026-05-23T01:41:59Z,89.7,41.7,395.7,88.8
2026-05-23T01:44:03Z,89.7,41.7,394.2,88.9
2026-05-23T01:46:06Z,89.7,41.7,392.7,88.9
2026-05-23T01:48:11Z,89.7,41.7,391.5,88.9
2026-05-23T01:50:21Z,89.7,41.7,391.7,88.9
2026-05-23T01:52:24Z,89.7,41.7,390.4,89.0
2026-05-23T01:54:28Z,89.6,41.8,389.1,89.0
2026-05-23T01:56:31Z,89.7,41.7,388.2,89.0
2026-05-23T01:58:35Z,89.7,41.7,386.4,89.1
2026-05-23T02:00:38Z,89.7,41.8,386.2,89.1
2026-05-23T02:02:43Z,89.7,41.7,385.9,89.1
2026-05-23T02:04:46Z,89.7,41.8,386.0,89.1
2026-05-23T02:06:50Z,89.7,41.8,391.9,88.9
2026-05-23T02:08:53Z,89.6,41.8,392.2,88.9
2026-05-23T02:10:57Z,89.6,41.8,389.9,89.0
2026-05-23T02:13:01Z,89.7,41.8,390.0,89.0
2026-05-23T02:15:04Z,89.6,41.8,388.9,89.0
2026-05-23T02:17:08Z,89.6,41.8,388.4,89.0
2026-05-23T02:19:13Z,89.6,41.8,387.5,89.1
2026-05-23T02:21:16Z,89.6,41.8,387.0,89.1
2026-05-23T02:23:19Z,89.6,41.8,386.9,89.1
2026-05-23T02:25:26Z,89.6,41.8,386.5,89.1
2026-05-23T02:27:33Z,89.6,41.8,386.5,89.1
2026-05-23T02:29:36Z,89.6,41.8,385.9,89.1
2026-05-23T02:31:40Z,89.6,41.8,385.9,89.1
2026-05-23T02:33:43Z,89.6,41.8,385.0,89.1
2026-05-23T02:35:47Z,89.6,41.8,384.7,89.1
2026-05-23T02:37:50Z,89.6,41.8,384.3,89.2
2026-05-23T02:39:54Z,89.6,41.8,384.6,89.1
2026-05-23T02:41:57Z,89.6,41.8,383.6,89.2
2026-05-23T02:44:01Z,89.6,41.8,383.0,89.2
2026-05-23T02:46:04Z,89.6,41.8,382.7,89.2
2026-05-23T02:48:08Z,89.6,41.8,382.2,89.2
2026-05-23T02:50:12Z,89.6,41.8,381.4,89.2
2026-05-23T02:52:16Z,89.5,41.8,381.4,89.2
2026-05-23T02:54:19Z,89.6,41.8,380.9,89.2
2026-05-23T02:56:23Z,89.6,41.8,380.5,89.3
2026-05-23T02:58:28Z,89.6,41.8,379.7,89.3
2026-05-23T03:00:31Z,89.6,41.8,379.0,89.3
2026-05-23T03:02:34Z,89.6,41.8,378.7,89.3
2026-05-23T03:04:39Z,89.6,41.8,378.6,89.3
2026-05-23T03:06:44Z,89.6,41.8,378.0,89.3
2026-05-23T03:08:49Z,89.6,41.8,378.0,89.3
2026-05-23T03:10:52Z,89.6,41.8,377.5,89.3
2026-05-23T03:12:55Z,89.6,41.8,376.9,89.4
2026-05-23T03:14:59Z,89.6,41.8,376.5,89.4
2026-05-23T03:17:02Z,89.6,41.8,375.9,89.4
2026-05-23T03:19:05Z,89.6,41.8,375.7,89.4
2026-05-23T03:21:09Z,89.6,41.8,377.2,89.4
2026-05-23T03:23:12Z,89.6,41.8,376.7,89.4
2026-05-23T03:25:15Z,89.6,41.8,377.8,89.3
2026-05-23T03:27:19Z,89.6,41.8,385.2,89.1
2026-05-23T03:29:22Z,89.6,41.8,380.3,89.3
2026-05-23T03:31:26Z,89.6,41.8,378.3,89.3
2026-05-23T03:33:30Z,89.6,41.8,377.0,89.4
2026-05-23T03:35:37Z,89.6,41.8,376.1,89.4
2026-05-23T03:37:41Z,89.6,41.8,375.4,89.4
2026-05-23T03:39:45Z,89.6,41.8,374.8,89.4
2026-05-23T03:41:53Z,89.6,41.8,374.8,89.4
2026-05-23T03:44:00Z,89.6,41.8,374.6,89.4
2026-05-23T03:46:04Z,89.5,41.8,373.8,89.4
2026-05-23T03:48:07Z,89.5,41.8,373.5,89.5
2026-05-23T03:50:10Z,89.6,41.8,372.9,89.5
2026-05-23T03:52:14Z,89.6,41.8,373.0,89.5
2026-05-23T03:54:19Z,89.6,41.8,372.2,89.5
2026-05-23T03:56:23Z,89.6,41.8,371.7,89.5
2026-05-23T03:58:28Z,89.6,41.8,371.6,89.5
2026-05-23T04:00:32Z,89.6,41.8,371.4,89.5
2026-05-23T04:02:37Z,89.6,41.8,371.2,89.5
2026-05-23T04:04:42Z,89.6,41.8,370.5,89.5
2026-05-23T04:06:46Z,89.6,41.8,370.2,89.5
2026-05-23T04:08:50Z,89.5,41.8,369.5,89.6
2026-05-23T04:10:53Z,89.6,41.8,369.0,89.6
2026-05-23T04:12:56Z,89.6,41.8,368.6,89.6
2026-05-23T04:15:00Z,89.6,41.8,368.3,89.6
2026-05-23T04:17:04Z,89.6,41.8,367.3,89.6
2026-05-23T04:19:07Z,89.6,41.8,366.5,89.7
2026-05-23T04:21:11Z,89.5,41.8,365.6,89.7
2026-05-23T04:23:14Z,89.5,41.9,364.6,89.7
2026-05-23T04:25:18Z,89.5,41.8,364.1,89.7
2026-05-23T04:27:21Z,89.5,41.8,364.1,89.7
2026-05-23T04:29:54Z,89.5,41.8,366.5,89.7
2026-05-23T04:31:57Z,89.5,41.8,370.4,89.5
2026-05-23T04:34:01Z,89.5,41.9,367.6,89.6
2026-05-23T04:36:04Z,89.5,41.9,366.7,89.6
2026-05-23T04:38:07Z,89.5,41.8,366.4,89.7
2026-05-23T04:40:10Z,89.5,41.8,364.4,89.7
2026-05-23T04:42:14Z,89.5,41.8,362.1,89.8
2026-05-23T04:44:17Z,89.5,41.8,359.6,89.8
2026-05-23T04:46:20Z,89.5,41.8,357.5,89.9
2026-05-23T04:48:25Z,89.5,41.9,355.8,90.0
2026-05-23T04:50:31Z,89.5,41.8,355.1,90.0
2026-05-23T04:52:38Z,89.5,41.9,353.4,90.0
2026-05-23T04:54:45Z,89.5,41.9,352.1,90.1
2026-05-23T04:56:52Z,89.5,41.9,352.1,90.1
2026-05-23T04:58:55Z,89.5,41.9,351.5,90.1
2026-05-23T05:00:59Z,89.5,41.9,349.4,90.1
2026-05-23T05:03:05Z,89.5,41.9,348.9,90.2
2026-05-23T05:05:09Z,89.5,41.9,348.2,90.2
2026-05-23T05:07:13Z,89.5,41.9,347.8,90.2
2026-05-23T05:09:20Z,89.5,41.9,347.1,90.2
2026-05-23T05:11:26Z,89.5,41.9,347.1,90.2
2026-05-23T05:13:33Z,89.5,41.9,346.1,90.2
2026-05-23T05:15:40Z,89.5,41.9,345.4,90.2
2026-05-23T05:17:46Z,89.5,41.9,344.8,90.3
2026-05-23T05:19:50Z,89.5,41.9,344.6,90.3
2026-05-23T05:21:53Z,89.4,41.9,342.8,90.3
2026-05-23T05:23:57Z,89.4,41.9,341.0,90.4
2026-05-23T05:26:05Z,89.5,41.9,341.2,90.4
2026-05-23T05:28:13Z,89.5,41.9,340.6,90.4
2026-05-23T05:30:21Z,89.5,41.9,340.0,90.4
2026-05-23T05:32:25Z,89.4,41.9,338.9,90.4
2026-05-23T05:34:29Z,89.4,41.9,338.3,90.5
2026-05-23T05:36:33Z,89.4,41.9,338.4,90.4
2026-05-23T05:38:36Z,89.4,41.9,337.7,90.5
2026-05-23T05:40:39Z,89.4,41.9,337.6,90.5
2026-05-23T05:42:43Z,89.4,41.9,336.5,90.5
2026-05-23T05:44:46Z,89.3,42.0,337.6,90.5
2026-05-23T05:46:50Z,89.4,41.9,337.1,90.5
2026-05-23T05:48:54Z,89.4,41.9,341.5,90.4
2026-05-23T05:50:57Z,89.4,41.9,338.5,90.4
2026-05-23T05:53:00Z,89.4,41.9,334.7,90.6
2026-05-23T05:55:05Z,89.4,41.9,332.6,90.6
2026-05-23T05:57:12Z,89.4,41.9,331.1,90.7
2026-05-23T05:59:15Z,89.4,41.9,328.8,90.7
2026-05-23T06:01:19Z,89.3,42.0,328.4,90.7
2026-05-23T06:03:26Z,89.4,41.9,328.3,90.7
2026-05-23T06:05:29Z,89.4,41.9,327.2,90.8
2026-05-23T06:07:33Z,89.3,42.0,324.6,90.8
2026-05-23T06:09:38Z,89.3,42.0,324.5,90.8
2026-05-23T06:11:46Z,89.4,41.9,324.2,90.8
2026-05-23T06:13:49Z,89.4,41.9,324.1,90.9
2026-05-23T06:15:53Z,89.4,41.9,323.3,90.9
2026-05-23T06:17:56Z,89.4,41.9,324.4,90.8
2026-05-23T06:19:59Z,89.3,42.0,322.8,90.9
2026-05-23T06:22:03Z,89.4,41.9,322.7,90.9
2026-05-23T06:24:06Z,89.4,41.9,322.3,90.9
2026-05-23T06:26:37Z,89.4,41.9,323.9,90.9
2026-05-23T06:28:41Z,89.4,41.9,321.3,90.9
2026-05-23T06:30:44Z,89.4,41.9,318.6,91.0
2026-05-23T06:32:47Z,89.4,41.9,320.8,90.9
2026-05-23T06:34:51Z,89.4,41.9,327.6,90.8
2026-05-23T06:36:55Z,89.4,41.9,324.4,90.8
2026-05-23T06:38:58Z,89.4,41.9,321.1,90.9
2026-05-23T06:41:01Z,89.3,42.0,316.6,91.1
2026-05-23T06:43:05Z,89.3,42.0,315.2,91.1
2026-05-23T06:45:12Z,89.3,42.0,314.0,91.1
2026-05-23T06:47:19Z,89.3,42.0,314.3,91.1
2026-05-23T06:49:25Z,89.3,42.0,312.3,91.2
2026-05-23T06:51:33Z,89.3,42.0,312.0,91.2
2026-05-23T06:53:36Z,89.3,42.0,311.6,91.2
2026-05-23T06:55:40Z,89.3,42.0,310.2,91.2
2026-05-23T06:57:48Z,89.2,42.0,309.4,91.3
2026-05-23T06:59:51Z,89.3,42.0,307.1,91.3
2026-05-23T07:01:55Z,89.3,42.0,305.9,91.4
2026-05-23T07:04:02Z,89.3,42.0,303.8,91.4
2026-05-23T07:06:06Z,89.3,42.0,302.3,91.5
2026-05-23T07:08:11Z,89.3,42.0,301.9,91.5
2026-05-23T07:10:18Z,89.3,42.0,301.5,91.5
2026-05-23T07:12:23Z,89.3,42.0,300.9,91.5
2026-05-23T07:14:27Z,89.3,42.0,299.8,91.5
2026-05-23T07:16:32Z,89.3,42.0,299.6,91.5
2026-05-23T07:18:37Z,89.3,42.0,299.7,91.5
2026-05-23T07:20:42Z,89.3,42.0,299.1,91.6
2026-05-23T07:22:46Z,89.3,42.0,297.8,91.6
2026-05-23T07:24:50Z,89.3,42.0,297.0,91.6
2026-05-23T07:26:53Z,89.3,42.0,296.9,91.6
2026-05-23T07:28:56Z,89.3,42.0,296.2,91.6
2026-05-23T07:31:00Z,89.3,42.0,295.2,91.7
2026-05-23T07:33:03Z,89.3,42.0,294.8,91.7
2026-05-23T07:35:06Z,89.3,42.0,294.7,91.7
2026-05-23T07:37:10Z,89.3,42.0,294.4,91.7
2026-05-23T07:39:14Z,89.3,42.0,294.1,91.7
2026-05-23T07:41:17Z,89.3,42.0,293.5,91.7
2026-05-23T07:43:21Z,89.3,42.0,293.0,91.7
2026-05-23T07:45:25Z,89.3,42.0,293.0,91.7
2026-05-23T07:47:28Z,89.3,42.0,293.4,91.7
2026-05-23T07:49:32Z,89.3,42.0,292.7,91.7
2026-05-23T07:51:35Z,89.3,42.0,292.3,91.7
2026-05-23T07:53:39Z,89.3,42.0,291.8,91.8
2026-05-23T07:55:42Z,89.3,42.0,291.7,91.8
2026-05-23T07:57:46Z,89.3,42.0,291.6,91.8
2026-05-23T07:59:49Z,89.3,42.0,291.2,91.8
2026-05-23T08:01:54Z,89.3,42.0,290.6,91.8
2026-05-23T08:03:57Z,89.3,42.0,291.1,91.8
2026-05-23T08:06:00Z,89.3,42.0,292.0,91.8
2026-05-23T08:08:03Z,89.3,42.0,298.4,91.6
2026-05-23T08:10:07Z,89.3,42.0,297.1,91.6
2026-05-23T08:12:10Z,89.3,42.0,296.0,91.6
2026-05-23T08:14:15Z,89.2,42.0,294.8,91.7
2026-05-23T08:16:18Z,89.3,42.0,294.1,91.7
2026-05-23T08:18:22Z,89.3,42.0,294.1,91.7
2026-05-23T08:20:25Z,89.2,42.0,293.3,91.7
2026-05-23T08:22:29Z,89.2,42.0,292.9,91.7
2026-05-23T08:24:33Z,89.3,42.0,292.5,91.7
2026-05-23T08:26:36Z,89.3,42.0,292.4,91.7
2026-05-23T08:28:40Z,89.3,42.0,291.9,91.8
2026-05-23T08:30:44Z,89.3,42.0,291.6,91.8
2026-05-23T08:32:47Z,89.3,42.0,290.5,91.8
2026-05-23T08:34:51Z,89.3,42.0,290.6,91.8
2026-05-23T08:36:58Z,89.3,42.0,290.0,91.8
2026-05-23T08:39:03Z,89.3,42.0,289.8,91.8
2026-05-23T08:41:07Z,89.2,42.0,289.0,91.8
2026-05-23T08:43:10Z,89.2,42.0,288.8,91.8
2026-05-23T08:45:14Z,89.2,42.0,287.8,91.9
2026-05-23T08:47:17Z,89.3,42.0,288.4,91.9
2026-05-23T08:49:21Z,89.2,42.0,287.2,91.9
2026-05-23T08:51:25Z,89.2,42.0,285.6,91.9
2026-05-23T08:53:32Z,89.2,42.0,285.7,91.9
2026-05-23T08:55:35Z,89.3,42.0,285.7,91.9
2026-05-23T08:57:38Z,89.3,42.0,283.2,92.0
2026-05-23T08:59:42Z,89.3,42.0,281.4,92.1
2026-05-23T09:01:46Z,89.3,42.0,280.0,92.1
2026-05-23T09:03:49Z,89.3,42.0,279.0,92.1
2026-05-23T09:05:53Z,89.2,42.0,278.2,92.1
2026-05-23T09:07:57Z,89.2,42.1,275.9,92.2
2026-05-23T09:10:00Z,89.1,42.1,275.7,92.2
2026-05-23T09:12:08Z,89.2,42.0,275.7,92.2
2026-05-23T09:14:12Z,89.2,42.0,275.4,92.2
2026-05-23T09:16:15Z,89.1,42.1,274.4,92.3
2026-05-23T09:18:19Z,89.1,42.1,274.0,92.3
2026-05-23T09:20:22Z,89.2,42.1,273.7,92.3
2026-05-23T09:22:26Z,89.2,42.0,273.4,92.3
2026-05-23T09:24:29Z,89.2,42.0,273.0,92.3
2026-05-23T09:26:33Z,89.2,42.0,272.4,92.3
2026-05-23T09:28:36Z,89.1,42.1,271.6,92.3
2026-05-23T09:30:40Z,89.2,42.1,271.6,92.3
2026-05-23T09:32:43Z,89.2,42.0,271.5,92.3
2026-05-23T09:34:46Z,89.2,42.0,270.8,92.4
2026-05-23T09:36:50Z,89.2,42.0,270.5,92.4
2026-05-23T09:38:53Z,89.2,42.0,269.9,92.4
2026-05-23T09:40:57Z,89.2,42.0,271.6,92.3
2026-05-23T09:43:02Z,89.2,42.0,270.2,92.4
2026-05-23T09:45:05Z,89.2,42.0,267.7,92.4
2026-05-23T09:47:11Z,89.2,42.0,266.5,92.5
2026-05-23T09:49:21Z,89.1,42.1,266.1,92.5
2026-05-23T09:51:25Z,89.2,42.0,265.2,92.5
2026-05-23T09:53:28Z,89.2,42.0,263.3,92.6
2026-05-23T09:55:32Z,89.2,42.1,262.1,92.6
2026-05-23T09:57:36Z,89.2,42.1,261.0,92.6
2026-05-23T09:59:43Z,89.2,42.1,260.6,92.6
2026-05-23T10:01:46Z,89.2,42.1,260.3,92.7
2026-05-23T10:03:50Z,89.2,42.1,258.7,92.7
2026-05-23T10:05:57Z,89.2,42.1,258.7,92.7
2026-05-23T10:08:00Z,89.2,42.1,258.1,92.7
2026-05-23T10:10:04Z,89.2,42.1,257.0,92.7
2026-05-23T10:12:09Z,89.2,42.1,256.2,92.8
2026-05-23T10:14:16Z,89.2,42.1,255.8,92.8
2026-05-23T10:16:19Z,89.2,42.1,255.4,92.8
2026-05-23T10:18:24Z,89.2,42.1,255.0,92.8
2026-05-23T10:20:32Z,89.2,42.1,255.5,92.8
2026-05-23T10:22:35Z,89.2,42.1,255.3,92.8
2026-05-23T10:24:39Z,89.2,42.1,254.8,92.8
2026-05-23T10:26:43Z,89.2,42.1,254.2,92.8
2026-05-23T10:28:47Z,89.2,42.1,253.8,92.8
2026-05-23T10:30:50Z,89.2,42.1,253.6,92.8
2026-05-23T10:32:54Z,89.2,42.1,253.3,92.9
2026-05-23T10:34:57Z,89.2,42.1,251.7,92.9
2026-05-23T10:37:01Z,89.2,42.1,251.7,92.9
2026-05-23T10:39:04Z,89.2,42.1,252.9,92.9
2026-05-23T10:41:07Z,89.2,42.1,255.9,92.8
2026-05-23T10:43:11Z,89.2,42.1,254.6,92.8
2026-05-23T10:45:14Z,89.2,42.1,253.1,92.9
2026-05-23T10:47:17Z,89.1,42.1,251.5,92.9
2026-05-23T10:49:21Z,89.1,42.1,250.3,92.9
2026-05-23T10:51:24Z,89.1,42.1,249.2,93.0
2026-05-23T10:53:28Z,89.1,42.1,248.3,93.0
2026-05-23T10:55:32Z,89.1,42.1,247.1,93.0
2026-05-23T10:57:35Z,89.1,42.1,246.2,93.0
2026-05-23T10:59:40Z,89.1,42.1,244.6,93.1
2026-05-23T11:01:47Z,89.1,42.1,244.5,93.1
2026-05-23T11:03:50Z,89.1,42.1,244.4,93.1
2026-05-23T11:05:54Z,89.1,42.1,243.5,93.1
2026-05-23T11:07:58Z,89.1,42.1,243.5,93.1
2026-05-23T11:10:03Z,89.1,42.1,242.6,93.2
2026-05-23T11:12:13Z,89.1,42.1,242.3,93.2
2026-05-23T11:14:16Z,89.1,42.1,241.6,93.2
2026-05-23T11:16:20Z,89.1,42.1,241.4,93.2
2026-05-23T11:18:23Z,89.1,42.1,240.9,93.2
2026-05-23T11:20:27Z,89.1,42.1,240.4,93.2
2026-05-23T11:22:31Z,89.1,42.1,239.9,93.2
2026-05-23T11:24:35Z,89.1,42.1,239.7,93.2
2026-05-23T11:26:39Z,89.1,42.1,239.3,93.2
2026-05-23T11:28:42Z,89.1,42.1,239.2,93.2
2026-05-23T11:30:46Z,89.1,42.1,244.2,93.1
2026-05-23T11:32:49Z,89.1,42.1,242.0,93.2
2026-05-23T11:34:54Z,89.1,42.1,240.2,93.2
2026-05-23T11:36:57Z,89.1,42.1,237.8,93.3
2026-05-23T11:39:01Z,89.1,42.1,237.5,93.3
2026-05-23T11:41:08Z,89.1,42.1,236.9,93.3
2026-05-23T11:43:11Z,89.1,42.1,236.8,93.3
2026-05-23T11:45:15Z,89.1,42.1,236.5,93.3
2026-05-23T11:47:18Z,89.1,42.1,235.5,93.4
2026-05-23T11:49:22Z,89.1,42.1,233.6,93.4
2026-05-23T11:51:25Z,89.1,42.1,233.4,93.4
2026-05-23T11:53:32Z,89.1,42.1,233.0,93.4
2026-05-23T11:55:39Z,89.1,42.1,232.6,93.4
2026-05-23T11:57:43Z,89.1,42.1,232.0,93.4
2026-05-23T11:59:47Z,89.1,42.1,232.0,93.5
2026-05-23T12:01:54Z,89.1,42.1,231.6,93.5
2026-05-23T12:03:57Z,89.1,42.1,231.2,93.5
2026-05-23T12:06:01Z,89.0,42.2,230.2,93.5
2026-05-23T12:08:08Z,89.1,42.1,229.2,93.5
2026-05-23T12:10:11Z,89.1,42.1,228.1,93.6
2026-05-23T12:12:15Z,89.1,42.1,227.3,93.6
2026-05-23T12:14:22Z,89.1,42.1,227.6,93.6
2026-05-23T12:16:33Z,89.1,42.1,227.0,93.6
2026-05-23T12:18:36Z,89.0,42.1,226.6,93.6
2026-05-23T12:20:39Z,89.0,42.1,226.7,93.6
2026-05-23T12:22:43Z,89.0,42.1,226.2,93.6
2026-05-23T12:24:47Z,89.0,42.1,225.8,93.6
2026-05-23T12:26:51Z,89.0,42.1,225.2,93.6
2026-05-23T12:28:55Z,89.0,42.1,224.8,93.7
2026-05-23T12:30:59Z,89.0,42.1,224.6,93.7
2026-05-23T12:33:02Z,89.0,42.2,223.5,93.7
2026-05-23T12:35:06Z,89.0,42.2,222.9,93.7
2026-05-23T12:37:09Z,89.0,42.2,222.6,93.7
2026-05-23T12:39:13Z,89.0,42.2,223.5,93.7
2026-05-23T12:41:16Z,89.0,42.2,224.5,93.7
2026-05-23T12:43:19Z,89.0,42.2,229.7,93.5
2026-05-23T12:45:22Z,89.0,42.2,228.4,93.6
2026-05-23T12:47:26Z,89.0,42.2,226.0,93.6
2026-05-23T12:49:29Z,89.0,42.2,223.9,93.7
2026-05-23T12:51:34Z,89.0,42.2,221.7,93.7
2026-05-23T12:53:41Z,88.9,42.2,221.1,93.8
2026-05-23T12:55:44Z,89.0,42.2,219.6,93.8
2026-05-23T12:57:48Z,89.0,42.2,219.5,93.8
2026-05-23T12:59:55Z,89.0,42.2,218.9,93.8
2026-05-23T13:01:58Z,89.0,42.2,218.9,93.8
2026-05-23T13:04:01Z,89.0,42.2,217.8,93.9
2026-05-23T13:06:05Z,89.0,42.2,215.7,93.9
2026-05-23T13:08:09Z,89.0,42.2,215.0,93.9
2026-05-23T13:10:16Z,89.0,42.2,215.0,93.9
2026-05-23T13:12:19Z,89.0,42.2,213.7,94.0
2026-05-23T13:14:24Z,88.9,42.2,213.7,94.0
2026-05-23T13:16:33Z,88.9,42.2,213.7,94.0
2026-05-23T13:18:36Z,89.0,42.2,212.9,94.0
2026-05-23T13:20:40Z,89.0,42.2,212.6,94.0
2026-05-23T13:22:44Z,89.0,42.2,212.5,94.0
2026-05-23T13:24:48Z,89.0,42.2,212.5,94.0
2026-05-23T13:26:51Z,89.0,42.2,211.7,94.0
2026-05-23T13:28:55Z,89.0,42.2,211.0,94.0
2026-05-23T13:30:59Z,89.0,42.2,210.7,94.1
2026-05-23T13:33:02Z,89.0,42.2,208.8,94.1
2026-05-23T13:35:07Z,88.9,42.2,208.4,94.1
2026-05-23T13:37:10Z,88.9,42.2,207.9,94.1
2026-05-23T13:39:14Z,89.0,42.2,207.5,94.1
2026-05-23T13:41:17Z,89.0,42.2,206.2,94.2
2026-05-23T13:43:20Z,89.0,42.2,203.5,94.3
2026-05-23T13:45:24Z,89.0,42.2,202.3,94.3
2026-05-23T13:47:29Z,89.0,42.2,201.6,94.3
2026-05-23T13:49:36Z,88.9,42.2,201.7,94.3
2026-05-23T13:51:39Z,89.0,42.2,200.9,94.3
2026-05-23T13:53:43Z,89.0,42.2,200.4,94.3
2026-05-23T13:55:47Z,89.0,42.2,199.9,94.4
2026-05-23T13:57:50Z,89.0,42.2,199.9,94.4
2026-05-23T13:59:54Z,89.0,42.2,199.2,94.4
2026-05-23T14:01:58Z,88.9,42.2,199.1,94.4
2026-05-23T14:04:05Z,88.9,42.2,198.3,94.4
2026-05-23T14:06:08Z,88.9,42.2,195.1,94.5
2026-05-23T14:08:12Z,88.9,42.2,193.8,94.5
2026-05-23T14:10:19Z,88.9,42.2,193.5,94.5
2026-05-23T14:12:22Z,88.9,42.2,193.5,94.5
2026-05-23T14:14:26Z,88.9,42.2,192.7,94.6
2026-05-23T14:16:33Z,88.9,42.2,189.6,94.6
2026-05-23T14:18:40Z,88.9,42.2,188.2,94.7
2026-05-23T14:20:47Z,88.9,42.2,187.3,94.7
2026-05-23T14:22:50Z,88.9,42.3,187.2,94.7
2026-05-23T14:24:54Z,88.9,42.2,186.8,94.7
2026-05-23T14:26:57Z,88.9,42.2,187.3,94.7
2026-05-23T14:29:01Z,88.9,42.2,187.6,94.7
2026-05-23T14:31:04Z,88.9,42.2,193.5,94.5
2026-05-23T14:33:07Z,88.9,42.2,189.7,94.6
2026-05-23T14:35:12Z,88.9,42.2,188.6,94.7
2026-05-23T14:37:19Z,88.9,42.3,188.4,94.7
2026-05-23T14:39:23Z,88.9,42.3,187.8,94.7
2026-05-23T14:41:27Z,88.9,42.2,187.1,94.7
2026-05-23T14:43:30Z,88.9,42.2,183.9,94.8
2026-05-23T14:45:35Z,88.9,42.2,183.4,94.8
2026-05-23T14:47:42Z,88.8,42.3,182.9,94.8
2026-05-23T14:49:45Z,88.9,42.2,181.9,94.9
2026-05-23T14:51:48Z,88.9,42.2,181.0,94.9
2026-05-23T14:53:52Z,88.9,42.2,181.5,94.9
2026-05-23T14:55:56Z,88.9,42.2,178.0,95.0
2026-05-23T14:58:05Z,88.9,42.2,176.9,95.0
2026-05-23T15:00:11Z,88.8,42.3,176.4,95.0
2026-05-23T15:02:15Z,88.8,42.3,175.9,95.0
2026-05-23T15:04:19Z,88.9,42.3,175.9,95.0
2026-05-23T15:06:22Z,88.9,42.3,176.0,95.0
2026-05-23T15:08:26Z,88.9,42.3,175.1,95.1
2026-05-23T15:10:29Z,88.9,42.3,174.7,95.1
2026-05-23T15:12:32Z,88.9,42.3,174.5,95.1
2026-05-23T15:14:36Z,88.9,42.3,174.1,95.1
2026-05-23T15:16:39Z,88.9,42.3,169.8,95.2
2026-05-23T15:18:48Z,88.9,42.3,166.6,95.3
2026-05-23T15:21:01Z,88.8,42.3,165.5,95.3
2026-05-23T15:23:12Z,88.8,42.3,164.8,95.3
2026-05-23T15:25:15Z,88.8,42.3,163.6,95.4
2026-05-23T15:27:19Z,88.8,42.3,162.8,95.4
2026-05-23T15:29:22Z,88.8,42.3,159.9,95.5
2026-05-23T15:31:26Z,88.8,42.3,158.9,95.5
2026-05-23T15:33:29Z,88.8,42.3,159.0,95.5
2026-05-23T15:35:32Z,88.8,42.3,158.6,95.5
2026-05-23T15:37:36Z,88.8,42.3,157.6,95.6
2026-05-23T15:39:39Z,88.8,42.3,154.5,95.6
2026-05-23T15:41:42Z,88.7,42.3,152.2,95.7
2026-05-23T15:43:45Z,88.7,42.3,152.0,95.7
2026-05-23T15:45:49Z,88.8,42.3,151.4,95.7
2026-05-23T15:47:52Z,88.8,42.3,151.0,95.7
2026-05-23T15:49:55Z,88.8,42.3,150.7,95.7
2026-05-23T15:51:58Z,88.8,42.3,151.0,95.7
2026-05-23T15:54:02Z,88.8,42.3,149.7,95.8
2026-05-23T15:56:05Z,88.8,42.3,147.6,95.8
2026-05-23T15:58:08Z,88.8,42.3,143.2,96.0
2026-05-23T16:00:12Z,88.8,42.3,141.1,96.0
2026-05-23T16:02:15Z,88.8,42.3,140.8,96.0
2026-05-23T16:04:18Z,88.8,42.3,140.5,96.0
2026-05-23T16:06:22Z,88.8,42.3,140.0,96.0
2026-05-23T16:08:25Z,88.8,42.3,139.4,96.1
2026-05-23T16:10:28Z,88.8,42.3,138.9,96.1
2026-05-23T16:12:32Z,88.8,42.3,138.3,96.1
2026-05-23T16:14:35Z,88.8,42.3,137.9,96.1
2026-05-23T16:16:38Z,88.8,42.3,136.4,96.1
2026-05-23T16:18:42Z,88.8,42.3,134.3,96.2
2026-05-23T16:20:45Z,88.8,42.3,132.9,96.2
2026-05-23T16:22:48Z,88.7,42.4,132.5,96.3
2026-05-23T16:24:52Z,88.8,42.3,131.8,96.3
2026-05-23T16:26:55Z,88.8,42.3,132.0,96.3
2026-05-23T16:28:58Z,88.8,42.3,131.2,96.3
2026-05-23T16:31:02Z,88.8,42.3,131.0,96.3
2026-05-23T16:33:05Z,88.8,42.3,130.0,96.3
2026-05-23T16:35:08Z,88.8,42.3,129.7,96.3
2026-05-23T16:37:11Z,88.8,42.3,129.4,96.3
2026-05-23T16:39:15Z,88.8,42.3,126.7,96.4
2026-05-23T16:41:18Z,88.8,42.3,125.1,96.5
2026-05-23T16:43:21Z,88.8,42.3,124.5,96.5
2026-05-23T16:45:25Z,88.8,42.3,124.2,96.5
2026-05-23T16:47:28Z,88.8,42.3,123.9,96.5
2026-05-23T16:49:31Z,88.8,42.3,123.1,96.5
2026-05-23T16:51:34Z,88.8,42.3,122.9,96.5
2026-05-23T16:53:38Z,88.8,42.3,122.2,96.6
2026-05-23T16:55:42Z,88.8,42.3,129.5,96.3
2026-05-23T16:57:54Z,88.8,42.3,125.9,96.4
2026-05-23T16:59:58Z,88.8,42.3,123.4,96.5
2026-05-23T17:02:23Z,88.8,42.3,120.6,96.6
2026-05-23T17:04:02Z,88.8,42.3,119.5,96.6
2026-05-23T17:06:28Z,88.8,42.3,116.9,96.7
2026-05-23T17:08:31Z,88.8,42.3,115.2,96.7
2026-05-23T17:08:40Z,88.8,42.3,115.0,96.8
2026-05-23T17:10:43Z,88.8,42.3,111.8,96.8
2026-05-23T17:12:46Z,88.8,42.3,123.9,96.5
2026-05-23T17:14:49Z,88.8,42.3,130.3,96.3
2026-05-23T17:16:52Z,88.8,42.3,130.3,96.3
2026-05-23T17:18:56Z,88.8,42.3,128.2,96.4
2026-05-23T17:20:59Z,88.8,42.3,124.8,96.5
2026-05-23T17:23:03Z,88.7,42.4,124.2,96.5
2026-05-23T17:25:06Z,88.7,42.4,132.4,96.3
2026-05-23T17:27:09Z,88.8,42.3,131.2,96.3
2026-05-23T17:29:13Z,88.8,42.3,131.4,96.3
2026-05-23T17:31:16Z,88.8,42.3,131.3,96.3
2026-05-23T17:33:20Z,88.8,42.3,129.6,96.3
2026-05-23T17:35:23Z,88.8,42.3,129.3,96.4
2026-05-23T17:37:26Z,88.8,42.3,128.4,96.4
2026-05-23T17:39:29Z,88.8,42.3,124.6,96.5
2026-05-23T17:41:33Z,88.8,42.3,122.4,96.5
2026-05-23T17:43:36Z,88.7,42.3,125.8,96.4
2026-05-23T17:45:39Z,88.7,42.3,125.9,96.4
2026-05-23T17:47:43Z,88.7,42.3,125.1,96.5
2026-05-23T17:49:46Z,88.7,42.3,124.5,96.5
2026-05-23T17:51:50Z,88.7,42.3,125.4,96.5
2026-05-23T17:53:53Z,88.7,42.3,124.7,96.5
2026-05-23T17:55:57Z,88.7,42.3,123.4,96.5
2026-05-23T17:58:00Z,88.7,42.3,123.1,96.5
2026-05-23T18:00:04Z,88.7,42.3,121.4,96.6
2026-05-23T18:03:06Z,88.7,42.3,124.3,96.5
2026-05-23T18:05:09Z,88.7,42.3,122.4,96.5
2026-05-23T18:07:12Z,88.7,42.4,118.2,96.7
2026-05-23T18:09:16Z,88.7,42.4,116.1,96.7
2026-05-23T18:11:19Z,88.7,42.4,116.6,96.7
2026-05-23T18:13:22Z,88.7,42.4,115.3,96.7
2026-05-23T18:15:25Z,88.7,42.4,113.8,96.8
2026-05-23T18:17:28Z,88.7,42.4,111.9,96.8
2026-05-23T18:19:32Z,88.7,42.4,110.4,96.9
2026-05-23T18:21:35Z,88.7,42.4,109.0,96.9
2026-05-23T18:23:39Z,88.7,42.4,108.5,96.9
2026-05-23T18:25:43Z,88.7,42.4,106.9,97.0
2026-05-23T18:27:46Z,88.7,42.4,105.9,97.0
2026-05-23T18:29:49Z,88.7,42.4,104.9,97.0
2026-05-23T18:31:53Z,88.7,42.4,103.8,97.1
2026-05-23T18:33:56Z,88.7,42.4,102.6,97.1
2026-05-23T18:35:59Z,88.7,42.4,100.4,97.2
2026-05-23T18:38:03Z,88.7,42.4,100.8,97.2
2026-05-23T18:40:06Z,88.7,42.4,100.2,97.2
2026-05-23T18:42:10Z,88.7,42.4,98.0,97.2
2026-05-23T18:44:14Z,88.7,42.4,94.8,97.3
2026-05-23T18:46:17Z,88.6,42.4,93.4,97.4
2026-05-23T18:48:21Z,88.6,42.4,91.6,97.4
2026-05-23T18:50:24Z,88.7,42.4,89.2,97.5
2026-05-23T18:52:28Z,88.7,42.4,88.5,97.5
2026-05-23T18:54:31Z,88.7,42.4,86.7,97.6
2026-05-23T18:56:35Z,88.7,42.4,85.4,97.6
2026-05-23T18:58:38Z,88.7,42.4,86.4,97.6
2026-05-23T19:00:42Z,88.7,42.4,86.2,97.6
2026-05-23T19:02:45Z,88.7,42.4,85.8,97.6
2026-05-23T19:04:49Z,88.7,42.4,84.6,97.6
2026-05-23T19:06:52Z,88.7,42.4,84.3,97.6
2026-05-23T19:08:56Z,88.7,42.4,83.9,97.6
2026-05-23T19:10:59Z,88.7,42.4,92.0,97.4
2026-05-23T19:13:03Z,88.7,42.4,91.8,97.4
2026-05-23T19:15:07Z,88.7,42.4,91.3,97.4
2026-05-23T19:17:10Z,88.7,42.4,91.8,97.4
2026-05-23T19:19:14Z,88.7,42.4,90.6,97.4
2026-05-23T19:21:17Z,88.6,42.4,89.6,97.5
2026-05-23T19:23:21Z,88.7,42.4,88.8,97.5
2026-05-23T19:25:25Z,88.6,42.4,89.1,97.5
2026-05-23T19:27:28Z,88.7,42.4,89.1,97.5
2026-05-23T19:29:31Z,88.7,42.4,87.6,97.5
2026-05-23T19:31:35Z,88.7,42.4,86.9,97.5
2026-05-23T19:33:38Z,88.7,42.4,86.9,97.5
2026-05-23T19:35:42Z,88.7,42.4,85.8,97.6
2026-05-23T19:37:45Z,88.7,42.4,86.2,97.6
2026-05-23T19:39:49Z,88.7,42.4,86.5,97.6
2026-05-23T19:41:52Z,88.7,42.4,86.0,97.6
2026-05-23T19:43:56Z,88.7,42.4,84.5,97.6
2026-05-23T19:45:59Z,88.7,42.4,83.0,97.7
2026-05-23T19:48:03Z,88.7,42.4,83.0,97.7
2026-05-23T19:50:06Z,88.7,42.4,82.5,97.7
2026-05-23T19:52:10Z,88.7,42.4,81.2,97.7
2026-05-23T19:54:13Z,88.7,42.4,80.6,97.7
2026-05-23T19:56:16Z,88.7,42.4,80.3,97.7
2026-05-23T19:58:20Z,88.7,42.4,79.0,97.8
2026-05-23T20:00:26Z,88.7,42.4,79.9,97.7
2026-05-23T20:02:29Z,88.7,42.4,79.6,97.8
2026-05-23T20:04:33Z,88.7,42.4,79.2,97.8
2026-05-23T20:06:36Z,88.7,42.4,79.2,97.8
2026-05-23T20:08:39Z,88.7,42.4,78.8,97.8
2026-05-23T20:10:42Z,88.7,42.4,77.9,97.8
2026-05-23T20:12:46Z,88.7,42.4,76.8,97.8
2026-05-23T20:14:50Z,88.7,42.4,77.3,97.8
2026-05-23T20:16:54Z,88.7,42.4,76.3,97.8
2026-05-23T20:18:58Z,88.7,42.4,76.0,97.9
2026-05-23T20:21:01Z,88.7,42.4,76.1,97.9
2026-05-23T20:23:05Z,88.6,42.4,75.1,97.9
2026-05-23T20:25:08Z,88.6,42.4,72.6,98.0
2026-05-23T20:27:12Z,88.6,42.4,71.5,98.0
2026-05-23T20:29:15Z,88.6,42.4,71.6,98.0
2026-05-23T20:31:19Z,88.6,42.4,71.2,98.0
2026-05-23T20:33:22Z,88.6,42.4,70.0,98.0
2026-05-23T20:35:26Z,88.6,42.4,70.4,98.0
2026-05-23T20:37:30Z,88.6,42.4,70.8,98.0
2026-05-23T20:39:33Z,88.6,42.4,69.3,98.0
2026-05-23T20:41:37Z,88.6,42.4,69.4,98.0
2026-05-23T20:43:40Z,88.6,42.4,68.9,98.1
2026-05-23T20:45:44Z,88.6,42.4,67.8,98.1
2026-05-23T20:47:47Z,88.6,42.4,67.9,98.1
2026-05-23T20:49:51Z,88.6,42.4,68.3,98.1
2026-05-23T20:51:54Z,88.6,42.4,66.9,98.1
2026-05-23T20:53:58Z,88.6,42.4,66.6,98.1
2026-05-23T20:56:01Z,88.6,42.4,67.0,98.1
2026-05-23T20:58:05Z,88.6,42.4,65.7,98.1
2026-05-23T21:00:08Z,88.6,42.4,65.3,98.2
2026-05-23T21:02:12Z,88.6,42.4,65.1,98.2
2026-05-23T21:04:15Z,88.6,42.4,64.4,98.2
2026-05-23T21:06:19Z,88.6,42.4,64.1,98.2
2026-05-23T21:08:22Z,88.6,42.4,63.9,98.2
2026-05-23T21:10:26Z,88.6,42.4,62.9,98.2
2026-05-23T21:12:29Z,88.6,42.4,63.0,98.2
2026-05-23T21:14:33Z,88.6,42.4,63.5,98.2
2026-05-23T21:16:37Z,88.6,42.4,63.3,98.2
2026-05-23T21:18:40Z,88.6,42.4,61.8,98.3
2026-05-23T21:20:44Z,88.6,42.4,61.5,98.3
2026-05-23T21:22:47Z,88.6,42.4,61.4,98.3
2026-05-23T21:24:51Z,88.6,42.4,60.1,98.3
2026-05-23T21:26:54Z,88.6,42.4,59.7,98.3
2026-05-23T21:28:58Z,88.6,42.4,59.0,98.3
2026-05-23T21:31:01Z,88.6,42.4,58.3,98.4
2026-05-23T21:33:04Z,88.6,42.4,58.0,98.4
2026-05-23T21:35:08Z,88.6,42.4,57.2,98.4
2026-05-23T21:37:11Z,88.6,42.4,56.8,98.4
2026-05-23T21:39:15Z,88.6,42.4,55.5,98.4
2026-05-23T21:41:18Z,88.6,42.4,55.8,98.4
2026-05-23T21:43:22Z,88.6,42.4,55.2,98.4
2026-05-23T21:45:25Z,88.6,42.4,53.5,98.5
2026-05-23T21:47:29Z,88.6,42.4,53.2,98.5
2026-05-23T21:49:32Z,88.6,42.4,53.3,98.5
2026-05-23T21:51:36Z,88.6,42.4,52.5,98.5
2026-05-23T21:53:39Z,88.6,42.4,51.9,98.5
2026-05-23T21:55:43Z,88.6,42.4,51.7,98.5
2026-05-23T21:57:46Z,88.6,42.4,49.8,98.6
2026-05-23T21:59:50Z,88.6,42.5,47.7,98.7
2026-05-23T22:01:54Z,88.6,42.5,46.1,98.7
2026-05-23T22:03:57Z,88.5,42.5,45.4,98.7
2026-05-23T22:06:01Z,88.6,42.5,44.8,98.7
2026-05-23T22:08:04Z,88.6,42.5,44.5,98.7
2026-05-23T22:10:08Z,88.6,42.5,43.7,98.8
2026-05-23T22:12:11Z,88.6,42.5,41.0,98.8
2026-05-23T22:14:15Z,88.6,42.5,39.9,98.9
2026-05-23T22:16:18Z,88.5,42.5,38.4,98.9
2026-05-23T22:18:22Z,88.6,42.5,38.2,98.9
2026-05-23T22:20:26Z,88.5,42.5,37.3,98.9
2026-05-23T22:22:29Z,88.6,42.5,37.4,98.9
2026-05-23T22:24:33Z,88.5,42.5,34.6,99.0
2026-05-23T22:26:36Z,88.5,42.5,32.5,99.1
2026-05-23T22:28:40Z,88.5,42.5,31.8,99.1
2026-05-23T22:30:44Z,88.5,42.5,31.1,99.1
2026-05-23T22:32:47Z,88.5,42.5,31.1,99.1
2026-05-23T22:34:51Z,88.5,42.5,29.9,99.2
2026-05-23T22:36:55Z,88.5,42.5,29.6,99.2
2026-05-23T22:38:58Z,88.5,42.5,29.2,99.2
2026-05-23T22:41:02Z,88.5,42.5,28.3,99.2
2026-05-23T22:43:05Z,88.5,42.5,28.1,99.2
2026-05-23T22:45:09Z,88.5,42.5,27.4,99.2
2026-05-23T22:47:12Z,88.5,42.5,27.4,99.2
2026-05-23T22:49:16Z,88.5,42.5,26.6,99.2
2026-05-23T22:51:19Z,88.5,42.5,25.7,99.3
2026-05-23T22:53:23Z,88.5,42.5,25.1,99.3
2026-05-23T22:55:26Z,88.5,42.5,24.6,99.3
2026-05-23T22:57:30Z,88.5,42.5,24.3,99.3
2026-05-23T22:59:33Z,88.5,42.5,24.2,99.3
2026-05-23T23:01:37Z,88.5,42.5,22.6,99.4
2026-05-23T23:03:41Z,88.5,42.5,22.0,99.4
2026-05-23T23:05:44Z,88.5,42.5,21.9,99.4
2026-05-23T23:07:48Z,88.5,42.5,20.1,99.4
2026-05-23T23:09:52Z,88.5,42.5,18.6,99.5
2026-05-23T23:11:55Z,88.5,42.5,16.5,99.5
2026-05-23T23:13:59Z,88.5,42.5,16.3,99.5
2026-05-23T23:16:02Z,88.5,42.5,16.3,99.5
2026-05-23T23:18:06Z,88.5,42.5,15.9,99.5
2026-05-23T23:20:09Z,88.5,42.5,15.0,99.6
2026-05-23T23:22:13Z,88.5,42.5,14.7,99.6
2026-05-23T23:24:17Z,88.5,42.5,13.9,99.6
2026-05-23T23:26:22Z,88.5,42.5,13.7,99.6
2026-05-23T23:28:25Z,88.5,42.5,12.3,99.7
2026-05-23T23:30:29Z,88.5,42.5,10.2,99.7
2026-05-23T23:32:33Z,88.5,42.5,8.3,99.8
2026-05-23T23:34:36Z,88.5,42.5,8.1,99.8
2026-05-23T23:36:40Z,88.5,42.5,7.0,99.8
2026-05-23T23:38:43Z,88.5,42.5,6.5,99.8
2026-05-23T23:40:47Z,88.5,42.5,5.7,99.8
2026-05-23T23:42:51Z,88.5,42.5,5.7,99.8
2026-05-23T23:44:54Z,88.5,42.5,5.0,99.9
2026-05-23T23:46:58Z,88.5,42.5,5.0,99.9
2026-05-23T23:49:01Z,88.5,42.5,4.5,99.9
2026-05-23T23:51:05Z,88.5,42.5,3.8,99.9
2026-05-23T23:53:08Z,88.5,42.5,3.0,99.9
2026-05-23T23:55:12Z,88.5,42.5,3.6,99.9
2026-05-23T23:57:15Z,88.5,42.5,3.1,99.9
2026-05-23T23:59:18Z,88.5,42.5,2.4,99.9
2026-05-24T00:01:22Z,88.6,42.4,1.9,99.9
2026-05-24T00:03:25Z,88.6,42.4,1.5,100.0
2026-05-24T00:05:29Z,88.6,42.4,1.5,100.0
2026-05-24T00:07:32Z,88.6,42.4,0.3,100.0
2026-05-24T00:09:36Z,88.6,42.5,0.0,100.0
2026-05-24T00:11:39Z,88.6,42.5,0.0,100.0
2026-05-24T00:12:30Z,88.6,42.5,0.2,100.0
2026-05-24T00:14:33Z,88.6,42.5,0.2,100.0
2026-05-24T00:16:37Z,88.6,42.5,0.0,100.0
2026-05-24T00:18:40Z,88.5,42.5,0.0,100.0
2026-05-24T00:22:24Z,88.6,42.5,4.6,99.9
2026-05-24T00:24:27Z,88.6,42.5,1.6,100.0
2026-05-24T00:26:30Z,88.6,42.5,0.4,100.0
2026-05-24T00:28:33Z,88.6,42.5,0.0,100.0
2026-05-24T00:30:37Z,88.6,42.5,0.0,100.0
2026-05-24T00:32:40Z,88.6,42.5,0.0,100.0
2026-05-24T00:34:43Z,88.8,42.3,0.0,100.0
2026-05-24T00:36:46Z,88.9,42.2,2.5,99.9
2026-05-24T00:38:50Z,88.9,42.2,0.8,100.0
2026-05-24T00:40:53Z,88.9,42.2,0.0,100.0
2026-05-24T04:05:19Z,87.9,42.9,68.7,98.1
2026-05-24T04:07:22Z,87.9,42.9,68.8,98.1
2026-05-24T04:09:25Z,87.9,42.9,68.1,98.1
2026-05-24T04:11:29Z,87.9,42.9,68.0,98.1
2026-05-24T04:13:32Z,87.9,42.9,68.3,98.1
2026-05-24T04:15:35Z,87.9,42.9,67.2,98.1
2026-05-24T04:17:38Z,87.9,42.9,66.5,98.1
2026-05-24T04:19:41Z,87.9,42.9,66.0,98.1
2026-05-24T04:21:45Z,87.9,42.9,66.3,98.1
2026-05-24T04:23:48Z,87.9,42.9,66.3,98.1
2026-05-24T04:25:51Z,87.9,42.9,65.8,98.1
2026-05-24T04:27:54Z,87.9,42.9,65.9,98.1
2026-05-24T04:29:57Z,87.9,42.9,65.9,98.1
2026-05-24T04:32:01Z,87.9,42.9,65.7,98.1
2026-05-24T04:34:04Z,87.9,42.9,65.1,98.2
2026-05-24T04:36:07Z,87.9,42.9,64.7,98.2
2026-05-24T04:38:10Z,87.9,42.9,63.9,98.2
2026-05-24T04:40:14Z,87.9,42.9,63.7,98.2
2026-05-24T04:42:17Z,87.9,42.9,63.6,98.2
2026-05-24T04:44:20Z,87.9,42.9,63.4,98.2
2026-05-24T04:46:23Z,87.9,42.9,63.5,98.2
2026-05-24T04:48:26Z,87.9,42.9,63.4,98.2
2026-05-24T04:50:30Z,87.9,42.9,63.1,98.2
2026-05-24T04:52:33Z,87.9,42.9,63.2,98.2
2026-05-24T04:54:36Z,87.9,42.9,64.1,98.2
2026-05-24T04:56:39Z,87.9,42.9,62.9,98.2
2026-05-24T04:58:42Z,87.9,42.9,62.3,98.2
2026-05-24T05:00:46Z,87.9,42.9,62.1,98.2
2026-05-24T05:02:49Z,87.9,42.9,61.9,98.3
2026-05-24T05:04:52Z,87.9,42.9,61.1,98.3
2026-05-24T05:06:55Z,87.9,42.9,60.7,98.3
2026-05-24T05:08:58Z,87.9,42.9,60.6,98.3
2026-05-24T05:11:02Z,87.9,42.9,60.8,98.3
2026-05-24T05:13:05Z,87.9,42.9,60.5,98.3
2026-05-24T05:15:08Z,87.9,42.9,59.3,98.3
2026-05-24T05:17:11Z,87.9,42.9,58.6,98.3
2026-05-24T05:19:15Z,87.9,42.9,58.5,98.3
2026-05-24T05:21:18Z,87.9,42.9,58.2,98.4
2026-05-24T05:23:21Z,87.9,42.9,59.7,98.3
2026-05-24T05:25:24Z,87.9,42.9,57.9,98.4
2026-05-24T05:27:27Z,87.9,42.9,55.2,98.4
2026-05-24T05:29:31Z,87.9,42.9,55.0,98.4
2026-05-24T05:31:34Z,87.9,42.9,54.0,98.5
2026-05-24T05:33:37Z,87.9,42.9,53.9,98.5
2026-05-24T05:35:40Z,87.9,42.9,50.7,98.6
2026-05-24T05:37:44Z,87.8,42.9,49.8,98.6
2026-05-24T05:39:47Z,87.9,42.9,49.6,98.6
2026-05-24T05:41:50Z,87.9,42.9,50.4,98.6
2026-05-24T05:43:53Z,87.9,42.9,49.1,98.6
2026-05-24T05:45:56Z,87.9,42.9,49.4,98.6
2026-05-24T05:48:00Z,87.9,42.9,49.3,98.6
2026-05-24T05:50:03Z,87.9,42.9,49.2,98.6
2026-05-24T05:52:06Z,87.9,42.9,49.1,98.6
2026-05-24T05:54:09Z,87.9,42.9,48.8,98.6
2026-05-24T05:56:13Z,87.9,42.9,45.5,98.7
2026-05-24T05:58:16Z,87.8,42.9,44.6,98.7
2026-05-24T06:00:19Z,87.9,42.9,42.9,98.8
2026-05-24T06:02:22Z,87.9,42.9,42.3,98.8
2026-05-24T06:04:26Z,87.9,42.9,40.9,98.8
2026-05-24T06:06:29Z,87.9,42.9,39.2,98.9
2026-05-24T06:08:32Z,87.9,42.9,38.5,98.9
2026-05-24T06:10:35Z,87.9,42.9,37.8,98.9
2026-05-24T06:12:39Z,87.8,42.9,37.1,99.0
2026-05-24T06:14:42Z,87.8,42.9,37.1,99.0
2026-05-24T06:16:45Z,87.8,42.9,34.3,99.0
2026-05-24T06:18:49Z,87.8,42.9,33.3,99.1
2026-05-24T06:20:52Z,87.8,42.9,33.9,99.0
2026-05-24T06:22:55Z,87.8,43.0,33.1,99.1
2026-05-24T06:24:58Z,87.8,42.9,33.1,99.1
2026-05-24T06:27:02Z,87.8,42.9,32.9,99.1
2026-05-24T06:29:05Z,87.8,43.0,32.8,99.1
2026-05-24T06:31:08Z,87.8,43.0,32.8,99.1
2026-05-24T06:33:12Z,87.8,43.0,32.8,99.1
2026-05-24T06:35:15Z,87.8,43.0,32.6,99.1
2026-05-24T06:37:18Z,87.8,43.0,29.4,99.2
2026-05-24T06:39:21Z,87.7,43.0,28.5,99.2
2026-05-24T06:41:24Z,87.7,43.0,28.3,99.2
2026-05-24T06:43:28Z,87.8,43.0,28.3,99.2
2026-05-24T06:45:31Z,87.8,43.0,28.1,99.2
2026-05-24T06:47:34Z,87.8,43.0,28.0,99.2
2026-05-24T06:49:38Z,87.8,43.0,28.0,99.2
2026-05-24T06:51:41Z,87.8,43.0,28.0,99.2
2026-05-24T06:53:44Z,87.8,43.0,27.7,99.2
2026-05-24T06:55:48Z,87.8,43.0,27.6,99.2
2026-05-24T06:57:51Z,87.8,43.0,27.7,99.2
2026-05-24T06:59:54Z,87.8,43.0,27.6,99.2
2026-05-24T07:01:57Z,87.8,43.0,27.4,99.2
2026-05-24T07:04:01Z,87.8,43.0,27.3,99.2
2026-05-24T07:06:04Z,87.8,43.0,27.0,99.2
2026-05-24T07:08:07Z,87.8,43.0,27.0,99.2
2026-05-24T07:10:10Z,87.8,43.0,26.4,99.3
2026-05-24T07:12:13Z,87.8,43.0,28.1,99.2
2026-05-24T07:14:17Z,87.8,43.0,26.6,99.2
2026-05-24T07:16:20Z,87.8,43.0,27.2,99.2
2026-05-24T07:18:23Z,87.8,43.0,26.3,99.3
2026-05-24T07:20:26Z,87.8,43.0,26.2,99.3
2026-05-24T07:22:30Z,87.8,43.0,26.2,99.3
2026-05-24T07:24:33Z,87.8,43.0,26.1,99.3
2026-05-24T07:26:36Z,87.8,43.0,27.4,99.2
2026-05-24T07:28:39Z,87.8,43.0,26.1,99.3
2026-05-24T07:30:43Z,87.8,43.0,26.8,99.2
2026-05-24T07:32:46Z,87.8,43.0,30.4,99.1
2026-05-24T07:34:01Z,87.8,43.0,31.6,99.1
2026-05-24T07:35:15Z,87.8,43.0,120.3,96.6
2026-05-24T07:38:27Z,87.8,43.0,156.4,95.6
2026-05-24T07:40:07Z,87.8,42.9,155.3,95.6
2026-05-24T07:42:11Z,87.8,43.0,155.9,95.6
2026-05-24T07:44:14Z,88.0,42.8,156.8,95.6
2026-05-24T07:46:17Z,88.0,42.8,154.6,95.6
2026-05-24T07:48:20Z,88.0,42.8,155.1,95.6
2026-05-24T07:50:24Z,88.0,42.8,152.5,95.7
2026-05-24T07:52:27Z,88.0,42.8,151.5,95.7
2026-05-24T07:54:30Z,88.0,42.8,148.8,95.8
2026-05-24T07:56:33Z,88.0,42.8,145.7,95.9
2026-05-24T07:58:36Z,87.9,42.9,144.8,95.9
2026-05-24T08:00:40Z,88.0,42.9,144.6,95.9
2026-05-24T08:02:43Z,88.0,42.9,144.2,95.9
2026-05-24T08:04:46Z,88.0,42.8,144.0,95.9
2026-05-24T08:06:50Z,88.0,42.8,143.7,95.9
2026-05-24T08:08:53Z,88.0,42.8,143.2,96.0
2026-05-24T08:10:56Z,88.0,42.8,142.6,96.0
2026-05-24T08:12:59Z,88.0,42.8,142.1,96.0
2026-05-24T08:15:03Z,88.0,42.8,141.7,96.0
2026-05-24T08:17:06Z,88.0,42.8,141.2,96.0
2026-05-24T08:19:09Z,88.0,42.8,140.9,96.0
2026-05-24T08:21:12Z,88.0,42.8,142.7,96.0
2026-05-24T08:23:15Z,88.0,42.8,141.1,96.0
2026-05-24T08:25:19Z,88.0,42.8,141.0,96.0
2026-05-24T08:27:22Z,88.0,42.8,151.2,95.7
2026-05-24T08:29:25Z,88.0,42.8,163.3,95.4
2026-05-24T08:32:03Z,88.0,42.8,171.0,95.2
2026-05-24T08:34:06Z,88.0,42.8,167.9,95.3
2026-05-24T08:36:10Z,88.0,42.8,166.9,95.3
2026-05-24T08:38:13Z,88.0,42.8,187.7,94.7
2026-05-24T08:40:16Z,88.0,42.8,231.1,93.5
2026-05-24T08:42:20Z,88.0,42.8,227.7,93.6
2026-05-24T08:44:23Z,88.0,42.8,224.5,93.7
2026-05-24T08:46:27Z,88.0,42.8,221.3,93.8
2026-05-24T08:48:31Z,88.0,42.8,219.0,93.8
2026-05-24T08:50:35Z,88.0,42.8,216.7,93.9
2026-05-24T08:52:38Z,88.0,42.9,214.3,93.9
2026-05-24T08:54:42Z,88.0,42.9,212.8,94.0
2026-05-24T08:56:46Z,88.0,42.9,212.6,94.0
2026-05-24T08:58:57Z,88.0,42.9,211.0,94.0
2026-05-24T09:01:02Z,88.0,42.9,209.3,94.1
2026-05-24T09:03:06Z,88.0,42.9,207.3,94.1
2026-05-24T09:05:11Z,88.0,42.9,205.7,94.2
2026-05-24T09:07:16Z,87.9,42.9,204.5,94.2
2026-05-24T09:09:21Z,87.9,42.9,204.6,94.2
2026-05-24T09:11:30Z,87.9,42.9,204.0,94.2
2026-05-24T09:13:35Z,87.9,42.9,203.3,94.3
2026-05-24T09:15:43Z,87.9,42.9,202.7,94.3
2026-05-24T09:17:48Z,87.9,42.9,202.5,94.3
2026-05-24T09:19:55Z,87.9,42.9,202.1,94.3
2026-05-24T09:22:00Z,87.9,42.9,202.0,94.3
2026-05-24T09:24:14Z,87.9,42.9,201.3,94.3
2026-05-24T09:26:21Z,87.9,42.9,200.5,94.3
2026-05-24T09:28:25Z,87.9,42.9,200.6,94.3
2026-05-24T09:30:30Z,87.9,42.9,199.7,94.4
2026-05-24T09:32:35Z,87.9,42.9,200.1,94.4
2026-05-24T09:34:40Z,87.9,42.9,198.5,94.4
2026-05-24T09:36:45Z,87.9,42.9,198.1,94.4
2026-05-24T09:38:50Z,87.9,42.9,202.7,94.3
2026-05-24T09:40:55Z,87.9,42.9,202.9,94.3
2026-05-24T09:43:00Z,87.9,42.9,202.0,94.3
2026-05-24T09:45:06Z,87.9,42.9,202.5,94.3
2026-05-24T09:47:11Z,87.9,42.9,201.6,94.3
2026-05-24T09:49:16Z,87.9,42.9,201.1,94.3
2026-05-24T09:51:21Z,87.9,42.9,200.6,94.3
2026-05-24T09:53:24Z,87.9,42.9,200.2,94.3
2026-05-24T09:54:26Z,87.9,42.9,200.2,94.3
2026-05-24T09:56:29Z,87.9,42.9,200.1,94.3
2026-05-24T09:58:32Z,87.9,42.9,200.2,94.3
2026-05-24T10:00:36Z,87.9,42.9,200.1,94.4
2026-05-24T10:02:39Z,87.9,42.9,199.8,94.4
2026-05-24T10:04:42Z,87.9,42.9,199.5,94.4
2026-05-24T10:06:45Z,87.9,42.9,199.5,94.4
2026-05-24T10:09:46Z,87.9,42.9,200.6,94.3
2026-05-24T10:11:49Z,87.9,42.9,200.7,94.3
2026-05-24T10:14:13Z,87.9,42.9,200.7,94.3
2026-05-24T10:15:05Z,87.9,42.9,200.7,94.3
2026-05-24T10:17:29Z,87.9,42.9,200.6,94.3
2026-05-24T10:19:52Z,87.9,42.9,200.6,94.3
2026-05-24T10:22:16Z,87.9,42.9,200.6,94.3
2026-05-24T10:24:40Z,87.9,42.9,200.5,94.3
2026-05-24T10:27:20Z,87.9,42.9,198.1,94.4
2026-05-24T10:29:24Z,87.9,42.9,203.4,94.3
2026-05-24T10:31:47Z,87.9,42.9,201.6,94.3
2026-05-24T10:34:11Z,87.9,42.9,201.6,94.3
2026-05-24T10:36:35Z,87.9,42.9,201.5,94.3
2026-05-24T10:38:58Z,87.9,42.9,201.5,94.3
2026-05-24T10:41:22Z,87.9,42.9,201.5,94.3
2026-05-24T10:44:00Z,87.9,42.9,200.6,94.3
2026-05-24T10:46:03Z,87.9,42.9,198.3,94.4
2026-05-24T10:48:06Z,87.9,42.9,198.2,94.4
2026-05-24T10:50:10Z,87.9,42.9,216.9,93.9
2026-05-24T10:52:13Z,87.9,42.9,215.9,93.9
2026-05-24T10:54:18Z,87.9,42.9,216.1,93.9
2026-05-24T10:56:21Z,87.9,42.9,215.3,93.9
2026-05-24T10:58:24Z,87.9,42.9,215.9,93.9
2026-05-24T11:00:28Z,87.9,42.9,214.1,94.0
2026-05-24T11:02:31Z,87.9,42.9,213.2,94.0
2026-05-24T11:04:56Z,87.9,42.9,212.7,94.0
2026-05-24T11:07:00Z,87.9,42.9,211.9,94.0
2026-05-24T11:09:03Z,87.9,42.9,213.1,94.0
2026-05-24T11:11:06Z,87.9,42.9,210.9,94.0
2026-05-24T11:13:09Z,87.9,42.9,210.8,94.0
2026-05-24T11:15:12Z,87.9,42.9,210.8,94.0
2026-05-24T11:17:15Z,87.9,42.9,210.7,94.1
2026-05-24T11:19:19Z,87.9,42.9,210.7,94.1
2026-05-24T11:21:22Z,87.9,42.9,210.6,94.1
2026-05-24T11:23:25Z,87.9,42.9,210.6,94.1
2026-05-24T11:26:00Z,87.9,42.9,208.7,94.1
2026-05-24T11:28:03Z,87.9,42.9,206.7,94.2
2026-05-24T11:30:06Z,87.9,42.9,206.5,94.2
2026-05-24T11:32:09Z,87.9,42.9,205.7,94.2
2026-05-24T11:34:12Z,87.9,42.9,205.6,94.2
2026-05-24T11:36:16Z,87.9,42.9,205.6,94.2
2026-05-24T11:38:19Z,87.9,42.9,205.5,94.2
2026-05-24T11:40:22Z,87.9,42.9,205.4,94.2
2026-05-24T11:42:25Z,87.9,42.9,205.3,94.2
2026-05-24T11:44:28Z,87.9,42.9,204.4,94.2
2026-05-24T11:46:31Z,87.9,42.9,203.6,94.3
2026-05-24T11:48:34Z,87.9,42.9,203.3,94.3
2026-05-24T11:50:37Z,87.9,42.9,202.3,94.3
2026-05-24T11:52:41Z,87.9,42.9,200.1,94.4
2026-05-24T11:54:44Z,87.9,42.9,210.6,94.1
2026-05-24T11:56:47Z,87.9,42.9,212.5,94.0
2026-05-24T11:58:50Z,87.9,42.9,210.9,94.0
2026-05-24T12:00:53Z,87.9,42.9,209.7,94.1
2026-05-24T12:02:56Z,87.9,42.9,209.6,94.1
2026-05-24T12:05:00Z,87.9,42.9,209.3,94.1
2026-05-24T12:07:03Z,87.9,42.9,208.8,94.1
2026-05-24T12:09:06Z,87.9,42.9,208.7,94.1
2026-05-24T12:11:09Z,87.9,42.9,209.2,94.1
2026-05-24T12:13:12Z,87.9,42.9,208.4,94.1
2026-05-24T12:15:15Z,87.9,42.9,208.2,94.1
2026-05-24T12:17:19Z,87.9,42.9,207.5,94.1
2026-05-24T12:19:22Z,87.9,42.9,206.7,94.2
2026-05-24T12:21:25Z,87.9,42.9,206.5,94.2
2026-05-24T12:23:28Z,87.9,42.9,206.5,94.2
2026-05-24T12:25:31Z,87.9,42.9,206.3,94.2
2026-05-24T12:27:34Z,87.9,42.9,206.2,94.2
2026-05-24T12:29:37Z,87.8,42.9,206.2,94.2
2026-05-24T12:31:41Z,87.8,42.9,206.1,94.2
2026-05-24T12:33:44Z,87.8,42.9,205.9,94.2
2026-05-24T12:35:47Z,87.8,42.9,206.0,94.2
2026-05-24T12:37:50Z,87.8,42.9,204.7,94.2
2026-05-24T12:39:53Z,87.8,42.9,204.5,94.2
2026-05-24T12:41:56Z,87.8,42.9,203.5,94.3
2026-05-24T12:44:00Z,87.8,42.9,203.4,94.3
2026-05-24T12:46:03Z,87.8,42.9,203.3,94.3
2026-05-24T12:48:06Z,87.8,42.9,203.3,94.3
2026-05-24T12:50:09Z,87.8,42.9,203.2,94.3
2026-05-24T12:52:13Z,87.8,42.9,203.0,94.3
2026-05-24T12:54:16Z,87.8,42.9,204.3,94.2
2026-05-24T12:56:19Z,87.8,42.9,204.1,94.2
2026-05-24T12:58:22Z,87.8,42.9,203.9,94.2
2026-05-24T13:00:25Z,87.8,42.9,203.6,94.3
2026-05-24T13:02:29Z,87.8,42.9,203.9,94.2
2026-05-24T13:04:32Z,87.8,42.9,203.8,94.2
2026-05-24T13:06:35Z,87.8,42.9,203.7,94.2
2026-05-24T13:08:38Z,87.8,42.9,203.6,94.3
2026-05-24T13:10:41Z,87.8,42.9,203.5,94.3
2026-05-24T13:12:44Z,87.8,42.9,203.3,94.3
2026-05-24T13:14:48Z,87.8,42.9,203.3,94.3
2026-05-24T13:16:51Z,87.8,42.9,203.3,94.3
2026-05-24T13:18:54Z,87.8,42.9,203.1,94.3
2026-05-24T13:20:57Z,87.8,42.9,203.2,94.3
2026-05-24T13:23:00Z,87.8,42.9,203.0,94.3
2026-05-24T13:25:04Z,87.8,42.9,203.0,94.3
2026-05-24T13:25:46Z,87.8,42.9,203.0,94.3
2026-05-24T13:27:50Z,87.8,42.9,202.9,94.3
2026-05-24T13:29:53Z,87.8,42.9,202.7,94.3
2026-05-24T13:31:56Z,87.8,42.9,202.5,94.3
2026-05-24T13:33:59Z,87.8,42.9,202.4,94.3
2026-05-24T13:36:02Z,87.8,42.9,202.2,94.3
2026-05-24T13:38:06Z,87.8,42.9,202.3,94.3
2026-05-24T13:40:09Z,87.8,42.9,202.1,94.3
2026-05-24T13:42:12Z,87.8,42.9,201.9,94.3
2026-05-24T13:44:15Z,87.8,42.9,201.9,94.3
2026-05-24T13:46:18Z,87.8,42.9,201.8,94.3
2026-05-24T13:48:22Z,87.8,42.9,201.6,94.3
2026-05-24T13:50:25Z,87.8,42.9,201.6,94.3
2026-05-24T13:52:28Z,87.8,42.9,201.4,94.3
2026-05-24T13:54:31Z,87.8,42.9,201.2,94.3
2026-05-24T13:56:34Z,87.8,42.9,201.2,94.3
2026-05-24T13:58:38Z,87.8,42.9,201.1,94.3
2026-05-24T14:00:41Z,87.8,42.9,200.9,94.3
2026-05-24T14:02:44Z,87.8,42.9,200.8,94.3
2026-05-24T14:04:47Z,87.8,42.9,200.7,94.3
2026-05-24T14:06:50Z,87.8,42.9,200.5,94.3
2026-05-24T14:08:54Z,87.8,42.9,200.4,94.3
2026-05-24T14:10:57Z,87.8,42.9,200.4,94.3
2026-05-24T14:13:00Z,87.8,42.9,200.3,94.3
2026-05-24T14:15:03Z,87.8,42.9,200.2,94.3
2026-05-24T14:17:06Z,87.8,42.9,200.2,94.3
2026-05-24T14:19:09Z,87.8,42.9,199.8,94.4
2026-05-24T14:21:13Z,87.8,42.9,199.7,94.4
2026-05-24T14:23:16Z,87.8,42.9,199.6,94.4
2026-05-24T14:25:19Z,87.8,42.9,199.4,94.4
2026-05-24T14:27:22Z,87.8,42.9,199.7,94.4
2026-05-24T14:29:25Z,87.8,42.9,199.7,94.4
2026-05-24T14:31:29Z,87.8,42.9,199.7,94.4
2026-05-24T14:33:32Z,87.8,42.9,199.5,94.4
2026-05-24T14:35:35Z,87.8,42.9,199.4,94.4
2026-05-24T14:37:38Z,87.8,42.9,199.4,94.4
2026-05-24T14:39:41Z,87.8,42.9,199.4,94.4
2026-05-24T14:41:45Z,87.8,42.9,199.2,94.4
2026-05-24T14:43:48Z,87.8,42.9,199.3,94.4
2026-05-24T14:45:51Z,87.8,42.9,199.1,94.4
2026-05-24T14:47:54Z,87.8,42.9,199.0,94.4
2026-05-24T14:49:57Z,87.8,42.9,199.1,94.4
2026-05-24T14:52:01Z,87.8,42.9,199.0,94.4
2026-05-24T14:54:04Z,87.8,42.9,198.9,94.4
2026-05-24T14:56:07Z,87.8,42.9,199.0,94.4
2026-05-24T14:58:10Z,87.8,42.9,198.9,94.4
2026-05-24T15:00:13Z,87.8,42.9,198.9,94.4
2026-05-24T15:02:17Z,87.8,42.9,198.8,94.4
2026-05-24T15:04:20Z,87.8,42.9,198.7,94.4
2026-05-24T15:06:23Z,87.8,42.9,198.6,94.4
2026-05-24T15:08:26Z,87.8,42.9,198.5,94.4
2026-05-24T15:10:29Z,87.8,42.9,198.4,94.4
2026-05-24T15:12:33Z,87.8,42.9,198.4,94.4
2026-05-24T15:14:36Z,87.8,42.9,198.3,94.4
2026-05-24T15:16:39Z,87.8,42.9,198.4,94.4
2026-05-24T15:18:42Z,87.8,42.9,198.3,94.4
2026-05-24T15:20:45Z,87.8,42.9,198.3,94.4
2026-05-24T15:22:49Z,87.8,42.9,198.3,94.4
2026-05-24T15:24:52Z,87.8,42.9,198.2,94.4
2026-05-24T15:26:55Z,87.8,42.9,198.1,94.4
2026-05-24T15:28:58Z,87.8,42.9,198.3,94.4
2026-05-24T15:31:01Z,87.8,42.9,198.2,94.4
2026-05-24T15:33:04Z,87.8,42.9,198.5,94.4
2026-05-24T15:35:08Z,87.8,42.9,198.3,94.4
2026-05-24T15:37:11Z,87.8,42.9,198.4,94.4
2026-05-24T15:39:14Z,87.8,42.9,198.5,94.4
2026-05-24T15:41:17Z,87.8,42.9,198.3,94.4
2026-05-24T15:43:20Z,87.8,42.9,198.3,94.4
2026-05-24T15:45:23Z,87.8,42.9,198.6,94.4
2026-05-24T15:47:27Z,87.8,42.9,198.4,94.4
2026-05-24T15:49:30Z,87.8,42.9,198.5,94.4
2026-05-24T15:51:33Z,87.8,42.9,198.7,94.4
2026-05-24T15:53:36Z,87.8,42.9,198.5,94.4
2026-05-24T15:55:39Z,87.8,42.9,198.7,94.4
2026-05-24T15:57:43Z,87.8,42.9,198.6,94.4
2026-05-24T15:59:46Z,87.8,42.9,198.5,94.4
2026-05-24T16:01:49Z,87.8,42.9,198.7,94.4
2026-05-24T16:03:52Z,87.8,42.9,198.7,94.4
2026-05-24T16:05:55Z,87.8,42.9,198.6,94.4
2026-05-24T16:07:59Z,87.8,42.9,198.6,94.4
2026-05-24T16:10:02Z,87.8,42.9,197.8,94.4
2026-05-24T16:12:05Z,87.8,42.9,197.9,94.4
2026-05-24T16:14:08Z,87.8,42.9,197.8,94.4
2026-05-24T16:15:38Z,87.8,42.9,197.9,94.4
2026-05-24T16:17:41Z,87.8,42.9,198.0,94.4
2026-05-24T16:19:44Z,87.8,42.9,197.9,94.4
2026-05-24T16:21:48Z,87.8,42.9,197.8,94.4
2026-05-24T16:23:51Z,87.8,42.9,197.9,94.4
2026-05-24T16:25:54Z,87.8,42.9,197.8,94.4
2026-05-24T16:27:57Z,87.8,42.9,197.7,94.4
2026-05-24T16:30:00Z,87.8,42.9,197.8,94.4
2026-05-24T16:32:04Z,87.8,42.9,197.7,94.4
2026-05-24T16:34:07Z,87.8,42.9,197.8,94.4
2026-05-24T16:36:10Z,87.8,42.9,197.9,94.4
2026-05-24T16:38:13Z,87.8,42.9,197.6,94.4
2026-05-24T16:40:16Z,87.8,42.9,197.7,94.4
2026-05-24T16:42:20Z,87.8,42.9,197.7,94.4
2026-05-24T16:44:23Z,87.8,42.9,197.6,94.4
2026-05-24T16:46:26Z,87.8,42.9,197.6,94.4
2026-05-24T16:48:29Z,87.8,42.9,197.6,94.4
2026-05-24T16:50:32Z,87.8,42.9,197.6,94.4
2026-05-24T16:52:36Z,87.8,42.9,197.7,94.4
2026-05-24T16:54:39Z,87.8,42.9,196.9,94.4
2026-05-24T16:56:42Z,87.8,42.9,197.1,94.4
2026-05-24T16:58:45Z,87.8,43.0,197.1,94.4
2026-05-24T17:01:47Z,87.8,43.0,213.6,94.0
2026-05-24T17:03:50Z,87.8,43.0,212.6,94.0
2026-05-24T17:05:53Z,87.8,43.0,211.1,94.0
2026-05-24T17:07:56Z,87.8,43.0,209.7,94.1
2026-05-24T17:10:00Z,87.8,43.0,208.7,94.1
2026-05-24T17:12:03Z,87.8,43.0,206.7,94.2
2026-05-24T17:14:06Z,87.8,43.0,205.7,94.2
2026-05-24T17:16:09Z,87.8,43.0,204.8,94.2
2026-05-24T17:16:51Z,87.8,43.0,204.8,94.2
2026-05-24T17:18:55Z,87.8,43.0,220.9,93.8
2026-05-24T17:20:58Z,87.8,43.0,239.3,93.2
2026-05-24T17:23:01Z,87.8,43.0,258.3,92.7
2026-05-24T17:25:04Z,87.8,43.0,262.7,92.6
2026-05-24T17:27:07Z,87.8,43.0,262.6,92.6
2026-05-24T17:29:11Z,88.1,42.8,262.6,92.6
2026-05-24T17:31:14Z,88.1,42.8,265.3,92.5
2026-05-24T17:33:17Z,88.1,42.8,276.1,92.2
2026-05-24T17:35:20Z,88.1,42.8,278.9,92.1
2026-05-24T17:37:23Z,88.1,42.8,279.3,92.1
2026-05-24T17:39:26Z,88.1,42.8,279.2,92.1
2026-05-24T17:41:30Z,88.1,42.8,279.2,92.1
2026-05-24T17:43:33Z,88.1,42.8,279.4,92.1
2026-05-24T17:45:36Z,88.1,42.8,279.3,92.1
2026-05-24T17:47:39Z,88.1,42.8,279.3,92.1
2026-05-24T17:49:42Z,88.1,42.8,279.4,92.1
2026-05-24T17:51:45Z,88.1,42.8,279.4,92.1
2026-05-24T17:53:48Z,88.1,42.8,279.3,92.1
2026-05-24T17:55:51Z,88.1,42.8,279.2,92.1
2026-05-24T17:57:54Z,88.1,42.8,279.1,92.1
2026-05-24T17:59:58Z,88.1,42.8,279.1,92.1
2026-05-24T18:02:01Z,88.1,42.8,279.1,92.1
2026-05-24T18:04:04Z,88.1,42.8,279.0,92.1
2026-05-24T18:06:07Z,88.1,42.8,279.0,92.1
2026-05-24T18:08:10Z,88.1,42.8,278.4,92.1
2026-05-24T18:10:13Z,88.1,42.8,278.5,92.1
2026-05-24T18:12:16Z,88.1,42.8,276.8,92.2
2026-05-24T18:14:19Z,88.1,42.8,275.8,92.2
2026-05-24T18:16:23Z,88.1,42.8,276.1,92.2
2026-05-24T18:18:26Z,88.1,42.8,275.5,92.2
2026-05-24T18:20:29Z,88.1,42.8,275.7,92.2
2026-05-24T18:22:32Z,88.1,42.8,275.3,92.2
2026-05-24T18:24:35Z,88.1,42.8,275.2,92.2
2026-05-24T18:26:38Z,88.1,42.8,275.3,92.2
2026-05-24T18:28:41Z,88.1,42.8,275.9,92.2
2026-05-24T18:30:45Z,88.1,42.8,275.0,92.2
2026-05-24T18:32:49Z,88.1,42.8,275.9,92.2
2026-05-24T18:34:52Z,88.1,42.8,274.6,92.2
2026-05-24T18:36:55Z,88.1,42.8,275.9,92.2
2026-05-24T18:38:58Z,88.1,42.8,275.7,92.2
2026-05-24T18:41:01Z,88.1,42.8,275.3,92.2
2026-05-24T18:43:04Z,88.1,42.8,275.0,92.2
2026-05-24T18:45:08Z,88.1,42.8,274.8,92.2
2026-05-24T18:47:11Z,88.1,42.8,274.1,92.3
2026-05-24T18:49:14Z,88.1,42.8,274.0,92.3
2026-05-24T18:51:17Z,88.1,42.8,273.1,92.3
2026-05-24T18:53:20Z,88.1,42.8,272.5,92.3
2026-05-24T18:55:23Z,88.1,42.8,272.3,92.3
2026-05-24T18:57:26Z,88.1,42.8,272.1,92.3
2026-05-24T18:59:30Z,88.1,42.8,272.2,92.3
2026-05-24T19:01:33Z,88.1,42.8,272.0,92.3
2026-05-24T19:03:36Z,88.1,42.8,272.0,92.3
2026-05-24T19:05:39Z,88.1,42.8,271.7,92.3
2026-05-24T19:07:42Z,88.1,42.8,271.8,92.3
2026-05-24T19:09:45Z,88.1,42.8,271.6,92.3
2026-05-24T19:11:48Z,88.1,42.8,271.7,92.3
2026-05-24T19:13:52Z,88.1,42.8,271.7,92.3
2026-05-24T19:15:55Z,88.1,42.8,271.9,92.3
2026-05-24T19:17:58Z,88.1,42.8,271.7,92.3
2026-05-24T19:20:01Z,88.1,42.8,271.9,92.3
2026-05-24T19:22:04Z,88.1,42.8,271.8,92.3
2026-05-24T19:24:07Z,88.1,42.8,272.0,92.3
2026-05-24T19:26:10Z,88.1,42.8,271.8,92.3
2026-05-24T19:28:14Z,88.1,42.8,271.9,92.3
2026-05-24T19:30:17Z,88.1,42.8,271.7,92.3
2026-05-24T19:32:20Z,88.1,42.8,271.7,92.3
2026-05-24T19:34:23Z,88.1,42.8,271.7,92.3
2026-05-24T19:36:26Z,88.1,42.8,271.5,92.3
2026-05-24T19:38:29Z,88.1,42.8,271.4,92.3
2026-05-24T19:40:33Z,88.1,42.8,271.4,92.3
2026-05-24T19:42:36Z,88.1,42.8,271.3,92.3
2026-05-24T19:44:39Z,88.1,42.8,270.3,92.4
2026-05-24T19:46:42Z,88.1,42.8,270.4,92.4
2026-05-24T19:48:45Z,88.1,42.8,270.1,92.4
2026-05-24T19:50:48Z,88.1,42.8,270.1,92.4
2026-05-24T19:52:52Z,88.1,42.8,269.9,92.4
2026-05-24T19:54:55Z,88.1,42.8,269.7,92.4
2026-05-24T19:56:58Z,88.1,42.8,269.6,92.4
2026-05-24T19:59:01Z,88.1,42.8,269.6,92.4
2026-05-24T20:01:04Z,88.1,42.8,269.3,92.4
2026-05-24T20:03:07Z,88.1,42.8,269.3,92.4
2026-05-24T20:05:10Z,88.1,42.8,269.2,92.4
2026-05-24T20:07:14Z,88.1,42.8,269.1,92.4
2026-05-24T20:09:17Z,88.1,42.8,269.0,92.4
2026-05-24T20:11:20Z,88.1,42.8,268.8,92.4
2026-05-24T20:13:23Z,88.1,42.8,268.9,92.4
2026-05-24T20:15:26Z,88.1,42.8,269.0,92.4
2026-05-24T20:17:29Z,88.1,42.8,268.6,92.4
2026-05-24T20:19:33Z,88.1,42.8,268.7,92.4
2026-05-24T20:21:36Z,88.1,42.8,268.6,92.4
2026-05-24T20:23:39Z,88.1,42.8,268.6,92.4
2026-05-24T20:25:42Z,88.1,42.8,268.5,92.4
2026-05-24T20:27:45Z,88.1,42.8,268.3,92.4
2026-05-24T20:29:48Z,88.1,42.8,268.0,92.4
2026-05-24T20:31:51Z,88.1,42.8,268.1,92.4
2026-05-24T20:33:55Z,88.1,42.8,267.9,92.4
2026-05-24T20:35:58Z,88.1,42.8,267.8,92.4
2026-05-24T20:38:01Z,88.1,42.8,267.7,92.4
2026-05-24T20:40:04Z,88.1,42.8,267.5,92.4
2026-05-24T20:42:07Z,88.1,42.8,267.4,92.5
2026-05-24T20:44:10Z,88.1,42.8,267.5,92.4
2026-05-24T20:46:13Z,88.1,42.8,267.1,92.5
2026-05-24T20:48:17Z,88.1,42.8,267.2,92.5
2026-05-24T20:50:20Z,88.1,42.8,266.7,92.5
2026-05-24T20:52:23Z,88.1,42.8,266.9,92.5
2026-05-24T20:54:26Z,88.1,42.8,266.9,92.5
2026-05-24T20:56:29Z,88.1,42.8,266.6,92.5
2026-05-24T20:58:33Z,88.1,42.8,266.7,92.5
2026-05-24T21:00:36Z,88.1,42.8,266.4,92.5
2026-05-24T21:02:39Z,88.1,42.8,266.5,92.5
2026-05-24T21:04:42Z,88.1,42.8,266.0,92.5
2026-05-24T21:06:45Z,88.1,42.8,265.8,92.5
2026-05-24T21:08:48Z,88.1,42.8,264.9,92.5
2026-05-24T21:10:52Z,88.1,42.8,264.9,92.5
2026-05-24T21:12:55Z,88.1,42.8,264.7,92.5
2026-05-24T21:14:58Z,88.1,42.8,264.6,92.5
2026-05-24T21:17:01Z,88.1,42.8,264.5,92.5
2026-05-24T21:19:04Z,88.1,42.8,264.5,92.5
2026-05-24T21:21:07Z,88.1,42.8,264.4,92.5
2026-05-24T21:23:11Z,88.1,42.8,264.3,92.5
2026-05-24T21:25:14Z,88.1,42.8,264.4,92.5
2026-05-24T21:27:17Z,88.1,42.8,264.1,92.5
2026-05-24T21:29:20Z,88.1,42.8,264.2,92.5
2026-05-24T21:31:23Z,88.1,42.8,263.9,92.5
2026-05-24T21:33:26Z,88.1,42.8,264.0,92.5
2026-05-24T21:35:29Z,88.0,42.8,263.8,92.6
2026-05-24T21:37:33Z,88.1,42.8,263.8,92.6
2026-05-24T21:39:36Z,88.1,42.8,264.1,92.5
2026-05-24T21:41:39Z,88.1,42.8,264.0,92.5
2026-05-24T21:43:42Z,88.1,42.8,264.1,92.5
2026-05-24T21:45:45Z,88.1,42.8,263.9,92.6
2026-05-24T21:47:48Z,88.1,42.8,263.8,92.6
2026-05-24T21:49:52Z,88.1,42.8,263.8,92.6
2026-05-24T21:51:55Z,88.1,42.8,263.6,92.6
2026-05-24T21:53:58Z,88.1,42.8,263.6,92.6
2026-05-24T21:56:01Z,88.1,42.8,263.4,92.6
2026-05-24T21:58:04Z,88.1,42.8,263.4,92.6
2026-05-24T22:00:08Z,88.1,42.8,263.2,92.6
2026-05-24T22:02:11Z,88.1,42.8,263.2,92.6
2026-05-24T22:04:14Z,88.1,42.8,263.0,92.6
2026-05-24T22:06:17Z,88.1,42.8,263.1,92.6
2026-05-24T22:08:20Z,88.1,42.8,262.6,92.6
2026-05-24T22:10:23Z,88.0,42.8,262.2,92.6
2026-05-24T22:12:27Z,88.0,42.8,261.8,92.6
2026-05-24T22:14:30Z,88.0,42.8,262.0,92.6
2026-05-24T22:16:33Z,88.0,42.8,261.6,92.6
2026-05-24T22:18:36Z,88.0,42.8,261.1,92.6
2026-05-24T22:20:39Z,88.0,42.8,268.6,92.4
2026-05-24T22:22:43Z,88.0,42.8,290.0,91.8
2026-05-24T22:24:46Z,88.0,42.8,312.8,91.2
2026-05-24T22:26:49Z,88.0,42.8,334.9,90.5
2026-05-24T22:28:52Z,88.0,42.8,353.7,90.0
2026-05-24T22:30:55Z,88.0,42.8,424.3,88.0
2026-05-24T22:32:59Z,88.0,42.8,425.7,88.0
2026-05-24T22:35:02Z,88.0,42.8,426.0,88.0
2026-05-24T22:37:05Z,88.0,42.8,426.1,88.0
2026-05-24T22:39:09Z,88.0,42.8,426.2,88.0
2026-05-24T22:41:12Z,88.0,42.8,426.1,88.0
2026-05-24T22:43:15Z,88.0,42.8,425.9,88.0
2026-05-24T22:45:18Z,88.0,42.8,445.0,87.4
2026-05-24T22:47:21Z,88.0,42.8,454.2,87.2
2026-05-24T22:49:24Z,88.0,42.8,463.0,86.9
2026-05-24T22:52:24Z,88.0,42.8,594.5,83.2
2026-05-24T22:54:27Z,88.0,42.8,610.4,82.8
2026-05-24T22:56:31Z,88.0,42.8,621.1,82.5
2026-05-24T22:58:34Z,88.0,42.8,635.2,82.1
2026-05-24T23:00:37Z,88.0,42.8,638.8,82.0
2026-05-24T23:02:40Z,88.0,42.8,653.1,81.6
2026-05-24T23:04:43Z,88.0,42.8,657.2,81.4
2026-05-24T23:07:07Z,88.0,42.8,657.9,81.4
2026-05-24T23:09:47Z,88.0,42.8,657.8,81.4
2026-05-24T23:11:51Z,88.0,42.8,656.5,81.5
2026-05-24T23:13:54Z,88.0,42.8,654.4,81.5
2026-05-24T23:15:57Z,88.0,42.8,653.1,81.6
2026-05-24T23:18:00Z,88.0,42.8,652.2,81.6
2026-05-24T23:20:03Z,88.0,42.8,651.3,81.6
2026-05-24T23:22:07Z,88.0,42.8,650.1,81.6
2026-05-24T23:24:10Z,88.0,42.8,650.0,81.7
2026-05-24T23:26:13Z,88.0,42.8,650.0,81.7
2026-05-24T23:28:59Z,88.0,42.8,650.5,81.6
2026-05-24T23:31:02Z,88.0,42.8,649.0,81.7
2026-05-24T23:33:06Z,88.0,42.8,651.4,81.6
2026-05-24T23:35:09Z,88.0,42.8,650.8,81.6
2026-05-24T23:37:12Z,88.0,42.8,650.0,81.6
2026-05-24T23:39:16Z,88.0,42.8,649.9,81.7
2026-05-24T23:40:19Z,88.0,42.8,650.5,81.6
2026-05-24T23:42:22Z,88.0,42.8,650.2,81.6
2026-05-24T23:44:26Z,88.0,42.8,650.2,81.6
2026-05-24T23:46:29Z,88.0,42.8,650.0,81.6
2026-05-24T23:48:32Z,88.0,42.8,649.9,81.7
2026-05-24T23:50:35Z,88.0,42.8,649.8,81.7
2026-05-24T23:52:38Z,88.0,42.8,649.8,81.7
2026-05-24T23:54:41Z,88.0,42.8,649.8,81.7
2026-05-24T23:56:44Z,88.0,42.8,649.8,81.7
2026-05-24T23:58:47Z,88.0,42.8,656.1,81.5
2026-05-25T00:00:51Z,88.0,42.8,658.5,81.4
2026-05-25T00:02:54Z,88.0,42.8,658.5,81.4
2026-05-25T00:04:57Z,88.0,42.8,658.5,81.4
2026-05-25T00:07:00Z,88.0,42.8,658.4,81.4
2026-05-25T00:09:03Z,88.0,42.8,658.4,81.4
2026-05-25T00:11:06Z,88.0,42.8,660.4,81.4
2026-05-25T00:13:09Z,88.0,42.8,660.9,81.3
2026-05-25T00:15:12Z,88.0,42.8,661.0,81.3
2026-05-25T00:17:16Z,88.0,42.8,661.4,81.3
2026-05-25T00:19:19Z,88.0,42.8,661.8,81.3
2026-05-25T00:21:22Z,88.0,42.8,662.1,81.3
2026-05-25T00:23:25Z,88.0,42.8,662.4,81.3
2026-05-25T00:25:28Z,87.9,42.9,662.3,81.3
2026-05-25T00:27:31Z,87.9,42.9,675.0,80.9
2026-05-25T00:29:34Z,88.0,42.8,714.9,79.8
2026-05-25T00:31:37Z,88.0,42.8,746.6,78.9
2026-05-25T00:33:41Z,88.0,42.8,746.4,78.9
2026-05-25T00:35:44Z,88.0,42.8,746.6,78.9
2026-05-25T00:37:47Z,88.0,42.8,747.0,78.9
2026-05-25T00:38:44Z,88.0,42.8,747.0,78.9
2026-05-25T00:41:24Z,88.0,42.8,747.2,78.9
2026-05-25T00:43:27Z,88.0,42.8,745.6,79.0
2026-05-25T00:45:51Z,88.0,42.8,744.8,79.0
2026-05-25T00:47:54Z,88.0,42.8,743.9,79.0
2026-05-25T00:49:58Z,88.0,42.8,742.7,79.0
2026-05-25T00:52:01Z,88.0,42.8,742.3,79.0
2026-05-25T00:56:30Z,88.0,42.8,740.8,79.1
2026-05-25T00:59:20Z,88.0,42.8,740.8,79.1
2026-05-25T01:01:24Z,88.0,42.8,738.8,79.1
2026-05-25T01:03:27Z,87.9,42.9,737.1,79.2
2026-05-25T01:05:30Z,87.9,42.9,735.6,79.2
2026-05-25T01:07:34Z,87.9,42.9,734.7,79.3
2026-05-25T01:09:38Z,87.9,42.9,733.6,79.3
2026-05-25T01:11:41Z,87.9,42.9,732.2,79.3
2026-05-25T01:13:45Z,87.9,42.9,731.3,79.4
2026-05-25T01:15:49Z,87.9,42.9,729.6,79.4
2026-05-25T01:17:52Z,87.9,42.9,728.0,79.4
2026-05-25T01:19:56Z,87.9,42.9,726.8,79.5
2026-05-25T01:22:00Z,87.9,42.9,726.0,79.5
2026-05-25T01:24:04Z,87.9,42.9,725.6,79.5
2026-05-25T01:26:07Z,87.9,42.9,724.3,79.6
2026-05-25T01:28:11Z,87.9,42.9,724.1,79.6
2026-05-25T01:30:49Z,87.9,42.9,724.8,79.5
2026-05-25T01:32:53Z,87.9,42.9,728.3,79.4
2026-05-25T01:34:56Z,87.9,42.9,733.2,79.3
2026-05-25T01:36:59Z,87.9,42.9,733.5,79.3
2026-05-25T01:39:03Z,87.9,42.9,731.5,79.4
2026-05-25T01:41:07Z,87.9,42.9,728.8,79.4
2026-05-25T01:43:10Z,87.9,42.9,727.1,79.5
2026-05-25T01:45:14Z,87.9,42.9,725.9,79.5
2026-05-25T01:47:17Z,87.9,42.9,723.8,79.6
2026-05-25T01:49:21Z,87.9,42.9,721.2,79.6
2026-05-25T01:51:26Z,87.9,42.9,720.0,79.7
2026-05-25T01:53:29Z,87.9,42.9,720.1,79.7
2026-05-25T01:55:33Z,87.9,42.9,718.6,79.7
2026-05-25T01:57:37Z,87.9,42.9,717.8,79.7
2026-05-25T01:59:40Z,87.9,42.9,717.6,79.7
2026-05-25T02:01:45Z,87.9,42.9,717.0,79.8
2026-05-25T02:03:48Z,87.9,42.9,717.2,79.8
2026-05-25T02:05:51Z,87.9,42.9,716.0,79.8
2026-05-25T02:07:55Z,87.9,42.9,717.0,79.8
2026-05-25T02:09:58Z,87.9,42.9,715.9,79.8
2026-05-25T02:12:02Z,87.9,42.9,714.0,79.8
2026-05-25T02:14:06Z,87.9,42.9,713.4,79.9
2026-05-25T02:16:11Z,87.9,42.9,713.2,79.9
2026-05-25T02:18:21Z,87.9,42.9,714.0,79.8
2026-05-25T02:20:25Z,87.9,42.9,714.2,79.8
2026-05-25T02:22:28Z,87.9,42.9,714.3,79.8
2026-05-25T02:24:32Z,87.9,42.9,714.1,79.8
2026-05-25T02:26:35Z,87.9,42.9,714.2,79.8
2026-05-25T02:28:39Z,87.9,42.9,714.1,79.8
2026-05-25T02:30:42Z,87.9,42.9,712.8,79.9
2026-05-25T02:32:46Z,87.9,42.9,712.5,79.9
2026-05-25T02:34:50Z,87.9,42.9,712.9,79.9
2026-05-25T02:37:44Z,87.9,42.9,715.2,79.8
2026-05-25T02:39:48Z,87.9,42.9,714.0,79.8
2026-05-25T02:41:52Z,87.9,42.9,712.2,79.9
2026-05-25T02:43:55Z,87.9,42.9,712.1,79.9
2026-05-25T02:46:19Z,87.9,42.9,710.3,79.9
2026-05-25T02:48:43Z,87.9,42.9,709.2,80.0
2026-05-25T02:51:07Z,87.8,42.9,707.7,80.0
2026-05-25T02:53:11Z,87.8,42.9,706.6,80.1
2026-05-25T02:55:14Z,87.8,42.9,704.7,80.1
2026-05-25T02:57:18Z,87.8,42.9,701.9,80.2
2026-05-25T02:59:23Z,87.8,42.9,701.8,80.2
2026-05-25T03:01:27Z,87.8,42.9,702.5,80.2
2026-05-25T03:03:31Z,87.8,42.9,701.8,80.2
2026-05-25T03:05:35Z,87.8,42.9,700.5,80.2
2026-05-25T03:07:39Z,87.8,42.9,699.5,80.3
2026-05-25T03:09:43Z,87.8,42.9,700.2,80.2
2026-05-25T03:11:47Z,87.8,42.9,700.4,80.2
2026-05-25T03:13:51Z,87.8,42.9,699.6,80.2
2026-05-25T03:15:54Z,87.8,42.9,699.9,80.2
2026-05-25T03:17:58Z,87.8,42.9,699.6,80.3
2026-05-25T03:20:55Z,87.8,42.9,702.6,80.2
2026-05-25T03:22:59Z,87.8,42.9,701.2,80.2
2026-05-25T03:25:03Z,87.8,42.9,700.2,80.2
2026-05-25T03:27:06Z,87.8,42.9,699.5,80.3
2026-05-25T03:29:30Z,87.8,42.9,698.6,80.3
2026-05-25T03:31:54Z,87.8,43.0,697.6,80.3
2026-05-25T03:33:57Z,87.8,43.0,696.3,80.3
2026-05-25T03:36:01Z,87.8,43.0,695.3,80.4
2026-05-25T03:38:05Z,87.8,43.0,695.4,80.4
2026-05-25T03:40:09Z,87.8,43.0,695.3,80.4
2026-05-25T03:42:12Z,87.8,43.0,696.3,80.3
2026-05-25T03:44:15Z,87.8,43.0,695.8,80.4
2026-05-25T03:46:19Z,87.8,43.0,693.1,80.4
2026-05-25T03:48:22Z,87.8,43.0,690.6,80.5
2026-05-25T03:50:25Z,87.8,43.0,689.8,80.5
2026-05-25T03:53:25Z,87.8,43.0,690.1,80.5
2026-05-25T03:55:29Z,87.8,43.0,687.8,80.6
2026-05-25T03:57:32Z,87.8,43.0,685.0,80.7
2026-05-25T03:59:35Z,87.8,43.0,683.8,80.7
2026-05-25T04:01:40Z,87.8,43.0,683.6,80.7
2026-05-25T04:03:47Z,87.8,43.0,683.3,80.7
2026-05-25T04:05:50Z,87.8,43.0,682.4,80.7
2026-05-25T04:07:54Z,87.8,43.0,681.7,80.8
2026-05-25T04:09:58Z,87.8,43.0,680.5,80.8
2026-05-25T04:12:05Z,87.8,43.0,679.3,80.8
2026-05-25T04:14:12Z,87.8,43.0,679.8,80.8
2026-05-25T04:16:15Z,87.8,43.0,679.3,80.8
2026-05-25T04:18:20Z,87.8,43.0,680.2,80.8
2026-05-25T04:20:31Z,87.8,43.0,680.2,80.8
2026-05-25T04:22:34Z,87.8,43.0,680.5,80.8
2026-05-25T04:24:38Z,87.8,43.0,680.5,80.8
2026-05-25T04:26:41Z,87.8,43.0,681.2,80.8
2026-05-25T04:28:45Z,87.8,43.0,682.2,80.7
2026-05-25T04:31:35Z,87.7,43.0,683.2,80.7
2026-05-25T04:33:39Z,87.7,43.0,682.4,80.7
2026-05-25T04:35:43Z,87.7,43.0,681.3,80.8
2026-05-25T04:37:46Z,87.7,43.0,680.5,80.8
2026-05-25T04:40:10Z,87.7,43.0,680.7,80.8
2026-05-25T04:42:34Z,87.7,43.0,680.1,80.8
2026-05-25T04:44:58Z,87.7,43.0,678.3,80.9
2026-05-25T04:47:23Z,87.7,43.0,677.1,80.9
2026-05-25T04:49:27Z,87.7,43.0,677.1,80.9
2026-05-25T04:51:30Z,87.7,43.0,675.9,80.9
2026-05-25T04:53:35Z,87.7,43.0,675.8,80.9
2026-05-25T04:55:39Z,87.7,43.0,675.7,80.9
2026-05-25T04:57:42Z,87.7,43.0,676.3,80.9
2026-05-25T05:00:07Z,87.7,43.0,676.5,80.9
2026-05-25T05:02:57Z,87.7,43.0,677.9,80.9
2026-05-25T05:05:01Z,87.7,43.0,676.9,80.9
2026-05-25T05:07:04Z,87.7,43.0,676.5,80.9
2026-05-25T05:09:28Z,87.7,43.0,676.7,80.9
2026-05-25T05:11:52Z,87.7,43.0,677.2,80.9
2026-05-25T05:14:16Z,87.7,43.0,676.2,80.9
2026-05-25T05:16:40Z,87.7,43.0,675.1,80.9
2026-05-25T05:19:05Z,87.7,43.0,674.6,81.0
2026-05-25T05:21:08Z,87.7,43.0,673.8,81.0
2026-05-25T05:23:12Z,87.7,43.0,672.2,81.0
2026-05-25T05:25:16Z,87.7,43.0,671.3,81.0
2026-05-25T05:27:19Z,87.7,43.0,670.5,81.1
2026-05-25T05:29:27Z,87.7,43.0,670.6,81.1
2026-05-25T05:31:31Z,87.7,43.0,670.6,81.1
2026-05-25T05:33:34Z,87.7,43.0,670.8,81.1
2026-05-25T05:35:38Z,87.7,43.0,670.9,81.1
2026-05-25T05:38:30Z,87.7,43.0,671.9,81.0
2026-05-25T05:40:34Z,87.7,43.0,670.7,81.1
2026-05-25T05:42:37Z,87.7,43.0,670.9,81.1
2026-05-25T05:45:01Z,87.7,43.0,671.0,81.1
2026-05-25T05:47:25Z,87.7,43.0,671.3,81.0
2026-05-25T05:49:48Z,87.7,43.0,671.4,81.0
2026-05-25T05:52:12Z,87.7,43.0,670.0,81.1
2026-05-25T05:54:36Z,87.6,43.1,668.6,81.1
2026-05-25T05:56:40Z,87.6,43.1,667.2,81.2
2026-05-25T05:58:43Z,87.6,43.1,663.2,81.3
2026-05-25T06:00:47Z,87.6,43.1,662.0,81.3
2026-05-25T06:02:51Z,87.6,43.1,661.3,81.3
2026-05-25T06:05:02Z,87.6,43.1,660.9,81.3
2026-05-25T06:07:05Z,87.6,43.1,661.3,81.3
2026-05-25T06:09:09Z,87.6,43.1,661.5,81.3
2026-05-25T06:11:13Z,87.6,43.1,661.7,81.3
2026-05-25T06:13:17Z,87.6,43.1,661.5,81.3
2026-05-25T06:16:07Z,87.6,43.1,663.2,81.3
2026-05-25T06:18:10Z,87.6,43.1,662.2,81.3
2026-05-25T06:20:14Z,87.6,43.1,661.6,81.3
2026-05-25T06:22:37Z,87.6,43.1,662.1,81.3
2026-05-25T06:25:01Z,87.6,43.1,662.4,81.3
2026-05-25T06:27:25Z,87.6,43.1,662.6,81.3
2026-05-25T06:29:49Z,87.6,43.1,661.9,81.3
2026-05-25T06:32:13Z,87.6,43.1,660.7,81.3
2026-05-25T06:34:17Z,87.6,43.1,659.3,81.4
2026-05-25T06:36:20Z,87.6,43.1,657.6,81.4
2026-05-25T06:38:24Z,87.6,43.1,655.6,81.5
2026-05-25T06:40:29Z,87.6,43.1,656.3,81.5
2026-05-25T06:42:32Z,87.6,43.1,656.0,81.5
2026-05-25T06:44:35Z,87.6,43.1,656.3,81.5
2026-05-25T06:46:39Z,87.5,43.1,656.5,81.5
2026-05-25T06:48:42Z,87.6,43.1,656.6,81.5
2026-05-25T06:50:46Z,87.6,43.1,656.7,81.5
2026-05-25T06:53:42Z,87.6,43.1,657.6,81.4
2026-05-25T06:55:46Z,87.6,43.1,656.5,81.5
2026-05-25T06:57:49Z,87.6,43.1,655.9,81.5
2026-05-25T07:00:13Z,87.6,43.1,656.2,81.5
2026-05-25T07:02:18Z,87.6,43.1,656.0,81.5
2026-05-25T07:04:31Z,87.6,43.1,656.6,81.5
2026-05-25T07:06:34Z,87.6,43.1,656.8,81.5
2026-05-25T07:08:58Z,87.6,43.1,656.5,81.5
2026-05-25T07:11:02Z,87.6,43.1,656.9,81.5
2026-05-25T07:13:06Z,87.6,43.1,654.4,81.5
2026-05-25T07:15:11Z,87.6,43.1,653.3,81.6
2026-05-25T07:17:14Z,87.6,43.1,653.0,81.6
2026-05-25T07:19:17Z,87.6,43.1,653.2,81.6
2026-05-25T07:21:21Z,87.6,43.1,653.1,81.6
2026-05-25T07:23:28Z,87.6,43.1,653.4,81.6
2026-05-25T07:25:32Z,87.6,43.1,654.1,81.5
2026-05-25T07:28:23Z,87.6,43.1,653.9,81.5
2026-05-25T07:30:27Z,87.6,43.1,653.3,81.6
2026-05-25T07:32:31Z,87.6,43.1,652.2,81.6
2026-05-25T07:34:35Z,87.6,43.1,652.1,81.6
2026-05-25T07:36:38Z,87.6,43.1,650.9,81.6
2026-05-25T07:38:42Z,87.6,43.1,650.9,81.6
2026-05-25T07:40:45Z,87.6,43.1,651.3,81.6
2026-05-25T07:42:48Z,87.6,43.1,651.0,81.6
2026-05-25T07:44:53Z,87.6,43.1,650.3,81.6
2026-05-25T07:46:56Z,87.6,43.1,649.4,81.7
2026-05-25T07:49:00Z,87.6,43.1,648.3,81.7
2026-05-25T07:51:03Z,87.6,43.1,647.1,81.7
2026-05-25T07:53:07Z,87.6,43.1,646.0,81.8
2026-05-25T07:55:10Z,87.6,43.1,645.0,81.8
2026-05-25T07:57:14Z,87.6,43.1,643.6,81.8
2026-05-25T07:59:17Z,87.6,43.1,642.0,81.9
2026-05-25T08:01:22Z,87.6,43.1,642.7,81.9
2026-05-25T08:03:25Z,87.6,43.1,643.1,81.8
2026-05-25T08:05:29Z,87.6,43.1,643.1,81.8
2026-05-25T08:07:32Z,87.6,43.1,643.4,81.8
2026-05-25T08:09:36Z,87.6,43.1,643.4,81.8
2026-05-25T08:11:39Z,87.5,43.1,642.9,81.9
2026-05-25T08:13:43Z,87.5,43.1,643.2,81.8
2026-05-25T08:15:46Z,87.5,43.1,642.6,81.9
2026-05-25T08:17:50Z,87.5,43.1,642.7,81.9
2026-05-25T08:19:53Z,87.5,43.1,641.7,81.9
2026-05-25T08:21:57Z,87.5,43.1,640.4,81.9
2026-05-25T08:24:00Z,87.5,43.1,640.2,81.9
2026-05-25T08:26:04Z,87.5,43.1,640.1,81.9
2026-05-25T08:28:07Z,87.5,43.1,639.8,81.9
2026-05-25T08:30:11Z,87.5,43.1,640.2,81.9
2026-05-25T08:32:14Z,87.5,43.1,640.0,81.9
2026-05-25T08:34:18Z,87.5,43.1,639.9,81.9
2026-05-25T08:36:22Z,87.5,43.1,640.0,81.9
2026-05-25T08:38:25Z,87.5,43.1,640.3,81.9
2026-05-25T08:40:29Z,87.5,43.1,640.4,81.9
2026-05-25T08:42:32Z,87.5,43.1,640.8,81.9
2026-05-25T08:44:36Z,87.5,43.1,641.1,81.9
2026-05-25T08:46:39Z,87.5,43.1,641.1,81.9
2026-05-25T08:48:43Z,87.5,43.1,641.4,81.9
2026-05-25T08:50:46Z,87.5,43.1,640.9,81.9
2026-05-25T08:52:49Z,87.5,43.1,640.4,81.9
2026-05-25T08:54:53Z,87.5,43.1,639.2,82.0
2026-05-25T08:56:57Z,87.5,43.1,637.6,82.0
2026-05-25T08:58:29Z,87.5,43.1,637.6,82.0
2026-05-25T08:59:20Z,87.5,43.1,637.5,82.0
2026-05-25T09:01:25Z,87.5,43.1,638.1,82.0
2026-05-25T09:03:28Z,87.5,43.1,638.0,82.0
2026-05-25T09:05:32Z,87.5,43.1,638.5,82.0
2026-05-25T09:07:36Z,87.5,43.1,638.6,82.0
2026-05-25T09:09:41Z,87.5,43.1,639.0,82.0
2026-05-25T09:11:46Z,87.5,43.1,639.0,82.0
2026-05-25T09:13:50Z,87.5,43.1,639.3,82.0
2026-05-25T09:15:53Z,87.5,43.1,639.5,81.9
2026-05-25T09:17:57Z,87.5,43.1,640.0,81.9
2026-05-25T09:20:00Z,87.5,43.1,639.8,81.9
2026-05-25T09:22:03Z,87.5,43.1,640.2,81.9
2026-05-25T09:25:20Z,87.5,43.1,642.2,81.9
2026-05-25T09:27:23Z,87.5,43.1,641.6,81.9
2026-05-25T09:29:27Z,87.5,43.1,641.8,81.9
2026-05-25T09:31:30Z,87.5,43.1,642.1,81.9
2026-05-25T09:33:33Z,87.5,43.1,641.3,81.9
2026-05-25T09:35:37Z,87.5,43.1,641.0,81.9
2026-05-25T09:37:40Z,87.5,43.1,641.2,81.9
2026-05-25T09:39:44Z,87.5,43.1,640.7,81.9
2026-05-25T09:41:47Z,87.5,43.1,639.8,81.9
2026-05-25T09:43:50Z,87.5,43.1,639.0,82.0
2026-05-25T09:45:55Z,87.5,43.1,638.6,82.0
2026-05-25T09:47:58Z,87.5,43.1,639.0,82.0
2026-05-25T09:50:01Z,87.5,43.2,639.1,82.0
2026-05-25T09:52:05Z,87.5,43.2,639.1,82.0
2026-05-25T09:54:08Z,87.5,43.2,639.0,82.0
2026-05-25T09:56:12Z,87.5,43.2,638.7,82.0
2026-05-25T09:58:15Z,87.5,43.2,638.9,82.0
2026-05-25T10:00:18Z,87.5,43.2,638.8,82.0
2026-05-25T10:02:22Z,87.5,43.2,639.4,82.0
2026-05-25T10:04:25Z,87.5,43.2,639.4,81.9
2026-05-25T10:06:28Z,87.5,43.2,639.5,81.9
2026-05-25T10:08:32Z,87.5,43.2,639.6,81.9
2026-05-25T10:10:35Z,87.5,43.2,640.0,81.9
2026-05-25T10:12:39Z,87.5,43.2,640.2,81.9
2026-05-25T10:14:43Z,87.5,43.2,640.3,81.9
2026-05-25T10:16:46Z,87.4,43.2,640.6,81.9
2026-05-25T10:18:50Z,87.4,43.2,640.3,81.9
2026-05-25T10:20:53Z,87.4,43.2,640.5,81.9
2026-05-25T10:22:57Z,87.4,43.2,640.6,81.9
2026-05-25T10:25:00Z,87.4,43.2,640.9,81.9
2026-05-25T10:27:03Z,87.4,43.2,641.0,81.9
2026-05-25T10:29:07Z,87.4,43.2,640.8,81.9
2026-05-25T10:31:10Z,87.4,43.2,640.2,81.9
2026-05-25T10:33:13Z,87.4,43.2,640.0,81.9
2026-05-25T10:35:17Z,87.4,43.2,640.5,81.9
2026-05-25T10:37:20Z,87.4,43.2,640.6,81.9
2026-05-25T10:39:23Z,87.4,43.2,641.0,81.9
2026-05-25T10:41:27Z,87.4,43.2,641.4,81.9
2026-05-25T10:43:30Z,87.4,43.2,641.5,81.9
2026-05-25T10:45:34Z,87.4,43.2,641.5,81.9
2026-05-25T10:47:37Z,87.4,43.2,641.9,81.9
2026-05-25T10:49:40Z,87.4,43.2,641.8,81.9
2026-05-25T10:51:44Z,87.4,43.2,642.1,81.9
2026-05-25T10:53:47Z,87.4,43.2,658.1,81.4
2026-05-25T10:56:36Z,87.4,43.2,658.3,81.4
2026-05-25T10:58:39Z,87.4,43.2,657.5,81.4
2026-05-25T11:00:43Z,87.4,43.2,656.0,81.5
2026-05-25T11:02:46Z,87.4,43.2,654.8,81.5
2026-05-25T11:04:49Z,87.4,43.2,658.3,81.4
2026-05-25T11:07:13Z,87.4,43.2,658.1,81.4
2026-05-25T11:09:17Z,87.4,43.2,657.0,81.5
2026-05-25T11:11:20Z,87.4,43.2,657.1,81.5
2026-05-25T11:13:44Z,87.4,43.2,657.2,81.4
2026-05-25T11:16:08Z,87.4,43.2,657.6,81.4
2026-05-25T11:18:32Z,87.4,43.2,657.8,81.4
2026-05-25T11:20:56Z,87.4,43.2,657.4,81.4
2026-05-25T11:23:20Z,87.4,43.2,657.5,81.4
2026-05-25T11:25:44Z,87.4,43.2,655.9,81.5
2026-05-25T11:27:48Z,87.4,43.2,655.6,81.5
2026-05-25T11:30:37Z,87.4,43.2,655.9,81.5
2026-05-25T11:32:41Z,87.4,43.2,654.8,81.5
2026-05-25T11:34:36Z,87.4,43.2,654.1,81.5
2026-05-25T11:36:40Z,87.4,43.2,654.2,81.5
2026-05-25T11:37:15Z,87.4,43.2,653.6,81.5
2026-05-25T11:39:18Z,87.4,43.2,653.2,81.6
2026-05-25T11:41:22Z,87.4,43.2,653.5,81.6
2026-05-25T11:43:25Z,87.4,43.2,653.7,81.5
2026-05-25T11:45:28Z,87.4,43.2,653.8,81.5
2026-05-25T11:47:32Z,87.4,43.2,653.4,81.6
2026-05-25T11:49:35Z,87.4,43.2,652.7,81.6
2026-05-25T11:51:39Z,87.4,43.2,652.9,81.6
2026-05-25T11:53:42Z,87.4,43.2,653.2,81.6
2026-05-25T11:55:45Z,87.4,43.2,653.6,81.5
2026-05-25T11:57:49Z,87.4,43.2,653.6,81.5
2026-05-25T11:59:52Z,87.4,43.2,653.9,81.5
2026-05-25T12:01:55Z,87.4,43.2,653.9,81.5
2026-05-25T12:03:59Z,87.4,43.2,652.9,81.6
2026-05-25T12:06:02Z,87.4,43.2,652.6,81.6
2026-05-25T12:08:06Z,87.4,43.2,652.5,81.6
2026-05-25T12:10:09Z,87.4,43.2,652.5,81.6
2026-05-25T12:12:12Z,87.4,43.2,652.6,81.6
2026-05-25T12:14:16Z,87.4,43.2,652.9,81.6
2026-05-25T12:16:19Z,87.4,43.2,653.3,81.6
2026-05-25T12:18:22Z,87.4,43.2,653.3,81.6
2026-05-25T12:20:26Z,87.4,43.2,653.5,81.6
2026-05-25T12:22:29Z,87.4,43.2,654.0,81.5
2026-05-25T12:24:32Z,87.4,43.2,653.4,81.6
2026-05-25T12:26:36Z,87.4,43.2,653.3,81.6
2026-05-25T12:28:39Z,87.4,43.2,652.0,81.6
2026-05-25T12:30:43Z,87.4,43.2,651.9,81.6
2026-05-25T12:32:46Z,87.4,43.2,652.3,81.6
2026-05-25T12:34:50Z,87.4,43.2,652.4,81.6
2026-05-25T12:36:53Z,87.4,43.2,652.5,81.6
2026-05-25T12:38:56Z,87.4,43.2,652.4,81.6
2026-05-25T12:41:00Z,87.4,43.2,653.1,81.6
2026-05-25T12:43:03Z,87.4,43.2,653.1,81.6
2026-05-25T12:45:07Z,87.4,43.2,653.1,81.6
2026-05-25T12:47:10Z,87.4,43.2,653.4,81.6
2026-05-25T12:49:14Z,87.4,43.2,653.6,81.6
2026-05-25T12:51:17Z,87.4,43.2,653.9,81.5
2026-05-25T12:53:21Z,87.4,43.2,654.2,81.5
2026-05-25T12:55:24Z,87.4,43.2,654.1,81.5
2026-05-25T12:57:28Z,87.4,43.2,654.4,81.5
2026-05-25T12:59:31Z,87.4,43.2,654.6,81.5
2026-05-25T13:01:35Z,87.4,43.2,654.6,81.5
2026-05-25T13:03:38Z,87.4,43.2,654.7,81.5
2026-05-25T13:05:41Z,87.4,43.2,655.2,81.5
2026-05-25T13:07:45Z,87.4,43.2,655.3,81.5
2026-05-25T13:09:48Z,87.4,43.2,655.5,81.5
2026-05-25T13:11:52Z,87.4,43.2,655.8,81.5
2026-05-25T13:13:55Z,87.4,43.2,656.1,81.5
2026-05-25T13:15:58Z,87.4,43.2,656.3,81.5
2026-05-25T13:18:02Z,87.4,43.2,656.8,81.5
2026-05-25T13:20:05Z,87.4,43.2,656.6,81.5
2026-05-25T13:22:09Z,87.4,43.2,656.6,81.5
2026-05-25T13:24:12Z,87.4,43.2,656.9,81.5
2026-05-25T13:26:16Z,87.3,43.3,657.3,81.4
2026-05-25T13:28:19Z,87.3,43.3,657.4,81.4
2026-05-25T13:30:22Z,87.3,43.3,657.7,81.4
2026-05-25T13:32:26Z,87.3,43.3,657.8,81.4
2026-05-25T13:34:29Z,87.3,43.3,658.1,81.4
2026-05-25T13:36:33Z,87.3,43.3,658.3,81.4
2026-05-25T13:38:36Z,87.3,43.3,658.4,81.4
2026-05-25T13:40:39Z,87.3,43.3,658.7,81.4
2026-05-25T13:42:43Z,87.3,43.3,659.0,81.4
2026-05-25T13:44:46Z,87.3,43.3,659.4,81.4
2026-05-25T13:46:50Z,87.3,43.3,659.5,81.4
2026-05-25T13:48:53Z,87.3,43.3,660.0,81.4
2026-05-25T13:50:56Z,87.3,43.3,660.1,81.4
2026-05-25T13:53:00Z,87.3,43.3,660.4,81.4
2026-05-25T13:55:03Z,87.3,43.3,660.4,81.4
2026-05-25T13:57:06Z,87.3,43.3,660.8,81.3
2026-05-25T13:59:10Z,87.3,43.3,662.0,81.3
2026-05-25T14:01:13Z,87.3,43.3,662.2,81.3
2026-05-25T14:03:16Z,87.3,43.3,662.5,81.3
2026-05-25T14:05:20Z,87.3,43.3,662.7,81.3
2026-05-25T14:07:23Z,87.3,43.3,663.0,81.3
2026-05-25T14:09:26Z,87.3,43.3,663.1,81.3
2026-05-25T14:11:30Z,87.3,43.3,663.3,81.3
2026-05-25T14:13:33Z,87.3,43.3,663.7,81.3
2026-05-25T14:15:36Z,87.3,43.3,663.7,81.3
2026-05-25T14:17:40Z,87.3,43.3,664.0,81.3
2026-05-25T14:19:43Z,87.3,43.3,664.1,81.3
2026-05-25T14:21:46Z,87.3,43.3,664.3,81.2
2026-05-25T14:23:50Z,87.3,43.3,664.5,81.2
2026-05-25T14:25:53Z,87.3,43.3,665.0,81.2
2026-05-25T14:27:57Z,87.3,43.3,665.1,81.2
2026-05-25T14:30:00Z,87.3,43.3,665.5,81.2
2026-05-25T14:32:03Z,87.3,43.3,665.5,81.2
2026-05-25T14:34:07Z,87.3,43.3,665.7,81.2
2026-05-25T14:36:10Z,87.3,43.3,666.1,81.2
2026-05-25T14:38:14Z,87.3,43.3,666.3,81.2
2026-05-25T14:40:17Z,87.3,43.3,666.6,81.2
2026-05-25T14:42:20Z,87.3,43.3,666.7,81.2
2026-05-25T14:44:24Z,87.3,43.3,666.9,81.2
2026-05-25T14:46:27Z,87.3,43.3,667.1,81.2
2026-05-25T14:48:31Z,87.3,43.3,667.5,81.2
2026-05-25T14:50:34Z,87.3,43.3,668.0,81.1
2026-05-25T14:52:37Z,87.3,43.3,667.8,81.1
2026-05-25T14:54:41Z,87.3,43.3,668.1,81.1
2026-05-25T14:56:44Z,87.3,43.3,668.2,81.1
2026-05-25T14:58:49Z,87.3,43.3,668.5,81.1
2026-05-25T15:00:53Z,87.3,43.3,668.5,81.1
2026-05-25T15:02:56Z,87.3,43.3,668.7,81.1
2026-05-25T15:05:00Z,87.3,43.3,669.1,81.1
2026-05-25T15:07:03Z,87.3,43.3,669.5,81.1
2026-05-25T15:09:06Z,87.3,43.3,670.0,81.1
2026-05-25T15:11:09Z,87.3,43.3,670.0,81.1
2026-05-25T15:13:13Z,87.3,43.3,670.7,81.1
2026-05-25T15:15:16Z,87.3,43.3,670.8,81.1
2026-05-25T15:17:19Z,87.3,43.3,671.0,81.1
2026-05-25T15:19:23Z,87.3,43.3,671.2,81.1
2026-05-25T15:21:26Z,87.3,43.3,671.4,81.0
2026-05-25T15:23:30Z,87.3,43.3,671.6,81.0
2026-05-25T15:26:29Z,87.3,43.3,671.3,81.0
2026-05-25T15:26:54Z,87.3,43.3,670.9,81.1
2026-05-25T15:29:15Z,87.3,43.3,671.4,81.0
2026-05-25T15:31:19Z,87.3,43.3,670.7,81.1
2026-05-25T15:33:22Z,87.3,43.3,670.6,81.1
2026-05-25T15:34:08Z,87.3,43.3,670.6,81.1
2026-05-25T15:36:32Z,87.3,43.3,670.8,81.1
2026-05-25T15:38:35Z,87.3,43.3,669.3,81.1
2026-05-25T15:40:39Z,87.3,43.3,669.8,81.1
2026-05-25T15:42:43Z,87.3,43.3,669.4,81.1
2026-05-25T15:44:46Z,87.3,43.3,668.9,81.1
2026-05-25T15:46:50Z,87.3,43.3,668.8,81.1
2026-05-25T15:47:52Z,87.3,43.3,669.2,81.1
2026-05-25T15:49:23Z,87.3,43.3,669.3,81.1
2026-05-25T15:51:27Z,87.3,43.3,669.4,81.1
2026-05-25T15:53:30Z,87.3,43.3,669.6,81.1
2026-05-25T15:55:33Z,87.3,43.3,670.0,81.1
2026-05-25T15:57:37Z,87.3,43.3,669.2,81.1
2026-05-25T15:59:41Z,87.3,43.3,669.1,81.1
2026-05-25T16:01:44Z,87.3,43.3,669.3,81.1
2026-05-25T16:03:48Z,87.3,43.3,669.6,81.1
2026-05-25T16:06:39Z,87.3,43.3,670.3,81.1
2026-05-25T16:08:42Z,87.3,43.3,668.8,81.1
2026-05-25T16:10:46Z,87.3,43.3,667.9,81.1
2026-05-25T16:12:50Z,87.3,43.3,668.3,81.1
2026-05-25T16:14:53Z,87.3,43.3,668.4,81.1
2026-05-25T16:16:57Z,87.3,43.3,674.9,80.9
2026-05-25T16:19:01Z,87.3,43.3,674.8,80.9
2026-05-25T16:21:04Z,87.3,43.3,674.4,81.0
2026-05-25T16:23:08Z,87.3,43.3,676.0,80.9
2026-05-25T16:25:32Z,87.3,43.3,689.4,80.5
2026-05-25T16:27:56Z,87.3,43.3,689.9,80.5
2026-05-25T16:30:20Z,87.3,43.3,692.5,80.5
2026-05-25T16:32:44Z,87.3,43.3,692.8,80.4
2026-05-25T16:34:49Z,87.2,43.3,697.5,80.3
2026-05-25T16:36:52Z,87.2,43.3,698.1,80.3
2026-05-25T16:37:54Z,87.2,43.3,698.8,80.3
2026-05-25T16:39:57Z,87.2,43.3,699.1,80.3
2026-05-25T16:42:01Z,87.2,43.3,701.0,80.2
2026-05-25T16:45:02Z,87.2,43.3,701.8,80.2
2026-05-25T16:47:05Z,87.2,43.3,700.8,80.2
2026-05-25T16:49:09Z,87.2,43.3,699.7,80.2
2026-05-25T16:51:13Z,87.2,43.3,699.5,80.3
2026-05-25T16:53:17Z,87.2,43.3,699.2,80.3
2026-05-25T16:55:20Z,87.2,43.3,699.5,80.3
2026-05-25T16:57:24Z,87.2,43.3,704.3,80.1
2026-05-25T16:59:28Z,87.2,43.3,704.3,80.1
2026-05-25T17:01:32Z,87.2,43.3,704.3,80.1
2026-05-25T17:03:35Z,87.2,43.3,705.5,80.1
2026-05-25T17:05:39Z,87.2,43.3,708.0,80.0
2026-05-25T17:07:42Z,87.2,43.3,708.4,80.0
2026-05-25T17:09:46Z,87.2,43.3,707.9,80.0
2026-05-25T17:11:49Z,87.2,43.3,707.8,80.0
2026-05-25T17:13:53Z,87.2,43.3,708.2,80.0
2026-05-25T17:15:56Z,87.2,43.3,708.7,80.0
2026-05-25T17:18:00Z,87.2,43.3,708.5,80.0
2026-05-25T17:20:04Z,87.2,43.3,714.9,79.8
2026-05-25T17:22:07Z,87.2,43.3,715.3,79.8
2026-05-25T17:24:11Z,87.2,43.3,715.5,79.8
2026-05-25T17:26:14Z,87.2,43.3,715.6,79.8
2026-05-25T17:28:18Z,87.2,43.3,715.8,79.8
2026-05-25T17:30:21Z,87.2,43.3,716.0,79.8
2026-05-25T17:32:25Z,87.2,43.3,716.4,79.8
2026-05-25T17:34:28Z,87.2,43.3,716.3,79.8
2026-05-25T17:36:32Z,87.2,43.3,723.7,79.6
2026-05-25T17:38:35Z,87.2,43.3,723.8,79.6
2026-05-25T17:40:38Z,87.2,43.3,723.7,79.6
2026-05-25T17:42:42Z,87.2,43.3,724.1,79.6
2026-05-25T17:44:46Z,87.2,43.3,724.3,79.6
2026-05-25T17:46:49Z,87.2,43.3,724.2,79.6
2026-05-25T17:48:53Z,87.2,43.3,723.5,79.6
2026-05-25T17:50:57Z,87.2,43.3,723.4,79.6
2026-05-25T17:53:01Z,87.2,43.3,724.2,79.6
2026-05-25T17:55:54Z,87.2,43.3,732.0,79.3
2026-05-25T17:57:57Z,87.2,43.3,730.9,79.4
2026-05-25T18:00:01Z,87.2,43.3,729.7,79.4
2026-05-25T18:02:05Z,87.2,43.3,729.2,79.4
2026-05-25T18:04:09Z,87.2,43.3,729.2,79.4
2026-05-25T18:06:13Z,87.2,43.3,729.5,79.4
2026-05-25T18:08:37Z,87.2,43.3,729.7,79.4
2026-05-25T18:11:24Z,87.2,43.3,729.8,79.4
2026-05-25T18:13:27Z,87.2,43.3,732.5,79.3
2026-05-25T18:15:31Z,87.2,43.3,735.2,79.2
2026-05-25T18:17:34Z,87.2,43.4,734.6,79.3
2026-05-25T18:19:38Z,87.2,43.4,734.9,79.3
2026-05-25T18:22:02Z,86.9,43.5,735.2,79.2
2026-05-25T18:24:26Z,86.9,43.5,735.1,79.2
2026-05-25T18:27:14Z,86.9,43.5,743.2,79.0
2026-05-25T18:29:18Z,86.9,43.5,741.9,79.1
2026-05-25T18:31:21Z,86.9,43.5,740.6,79.1
2026-05-25T18:33:25Z,86.9,43.5,740.7,79.1
2026-05-25T18:35:29Z,86.9,43.5,740.3,79.1
2026-05-25T18:37:33Z,86.9,43.5,740.3,79.1
2026-05-25T18:39:57Z,86.9,43.5,740.4,79.1
2026-05-25T18:42:01Z,86.9,43.5,740.6,79.1
2026-05-25T18:44:49Z,86.9,43.6,749.7,78.8
2026-05-25T18:46:53Z,86.9,43.5,748.5,78.9
2026-05-25T18:48:56Z,86.9,43.5,747.4,78.9
2026-05-25T18:51:00Z,86.9,43.5,747.1,78.9
2026-05-25T18:53:04Z,86.9,43.5,746.4,78.9
2026-05-25T18:55:07Z,86.9,43.5,746.7,78.9
2026-05-25T18:57:32Z,86.9,43.5,746.6,78.9
2026-05-25T18:59:35Z,86.9,43.5,747.0,78.9
2026-05-25T19:01:39Z,86.9,43.5,746.2,78.9
2026-05-25T19:03:43Z,86.9,43.5,745.0,79.0
2026-05-25T19:05:47Z,86.9,43.5,756.4,78.6
2026-05-25T19:07:51Z,86.9,43.5,755.8,78.7
2026-05-25T19:09:55Z,86.9,43.5,755.7,78.7
2026-05-25T19:11:58Z,86.9,43.5,756.2,78.7
2026-05-25T19:14:03Z,86.9,43.5,756.3,78.7
2026-05-25T19:16:06Z,86.9,43.5,756.8,78.6
2026-05-25T19:18:10Z,86.9,43.5,756.7,78.6
2026-05-25T19:19:58Z,86.9,43.5,757.7,78.6
2026-05-25T19:22:01Z,86.9,43.5,756.3,78.7
2026-05-25T19:24:05Z,86.9,43.5,755.7,78.7
2026-05-25T19:26:09Z,86.9,43.5,767.3,78.3
2026-05-25T19:28:33Z,86.9,43.5,766.7,78.4
2026-05-25T19:29:56Z,86.9,43.5,766.5,78.4
2026-05-25T19:32:00Z,86.9,43.5,767.0,78.3
2026-05-25T19:34:24Z,86.9,43.5,766.7,78.4
2026-05-25T19:36:28Z,86.9,43.5,767.2,78.3
2026-05-25T19:39:15Z,86.9,43.5,766.9,78.4
2026-05-25T19:41:18Z,86.9,43.5,766.1,78.4
2026-05-25T19:43:22Z,86.9,43.5,765.8,78.4
2026-05-25T19:44:58Z,86.9,43.5,766.6,78.4
2026-05-25T19:47:02Z,86.9,43.5,765.3,78.4
2026-05-25T19:49:06Z,86.9,43.5,764.6,78.4
2026-05-25T19:51:10Z,86.9,43.5,764.1,78.4
2026-05-25T19:51:57Z,86.9,43.5,764.7,78.4
2026-05-25T19:54:01Z,86.9,43.5,763.4,78.4
2026-05-25T19:56:05Z,86.9,43.5,762.3,78.5
2026-05-25T19:58:08Z,86.9,43.5,760.9,78.5
2026-05-25T20:00:12Z,86.9,43.5,761.0,78.5
2026-05-25T20:02:16Z,86.9,43.5,761.3,78.5
2026-05-25T20:04:19Z,86.9,43.5,761.4,78.5
2026-05-25T20:06:23Z,86.9,43.5,761.3,78.5
2026-05-25T20:08:26Z,86.9,43.5,761.8,78.5
2026-05-25T20:10:30Z,86.9,43.5,761.7,78.5
2026-05-25T20:12:34Z,86.9,43.5,761.8,78.5
2026-05-25T20:14:37Z,86.9,43.5,761.6,78.5
2026-05-25T20:16:42Z,86.9,43.5,761.7,78.5
2026-05-25T20:18:45Z,86.8,43.6,761.1,78.5
2026-05-25T20:20:49Z,86.9,43.5,760.8,78.5
2026-05-25T20:22:53Z,86.9,43.5,760.8,78.5
2026-05-25T20:24:56Z,86.9,43.5,761.1,78.5
2026-05-25T20:27:00Z,86.9,43.5,761.2,78.5
2026-05-25T20:29:04Z,86.9,43.5,770.0,78.3
2026-05-25T20:31:07Z,86.9,43.5,770.1,78.3
2026-05-25T20:33:11Z,86.9,43.5,770.0,78.3
2026-05-25T20:35:14Z,86.9,43.5,769.6,78.3
2026-05-25T20:37:18Z,86.9,43.5,771.4,78.2
2026-05-25T20:39:21Z,86.9,43.5,772.0,78.2
2026-05-25T20:41:25Z,86.9,43.5,771.6,78.2
2026-05-25T20:43:28Z,86.9,43.5,771.5,78.2
2026-05-25T20:44:22Z,86.9,43.5,771.4,78.2
2026-05-25T20:46:44Z,86.9,43.5,771.3,78.2
2026-05-25T20:49:04Z,86.9,43.6,769.9,78.3
2026-05-25T20:49:38Z,86.9,43.5,768.8,78.3
2026-05-25T20:52:06Z,86.9,43.6,767.0,78.3
2026-05-25T20:53:13Z,86.9,43.6,766.2,78.4
2026-05-25T20:55:16Z,86.9,43.6,764.6,78.4
2026-05-25T20:55:54Z,86.9,43.6,764.0,78.4
2026-05-25T20:58:23Z,86.9,43.6,762.8,78.5
2026-05-25T20:59:41Z,86.9,43.6,762.0,78.5
2026-05-25T21:02:07Z,86.9,43.6,763.6,78.4
2026-05-25T21:04:23Z,86.9,43.6,765.5,78.4
2026-05-25T21:04:32Z,86.9,43.6,766.1,78.4
2026-05-25T21:06:36Z,86.9,43.6,765.3,78.4
2026-05-25T21:08:39Z,86.9,43.6,764.5,78.4
2026-05-25T21:10:43Z,86.9,43.6,763.2,78.5
2026-05-25T21:13:57Z,86.9,43.6,763.4,78.4
2026-05-25T21:15:14Z,86.9,43.6,764.1,78.4
2026-05-25T21:17:17Z,86.9,43.6,763.5,78.4
2026-05-25T21:18:08Z,86.9,43.6,763.9,78.4
2026-05-25T21:20:11Z,86.9,43.6,763.7,78.4
2026-05-25T21:22:07Z,86.9,43.6,763.5,78.4
2026-05-25T21:24:11Z,86.9,43.6,763.5,78.4
2026-05-25T21:26:14Z,86.9,43.6,763.5,78.4
2026-05-25T21:28:18Z,86.9,43.6,763.9,78.4
2026-05-25T21:30:43Z,86.9,43.6,763.7,78.4
2026-05-25T21:32:47Z,86.9,43.6,763.9,78.4
2026-05-25T21:35:11Z,86.9,43.6,763.7,78.4
2026-05-25T21:37:35Z,86.9,43.6,763.8,78.4
2026-05-25T21:40:00Z,86.9,43.6,763.4,78.4
2026-05-25T21:42:04Z,86.9,43.6,762.9,78.5
2026-05-25T21:44:08Z,86.9,43.6,762.4,78.5
2026-05-25T21:46:12Z,86.9,43.6,762.2,78.5
2026-05-25T21:48:15Z,86.9,43.6,762.4,78.5
2026-05-25T21:50:19Z,86.9,43.6,762.3,78.5
2026-05-25T21:52:22Z,86.9,43.6,762.5,78.5
2026-05-25T21:54:26Z,86.9,43.6,762.5,78.5
2026-05-25T21:56:30Z,86.9,43.6,762.5,78.5
2026-05-25T21:58:33Z,86.9,43.6,762.3,78.5
2026-05-25T22:00:37Z,86.9,43.6,762.0,78.5
2026-05-25T22:02:40Z,86.9,43.6,761.7,78.5
2026-05-25T22:04:44Z,86.9,43.6,761.4,78.5
2026-05-25T22:06:47Z,86.9,43.6,761.5,78.5
2026-05-25T22:08:51Z,86.9,43.6,761.2,78.5
2026-05-25T22:10:30Z,86.9,43.6,761.0,78.5
2026-05-25T22:12:33Z,86.9,43.6,760.4,78.5
2026-05-25T22:14:37Z,86.9,43.6,762.5,78.5
2026-05-25T22:16:40Z,86.9,43.6,765.3,78.4
2026-05-25T22:18:44Z,86.9,43.6,768.5,78.3
2026-05-25T22:20:48Z,86.9,43.6,774.3,78.1
2026-05-25T22:22:51Z,86.9,43.6,778.8,78.0
2026-05-25T22:24:55Z,86.9,43.6,786.1,77.8
2026-05-25T22:26:58Z,86.9,43.6,790.6,77.7
2026-05-25T22:29:02Z,86.9,43.6,796.1,77.5
2026-05-25T22:31:06Z,86.8,43.6,801.7,77.4
2026-05-25T22:33:09Z,86.9,43.6,803.3,77.3
2026-05-25T22:35:13Z,86.9,43.6,807.4,77.2
2026-05-25T22:37:17Z,86.9,43.6,807.1,77.2
2026-05-25T22:39:20Z,86.9,43.6,806.8,77.2
2026-05-25T22:41:24Z,86.9,43.6,806.8,77.2
2026-05-25T22:43:27Z,86.9,43.6,806.3,77.2
2026-05-25T22:45:31Z,86.9,43.6,806.4,77.2
2026-05-25T22:47:34Z,86.9,43.6,805.9,77.2
2026-05-25T22:49:38Z,86.9,43.6,806.1,77.2
2026-05-25T22:51:42Z,86.9,43.6,805.7,77.3
2026-05-25T22:53:45Z,86.9,43.6,805.6,77.3
2026-05-25T22:55:49Z,86.9,43.6,805.1,77.3
2026-05-25T22:57:52Z,86.9,43.6,805.1,77.3
2026-05-25T22:59:56Z,86.9,43.6,808.5,77.2
2026-05-25T23:00:16Z,86.8,43.6,808.3,77.2
2026-05-25T23:03:12Z,86.9,43.6,807.5,77.2
2026-05-25T23:05:15Z,86.9,43.6,806.4,77.2
2026-05-25T23:07:19Z,86.8,43.6,805.4,77.3
2026-05-25T23:09:22Z,86.8,43.6,804.1,77.3
2026-05-25T23:11:26Z,86.8,43.6,802.5,77.3
2026-05-25T23:13:29Z,86.8,43.6,800.4,77.4
2026-05-25T23:15:28Z,86.8,43.6,798.9,77.4
2026-05-25T23:17:32Z,86.8,43.6,798.2,77.5
2026-05-25T23:19:35Z,86.8,43.6,798.2,77.5
2026-05-25T23:21:39Z,86.8,43.6,798.1,77.5
2026-05-25T23:23:43Z,86.8,43.6,801.3,77.4
2026-05-25T23:25:30Z,86.8,43.6,802.0,77.4
2026-05-25T23:27:34Z,86.8,43.6,801.5,77.4
2026-05-25T23:29:05Z,86.8,43.6,801.7,77.4
2026-05-25T23:32:11Z,86.8,43.6,804.6,77.3
2026-05-25T23:34:15Z,86.8,43.6,804.0,77.3
2026-05-25T23:36:53Z,86.8,43.6,804.6,77.3
2026-05-25T23:38:56Z,86.8,43.6,804.6,77.3
2026-05-25T23:40:11Z,86.7,43.6,804.7,77.3
2026-05-25T23:42:14Z,86.8,43.6,804.4,77.3
2026-05-25T23:42:44Z,86.8,43.6,804.3,77.3
2026-05-25T23:44:47Z,86.8,43.6,805.6,77.3
2026-05-25T23:45:13Z,86.8,43.6,805.3,77.3
2026-05-25T23:45:42Z,86.8,43.6,805.4,77.3
2026-05-25T23:47:19Z,86.8,43.6,809.3,77.2
2026-05-25T23:49:23Z,86.7,43.6,811.0,77.1
2026-05-25T23:51:27Z,86.8,43.6,810.7,77.1
2026-05-25T23:53:30Z,86.8,43.6,810.3,77.1
2026-05-25T23:55:34Z,86.8,43.6,810.3,77.1
2026-05-25T23:57:38Z,86.8,43.6,810.1,77.1
2026-05-25T23:59:42Z,86.8,43.6,810.0,77.1
2026-05-26T00:01:45Z,86.8,43.6,808.9,77.2
2026-05-26T00:03:49Z,86.8,43.6,808.4,77.2
2026-05-26T00:05:53Z,86.8,43.6,808.5,77.2
2026-05-26T00:07:56Z,86.8,43.6,808.3,77.2
2026-05-26T00:10:00Z,86.8,43.6,808.5,77.2
2026-05-26T00:12:04Z,86.8,43.6,807.9,77.2
2026-05-26T00:14:07Z,86.9,43.5,807.5,77.2
2026-05-26T00:16:11Z,86.9,43.5,807.4,77.2
2026-05-26T00:18:15Z,86.9,43.5,806.9,77.2
2026-05-26T00:20:19Z,86.9,43.5,806.8,77.2
2026-05-26T00:22:23Z,86.9,43.5,806.4,77.2
2026-05-26T00:24:26Z,86.9,43.5,806.1,77.2
2026-05-26T00:26:30Z,86.9,43.5,806.1,77.2
2026-05-26T00:28:34Z,86.9,43.5,806.0,77.2
2026-05-26T00:30:38Z,86.9,43.5,805.7,77.3
2026-05-26T00:32:42Z,86.9,43.5,806.5,77.2
2026-05-26T00:34:45Z,86.9,43.5,815.6,77.0
2026-05-26T00:36:49Z,86.9,43.5,815.0,77.0
2026-05-26T00:38:53Z,86.9,43.5,815.1,77.0
2026-05-26T00:40:56Z,86.9,43.5,814.6,77.0
2026-05-26T00:43:00Z,86.9,43.5,814.4,77.0
2026-05-26T00:45:04Z,86.9,43.5,814.4,77.0
2026-05-26T00:47:07Z,86.9,43.5,813.9,77.0
2026-05-26T00:49:11Z,86.9,43.5,812.5,77.1
2026-05-26T00:51:15Z,86.9,43.5,811.9,77.1
2026-05-26T00:53:43Z,86.9,43.5,811.8,77.1
2026-05-26T00:55:47Z,86.9,43.5,810.7,77.1
2026-05-26T00:57:51Z,86.9,43.5,809.4,77.2
2026-05-26T00:59:55Z,86.9,43.5,808.4,77.2
2026-05-26T01:01:58Z,86.9,43.5,808.2,77.2
2026-05-26T01:04:02Z,86.9,43.5,808.2,77.2
2026-05-26T01:06:06Z,86.9,43.5,807.8,77.2
2026-05-26T01:08:10Z,86.9,43.5,807.7,77.2
2026-05-26T01:10:13Z,86.9,43.5,807.3,77.2
2026-05-26T01:12:17Z,86.9,43.5,807.4,77.2
2026-05-26T01:14:21Z,86.9,43.5,810.8,77.1
2026-05-26T01:16:25Z,86.9,43.5,812.2,77.1
2026-05-26T01:18:29Z,86.9,43.5,813.6,77.0
2026-05-26T01:20:32Z,86.9,43.5,819.6,76.9
2026-05-26T01:22:36Z,86.9,43.5,819.2,76.9
2026-05-26T01:24:40Z,86.9,43.5,818.7,76.9
2026-05-26T01:26:44Z,86.9,43.5,818.5,76.9
2026-05-26T01:28:48Z,86.9,43.5,818.3,76.9
2026-05-26T01:30:51Z,86.9,43.5,818.1,76.9
2026-05-26T01:32:55Z,86.9,43.5,817.7,76.9
2026-05-26T01:34:59Z,86.9,43.5,817.5,76.9
2026-05-26T01:37:03Z,86.9,43.5,817.2,76.9
2026-05-26T01:39:06Z,86.9,43.5,816.8,76.9
2026-05-26T01:41:10Z,86.9,43.5,816.4,77.0
2026-05-26T01:43:14Z,86.9,43.5,816.3,77.0
2026-05-26T01:45:18Z,86.9,43.5,815.8,77.0
2026-05-26T01:47:22Z,86.9,43.5,815.7,77.0
2026-05-26T01:49:04Z,86.9,43.5,815.4,77.0
2026-05-26T01:51:53Z,86.9,43.5,815.0,77.0
2026-05-26T01:53:57Z,86.9,43.5,814.1,77.0
2026-05-26T01:56:11Z,86.9,43.5,812.4,77.1
2026-05-26T01:58:15Z,86.9,43.5,810.8,77.1
2026-05-26T02:00:18Z,86.9,43.5,809.9,77.1
2026-05-26T02:02:22Z,86.9,43.5,808.2,77.2
2026-05-26T02:04:46Z,86.9,43.6,806.5,77.2
2026-05-26T02:06:51Z,86.8,43.6,804.8,77.3
2026-05-26T02:08:55Z,86.8,43.6,804.9,77.3
2026-05-26T02:11:19Z,86.8,43.6,804.5,77.3
2026-05-26T02:13:43Z,86.8,43.6,804.0,77.3
2026-05-26T02:16:08Z,86.8,43.6,804.1,77.3
2026-05-26T02:18:32Z,86.8,43.6,803.5,77.3
2026-05-26T02:20:56Z,86.9,43.6,802.6,77.3
2026-05-26T02:23:28Z,86.9,43.6,802.6,77.3
2026-05-26T02:25:32Z,86.9,43.6,801.4,77.4
2026-05-26T02:27:35Z,86.9,43.6,800.3,77.4
2026-05-26T02:29:39Z,86.9,43.6,799.4,77.4
2026-05-26T02:32:03Z,86.9,43.6,798.6,77.5
2026-05-26T02:34:07Z,86.9,43.6,797.2,77.5
2026-05-26T02:36:13Z,86.9,43.6,796.6,77.5
2026-05-26T02:38:16Z,86.9,43.6,796.3,77.5
2026-05-26T02:40:20Z,86.9,43.6,796.1,77.5
2026-05-26T02:42:23Z,86.9,43.6,795.8,77.5
2026-05-26T02:44:15Z,86.9,43.6,805.5,77.3
2026-05-26T02:46:29Z,86.9,43.6,804.0,77.3
2026-05-26T02:48:33Z,86.9,43.6,803.0,77.3
2026-05-26T02:50:36Z,86.9,43.6,801.7,77.4
2026-05-26T02:52:40Z,86.9,43.6,800.9,77.4
2026-05-26T02:54:43Z,86.8,43.6,799.7,77.4
2026-05-26T02:56:47Z,86.8,43.6,799.4,77.4
2026-05-26T02:58:50Z,86.8,43.6,799.4,77.4
2026-05-26T03:00:54Z,86.8,43.6,799.1,77.4
2026-05-26T03:02:57Z,86.8,43.6,799.3,77.4
2026-05-26T03:05:01Z,86.8,43.6,798.3,77.5
2026-05-26T03:07:05Z,86.8,43.6,798.1,77.5
2026-05-26T03:09:08Z,86.8,43.6,798.0,77.5
2026-05-26T03:11:12Z,86.8,43.6,798.3,77.5
2026-05-26T03:13:15Z,86.8,43.6,798.1,77.5
2026-05-26T03:15:19Z,86.8,43.6,797.9,77.5
2026-05-26T03:17:23Z,86.8,43.6,797.9,77.5
2026-05-26T03:19:26Z,86.8,43.6,797.7,77.5
2026-05-26T03:21:30Z,86.8,43.6,797.4,77.5
2026-05-26T03:23:33Z,86.8,43.6,797.3,77.5
2026-05-26T03:25:37Z,86.8,43.6,797.3,77.5
2026-05-26T03:27:41Z,86.8,43.6,797.0,77.5
2026-05-26T03:29:44Z,86.8,43.6,797.3,77.5
2026-05-26T03:31:48Z,86.8,43.6,806.8,77.2
2026-05-26T03:33:51Z,86.8,43.6,806.4,77.2
2026-05-26T03:35:55Z,86.8,43.6,806.3,77.2
2026-05-26T03:37:58Z,86.8,43.6,806.2,77.2
2026-05-26T03:40:02Z,86.8,43.6,805.9,77.2
2026-05-26T03:42:05Z,86.8,43.6,805.8,77.3
2026-05-26T03:44:09Z,86.8,43.6,805.7,77.3
2026-05-26T03:46:12Z,86.8,43.6,805.5,77.3
2026-05-26T03:48:16Z,86.8,43.6,805.5,77.3
2026-05-26T03:50:20Z,86.8,43.6,805.3,77.3
2026-05-26T03:52:23Z,86.8,43.6,805.1,77.3
2026-05-26T03:54:27Z,86.8,43.6,804.9,77.3
2026-05-26T03:56:30Z,86.8,43.6,804.9,77.3
2026-05-26T03:58:34Z,86.8,43.6,805.0,77.3
2026-05-26T04:00:37Z,86.8,43.6,804.7,77.3
2026-05-26T04:02:41Z,86.8,43.6,804.5,77.3
2026-05-26T04:04:45Z,86.8,43.6,803.3,77.3
2026-05-26T04:06:48Z,86.8,43.6,803.3,77.3
2026-05-26T04:08:51Z,86.8,43.6,802.9,77.3
2026-05-26T04:10:55Z,86.8,43.6,802.9,77.3
2026-05-26T04:12:59Z,86.8,43.6,802.2,77.4
2026-05-26T04:15:02Z,86.8,43.6,807.3,77.2
2026-05-26T04:17:06Z,86.8,43.6,810.0,77.1
2026-05-26T04:19:09Z,86.8,43.6,814.6,77.0
2026-05-26T04:21:13Z,86.8,43.6,814.4,77.0
2026-05-26T04:23:16Z,86.8,43.6,814.1,77.0
2026-05-26T04:25:20Z,86.8,43.6,813.9,77.0
2026-05-26T04:27:23Z,86.8,43.6,814.0,77.0
2026-05-26T04:29:27Z,86.8,43.6,813.5,77.0
2026-05-26T04:31:31Z,86.8,43.6,813.2,77.0
2026-05-26T04:33:34Z,86.8,43.6,812.9,77.1
2026-05-26T04:35:38Z,86.8,43.6,812.7,77.1
2026-05-26T04:37:41Z,86.8,43.6,812.8,77.1
2026-05-26T04:39:45Z,86.8,43.6,812.4,77.1
2026-05-26T04:41:48Z,86.8,43.6,812.3,77.1
2026-05-26T04:43:53Z,86.8,43.6,812.0,77.1
2026-05-26T04:46:48Z,86.8,43.6,810.8,77.1
2026-05-26T04:48:52Z,86.8,43.6,809.2,77.2
2026-05-26T04:50:55Z,86.8,43.6,807.8,77.2
2026-05-26T04:52:59Z,86.8,43.6,806.7,77.2
2026-05-26T04:55:02Z,86.8,43.6,805.4,77.3
2026-05-26T04:57:07Z,86.8,43.6,804.6,77.3
2026-05-26T04:59:12Z,86.8,43.6,803.9,77.3
2026-05-26T05:01:15Z,86.8,43.6,803.7,77.3
2026-05-26T05:03:19Z,86.8,43.6,803.6,77.3
2026-05-26T05:05:22Z,86.8,43.6,803.4,77.3
2026-05-26T05:07:26Z,86.8,43.6,803.3,77.3
2026-05-26T05:09:29Z,86.8,43.6,802.5,77.3
2026-05-26T05:11:33Z,86.8,43.6,802.2,77.4
2026-05-26T05:13:37Z,86.8,43.6,801.7,77.4
2026-05-26T05:15:40Z,86.8,43.6,801.8,77.4
2026-05-26T05:17:44Z,86.8,43.6,801.2,77.4
2026-05-26T05:19:47Z,86.8,43.6,801.2,77.4
2026-05-26T05:21:51Z,86.8,43.6,801.2,77.4
2026-05-26T05:23:55Z,86.8,43.6,801.0,77.4
2026-05-26T05:25:58Z,86.8,43.6,801.0,77.4
2026-05-26T05:28:02Z,86.8,43.6,800.3,77.4
2026-05-26T05:30:05Z,86.8,43.6,800.5,77.4
2026-05-26T05:32:09Z,86.8,43.6,800.2,77.4
2026-05-26T05:34:12Z,86.8,43.6,799.5,77.4
2026-05-26T05:36:16Z,86.8,43.6,799.4,77.4
2026-05-26T05:38:19Z,86.8,43.6,799.3,77.4
2026-05-26T05:40:23Z,86.8,43.6,799.5,77.4
2026-05-26T05:42:26Z,86.8,43.6,798.9,77.4
2026-05-26T05:44:30Z,86.8,43.6,798.7,77.5
2026-05-26T05:46:33Z,86.8,43.6,798.7,77.5
2026-05-26T05:48:37Z,86.8,43.6,798.5,77.5
2026-05-26T05:50:40Z,86.8,43.6,798.1,77.5
2026-05-26T05:52:44Z,86.8,43.6,797.7,77.5
2026-05-26T05:54:47Z,86.8,43.6,797.6,77.5
2026-05-26T05:56:51Z,86.8,43.6,797.2,77.5
2026-05-26T05:58:54Z,86.8,43.6,797.1,77.5
2026-05-26T06:00:58Z,86.8,43.6,796.8,77.5
2026-05-26T06:03:01Z,86.8,43.6,796.6,77.5
2026-05-26T06:05:05Z,86.8,43.6,793.5,77.6
2026-05-26T06:07:08Z,86.8,43.6,793.0,77.6
2026-05-26T06:09:12Z,86.8,43.6,792.6,77.6
2026-05-26T06:11:16Z,86.8,43.6,793.2,77.6
2026-05-26T06:13:19Z,86.8,43.6,792.6,77.6
2026-05-26T06:15:23Z,86.8,43.6,792.3,77.6
2026-05-26T06:17:26Z,86.8,43.6,792.3,77.6
2026-05-26T06:19:30Z,86.8,43.6,792.2,77.6
2026-05-26T06:21:33Z,86.8,43.6,791.8,77.6
2026-05-26T06:23:37Z,86.8,43.6,791.8,77.6
2026-05-26T06:25:40Z,86.8,43.6,791.6,77.7
2026-05-26T06:27:44Z,86.8,43.6,791.3,77.7
2026-05-26T06:29:48Z,86.8,43.6,791.2,77.7
2026-05-26T06:31:51Z,86.8,43.6,792.2,77.6
2026-05-26T06:33:55Z,86.8,43.6,801.7,77.4
2026-05-26T06:37:06Z,86.8,43.6,803.7,77.3
2026-05-26T06:39:10Z,86.8,43.6,801.8,77.4
2026-05-26T06:41:13Z,86.8,43.6,800.1,77.4
2026-05-26T06:43:17Z,86.8,43.6,798.3,77.5
2026-05-26T06:45:20Z,86.8,43.6,796.9,77.5
2026-05-26T06:47:24Z,86.8,43.6,796.1,77.5
2026-05-26T06:49:27Z,86.8,43.6,796.1,77.5
2026-05-26T06:51:30Z,86.8,43.6,795.9,77.5
2026-05-26T06:53:34Z,86.8,43.6,796.0,77.5
2026-05-26T06:55:37Z,86.8,43.6,795.8,77.5
2026-05-26T06:57:41Z,86.8,43.6,795.7,77.5
2026-05-26T06:59:44Z,86.8,43.6,795.7,77.5
2026-05-26T07:01:48Z,86.8,43.6,795.7,77.5
2026-05-26T07:03:51Z,86.8,43.6,795.4,77.5
2026-05-26T07:05:55Z,86.8,43.6,795.3,77.5
2026-05-26T07:07:58Z,86.8,43.6,795.3,77.5
2026-05-26T07:10:02Z,86.8,43.6,795.3,77.5
2026-05-26T07:12:06Z,86.8,43.6,795.2,77.6
2026-05-26T07:14:59Z,86.8,43.6,795.3,77.5
2026-05-26T07:17:02Z,86.8,43.6,793.1,77.6
2026-05-26T07:19:06Z,86.8,43.6,792.2,77.6
2026-05-26T07:21:09Z,86.8,43.6,791.0,77.7
2026-05-26T07:23:13Z,86.8,43.6,789.4,77.7
2026-05-26T07:25:16Z,86.8,43.6,788.6,77.7
2026-05-26T07:27:20Z,86.8,43.6,788.7,77.7
2026-05-26T07:29:23Z,86.8,43.6,788.1,77.8
2026-05-26T07:31:27Z,86.8,43.6,787.9,77.8
2026-05-26T07:33:30Z,86.8,43.6,787.3,77.8
2026-05-26T07:35:34Z,86.8,43.6,787.0,77.8
2026-05-26T07:37:37Z,86.8,43.6,786.6,77.8
2026-05-26T07:39:41Z,86.8,43.6,786.3,77.8
2026-05-26T07:41:44Z,86.8,43.6,786.1,77.8
2026-05-26T07:43:47Z,86.8,43.6,786.3,77.8
2026-05-26T07:45:51Z,86.8,43.6,785.9,77.8
2026-05-26T07:47:54Z,86.8,43.6,785.4,77.8
2026-05-26T07:49:58Z,86.8,43.6,784.9,77.8
2026-05-26T07:52:01Z,86.8,43.6,785.0,77.8
2026-05-26T07:54:05Z,86.8,43.6,784.3,77.9
2026-05-26T07:56:08Z,86.8,43.6,783.7,77.9
2026-05-26T07:58:12Z,86.8,43.6,783.7,77.9
2026-05-26T08:00:15Z,86.8,43.6,783.2,77.9
2026-05-26T08:02:18Z,86.8,43.6,783.3,77.9
2026-05-26T08:04:22Z,86.8,43.6,783.0,77.9
2026-05-26T08:06:25Z,86.8,43.6,782.5,77.9
2026-05-26T08:08:29Z,86.8,43.6,782.1,77.9
2026-05-26T08:10:34Z,86.8,43.6,782.3,77.9
2026-05-26T08:12:37Z,86.8,43.6,781.9,77.9
2026-05-26T08:14:41Z,86.8,43.6,782.3,77.9
2026-05-26T08:16:44Z,86.8,43.6,781.8,77.9
2026-05-26T08:18:47Z,86.8,43.6,781.6,77.9
2026-05-26T08:20:51Z,86.8,43.6,781.5,77.9
2026-05-26T08:22:54Z,86.8,43.6,781.1,77.9
2026-05-26T08:24:58Z,86.8,43.6,779.9,78.0
2026-05-26T08:27:01Z,86.8,43.6,780.6,78.0
2026-05-26T08:29:05Z,86.8,43.6,791.2,77.7
2026-05-26T08:31:08Z,86.8,43.6,790.2,77.7
2026-05-26T08:33:12Z,86.8,43.6,790.0,77.7
2026-05-26T08:35:15Z,86.8,43.6,789.6,77.7
2026-05-26T08:37:20Z,86.8,43.6,789.6,77.7
2026-05-26T08:39:25Z,86.8,43.6,789.4,77.7
2026-05-26T08:41:28Z,86.8,43.6,789.2,77.7
2026-05-26T08:43:32Z,86.8,43.6,788.8,77.7
2026-05-26T08:45:35Z,86.8,43.6,788.9,77.7
2026-05-26T08:47:39Z,86.8,43.6,788.6,77.7
2026-05-26T08:49:42Z,86.8,43.6,788.3,77.7
2026-05-26T08:51:46Z,86.8,43.6,788.2,77.7
2026-05-26T08:53:49Z,86.8,43.6,788.1,77.8
2026-05-26T08:55:53Z,86.8,43.6,787.9,77.8
2026-05-26T08:57:56Z,86.8,43.6,787.8,77.8
2026-05-26T09:00:00Z,86.8,43.6,787.3,77.8
2026-05-26T09:02:03Z,86.8,43.6,787.2,77.8
2026-05-26T09:04:07Z,86.8,43.6,787.1,77.8
2026-05-26T09:06:10Z,86.8,43.6,786.9,77.8
2026-05-26T09:08:14Z,86.8,43.6,787.8,77.8
2026-05-26T09:10:17Z,86.8,43.6,791.9,77.6
2026-05-26T09:12:21Z,86.8,43.6,792.0,77.6
2026-05-26T09:14:24Z,86.8,43.6,791.9,77.6
2026-05-26T09:16:28Z,86.8,43.6,791.4,77.7
2026-05-26T09:18:31Z,86.8,43.6,791.3,77.7
2026-05-26T09:20:35Z,86.8,43.6,791.1,77.7
2026-05-26T09:22:38Z,86.8,43.6,790.8,77.7
2026-05-26T09:24:42Z,86.8,43.6,790.9,77.7
2026-05-26T09:26:45Z,86.8,43.6,790.0,77.7
2026-05-26T09:28:48Z,86.8,43.6,789.7,77.7
2026-05-26T09:30:52Z,86.8,43.6,789.7,77.7
2026-05-26T09:32:55Z,86.8,43.6,789.4,77.7
2026-05-26T09:34:59Z,86.8,43.6,789.2,77.7
2026-05-26T09:37:02Z,86.8,43.6,788.8,77.7
2026-05-26T09:39:06Z,86.8,43.6,788.5,77.7
2026-05-26T09:41:09Z,86.8,43.6,788.6,77.7
2026-05-26T09:43:13Z,86.8,43.6,788.1,77.8
2026-05-26T09:45:16Z,86.8,43.6,788.4,77.7
2026-05-26T09:47:20Z,86.8,43.6,788.0,77.8
2026-05-26T09:49:23Z,86.8,43.6,788.5,77.7
2026-05-26T09:51:27Z,86.8,43.6,788.4,77.7
2026-05-26T09:53:30Z,86.8,43.6,788.0,77.8
2026-05-26T09:55:34Z,86.8,43.6,787.9,77.8
2026-05-26T09:57:37Z,86.8,43.6,787.5,77.8
2026-05-26T09:59:41Z,86.8,43.6,787.3,77.8
2026-05-26T10:01:44Z,86.8,43.6,786.7,77.8
2026-05-26T10:03:48Z,86.8,43.6,786.3,77.8
2026-05-26T10:05:51Z,86.8,43.6,786.1,77.8
2026-05-26T10:07:55Z,86.8,43.6,785.8,77.8
2026-05-26T10:09:58Z,86.8,43.6,785.6,77.8
2026-05-26T10:12:02Z,86.8,43.6,785.3,77.8
2026-05-26T10:14:05Z,86.8,43.6,785.3,77.8
2026-05-26T10:16:09Z,86.8,43.6,784.8,77.8
2026-05-26T10:18:12Z,86.8,43.6,783.6,77.9
2026-05-26T10:20:16Z,86.8,43.6,783.4,77.9
2026-05-26T10:22:19Z,86.8,43.6,783.0,77.9
2026-05-26T10:24:23Z,86.8,43.6,783.1,77.9
2026-05-26T10:26:26Z,86.8,43.6,782.6,77.9
2026-05-26T10:28:29Z,86.8,43.6,782.5,77.9
2026-05-26T10:30:33Z,86.8,43.6,782.5,77.9
2026-05-26T10:32:36Z,86.8,43.6,782.1,77.9
2026-05-26T10:34:40Z,86.8,43.6,782.1,77.9
2026-05-26T10:36:43Z,86.8,43.6,781.7,77.9
2026-05-26T10:38:47Z,86.8,43.6,781.6,77.9
2026-05-26T10:40:50Z,86.8,43.6,781.5,77.9
2026-05-26T10:42:54Z,86.8,43.6,781.6,77.9
2026-05-26T10:44:57Z,86.7,43.6,781.2,77.9
2026-05-26T10:47:01Z,86.7,43.6,780.2,78.0
2026-05-26T10:49:04Z,86.7,43.6,780.3,78.0
2026-05-26T10:51:08Z,86.7,43.6,779.8,78.0
2026-05-26T10:53:11Z,86.7,43.6,779.5,78.0
2026-05-26T10:55:15Z,86.7,43.6,779.3,78.0
2026-05-26T10:57:18Z,86.7,43.7,779.0,78.0
2026-05-26T10:59:22Z,86.7,43.6,779.1,78.0
2026-05-26T11:01:25Z,86.7,43.6,778.8,78.0
2026-05-26T11:03:29Z,86.7,43.6,778.4,78.0
2026-05-26T11:05:32Z,86.7,43.6,778.4,78.0
2026-05-26T11:07:36Z,86.7,43.6,777.9,78.0
2026-05-26T11:09:39Z,86.7,43.7,777.8,78.0
2026-05-26T11:11:43Z,86.7,43.6,777.8,78.0
2026-05-26T11:13:46Z,86.7,43.7,777.6,78.0
2026-05-26T11:15:50Z,86.7,43.7,776.8,78.1
2026-05-26T11:17:53Z,86.7,43.7,776.2,78.1
2026-05-26T11:19:57Z,86.7,43.7,776.2,78.1
2026-05-26T11:22:00Z,86.7,43.7,776.1,78.1
2026-05-26T11:24:04Z,86.7,43.7,776.0,78.1
2026-05-26T11:26:07Z,86.7,43.7,775.7,78.1
2026-05-26T11:28:11Z,86.7,43.7,775.1,78.1
2026-05-26T11:30:14Z,86.7,43.7,775.3,78.1
2026-05-26T11:32:17Z,86.7,43.7,774.9,78.1
2026-05-26T11:34:21Z,86.7,43.7,774.6,78.1
2026-05-26T11:36:24Z,86.7,43.7,774.4,78.1
2026-05-26T11:38:28Z,86.7,43.7,773.7,78.2
2026-05-26T11:40:31Z,86.7,43.7,773.9,78.2
2026-05-26T11:42:35Z,86.7,43.7,773.6,78.2
2026-05-26T11:44:38Z,86.7,43.7,773.7,78.2
2026-05-26T11:46:42Z,86.7,43.7,773.2,78.2
2026-05-26T11:48:45Z,86.7,43.7,773.0,78.2
2026-05-26T11:50:49Z,86.7,43.7,772.9,78.2
2026-05-26T11:52:52Z,86.7,43.7,772.7,78.2
2026-05-26T11:54:56Z,86.7,43.7,772.1,78.2
2026-05-26T11:56:59Z,86.7,43.7,771.5,78.2
2026-05-26T11:59:03Z,86.7,43.7,771.2,78.2
2026-05-26T12:01:06Z,86.7,43.7,771.3,78.2
2026-05-26T12:03:10Z,86.7,43.7,771.3,78.2
2026-05-26T12:05:13Z,86.7,43.7,771.1,78.2
2026-05-26T12:07:17Z,86.7,43.7,770.7,78.2
2026-05-26T12:09:20Z,86.7,43.7,770.4,78.3
2026-05-26T12:11:23Z,86.7,43.7,770.3,78.3
2026-05-26T12:13:27Z,86.7,43.7,770.0,78.3
2026-05-26T12:15:30Z,86.7,43.7,769.6,78.3
2026-05-26T12:17:34Z,86.7,43.7,769.2,78.3
2026-05-26T12:19:37Z,86.7,43.7,769.4,78.3
2026-05-26T12:21:41Z,86.7,43.7,769.4,78.3
2026-05-26T12:23:44Z,86.7,43.7,769.0,78.3
2026-05-26T12:25:48Z,86.7,43.7,768.8,78.3
2026-05-26T12:27:51Z,86.7,43.7,768.5,78.3
2026-05-26T12:29:55Z,86.7,43.7,768.1,78.3
2026-05-26T12:31:58Z,86.7,43.7,767.9,78.3
2026-05-26T12:34:01Z,86.7,43.7,767.4,78.3
2026-05-26T12:36:05Z,86.7,43.7,767.7,78.3
2026-05-26T12:38:08Z,86.7,43.7,767.6,78.3
2026-05-26T12:40:12Z,86.7,43.7,767.2,78.3
2026-05-26T12:42:15Z,86.7,43.7,767.0,78.3
2026-05-26T12:44:19Z,86.7,43.7,766.7,78.4
2026-05-26T12:46:22Z,86.7,43.7,766.6,78.4
2026-05-26T12:48:26Z,86.7,43.7,766.2,78.4
2026-05-26T12:50:29Z,86.7,43.7,765.9,78.4
2026-05-26T12:52:33Z,86.7,43.7,766.0,78.4
2026-05-26T12:54:36Z,86.7,43.7,765.6,78.4
2026-05-26T12:56:39Z,86.7,43.7,765.5,78.4
2026-05-26T12:58:43Z,86.7,43.7,765.2,78.4
2026-05-26T13:00:46Z,86.7,43.7,764.2,78.4
2026-05-26T13:02:50Z,86.7,43.7,763.7,78.4
2026-05-26T13:04:53Z,86.7,43.7,763.8,78.4
2026-05-26T13:06:57Z,86.7,43.7,763.9,78.4
2026-05-26T13:09:00Z,86.7,43.7,763.7,78.4
2026-05-26T13:11:04Z,86.7,43.7,763.5,78.4
2026-05-26T13:13:07Z,86.7,43.7,763.1,78.5
2026-05-26T13:15:11Z,86.7,43.7,763.0,78.5
2026-05-26T13:17:14Z,86.7,43.7,762.5,78.5
2026-05-26T13:19:18Z,86.7,43.7,762.7,78.5
2026-05-26T13:21:21Z,86.7,43.7,762.3,78.5
2026-05-26T13:23:24Z,86.7,43.7,762.0,78.5
2026-05-26T13:25:28Z,86.7,43.7,761.9,78.5
2026-05-26T13:27:31Z,86.7,43.7,761.6,78.5
2026-05-26T13:29:35Z,86.7,43.7,761.3,78.5
2026-05-26T13:31:38Z,86.7,43.7,761.1,78.5
2026-05-26T13:33:42Z,86.7,43.7,760.7,78.5
2026-05-26T13:35:45Z,86.7,43.7,760.8,78.5
2026-05-26T13:37:49Z,86.7,43.7,760.2,78.5
2026-05-26T13:39:52Z,86.7,43.7,760.3,78.5
2026-05-26T13:41:55Z,86.7,43.7,759.0,78.6
2026-05-26T13:43:59Z,86.7,43.7,758.8,78.6
2026-05-26T13:46:02Z,86.7,43.7,758.8,78.6
2026-05-26T13:48:06Z,86.7,43.7,758.6,78.6
2026-05-26T13:50:09Z,86.7,43.7,758.4,78.6
2026-05-26T13:52:13Z,86.7,43.7,758.1,78.6
2026-05-26T13:54:16Z,86.7,43.7,758.0,78.6
2026-05-26T13:56:20Z,86.7,43.7,759.2,78.6
2026-05-26T13:58:23Z,86.7,43.7,759.3,78.6
2026-05-26T14:00:26Z,86.7,43.7,758.8,78.6
2026-05-26T14:02:30Z,86.7,43.7,758.6,78.6
2026-05-26T14:04:34Z,86.7,43.7,758.6,78.6
2026-05-26T14:06:37Z,86.7,43.7,758.0,78.6
2026-05-26T14:08:41Z,86.7,43.7,758.0,78.6
2026-05-26T14:10:44Z,86.7,43.7,757.6,78.6
2026-05-26T14:12:48Z,86.7,43.7,757.7,78.6
2026-05-26T14:14:51Z,86.7,43.7,757.2,78.6
2026-05-26T14:16:55Z,86.7,43.7,757.2,78.6
2026-05-26T14:18:58Z,86.7,43.7,756.7,78.6
2026-05-26T14:21:02Z,86.7,43.7,756.9,78.6
2026-05-26T14:23:05Z,86.7,43.7,756.6,78.6
2026-05-26T14:25:08Z,86.7,43.7,756.1,78.7
2026-05-26T14:27:12Z,86.7,43.7,756.1,78.7
2026-05-26T14:29:15Z,86.7,43.7,755.7,78.7
2026-05-26T14:31:19Z,86.7,43.7,755.9,78.7
2026-05-26T14:33:22Z,86.7,43.7,757.6,78.6
2026-05-26T14:35:28Z,86.7,43.7,757.5,78.6
2026-05-26T14:37:31Z,86.7,43.7,757.2,78.6
2026-05-26T14:39:35Z,86.7,43.7,757.2,78.6
2026-05-26T14:41:38Z,86.7,43.7,756.8,78.6
2026-05-26T14:43:41Z,86.7,43.7,756.6,78.6
2026-05-26T14:45:45Z,86.7,43.7,756.3,78.7
2026-05-26T14:47:48Z,86.7,43.7,756.3,78.7
2026-05-26T14:49:52Z,86.7,43.7,755.8,78.7
2026-05-26T14:51:55Z,86.7,43.7,755.6,78.7
2026-05-26T14:53:59Z,86.7,43.7,755.5,78.7
2026-05-26T14:56:02Z,86.7,43.7,755.2,78.7
2026-05-26T14:58:06Z,86.7,43.7,755.0,78.7
2026-05-26T15:00:09Z,86.7,43.7,754.9,78.7
2026-05-26T15:02:13Z,86.7,43.7,753.8,78.7
2026-05-26T15:04:16Z,86.7,43.7,753.6,78.7
2026-05-26T15:06:19Z,86.7,43.7,753.5,78.7
2026-05-26T15:08:23Z,86.7,43.7,753.0,78.7
2026-05-26T15:10:26Z,86.7,43.7,753.3,78.7
2026-05-26T15:12:30Z,86.7,43.7,755.0,78.7
2026-05-26T15:14:33Z,86.7,43.7,754.8,78.7
2026-05-26T15:16:37Z,86.7,43.7,754.7,78.7
2026-05-26T15:18:40Z,86.7,43.7,754.7,78.7
2026-05-26T15:20:44Z,86.7,43.7,754.1,78.7
2026-05-26T15:22:47Z,86.7,43.7,754.1,78.7
2026-05-26T15:24:51Z,86.7,43.7,753.8,78.7
2026-05-26T15:26:54Z,86.7,43.7,753.9,78.7
2026-05-26T15:28:58Z,86.7,43.7,753.4,78.7
2026-05-26T15:31:01Z,86.7,43.7,753.0,78.7
2026-05-26T15:33:04Z,86.7,43.7,752.9,78.7
2026-05-26T15:35:08Z,86.7,43.7,752.7,78.8
2026-05-26T15:37:11Z,86.7,43.7,752.6,78.8
2026-05-26T15:39:15Z,86.7,43.7,752.3,78.8
2026-05-26T15:41:18Z,86.7,43.7,752.1,78.8
2026-05-26T15:43:22Z,86.7,43.7,751.7,78.8
2026-05-26T15:45:25Z,86.7,43.7,751.0,78.8
2026-05-26T15:47:29Z,86.7,43.7,750.9,78.8
2026-05-26T15:49:32Z,86.7,43.7,753.0,78.7
2026-05-26T15:51:36Z,86.7,43.7,753.0,78.7
2026-05-26T15:53:39Z,86.7,43.7,752.6,78.8
2026-05-26T15:55:43Z,86.7,43.7,752.3,78.8
2026-05-26T15:57:46Z,86.7,43.7,752.2,78.8
2026-05-26T15:59:50Z,86.7,43.7,752.1,78.8
2026-05-26T16:01:53Z,86.7,43.7,751.9,78.8
2026-05-26T16:03:57Z,86.7,43.7,751.6,78.8
2026-05-26T16:06:00Z,86.7,43.7,751.3,78.8
2026-05-26T16:08:04Z,86.7,43.7,751.2,78.8
2026-05-26T16:10:07Z,86.7,43.7,751.1,78.8
2026-05-26T16:12:10Z,86.7,43.7,750.9,78.8
2026-05-26T16:14:14Z,86.7,43.7,750.9,78.8
2026-05-26T16:16:17Z,86.7,43.7,750.4,78.8
2026-05-26T16:18:21Z,86.7,43.7,750.1,78.8
2026-05-26T16:20:24Z,86.7,43.7,750.1,78.8
2026-05-26T16:22:28Z,86.7,43.7,749.7,78.8
2026-05-26T16:24:31Z,86.7,43.7,749.6,78.8
2026-05-26T16:26:35Z,86.7,43.7,749.4,78.8
2026-05-26T16:28:38Z,86.7,43.7,750.8,78.8
2026-05-26T16:30:42Z,86.7,43.7,751.3,78.8
2026-05-26T16:32:45Z,86.7,43.7,751.1,78.8
2026-05-26T16:34:49Z,86.7,43.7,751.0,78.8
2026-05-26T16:36:52Z,86.7,43.7,750.5,78.8
2026-05-26T16:38:56Z,86.7,43.7,750.3,78.8
2026-05-26T16:40:59Z,86.7,43.7,750.0,78.8
2026-05-26T16:43:03Z,86.7,43.7,749.6,78.8
2026-05-26T16:45:06Z,86.7,43.7,749.3,78.8
2026-05-26T16:47:10Z,86.7,43.7,749.1,78.9
2026-05-26T16:49:13Z,86.7,43.7,749.1,78.9
2026-05-26T16:51:17Z,86.7,43.7,748.7,78.9
2026-05-26T16:53:20Z,86.7,43.7,748.5,78.9
2026-05-26T16:55:24Z,86.7,43.7,748.5,78.9
2026-05-26T16:57:27Z,86.7,43.7,747.7,78.9
2026-05-26T16:59:31Z,86.7,43.7,747.9,78.9
2026-05-26T17:01:34Z,86.7,43.7,747.4,78.9
2026-05-26T17:03:38Z,86.7,43.7,747.2,78.9
2026-05-26T17:05:41Z,86.7,43.7,749.2,78.9
2026-05-26T17:07:45Z,86.7,43.7,749.7,78.8
2026-05-26T17:09:48Z,86.7,43.7,749.3,78.8
2026-05-26T17:11:52Z,86.7,43.7,749.3,78.8
2026-05-26T17:13:55Z,86.7,43.7,748.6,78.9
2026-05-26T17:15:59Z,86.7,43.7,748.3,78.9
2026-05-26T17:18:02Z,86.7,43.7,748.3,78.9
2026-05-26T17:20:06Z,86.7,43.7,747.9,78.9
2026-05-26T17:22:09Z,86.7,43.7,747.8,78.9
2026-05-26T17:24:13Z,86.7,43.7,747.5,78.9
2026-05-26T17:26:16Z,86.7,43.7,747.4,78.9
2026-05-26T17:28:20Z,86.7,43.7,746.6,78.9
2026-05-26T17:30:23Z,86.7,43.7,744.6,79.0
2026-05-26T17:32:27Z,86.7,43.7,744.5,79.0
2026-05-26T17:34:30Z,86.7,43.7,744.2,79.0
2026-05-26T17:36:34Z,86.7,43.7,744.0,79.0
2026-05-26T17:38:37Z,86.7,43.7,743.8,79.0
2026-05-26T17:40:41Z,86.7,43.7,743.3,79.0
2026-05-26T17:42:44Z,86.7,43.7,743.4,79.0
2026-05-26T17:44:48Z,86.7,43.7,743.2,79.0
2026-05-26T17:46:51Z,86.7,43.7,745.5,79.0
2026-05-26T17:49:01Z,86.7,43.7,745.0,79.0
2026-05-26T17:51:05Z,86.7,43.7,744.9,79.0
2026-05-26T17:53:08Z,86.7,43.7,744.9,79.0
2026-05-26T17:55:12Z,86.7,43.7,744.3,79.0
2026-05-26T17:57:15Z,86.7,43.7,743.9,79.0
2026-05-26T17:59:19Z,86.7,43.7,744.1,79.0
2026-05-26T18:01:22Z,86.7,43.7,743.6,79.0
2026-05-26T18:03:26Z,86.7,43.7,743.5,79.0
2026-05-26T18:05:29Z,86.7,43.7,743.2,79.0
2026-05-26T18:07:32Z,86.7,43.7,743.0,79.0
2026-05-26T18:09:36Z,86.7,43.7,741.8,79.1
2026-05-26T18:11:39Z,86.7,43.7,741.5,79.1
2026-05-26T18:13:43Z,86.7,43.7,741.2,79.1
2026-05-26T18:15:46Z,86.7,43.7,740.9,79.1
2026-05-26T18:17:50Z,86.7,43.7,740.8,79.1
2026-05-26T18:19:53Z,86.7,43.7,740.6,79.1
2026-05-26T18:21:57Z,86.7,43.7,740.8,79.1
2026-05-26T18:24:00Z,86.7,43.7,742.5,79.0
2026-05-26T18:26:04Z,86.7,43.7,742.6,79.0
2026-05-26T18:28:07Z,86.7,43.7,742.0,79.1
2026-05-26T18:30:11Z,86.7,43.7,741.7,79.1
2026-05-26T18:32:14Z,86.7,43.7,741.8,79.1
2026-05-26T18:34:18Z,86.7,43.7,741.2,79.1
2026-05-26T18:36:21Z,86.7,43.7,741.2,79.1
2026-05-26T18:38:25Z,86.7,43.7,740.5,79.1
2026-05-26T18:40:28Z,86.7,43.7,740.7,79.1
2026-05-26T18:42:32Z,86.7,43.7,740.4,79.1
2026-05-26T18:44:35Z,86.7,43.7,740.0,79.1
2026-05-26T18:46:39Z,86.7,43.7,739.3,79.1
2026-05-26T18:48:42Z,86.7,43.7,739.0,79.1
2026-05-26T18:50:46Z,86.7,43.7,739.0,79.1
2026-05-26T18:52:57Z,86.7,43.7,738.4,79.2
2026-05-26T18:55:00Z,86.7,43.7,738.0,79.2
2026-05-26T18:57:04Z,86.7,43.7,737.8,79.2
2026-05-26T18:59:07Z,86.7,43.7,737.8,79.2
2026-05-26T19:01:11Z,86.7,43.7,737.7,79.2
2026-05-26T19:03:14Z,86.7,43.7,740.1,79.1
2026-05-26T19:05:17Z,86.7,43.7,739.9,79.1
2026-05-26T19:07:21Z,86.7,43.7,739.3,79.1
2026-05-26T19:09:24Z,86.7,43.7,739.4,79.1
2026-05-26T19:11:28Z,86.7,43.7,739.1,79.1
2026-05-26T19:13:31Z,86.7,43.7,738.9,79.1
2026-05-26T19:15:35Z,86.7,43.7,738.2,79.2
2026-05-26T19:17:38Z,86.7,43.7,738.1,79.2
2026-05-26T19:19:42Z,86.7,43.7,738.3,79.2
2026-05-26T19:21:45Z,86.7,43.7,736.9,79.2
2026-05-26T19:23:49Z,86.7,43.7,737.0,79.2
2026-05-26T19:25:52Z,86.7,43.7,736.6,79.2
2026-05-26T19:27:56Z,86.7,43.7,736.3,79.2
2026-05-26T19:29:59Z,86.7,43.7,736.2,79.2
2026-05-26T19:32:03Z,86.7,43.7,736.0,79.2
2026-05-26T19:34:06Z,86.7,43.7,735.9,79.2
2026-05-26T19:36:10Z,86.7,43.7,735.6,79.2
2026-05-26T19:38:13Z,86.7,43.7,735.1,79.2
2026-05-26T19:40:17Z,86.7,43.7,737.7,79.2
2026-05-26T19:42:20Z,86.7,43.7,737.7,79.2
2026-05-26T19:44:24Z,86.7,43.7,737.2,79.2
2026-05-26T19:46:27Z,86.7,43.7,737.0,79.2
2026-05-26T19:48:31Z,86.7,43.7,736.9,79.2
2026-05-26T19:50:34Z,86.7,43.7,737.0,79.2
2026-05-26T19:52:37Z,86.7,43.7,736.5,79.2
2026-05-26T19:54:41Z,86.7,43.7,734.6,79.3
2026-05-26T19:56:44Z,86.7,43.7,734.1,79.3
2026-05-26T19:58:48Z,86.7,43.7,734.1,79.3
2026-05-26T20:00:51Z,86.7,43.7,733.1,79.3
2026-05-26T20:02:55Z,86.7,43.7,732.9,79.3
2026-05-26T20:04:58Z,86.7,43.7,732.6,79.3
2026-05-26T20:07:02Z,86.7,43.7,732.4,79.3
2026-05-26T20:09:05Z,86.7,43.7,732.3,79.3
2026-05-26T20:11:09Z,86.7,43.7,731.9,79.3
2026-05-26T20:13:12Z,86.7,43.7,731.8,79.3
2026-05-26T20:15:16Z,86.7,43.7,731.5,79.3
2026-05-26T20:17:19Z,86.7,43.7,731.3,79.4
2026-05-26T20:19:23Z,86.7,43.7,734.1,79.3
2026-05-26T20:21:26Z,86.7,43.7,733.8,79.3
2026-05-26T20:23:30Z,86.7,43.7,733.5,79.3
2026-05-26T20:25:33Z,86.7,43.7,733.3,79.3
2026-05-26T20:27:37Z,86.7,43.7,733.1,79.3
2026-05-26T20:29:40Z,86.7,43.7,732.7,79.3
2026-05-26T20:31:44Z,86.7,43.7,732.8,79.3
2026-05-26T20:33:47Z,86.7,43.7,732.4,79.3
2026-05-26T20:35:50Z,86.7,43.7,732.0,79.3
2026-05-26T20:37:54Z,86.7,43.7,731.7,79.3
2026-05-26T20:39:58Z,86.7,43.7,731.5,79.3
2026-05-26T20:42:01Z,86.7,43.7,731.4,79.4
2026-05-26T20:44:05Z,86.7,43.7,729.1,79.4
2026-05-26T20:46:08Z,86.7,43.7,728.0,79.4
2026-05-26T20:48:11Z,86.7,43.7,727.6,79.5
2026-05-26T20:50:15Z,86.7,43.7,727.4,79.5
2026-05-26T20:52:18Z,86.7,43.7,726.7,79.5
2026-05-26T20:54:22Z,86.7,43.7,726.7,79.5
2026-05-26T20:56:26Z,86.7,43.7,729.1,79.4
2026-05-26T20:58:29Z,86.7,43.7,728.9,79.4
2026-05-26T21:00:33Z,86.7,43.7,728.4,79.4
2026-05-26T21:02:36Z,86.6,43.7,727.9,79.5
2026-05-26T21:04:40Z,86.6,43.7,730.0,79.4
2026-05-26T21:06:43Z,86.6,43.7,728.1,79.4
2026-05-26T21:08:47Z,86.6,43.7,725.9,79.5
2026-05-26T21:10:50Z,86.6,43.7,725.9,79.5
2026-05-26T21:13:15Z,86.6,43.7,725.4,79.5
2026-05-26T21:15:28Z,86.6,43.7,724.0,79.6
2026-05-26T21:17:31Z,86.6,43.7,722.6,79.6
2026-05-26T21:19:35Z,86.6,43.8,721.5,79.6
2026-05-26T21:21:39Z,86.5,43.8,719.9,79.7
2026-05-26T21:24:03Z,86.5,43.8,719.2,79.7
2026-05-26T21:26:07Z,86.5,43.8,717.6,79.7
2026-05-26T21:28:10Z,86.5,43.8,716.5,79.8
2026-05-26T21:30:14Z,86.5,43.8,715.3,79.8
2026-05-26T21:32:17Z,86.5,43.8,714.2,79.8
2026-05-26T21:34:21Z,86.5,43.8,714.0,79.8
2026-05-26T21:36:24Z,86.5,43.8,713.9,79.8
2026-05-26T21:38:28Z,86.5,43.8,712.9,79.9
2026-05-26T21:40:31Z,86.5,43.8,712.8,79.9
2026-05-26T21:42:35Z,86.5,43.8,712.9,79.9
2026-05-26T21:44:38Z,86.5,43.8,712.4,79.9
2026-05-26T21:46:42Z,86.5,43.8,711.9,79.9
2026-05-26T21:48:49Z,86.5,43.8,711.8,79.9
2026-05-26T21:50:53Z,86.5,43.8,711.7,79.9
2026-05-26T21:52:56Z,86.5,43.8,712.5,79.9
2026-05-26T21:55:00Z,86.5,43.8,717.4,79.7
2026-05-26T21:57:03Z,86.5,43.8,725.8,79.5
2026-05-26T21:59:07Z,86.5,43.8,756.4,78.6
2026-05-26T22:01:10Z,86.4,43.9,756.3,78.6
2026-05-26T22:03:14Z,86.3,43.9,756.0,78.7
2026-05-26T22:05:17Z,86.2,44.0,756.0,78.7
2026-05-26T22:07:21Z,86.2,44.0,755.7,78.7
2026-05-26T22:09:25Z,86.2,44.0,755.4,78.7
2026-05-26T22:11:28Z,86.2,44.0,755.1,78.7
2026-05-26T22:13:31Z,86.2,44.0,754.0,78.7
2026-05-26T22:15:35Z,86.2,44.0,753.5,78.7
2026-05-26T22:17:39Z,86.2,44.0,754.0,78.7
2026-05-26T22:20:02Z,86.2,44.0,752.4,78.8
2026-05-26T22:22:22Z,86.2,44.0,751.3,78.8
2026-05-26T22:24:26Z,86.2,44.0,749.6,78.8
2026-05-26T22:26:29Z,86.2,44.0,748.5,78.9
2026-05-26T22:28:33Z,86.2,44.0,747.8,78.9
2026-05-26T22:30:36Z,86.2,44.0,746.5,78.9
2026-05-26T22:32:40Z,86.2,44.0,747.0,78.9
2026-05-26T22:34:44Z,86.2,44.0,745.4,79.0
2026-05-26T22:36:47Z,86.2,44.0,744.3,79.0
2026-05-26T22:38:51Z,86.2,44.0,743.0,79.0
2026-05-26T22:40:54Z,86.2,44.0,742.2,79.0
2026-05-26T22:42:58Z,86.2,44.0,741.2,79.1
2026-05-26T22:45:01Z,86.2,44.0,741.8,79.1
2026-05-26T22:47:05Z,86.2,44.0,740.4,79.1
2026-05-26T22:49:09Z,86.2,44.0,738.7,79.1
2026-05-26T22:51:12Z,86.2,44.0,737.6,79.2
2026-05-26T22:53:16Z,86.2,44.0,737.7,79.2
2026-05-26T22:55:19Z,86.2,44.0,736.4,79.2
2026-05-26T22:57:23Z,86.2,44.0,734.5,79.3
2026-05-26T22:59:26Z,86.2,44.0,732.5,79.3
2026-05-26T23:01:30Z,86.2,44.0,731.8,79.3
2026-05-26T23:03:34Z,86.2,44.0,731.5,79.3
2026-05-26T23:05:37Z,86.2,44.0,730.1,79.4
2026-05-26T23:08:01Z,86.2,44.0,730.3,79.4
2026-05-26T23:10:04Z,86.2,44.0,728.8,79.4
2026-05-26T23:12:08Z,86.2,44.0,728.2,79.4
2026-05-26T23:14:22Z,86.2,44.0,726.7,79.5
2026-05-26T23:16:26Z,86.2,44.0,724.8,79.5
2026-05-26T23:18:30Z,86.2,44.0,724.0,79.6
2026-05-26T23:20:44Z,86.2,44.0,724.3,79.6
2026-05-26T23:22:47Z,86.2,44.0,722.7,79.6
2026-05-26T23:24:51Z,86.2,44.0,721.0,79.6
2026-05-26T23:26:55Z,86.2,44.0,720.7,79.7
2026-05-26T23:28:59Z,86.2,44.0,720.7,79.7
2026-05-26T23:31:03Z,86.2,44.0,720.3,79.7
2026-05-26T23:33:06Z,86.2,44.0,719.9,79.7
2026-05-26T23:35:10Z,86.2,44.0,719.5,79.7
2026-05-26T23:37:24Z,86.2,44.0,718.1,79.7
2026-05-26T23:39:28Z,86.2,44.0,716.4,79.8
2026-05-26T23:41:52Z,86.2,44.0,716.9,79.8
2026-05-26T23:44:06Z,86.2,44.0,714.9,79.8
2026-05-26T23:46:10Z,86.2,44.0,722.1,79.6
2026-05-26T23:48:14Z,86.2,44.0,734.1,79.3
2026-05-26T23:50:18Z,86.1,44.0,739.7,79.1
2026-05-26T23:52:21Z,86.1,44.0,738.5,79.2
2026-05-26T23:54:25Z,86.1,44.0,738.0,79.2
2026-05-26T23:56:29Z,86.1,44.0,737.8,79.2
2026-05-26T23:58:34Z,86.1,44.0,736.3,79.2
2026-05-27T00:00:37Z,86.1,44.0,735.6,79.2
2026-05-27T00:02:41Z,86.1,44.0,734.1,79.3
2026-05-27T00:04:45Z,86.1,44.0,732.7,79.3
2026-05-27T00:06:49Z,86.1,44.0,731.8,79.3
2026-05-27T00:08:52Z,86.1,44.1,732.2,79.3
2026-05-27T00:11:06Z,86.1,44.1,730.4,79.4
2026-05-27T00:13:10Z,86.1,44.1,729.6,79.4
2026-05-27T00:15:14Z,86.1,44.1,729.4,79.4
2026-05-27T00:17:28Z,86.1,44.1,728.0,79.4
2026-05-27T00:19:31Z,86.1,44.1,726.5,79.5
2026-05-27T00:21:35Z,86.1,44.1,725.5,79.5
2026-05-27T00:23:39Z,86.1,44.1,724.8,79.5
2026-05-27T00:25:43Z,86.1,44.1,724.2,79.6
2026-05-27T00:27:46Z,86.1,44.1,724.4,79.6
2026-05-27T00:29:50Z,86.1,44.1,725.5,79.5
2026-05-27T00:31:54Z,86.1,44.1,724.2,79.6
2026-05-27T00:33:57Z,86.1,44.1,723.0,79.6
2026-05-27T00:36:01Z,86.1,44.1,721.3,79.6
2026-05-27T00:38:04Z,86.1,44.1,721.0,79.6
2026-05-27T00:40:08Z,86.1,44.1,721.1,79.6
2026-05-27T00:42:12Z,86.1,44.1,721.5,79.6
2026-05-27T00:44:15Z,86.1,44.1,720.1,79.7
2026-05-27T00:46:19Z,86.1,44.1,718.5,79.7
2026-05-27T00:48:22Z,86.1,44.1,717.4,79.7
2026-05-27T00:50:26Z,86.1,44.1,717.0,79.8
2026-05-27T00:52:30Z,86.1,44.1,717.0,79.8
2026-05-27T00:54:33Z,86.1,44.1,716.9,79.8
2026-05-27T00:56:37Z,86.1,44.1,716.5,79.8
2026-05-27T00:58:41Z,86.1,44.1,716.5,79.8
2026-05-27T01:00:45Z,86.1,44.1,725.2,79.5
2026-05-27T01:02:48Z,86.1,44.1,735.2,79.2
2026-05-27T01:04:52Z,86.1,44.1,738.7,79.1
2026-05-27T01:06:56Z,86.1,44.1,741.9,79.1
2026-05-27T01:08:59Z,86.1,44.1,741.7,79.1
2026-05-27T01:11:03Z,86.1,44.1,741.5,79.1
2026-05-27T01:13:07Z,86.1,44.1,741.1,79.1
2026-05-27T01:14:43Z,86.1,44.1,740.8,79.1
2026-05-27T01:17:12Z,86.0,44.1,740.7,79.1
2026-05-27T01:19:26Z,86.0,44.1,739.2,79.1
2026-05-27T01:21:39Z,86.0,44.1,737.5,79.2
2026-05-27T01:23:53Z,86.0,44.1,735.9,79.2
2026-05-27T01:24:39Z,86.0,44.1,735.6,79.2
2026-05-27T01:25:46Z,86.0,44.1,734.9,79.3
2026-05-27T01:27:50Z,86.0,44.1,733.2,79.3
2026-05-27T01:29:54Z,86.0,44.1,731.8,79.3
2026-05-27T01:32:02Z,86.0,44.1,731.8,79.3
2026-05-27T01:34:06Z,86.0,44.1,730.0,79.4
2026-05-27T01:36:09Z,86.0,44.1,728.4,79.4
2026-05-27T01:38:13Z,86.0,44.1,726.9,79.5
2026-05-27T01:40:16Z,86.0,44.1,725.3,79.5
2026-05-27T01:42:20Z,86.0,44.1,723.8,79.6
2026-05-27T01:44:24Z,86.0,44.1,722.9,79.6
2026-05-27T01:46:27Z,86.0,44.1,721.8,79.6
2026-05-27T01:48:31Z,86.0,44.1,721.5,79.6
2026-05-27T01:50:35Z,86.0,44.1,720.4,79.7
2026-05-27T01:52:39Z,86.0,44.1,721.0,79.6
2026-05-27T01:54:43Z,86.0,44.1,719.7,79.7
2026-05-27T01:56:46Z,86.0,44.1,719.2,79.7
2026-05-27T01:58:50Z,86.0,44.1,719.1,79.7
2026-05-27T02:00:54Z,86.0,44.1,719.5,79.7
2026-05-27T02:02:58Z,86.0,44.1,718.3,79.7
2026-05-27T02:05:02Z,86.0,44.1,718.8,79.7
2026-05-27T02:07:05Z,86.0,44.1,718.2,79.7
2026-05-27T02:09:09Z,86.0,44.1,717.4,79.7
2026-05-27T02:11:13Z,86.0,44.1,715.8,79.8
2026-05-27T02:13:17Z,86.0,44.1,714.2,79.8
2026-05-27T02:15:21Z,86.0,44.1,712.6,79.9
2026-05-27T02:18:10Z,86.0,44.1,714.6,79.8
2026-05-27T02:20:14Z,86.0,44.1,713.2,79.9
2026-05-27T02:22:18Z,86.0,44.1,712.4,79.9
2026-05-27T02:24:22Z,86.0,44.1,715.5,79.8
2026-05-27T02:26:46Z,86.0,44.1,719.5,79.7
2026-05-27T02:28:50Z,86.0,44.1,725.0,79.5
2026-05-27T02:30:53Z,86.0,44.1,726.9,79.5
2026-05-27T02:32:57Z,86.0,44.1,725.0,79.5
2026-05-27T02:35:01Z,86.0,44.1,723.4,79.6
2026-05-27T02:37:04Z,86.0,44.1,720.6,79.7
2026-05-27T02:39:08Z,86.0,44.1,719.7,79.7
2026-05-27T02:41:12Z,86.0,44.1,718.0,79.7
2026-05-27T02:43:16Z,86.0,44.1,717.0,79.8
2026-05-27T02:45:21Z,86.0,44.1,713.3,79.9
2026-05-27T02:48:08Z,85.9,44.2,713.7,79.9
2026-05-27T02:50:11Z,85.9,44.2,711.3,79.9
2026-05-27T02:52:15Z,85.9,44.2,708.8,80.0
2026-05-27T02:54:19Z,85.9,44.2,706.9,80.0
2026-05-27T02:56:22Z,85.8,44.2,705.5,80.1
2026-05-27T02:58:26Z,85.9,44.2,703.6,80.1
2026-05-27T03:00:30Z,85.9,44.2,703.1,80.2
2026-05-27T03:03:02Z,85.9,44.2,716.0,79.8
2026-05-27T03:05:05Z,85.9,44.2,719.5,79.7
2026-05-27T03:07:09Z,85.9,44.2,717.9,79.7
2026-05-27T03:09:13Z,85.9,44.2,716.9,79.8
2026-05-27T03:11:21Z,85.9,44.2,717.8,79.7
2026-05-27T03:13:45Z,85.9,44.2,718.7,79.7
2026-05-27T03:15:49Z,85.9,44.2,716.9,79.8
2026-05-27T03:17:53Z,85.9,44.2,715.3,79.8
2026-05-27T03:19:56Z,85.9,44.2,712.4,79.9
2026-05-27T03:22:00Z,85.8,44.2,711.8,79.9
2026-05-27T03:24:19Z,85.9,44.2,710.2,80.0
2026-05-27T03:26:22Z,85.9,44.2,708.4,80.0
2026-05-27T03:28:26Z,85.9,44.2,706.6,80.1
2026-05-27T03:30:30Z,85.9,44.2,705.1,80.1
2026-05-27T03:32:33Z,85.9,44.2,710.4,79.9
2026-05-27T03:34:37Z,85.9,44.2,716.4,79.8
2026-05-27T03:36:41Z,85.9,44.2,717.2,79.8
2026-05-27T03:39:01Z,85.9,44.2,716.1,79.8
2026-05-27T03:41:05Z,85.8,44.2,714.5,79.8
2026-05-27T03:43:08Z,85.8,44.2,712.5,79.9
2026-05-27T03:45:12Z,85.8,44.2,711.4,79.9
2026-05-27T03:47:16Z,85.8,44.2,708.5,80.0
2026-05-27T03:49:20Z,85.7,44.3,704.6,80.1
2026-05-27T03:51:23Z,85.7,44.3,705.2,80.1
2026-05-27T03:53:27Z,85.7,44.3,704.7,80.1
2026-05-27T03:55:31Z,85.7,44.3,704.3,80.1
2026-05-27T03:57:35Z,85.7,44.3,704.2,80.1
2026-05-27T03:59:38Z,85.7,44.3,703.2,80.1
2026-05-27T04:01:42Z,85.7,44.3,702.8,80.2
2026-05-27T04:03:46Z,85.7,44.3,702.3,80.2
2026-05-27T04:05:50Z,85.7,44.3,701.9,80.2
2026-05-27T04:07:53Z,85.7,44.3,702.2,80.2
2026-05-27T04:09:57Z,85.7,44.3,702.1,80.2
2026-05-27T04:12:01Z,85.7,44.3,700.6,80.2
2026-05-27T04:14:04Z,85.7,44.3,697.7,80.3
2026-05-27T04:16:08Z,85.7,44.3,696.2,80.3
2026-05-27T04:18:12Z,85.6,44.4,694.8,80.4
2026-05-27T04:20:15Z,85.7,44.3,693.8,80.4
2026-05-27T04:22:19Z,85.7,44.3,692.8,80.4
2026-05-27T04:24:23Z,85.7,44.3,690.5,80.5
2026-05-27T04:27:35Z,85.7,44.3,692.9,80.4
2026-05-27T04:29:39Z,85.7,44.3,691.6,80.5
2026-05-27T04:31:42Z,85.7,44.3,690.3,80.5
2026-05-27T04:33:46Z,85.7,44.3,688.6,80.6
2026-05-27T04:35:50Z,85.7,44.3,688.0,80.6
2026-05-27T04:37:53Z,85.7,44.3,685.9,80.6
2026-05-27T04:39:57Z,85.7,44.3,685.7,80.6
2026-05-27T04:42:01Z,85.7,44.3,683.0,80.7
2026-05-27T04:44:05Z,85.7,44.3,684.4,80.7
2026-05-27T04:46:08Z,85.7,44.3,684.1,80.7
2026-05-27T04:48:12Z,85.7,44.3,683.8,80.7
2026-05-27T04:50:16Z,85.7,44.3,683.3,80.7
2026-05-27T04:52:20Z,85.7,44.3,683.4,80.7
2026-05-27T04:54:24Z,85.7,44.3,682.9,80.7
2026-05-27T04:56:27Z,85.7,44.3,682.7,80.7
2026-05-27T04:58:35Z,85.7,44.3,682.5,80.7
2026-05-27T05:00:39Z,85.7,44.3,681.6,80.8
2026-05-27T05:02:43Z,85.7,44.3,680.9,80.8
2026-05-27T05:04:46Z,85.7,44.3,692.9,80.4
2026-05-27T05:06:50Z,85.7,44.3,700.7,80.2
2026-05-27T05:08:54Z,85.7,44.3,704.5,80.1
2026-05-27T05:10:58Z,85.7,44.3,707.9,80.0
2026-05-27T05:13:02Z,85.7,44.3,707.6,80.0
2026-05-27T05:15:05Z,85.7,44.3,707.0,80.0
2026-05-27T05:17:09Z,85.7,44.3,706.6,80.1
2026-05-27T05:20:09Z,85.7,44.3,707.6,80.0
2026-05-27T05:22:04Z,85.7,44.3,712.7,79.9
2026-05-27T05:24:09Z,85.7,44.3,712.0,79.9
2026-05-27T05:26:13Z,85.7,44.3,710.7,79.9
2026-05-27T05:28:55Z,85.7,44.3,708.3,80.0
2026-05-27T05:30:59Z,85.7,44.3,706.9,80.0
2026-05-27T05:33:04Z,85.7,44.3,706.6,80.1
2026-05-27T05:35:08Z,85.7,44.3,704.8,80.1
2026-05-27T05:37:12Z,85.7,44.3,704.6,80.1
2026-05-27T05:39:15Z,85.7,44.3,703.0,80.2
2026-05-27T05:41:19Z,85.7,44.3,705.2,80.1
2026-05-27T05:43:37Z,85.7,44.3,705.7,80.1
2026-05-27T05:46:01Z,85.7,44.3,705.3,80.1
2026-05-27T05:48:26Z,85.7,44.3,705.0,80.1
2026-05-27T05:50:50Z,85.7,44.3,709.3,80.0
2026-05-27T05:53:14Z,85.7,44.3,709.3,80.0
2026-05-27T05:55:38Z,85.7,44.3,709.1,80.0
2026-05-27T05:58:03Z,85.7,44.3,709.0,80.0
2026-05-27T06:00:27Z,85.7,44.3,708.4,80.0
2026-05-27T06:02:31Z,85.7,44.3,707.9,80.0
2026-05-27T06:04:55Z,85.7,44.3,707.8,80.0
2026-05-27T06:07:19Z,85.7,44.3,707.3,80.0
2026-05-27T06:09:48Z,85.7,44.3,707.3,80.0
2026-05-27T06:12:13Z,85.7,44.3,718.4,79.7
2026-05-27T06:14:37Z,85.7,44.3,718.2,79.7
2026-05-27T06:17:01Z,85.7,44.3,716.5,79.8
2026-05-27T06:19:05Z,85.7,44.3,715.7,79.8
2026-05-27T06:21:09Z,85.7,44.3,715.7,79.8
2026-05-27T06:23:12Z,85.7,44.3,715.5,79.8
2026-05-27T06:25:16Z,85.7,44.3,713.4,79.9
2026-05-27T06:27:20Z,85.7,44.3,712.5,79.9
2026-05-27T06:29:24Z,85.7,44.3,711.7,79.9
2026-05-27T06:31:27Z,85.7,44.3,711.1,79.9
2026-05-27T06:33:31Z,85.7,44.3,710.7,79.9
2026-05-27T06:35:35Z,85.7,44.3,711.7,79.9
2026-05-27T06:37:59Z,85.7,44.3,711.2,79.9
2026-05-27T06:40:23Z,85.7,44.3,711.1,79.9
2026-05-27T06:42:48Z,85.7,44.3,710.3,79.9
2026-05-27T06:44:51Z,85.7,44.3,707.9,80.0
2026-05-27T06:46:55Z,85.7,44.3,707.7,80.0
2026-05-27T06:48:59Z,85.7,44.3,706.9,80.0
2026-05-27T06:51:02Z,85.7,44.3,707.2,80.0
2026-05-27T06:53:06Z,85.7,44.4,706.3,80.1
2026-05-27T06:55:09Z,85.6,44.4,704.9,80.1
2026-05-27T06:57:13Z,85.7,44.3,705.6,80.1
2026-05-27T06:59:17Z,85.7,44.3,705.0,80.1
2026-05-27T07:01:20Z,85.7,44.3,705.2,80.1
2026-05-27T07:03:24Z,85.7,44.3,704.8,80.1
2026-05-27T07:05:28Z,85.7,44.3,705.1,80.1
2026-05-27T07:08:17Z,85.7,44.3,704.4,80.1
2026-05-27T07:10:20Z,85.7,44.3,702.6,80.2
2026-05-27T07:12:24Z,85.7,44.3,701.0,80.2
2026-05-27T07:14:28Z,85.7,44.3,699.5,80.3
2026-05-27T07:16:31Z,85.7,44.3,697.9,80.3
2026-05-27T07:18:35Z,85.7,44.3,697.3,80.3
2026-05-27T07:20:39Z,85.7,44.3,696.8,80.3
2026-05-27T07:22:42Z,85.7,44.3,695.4,80.4
2026-05-27T07:24:47Z,85.7,44.3,696.5,80.3
2026-05-27T07:26:50Z,85.7,44.3,696.1,80.3
2026-05-27T07:28:54Z,85.7,44.3,696.0,80.4
2026-05-27T07:30:58Z,85.7,44.3,695.5,80.4
2026-05-27T07:33:01Z,85.7,44.3,697.6,80.3
2026-05-27T07:35:05Z,85.7,44.3,710.0,80.0
2026-05-27T07:37:09Z,85.7,44.3,709.3,80.0
2026-05-27T07:39:13Z,85.7,44.3,709.2,80.0
2026-05-27T07:41:17Z,85.6,44.4,709.0,80.0
2026-05-27T07:43:21Z,85.7,44.3,708.9,80.0
2026-05-27T07:45:24Z,85.7,44.4,708.5,80.0
2026-05-27T07:47:29Z,85.7,44.4,708.4,80.0
2026-05-27T07:49:32Z,85.7,44.4,707.6,80.0
2026-05-27T07:51:37Z,85.6,44.4,708.4,80.0
2026-05-27T07:53:40Z,85.6,44.4,708.2,80.0
2026-05-27T07:55:44Z,85.6,44.4,707.7,80.0
2026-05-27T07:57:48Z,85.6,44.4,707.6,80.0
2026-05-27T07:59:51Z,85.7,44.4,707.4,80.0
2026-05-27T08:01:55Z,85.7,44.4,706.5,80.1
2026-05-27T08:04:00Z,85.7,44.4,706.9,80.0
2026-05-27T08:06:03Z,85.7,44.4,706.7,80.1
2026-05-27T08:08:07Z,85.7,44.4,709.6,80.0
2026-05-27T08:11:04Z,85.7,44.4,710.5,79.9
2026-05-27T08:13:23Z,85.7,44.4,709.0,80.0
2026-05-27T08:15:27Z,85.6,44.4,707.5,80.0
2026-05-27T08:17:30Z,85.6,44.4,707.2,80.0
2026-05-27T08:19:34Z,85.6,44.4,706.4,80.1
2026-05-27T08:21:37Z,85.6,44.4,705.7,80.1
2026-05-27T08:23:41Z,85.6,44.4,704.3,80.1
2026-05-27T08:25:44Z,85.6,44.4,703.9,80.1
2026-05-27T08:27:48Z,85.6,44.4,703.7,80.1
2026-05-27T08:29:52Z,85.6,44.4,702.1,80.2
2026-05-27T08:31:56Z,85.6,44.4,701.6,80.2
2026-05-27T08:34:00Z,85.6,44.4,701.7,80.2
2026-05-27T08:36:04Z,85.6,44.4,701.3,80.2
2026-05-27T08:38:08Z,85.6,44.4,701.1,80.2
2026-05-27T08:40:12Z,85.6,44.4,708.9,80.0
2026-05-27T08:42:16Z,85.6,44.4,708.5,80.0
2026-05-27T08:44:19Z,85.6,44.4,708.5,80.0
2026-05-27T08:46:24Z,85.6,44.4,708.7,80.0
2026-05-27T08:48:28Z,85.6,44.4,707.7,80.0
2026-05-27T08:50:31Z,85.6,44.4,708.8,80.0
2026-05-27T08:52:35Z,85.6,44.4,708.1,80.0
2026-05-27T08:54:38Z,85.6,44.4,708.0,80.0
2026-05-27T08:56:43Z,85.6,44.4,707.6,80.0
2026-05-27T08:58:46Z,85.6,44.4,706.4,80.1
2026-05-27T09:00:50Z,85.6,44.4,706.3,80.1
2026-05-27T09:02:54Z,85.6,44.4,706.2,80.1
2026-05-27T09:04:58Z,85.6,44.4,706.2,80.1
2026-05-27T09:07:01Z,85.6,44.4,705.7,80.1
2026-05-27T09:09:05Z,85.6,44.4,705.8,80.1
2026-05-27T09:11:09Z,85.6,44.4,705.1,80.1
2026-05-27T09:13:13Z,85.6,44.4,705.2,80.1
2026-05-27T09:15:17Z,85.6,44.4,704.8,80.1
2026-05-27T09:17:22Z,85.6,44.4,704.2,80.1
2026-05-27T09:19:25Z,85.6,44.4,703.9,80.1
2026-05-27T09:21:29Z,85.6,44.4,703.8,80.1
2026-05-27T09:23:32Z,85.6,44.4,703.7,80.1
2026-05-27T09:25:36Z,85.6,44.4,703.6,80.1
2026-05-27T09:27:39Z,85.6,44.4,702.8,80.2
2026-05-27T09:29:43Z,85.6,44.4,702.8,80.2
2026-05-27T09:31:47Z,85.6,44.4,702.7,80.2
2026-05-27T09:33:51Z,85.6,44.4,702.4,80.2
2026-05-27T09:35:55Z,85.6,44.4,701.4,80.2
2026-05-27T09:38:00Z,85.6,44.4,701.1,80.2
2026-05-27T09:40:04Z,85.6,44.4,701.8,80.2
2026-05-27T09:42:08Z,85.6,44.4,701.7,80.2
2026-05-27T09:44:12Z,85.6,44.4,701.6,80.2
2026-05-27T09:46:16Z,85.6,44.4,701.3,80.2
2026-05-27T09:48:19Z,85.6,44.4,701.2,80.2
2026-05-27T09:50:23Z,85.6,44.4,701.2,80.2
2026-05-27T09:52:27Z,85.6,44.4,701.0,80.2
2026-05-27T09:54:31Z,85.6,44.4,701.0,80.2
2026-05-27T09:56:34Z,85.6,44.4,700.7,80.2
2026-05-27T09:58:38Z,85.6,44.4,700.5,80.2
2026-05-27T10:00:41Z,85.6,44.4,699.5,80.3
2026-05-27T10:02:46Z,85.6,44.4,698.6,80.3
2026-05-27T10:04:49Z,85.6,44.4,700.4,80.2
2026-05-27T10:06:53Z,85.6,44.4,699.8,80.2
2026-05-27T10:09:56Z,85.6,44.4,701.3,80.2
2026-05-27T10:12:17Z,85.6,44.4,699.2,80.3
2026-05-27T10:14:21Z,85.6,44.4,698.4,80.3
2026-05-27T10:16:24Z,85.6,44.4,697.4,80.3
2026-05-27T10:18:28Z,85.6,44.4,697.6,80.3
2026-05-27T10:20:31Z,85.6,44.4,695.0,80.4
2026-05-27T10:22:35Z,85.6,44.4,695.3,80.4
2026-05-27T10:24:39Z,85.6,44.4,694.2,80.4
2026-05-27T10:26:42Z,85.6,44.4,690.9,80.5
2026-05-27T10:28:46Z,85.6,44.4,691.6,80.5
2026-05-27T10:30:50Z,85.6,44.4,689.7,80.5
2026-05-27T10:32:54Z,85.6,44.4,689.9,80.5
2026-05-27T10:34:58Z,85.6,44.4,689.7,80.5
2026-05-27T10:37:01Z,85.6,44.4,689.9,80.5
2026-05-27T10:39:05Z,85.6,44.4,689.5,80.5
2026-05-27T10:41:10Z,85.6,44.4,689.0,80.5
2026-05-27T10:43:13Z,85.6,44.4,689.3,80.5
2026-05-27T10:45:18Z,85.6,44.4,688.9,80.6
2026-05-27T10:47:21Z,85.6,44.4,689.9,80.5
2026-05-27T10:49:25Z,85.6,44.4,689.5,80.5
2026-05-27T10:51:29Z,85.6,44.4,689.5,80.5
2026-05-27T10:53:33Z,85.6,44.4,688.3,80.6
2026-05-27T10:55:37Z,85.6,44.4,689.1,80.5
2026-05-27T10:57:40Z,85.6,44.4,688.3,80.6
2026-05-27T11:00:37Z,85.6,44.4,688.3,80.6
2026-05-27T11:02:55Z,85.6,44.4,686.1,80.6
2026-05-27T11:04:59Z,85.6,44.4,684.6,80.7
2026-05-27T11:07:03Z,85.6,44.4,683.5,80.7
2026-05-27T11:09:06Z,85.6,44.4,696.4,80.3
2026-05-27T11:11:10Z,85.6,44.4,693.9,80.4
2026-05-27T11:13:14Z,85.6,44.4,693.0,80.4
2026-05-27T11:15:17Z,85.6,44.4,691.4,80.5
2026-05-27T11:17:21Z,85.6,44.4,692.7,80.4
2026-05-27T11:19:25Z,85.6,44.4,692.8,80.4
2026-05-27T11:21:29Z,85.6,44.4,692.8,80.4
2026-05-27T11:23:33Z,85.6,44.4,692.3,80.5
2026-05-27T11:25:36Z,85.6,44.4,692.5,80.5
2026-05-27T11:27:40Z,85.6,44.4,691.4,80.5
2026-05-27T11:29:44Z,85.6,44.4,691.0,80.5
2026-05-27T11:31:48Z,85.6,44.4,690.0,80.5
2026-05-27T11:33:52Z,85.6,44.4,688.1,80.6
2026-05-27T11:35:55Z,85.6,44.4,689.7,80.5
2026-05-27T11:37:59Z,85.6,44.4,689.2,80.5
2026-05-27T11:40:02Z,85.6,44.4,688.3,80.6
2026-05-27T11:42:06Z,85.6,44.4,689.1,80.5
2026-05-27T11:44:10Z,85.6,44.4,687.6,80.6
2026-05-27T11:46:14Z,85.6,44.4,686.7,80.6
2026-05-27T11:48:18Z,85.6,44.4,686.5,80.6
2026-05-27T11:50:22Z,85.6,44.4,685.6,80.6
2026-05-27T11:52:25Z,85.6,44.4,685.9,80.6
2026-05-27T11:54:29Z,85.6,44.4,684.8,80.7
2026-05-27T11:56:33Z,85.6,44.4,685.0,80.7
2026-05-27T11:58:37Z,85.6,44.4,684.8,80.7
2026-05-27T12:00:41Z,85.6,44.4,683.9,80.7
2026-05-27T12:02:45Z,85.6,44.4,683.9,80.7
2026-05-27T12:04:48Z,85.6,44.4,683.7,80.7
2026-05-27T12:06:52Z,85.6,44.4,683.8,80.7
2026-05-27T12:08:56Z,85.6,44.4,682.7,80.7
2026-05-27T12:10:59Z,85.6,44.4,684.1,80.7
2026-05-27T12:13:03Z,85.6,44.4,683.7,80.7
2026-05-27T12:15:07Z,85.6,44.4,683.5,80.7
2026-05-27T12:17:11Z,85.6,44.4,682.8,80.7
2026-05-27T12:19:14Z,85.6,44.4,681.2,80.8
2026-05-27T12:21:18Z,85.6,44.4,680.9,80.8
2026-05-27T12:23:22Z,85.6,44.4,680.0,80.8
2026-05-27T12:25:26Z,85.6,44.4,679.5,80.8
2026-05-27T12:27:30Z,85.6,44.4,679.4,80.8
2026-05-27T12:29:34Z,85.6,44.4,678.8,80.8
2026-05-27T12:31:37Z,85.6,44.4,678.8,80.8
2026-05-27T12:33:41Z,85.6,44.4,678.4,80.8
2026-05-27T12:35:45Z,85.6,44.4,678.3,80.9
2026-05-27T12:37:49Z,85.6,44.4,685.0,80.7
2026-05-27T12:39:52Z,85.6,44.4,685.9,80.6
2026-05-27T12:41:56Z,85.6,44.4,685.9,80.6
2026-05-27T12:45:05Z,85.6,44.4,688.7,80.6
2026-05-27T12:47:22Z,85.6,44.4,688.5,80.6
2026-05-27T12:49:26Z,85.6,44.4,688.1,80.6
2026-05-27T12:51:30Z,85.6,44.4,687.9,80.6
2026-05-27T12:53:34Z,85.6,44.4,687.7,80.6
2026-05-27T12:55:37Z,85.6,44.4,686.8,80.6
2026-05-27T12:58:01Z,85.6,44.4,684.3,80.7
2026-05-27T13:00:06Z,85.6,44.4,683.6,80.7
2026-05-27T13:02:09Z,85.6,44.4,683.0,80.7
2026-05-27T13:04:13Z,85.6,44.4,683.4,80.7
2026-05-27T13:06:17Z,85.6,44.4,682.7,80.7
2026-05-27T13:09:02Z,85.6,44.4,681.6,80.8
2026-05-27T13:11:25Z,85.5,44.4,680.3,80.8
2026-05-27T13:13:29Z,85.5,44.4,679.9,80.8
2026-05-27T13:15:53Z,85.5,44.4,680.1,80.8
2026-05-27T13:18:17Z,85.5,44.4,678.7,80.8
2026-05-27T13:20:41Z,85.5,44.4,679.1,80.8
2026-05-27T13:23:05Z,85.5,44.4,678.9,80.8
2026-05-27T13:25:46Z,85.5,44.4,676.8,80.9
2026-05-27T13:28:09Z,85.5,44.4,675.4,80.9
2026-05-27T13:30:13Z,85.5,44.4,674.6,81.0
2026-05-27T13:32:37Z,85.5,44.4,675.4,80.9
2026-05-27T13:35:01Z,85.5,44.4,691.4,80.5
2026-05-27T13:37:26Z,85.5,44.4,690.2,80.5
2026-05-27T13:39:50Z,85.5,44.4,688.2,80.6
2026-05-27T13:42:14Z,85.5,44.4,687.8,80.6
2026-05-27T13:44:38Z,85.5,44.4,687.4,80.6
2026-05-27T13:47:03Z,85.5,44.4,687.3,80.6
2026-05-27T13:49:27Z,85.5,44.4,686.9,80.6
2026-05-27T13:51:51Z,85.5,44.4,687.1,80.6
2026-05-27T13:54:15Z,85.5,44.4,686.7,80.6
2026-05-27T13:56:40Z,85.5,44.4,686.6,80.6
2026-05-27T13:59:23Z,85.5,44.4,685.2,80.7
2026-05-27T14:01:44Z,85.5,44.4,683.9,80.7
2026-05-27T14:03:48Z,85.5,44.4,683.5,80.7
2026-05-27T14:06:12Z,85.5,44.4,683.6,80.7
2026-05-27T14:08:36Z,85.5,44.4,682.3,80.7
2026-05-27T14:11:01Z,85.5,44.4,682.5,80.7
2026-05-27T14:13:25Z,85.5,44.4,682.2,80.7
2026-05-27T14:15:51Z,85.5,44.4,680.7,80.8
2026-05-27T14:18:12Z,85.5,44.4,679.2,80.8
2026-05-27T14:21:26Z,85.5,44.4,678.7,80.8
2026-05-27T14:24:15Z,85.5,44.4,677.9,80.9
2026-05-27T14:24:51Z,85.5,44.5,678.7,80.8
2026-05-27T14:26:54Z,85.5,44.4,677.4,80.9
2026-05-27T14:28:58Z,85.5,44.4,678.0,80.9
2026-05-27T14:31:01Z,85.5,44.4,677.6,80.9
2026-05-27T14:33:05Z,85.5,44.4,677.7,80.9
2026-05-27T14:35:09Z,85.5,44.4,677.3,80.9
2026-05-27T14:37:12Z,85.5,44.4,677.5,80.9
2026-05-27T14:39:16Z,85.5,44.4,677.2,80.9
2026-05-27T14:41:19Z,85.5,44.5,676.3,80.9
2026-05-27T14:43:23Z,85.5,44.5,675.9,80.9
2026-05-27T14:45:26Z,85.5,44.5,676.1,80.9
2026-05-27T14:47:30Z,85.5,44.5,676.1,80.9
2026-05-27T14:49:33Z,85.5,44.5,674.4,81.0
2026-05-27T14:51:37Z,85.5,44.5,686.6,80.6
2026-05-27T14:53:40Z,85.5,44.5,691.8,80.5
2026-05-27T14:55:44Z,85.5,44.5,691.5,80.5
2026-05-27T14:57:47Z,85.5,44.5,691.2,80.5
2026-05-27T14:59:51Z,85.5,44.5,691.3,80.5
2026-05-27T15:01:55Z,85.5,44.5,690.8,80.5
2026-05-27T15:03:58Z,85.5,44.5,691.1,80.5
2026-05-27T15:06:02Z,85.5,44.5,690.9,80.5
2026-05-27T15:08:05Z,85.5,44.5,690.6,80.5
2026-05-27T15:10:09Z,85.5,44.5,690.3,80.5
2026-05-27T15:12:12Z,85.5,44.5,690.2,80.5
2026-05-27T15:14:16Z,85.5,44.5,690.3,80.5
2026-05-27T15:16:19Z,85.5,44.5,689.3,80.5
2026-05-27T15:18:23Z,85.5,44.5,689.9,80.5
2026-05-27T15:20:26Z,85.5,44.5,691.0,80.5
2026-05-27T15:22:30Z,85.5,44.5,690.8,80.5
2026-05-27T15:24:34Z,85.5,44.5,688.4,80.6
2026-05-27T15:26:37Z,85.5,44.5,687.4,80.6
2026-05-27T15:28:42Z,85.5,44.5,686.5,80.6
2026-05-27T15:30:46Z,85.5,44.5,686.3,80.6
2026-05-27T15:32:49Z,85.5,44.5,686.3,80.6
2026-05-27T15:34:53Z,85.5,44.5,685.2,80.7
2026-05-27T15:36:56Z,85.5,44.5,685.9,80.6
2026-05-27T15:39:00Z,85.5,44.5,685.7,80.6
2026-05-27T15:41:03Z,85.5,44.5,683.8,80.7
2026-05-27T15:43:07Z,85.5,44.5,685.2,80.7
2026-05-27T15:45:11Z,85.5,44.5,684.9,80.7
2026-05-27T15:47:14Z,85.5,44.5,685.0,80.7
2026-05-27T15:49:18Z,85.5,44.5,684.6,80.7
2026-05-27T15:51:21Z,85.5,44.5,684.9,80.7
2026-05-27T15:53:25Z,85.5,44.5,684.6,80.7
2026-05-27T15:55:28Z,85.5,44.5,684.7,80.7
2026-05-27T15:57:32Z,85.5,44.5,684.2,80.7
2026-05-27T15:59:35Z,85.5,44.5,682.5,80.7
2026-05-27T16:01:39Z,85.5,44.5,684.0,80.7
2026-05-27T16:03:42Z,85.5,44.5,683.3,80.7
2026-05-27T16:05:46Z,85.5,44.5,683.6,80.7
2026-05-27T16:07:50Z,85.5,44.5,682.7,80.7
2026-05-27T16:09:53Z,85.5,44.5,683.4,80.7
2026-05-27T16:11:57Z,85.5,44.5,682.3,80.7
2026-05-27T16:14:00Z,85.5,44.5,683.0,80.7
2026-05-27T16:16:04Z,85.5,44.5,682.9,80.7
2026-05-27T16:18:07Z,85.5,44.5,682.4,80.7
2026-05-27T16:20:11Z,85.5,44.5,682.5,80.7
2026-05-27T16:22:14Z,85.5,44.5,681.9,80.7
2026-05-27T16:24:18Z,85.5,44.5,682.1,80.7
2026-05-27T16:26:22Z,85.5,44.5,682.1,80.7
2026-05-27T16:28:25Z,85.5,44.5,681.6,80.8
2026-05-27T16:30:29Z,85.5,44.5,681.6,80.8
2026-05-27T16:32:33Z,85.5,44.5,680.9,80.8
2026-05-27T16:34:37Z,85.5,44.5,681.1,80.8
2026-05-27T16:36:41Z,85.5,44.5,679.4,80.8
2026-05-27T16:38:44Z,85.5,44.5,679.7,80.8
2026-05-27T16:40:48Z,85.5,44.5,679.7,80.8
2026-05-27T16:42:52Z,85.5,44.5,678.4,80.8
2026-05-27T16:44:55Z,85.5,44.5,679.2,80.8
2026-05-27T16:46:59Z,85.5,44.5,678.9,80.8
2026-05-27T16:49:02Z,85.5,44.5,678.7,80.8
2026-05-27T16:51:06Z,85.5,44.5,678.4,80.8
2026-05-27T16:53:09Z,85.5,44.5,678.3,80.9
2026-05-27T16:55:13Z,85.5,44.5,677.9,80.9
2026-05-27T16:57:16Z,85.5,44.5,678.0,80.9
2026-05-27T16:59:20Z,85.5,44.5,677.8,80.9
2026-05-27T17:01:24Z,85.5,44.5,677.2,80.9
2026-05-27T17:03:27Z,85.5,44.5,677.3,80.9
2026-05-27T17:05:31Z,85.5,44.4,681.8,80.8
2026-05-27T17:07:34Z,85.5,44.4,682.0,80.7
2026-05-27T17:09:38Z,85.5,44.4,681.9,80.7
2026-05-27T17:11:41Z,85.5,44.4,681.3,80.8
2026-05-27T17:13:46Z,85.5,44.4,681.4,80.8
2026-05-27T17:15:49Z,85.5,44.4,681.0,80.8
2026-05-27T17:17:53Z,85.5,44.4,681.2,80.8
2026-05-27T17:19:56Z,85.5,44.4,680.8,80.8
2026-05-27T17:22:06Z,85.5,44.4,680.7,80.8
2026-05-27T17:24:09Z,85.5,44.4,680.3,80.8
2026-05-27T17:26:13Z,85.5,44.4,680.5,80.8
2026-05-27T17:28:16Z,85.5,44.4,680.1,80.8
2026-05-27T17:30:20Z,85.5,44.4,680.2,80.8
2026-05-27T17:32:23Z,85.5,44.4,680.1,80.8
2026-05-27T17:34:27Z,85.5,44.4,680.2,80.8
2026-05-27T17:36:30Z,85.5,44.4,680.0,80.8
2026-05-27T17:38:34Z,85.5,44.4,678.7,80.8
2026-05-27T17:41:10Z,85.5,44.4,677.6,80.9
2026-05-27T17:43:14Z,85.5,44.4,676.4,80.9
2026-05-27T17:45:17Z,85.5,44.4,675.4,80.9
2026-05-27T17:47:22Z,85.5,44.4,675.4,80.9
2026-05-27T17:49:25Z,85.5,44.4,674.1,81.0
2026-05-27T17:51:29Z,85.5,44.4,673.9,81.0
2026-05-27T17:53:32Z,85.5,44.4,673.9,81.0
2026-05-27T17:55:36Z,85.5,44.4,671.7,81.0
2026-05-27T17:57:40Z,85.5,44.4,673.1,81.0
2026-05-27T17:59:43Z,85.5,44.4,672.7,81.0
2026-05-27T18:01:47Z,85.5,44.4,672.7,81.0
2026-05-27T18:03:50Z,85.5,44.4,672.3,81.0
2026-05-27T18:05:54Z,85.5,44.4,672.7,81.0
2026-05-27T18:07:57Z,85.5,44.4,671.7,81.0
2026-05-27T18:10:01Z,85.5,44.4,672.1,81.0
2026-05-27T18:12:05Z,85.5,44.4,671.4,81.0
2026-05-27T18:14:08Z,85.5,44.4,672.1,81.0
2026-05-27T18:16:12Z,85.5,44.4,671.2,81.1
2026-05-27T18:18:15Z,85.5,44.4,671.7,81.0
2026-05-27T18:20:19Z,85.5,44.4,671.4,81.0
2026-05-27T18:22:22Z,85.5,44.4,671.2,81.1
2026-05-27T18:24:26Z,85.5,44.4,671.2,81.1
2026-05-27T18:26:29Z,85.5,44.4,671.1,81.1
2026-05-27T18:28:33Z,85.5,44.4,670.7,81.1
2026-05-27T18:30:37Z,85.5,44.4,670.6,81.1
2026-05-27T18:32:40Z,85.5,44.4,670.7,81.1
2026-05-27T18:34:44Z,85.5,44.4,671.0,81.1
2026-05-27T18:36:47Z,85.5,44.4,670.9,81.1
2026-05-27T18:38:51Z,85.5,44.4,670.4,81.1
2026-05-27T18:40:55Z,85.5,44.4,670.0,81.1
2026-05-27T18:42:58Z,85.5,44.4,670.3,81.1
2026-05-27T18:45:02Z,85.5,44.4,670.1,81.1
2026-05-27T18:47:05Z,85.5,44.4,671.1,81.1
2026-05-27T18:49:09Z,85.5,44.4,671.1,81.1
2026-05-27T18:51:13Z,85.5,44.4,670.8,81.1
2026-05-27T18:53:16Z,85.5,44.4,670.6,81.1
2026-05-27T18:55:20Z,85.5,44.4,669.9,81.1
2026-05-27T18:57:24Z,85.5,44.4,669.4,81.1
2026-05-27T18:59:28Z,85.5,44.4,668.8,81.1
2026-05-27T19:01:50Z,85.5,44.4,668.0,81.1
2026-05-27T19:03:54Z,85.5,44.4,666.4,81.2
2026-05-27T19:05:58Z,85.5,44.4,664.8,81.2
2026-05-27T19:08:02Z,85.5,44.4,664.7,81.2
2026-05-27T19:10:05Z,85.5,44.4,663.9,81.3
2026-05-27T19:12:09Z,85.5,44.4,663.0,81.3
2026-05-27T19:14:13Z,85.5,44.4,662.6,81.3
2026-05-27T19:16:16Z,85.5,44.5,660.4,81.4
2026-05-27T19:18:20Z,85.5,44.4,661.9,81.3
2026-05-27T19:20:24Z,85.5,44.4,661.6,81.3
2026-05-27T19:22:28Z,85.5,44.4,667.1,81.2
2026-05-27T19:24:31Z,85.5,44.4,666.7,81.2
2026-05-27T19:26:35Z,85.5,44.4,666.1,81.2
2026-05-27T19:28:39Z,85.5,44.4,664.1,81.3
2026-05-27T19:30:43Z,85.5,44.4,664.0,81.3
2026-05-27T19:32:46Z,85.5,44.5,664.1,81.3
2026-05-27T19:34:50Z,85.4,44.5,662.4,81.3
2026-05-27T19:36:54Z,85.5,44.4,663.0,81.3
2026-05-27T19:38:58Z,85.5,44.5,662.3,81.3
2026-05-27T19:41:01Z,85.5,44.4,662.2,81.3
2026-05-27T19:43:05Z,85.5,44.4,661.8,81.3
2026-05-27T19:45:09Z,85.5,44.4,661.2,81.3
2026-05-27T19:47:13Z,85.5,44.5,660.6,81.4
2026-05-27T19:49:16Z,85.5,44.5,660.0,81.4
2026-05-27T19:51:20Z,85.5,44.5,660.0,81.4
2026-05-27T19:53:24Z,85.5,44.5,659.6,81.4
2026-05-27T19:55:28Z,85.5,44.5,664.5,81.2
2026-05-27T19:57:31Z,85.5,44.5,664.6,81.2
2026-05-27T19:59:35Z,85.5,44.5,663.3,81.3
2026-05-27T20:01:39Z,85.5,44.5,664.2,81.3
2026-05-27T20:03:43Z,85.5,44.5,663.3,81.3
2026-05-27T20:05:47Z,85.5,44.5,663.3,81.3
2026-05-27T20:07:51Z,85.5,44.5,663.3,81.3
2026-05-27T20:09:54Z,85.5,44.5,662.0,81.3
2026-05-27T20:11:58Z,85.5,44.5,662.1,81.3
2026-05-27T20:14:58Z,85.5,44.5,663.1,81.3
2026-05-27T20:17:01Z,85.5,44.5,661.3,81.3
2026-05-27T20:19:05Z,85.5,44.5,659.9,81.4
2026-05-27T20:21:09Z,85.5,44.5,659.6,81.4
2026-05-27T20:23:12Z,85.5,44.5,659.5,81.4
2026-05-27T20:25:16Z,85.5,44.5,658.5,81.4
2026-05-27T20:27:20Z,85.5,44.5,658.4,81.4
2026-05-27T20:29:23Z,85.5,44.5,658.8,81.4
2026-05-27T20:31:27Z,85.5,44.5,658.3,81.4
2026-05-27T20:33:31Z,85.5,44.5,658.5,81.4
2026-05-27T20:35:34Z,85.5,44.5,658.1,81.4
2026-05-27T20:37:38Z,85.5,44.5,657.5,81.4
2026-05-27T20:39:42Z,85.5,44.5,657.0,81.5
2026-05-27T20:41:45Z,85.5,44.5,655.5,81.5
2026-05-27T20:43:49Z,85.5,44.5,654.7,81.5
2026-05-27T20:45:53Z,85.5,44.5,654.2,81.5
2026-05-27T20:47:56Z,85.5,44.5,653.6,81.5
2026-05-27T20:50:01Z,85.5,44.5,654.3,81.5
2026-05-27T20:52:04Z,85.5,44.5,654.2,81.5
2026-05-27T20:54:09Z,85.5,44.5,653.5,81.6
2026-05-27T20:56:12Z,85.5,44.5,653.5,81.6
2026-05-27T20:58:17Z,85.5,44.5,653.3,81.6
2026-05-27T21:00:20Z,85.5,44.5,653.3,81.6
2026-05-27T21:02:24Z,85.4,44.5,653.1,81.6
2026-05-27T21:04:27Z,85.4,44.5,652.7,81.6
2026-05-27T21:06:31Z,85.5,44.5,653.0,81.6
2026-05-27T21:08:35Z,85.5,44.5,652.9,81.6
2026-05-27T21:10:38Z,85.5,44.5,652.8,81.6
2026-05-27T21:12:42Z,85.5,44.5,652.5,81.6
2026-05-27T21:14:45Z,85.5,44.5,652.4,81.6
2026-05-27T21:16:49Z,85.5,44.5,652.4,81.6
2026-05-27T21:18:53Z,85.5,44.5,652.3,81.6
2026-05-27T21:20:59Z,85.5,44.5,652.2,81.6
2026-05-27T21:23:03Z,85.5,44.5,652.1,81.6
2026-05-27T21:25:06Z,85.5,44.5,653.1,81.6
2026-05-27T21:27:10Z,85.5,44.5,653.1,81.6
2026-05-27T21:29:13Z,85.5,44.5,652.7,81.6
2026-05-27T21:31:17Z,85.5,44.5,652.8,81.6
2026-05-27T21:33:21Z,85.5,44.5,652.5,81.6
2026-05-27T21:35:24Z,85.5,44.5,652.4,81.6
2026-05-27T21:37:28Z,85.5,44.5,652.3,81.6
2026-05-27T21:39:33Z,85.5,44.5,652.2,81.6
2026-05-27T21:41:36Z,85.5,44.5,652.1,81.6
2026-05-27T21:43:40Z,85.5,44.5,652.1,81.6
2026-05-27T21:45:44Z,85.5,44.5,651.9,81.6
2026-05-27T21:47:47Z,85.5,44.5,652.1,81.6
2026-05-27T21:49:51Z,85.5,44.5,660.8,81.3
2026-05-27T21:51:54Z,85.5,44.5,660.8,81.3
2026-05-27T21:53:58Z,85.5,44.5,660.6,81.4
2026-05-27T21:56:02Z,85.5,44.5,660.6,81.4
2026-05-27T21:58:05Z,85.5,44.5,660.4,81.4
2026-05-27T22:00:09Z,85.5,44.5,660.5,81.4
2026-05-27T22:02:12Z,85.5,44.5,660.4,81.4
2026-05-27T22:04:16Z,85.5,44.5,660.2,81.4
2026-05-27T22:06:19Z,85.5,44.5,660.1,81.4
2026-05-27T22:08:23Z,85.5,44.5,660.1,81.4
2026-05-27T22:10:26Z,85.5,44.5,659.8,81.4
2026-05-27T22:12:30Z,85.5,44.5,659.7,81.4
2026-05-27T22:14:34Z,85.5,44.5,659.6,81.4
2026-05-27T22:16:37Z,85.5,44.5,659.5,81.4
2026-05-27T22:18:41Z,85.5,44.5,659.7,81.4
2026-05-27T22:20:44Z,85.5,44.5,659.4,81.4
2026-05-27T22:22:48Z,85.5,44.5,659.5,81.4
2026-05-27T22:24:51Z,85.5,44.5,659.4,81.4
2026-05-27T22:26:55Z,85.5,44.5,659.3,81.4
2026-05-27T22:28:58Z,85.5,44.5,659.2,81.4
2026-05-27T22:31:02Z,85.5,44.5,659.1,81.4
2026-05-27T22:33:05Z,85.5,44.5,659.2,81.4
2026-05-27T22:35:10Z,85.5,44.5,659.0,81.4
2026-05-27T22:37:14Z,85.5,44.5,658.1,81.4
2026-05-27T22:39:50Z,85.5,44.5,656.9,81.5
2026-05-27T22:41:53Z,85.5,44.5,655.6,81.5
2026-05-27T22:43:57Z,85.5,44.5,653.9,81.5
2026-05-27T22:46:00Z,85.5,44.5,654.0,81.5
2026-05-27T22:48:04Z,85.4,44.5,653.2,81.6
2026-05-27T22:50:08Z,85.4,44.5,652.8,81.6
2026-05-27T22:52:12Z,85.4,44.5,652.7,81.6
2026-05-27T22:54:16Z,85.4,44.5,652.4,81.6
2026-05-27T22:56:19Z,85.4,44.5,652.2,81.6
2026-05-27T22:58:23Z,85.4,44.5,652.7,81.6
2026-05-27T23:00:27Z,85.4,44.5,652.7,81.6
2026-05-27T23:02:30Z,85.4,44.5,652.6,81.6
2026-05-27T23:04:34Z,85.4,44.5,652.4,81.6
2026-05-27T23:06:37Z,85.4,44.5,652.4,81.6
2026-05-27T23:08:41Z,85.4,44.5,652.2,81.6
2026-05-27T23:10:44Z,85.4,44.5,652.1,81.6
2026-05-27T23:12:48Z,85.4,44.5,649.2,81.7
2026-05-27T23:14:51Z,85.4,44.5,649.2,81.7
2026-05-27T23:16:55Z,85.4,44.5,649.3,81.7
2026-05-27T23:18:58Z,85.4,44.5,649.2,81.7
2026-05-27T23:21:02Z,85.4,44.5,649.0,81.7
2026-05-27T23:23:05Z,85.4,44.5,649.0,81.7
2026-05-27T23:25:09Z,85.4,44.5,648.9,81.7
2026-05-27T23:27:13Z,85.4,44.5,648.7,81.7
2026-05-27T23:29:16Z,85.4,44.5,648.5,81.7
2026-05-27T23:31:20Z,85.4,44.5,647.2,81.7
2026-05-27T23:33:23Z,85.4,44.5,647.0,81.7
2026-05-27T23:35:27Z,85.4,44.5,647.0,81.7
2026-05-27T23:37:30Z,85.4,44.5,646.8,81.7
2026-05-27T23:39:34Z,85.4,44.5,646.7,81.7
2026-05-27T23:41:37Z,85.4,44.5,646.7,81.7
2026-05-27T23:43:41Z,85.4,44.5,646.4,81.8
2026-05-27T23:45:44Z,85.4,44.5,646.4,81.8
2026-05-27T23:47:48Z,85.4,44.5,646.3,81.8
2026-05-27T23:49:51Z,85.4,44.5,646.2,81.8
2026-05-27T23:51:55Z,85.4,44.5,645.9,81.8
2026-05-27T23:53:59Z,85.4,44.5,645.9,81.8
2026-05-27T23:56:02Z,85.4,44.5,645.1,81.8
2026-05-27T23:58:06Z,85.4,44.5,645.0,81.8
2026-05-28T00:00:09Z,85.4,44.5,644.9,81.8
2026-05-28T00:02:13Z,85.4,44.5,644.7,81.8
2026-05-28T00:04:17Z,85.4,44.5,651.4,81.6
2026-05-28T00:06:20Z,85.4,44.5,651.1,81.6
2026-05-28T00:08:24Z,85.4,44.5,650.9,81.6
2026-05-28T00:10:27Z,85.4,44.5,650.9,81.6
2026-05-28T00:12:31Z,85.4,44.5,650.7,81.6
2026-05-28T00:14:34Z,85.4,44.5,650.5,81.6
2026-05-28T00:16:38Z,85.4,44.5,650.5,81.6
2026-05-28T00:18:42Z,85.4,44.5,650.2,81.6
2026-05-28T00:20:45Z,85.4,44.5,650.2,81.6
2026-05-28T00:22:49Z,85.4,44.5,650.1,81.6
2026-05-28T00:24:52Z,85.4,44.5,650.1,81.6
2026-05-28T00:26:56Z,85.4,44.5,649.8,81.7
2026-05-28T00:28:59Z,85.4,44.5,649.8,81.7
2026-05-28T00:31:03Z,85.4,44.5,649.7,81.7
2026-05-28T00:33:07Z,85.4,44.5,649.6,81.7
2026-05-28T00:35:10Z,85.4,44.5,648.9,81.7
2026-05-28T00:37:14Z,85.4,44.5,648.8,81.7
2026-05-28T00:39:17Z,85.4,44.5,648.8,81.7
2026-05-28T00:41:21Z,85.4,44.5,648.6,81.7
2026-05-28T00:43:24Z,85.4,44.5,648.4,81.7
2026-05-28T00:45:28Z,85.4,44.5,648.4,81.7
2026-05-28T00:47:32Z,85.4,44.5,648.3,81.7
2026-05-28T00:49:35Z,85.4,44.5,648.1,81.7
2026-05-28T00:51:39Z,85.4,44.5,647.9,81.7
2026-05-28T00:53:42Z,85.4,44.5,647.9,81.7
2026-05-28T00:55:46Z,85.4,44.5,647.7,81.7
2026-05-28T00:57:50Z,85.3,44.6,647.6,81.7
2026-05-28T00:59:53Z,85.4,44.5,647.7,81.7
2026-05-28T01:01:57Z,85.4,44.5,647.5,81.7
2026-05-28T01:04:00Z,85.4,44.5,647.5,81.7
2026-05-28T01:06:04Z,85.4,44.5,647.2,81.7
2026-05-28T01:08:07Z,85.4,44.5,647.1,81.7
2026-05-28T01:10:11Z,85.4,44.5,647.0,81.7
2026-05-28T01:12:14Z,85.4,44.5,646.9,81.7
2026-05-28T01:14:18Z,85.4,44.5,646.8,81.7
2026-05-28T01:16:21Z,85.4,44.5,646.7,81.7
2026-05-28T01:18:25Z,85.4,44.5,646.6,81.7
2026-05-28T01:20:29Z,85.4,44.5,646.4,81.8
2026-05-28T01:22:32Z,85.4,44.5,645.6,81.8
2026-05-28T01:24:36Z,85.4,44.5,642.9,81.9
2026-05-28T01:26:39Z,85.3,44.6,642.7,81.9
2026-05-28T01:28:45Z,85.3,44.6,642.6,81.9
2026-05-28T01:30:48Z,85.3,44.6,642.5,81.9
2026-05-28T01:32:52Z,85.3,44.6,642.3,81.9
2026-05-28T01:34:55Z,85.3,44.6,642.1,81.9
2026-05-28T01:36:59Z,85.3,44.6,642.1,81.9
2026-05-28T01:39:02Z,85.3,44.6,641.9,81.9
2026-05-28T01:41:06Z,85.3,44.6,641.9,81.9
2026-05-28T01:43:10Z,85.3,44.6,641.7,81.9
2026-05-28T01:45:13Z,85.3,44.6,641.7,81.9
2026-05-28T01:47:17Z,85.3,44.6,641.5,81.9
2026-05-28T01:49:20Z,85.3,44.6,641.4,81.9
2026-05-28T01:51:24Z,85.3,44.6,641.2,81.9
2026-05-28T01:53:27Z,85.3,44.6,640.4,81.9
2026-05-28T01:55:31Z,85.3,44.6,640.2,81.9
2026-05-28T01:57:35Z,85.3,44.6,640.2,81.9
2026-05-28T01:59:38Z,85.3,44.6,639.1,82.0
2026-05-28T02:01:42Z,85.3,44.6,638.3,82.0
2026-05-28T02:03:45Z,85.3,44.6,638.2,82.0
2026-05-28T02:05:49Z,85.3,44.6,638.2,82.0
2026-05-28T02:07:52Z,85.3,44.6,638.1,82.0
2026-05-28T02:09:56Z,85.3,44.6,638.0,82.0
2026-05-28T02:12:00Z,85.3,44.6,638.0,82.0
2026-05-28T02:14:03Z,85.3,44.6,637.6,82.0
2026-05-28T02:16:07Z,85.3,44.6,637.5,82.0
2026-05-28T02:18:10Z,85.3,44.6,637.5,82.0
2026-05-28T02:20:14Z,85.3,44.6,637.3,82.0
2026-05-28T02:22:17Z,85.3,44.6,637.2,82.0
2026-05-28T02:24:21Z,85.3,44.6,637.1,82.0
2026-05-28T02:26:24Z,85.3,44.6,636.4,82.0
2026-05-28T02:28:28Z,85.3,44.6,636.2,82.0
2026-05-28T02:30:31Z,85.3,44.6,636.0,82.0
2026-05-28T02:32:35Z,85.3,44.6,636.0,82.0
2026-05-28T02:34:38Z,85.3,44.6,635.8,82.1
2026-05-28T02:36:42Z,85.3,44.6,635.8,82.1
2026-05-28T02:38:46Z,85.3,44.6,635.8,82.1
2026-05-28T02:40:49Z,85.3,44.6,635.6,82.1
2026-05-28T02:42:53Z,85.3,44.6,636.3,82.0
2026-05-28T02:44:56Z,85.3,44.6,635.9,82.0
2026-05-28T02:47:00Z,85.3,44.6,635.8,82.1
2026-05-28T02:49:04Z,85.3,44.6,634.3,82.1
2026-05-28T02:51:07Z,85.3,44.6,634.1,82.1
2026-05-28T02:53:11Z,85.3,44.6,634.0,82.1
2026-05-28T02:55:14Z,85.3,44.6,634.0,82.1
2026-05-28T02:57:18Z,85.3,44.6,633.8,82.1
2026-05-28T02:59:22Z,85.3,44.6,633.6,82.1
2026-05-28T03:01:25Z,85.3,44.6,633.4,82.1
2026-05-28T03:03:29Z,85.3,44.6,632.6,82.1
2026-05-28T03:05:32Z,85.3,44.6,632.0,82.2
2026-05-28T03:07:36Z,85.3,44.6,631.8,82.2
2026-05-28T03:09:39Z,85.3,44.6,631.8,82.2
2026-05-28T03:11:43Z,85.3,44.6,632.4,82.1
2026-05-28T03:13:46Z,85.3,44.6,632.0,82.2
2026-05-28T03:15:50Z,85.3,44.6,631.9,82.2
2026-05-28T03:17:53Z,85.3,44.6,631.9,82.2
2026-05-28T03:19:57Z,85.3,44.6,631.5,82.2
2026-05-28T03:22:01Z,85.3,44.6,631.6,82.2
2026-05-28T03:24:04Z,85.3,44.6,631.6,82.2
2026-05-28T03:26:08Z,85.3,44.6,631.4,82.2
2026-05-28T03:28:11Z,85.3,44.6,631.0,82.2
2026-05-28T03:30:15Z,85.3,44.6,629.5,82.2
2026-05-28T03:32:19Z,85.3,44.6,629.4,82.2
2026-05-28T03:34:22Z,85.3,44.6,629.1,82.2
2026-05-28T03:36:26Z,85.3,44.6,629.1,82.2
2026-05-28T03:38:33Z,85.3,44.6,629.1,82.2
2026-05-28T03:40:37Z,85.3,44.6,628.9,82.2
2026-05-28T03:42:41Z,85.3,44.6,629.4,82.2
2026-05-28T03:44:44Z,85.3,44.6,629.0,82.2
2026-05-28T03:46:48Z,85.3,44.6,627.7,82.3
2026-05-28T03:48:51Z,85.3,44.6,626.9,82.3
2026-05-28T03:50:55Z,85.3,44.6,626.7,82.3
2026-05-28T03:52:58Z,85.3,44.6,626.8,82.3
2026-05-28T03:55:02Z,85.3,44.6,626.7,82.3
2026-05-28T03:57:05Z,85.3,44.6,626.6,82.3
2026-05-28T03:59:09Z,85.3,44.6,626.3,82.3
2026-05-28T04:01:13Z,85.3,44.6,626.1,82.3
2026-05-28T04:03:16Z,85.3,44.6,626.0,82.3
2026-05-28T04:05:20Z,85.3,44.6,625.7,82.3
2026-05-28T04:07:24Z,85.3,44.6,625.5,82.3
2026-05-28T04:09:27Z,85.3,44.6,625.6,82.3
2026-05-28T04:11:31Z,85.3,44.6,624.9,82.4
2026-05-28T04:13:34Z,85.2,44.6,623.8,82.4
2026-05-28T04:15:38Z,85.2,44.6,623.2,82.4
2026-05-28T04:17:41Z,85.2,44.6,623.0,82.4
2026-05-28T04:19:45Z,85.3,44.6,622.2,82.4
2026-05-28T04:21:49Z,85.3,44.6,621.7,82.4
2026-05-28T04:23:52Z,85.3,44.6,620.9,82.5
2026-05-28T04:25:56Z,85.3,44.6,620.3,82.5
2026-05-28T04:28:00Z,85.2,44.6,620.0,82.5
2026-05-28T04:30:04Z,85.2,44.7,619.9,82.5
2026-05-28T04:32:07Z,85.2,44.6,619.8,82.5
2026-05-28T04:34:11Z,85.3,44.6,619.7,82.5
2026-05-28T04:36:14Z,85.3,44.6,619.5,82.5
2026-05-28T04:38:18Z,85.3,44.6,623.5,82.4
2026-05-28T04:40:22Z,85.3,44.6,623.3,82.4
2026-05-28T04:42:25Z,85.3,44.6,623.3,82.4
2026-05-28T04:44:35Z,85.3,44.6,623.1,82.4
2026-05-28T04:46:39Z,85.3,44.6,623.1,82.4
2026-05-28T04:48:42Z,85.3,44.6,622.8,82.4
2026-05-28T04:50:46Z,85.3,44.6,622.0,82.4
2026-05-28T04:52:50Z,85.3,44.6,621.1,82.5
2026-05-28T04:54:53Z,85.2,44.6,620.9,82.5
2026-05-28T04:56:57Z,85.2,44.7,620.6,82.5
2026-05-28T04:59:00Z,85.2,44.6,620.5,82.5
2026-05-28T05:01:04Z,85.3,44.6,620.2,82.5
2026-05-28T05:03:08Z,85.3,44.6,619.0,82.5
2026-05-28T05:05:11Z,85.2,44.6,618.7,82.5
2026-05-28T05:07:15Z,85.2,44.6,618.7,82.5
2026-05-28T05:09:19Z,85.3,44.6,619.9,82.5
2026-05-28T05:11:22Z,85.3,44.6,619.8,82.5
2026-05-28T05:13:26Z,85.3,44.6,619.8,82.5
2026-05-28T05:15:30Z,85.3,44.6,619.6,82.5
2026-05-28T05:17:33Z,85.3,44.6,619.4,82.5
2026-05-28T05:19:37Z,85.3,44.6,619.3,82.5
2026-05-28T05:21:40Z,85.3,44.6,619.2,82.5
2026-05-28T05:23:44Z,85.3,44.6,619.0,82.5
2026-05-28T05:25:47Z,85.3,44.6,619.0,82.5
2026-05-28T05:27:51Z,85.3,44.6,618.9,82.5
2026-05-28T05:29:54Z,85.3,44.6,617.9,82.6
2026-05-28T05:31:58Z,85.3,44.6,617.1,82.6
2026-05-28T05:34:02Z,85.3,44.6,616.2,82.6
2026-05-28T05:36:06Z,85.2,44.7,614.6,82.7
2026-05-28T05:38:09Z,85.2,44.6,617.1,82.6
2026-05-28T05:40:13Z,85.2,44.6,616.9,82.6
2026-05-28T05:42:16Z,85.3,44.6,616.9,82.6
2026-05-28T05:44:20Z,85.3,44.6,616.8,82.6
2026-05-28T05:46:24Z,85.3,44.6,616.8,82.6
2026-05-28T05:48:27Z,85.3,44.6,616.8,82.6
2026-05-28T05:50:31Z,85.3,44.6,616.6,82.6
2026-05-28T05:52:34Z,85.3,44.6,616.3,82.6
2026-05-28T05:54:38Z,85.3,44.6,616.1,82.6
2026-05-28T05:56:41Z,85.3,44.6,616.2,82.6
2026-05-28T05:58:45Z,85.3,44.6,615.5,82.6
2026-05-28T06:00:49Z,85.2,44.7,614.4,82.7
2026-05-28T06:02:52Z,85.2,44.6,614.4,82.7
2026-05-28T06:04:56Z,85.2,44.6,614.3,82.7
2026-05-28T06:06:59Z,85.2,44.6,614.4,82.7
2026-05-28T06:09:03Z,85.2,44.6,614.1,82.7
2026-05-28T06:11:07Z,85.2,44.6,612.2,82.7
2026-05-28T06:13:10Z,85.2,44.7,610.5,82.8
2026-05-28T06:15:14Z,85.2,44.7,610.3,82.8
2026-05-28T06:17:18Z,85.2,44.6,610.3,82.8
2026-05-28T06:19:21Z,85.2,44.6,610.1,82.8
2026-05-28T06:21:25Z,85.2,44.6,609.9,82.8
2026-05-28T06:23:28Z,85.2,44.6,608.5,82.8
2026-05-28T06:25:32Z,85.2,44.7,608.4,82.8
2026-05-28T06:27:35Z,85.2,44.7,608.2,82.8
2026-05-28T06:29:39Z,85.2,44.6,608.2,82.8
2026-05-28T06:31:43Z,85.2,44.6,608.4,82.8
2026-05-28T06:33:46Z,85.2,44.6,608.3,82.8
2026-05-28T06:35:50Z,85.2,44.6,608.3,82.8
2026-05-28T06:37:59Z,85.2,44.6,608.3,82.8
2026-05-28T06:40:03Z,85.2,44.6,608.1,82.8
2026-05-28T06:42:06Z,85.2,44.6,608.0,82.8
2026-05-28T06:44:10Z,85.2,44.6,609.0,82.8
2026-05-28T06:46:13Z,85.2,44.6,609.0,82.8
2026-05-28T06:48:17Z,85.2,44.6,608.9,82.8
2026-05-28T06:50:21Z,85.2,44.6,606.4,82.9
2026-05-28T06:52:24Z,85.2,44.6,605.3,82.9
2026-05-28T06:54:28Z,85.2,44.6,604.8,82.9
2026-05-28T06:56:32Z,85.2,44.6,609.6,82.8
2026-05-28T06:58:35Z,85.2,44.6,608.3,82.8
2026-05-28T07:00:39Z,85.2,44.6,608.2,82.8
2026-05-28T07:02:42Z,85.2,44.7,608.0,82.8
2026-05-28T07:04:46Z,85.2,44.7,608.1,82.8
2026-05-28T07:06:49Z,85.2,44.6,608.2,82.8
2026-05-28T07:08:53Z,85.2,44.6,608.1,82.8
2026-05-28T07:11:03Z,85.2,44.6,607.8,82.8
2026-05-28T07:13:06Z,85.2,44.6,607.7,82.8
2026-05-28T07:15:10Z,85.2,44.6,607.8,82.8
2026-05-28T07:17:13Z,85.2,44.6,607.7,82.8
2026-05-28T07:19:17Z,85.2,44.6,607.6,82.8
2026-05-28T07:21:21Z,85.2,44.6,607.5,82.9
2026-05-28T07:23:24Z,85.2,44.6,606.9,82.9
2026-05-28T07:25:28Z,85.2,44.6,609.5,82.8
2026-05-28T07:27:31Z,85.2,44.6,609.4,82.8
2026-05-28T07:29:35Z,85.2,44.6,609.2,82.8
2026-05-28T07:31:38Z,85.2,44.6,609.0,82.8
2026-05-28T07:33:42Z,85.2,44.6,608.9,82.8
2026-05-28T07:35:45Z,85.2,44.6,608.9,82.8
2026-05-28T07:37:49Z,85.2,44.6,608.8,82.8
2026-05-28T07:39:53Z,85.2,44.6,608.5,82.8
2026-05-28T07:41:56Z,85.2,44.6,608.5,82.8
2026-05-28T07:44:00Z,85.2,44.6,609.1,82.8
2026-05-28T07:46:04Z,85.2,44.6,608.9,82.8
2026-05-28T07:48:07Z,85.2,44.6,608.7,82.8
2026-05-28T07:50:11Z,85.2,44.6,608.6,82.8
2026-05-28T07:52:14Z,85.2,44.6,608.7,82.8
2026-05-28T07:54:18Z,85.2,44.6,609.6,82.8
2026-05-28T07:56:22Z,85.2,44.6,609.6,82.8
2026-05-28T07:58:25Z,85.2,44.6,609.6,82.8
2026-05-28T08:00:29Z,85.2,44.6,609.4,82.8
2026-05-28T08:02:33Z,85.2,44.6,608.7,82.8
2026-05-28T08:04:36Z,85.2,44.6,608.4,82.8
2026-05-28T08:06:40Z,85.2,44.6,608.3,82.8
2026-05-28T08:08:43Z,85.2,44.6,608.2,82.8
2026-05-28T08:10:47Z,85.2,44.6,608.2,82.8
2026-05-28T08:12:51Z,85.2,44.6,608.2,82.8
2026-05-28T08:14:54Z,85.2,44.6,607.9,82.8
2026-05-28T08:16:58Z,85.2,44.6,607.9,82.8
2026-05-28T08:19:01Z,85.2,44.6,607.6,82.8
2026-05-28T08:21:05Z,85.2,44.6,606.9,82.9
2026-05-28T08:23:09Z,85.2,44.6,606.8,82.9
2026-05-28T08:25:12Z,85.2,44.6,606.8,82.9
2026-05-28T08:27:16Z,85.2,44.6,606.7,82.9
2026-05-28T08:29:19Z,85.2,44.6,606.6,82.9
2026-05-28T08:31:23Z,85.2,44.6,606.5,82.9
2026-05-28T08:33:27Z,85.2,44.6,606.3,82.9
2026-05-28T08:35:30Z,85.2,44.6,606.3,82.9
2026-05-28T08:37:34Z,85.2,44.6,606.2,82.9
2026-05-28T08:39:37Z,85.2,44.6,605.5,82.9
2026-05-28T08:41:41Z,85.2,44.6,605.3,82.9
2026-05-28T08:43:44Z,85.2,44.6,605.2,82.9
2026-05-28T08:45:48Z,85.2,44.6,605.2,82.9
2026-05-28T08:47:51Z,85.2,44.6,605.2,82.9
2026-05-28T08:49:55Z,85.2,44.6,604.9,82.9
2026-05-28T08:51:59Z,85.2,44.6,604.8,82.9
2026-05-28T08:54:02Z,85.2,44.6,604.7,82.9
2026-05-28T08:56:06Z,85.2,44.6,604.7,82.9
2026-05-28T08:58:09Z,85.2,44.6,605.6,82.9
2026-05-28T09:00:13Z,85.2,44.6,605.7,82.9
2026-05-28T09:02:17Z,85.2,44.6,605.5,82.9
2026-05-28T09:04:20Z,85.2,44.6,605.3,82.9
2026-05-28T09:06:24Z,85.2,44.6,605.3,82.9
2026-05-28T09:08:27Z,85.2,44.6,605.2,82.9
2026-05-28T09:10:31Z,85.2,44.6,606.5,82.9
2026-05-28T09:12:34Z,85.2,44.6,606.3,82.9
2026-05-28T09:14:38Z,85.2,44.6,605.0,82.9
2026-05-28T09:16:42Z,85.2,44.6,604.9,82.9
2026-05-28T09:18:46Z,85.2,44.6,604.8,82.9
2026-05-28T09:20:49Z,85.2,44.6,604.5,82.9
2026-05-28T09:22:53Z,85.2,44.6,604.5,82.9
2026-05-28T09:24:57Z,85.2,44.6,604.4,82.9
2026-05-28T09:27:00Z,85.2,44.6,604.4,82.9
2026-05-28T09:29:04Z,85.2,44.6,605.0,82.9
2026-05-28T09:31:08Z,85.2,44.6,605.0,82.9
2026-05-28T09:33:11Z,85.2,44.6,604.9,82.9
2026-05-28T09:35:15Z,85.2,44.6,604.6,82.9
2026-05-28T09:37:19Z,85.2,44.6,604.6,82.9
2026-05-28T09:39:22Z,85.2,44.6,604.5,82.9
2026-05-28T09:41:26Z,85.2,44.6,604.4,82.9
2026-05-28T09:43:29Z,85.2,44.6,604.3,82.9
2026-05-28T09:45:33Z,85.2,44.6,604.2,82.9
2026-05-28T09:47:36Z,85.2,44.6,604.2,82.9
2026-05-28T09:49:40Z,85.2,44.6,603.4,83.0
2026-05-28T09:51:44Z,85.2,44.6,603.2,83.0
2026-05-28T09:53:47Z,85.2,44.6,603.2,83.0
2026-05-28T09:55:51Z,85.2,44.6,603.1,83.0
2026-05-28T09:57:54Z,85.2,44.6,603.2,83.0
2026-05-28T09:59:58Z,85.2,44.6,603.1,83.0
2026-05-28T10:02:02Z,85.2,44.6,603.0,83.0
2026-05-28T10:04:05Z,85.2,44.6,603.0,83.0
2026-05-28T10:06:09Z,85.2,44.6,602.9,83.0
2026-05-28T10:08:12Z,85.2,44.6,602.9,83.0
2026-05-28T10:10:16Z,85.2,44.6,602.6,83.0
2026-05-28T10:12:20Z,85.2,44.6,602.5,83.0
2026-05-28T10:14:23Z,85.2,44.6,602.3,83.0
2026-05-28T10:16:27Z,85.2,44.6,602.3,83.0
2026-05-28T10:18:30Z,85.2,44.6,602.2,83.0
2026-05-28T10:20:34Z,85.2,44.6,602.0,83.0
2026-05-28T10:22:37Z,85.2,44.6,602.0,83.0
2026-05-28T10:24:41Z,85.2,44.6,601.4,83.0
2026-05-28T10:26:45Z,85.2,44.6,601.5,83.0
2026-05-28T10:28:48Z,85.2,44.6,601.2,83.0
2026-05-28T10:30:52Z,85.2,44.6,601.2,83.0
2026-05-28T10:32:55Z,85.2,44.6,601.1,83.0
2026-05-28T10:34:59Z,85.2,44.6,601.1,83.0
2026-05-28T10:37:03Z,85.2,44.6,601.1,83.0
2026-05-28T10:39:06Z,85.2,44.6,600.9,83.0
2026-05-28T10:41:10Z,85.2,44.6,600.9,83.0
2026-05-28T10:43:14Z,85.2,44.6,600.8,83.0
2026-05-28T10:45:17Z,85.2,44.6,600.8,83.0
2026-05-28T10:47:21Z,85.2,44.6,600.8,83.0
2026-05-28T10:50:25Z,85.2,44.6,602.6,83.0
2026-05-28T10:52:29Z,85.2,44.6,601.5,83.0
2026-05-28T10:54:32Z,85.2,44.6,600.5,83.0
2026-05-28T10:56:36Z,85.2,44.6,600.4,83.1
2026-05-28T10:58:40Z,85.2,44.6,600.0,83.1
2026-05-28T11:00:44Z,85.2,44.6,598.6,83.1
2026-05-28T11:02:47Z,85.2,44.6,598.4,83.1
2026-05-28T11:04:51Z,85.2,44.6,598.3,83.1
2026-05-28T11:06:55Z,85.2,44.6,597.4,83.1
2026-05-28T11:08:58Z,85.2,44.6,598.0,83.1
2026-05-28T11:11:02Z,85.2,44.6,597.5,83.1
2026-05-28T11:13:06Z,85.2,44.6,596.2,83.2
2026-05-28T11:15:10Z,85.2,44.6,596.8,83.2
2026-05-28T11:17:13Z,85.2,44.6,595.1,83.2
2026-05-28T11:19:17Z,85.2,44.6,594.5,83.2
2026-05-28T11:21:21Z,85.2,44.6,594.1,83.2
2026-05-28T11:23:25Z,85.2,44.6,594.2,83.2
2026-05-28T11:25:29Z,85.2,44.6,593.0,83.3
2026-05-28T11:27:33Z,85.2,44.7,593.1,83.3
2026-05-28T11:29:36Z,85.2,44.7,592.5,83.3
2026-05-28T11:31:40Z,85.2,44.7,591.0,83.3
2026-05-28T11:33:44Z,85.2,44.7,592.3,83.3
2026-05-28T11:35:48Z,85.2,44.7,592.1,83.3
2026-05-28T11:37:52Z,85.1,44.7,591.7,83.3
2026-05-28T11:39:55Z,85.1,44.7,590.6,83.3
2026-05-28T11:41:59Z,85.1,44.7,591.4,83.3
2026-05-28T11:44:03Z,85.2,44.7,591.3,83.3
2026-05-28T11:46:07Z,85.2,44.7,591.0,83.3
2026-05-28T11:48:11Z,85.2,44.7,595.0,83.2
2026-05-28T11:50:14Z,85.2,44.7,597.9,83.1
2026-05-28T11:52:18Z,85.2,44.7,597.9,83.1
2026-05-28T11:54:22Z,85.2,44.7,597.5,83.1
2026-05-28T11:56:25Z,85.2,44.7,597.8,83.1
2026-05-28T11:58:29Z,85.2,44.7,596.9,83.1
2026-05-28T12:00:32Z,85.2,44.7,597.0,83.1
2026-05-28T12:02:36Z,85.2,44.7,596.6,83.2
2026-05-28T12:04:39Z,85.2,44.7,596.8,83.2
2026-05-28T12:06:43Z,85.2,44.7,596.5,83.2
2026-05-28T12:08:47Z,85.2,44.7,596.5,83.2
2026-05-28T12:10:50Z,85.2,44.7,595.6,83.2
2026-05-28T12:12:54Z,85.2,44.7,596.3,83.2
2026-05-28T12:14:58Z,85.2,44.7,595.2,83.2
2026-05-28T12:17:01Z,85.2,44.7,595.8,83.2
2026-05-28T12:19:05Z,85.2,44.7,595.5,83.2
2026-05-28T12:21:09Z,85.2,44.7,595.6,83.2
2026-05-28T12:23:12Z,85.2,44.7,595.2,83.2
2026-05-28T12:25:16Z,85.2,44.7,595.4,83.2
2026-05-28T12:27:19Z,85.2,44.7,594.9,83.2
2026-05-28T12:29:23Z,85.2,44.7,595.1,83.2
2026-05-28T12:31:27Z,85.2,44.7,594.5,83.2
2026-05-28T12:33:31Z,85.2,44.7,594.2,83.2
2026-05-28T12:35:34Z,85.2,44.7,594.3,83.2
2026-05-28T12:37:38Z,85.2,44.7,593.7,83.2
2026-05-28T12:39:41Z,85.2,44.7,593.9,83.2
2026-05-28T12:41:45Z,85.2,44.7,593.5,83.2
2026-05-28T12:43:49Z,85.2,44.7,593.8,83.2
2026-05-28T12:45:53Z,85.2,44.7,593.8,83.2
2026-05-28T12:47:57Z,85.2,44.7,593.7,83.2
2026-05-28T12:50:00Z,85.2,44.7,593.5,83.2
2026-05-28T12:52:04Z,85.2,44.7,593.5,83.2
2026-05-28T12:54:08Z,85.2,44.7,593.4,83.2
2026-05-28T12:56:11Z,85.2,44.7,593.3,83.3
2026-05-28T12:58:15Z,85.2,44.7,593.2,83.3
2026-05-28T13:00:19Z,85.2,44.7,593.1,83.3
2026-05-28T13:02:22Z,85.2,44.7,593.0,83.3
2026-05-28T13:04:26Z,85.2,44.7,593.0,83.3
2026-05-28T13:06:29Z,85.2,44.7,592.9,83.3
2026-05-28T13:08:33Z,85.2,44.7,592.9,83.3
2026-05-28T13:10:36Z,85.2,44.7,592.3,83.3
2026-05-28T13:12:40Z,85.2,44.7,592.2,83.3
2026-05-28T13:14:44Z,85.2,44.7,591.6,83.3
2026-05-28T13:16:47Z,85.2,44.7,591.6,83.3
2026-05-28T13:18:51Z,85.2,44.7,591.6,83.3
2026-05-28T13:20:54Z,85.2,44.7,591.4,83.3
2026-05-28T13:22:58Z,85.2,44.7,591.4,83.3
2026-05-28T13:25:02Z,85.2,44.7,591.3,83.3
2026-05-28T13:27:05Z,85.2,44.7,591.3,83.3
2026-05-28T13:29:09Z,85.2,44.7,591.1,83.3
2026-05-28T13:31:12Z,85.2,44.7,591.0,83.3
2026-05-28T13:33:16Z,85.2,44.7,591.0,83.3
2026-05-28T13:35:20Z,85.2,44.7,590.9,83.3
2026-05-28T13:37:24Z,85.2,44.7,590.8,83.3
2026-05-28T13:39:27Z,85.2,44.7,590.6,83.3
2026-05-28T13:41:31Z,85.2,44.7,590.6,83.3
2026-05-28T13:43:35Z,85.2,44.7,590.6,83.3
2026-05-28T13:45:38Z,85.2,44.7,590.5,83.3
2026-05-28T13:47:42Z,85.2,44.7,589.9,83.3
2026-05-28T13:49:45Z,85.2,44.7,589.6,83.4
2026-05-28T13:51:49Z,85.2,44.7,589.6,83.4
2026-05-28T13:53:53Z,85.2,44.7,589.6,83.4
2026-05-28T13:55:56Z,85.2,44.7,589.5,83.4
2026-05-28T13:58:00Z,85.2,44.7,589.5,83.4
2026-05-28T14:00:04Z,85.2,44.7,589.3,83.4
2026-05-28T14:02:07Z,85.2,44.7,589.2,83.4
2026-05-28T14:04:11Z,85.2,44.7,589.2,83.4
2026-05-28T14:06:14Z,85.2,44.7,589.4,83.4
2026-05-28T14:08:18Z,85.2,44.7,589.3,83.4
2026-05-28T14:10:22Z,85.2,44.7,589.2,83.4
2026-05-28T14:12:25Z,85.2,44.7,589.2,83.4
2026-05-28T14:14:29Z,85.2,44.7,589.0,83.4
2026-05-28T14:16:33Z,85.2,44.7,588.9,83.4
2026-05-28T14:18:36Z,85.2,44.7,588.9,83.4
2026-05-28T14:20:40Z,85.2,44.7,588.7,83.4
2026-05-28T14:22:43Z,85.2,44.7,588.1,83.4
2026-05-28T14:24:47Z,85.2,44.7,587.3,83.4
2026-05-28T14:26:51Z,85.2,44.7,586.7,83.4
2026-05-28T14:28:54Z,85.2,44.7,586.4,83.4
2026-05-28T14:30:58Z,85.2,44.7,586.4,83.4
2026-05-28T14:33:01Z,85.2,44.7,586.4,83.4
2026-05-28T14:35:05Z,85.2,44.7,586.3,83.4
2026-05-28T14:37:09Z,85.2,44.7,586.4,83.4
2026-05-28T14:39:12Z,85.2,44.7,586.2,83.5
2026-05-28T14:41:16Z,85.2,44.7,586.2,83.5
2026-05-28T14:43:19Z,85.2,44.7,586.2,83.5
2026-05-28T14:45:23Z,85.2,44.7,586.1,83.5
2026-05-28T14:47:27Z,85.2,44.7,586.0,83.5
2026-05-28T14:49:30Z,85.2,44.7,586.0,83.5
2026-05-28T14:51:34Z,85.2,44.7,585.9,83.5
2026-05-28T14:53:37Z,85.2,44.7,585.8,83.5
2026-05-28T14:55:41Z,85.2,44.7,585.6,83.5
2026-05-28T14:57:45Z,85.2,44.7,585.6,83.5
2026-05-28T14:59:48Z,85.2,44.7,585.4,83.5
2026-05-28T15:01:52Z,85.2,44.7,585.4,83.5
2026-05-28T15:03:56Z,85.2,44.7,584.6,83.5
2026-05-28T15:05:59Z,85.2,44.7,585.1,83.5
2026-05-28T15:08:03Z,85.2,44.7,585.1,83.5
2026-05-28T15:10:06Z,85.2,44.7,584.9,83.5
2026-05-28T15:12:10Z,85.2,44.7,584.9,83.5
2026-05-28T15:14:14Z,85.2,44.7,584.8,83.5
2026-05-28T15:16:17Z,85.2,44.7,584.8,83.5
2026-05-28T15:18:21Z,85.2,44.7,584.8,83.5
2026-05-28T15:20:25Z,85.2,44.7,584.6,83.5
2026-05-28T15:22:28Z,85.2,44.7,584.6,83.5
2026-05-28T15:24:32Z,85.2,44.7,584.5,83.5
2026-05-28T15:26:35Z,85.2,44.7,584.5,83.5
2026-05-28T15:28:39Z,85.2,44.7,584.3,83.5
2026-05-28T15:30:43Z,85.2,44.7,584.3,83.5
2026-05-28T15:32:46Z,85.2,44.7,583.5,83.5
2026-05-28T15:34:50Z,85.2,44.7,583.3,83.5
2026-05-28T15:36:54Z,85.2,44.7,583.2,83.5
2026-05-28T15:38:57Z,85.2,44.7,583.2,83.5
2026-05-28T15:41:01Z,85.2,44.7,583.0,83.5
2026-05-28T15:43:05Z,85.2,44.7,583.0,83.5
2026-05-28T15:45:08Z,85.2,44.7,582.9,83.5
2026-05-28T15:47:12Z,85.2,44.7,582.9,83.5
2026-05-28T15:49:16Z,85.2,44.7,582.8,83.5
2026-05-28T15:51:19Z,85.2,44.7,582.7,83.5
2026-05-28T15:53:23Z,85.2,44.7,582.7,83.6
2026-05-28T15:55:27Z,85.2,44.7,582.7,83.6
2026-05-28T15:57:30Z,85.2,44.7,582.6,83.6
2026-05-28T15:59:34Z,85.2,44.7,582.5,83.6
2026-05-28T16:01:37Z,85.2,44.7,582.5,83.6
2026-05-28T16:03:41Z,85.2,44.7,582.4,83.6
2026-05-28T16:05:45Z,85.1,44.7,582.3,83.6
2026-05-28T16:07:48Z,85.1,44.7,582.2,83.6
2026-05-28T16:09:52Z,85.1,44.7,582.2,83.6
2026-05-28T16:11:55Z,85.1,44.7,582.2,83.6
2026-05-28T16:13:59Z,85.1,44.7,582.2,83.6
2026-05-28T16:16:03Z,85.1,44.7,582.0,83.6
2026-05-28T16:18:06Z,85.1,44.7,582.0,83.6
2026-05-28T16:20:10Z,85.1,44.7,581.8,83.6
2026-05-28T16:22:13Z,85.1,44.7,582.5,83.6
2026-05-28T16:24:17Z,85.1,44.7,582.4,83.6
2026-05-28T16:26:21Z,85.1,44.7,582.3,83.6
2026-05-28T16:28:24Z,85.1,44.7,582.3,83.6
2026-05-28T16:30:28Z,85.1,44.7,582.1,83.6
2026-05-28T16:32:32Z,85.1,44.7,582.1,83.6
2026-05-28T16:34:35Z,85.1,44.7,582.1,83.6
2026-05-28T16:36:39Z,85.1,44.7,582.0,83.6
2026-05-28T16:38:43Z,85.1,44.7,581.8,83.6
2026-05-28T16:40:46Z,85.1,44.7,581.2,83.6
2026-05-28T16:42:50Z,85.1,44.7,580.4,83.6
2026-05-28T16:44:54Z,85.1,44.7,580.2,83.6
2026-05-28T16:46:57Z,85.1,44.7,580.1,83.6
2026-05-28T16:49:01Z,85.1,44.7,579.9,83.6
2026-05-28T16:51:05Z,85.1,44.7,580.0,83.6
2026-05-28T16:53:08Z,85.1,44.7,579.9,83.6
2026-05-28T16:55:12Z,85.1,44.7,579.8,83.6
2026-05-28T16:57:16Z,85.1,44.7,579.7,83.6
2026-05-28T16:59:19Z,85.1,44.7,579.6,83.6
2026-05-28T17:01:23Z,85.1,44.7,579.5,83.6
2026-05-28T17:03:27Z,85.1,44.7,579.4,83.6
2026-05-28T17:05:31Z,85.1,44.7,579.3,83.6
2026-05-28T17:07:34Z,85.1,44.7,579.3,83.6
2026-05-28T17:09:38Z,85.1,44.7,579.1,83.7
2026-05-28T17:11:41Z,85.1,44.7,579.1,83.7
2026-05-28T17:13:45Z,85.1,44.7,579.1,83.7
2026-05-28T17:15:49Z,85.1,44.7,579.0,83.7
2026-05-28T17:17:52Z,85.1,44.7,578.9,83.7
2026-05-28T17:19:56Z,85.1,44.7,578.8,83.7
2026-05-28T17:22:00Z,85.1,44.7,578.1,83.7
2026-05-28T17:24:03Z,85.1,44.7,578.0,83.7
2026-05-28T17:26:07Z,85.1,44.7,578.0,83.7
2026-05-28T17:28:11Z,85.1,44.7,578.1,83.7
2026-05-28T17:30:15Z,85.1,44.7,577.8,83.7
2026-05-28T17:32:18Z,85.1,44.7,577.9,83.7
2026-05-28T17:34:22Z,85.1,44.7,577.6,83.7
2026-05-28T17:36:25Z,85.1,44.7,577.6,83.7
2026-05-28T17:38:29Z,85.1,44.7,577.5,83.7
2026-05-28T17:40:33Z,85.1,44.7,577.3,83.7
2026-05-28T17:42:36Z,85.1,44.7,577.3,83.7
2026-05-28T17:44:40Z,85.1,44.7,577.2,83.7
2026-05-28T17:46:43Z,85.1,44.7,577.1,83.7
2026-05-28T17:48:47Z,85.1,44.7,577.2,83.7
2026-05-28T17:50:51Z,85.1,44.7,576.3,83.7
2026-05-28T17:52:54Z,85.1,44.7,576.2,83.7
2026-05-28T17:54:58Z,85.1,44.7,576.2,83.7
2026-05-28T17:57:02Z,85.1,44.7,576.1,83.7
2026-05-28T17:59:06Z,85.1,44.7,575.9,83.7
2026-05-28T18:01:09Z,85.1,44.7,575.8,83.7
2026-05-28T18:03:13Z,85.1,44.7,575.8,83.7
2026-05-28T18:05:16Z,85.1,44.7,575.8,83.7
2026-05-28T18:07:20Z,85.1,44.7,575.7,83.7
2026-05-28T18:09:24Z,85.1,44.7,578.3,83.7
2026-05-28T18:11:27Z,85.1,44.7,578.1,83.7
2026-05-28T18:13:31Z,85.1,44.7,578.1,83.7
2026-05-28T18:15:35Z,85.1,44.7,577.9,83.7
2026-05-28T18:17:38Z,85.1,44.7,577.8,83.7
2026-05-28T18:19:42Z,85.1,44.7,577.6,83.7
2026-05-28T18:21:46Z,85.1,44.7,577.6,83.7
2026-05-28T18:23:49Z,85.1,44.7,576.7,83.7
2026-05-28T18:25:53Z,85.1,44.7,576.1,83.7
2026-05-28T18:27:56Z,85.1,44.7,576.1,83.7
2026-05-28T18:30:00Z,85.1,44.7,575.9,83.7
2026-05-28T18:32:04Z,85.1,44.7,575.9,83.7
2026-05-28T18:34:07Z,85.1,44.7,575.8,83.7
2026-05-28T18:36:11Z,85.1,44.7,575.8,83.7
2026-05-28T18:38:15Z,85.1,44.7,575.7,83.7
2026-05-28T18:40:18Z,85.1,44.7,575.8,83.7
2026-05-28T18:42:22Z,85.1,44.7,575.8,83.7
2026-05-28T18:44:26Z,85.1,44.7,575.7,83.7
2026-05-28T18:46:29Z,85.1,44.7,575.7,83.7
2026-05-28T18:48:33Z,85.1,44.7,575.6,83.7
2026-05-28T18:50:37Z,85.1,44.7,575.5,83.8
2026-05-28T18:52:40Z,85.1,44.7,575.4,83.8
2026-05-28T18:54:44Z,85.1,44.7,575.3,83.8
2026-05-28T18:56:48Z,85.1,44.7,575.3,83.8
2026-05-28T18:58:52Z,85.1,44.7,574.4,83.8
2026-05-28T19:00:55Z,85.1,44.7,574.3,83.8
2026-05-28T19:02:59Z,85.1,44.7,574.3,83.8
2026-05-28T19:05:03Z,85.1,44.7,574.3,83.8
2026-05-28T19:07:07Z,85.1,44.7,574.2,83.8
2026-05-28T19:09:10Z,85.1,44.7,574.3,83.8
2026-05-28T19:11:14Z,85.1,44.7,574.1,83.8
2026-05-28T19:13:18Z,85.1,44.7,574.0,83.8
2026-05-28T19:15:22Z,85.1,44.7,574.0,83.8
2026-05-28T19:17:25Z,85.1,44.7,573.9,83.8
2026-05-28T19:19:29Z,85.1,44.7,573.7,83.8
2026-05-28T19:21:33Z,85.1,44.7,573.8,83.8
2026-05-28T19:23:36Z,85.1,44.7,573.7,83.8
2026-05-28T19:25:40Z,85.1,44.7,573.7,83.8
2026-05-28T19:27:44Z,85.1,44.7,573.6,83.8
2026-05-28T19:29:47Z,85.1,44.7,573.4,83.8
2026-05-28T19:31:51Z,85.1,44.7,573.4,83.8
2026-05-28T19:33:55Z,85.1,44.7,573.4,83.8
2026-05-28T19:35:58Z,85.1,44.7,572.5,83.8
2026-05-28T19:38:02Z,85.1,44.7,571.7,83.9
2026-05-28T19:40:05Z,85.1,44.7,571.8,83.9
2026-05-28T19:42:09Z,85.1,44.7,571.7,83.9
2026-05-28T19:44:13Z,85.1,44.7,571.6,83.9
2026-05-28T19:46:16Z,85.1,44.7,571.5,83.9
2026-05-28T19:48:20Z,85.1,44.7,571.5,83.9
2026-05-28T19:50:24Z,85.1,44.7,571.4,83.9
2026-05-28T19:52:27Z,85.1,44.7,571.4,83.9
2026-05-28T19:54:31Z,85.1,44.7,571.3,83.9
2026-05-28T19:56:35Z,85.1,44.7,572.0,83.9
2026-05-28T19:58:39Z,85.1,44.7,571.9,83.9
2026-05-28T20:00:43Z,85.1,44.7,571.9,83.9
2026-05-28T20:02:47Z,85.1,44.7,571.8,83.9
2026-05-28T20:04:50Z,85.1,44.7,571.8,83.9
2026-05-28T20:06:54Z,85.1,44.7,571.6,83.9
2026-05-28T20:08:58Z,85.1,44.7,571.5,83.9
2026-05-28T20:11:01Z,85.1,44.7,571.4,83.9
2026-05-28T20:13:05Z,85.1,44.7,571.1,83.9
2026-05-28T20:15:09Z,85.1,44.7,570.2,83.9
2026-05-28T20:17:12Z,85.1,44.7,570.2,83.9
2026-05-28T20:19:16Z,85.1,44.7,569.0,83.9
2026-05-28T20:21:20Z,85.1,44.7,568.0,84.0
2026-05-28T20:23:23Z,85.1,44.7,567.8,84.0
2026-05-28T20:25:27Z,85.1,44.7,567.8,84.0
2026-05-28T20:27:31Z,85.0,44.8,577.1,83.7
2026-05-28T20:29:35Z,85.1,44.7,576.9,83.7
2026-05-28T20:31:38Z,85.0,44.8,576.8,83.7
2026-05-28T20:33:42Z,85.1,44.7,576.8,83.7
2026-05-28T20:35:46Z,85.1,44.7,576.8,83.7
2026-05-28T20:37:49Z,85.1,44.7,576.7,83.7
2026-05-28T20:39:53Z,85.1,44.7,576.6,83.7
2026-05-28T20:41:57Z,85.1,44.7,576.4,83.7
2026-05-28T20:44:00Z,85.1,44.7,576.4,83.7
2026-05-28T20:46:04Z,85.1,44.7,576.4,83.7
2026-05-28T20:48:08Z,85.1,44.7,576.3,83.7
2026-05-28T20:50:11Z,85.1,44.7,576.1,83.7
2026-05-28T20:52:15Z,85.1,44.7,576.0,83.7
2026-05-28T20:54:19Z,85.1,44.7,575.8,83.7
2026-05-28T20:56:22Z,85.1,44.7,575.8,83.7
2026-05-28T20:58:26Z,85.1,44.7,575.2,83.8
2026-05-28T21:00:29Z,85.1,44.7,575.1,83.8
2026-05-28T21:02:33Z,85.1,44.7,575.0,83.8
2026-05-28T21:04:37Z,85.1,44.7,574.9,83.8
2026-05-28T21:06:40Z,85.1,44.7,574.9,83.8
2026-05-28T21:08:44Z,85.1,44.7,574.9,83.8
2026-05-28T21:10:48Z,85.1,44.7,574.6,83.8
2026-05-28T21:12:51Z,85.1,44.7,574.4,83.8
2026-05-28T21:14:55Z,85.1,44.7,574.4,83.8
2026-05-28T21:16:59Z,85.1,44.7,574.4,83.8
2026-05-28T21:19:03Z,85.1,44.7,574.3,83.8
2026-05-28T21:21:06Z,85.1,44.7,574.2,83.8
2026-05-28T21:23:10Z,85.1,44.7,574.1,83.8
2026-05-28T21:25:14Z,85.1,44.7,574.1,83.8
2026-05-28T21:27:17Z,85.1,44.7,573.9,83.8
2026-05-28T21:29:21Z,85.1,44.7,573.5,83.8
2026-05-28T21:31:25Z,85.1,44.7,573.1,83.8
2026-05-28T21:33:28Z,85.1,44.7,573.0,83.8
2026-05-28T21:35:32Z,85.1,44.7,572.8,83.8
2026-05-28T21:37:36Z,85.1,44.7,572.8,83.8
2026-05-28T21:39:39Z,85.1,44.7,572.8,83.8
2026-05-28T21:41:43Z,85.1,44.7,572.8,83.8
2026-05-28T21:43:46Z,85.1,44.7,572.6,83.8
2026-05-28T21:45:50Z,85.1,44.7,572.5,83.8
2026-05-28T21:47:53Z,85.1,44.7,572.5,83.8
2026-05-28T21:49:57Z,85.1,44.7,572.4,83.8
2026-05-28T21:52:01Z,85.1,44.7,572.2,83.8
2026-05-28T21:54:05Z,85.1,44.7,572.2,83.8
2026-05-28T21:56:08Z,85.1,44.7,572.3,83.8
2026-05-28T21:58:12Z,85.1,44.7,572.3,83.8
2026-05-28T22:00:16Z,85.1,44.7,572.0,83.9
2026-05-28T22:02:19Z,85.1,44.7,572.0,83.9
2026-05-28T22:04:23Z,85.1,44.7,572.0,83.9
2026-05-28T22:06:26Z,85.1,44.7,571.2,83.9
2026-05-28T22:08:30Z,85.1,44.7,571.2,83.9
2026-05-28T22:10:26Z,85.1,44.7,570.9,83.9
2026-05-28T22:12:34Z,85.1,44.7,569.9,83.9
2026-05-28T22:14:38Z,85.1,44.7,568.6,83.9
2026-05-28T22:15:30Z,85.1,44.7,567.8,84.0
2026-05-28T22:16:48Z,85.0,44.8,566.2,84.0
2026-05-28T22:18:52Z,84.7,44.9,566.3,84.0
2026-05-28T22:19:21Z,84.7,45.0,566.2,84.0
2026-05-28T22:21:26Z,84.4,45.1,566.3,84.0
2026-05-28T22:23:29Z,84.2,45.3,565.3,84.0
2026-05-28T22:25:33Z,85.1,44.7,565.2,84.0
2026-05-28T22:27:38Z,85.1,44.7,565.7,84.0
2026-05-28T22:29:41Z,85.1,44.7,565.1,84.0
2026-05-28T22:31:45Z,85.1,44.7,565.2,84.0
2026-05-28T22:33:48Z,85.1,44.7,564.9,84.1
2026-05-28T22:35:52Z,85.1,44.7,564.3,84.1
2026-05-28T22:37:56Z,85.1,44.7,563.2,84.1
2026-05-28T22:39:59Z,85.1,44.7,563.4,84.1
2026-05-28T22:42:03Z,85.1,44.7,563.0,84.1
2026-05-28T22:44:07Z,85.1,44.7,563.2,84.1
2026-05-28T22:46:10Z,85.1,44.7,562.6,84.1
2026-05-28T22:48:15Z,85.1,44.7,564.4,84.1
2026-05-28T22:50:18Z,85.1,44.7,563.3,84.1
2026-05-28T22:52:23Z,85.1,44.7,564.0,84.1
2026-05-28T22:54:27Z,85.1,44.7,563.9,84.1
2026-05-28T22:56:30Z,85.1,44.7,563.3,84.1
2026-05-28T22:58:34Z,85.1,44.7,561.8,84.1
2026-05-28T23:00:39Z,85.1,44.7,563.3,84.1
2026-05-28T23:02:43Z,85.1,44.7,563.3,84.1
2026-05-28T23:04:46Z,85.1,44.7,562.8,84.1
2026-05-28T23:06:50Z,85.1,44.7,563.0,84.1
2026-05-28T23:08:54Z,85.1,44.7,562.4,84.1
2026-05-28T23:10:57Z,85.1,44.7,561.8,84.1
2026-05-28T23:13:01Z,85.1,44.7,561.3,84.2
2026-05-28T23:15:06Z,85.1,44.7,561.3,84.2
2026-05-28T23:17:10Z,85.1,44.7,561.0,84.2
2026-05-28T23:18:50Z,85.1,44.7,560.9,84.2
2026-05-28T23:20:54Z,85.1,44.7,560.6,84.2
2026-05-28T23:22:58Z,85.1,44.7,560.6,84.2
2026-05-28T23:25:01Z,85.1,44.7,560.1,84.2
2026-05-28T23:27:05Z,85.1,44.7,559.5,84.2
2026-05-28T23:29:09Z,85.1,44.7,559.9,84.2
2026-05-28T23:31:13Z,85.1,44.7,559.7,84.2
2026-05-28T23:33:17Z,85.1,44.7,559.4,84.2
2026-05-28T23:35:20Z,85.1,44.7,559.1,84.2
2026-05-28T23:37:24Z,85.1,44.7,559.2,84.2
2026-05-28T23:39:28Z,85.1,44.7,558.8,84.2
2026-05-28T23:41:32Z,85.1,44.7,558.2,84.2
2026-05-28T23:43:36Z,85.1,44.7,557.6,84.3
2026-05-28T23:45:39Z,85.1,44.7,557.6,84.3
2026-05-28T23:47:43Z,85.1,44.7,557.4,84.3
2026-05-28T23:49:47Z,85.1,44.7,557.2,84.3
2026-05-28T23:51:51Z,85.1,44.7,556.9,84.3
2026-05-28T23:53:55Z,85.1,44.7,556.9,84.3
2026-05-28T23:55:59Z,85.1,44.7,556.3,84.3
2026-05-28T23:58:49Z,85.1,44.7,555.8,84.3
2026-05-29T00:00:53Z,85.1,44.7,555.2,84.3
2026-05-29T00:02:57Z,85.1,44.7,553.5,84.4
2026-05-29T00:05:01Z,85.1,44.7,552.6,84.4
2026-05-29T00:07:04Z,85.0,44.7,551.9,84.4
2026-05-29T00:09:08Z,85.0,44.7,552.1,84.4
2026-05-29T00:11:12Z,85.0,44.7,550.9,84.4
2026-05-29T00:13:16Z,85.0,44.7,551.1,84.4
2026-05-29T00:15:21Z,85.0,44.7,549.4,84.5
2026-05-29T00:17:24Z,85.0,44.7,550.8,84.5
2026-05-29T00:19:28Z,85.0,44.7,549.5,84.5
2026-05-29T00:21:32Z,85.0,44.7,549.5,84.5
2026-05-29T00:23:36Z,85.0,44.7,549.0,84.5
2026-05-29T00:25:40Z,85.0,44.7,549.3,84.5
2026-05-29T00:27:43Z,85.0,44.7,549.1,84.5
2026-05-29T00:29:48Z,85.0,44.7,549.0,84.5
2026-05-29T00:31:51Z,85.0,44.7,548.6,84.5
2026-05-29T00:33:55Z,85.0,44.7,548.9,84.5
2026-05-29T00:35:59Z,85.0,44.7,548.7,84.5
2026-05-29T00:38:03Z,85.0,44.7,548.6,84.5
2026-05-29T00:40:52Z,85.0,44.8,549.3,84.5
2026-05-29T00:43:06Z,85.0,44.8,548.1,84.5
2026-05-29T00:45:09Z,85.0,44.8,546.6,84.6
2026-05-29T00:47:13Z,85.0,44.8,545.6,84.6
2026-05-29T00:49:17Z,85.0,44.8,544.7,84.6
2026-05-29T00:51:21Z,85.0,44.8,543.3,84.7
2026-05-29T00:53:25Z,85.0,44.8,542.7,84.7
2026-05-29T00:55:29Z,85.0,44.8,542.5,84.7
2026-05-29T00:57:33Z,85.0,44.8,542.3,84.7
2026-05-29T00:59:37Z,85.0,44.8,540.7,84.7
2026-05-29T01:01:42Z,85.0,44.8,541.7,84.7
2026-05-29T01:03:46Z,85.0,44.8,541.0,84.7
2026-05-29T01:05:50Z,85.0,44.8,540.5,84.7
2026-05-29T01:07:53Z,85.0,44.8,540.5,84.7
2026-05-29T01:09:57Z,85.0,44.8,540.1,84.8
2026-05-29T01:12:02Z,85.0,44.8,540.2,84.8
2026-05-29T01:14:05Z,85.0,44.8,539.9,84.8
2026-05-29T01:16:09Z,85.0,44.8,539.8,84.8
2026-05-29T01:18:13Z,85.0,44.8,539.0,84.8
2026-05-29T01:20:17Z,85.0,44.8,537.7,84.8
2026-05-29T01:22:21Z,85.0,44.8,538.7,84.8
2026-05-29T01:24:25Z,85.0,44.8,537.4,84.8
2026-05-29T01:26:29Z,85.0,44.8,536.6,84.9
2026-05-29T01:28:33Z,85.0,44.8,536.9,84.8
2026-05-29T01:30:36Z,85.0,44.8,548.2,84.5
2026-05-29T01:33:28Z,85.0,44.8,548.2,84.5
2026-05-29T01:35:33Z,85.0,44.8,547.1,84.6
2026-05-29T01:37:57Z,85.0,44.8,546.8,84.6
2026-05-29T01:40:22Z,85.0,44.8,545.8,84.6
2026-05-29T01:42:46Z,85.0,44.8,546.2,84.6
2026-05-29T01:45:11Z,85.0,44.8,545.9,84.6
2026-05-29T01:47:37Z,85.0,44.8,543.0,84.7
2026-05-29T01:49:41Z,85.0,44.8,543.6,84.7
2026-05-29T01:51:44Z,85.0,44.8,542.6,84.7
2026-05-29T01:53:48Z,85.0,44.8,543.1,84.7
2026-05-29T01:56:00Z,85.0,44.8,542.7,84.7
2026-05-29T01:58:04Z,85.0,44.8,542.1,84.7
2026-05-29T02:00:07Z,85.0,44.8,540.9,84.7
2026-05-29T02:02:11Z,85.0,44.8,540.9,84.7
2026-05-29T02:04:15Z,85.0,44.8,539.5,84.8
2026-05-29T02:06:19Z,85.0,44.8,540.9,84.7
2026-05-29T02:08:25Z,85.0,44.8,546.2,84.6
2026-05-29T02:10:29Z,85.0,44.8,546.2,84.6
2026-05-29T02:12:33Z,85.0,44.8,545.6,84.6
2026-05-29T02:14:37Z,85.0,44.8,544.7,84.6
2026-05-29T02:16:41Z,85.0,44.8,545.4,84.6
2026-05-29T02:18:45Z,85.0,44.8,545.1,84.6
2026-05-29T02:20:48Z,85.0,44.8,545.2,84.6
2026-05-29T02:22:52Z,85.0,44.8,545.0,84.6
2026-05-29T02:24:57Z,85.0,44.8,544.8,84.6
2026-05-29T02:27:26Z,85.0,44.8,544.9,84.6
2026-05-29T02:29:30Z,85.0,44.8,544.3,84.6
2026-05-29T02:31:54Z,85.0,44.8,543.8,84.6
2026-05-29T02:34:19Z,85.0,44.8,543.8,84.6
2026-05-29T02:36:43Z,85.0,44.8,543.3,84.7
2026-05-29T02:39:08Z,85.0,44.8,543.0,84.7
2026-05-29T02:41:32Z,85.0,44.8,542.8,84.7
2026-05-29T02:43:57Z,85.0,44.8,540.5,84.7
2026-05-29T02:46:21Z,85.0,44.8,542.0,84.7
2026-05-29T02:48:46Z,85.0,44.8,541.5,84.7
2026-05-29T02:50:50Z,85.0,44.8,539.8,84.8
2026-05-29T02:52:54Z,85.0,44.8,538.5,84.8
2026-05-29T02:54:58Z,85.0,44.8,538.9,84.8
2026-05-29T02:57:01Z,85.0,44.8,538.2,84.8
2026-05-29T02:59:05Z,85.0,44.8,538.4,84.8
2026-05-29T03:01:09Z,85.0,44.8,537.8,84.8
2026-05-29T03:03:13Z,85.0,44.8,538.1,84.8
2026-05-29T03:05:17Z,85.0,44.8,537.6,84.8
2026-05-29T03:07:21Z,85.0,44.8,537.1,84.8
2026-05-29T03:09:25Z,85.0,44.8,536.5,84.9
2026-05-29T03:11:29Z,85.0,44.8,536.6,84.9
2026-05-29T03:13:33Z,85.0,44.8,536.2,84.9
2026-05-29T03:15:37Z,85.0,44.8,536.2,84.9
2026-05-29T03:17:41Z,84.8,44.9,536.2,84.9
2026-05-29T03:19:45Z,84.8,44.9,535.8,84.9
2026-05-29T03:21:55Z,84.8,44.9,535.8,84.9
2026-05-29T03:23:59Z,84.8,44.9,534.5,84.9
2026-05-29T03:26:03Z,84.8,44.9,534.7,84.9
2026-05-29T03:28:07Z,84.8,44.9,534.5,84.9
2026-05-29T03:30:11Z,84.8,44.9,534.2,84.9
2026-05-29T03:32:14Z,84.8,44.9,534.3,84.9
2026-05-29T03:34:18Z,84.8,44.9,533.5,84.9
2026-05-29T03:36:22Z,84.8,44.9,533.6,84.9
2026-05-29T03:38:26Z,84.8,44.9,532.5,85.0
2026-05-29T03:40:30Z,84.8,44.9,533.3,84.9
2026-05-29T03:42:34Z,84.8,44.9,533.0,85.0
2026-05-29T03:44:38Z,84.8,44.9,532.9,85.0
2026-05-29T03:46:42Z,84.8,44.9,532.6,85.0
2026-05-29T03:48:45Z,84.8,44.9,532.7,85.0
2026-05-29T03:50:49Z,84.8,44.9,532.3,85.0
2026-05-29T03:52:53Z,84.8,44.9,532.6,85.0
2026-05-29T03:54:57Z,84.8,44.9,532.0,85.0
2026-05-29T03:57:01Z,84.8,44.9,531.9,85.0
2026-05-29T03:59:05Z,84.8,44.9,531.6,85.0
2026-05-29T04:01:08Z,84.8,44.9,529.9,85.0
2026-05-29T04:03:12Z,84.8,44.9,530.2,85.0
2026-05-29T04:05:16Z,84.8,44.9,529.6,85.0
2026-05-29T04:07:20Z,84.8,44.9,529.7,85.0
2026-05-29T04:09:24Z,84.8,44.9,530.8,85.0
2026-05-29T04:11:28Z,84.8,44.9,530.6,85.0
2026-05-29T04:13:32Z,84.8,44.9,530.7,85.0
2026-05-29T04:15:36Z,84.8,44.9,535.9,84.9
2026-05-29T04:17:55Z,84.8,44.9,535.3,84.9
2026-05-29T04:19:59Z,84.8,44.9,535.2,84.9
2026-05-29T04:22:03Z,84.8,44.9,535.0,84.9
2026-05-29T04:24:07Z,84.8,44.9,535.3,84.9
2026-05-29T04:26:12Z,84.8,44.9,535.5,84.9
2026-05-29T04:28:37Z,84.8,44.9,535.5,84.9
2026-05-29T04:31:01Z,84.8,44.9,534.8,84.9
2026-05-29T04:33:26Z,84.8,44.9,534.1,84.9
2026-05-29T04:35:30Z,84.8,44.9,532.7,85.0
2026-05-29T04:37:34Z,84.8,44.9,531.8,85.0
2026-05-29T04:39:38Z,84.8,44.9,530.8,85.0
2026-05-29T04:41:42Z,84.8,44.9,530.8,85.0
2026-05-29T04:43:45Z,84.8,44.9,530.7,85.0
2026-05-29T04:45:49Z,84.8,44.9,530.7,85.0
2026-05-29T04:47:53Z,84.8,44.9,530.0,85.0
2026-05-29T04:49:57Z,84.8,44.9,529.2,85.1
2026-05-29T04:52:01Z,84.8,44.9,529.0,85.1
2026-05-29T04:54:04Z,84.8,44.9,528.8,85.1
2026-05-29T04:56:08Z,84.8,44.9,528.9,85.1
2026-05-29T04:58:12Z,84.8,44.9,528.5,85.1
2026-05-29T05:00:16Z,84.8,44.9,528.7,85.1
2026-05-29T05:02:20Z,84.8,44.9,528.6,85.1
2026-05-29T05:04:24Z,84.8,44.9,528.5,85.1
2026-05-29T05:06:27Z,84.8,44.9,528.4,85.1
2026-05-29T05:08:31Z,84.8,44.9,527.6,85.1
2026-05-29T05:10:35Z,84.8,44.9,527.3,85.1
2026-05-29T05:12:39Z,84.8,44.9,526.5,85.1
2026-05-29T05:14:43Z,84.8,44.9,526.5,85.1
2026-05-29T05:16:47Z,84.8,44.9,526.2,85.1
2026-05-29T05:18:50Z,84.8,44.9,526.1,85.1
2026-05-29T05:20:54Z,84.8,44.9,525.8,85.2
2026-05-29T05:22:58Z,84.8,44.9,533.3,84.9
2026-05-29T05:25:02Z,84.8,44.9,533.1,85.0
2026-05-29T05:27:06Z,84.8,44.9,532.9,85.0
2026-05-29T05:29:10Z,84.8,44.9,532.8,85.0
2026-05-29T05:31:14Z,84.8,44.9,531.9,85.0
2026-05-29T05:33:18Z,84.8,44.9,531.4,85.0
2026-05-29T05:35:22Z,84.8,44.9,531.6,85.0
2026-05-29T05:37:26Z,84.8,44.9,531.6,85.0
2026-05-29T05:39:30Z,84.8,44.9,530.8,85.0
2026-05-29T05:41:34Z,84.8,44.9,530.6,85.0
2026-05-29T05:43:38Z,84.8,44.9,530.4,85.0
2026-05-29T05:45:42Z,84.8,44.9,530.2,85.0
2026-05-29T05:47:46Z,84.8,44.9,529.8,85.0
2026-05-29T05:49:50Z,84.8,44.9,530.1,85.0
2026-05-29T05:51:53Z,84.8,44.9,529.7,85.0
2026-05-29T05:53:57Z,84.8,44.9,529.7,85.0
2026-05-29T05:56:01Z,84.8,44.9,529.7,85.0
2026-05-29T05:58:05Z,84.8,44.9,529.6,85.0
2026-05-29T06:00:09Z,84.8,44.9,529.6,85.1
2026-05-29T06:02:13Z,84.8,44.9,529.3,85.1
2026-05-29T06:04:17Z,84.8,44.9,529.2,85.1
2026-05-29T06:06:21Z,84.8,44.9,528.4,85.1
2026-05-29T06:08:25Z,84.8,44.9,528.3,85.1
2026-05-29T06:10:29Z,84.8,44.9,528.1,85.1
2026-05-29T06:12:33Z,84.8,44.9,528.0,85.1
2026-05-29T06:14:37Z,84.7,45.0,527.8,85.1
2026-05-29T06:16:41Z,84.9,44.8,527.6,85.1
2026-05-29T06:18:44Z,84.9,44.8,527.6,85.1
2026-05-29T06:20:48Z,84.9,44.8,527.4,85.1
2026-05-29T06:22:52Z,84.9,44.8,527.2,85.1
2026-05-29T06:24:56Z,84.9,44.8,527.0,85.1
2026-05-29T06:27:00Z,84.9,44.8,527.2,85.1
2026-05-29T06:29:04Z,84.9,44.8,527.1,85.1
2026-05-29T06:31:08Z,84.9,44.8,527.0,85.1
2026-05-29T06:33:11Z,84.9,44.8,526.8,85.1
2026-05-29T15:45:17Z,122.3,13.8,512.6,85.5
2026-05-29T15:47:19Z,122.3,13.8,512.6,85.5
2026-05-29T15:49:04Z,123.0,13.3,511.6,85.6
2026-05-29T15:50:53Z,122.6,13.6,509.9,85.6
2026-05-29T15:52:56Z,122.6,13.6,509.9,85.6
2026-05-29T15:54:58Z,122.6,13.6,510.0,85.6
2026-05-29T15:57:01Z,122.6,13.6,509.7,85.6
2026-05-29T15:59:44Z,122.6,13.6,509.4,85.6
2026-05-29T16:02:03Z,123.1,13.2,515.6,85.4
2026-05-29T16:05:52Z,123.1,13.2,515.8,85.4
2026-05-29T16:08:10Z,123.1,13.2,515.2,85.5
2026-05-29T16:12:05Z,123.3,13.1,529.0,85.1
2026-05-29T16:18:08Z,122.9,13.3,529.4,85.1
2026-05-29T16:24:20Z,122.9,13.3,528.0,85.1
2026-05-29T16:26:32Z,122.9,13.3,526.4,85.1
2026-05-29T16:28:35Z,122.4,13.7,524.7,85.2
2026-05-29T16:30:38Z,122.4,13.7,524.5,85.2
2026-05-29T16:32:40Z,122.4,13.7,524.4,85.2
2026-05-29T16:34:43Z,122.4,13.7,524.4,85.2
2026-05-29T16:36:45Z,122.4,13.7,524.5,85.2
2026-05-29T16:38:48Z,122.4,13.7,524.5,85.2
2026-05-29T16:40:51Z,122.4,13.7,524.5,85.2
2026-05-29T16:42:53Z,122.4,13.7,524.4,85.2
2026-05-29T16:44:56Z,122.4,13.7,524.3,85.2
2026-05-29T16:46:59Z,122.4,13.7,524.3,85.2
2026-05-29T16:49:01Z,122.4,13.7,524.1,85.2
2026-05-29T16:51:04Z,122.4,13.7,524.1,85.2
2026-05-29T16:53:06Z,122.4,13.8,524.1,85.2
2026-05-29T16:55:09Z,122.4,13.8,523.9,85.2
2026-05-29T16:57:12Z,122.2,13.9,523.1,85.2
2026-05-29T16:59:15Z,122.2,13.9,523.3,85.2
2026-05-29T17:01:17Z,122.2,13.9,522.9,85.2
2026-05-29T17:03:20Z,122.2,13.9,523.0,85.2
2026-05-29T17:05:22Z,122.2,13.9,523.0,85.2
2026-05-29T17:07:25Z,122.2,13.9,522.9,85.2
2026-05-29T17:09:28Z,122.2,13.9,522.8,85.2
2026-05-29T17:11:30Z,122.2,13.9,522.9,85.2
2026-05-29T17:13:33Z,122.2,13.9,522.9,85.2
2026-05-29T17:15:35Z,122.2,13.9,522.7,85.2
2026-05-29T17:17:39Z,122.2,13.9,522.5,85.2
2026-05-29T17:19:41Z,122.2,13.9,522.4,85.3
2026-05-29T17:21:44Z,122.2,13.9,522.6,85.2
2026-05-29T17:23:46Z,122.2,13.9,522.5,85.3
2026-05-29T17:25:49Z,122.0,14.0,521.8,85.3
2026-05-29T17:27:52Z,122.0,14.0,521.8,85.3
2026-05-29T17:29:54Z,122.0,14.0,521.6,85.3
2026-05-29T17:31:57Z,122.0,14.0,521.6,85.3
2026-05-29T17:33:59Z,122.0,14.0,521.6,85.3
2026-05-29T17:36:02Z,121.9,14.0,521.4,85.3
2026-05-29T17:38:05Z,121.9,14.0,521.4,85.3
2026-05-29T17:40:07Z,121.9,14.0,521.4,85.3
2026-05-29T17:42:10Z,121.9,14.0,521.3,85.3
2026-05-29T17:44:12Z,121.9,14.0,521.4,85.3
2026-05-29T17:46:16Z,121.9,14.0,521.2,85.3
2026-05-29T17:48:18Z,121.9,14.0,521.2,85.3
2026-05-29T17:50:21Z,121.9,14.0,521.1,85.3
2026-05-29T17:52:23Z,121.9,14.0,521.2,85.3
2026-05-29T17:54:26Z,121.8,14.2,520.4,85.3
2026-05-29T17:56:29Z,121.8,14.2,520.3,85.3
2026-05-29T17:58:31Z,121.8,14.2,520.4,85.3
2026-05-29T18:00:34Z,121.8,14.2,520.1,85.3
2026-05-29T18:02:36Z,121.7,14.2,520.1,85.3
2026-05-29T18:04:39Z,121.7,14.2,520.1,85.3
2026-05-29T18:06:41Z,121.7,14.2,520.0,85.3
2026-05-29T18:08:44Z,121.7,14.2,520.0,85.3
2026-05-29T18:10:46Z,121.7,14.2,520.0,85.3
2026-05-29T18:12:49Z,121.6,14.3,519.9,85.3
2026-05-29T18:14:52Z,121.6,14.3,519.4,85.3
2026-05-29T18:16:55Z,121.6,14.3,519.2,85.3
2026-05-29T18:18:57Z,121.6,14.3,519.1,85.3
2026-05-29T18:21:00Z,121.6,14.3,519.2,85.3
2026-05-29T18:23:02Z,121.5,14.3,519.1,85.3
2026-05-29T18:25:05Z,121.5,14.3,519.0,85.3
2026-05-29T18:27:08Z,121.5,14.3,519.0,85.3
2026-05-29T18:29:10Z,121.5,14.3,519.0,85.3
2026-05-29T18:31:13Z,121.5,14.3,518.6,85.4
2026-05-29T18:33:16Z,121.5,14.3,518.6,85.4
2026-05-29T18:35:18Z,121.5,14.3,518.6,85.4
2026-05-29T18:37:21Z,121.5,14.3,518.5,85.4
2026-05-29T18:39:23Z,121.5,14.3,518.5,85.4
2026-05-29T18:41:26Z,121.5,14.3,518.6,85.4
2026-05-29T18:43:29Z,121.3,14.5,518.1,85.4
2026-05-29T18:45:32Z,121.3,14.5,518.0,85.4
2026-05-29T18:47:34Z,121.3,14.5,517.9,85.4
2026-05-29T18:49:37Z,121.3,14.5,517.8,85.4
2026-05-29T18:51:39Z,121.3,14.5,517.9,85.4
2026-05-29T18:53:42Z,121.2,14.6,517.4,85.4
2026-05-29T18:55:45Z,121.2,14.6,517.3,85.4
2026-05-29T18:57:47Z,121.2,14.6,517.3,85.4
2026-05-29T18:59:50Z,121.1,14.6,517.3,85.4
2026-05-29T19:01:52Z,121.1,14.6,517.0,85.4
2026-05-29T19:03:56Z,121.1,14.6,517.0,85.4
2026-05-29T19:05:58Z,121.1,14.6,517.0,85.4
2026-05-29T19:08:01Z,121.1,14.6,517.0,85.4
2026-05-29T19:10:03Z,121.1,14.6,516.9,85.4
2026-05-29T19:12:06Z,121.1,14.6,516.9,85.4
2026-05-29T19:14:09Z,121.1,14.6,516.9,85.4
2026-05-29T19:16:11Z,121.1,14.6,516.8,85.4
2026-05-29T19:18:14Z,121.1,14.6,516.7,85.4
2026-05-29T19:20:16Z,121.1,14.6,516.7,85.4
2026-05-29T19:22:19Z,121.1,14.6,516.7,85.4
2026-05-29T19:24:21Z,121.1,14.6,516.7,85.4
2026-05-29T19:26:24Z,121.1,14.6,516.5,85.4
2026-05-29T19:28:26Z,121.1,14.6,516.6,85.4
2026-05-29T19:30:29Z,121.1,14.6,516.6,85.4
2026-05-29T19:32:32Z,120.8,14.9,515.7,85.4
2026-05-29T19:34:35Z,120.8,14.9,515.2,85.5
2026-05-29T19:36:37Z,120.8,14.9,515.0,85.5
2026-05-29T19:38:40Z,120.8,14.9,515.1,85.5
2026-05-29T19:40:42Z,120.8,14.9,515.1,85.5
2026-05-29T19:42:45Z,120.8,14.9,514.6,85.5
2026-05-29T19:44:48Z,120.8,14.9,514.8,85.5
2026-05-29T19:46:50Z,120.8,14.9,514.6,85.5
2026-05-29T19:48:53Z,120.8,14.9,514.6,85.5
2026-05-29T19:50:55Z,120.8,14.9,514.6,85.5
2026-05-29T19:52:58Z,120.7,14.9,514.2,85.5
2026-05-29T19:55:01Z,120.7,14.9,514.5,85.5
2026-05-29T19:57:04Z,120.7,14.9,514.4,85.5
2026-05-29T19:59:06Z,120.7,14.9,514.3,85.5
2026-05-29T20:01:09Z,120.7,14.9,514.1,85.5
2026-05-29T20:03:11Z,120.7,14.9,514.1,85.5
2026-05-29T20:05:14Z,120.7,14.9,514.1,85.5
2026-05-29T20:07:16Z,120.7,14.9,514.1,85.5
2026-05-29T20:09:19Z,120.7,14.9,514.0,85.5
2026-05-29T20:11:21Z,120.7,14.9,514.0,85.5
2026-05-29T20:13:25Z,120.7,14.9,514.0,85.5
2026-05-29T20:15:27Z,120.7,14.9,513.8,85.5
2026-05-29T20:17:30Z,120.7,14.9,513.9,85.5
2026-05-29T20:19:32Z,120.7,14.9,513.9,85.5
2026-05-29T20:21:35Z,120.7,14.9,513.4,85.5
2026-05-29T20:23:38Z,120.7,14.9,513.6,85.5
2026-05-29T20:25:40Z,120.7,14.9,513.7,85.5
2026-05-29T20:27:43Z,120.7,14.9,513.5,85.5
2026-05-29T20:29:45Z,120.7,14.9,513.5,85.5
2026-05-29T20:31:48Z,120.7,14.9,513.1,85.5
2026-05-29T20:33:51Z,120.7,14.9,513.1,85.5
2026-05-29T20:35:54Z,120.7,14.9,513.1,85.5
2026-05-29T20:37:56Z,120.7,14.9,513.0,85.5
2026-05-29T20:39:59Z,120.7,14.9,513.0,85.5
2026-05-29T20:42:01Z,120.7,14.9,513.0,85.5
2026-05-29T20:44:04Z,120.7,14.9,513.0,85.5
2026-05-29T20:46:06Z,120.7,14.9,512.8,85.5
2026-05-29T20:48:09Z,120.7,14.9,512.8,85.5
2026-05-29T20:50:11Z,120.7,14.9,512.8,85.5
2026-05-29T20:52:14Z,120.5,15.1,511.7,85.6
2026-05-29T20:54:17Z,120.5,15.1,511.7,85.6
2026-05-29T20:56:20Z,120.5,15.1,511.7,85.6
2026-05-29T20:58:22Z,120.5,15.1,511.3,85.6
2026-05-29T21:00:25Z,120.5,15.1,511.8,85.6
2026-05-29T21:02:27Z,120.5,15.1,511.3,85.6
2026-05-29T21:04:30Z,120.5,15.1,511.5,85.6
2026-05-29T21:06:33Z,120.4,15.1,511.5,85.6
2026-05-29T21:08:35Z,120.4,15.1,510.8,85.6
2026-05-29T21:10:38Z,120.4,15.1,511.1,85.6
2026-05-29T21:12:40Z,120.4,15.1,508.5,85.6
2026-05-29T21:15:09Z,123.0,13.3,507.6,85.7
2026-05-29T21:17:12Z,123.0,13.3,507.0,85.7
2026-05-29T21:19:15Z,123.0,13.3,506.8,85.7
2026-05-29T21:21:17Z,122.9,13.3,506.8,85.7
2026-05-29T21:23:20Z,122.9,13.3,506.8,85.7
2026-05-29T21:25:22Z,122.9,13.3,507.0,85.7
2026-05-29T21:27:31Z,122.9,13.3,506.9,85.7
2026-05-29T21:29:40Z,122.9,13.4,506.9,85.7
2026-05-29T21:31:49Z,122.8,13.4,506.7,85.7
2026-05-29T21:33:58Z,122.9,13.3,506.7,85.7
2026-05-29T21:36:07Z,122.9,13.3,506.6,85.7
2026-05-29T21:38:16Z,122.9,13.3,506.6,85.7
2026-05-29T21:40:25Z,122.9,13.3,506.6,85.7
2026-05-29T21:42:34Z,122.9,13.3,506.6,85.7
2026-05-29T21:44:44Z,122.9,13.3,506.6,85.7
2026-05-29T21:47:02Z,122.8,13.5,505.1,85.7
2026-05-29T21:49:05Z,122.6,13.6,504.6,85.8
2026-05-29T21:51:15Z,122.6,13.6,504.5,85.8
2026-05-29T21:53:24Z,122.6,13.6,504.5,85.8
2026-05-29T21:55:33Z,122.6,13.6,504.4,85.8
2026-05-29T21:57:42Z,122.6,13.6,504.0,85.8
2026-05-29T21:59:45Z,122.0,14.0,502.5,85.8
2026-05-29T22:01:48Z,122.0,14.0,501.7,85.8
2026-05-29T22:03:50Z,122.0,14.0,501.6,85.8
2026-05-29T22:05:53Z,122.0,14.0,501.6,85.8
2026-05-29T22:07:55Z,122.0,14.0,501.5,85.8
2026-05-29T22:09:59Z,122.0,14.0,501.5,85.8
2026-05-29T22:12:01Z,122.0,14.0,501.5,85.8
2026-05-29T22:14:04Z,121.9,14.0,501.5,85.8
2026-05-29T22:16:06Z,121.9,14.0,501.3,85.8
2026-05-29T22:18:09Z,121.9,14.0,501.3,85.8
2026-05-29T22:20:11Z,121.9,14.0,501.4,85.8
2026-05-29T22:22:34Z,122.8,13.5,500.0,85.9
2026-05-29T22:24:37Z,122.6,13.6,499.5,85.9
2026-05-29T22:26:47Z,122.6,13.6,499.3,85.9
2026-05-29T22:28:57Z,122.5,13.6,499.4,85.9
2026-05-29T22:31:06Z,122.5,13.6,499.2,85.9
2026-05-29T22:33:16Z,122.5,13.6,498.9,85.9
2026-05-29T22:35:26Z,122.2,13.9,498.2,85.9
2026-05-29T22:37:28Z,122.2,13.9,497.4,86.0
2026-05-29T22:39:31Z,122.1,13.9,497.3,86.0
2026-05-29T22:41:33Z,122.1,13.9,497.3,86.0
2026-05-29T22:43:36Z,122.1,13.9,497.2,86.0
2026-05-29T22:45:39Z,122.1,13.9,497.4,86.0
2026-05-29T22:47:42Z,122.1,13.9,497.3,86.0
2026-05-29T22:49:44Z,122.1,13.9,497.3,86.0
2026-05-29T22:51:47Z,122.1,13.9,497.3,86.0
2026-05-29T22:53:49Z,122.1,13.9,497.2,86.0
2026-05-29T22:55:52Z,122.1,13.9,497.4,86.0
2026-05-29T22:58:14Z,122.9,13.4,496.5,86.0
2026-05-29T23:00:17Z,122.9,13.4,496.4,86.0
2026-05-29T23:02:20Z,122.9,13.4,496.0,86.0
2026-05-29T23:04:22Z,122.9,13.4,496.0,86.0
2026-05-29T23:06:25Z,122.9,13.4,495.8,86.0
2026-05-29T23:08:27Z,122.9,13.4,496.1,86.0
2026-05-29T23:10:36Z,122.9,13.4,496.1,86.0
2026-05-29T23:12:45Z,122.9,13.4,496.1,86.0
2026-05-29T23:14:55Z,122.9,13.4,496.1,86.0
2026-05-29T23:17:05Z,122.9,13.4,496.0,86.0
2026-05-29T23:19:15Z,122.9,13.4,496.0,86.0
2026-05-29T23:21:25Z,122.9,13.4,496.0,86.0
2026-05-29T23:23:35Z,122.9,13.4,496.0,86.0
2026-05-29T23:25:44Z,122.9,13.4,495.9,86.0
2026-05-29T23:27:54Z,122.9,13.4,495.9,86.0
2026-05-29T23:30:13Z,122.7,13.5,494.5,86.0
2026-05-29T23:32:16Z,122.5,13.6,493.8,86.1
2026-05-29T23:34:26Z,122.5,13.6,493.6,86.1
2026-05-29T23:36:36Z,122.5,13.6,493.6,86.1
2026-05-29T23:38:46Z,122.5,13.6,493.5,86.1
2026-05-29T23:40:56Z,122.5,13.6,493.4,86.1
2026-05-29T23:43:06Z,122.2,13.9,492.1,86.1
2026-05-29T23:45:08Z,122.0,14.0,491.1,86.1
2026-05-29T23:47:11Z,121.9,14.1,490.8,86.1
2026-05-29T23:49:14Z,121.9,14.1,490.7,86.1
2026-05-29T23:51:16Z,121.9,14.1,490.6,86.1
2026-05-29T23:53:19Z,121.9,14.1,490.8,86.1
2026-05-29T23:55:22Z,121.9,14.1,491.0,86.1
2026-05-29T23:57:24Z,121.9,14.1,490.8,86.1
2026-05-29T23:59:27Z,121.9,14.1,490.6,86.1
2026-05-30T00:01:30Z,121.9,14.1,490.6,86.2
2026-05-30T00:03:32Z,121.9,14.1,490.5,86.2
2026-05-30T00:05:35Z,121.9,14.1,490.6,86.2
2026-05-30T00:07:58Z,122.7,13.5,489.1,86.2
2026-05-30T00:10:01Z,122.5,13.6,488.5,86.2
2026-05-30T00:12:11Z,122.5,13.6,488.5,86.2
2026-05-30T00:14:21Z,122.5,13.6,488.5,86.2
2026-05-30T00:16:31Z,122.5,13.7,488.4,86.2
2026-05-30T00:18:41Z,122.5,13.7,488.0,86.2
2026-05-30T00:20:44Z,122.1,13.9,486.9,86.3
2026-05-30T00:22:46Z,121.9,14.1,486.1,86.3
2026-05-30T00:24:49Z,121.9,14.1,485.8,86.3
2026-05-30T00:26:52Z,121.9,14.1,485.5,86.3
2026-05-30T00:28:54Z,121.9,14.1,485.6,86.3
2026-05-30T00:30:57Z,121.9,14.1,485.8,86.3
2026-05-30T00:33:00Z,121.9,14.1,485.5,86.3
2026-05-30T00:35:02Z,121.9,14.1,485.6,86.3
2026-05-30T00:37:05Z,121.9,14.1,485.3,86.3
2026-05-30T00:39:07Z,121.9,14.1,485.3,86.3
2026-05-30T00:41:10Z,121.9,14.1,485.3,86.3
2026-05-30T00:43:13Z,121.9,14.1,485.4,86.3
2026-05-30T00:45:35Z,122.7,13.5,484.2,86.3
2026-05-30T00:47:38Z,122.7,13.5,483.9,86.3
2026-05-30T00:49:49Z,122.7,13.5,484.0,86.3
2026-05-30T00:51:59Z,122.7,13.5,484.0,86.3
2026-05-30T00:54:05Z,122.7,13.5,483.9,86.3
2026-05-30T00:56:15Z,122.7,13.5,484.0,86.3
2026-05-30T00:58:26Z,122.7,13.5,483.9,86.3
2026-05-30T01:00:36Z,122.7,13.5,483.9,86.3
2026-05-30T01:02:46Z,122.7,13.5,483.9,86.3
2026-05-30T01:04:57Z,122.7,13.5,483.7,86.3
2026-05-30T01:07:07Z,122.7,13.5,483.6,86.3
2026-05-30T01:09:18Z,122.7,13.5,483.5,86.3
2026-05-30T01:11:29Z,122.6,13.5,483.5,86.3
2026-05-30T01:13:39Z,122.7,13.5,483.5,86.3
2026-05-30T01:16:00Z,122.7,13.5,482.2,86.4
2026-05-30T01:18:03Z,122.7,13.5,482.1,86.4
2026-05-30T01:20:14Z,122.7,13.5,482.2,86.4
2026-05-30T01:22:25Z,122.7,13.5,482.2,86.4
2026-05-30T01:24:36Z,122.7,13.5,482.1,86.4
2026-05-30T01:26:46Z,122.7,13.5,482.1,86.4
2026-05-30T01:28:57Z,122.7,13.5,482.1,86.4
2026-05-30T01:31:07Z,122.6,13.5,482.1,86.4
2026-05-30T01:33:17Z,122.6,13.5,481.9,86.4
2026-05-30T01:35:27Z,122.6,13.5,481.7,86.4
2026-05-30T01:37:38Z,122.6,13.5,481.7,86.4
2026-05-30T01:39:48Z,122.6,13.5,481.7,86.4
2026-05-30T01:41:59Z,122.6,13.6,481.6,86.4
2026-05-30T01:44:08Z,122.6,13.6,481.6,86.4
2026-05-30T01:46:29Z,122.7,13.5,480.3,86.4
2026-05-30T01:48:32Z,122.6,13.5,480.1,86.4
2026-05-30T01:50:42Z,122.6,13.5,480.2,86.4
2026-05-30T01:52:52Z,122.6,13.5,480.1,86.4
2026-05-30T01:55:03Z,122.6,13.6,480.1,86.4
2026-05-30T01:57:13Z,122.6,13.6,480.1,86.4
2026-05-30T01:59:23Z,122.6,13.6,480.1,86.4
2026-05-30T02:01:34Z,122.6,13.5,480.1,86.4
2026-05-30T02:03:44Z,122.6,13.5,479.9,86.5
2026-05-30T02:05:54Z,122.6,13.5,479.9,86.5
2026-05-30T02:08:04Z,122.6,13.5,479.7,86.5
2026-05-30T02:10:14Z,122.6,13.6,479.7,86.5
2026-05-30T02:12:25Z,122.6,13.6,479.7,86.5
2026-05-30T02:14:35Z,122.6,13.6,479.7,86.5
2026-05-30T02:16:55Z,122.8,13.4,478.1,86.5
2026-05-30T02:18:58Z,122.8,13.4,477.8,86.5
2026-05-30T02:21:01Z,122.8,13.4,478.0,86.5
2026-05-30T02:23:03Z,122.8,13.4,477.6,86.5
2026-05-30T02:25:13Z,122.8,13.4,477.7,86.5
2026-05-30T02:27:24Z,122.8,13.4,477.2,86.5
2026-05-30T02:29:34Z,122.4,13.7,476.5,86.5
2026-05-30T02:31:37Z,122.4,13.7,476.6,86.5
2026-05-30T02:33:40Z,122.4,13.7,476.6,86.5
2026-05-30T02:35:42Z,122.4,13.7,476.0,86.6
2026-05-30T02:37:45Z,122.4,13.7,476.2,86.6
2026-05-30T02:39:47Z,122.4,13.7,475.8,86.6
2026-05-30T02:41:50Z,122.4,13.7,476.1,86.6
2026-05-30T02:43:52Z,121.9,14.0,475.8,86.6
2026-05-30T02:45:55Z,121.8,14.2,475.1,86.6
2026-05-30T02:47:58Z,121.7,14.2,475.0,86.6
2026-05-30T02:50:00Z,121.7,14.2,475.1,86.6
2026-05-30T02:52:03Z,121.7,14.2,475.1,86.6
2026-05-30T02:54:05Z,121.6,14.3,474.8,86.6
2026-05-30T02:56:09Z,121.4,14.4,474.4,86.6
2026-05-30T02:58:11Z,121.4,14.5,473.8,86.6
2026-05-30T03:00:14Z,121.4,14.5,473.8,86.6
2026-05-30T03:02:16Z,121.4,14.5,473.8,86.6
2026-05-30T03:04:19Z,121.3,14.5,473.5,86.6
2026-05-30T03:06:21Z,121.2,14.6,472.5,86.7
2026-05-30T03:08:25Z,120.8,14.8,472.3,86.7
2026-05-30T03:10:27Z,120.8,14.9,471.8,86.7
2026-05-30T03:12:30Z,120.8,14.9,471.8,86.7
2026-05-30T03:14:32Z,120.8,14.9,471.9,86.7
2026-05-30T03:16:35Z,120.8,14.9,471.7,86.7
2026-05-30T03:18:38Z,120.8,14.9,471.6,86.7
2026-05-30T03:20:40Z,120.8,14.9,471.2,86.7
2026-05-30T03:23:08Z,122.5,13.7,469.2,86.8
2026-05-30T03:25:11Z,122.3,13.8,468.7,86.8
2026-05-30T03:27:14Z,122.1,13.9,467.8,86.8
2026-05-30T03:29:16Z,122.1,13.9,467.7,86.8
2026-05-30T03:31:19Z,122.1,13.9,467.8,86.8
2026-05-30T03:33:22Z,122.1,13.9,467.8,86.8
2026-05-30T03:35:24Z,122.1,13.9,467.5,86.8
2026-05-30T03:37:27Z,122.1,13.9,467.5,86.8
2026-05-30T03:39:30Z,122.1,13.9,467.2,86.8
2026-05-30T03:41:42Z,122.1,14.0,467.3,86.8
2026-05-30T03:43:53Z,122.1,14.0,466.9,86.8
2026-05-30T03:45:56Z,122.1,14.0,467.0,86.8
2026-05-30T03:47:58Z,121.9,14.1,466.2,86.8
2026-05-30T03:50:02Z,121.7,14.2,465.7,86.9
2026-05-30T03:52:04Z,121.7,14.2,465.6,86.9
2026-05-30T03:54:07Z,121.7,14.2,465.6,86.9
2026-05-30T03:56:09Z,121.7,14.2,465.6,86.9
2026-05-30T03:58:12Z,121.7,14.2,465.5,86.9
2026-05-30T04:00:14Z,121.7,14.2,465.5,86.9
2026-05-30T04:02:17Z,121.5,14.4,464.8,86.9
2026-05-30T04:04:20Z,121.2,14.6,464.5,86.9
2026-05-30T04:06:23Z,121.1,14.6,463.8,86.9
2026-05-30T04:08:25Z,121.2,14.6,463.8,86.9
2026-05-30T04:10:28Z,121.1,14.6,463.8,86.9
2026-05-30T04:12:30Z,121.1,14.6,463.8,86.9
2026-05-30T04:14:33Z,121.1,14.6,463.7,86.9
2026-05-30T04:16:36Z,121.1,14.6,463.2,86.9
2026-05-30T04:19:02Z,122.3,13.8,461.8,87.0
2026-05-30T04:21:04Z,121.9,14.1,460.3,87.0
2026-05-30T04:23:07Z,121.9,14.1,460.6,87.0
2026-05-30T04:25:10Z,121.9,14.1,460.2,87.0
2026-05-30T04:27:12Z,121.9,14.1,460.3,87.0
2026-05-30T04:29:15Z,121.9,14.1,460.5,87.0
2026-05-30T04:31:17Z,121.9,14.1,460.1,87.0
2026-05-30T04:33:21Z,121.9,14.1,460.3,87.0
2026-05-30T04:35:23Z,121.9,14.1,459.7,87.0
2026-05-30T04:37:26Z,121.9,14.1,459.9,87.0
2026-05-30T04:39:28Z,121.9,14.1,460.1,87.0
2026-05-30T04:41:31Z,121.9,14.1,459.7,87.0
2026-05-30T04:43:34Z,121.9,14.1,459.8,87.0
2026-05-30T04:45:36Z,121.9,14.1,459.4,87.0
2026-05-30T04:47:39Z,121.9,14.1,459.7,87.0
2026-05-30T04:50:03Z,122.3,13.8,458.3,87.1
2026-05-30T04:52:06Z,122.1,13.9,457.8,87.1
2026-05-30T04:54:18Z,122.1,14.0,457.6,87.1
2026-05-30T04:56:30Z,122.1,14.0,457.7,87.1
2026-05-30T04:58:42Z,122.1,14.0,457.6,87.1
2026-05-30T05:00:54Z,122.1,14.0,457.6,87.1
2026-05-30T05:03:06Z,122.0,14.0,457.3,87.1
2026-05-30T05:05:09Z,121.7,14.2,456.1,87.1
2026-05-30T05:07:11Z,121.5,14.4,454.9,87.2
2026-05-30T05:09:14Z,121.5,14.4,454.8,87.2
2026-05-30T05:11:16Z,121.5,14.4,454.8,87.2
2026-05-30T05:13:19Z,121.5,14.4,454.7,87.2
2026-05-30T05:15:22Z,121.4,14.4,454.5,87.2
2026-05-30T05:17:25Z,121.4,14.4,454.6,87.2
2026-05-30T05:19:28Z,121.4,14.4,454.5,87.2
2026-05-30T05:21:30Z,121.4,14.4,454.6,87.2
2026-05-30T05:23:33Z,121.4,14.4,454.5,87.2
2026-05-30T05:25:35Z,121.4,14.4,454.4,87.2
2026-05-30T05:27:38Z,121.4,14.4,454.3,87.2
2026-05-30T05:29:40Z,121.4,14.4,454.5,87.2
2026-05-30T05:32:05Z,122.3,13.8,453.1,87.2
2026-05-30T05:34:08Z,122.1,14.0,452.6,87.2
2026-05-30T05:36:21Z,122.0,14.0,452.1,87.2
2026-05-30T05:38:33Z,122.0,14.0,452.2,87.2
2026-05-30T05:40:46Z,122.0,14.0,452.2,87.2
2026-05-30T05:42:58Z,122.0,14.0,452.1,87.2
2026-05-30T05:45:10Z,122.0,14.0,451.9,87.2
2026-05-30T05:47:13Z,121.7,14.2,450.7,87.3
2026-05-30T05:49:16Z,121.5,14.4,449.6,87.3
2026-05-30T05:51:18Z,121.4,14.4,449.4,87.3
2026-05-30T05:53:21Z,121.4,14.4,449.6,87.3
2026-05-30T05:55:24Z,121.4,14.4,449.6,87.3
2026-05-30T05:57:26Z,121.4,14.4,449.2,87.3
2026-05-30T05:59:29Z,121.4,14.4,449.4,87.3
2026-05-30T06:01:32Z,121.4,14.4,449.4,87.3
2026-05-30T06:03:35Z,121.4,14.4,449.1,87.3
2026-05-30T06:05:37Z,121.4,14.4,448.9,87.3
2026-05-30T06:07:40Z,121.4,14.4,448.9,87.3
2026-05-30T06:09:42Z,121.4,14.4,448.8,87.3
2026-05-30T06:11:45Z,121.4,14.4,449.0,87.3
2026-05-30T06:14:10Z,122.2,13.8,447.7,87.4
2026-05-30T06:16:13Z,122.2,13.9,447.7,87.4
2026-05-30T06:18:26Z,122.2,13.9,447.6,87.4
2026-05-30T06:20:39Z,122.2,13.9,447.6,87.4
2026-05-30T06:22:51Z,122.2,13.9,447.5,87.4
2026-05-30T06:25:04Z,122.2,13.9,447.5,87.4
2026-05-30T06:27:16Z,122.2,13.9,447.6,87.4
2026-05-30T06:29:28Z,122.2,13.9,447.6,87.4
2026-05-30T06:31:40Z,122.2,13.9,447.6,87.4
2026-05-30T06:33:52Z,122.2,13.9,447.6,87.4
2026-05-30T06:36:04Z,122.2,13.9,447.4,87.4
2026-05-30T06:38:16Z,122.2,13.9,447.3,87.4
2026-05-30T06:40:28Z,122.2,13.9,447.3,87.4
2026-05-30T06:42:40Z,122.2,13.9,447.3,87.4
2026-05-30T06:45:02Z,122.2,13.8,446.0,87.4
2026-05-30T06:47:05Z,122.2,13.9,445.8,87.4
2026-05-30T06:49:18Z,122.2,13.9,445.8,87.4
2026-05-30T06:51:30Z,122.2,13.9,445.9,87.4
2026-05-30T06:53:43Z,122.2,13.9,445.9,87.4
2026-05-30T06:55:55Z,122.2,13.9,445.8,87.4
2026-05-30T06:58:07Z,122.2,13.9,445.8,87.4
2026-05-30T07:00:19Z,122.2,13.9,445.8,87.4
2026-05-30T07:02:32Z,122.2,13.9,445.8,87.4
2026-05-30T07:04:45Z,122.2,13.9,445.8,87.4
2026-05-30T07:06:57Z,122.2,13.9,445.4,87.4
2026-05-30T07:09:10Z,122.2,13.9,445.4,87.4
2026-05-30T07:11:22Z,122.2,13.9,445.4,87.4
2026-05-30T07:13:35Z,122.2,13.9,445.4,87.4
2026-05-30T07:16:00Z,122.2,13.9,444.1,87.5
2026-05-30T07:18:03Z,122.2,13.9,443.9,87.5
2026-05-30T07:20:16Z,122.2,13.9,444.0,87.5
2026-05-30T07:22:29Z,122.2,13.9,444.0,87.5
2026-05-30T07:24:42Z,122.2,13.9,444.0,87.5
2026-05-30T07:26:54Z,122.2,13.9,443.9,87.5
2026-05-30T07:29:07Z,122.2,13.9,443.9,87.5
2026-05-30T07:31:20Z,122.2,13.9,443.9,87.5
2026-05-30T07:33:32Z,122.2,13.9,443.9,87.5
2026-05-30T07:35:44Z,122.2,13.9,443.9,87.5
2026-05-30T07:37:56Z,122.2,13.9,443.6,87.5
2026-05-30T07:40:08Z,122.2,13.9,443.6,87.5
2026-05-30T07:42:20Z,122.2,13.9,443.6,87.5
2026-05-30T07:44:33Z,122.2,13.9,443.6,87.5
2026-05-30T07:46:56Z,122.2,13.9,442.3,87.5
2026-05-30T07:48:59Z,122.2,13.9,442.2,87.5
2026-05-30T07:51:11Z,122.2,13.9,442.3,87.5
2026-05-30T07:53:24Z,122.2,13.9,442.2,87.5
2026-05-30T07:55:36Z,122.2,13.9,442.2,87.5
2026-05-30T07:57:49Z,122.2,13.9,442.1,87.5
2026-05-30T08:00:01Z,122.1,13.9,442.2,87.5
2026-05-30T08:02:14Z,122.2,13.9,442.2,87.5
2026-05-30T08:04:26Z,122.2,13.9,442.2,87.5
2026-05-30T08:06:39Z,122.2,13.9,442.0,87.5
2026-05-30T08:08:52Z,122.2,13.9,442.0,87.5
2026-05-30T08:11:04Z,122.2,13.9,442.0,87.5
2026-05-30T08:13:17Z,122.2,13.9,442.0,87.5
2026-05-30T08:15:29Z,122.2,13.9,442.0,87.5
2026-05-30T08:17:52Z,122.2,13.9,440.6,87.6
2026-05-30T08:19:55Z,122.2,13.9,440.5,87.6
2026-05-30T08:22:07Z,122.2,13.9,440.6,87.6
2026-05-30T08:24:20Z,122.2,13.9,440.5,87.6
2026-05-30T08:26:33Z,122.2,13.9,440.5,87.6
2026-05-30T08:28:45Z,122.2,13.9,440.5,87.6
2026-05-30T08:30:58Z,122.2,13.9,440.6,87.6
2026-05-30T08:33:10Z,122.2,13.9,440.6,87.6
2026-05-30T08:35:23Z,122.2,13.9,440.6,87.6
2026-05-30T08:37:35Z,122.2,13.9,440.3,87.6
2026-05-30T08:39:48Z,122.2,13.9,440.3,87.6
2026-05-30T08:42:01Z,122.2,13.9,440.3,87.6
2026-05-30T08:44:14Z,122.2,13.9,440.3,87.6
2026-05-30T08:46:28Z,122.2,13.9,440.3,87.6
2026-05-30T08:48:52Z,122.2,13.9,439.1,87.6
2026-05-30T08:50:55Z,122.2,13.9,438.8,87.6
2026-05-30T08:53:08Z,122.2,13.9,438.9,87.6
2026-05-30T08:55:21Z,122.1,13.9,438.9,87.6
2026-05-30T08:57:34Z,122.1,13.9,438.7,87.6
2026-05-30T08:59:47Z,122.1,13.9,438.6,87.6
2026-05-30T09:02:00Z,122.1,13.9,438.8,87.6
2026-05-30T09:04:14Z,122.1,13.9,438.8,87.6
2026-05-30T09:06:27Z,122.1,13.9,438.7,87.6
2026-05-30T09:08:41Z,122.1,13.9,438.5,87.6
2026-05-30T09:10:54Z,122.1,13.9,438.5,87.6
2026-05-30T09:13:06Z,122.1,13.9,438.5,87.6
2026-05-30T09:15:19Z,122.1,13.9,438.5,87.6
2026-05-30T09:17:31Z,122.1,13.9,438.3,87.6
2026-05-30T09:19:54Z,122.2,13.9,437.1,87.7
2026-05-30T09:22:07Z,122.1,13.9,437.0,87.7
2026-05-30T09:24:19Z,122.1,13.9,437.0,87.7
2026-05-30T09:26:32Z,122.1,13.9,437.0,87.7
2026-05-30T09:28:45Z,122.1,13.9,436.9,87.7
2026-05-30T09:30:58Z,122.1,13.9,437.0,87.7
2026-05-30T09:33:11Z,122.1,13.9,437.0,87.7
2026-05-30T09:35:24Z,122.1,13.9,437.0,87.7
2026-05-30T09:37:37Z,122.1,13.9,436.6,87.7
2026-05-30T09:39:50Z,122.1,13.9,436.6,87.7
2026-05-30T09:42:03Z,122.1,13.9,436.6,87.7
2026-05-30T09:44:16Z,122.1,13.9,436.6,87.7
2026-05-30T09:46:29Z,122.1,13.9,436.6,87.7
2026-05-30T09:48:42Z,122.1,13.9,436.5,87.7
2026-05-30T09:51:06Z,122.1,13.9,435.2,87.7
2026-05-30T09:53:18Z,122.1,13.9,435.1,87.7
2026-05-30T09:55:31Z,122.1,13.9,435.1,87.7
2026-05-30T09:57:44Z,122.1,13.9,435.1,87.7
2026-05-30T09:59:57Z,122.1,13.9,435.1,87.7
2026-05-30T10:02:10Z,122.1,13.9,435.1,87.7
2026-05-30T10:04:22Z,122.1,13.9,435.1,87.7
2026-05-30T10:06:35Z,122.1,13.9,435.1,87.7
2026-05-30T10:08:48Z,122.1,13.9,434.8,87.7
2026-05-30T10:11:02Z,122.1,13.9,434.8,87.7
2026-05-30T10:13:14Z,122.1,13.9,434.8,87.7
2026-05-30T10:15:27Z,122.1,13.9,434.8,87.7
2026-05-30T10:17:41Z,122.1,13.9,434.7,87.7
2026-05-30T10:19:54Z,122.1,13.9,434.7,87.7
2026-05-30T10:22:17Z,121.2,14.5,433.4,87.8
2026-05-30T10:24:21Z,121.2,14.5,433.3,87.8
2026-05-30T10:26:34Z,121.2,14.5,433.2,87.8
2026-05-30T10:28:46Z,121.2,14.5,433.2,87.8
2026-05-30T10:30:59Z,121.2,14.5,433.2,87.8
2026-05-30T10:33:13Z,121.2,14.5,433.2,87.8
2026-05-30T10:35:27Z,121.2,14.5,433.3,87.8
2026-05-30T10:37:40Z,121.2,14.5,433.0,87.8
2026-05-30T10:39:54Z,121.2,14.5,432.9,87.8
2026-05-30T10:42:07Z,121.2,14.5,432.9,87.8
2026-05-30T10:44:20Z,121.2,14.5,432.9,87.8
2026-05-30T10:46:33Z,121.2,14.5,432.9,87.8
2026-05-30T10:48:46Z,121.2,14.5,432.8,87.8
2026-05-30T10:50:59Z,121.2,14.5,432.8,87.8
2026-05-30T10:53:22Z,121.3,14.5,431.6,87.8
2026-05-30T10:55:35Z,121.2,14.5,431.5,87.8
2026-05-30T10:57:49Z,121.2,14.5,431.4,87.8
2026-05-30T11:00:02Z,121.2,14.5,431.3,87.8
2026-05-30T11:02:15Z,121.2,14.5,431.3,87.8
2026-05-30T11:04:29Z,121.2,14.5,431.5,87.8
2026-05-30T11:06:42Z,121.2,14.5,431.5,87.8
2026-05-30T11:08:56Z,121.2,14.6,431.1,87.8
2026-05-30T11:11:09Z,121.2,14.6,431.1,87.8
2026-05-30T11:13:23Z,121.2,14.5,431.1,87.8
2026-05-30T11:15:36Z,121.2,14.5,431.1,87.8
2026-05-30T11:17:50Z,121.2,14.6,431.0,87.8
2026-05-30T11:20:04Z,121.2,14.6,431.0,87.8
2026-05-30T11:22:18Z,121.2,14.6,431.0,87.8
2026-05-30T11:24:42Z,121.3,14.5,429.7,87.9
2026-05-30T11:26:46Z,121.2,14.5,429.5,87.9
2026-05-30T11:29:00Z,121.2,14.5,429.6,87.9
2026-05-30T11:31:14Z,121.2,14.5,429.5,87.9
2026-05-30T11:33:28Z,121.2,14.5,429.5,87.9
2026-05-30T11:35:41Z,121.2,14.5,429.5,87.9
2026-05-30T11:37:45Z,121.2,14.5,429.5,87.9
2026-05-30T11:39:58Z,121.2,14.5,429.3,87.9
2026-05-30T11:42:12Z,121.2,14.5,429.3,87.9
2026-05-30T11:44:27Z,121.2,14.5,429.3,87.9
2026-05-30T11:46:40Z,121.2,14.5,429.3,87.9
2026-05-30T11:48:54Z,121.2,14.5,429.1,87.9
2026-05-30T11:51:07Z,121.2,14.5,429.1,87.9
2026-05-30T11:53:21Z,121.2,14.5,429.1,87.9
2026-05-30T11:55:45Z,121.2,14.5,427.9,87.9
2026-05-30T11:57:48Z,121.2,14.5,427.7,87.9
2026-05-30T12:00:02Z,121.2,14.5,427.7,87.9
2026-05-30T12:02:15Z,121.2,14.6,427.7,87.9
2026-05-30T12:04:29Z,121.2,14.6,427.7,87.9
2026-05-30T12:06:43Z,121.2,14.6,427.8,87.9
2026-05-30T12:08:57Z,121.2,14.6,427.4,87.9
2026-05-30T12:11:10Z,121.2,14.6,427.4,87.9
2026-05-30T12:13:24Z,121.2,14.6,427.4,87.9
2026-05-30T12:15:38Z,121.2,14.6,427.4,87.9
2026-05-30T12:17:52Z,121.2,14.6,427.3,87.9
2026-05-30T12:20:06Z,121.2,14.5,427.3,87.9
2026-05-30T12:22:19Z,121.2,14.5,427.3,87.9
2026-05-30T12:24:34Z,121.2,14.5,427.3,87.9
2026-05-30T12:27:00Z,121.2,14.5,426.0,88.0
2026-05-30T12:29:14Z,121.2,14.5,425.9,88.0
2026-05-30T12:31:28Z,121.2,14.5,425.9,88.0
2026-05-30T12:33:43Z,121.2,14.5,425.8,88.0
2026-05-30T12:35:56Z,121.2,14.5,426.0,88.0
2026-05-30T12:38:10Z,121.1,14.7,425.4,88.0
2026-05-30T12:40:14Z,120.7,14.9,423.5,88.0
2026-05-30T12:42:16Z,120.6,15.0,423.0,88.1
2026-05-30T12:44:19Z,120.6,15.0,423.0,88.1
2026-05-30T12:46:21Z,120.6,15.0,422.8,88.1
2026-05-30T12:48:24Z,120.6,15.0,422.6,88.1
2026-05-30T12:50:52Z,121.2,14.6,421.5,88.1
2026-05-30T12:52:54Z,120.7,14.9,419.7,88.2
2026-05-30T12:54:58Z,120.6,15.0,420.0,88.1
2026-05-30T12:57:00Z,120.7,14.9,419.6,88.2
2026-05-30T12:59:03Z,120.6,15.0,419.5,88.2
2026-05-30T13:01:05Z,120.6,15.0,419.2,88.2
2026-05-30T13:03:08Z,120.5,15.1,418.9,88.2
2026-05-30T13:05:11Z,120.4,15.1,418.7,88.2
2026-05-30T13:07:13Z,120.4,15.1,418.7,88.2
2026-05-30T13:09:16Z,120.4,15.1,418.0,88.2
2026-05-30T13:11:18Z,120.4,15.1,418.5,88.2
2026-05-30T13:13:47Z,121.2,14.6,417.1,88.2
2026-05-30T13:15:50Z,121.2,14.6,416.9,88.2
2026-05-30T13:17:52Z,121.1,14.6,417.1,88.2
2026-05-30T13:19:55Z,121.1,14.6,416.6,88.2
2026-05-30T13:21:57Z,121.1,14.6,416.9,88.2
2026-05-30T13:24:00Z,121.1,14.6,416.2,88.2
2026-05-30T13:26:03Z,121.0,14.7,416.0,88.3
2026-05-30T13:28:06Z,120.9,14.7,415.3,88.3
2026-05-30T13:30:09Z,121.0,14.7,415.8,88.3
2026-05-30T13:32:11Z,120.9,14.7,415.5,88.3
2026-05-30T13:34:14Z,121.0,14.7,415.6,88.3
2026-05-30T13:36:17Z,120.6,15.0,414.8,88.3
2026-05-30T13:38:20Z,120.4,15.1,413.5,88.3
2026-05-30T13:40:22Z,120.4,15.1,413.3,88.3
2026-05-30T13:42:25Z,120.4,15.1,413.3,88.3
2026-05-30T13:44:28Z,120.4,15.2,413.1,88.3
2026-05-30T13:46:30Z,120.4,15.2,413.1,88.3
2026-05-30T13:48:33Z,120.3,15.2,413.0,88.3
2026-05-30T13:50:36Z,120.3,15.2,413.0,88.3
2026-05-30T13:53:04Z,121.2,14.6,412.0,88.4
2026-05-30T13:55:07Z,120.8,14.8,410.8,88.4
2026-05-30T13:57:10Z,120.8,14.8,409.9,88.4
2026-05-30T13:59:12Z,120.8,14.8,410.1,88.4
2026-05-30T14:01:15Z,120.8,14.8,410.3,88.4
2026-05-30T14:03:17Z,120.8,14.9,410.0,88.4
2026-05-30T14:05:20Z,120.6,15.0,409.6,88.4
2026-05-30T14:07:23Z,120.6,15.0,409.3,88.4
2026-05-30T14:09:26Z,120.6,15.0,409.5,88.4
2026-05-30T14:11:28Z,120.6,15.0,409.5,88.4
2026-05-30T14:13:31Z,120.6,15.0,409.1,88.5
2026-05-30T14:15:58Z,121.2,14.6,407.6,88.5
2026-05-30T14:18:01Z,121.0,14.7,406.8,88.5
2026-05-30T14:20:03Z,121.0,14.7,407.0,88.5
2026-05-30T14:22:06Z,121.0,14.7,406.6,88.5
2026-05-30T14:24:09Z,120.9,14.7,406.1,88.5
2026-05-30T14:26:11Z,120.9,14.8,406.6,88.5
2026-05-30T14:28:14Z,120.6,15.0,405.6,88.6
2026-05-30T14:30:17Z,120.6,15.0,405.2,88.6
2026-05-30T14:32:19Z,120.5,15.0,405.4,88.6
2026-05-30T14:34:22Z,120.5,15.0,405.0,88.6
2026-05-30T14:36:24Z,120.5,15.0,405.3,88.6
2026-05-30T14:38:28Z,120.5,15.0,405.0,88.6
2026-05-30T14:40:31Z,120.5,15.0,404.8,88.6
2026-05-30T14:42:59Z,121.2,14.6,403.8,88.6
2026-05-30T14:45:02Z,120.8,14.9,402.6,88.6
2026-05-30T14:47:05Z,120.8,14.9,401.9,88.7
2026-05-30T14:49:07Z,120.8,14.9,401.9,88.7
2026-05-30T14:51:10Z,120.7,14.9,401.9,88.7
2026-05-30T14:53:12Z,120.7,14.9,401.6,88.7
2026-05-30T14:55:15Z,120.7,14.9,401.8,88.7
2026-05-30T14:57:18Z,120.7,14.9,401.7,88.7
2026-05-30T14:59:21Z,120.7,14.9,401.5,88.7
2026-05-30T15:01:24Z,120.7,14.9,401.7,88.7
2026-05-30T15:03:27Z,120.7,14.9,401.3,88.7
2026-05-30T15:05:29Z,120.7,14.9,401.7,88.7
2026-05-30T15:07:32Z,120.3,15.2,400.6,88.7
2026-05-30T15:09:35Z,120.3,15.2,400.2,88.7
2026-05-30T15:11:37Z,120.3,15.2,399.9,88.7
2026-05-30T15:13:40Z,120.3,15.2,400.0,88.7
2026-05-30T15:15:42Z,120.3,15.2,400.0,88.7
2026-05-30T15:17:45Z,120.3,15.2,399.8,88.7
2026-05-30T15:20:15Z,121.1,14.6,398.6,88.7
2026-05-30T15:22:18Z,120.8,14.9,397.1,88.8
2026-05-30T15:24:21Z,120.6,15.0,396.9,88.8
2026-05-30T15:26:24Z,120.6,15.0,395.2,88.8
2026-05-30T15:28:26Z,120.6,15.0,396.2,88.8
2026-05-30T15:30:29Z,120.5,15.0,395.9,88.8
2026-05-30T15:32:31Z,120.5,15.0,396.0,88.8
2026-05-30T15:34:34Z,120.5,15.0,395.6,88.8
2026-05-30T15:36:38Z,120.5,15.0,395.8,88.8
2026-05-30T15:38:40Z,120.5,15.0,395.2,88.8
2026-05-30T15:40:43Z,120.5,15.0,395.4,88.8
2026-05-30T15:42:45Z,120.5,15.0,395.5,88.8
2026-05-30T15:44:48Z,120.3,15.2,394.8,88.9
2026-05-30T15:46:51Z,120.3,15.2,394.6,88.9
2026-05-30T15:48:53Z,120.3,15.2,394.6,88.9
2026-05-30T15:50:56Z,120.3,15.2,394.5,88.9
2026-05-30T15:52:59Z,120.3,15.2,394.4,88.9
2026-05-30T15:55:01Z,120.3,15.2,394.3,88.9
2026-05-30T15:57:04Z,120.3,15.2,394.4,88.9
2026-05-30T15:59:07Z,120.3,15.2,394.2,88.9
2026-05-30T16:01:36Z,121.1,14.6,392.5,88.9
2026-05-30T16:03:38Z,120.6,15.0,390.7,89.0
2026-05-30T16:05:41Z,120.6,15.0,390.7,89.0
2026-05-30T16:07:44Z,120.5,15.0,390.9,89.0
2026-05-30T16:09:46Z,120.5,15.0,390.4,89.0
2026-05-30T16:11:49Z,120.5,15.0,390.3,89.0
2026-05-30T16:13:52Z,120.5,15.0,389.9,89.0
2026-05-30T16:15:55Z,120.5,15.1,390.0,89.0
2026-05-30T16:17:58Z,120.5,15.0,390.2,89.0
2026-05-30T16:20:00Z,120.5,15.1,389.8,89.0
2026-05-30T16:22:03Z,120.5,15.1,390.1,89.0
2026-05-30T16:24:05Z,120.5,15.1,389.8,89.0
2026-05-30T16:26:09Z,120.3,15.2,388.9,89.0
2026-05-30T16:28:11Z,120.3,15.2,388.8,89.0
2026-05-30T16:30:14Z,120.3,15.2,388.9,89.0
2026-05-30T16:32:16Z,120.3,15.2,388.7,89.0
2026-05-30T16:34:19Z,120.3,15.2,388.7,89.0
2026-05-30T16:36:22Z,120.3,15.2,388.6,89.0
2026-05-30T16:38:24Z,120.3,15.2,388.4,89.0
2026-05-30T16:40:27Z,120.2,15.2,388.4,89.0
2026-05-30T16:42:56Z,121.1,14.6,386.7,89.1
2026-05-30T16:44:59Z,120.6,15.0,385.0,89.1
2026-05-30T16:47:02Z,120.5,15.0,384.6,89.1
2026-05-30T16:49:05Z,120.5,15.0,384.6,89.1
2026-05-30T16:51:07Z,120.5,15.0,384.7,89.1
2026-05-30T16:53:10Z,120.5,15.1,384.4,89.1
2026-05-30T16:55:12Z,120.5,15.1,384.5,89.1
2026-05-30T16:57:15Z,120.5,15.1,384.6,89.1
2026-05-30T16:59:19Z,120.5,15.1,384.3,89.2
2026-05-30T17:01:21Z,120.5,15.1,384.5,89.1
2026-05-30T17:03:24Z,120.5,15.1,384.1,89.2
2026-05-30T17:05:26Z,120.5,15.1,384.4,89.1
2026-05-30T17:07:55Z,121.1,14.7,383.2,89.2
2026-05-30T17:09:58Z,121.0,14.7,382.8,89.2
2026-05-30T17:12:00Z,121.1,14.7,382.8,89.2
2026-05-30T17:14:03Z,121.0,14.7,382.4,89.2
2026-05-30T17:16:05Z,121.0,14.7,382.4,89.2
2026-05-30T17:18:08Z,121.0,14.7,382.6,89.2
2026-05-30T17:20:11Z,120.9,14.8,381.8,89.2
2026-05-30T17:22:14Z,120.8,14.8,381.6,89.2
2026-05-30T17:24:17Z,120.8,14.8,381.2,89.2
2026-05-30T17:26:19Z,120.8,14.8,379.6,89.3
2026-05-30T17:28:22Z,120.8,14.8,381.1,89.2
2026-05-30T17:30:24Z,120.8,14.8,380.5,89.3
2026-05-30T17:32:28Z,120.5,15.1,379.6,89.3
2026-05-30T17:34:30Z,120.3,15.2,378.6,89.3
2026-05-30T17:36:33Z,120.3,15.2,378.4,89.3
2026-05-30T17:38:35Z,120.3,15.2,378.2,89.3
2026-05-30T17:40:38Z,120.2,15.2,378.1,89.3
2026-05-30T17:42:41Z,120.2,15.2,377.9,89.3
2026-05-30T17:44:43Z,120.2,15.3,377.8,89.3
2026-05-30T17:46:46Z,120.2,15.3,377.9,89.3
2026-05-30T17:49:17Z,121.1,14.7,376.7,89.4
2026-05-30T17:51:20Z,121.0,14.7,376.3,89.4
2026-05-30T17:53:23Z,121.0,14.7,376.4,89.4
2026-05-30T17:55:25Z,121.0,14.7,376.1,89.4
2026-05-30T17:57:28Z,121.0,14.7,376.3,89.4
2026-05-30T17:59:30Z,121.0,14.7,376.4,89.4
2026-05-30T18:01:33Z,121.0,14.7,375.7,89.4
2026-05-30T18:03:36Z,120.7,14.9,373.5,89.5
2026-05-30T18:05:38Z,120.5,15.1,373.8,89.4
2026-05-30T18:07:41Z,120.5,15.1,373.0,89.5
2026-05-30T18:09:44Z,120.4,15.1,371.6,89.5
2026-05-30T18:11:46Z,120.4,15.1,373.0,89.5
2026-05-30T18:13:49Z,120.4,15.1,373.1,89.5
2026-05-30T18:15:51Z,120.3,15.2,372.5,89.5
2026-05-30T18:17:54Z,120.0,15.4,371.3,89.5
2026-05-30T18:19:57Z,120.0,15.4,370.9,89.5
2026-05-30T18:21:59Z,120.0,15.4,370.7,89.5
2026-05-30T18:24:02Z,120.0,15.4,370.9,89.5
2026-05-30T18:26:05Z,120.0,15.4,370.7,89.5
2026-05-30T18:28:07Z,120.0,15.4,370.3,89.5
2026-05-30T18:30:10Z,119.8,15.6,370.0,89.6
2026-05-30T18:32:43Z,121.1,14.7,369.1,89.6
2026-05-30T18:34:45Z,120.7,14.9,367.6,89.6
2026-05-30T18:36:48Z,120.7,14.9,367.4,89.6
2026-05-30T18:38:51Z,120.7,14.9,367.0,89.6
2026-05-30T18:40:53Z,120.7,14.9,366.5,89.7
2026-05-30T18:42:56Z,120.7,15.0,365.6,89.7
2026-05-30T18:44:58Z,120.6,15.0,366.5,89.7
2026-05-30T18:47:02Z,120.6,15.0,366.7,89.6
2026-05-30T18:49:05Z,120.6,15.0,366.4,89.7
2026-05-30T18:51:07Z,120.6,15.0,366.6,89.7
2026-05-30T18:53:10Z,120.6,15.0,366.1,89.7
2026-05-30T18:55:12Z,120.6,15.0,366.5,89.7
2026-05-30T18:57:41Z,121.0,14.7,365.1,89.7
2026-05-30T18:59:44Z,120.8,14.8,364.3,89.7
2026-05-30T19:01:47Z,120.8,14.8,363.8,89.7
2026-05-30T19:03:49Z,120.8,14.8,364.2,89.7
2026-05-30T19:05:52Z,120.8,14.8,363.9,89.7
2026-05-30T19:07:54Z,120.8,14.9,364.0,89.7
2026-05-30T19:09:57Z,120.8,14.9,363.6,89.7
2026-05-30T19:12:00Z,120.8,14.9,363.7,89.7
2026-05-30T19:14:03Z,120.8,14.9,363.7,89.7
2026-05-30T19:16:05Z,120.8,14.9,363.4,89.7
2026-05-30T19:18:08Z,120.8,14.9,363.6,89.7
2026-05-30T19:20:10Z,120.8,14.9,363.0,89.8
2026-05-30T19:22:13Z,120.6,15.0,363.1,89.8
2026-05-30T19:24:16Z,120.6,15.0,363.0,89.8
2026-05-30T19:26:45Z,121.0,14.7,361.9,89.8
2026-05-30T19:28:48Z,121.0,14.7,361.7,89.8
2026-05-30T19:31:06Z,121.0,14.7,361.8,89.8
2026-05-30T19:33:23Z,121.0,14.7,361.7,89.8
2026-05-30T19:35:41Z,121.0,14.7,361.7,89.8
2026-05-30T19:37:57Z,121.0,14.7,361.7,89.8
2026-05-30T19:40:14Z,121.0,14.7,361.6,89.8
2026-05-30T19:42:31Z,121.0,14.7,361.4,89.8
2026-05-30T19:44:49Z,121.0,14.7,361.4,89.8
2026-05-30T19:47:06Z,121.0,14.7,361.4,89.8
2026-05-30T19:49:23Z,121.0,14.7,361.4,89.8
2026-05-30T19:51:42Z,121.0,14.7,361.4,89.8
2026-05-30T19:53:59Z,121.0,14.7,361.3,89.8
2026-05-30T19:56:17Z,121.0,14.7,361.3,89.8
2026-05-30T19:58:45Z,121.0,14.7,360.0,89.8
2026-05-30T20:01:02Z,121.0,14.7,359.9,89.8
2026-05-30T20:03:20Z,121.0,14.7,359.9,89.8
2026-05-30T20:05:37Z,121.0,14.7,359.8,89.8
2026-05-30T20:07:55Z,121.0,14.7,359.8,89.8
2026-05-30T20:10:12Z,120.9,14.7,359.7,89.8
2026-05-30T20:12:30Z,120.9,14.7,359.8,89.8
2026-05-30T20:14:47Z,120.9,14.7,359.6,89.8
2026-05-30T20:17:04Z,120.9,14.7,359.6,89.8
2026-05-30T20:19:21Z,120.9,14.7,359.4,89.9
2026-05-30T20:21:39Z,120.9,14.7,359.4,89.9
2026-05-30T20:23:56Z,120.9,14.7,359.4,89.9
2026-05-30T20:26:14Z,121.0,14.7,359.4,89.9
2026-05-30T20:28:32Z,121.0,14.7,359.3,89.9
2026-05-30T20:31:01Z,121.0,14.7,358.1,89.9
2026-05-30T20:33:04Z,121.0,14.7,358.0,89.9
2026-05-30T20:35:21Z,121.0,14.7,358.0,89.9
2026-05-30T20:37:39Z,121.0,14.7,358.0,89.9
2026-05-30T20:39:56Z,121.0,14.7,357.8,89.9
2026-05-30T20:42:14Z,121.0,14.7,357.9,89.9
2026-05-30T20:44:32Z,121.0,14.7,357.7,89.9
2026-05-30T20:46:50Z,121.0,14.7,357.7,89.9
2026-05-30T20:49:07Z,121.0,14.7,357.7,89.9
2026-05-30T20:51:25Z,121.0,14.7,357.6,89.9
2026-05-30T20:53:42Z,121.0,14.7,357.6,89.9
2026-05-30T20:56:00Z,121.0,14.7,357.6,89.9
2026-05-30T20:58:18Z,120.9,14.7,357.6,89.9
2026-05-30T21:00:37Z,120.9,14.7,357.6,89.9
2026-05-30T21:03:07Z,121.0,14.7,356.3,89.9
2026-05-30T21:05:10Z,121.0,14.7,356.1,89.9
2026-05-30T21:07:29Z,121.0,14.7,356.2,89.9
2026-05-30T21:09:47Z,120.9,14.7,356.1,89.9
2026-05-30T21:12:06Z,120.9,14.7,356.0,89.9
2026-05-30T21:14:23Z,120.9,14.8,355.9,90.0
2026-05-30T21:16:41Z,120.9,14.8,355.9,90.0
2026-05-30T21:18:59Z,120.9,14.8,355.7,90.0
2026-05-30T21:21:16Z,120.9,14.8,355.7,90.0
2026-05-30T21:23:34Z,120.9,14.8,355.7,90.0
2026-05-30T21:25:52Z,120.9,14.7,355.7,90.0
2026-05-30T21:28:11Z,120.9,14.8,355.6,90.0
2026-05-30T21:30:29Z,120.9,14.8,355.6,90.0
2026-05-30T21:32:48Z,120.9,14.8,355.6,90.0
2026-05-30T21:35:17Z,121.0,14.7,354.4,90.0
2026-05-30T21:37:20Z,120.9,14.8,354.2,90.0
2026-05-30T21:39:39Z,120.9,14.7,354.1,90.0
2026-05-30T21:41:57Z,120.9,14.7,354.1,90.0
2026-05-30T21:44:15Z,120.9,14.8,353.8,90.0
2026-05-30T21:46:33Z,120.9,14.8,353.9,90.0
2026-05-30T21:48:52Z,120.9,14.8,353.9,90.0
2026-05-30T21:51:10Z,120.9,14.8,353.9,90.0
2026-05-30T21:53:27Z,120.9,14.8,353.9,90.0
2026-05-30T21:55:45Z,120.9,14.8,353.8,90.0
2026-05-30T21:58:03Z,120.9,14.8,353.7,90.0
2026-05-30T22:00:21Z,120.9,14.8,353.7,90.0
2026-05-30T22:02:39Z,120.9,14.7,353.7,90.0
2026-05-30T22:04:57Z,120.9,14.7,353.7,90.0
2026-05-30T22:07:26Z,121.0,14.7,352.4,90.1
2026-05-30T22:09:29Z,120.9,14.7,352.2,90.1
2026-05-30T22:11:46Z,120.9,14.7,352.3,90.1
2026-05-30T22:14:04Z,120.9,14.7,352.1,90.1
2026-05-30T22:16:22Z,120.9,14.8,352.0,90.1
2026-05-30T22:18:40Z,120.9,14.8,352.0,90.1
2026-05-30T22:20:58Z,120.9,14.8,352.0,90.1
2026-05-30T22:23:16Z,120.9,14.8,352.0,90.1
2026-05-30T22:25:34Z,120.9,14.8,352.0,90.1
2026-05-30T22:27:51Z,120.9,14.8,352.0,90.1
2026-05-30T22:30:09Z,120.9,14.8,352.0,90.1
2026-05-30T22:32:28Z,120.9,14.8,352.0,90.1
2026-05-30T22:34:46Z,120.9,14.8,352.0,90.1
2026-05-30T22:37:02Z,120.9,14.8,352.0,90.1
2026-05-30T22:39:31Z,121.0,14.7,350.6,90.1
2026-05-30T22:41:34Z,120.9,14.7,350.6,90.1
2026-05-30T22:43:52Z,120.9,14.8,350.4,90.1
2026-05-30T22:46:11Z,120.9,14.8,350.4,90.1
2026-05-30T22:48:29Z,120.9,14.8,350.3,90.1
2026-05-30T22:50:47Z,120.9,14.8,350.4,90.1
2026-05-30T22:53:06Z,120.9,14.8,350.4,90.1
2026-05-30T22:55:24Z,120.9,14.8,350.4,90.1
2026-05-30T22:57:43Z,120.9,14.8,350.3,90.1
2026-05-30T23:00:01Z,120.9,14.8,350.3,90.1
2026-05-30T23:02:20Z,120.9,14.8,350.3,90.1
2026-05-30T23:04:38Z,120.9,14.8,350.3,90.1
2026-05-30T23:06:57Z,120.9,14.8,350.3,90.1
2026-05-30T23:09:15Z,120.9,14.8,350.3,90.1
2026-05-30T23:11:45Z,120.9,14.7,349.0,90.1
2026-05-30T23:13:48Z,120.9,14.8,349.0,90.1
2026-05-30T23:16:07Z,120.9,14.8,348.7,90.2
2026-05-30T23:18:25Z,120.9,14.8,348.6,90.2
2026-05-30T23:20:44Z,120.9,14.8,348.7,90.2
2026-05-30T23:23:03Z,120.9,14.8,348.7,90.2
2026-05-30T23:25:22Z,120.9,14.8,348.7,90.2
2026-05-30T23:27:41Z,120.9,14.8,348.6,90.2
2026-05-30T23:29:59Z,120.9,14.8,348.6,90.2
2026-05-30T23:32:18Z,120.9,14.8,348.6,90.2
2026-05-30T23:34:37Z,120.9,14.8,348.6,90.2
2026-05-30T23:36:57Z,120.9,14.8,348.6,90.2
2026-05-30T23:39:15Z,120.9,14.8,348.5,90.2
2026-05-30T23:41:33Z,120.9,14.8,348.5,90.2
2026-05-30T23:44:03Z,121.0,14.7,347.2,90.2
2026-05-30T23:46:06Z,120.9,14.8,346.9,90.2
2026-05-30T23:48:24Z,120.9,14.8,346.8,90.2
2026-05-30T23:50:42Z,120.9,14.8,346.7,90.2
2026-05-30T23:53:00Z,120.9,14.8,346.7,90.2
2026-05-30T23:55:19Z,120.9,14.8,346.9,90.2
2026-05-30T23:57:38Z,120.9,14.8,346.8,90.2
2026-05-30T23:59:56Z,120.9,14.8,346.8,90.2
2026-05-31T00:02:14Z,120.9,14.8,346.7,90.2
2026-05-31T00:04:32Z,120.9,14.8,346.7,90.2
2026-05-31T00:06:51Z,120.9,14.8,346.7,90.2
2026-05-31T00:09:09Z,120.9,14.8,346.7,90.2
2026-05-31T00:11:28Z,120.9,14.8,346.6,90.2
2026-05-31T00:13:46Z,120.9,14.8,346.6,90.2
2026-05-31T00:16:15Z,120.9,14.8,345.2,90.3
2026-05-31T00:18:18Z,120.9,14.8,345.1,90.3
2026-05-31T00:20:37Z,120.9,14.8,345.0,90.3
2026-05-31T00:22:55Z,120.9,14.8,345.0,90.3
2026-05-31T00:25:13Z,120.9,14.8,344.9,90.3
2026-05-31T00:27:32Z,120.9,14.8,344.9,90.3
2026-05-31T00:29:51Z,120.9,14.8,344.9,90.3
2026-05-31T00:32:09Z,120.9,14.8,344.9,90.3
2026-05-31T00:34:27Z,120.9,14.8,344.9,90.3
2026-05-31T00:36:46Z,120.9,14.8,344.9,90.3
2026-05-31T00:39:04Z,120.9,14.8,344.9,90.3
2026-05-31T00:41:22Z,120.9,14.8,344.8,90.3
2026-05-31T00:43:40Z,120.9,14.8,344.8,90.3
2026-05-31T00:45:59Z,120.9,14.8,344.6,90.3
2026-05-31T00:48:27Z,120.9,14.8,343.3,90.3
2026-05-31T00:50:46Z,120.9,14.8,343.3,90.3
2026-05-31T00:53:05Z,120.9,14.8,343.2,90.3
2026-05-31T00:55:23Z,120.9,14.8,343.4,90.3
2026-05-31T00:57:42Z,120.9,14.8,343.2,90.3
2026-05-31T01:00:01Z,120.9,14.8,343.2,90.3
2026-05-31T01:02:19Z,120.9,14.8,343.2,90.3
2026-05-31T01:04:38Z,120.9,14.8,343.2,90.3
2026-05-31T01:06:57Z,120.9,14.8,343.2,90.3
2026-05-31T01:09:15Z,120.9,14.8,343.2,90.3
2026-05-31T01:11:33Z,120.9,14.8,343.2,90.3
2026-05-31T01:13:52Z,120.9,14.8,343.2,90.3
2026-05-31T01:16:11Z,120.9,14.8,343.0,90.3
2026-05-31T01:18:29Z,120.9,14.8,343.0,90.3
2026-05-31T01:20:58Z,120.9,14.8,341.7,90.4
2026-05-31T01:23:01Z,120.9,14.8,341.5,90.4
2026-05-31T01:25:20Z,120.9,14.8,341.6,90.4
2026-05-31T01:27:38Z,120.9,14.8,341.5,90.4
2026-05-31T01:29:57Z,120.9,14.8,341.5,90.4
2026-05-31T01:32:16Z,120.9,14.8,341.6,90.4
2026-05-31T01:34:35Z,120.9,14.8,341.6,90.4
2026-05-31T01:36:53Z,120.9,14.8,341.6,90.4
2026-05-31T01:39:12Z,120.9,14.8,341.5,90.4
2026-05-31T01:41:30Z,120.9,14.8,341.5,90.4
2026-05-31T01:43:49Z,120.9,14.8,341.5,90.4
2026-05-31T01:46:08Z,120.9,14.8,341.3,90.4
2026-05-31T01:48:27Z,120.9,14.8,341.3,90.4
2026-05-31T01:50:45Z,120.9,14.8,341.3,90.4
2026-05-31T01:53:15Z,120.9,14.8,340.0,90.4
2026-05-31T01:55:18Z,120.9,14.8,339.9,90.4
2026-05-31T01:57:36Z,120.9,14.8,339.9,90.4
2026-05-31T01:59:55Z,120.9,14.8,339.8,90.4
2026-05-31T02:02:15Z,120.9,14.8,339.8,90.4
2026-05-31T02:04:34Z,120.9,14.8,339.9,90.4
2026-05-31T02:06:52Z,120.9,14.8,339.9,90.4
2026-05-31T02:09:10Z,120.9,14.8,339.8,90.4
2026-05-31T02:11:29Z,120.9,14.8,339.8,90.4
2026-05-31T02:13:47Z,120.9,14.8,339.8,90.4
2026-05-31T02:16:06Z,120.9,14.8,339.6,90.4
2026-05-31T02:18:25Z,120.9,14.8,339.5,90.4
2026-05-31T02:20:39Z,120.9,14.8,338.2,90.5
2026-05-31T02:22:42Z,120.9,14.8,338.1,90.5
2026-05-31T02:25:01Z,120.9,14.8,338.3,90.5
2026-05-31T02:27:20Z,120.9,14.8,338.2,90.5
2026-05-31T02:29:38Z,120.9,14.8,338.1,90.5
2026-05-31T02:31:57Z,120.7,14.9,337.2,90.5
2026-05-31T02:34:00Z,120.3,15.2,336.1,90.5
2026-05-31T02:36:03Z,120.2,15.3,335.2,90.5
2026-05-31T02:38:05Z,120.1,15.3,334.9,90.5
2026-05-31T02:40:08Z,120.1,15.3,334.8,90.5
2026-05-31T02:42:10Z,120.1,15.3,334.6,90.6
2026-05-31T02:44:13Z,120.1,15.3,334.6,90.6
2026-05-31T02:46:15Z,120.1,15.3,334.3,90.6
2026-05-31T02:48:18Z,120.1,15.3,334.3,90.6
2026-05-31T02:50:21Z,120.1,15.3,334.1,90.6
2026-05-31T02:52:23Z,120.1,15.4,334.2,90.6
2026-05-31T02:54:26Z,119.7,15.6,333.3,90.6
2026-05-31T02:56:28Z,119.7,15.6,333.2,90.6
2026-05-31T02:58:31Z,119.7,15.6,333.1,90.6
2026-05-31T03:00:34Z,119.7,15.6,333.0,90.6
2026-05-31T03:02:37Z,119.7,15.6,333.0,90.6
2026-05-31T03:04:39Z,119.7,15.6,333.0,90.6
2026-05-31T03:06:42Z,119.7,15.6,333.0,90.6
2026-05-31T03:08:44Z,119.7,15.6,333.0,90.6
2026-05-31T03:10:47Z,119.7,15.6,333.0,90.6
2026-05-31T03:12:49Z,119.7,15.6,333.0,90.6
2026-05-31T03:14:52Z,119.5,15.8,332.4,90.6
2026-05-31T03:16:55Z,119.3,15.9,331.5,90.6
2026-05-31T03:18:57Z,119.3,15.9,331.6,90.6
2026-05-31T03:21:00Z,119.3,15.9,331.5,90.6
2026-05-31T03:23:02Z,119.3,15.9,331.4,90.6
2026-05-31T03:25:05Z,119.3,15.9,331.3,90.6
2026-05-31T03:27:08Z,119.3,15.9,331.3,90.6
2026-05-31T03:29:10Z,119.3,15.9,331.3,90.6
2026-05-31T03:31:13Z,119.3,15.9,331.2,90.6
2026-05-31T03:33:15Z,119.3,15.9,331.2,90.6
2026-05-31T03:35:18Z,119.1,16.1,330.7,90.7
2026-05-31T03:37:21Z,119.1,16.1,330.7,90.7
2026-05-31T03:39:23Z,119.1,16.1,330.5,90.7
2026-05-31T03:41:26Z,119.1,16.1,330.5,90.7
2026-05-31T03:43:29Z,119.1,16.1,330.6,90.7
2026-05-31T03:45:31Z,119.1,16.1,330.6,90.7
2026-05-31T03:47:34Z,119.1,16.1,330.3,90.7
2026-05-31T03:49:36Z,119.1,16.1,330.3,90.7
2026-05-31T03:51:39Z,119.1,16.1,330.3,90.7
2026-05-31T03:53:41Z,119.1,16.1,330.3,90.7
2026-05-31T03:55:44Z,118.9,16.2,329.7,90.7
2026-05-31T03:57:47Z,118.9,16.2,329.5,90.7
2026-05-31T03:59:49Z,118.9,16.2,329.0,90.7
2026-05-31T04:01:52Z,118.9,16.2,329.0,90.7
2026-05-31T04:03:54Z,118.9,16.2,328.8,90.7
2026-05-31T04:05:57Z,118.9,16.2,328.6,90.7
2026-05-31T04:08:00Z,118.9,16.2,328.5,90.7
2026-05-31T04:10:02Z,118.9,16.2,328.4,90.7
2026-05-31T04:12:05Z,118.9,16.2,328.5,90.7
2026-05-31T04:14:07Z,118.9,16.2,328.5,90.7
2026-05-31T04:16:10Z,118.9,16.2,328.5,90.7
2026-05-31T04:18:47Z,120.9,14.8,327.2,90.8
2026-05-31T04:20:50Z,120.7,14.9,326.2,90.8
2026-05-31T04:23:09Z,120.7,14.9,326.2,90.8
2026-05-31T04:25:29Z,120.6,15.0,326.2,90.8
2026-05-31T04:27:49Z,120.6,15.0,326.2,90.8
2026-05-31T04:30:09Z,120.6,15.0,325.8,90.8
2026-05-31T04:32:13Z,120.3,15.2,324.5,90.8
2026-05-31T04:34:16Z,120.1,15.4,323.7,90.9
2026-05-31T04:36:19Z,120.1,15.4,323.6,90.9
2026-05-31T04:38:22Z,120.1,15.4,323.5,90.9
2026-05-31T04:40:24Z,120.0,15.4,323.4,90.9
2026-05-31T04:42:27Z,120.1,15.4,323.4,90.9
2026-05-31T04:44:30Z,120.0,15.4,323.4,90.9
2026-05-31T04:46:33Z,120.0,15.4,323.4,90.9
2026-05-31T04:48:35Z,120.0,15.4,323.0,90.9
2026-05-31T04:50:38Z,120.0,15.4,322.8,90.9
2026-05-31T04:52:40Z,119.8,15.5,322.9,90.9
2026-05-31T04:54:43Z,119.6,15.7,321.9,90.9
2026-05-31T04:56:46Z,119.7,15.6,321.8,90.9
2026-05-31T04:58:48Z,119.7,15.7,321.7,90.9
2026-05-31T05:00:51Z,119.7,15.7,321.7,90.9
2026-05-31T05:02:54Z,119.7,15.7,321.8,90.9
2026-05-31T05:04:56Z,119.7,15.7,321.7,90.9
2026-05-31T05:06:59Z,119.6,15.7,321.7,90.9
2026-05-31T05:09:01Z,119.6,15.7,321.5,90.9
2026-05-31T05:11:04Z,119.6,15.7,321.5,90.9
2026-05-31T05:13:06Z,119.6,15.7,321.6,90.9
2026-05-31T05:15:09Z,119.4,15.8,320.9,90.9
2026-05-31T05:17:12Z,119.4,15.8,320.7,90.9
2026-05-31T05:19:15Z,119.4,15.8,320.6,90.9
2026-05-31T05:21:17Z,119.4,15.8,320.6,90.9
2026-05-31T05:23:20Z,119.4,15.8,320.6,91.0
2026-05-31T05:25:22Z,119.4,15.8,320.5,91.0
2026-05-31T05:27:25Z,119.4,15.8,320.5,91.0
2026-05-31T05:29:28Z,119.4,15.8,320.5,91.0
2026-05-31T05:31:30Z,119.4,15.8,320.5,91.0
2026-05-31T05:33:33Z,119.4,15.8,320.5,91.0
2026-05-31T05:35:35Z,119.2,16.0,319.9,91.0
2026-05-31T05:37:38Z,119.2,16.0,319.9,91.0
2026-05-31T05:39:40Z,119.2,16.0,319.9,91.0
2026-05-31T05:41:43Z,119.2,16.0,319.9,91.0
2026-05-31T05:43:46Z,119.2,16.0,319.9,91.0
2026-05-31T05:45:48Z,119.2,16.0,319.8,91.0
2026-05-31T05:47:51Z,119.2,16.0,319.6,91.0
2026-05-31T05:49:53Z,119.2,16.0,319.4,91.0
2026-05-31T05:51:56Z,119.2,16.0,319.5,91.0
2026-05-31T05:53:58Z,119.2,16.0,319.5,91.0
2026-05-31T05:56:01Z,119.0,16.1,318.9,91.0
2026-05-31T05:58:04Z,119.0,16.1,318.5,91.0
2026-05-31T06:00:06Z,119.0,16.1,318.3,91.0
2026-05-31T06:02:09Z,119.0,16.1,318.3,91.0
2026-05-31T06:04:12Z,119.0,16.1,318.2,91.0
2026-05-31T06:06:14Z,119.0,16.1,317.8,91.0
2026-05-31T06:08:17Z,119.0,16.1,317.8,91.0
2026-05-31T06:10:19Z,119.0,16.1,317.5,91.0
2026-05-31T06:12:22Z,119.0,16.1,317.3,91.0
2026-05-31T06:14:25Z,119.0,16.1,317.3,91.0
2026-05-31T06:16:27Z,119.0,16.1,317.6,91.0
2026-05-31T06:19:07Z,120.8,14.8,315.9,91.1
2026-05-31T06:21:10Z,120.6,15.0,315.2,91.1
2026-05-31T06:23:31Z,120.6,15.0,315.3,91.1
2026-05-31T06:25:52Z,120.6,15.0,315.2,91.1
2026-05-31T06:28:13Z,120.6,15.0,315.3,91.1
2026-05-31T06:30:33Z,120.6,15.0,315.0,91.1
2026-05-31T06:32:54Z,120.2,15.3,313.6,91.1
2026-05-31T06:34:57Z,120.0,15.4,312.5,91.2
2026-05-31T06:37:00Z,120.0,15.4,312.4,91.2
2026-05-31T06:39:02Z,120.0,15.4,312.1,91.2
2026-05-31T06:41:05Z,120.0,15.4,312.1,91.2
2026-05-31T06:43:08Z,120.0,15.4,312.1,91.2
2026-05-31T06:45:11Z,120.0,15.4,312.3,91.2
2026-05-31T06:47:14Z,120.0,15.4,312.3,91.2
2026-05-31T06:49:16Z,120.0,15.4,311.8,91.2
2026-05-31T06:51:19Z,120.0,15.4,311.7,91.2
2026-05-31T06:53:21Z,120.0,15.4,311.7,91.2
2026-05-31T06:55:24Z,119.8,15.6,311.3,91.2
2026-05-31T06:57:26Z,119.6,15.7,310.7,91.2
2026-05-31T06:59:29Z,119.6,15.7,310.7,91.2
2026-05-31T07:01:32Z,119.6,15.7,310.6,91.2
2026-05-31T07:03:35Z,119.6,15.7,310.5,91.2
2026-05-31T07:05:37Z,119.6,15.7,310.6,91.2
2026-05-31T07:07:40Z,119.6,15.7,310.6,91.2
2026-05-31T07:09:42Z,119.6,15.7,310.5,91.2
2026-05-31T07:11:45Z,119.6,15.7,310.4,91.2
2026-05-31T07:13:47Z,119.6,15.7,310.4,91.2
2026-05-31T07:15:50Z,119.6,15.7,310.4,91.2
2026-05-31T07:17:53Z,119.6,15.7,310.3,91.2
2026-05-31T07:19:55Z,119.4,15.8,310.1,91.2
2026-05-31T07:21:58Z,119.4,15.8,309.5,91.3
2026-05-31T07:24:01Z,119.4,15.8,309.5,91.3
2026-05-31T07:26:03Z,119.4,15.8,309.3,91.3
2026-05-31T07:28:06Z,119.4,15.9,309.3,91.3
2026-05-31T07:30:09Z,119.4,15.9,309.5,91.3
2026-05-31T07:32:11Z,119.4,15.9,309.3,91.3
2026-05-31T07:34:14Z,119.2,16.0,308.7,91.3
2026-05-31T07:36:16Z,119.2,16.0,308.7,91.3
2026-05-31T07:38:19Z,119.2,16.0,308.6,91.3
2026-05-31T07:40:21Z,119.2,16.0,308.6,91.3
2026-05-31T07:42:24Z,119.2,16.0,308.6,91.3
2026-05-31T07:44:27Z,119.2,16.0,308.5,91.3
2026-05-31T07:46:29Z,119.2,16.0,308.6,91.3
2026-05-31T07:48:32Z,119.2,16.0,308.4,91.3
2026-05-31T07:50:34Z,119.1,16.0,308.2,91.3
2026-05-31T07:52:37Z,119.1,16.0,308.2,91.3
2026-05-31T07:54:40Z,119.1,16.0,308.1,91.3
2026-05-31T07:56:42Z,119.0,16.1,307.3,91.3
2026-05-31T07:58:45Z,119.0,16.1,307.0,91.3
2026-05-31T08:00:47Z,119.0,16.1,307.2,91.3
2026-05-31T08:02:50Z,119.0,16.1,306.8,91.3
2026-05-31T08:04:53Z,119.0,16.1,306.6,91.3
2026-05-31T08:06:55Z,119.0,16.1,306.4,91.3
2026-05-31T08:08:58Z,119.0,16.1,306.5,91.3
2026-05-31T08:11:00Z,119.0,16.1,306.1,91.4
2026-05-31T08:13:03Z,119.0,16.1,306.1,91.4
2026-05-31T08:15:05Z,119.0,16.1,306.0,91.4
2026-05-31T08:17:08Z,119.0,16.1,306.2,91.4
2026-05-31T08:19:46Z,120.6,15.0,304.4,91.4
2026-05-31T08:21:49Z,120.6,15.0,303.9,91.4
2026-05-31T08:24:10Z,120.6,15.0,303.9,91.4
2026-05-31T08:26:32Z,120.6,15.0,303.9,91.4
2026-05-31T08:28:52Z,120.5,15.0,303.8,91.4
2026-05-31T08:31:13Z,120.5,15.0,303.6,91.4
2026-05-31T08:33:34Z,120.2,15.3,302.5,91.5
2026-05-31T08:35:38Z,120.0,15.4,301.2,91.5
2026-05-31T08:37:40Z,120.0,15.4,301.2,91.5
2026-05-31T08:39:43Z,120.0,15.4,300.9,91.5
2026-05-31T08:41:46Z,120.0,15.4,300.9,91.5
2026-05-31T08:43:48Z,119.9,15.4,300.8,91.5
2026-05-31T08:45:51Z,119.9,15.5,301.0,91.5
2026-05-31T08:47:54Z,119.9,15.5,300.9,91.5
2026-05-31T08:49:57Z,119.9,15.5,300.5,91.5
2026-05-31T08:51:59Z,119.9,15.5,300.4,91.5
2026-05-31T08:54:02Z,119.9,15.5,300.3,91.5
2026-05-31T08:56:04Z,119.9,15.5,300.5,91.5
2026-05-31T08:58:07Z,119.6,15.7,299.2,91.6
2026-05-31T09:00:10Z,119.6,15.7,299.2,91.6
2026-05-31T09:02:13Z,119.6,15.7,299.2,91.6
2026-05-31T09:04:15Z,119.5,15.7,299.2,91.6
2026-05-31T09:06:18Z,119.5,15.7,299.2,91.6
2026-05-31T09:08:20Z,119.5,15.7,299.2,91.6
2026-05-31T09:10:23Z,119.5,15.7,299.1,91.6
2026-05-31T09:12:25Z,119.5,15.7,299.1,91.6
2026-05-31T09:14:28Z,119.5,15.7,299.1,91.6
2026-05-31T09:16:31Z,119.5,15.8,299.1,91.6
2026-05-31T09:18:33Z,119.5,15.8,298.8,91.6
2026-05-31T09:20:36Z,119.3,15.9,298.2,91.6
2026-05-31T09:22:39Z,119.3,15.9,298.1,91.6
2026-05-31T09:24:41Z,119.3,15.9,298.0,91.6
2026-05-31T09:26:44Z,119.3,15.9,298.0,91.6
2026-05-31T09:28:47Z,119.3,15.9,298.0,91.6
2026-05-31T09:30:49Z,119.3,15.9,297.9,91.6
2026-05-31T09:32:52Z,119.3,15.9,298.0,91.6
2026-05-31T09:34:54Z,119.3,15.9,298.0,91.6
2026-05-31T09:36:57Z,119.3,15.9,297.9,91.6
2026-05-31T09:38:59Z,119.3,15.9,297.9,91.6
2026-05-31T09:41:02Z,119.3,15.9,297.7,91.6
2026-05-31T09:43:05Z,119.1,16.0,297.2,91.6
2026-05-31T09:45:07Z,119.1,16.0,297.1,91.6
2026-05-31T09:47:10Z,119.1,16.0,297.1,91.6
2026-05-31T09:49:12Z,119.1,16.0,297.0,91.6
2026-05-31T09:51:15Z,119.1,16.0,296.8,91.6
2026-05-31T09:53:17Z,119.1,16.0,296.8,91.6
2026-05-31T09:55:20Z,119.1,16.1,296.8,91.6
2026-05-31T09:57:23Z,119.1,16.1,296.7,91.6
2026-05-31T09:59:25Z,119.1,16.1,296.7,91.6
2026-05-31T10:01:28Z,119.1,16.1,296.7,91.6
2026-05-31T10:03:30Z,119.1,16.1,296.6,91.6
2026-05-31T10:05:33Z,118.9,16.2,296.0,91.6
2026-05-31T10:07:36Z,118.9,16.2,295.9,91.6
2026-05-31T10:09:38Z,118.9,16.2,295.4,91.7
2026-05-31T10:11:41Z,118.9,16.2,295.3,91.7
2026-05-31T10:13:43Z,118.9,16.2,295.0,91.7
2026-05-31T10:15:46Z,118.9,16.2,294.8,91.7
2026-05-31T10:17:49Z,118.9,16.2,294.9,91.7
2026-05-31T10:19:51Z,118.9,16.2,294.5,91.7
2026-05-31T10:21:54Z,118.9,16.2,294.2,91.7
2026-05-31T10:23:56Z,118.9,16.2,294.4,91.7
2026-05-31T10:25:59Z,118.9,16.2,294.2,91.7
2026-05-31T10:28:02Z,118.9,16.2,294.4,91.7
2026-05-31T10:30:42Z,120.7,14.9,292.9,91.7
2026-05-31T10:32:45Z,120.5,15.0,292.3,91.7
2026-05-31T10:35:07Z,120.5,15.0,292.3,91.7
2026-05-31T10:37:28Z,120.5,15.0,292.3,91.7
2026-05-31T10:39:49Z,120.5,15.0,292.1,91.8
2026-05-31T10:42:11Z,120.5,15.1,292.1,91.8
2026-05-31T10:44:32Z,120.2,15.3,291.2,91.8
2026-05-31T10:46:35Z,119.9,15.4,290.0,91.8
2026-05-31T10:48:38Z,119.9,15.5,289.6,91.8
2026-05-31T10:50:40Z,119.9,15.5,288.9,91.8
2026-05-31T10:52:43Z,119.9,15.5,289.0,91.8
2026-05-31T10:54:46Z,119.9,15.5,288.9,91.8
2026-05-31T10:56:48Z,119.9,15.5,288.9,91.8
2026-05-31T10:58:52Z,119.9,15.5,289.2,91.8
2026-05-31T11:00:54Z,119.9,15.5,289.0,91.8
2026-05-31T11:02:57Z,119.9,15.5,289.0,91.8
2026-05-31T11:04:59Z,119.9,15.5,288.9,91.8
2026-05-31T11:07:02Z,119.9,15.5,288.8,91.8
2026-05-31T11:09:04Z,119.9,15.5,288.9,91.8
2026-05-31T11:11:07Z,119.5,15.8,288.0,91.9
2026-05-31T11:13:10Z,119.5,15.8,287.8,91.9
2026-05-31T11:15:12Z,119.5,15.7,287.9,91.9
2026-05-31T11:17:15Z,119.5,15.8,287.8,91.9
2026-05-31T11:19:18Z,119.5,15.8,287.8,91.9
2026-05-31T11:21:20Z,119.5,15.8,287.5,91.9
2026-05-31T11:23:23Z,119.5,15.8,287.6,91.9
2026-05-31T11:25:25Z,119.5,15.8,287.6,91.9
2026-05-31T11:27:28Z,119.5,15.8,287.4,91.9
2026-05-31T11:29:30Z,119.5,15.8,287.4,91.9
2026-05-31T11:31:33Z,119.5,15.8,287.3,91.9
2026-05-31T11:33:36Z,119.3,15.9,286.8,91.9
2026-05-31T11:35:39Z,119.3,15.9,286.8,91.9
2026-05-31T11:37:41Z,119.3,15.9,286.7,91.9
2026-05-31T11:39:44Z,119.3,15.9,286.6,91.9
2026-05-31T11:41:46Z,119.3,15.9,286.5,91.9
2026-05-31T11:43:49Z,119.3,15.9,286.5,91.9
2026-05-31T11:45:51Z,119.3,15.9,286.5,91.9
2026-05-31T11:47:54Z,119.3,15.9,286.4,91.9
2026-05-31T11:49:57Z,119.2,15.9,286.5,91.9
2026-05-31T11:51:59Z,119.2,15.9,286.2,91.9
2026-05-31T11:54:02Z,119.2,15.9,286.2,91.9
2026-05-31T11:56:04Z,119.2,15.9,286.1,91.9
2026-05-31T11:58:07Z,119.1,16.1,285.5,91.9
2026-05-31T12:00:10Z,119.1,16.1,285.5,91.9
2026-05-31T12:02:12Z,119.1,16.1,285.5,91.9
2026-05-31T12:04:15Z,119.1,16.1,285.5,91.9
2026-05-31T12:06:17Z,119.1,16.1,285.5,91.9
2026-05-31T12:08:20Z,119.1,16.1,285.4,91.9
2026-05-31T12:10:23Z,119.0,16.1,285.2,91.9
2026-05-31T12:12:25Z,119.0,16.1,285.3,91.9
2026-05-31T12:14:28Z,119.0,16.1,285.3,91.9
2026-05-31T12:16:30Z,119.0,16.1,285.3,91.9
2026-05-31T12:18:33Z,119.0,16.1,285.2,91.9
2026-05-31T12:20:35Z,118.9,16.2,284.6,92.0
2026-05-31T12:22:38Z,118.9,16.2,284.3,92.0
2026-05-31T12:24:41Z,118.9,16.2,283.8,92.0
2026-05-31T12:26:43Z,118.9,16.2,283.7,92.0
2026-05-31T12:28:46Z,118.9,16.2,283.5,92.0
2026-05-31T12:30:48Z,118.9,16.2,283.1,92.0
2026-05-31T12:32:51Z,118.9,16.2,283.2,92.0
2026-05-31T12:34:53Z,118.9,16.2,283.1,92.0
2026-05-31T12:36:56Z,118.9,16.2,282.9,92.0
2026-05-31T12:38:59Z,118.9,16.2,282.9,92.0
2026-05-31T12:41:01Z,118.9,16.2,282.7,92.0
2026-05-31T12:43:04Z,118.9,16.2,282.9,92.0
2026-05-31T12:45:06Z,118.9,16.2,282.9,92.0
2026-05-31T12:47:46Z,121.0,14.7,282.0,92.0
2026-05-31T12:49:49Z,120.7,14.9,280.8,92.1
2026-05-31T12:51:52Z,120.3,15.2,279.2,92.1
2026-05-31T12:53:54Z,119.8,15.6,278.2,92.1
2026-05-31T12:55:57Z,119.4,15.8,276.3,92.2
2026-05-31T12:58:00Z,119.2,16.0,276.1,92.2
2026-05-31T13:00:03Z,119.2,16.0,276.1,92.2
2026-05-31T13:02:06Z,119.2,16.0,275.8,92.2
2026-05-31T13:04:09Z,119.1,16.0,275.5,92.2
2026-05-31T13:06:12Z,119.1,16.0,274.9,92.2
2026-05-31T13:08:15Z,119.1,16.0,275.5,92.2
2026-05-31T13:10:18Z,119.1,16.1,275.0,92.2
2026-05-31T13:12:20Z,119.1,16.1,275.2,92.2
2026-05-31T13:14:23Z,119.1,16.1,275.6,92.2
2026-05-31T13:16:26Z,119.0,16.1,275.3,92.2
2026-05-31T13:18:28Z,119.0,16.1,275.4,92.2
2026-05-31T13:20:32Z,119.0,16.1,274.9,92.2
2026-05-31T13:22:34Z,119.0,16.1,274.9,92.2
2026-05-31T13:24:37Z,119.0,16.1,275.3,92.2
2026-05-31T13:26:39Z,119.0,16.1,274.7,92.2
2026-05-31T13:28:42Z,119.0,16.1,274.4,92.3
2026-05-31T13:30:45Z,118.9,16.2,274.2,92.3
2026-05-31T13:32:47Z,118.9,16.2,272.4,92.3
2026-05-31T13:34:51Z,118.9,16.2,274.2,92.3
2026-05-31T13:36:53Z,118.9,16.2,274.5,92.3
2026-05-31T13:38:56Z,118.9,16.2,274.0,92.3
2026-05-31T13:40:58Z,118.9,16.2,274.0,92.3
2026-05-31T13:43:01Z,118.9,16.2,273.9,92.3
2026-05-31T13:45:04Z,118.9,16.2,274.1,92.3
2026-05-31T13:47:06Z,118.8,16.2,274.1,92.3
2026-05-31T13:49:10Z,118.8,16.2,273.8,92.3
2026-05-31T13:51:12Z,118.8,16.2,274.0,92.3
2026-05-31T13:53:15Z,118.8,16.2,273.0,92.3
2026-05-31T13:55:18Z,118.8,16.2,271.3,92.3
2026-05-31T13:57:20Z,118.8,16.2,273.3,92.3
2026-05-31T13:59:23Z,118.8,16.3,272.2,92.3
2026-05-31T14:01:26Z,118.8,16.3,272.7,92.3
2026-05-31T14:03:29Z,118.8,16.3,272.9,92.3
2026-05-31T14:05:31Z,118.8,16.3,272.5,92.3
2026-05-31T14:07:34Z,118.7,16.3,272.8,92.3
2026-05-31T14:09:37Z,118.7,16.3,272.1,92.3
2026-05-31T14:11:39Z,118.7,16.3,272.6,92.3
2026-05-31T14:13:42Z,118.7,16.3,272.9,92.3
2026-05-31T14:15:45Z,118.7,16.3,272.4,92.3
2026-05-31T14:17:47Z,118.7,16.3,271.8,92.3
2026-05-31T14:19:50Z,118.7,16.3,272.2,92.3
2026-05-31T14:21:53Z,118.7,16.3,271.9,92.3
2026-05-31T14:23:56Z,118.7,16.4,271.8,92.3
2026-05-31T14:25:58Z,118.7,16.4,271.3,92.3
2026-05-31T14:28:01Z,118.7,16.4,270.3,92.4
2026-05-31T14:30:03Z,118.6,16.4,271.1,92.3
2026-05-31T14:32:07Z,118.6,16.4,270.8,92.4
2026-05-31T14:34:09Z,118.6,16.4,271.1,92.3
2026-05-31T14:36:12Z,118.6,16.4,271.0,92.4
2026-05-31T14:38:15Z,118.6,16.4,270.5,92.4
2026-05-31T14:40:17Z,118.6,16.4,270.7,92.4
2026-05-31T14:42:20Z,118.6,16.4,270.6,92.4
2026-05-31T14:44:23Z,118.6,16.4,270.2,92.4
2026-05-31T14:46:26Z,118.6,16.4,269.9,92.4
2026-05-31T14:48:29Z,118.6,16.4,270.3,92.4
2026-05-31T14:51:08Z,120.8,14.8,269.1,92.4
2026-05-31T14:53:12Z,120.5,15.1,268.4,92.4
2026-05-31T14:55:14Z,120.5,15.1,267.7,92.4
2026-05-31T14:57:17Z,120.5,15.1,267.4,92.4
2026-05-31T14:59:19Z,120.5,15.1,267.7,92.4
2026-05-31T15:01:22Z,120.4,15.1,267.3,92.5
2026-05-31T15:03:25Z,120.4,15.1,267.4,92.5
2026-05-31T15:05:27Z,120.4,15.1,267.5,92.4
2026-05-31T15:07:30Z,120.3,15.2,266.6,92.5
2026-05-31T15:09:33Z,120.2,15.2,266.1,92.5
2026-05-31T15:11:35Z,120.2,15.2,266.4,92.5
2026-05-31T15:13:38Z,120.2,15.2,266.6,92.5
2026-05-31T15:15:40Z,120.2,15.3,266.3,92.5
2026-05-31T15:17:43Z,120.2,15.3,266.4,92.5
2026-05-31T15:19:46Z,120.0,15.4,265.7,92.5
2026-05-31T15:21:49Z,120.0,15.4,265.6,92.5
2026-05-31T15:23:52Z,120.0,15.4,265.3,92.5
2026-05-31T15:25:55Z,120.0,15.4,265.3,92.5
2026-05-31T15:27:58Z,120.0,15.4,265.3,92.5
2026-05-31T15:30:00Z,120.0,15.4,265.2,92.5
2026-05-31T15:32:03Z,120.0,15.4,265.2,92.5
2026-05-31T15:34:05Z,119.7,15.6,264.1,92.5
2026-05-31T15:36:09Z,119.7,15.6,263.6,92.6
2026-05-31T15:38:11Z,119.7,15.7,263.9,92.6
2026-05-31T15:40:14Z,119.7,15.7,263.3,92.6
2026-05-31T15:42:17Z,119.7,15.7,263.8,92.6
2026-05-31T15:44:19Z,119.7,15.7,263.4,92.6
2026-05-31T15:46:22Z,119.6,15.7,263.5,92.6
2026-05-31T15:48:25Z,119.6,15.7,263.3,92.6
2026-05-31T15:50:28Z,119.6,15.7,263.5,92.6
2026-05-31T15:52:30Z,119.6,15.7,263.2,92.6
2026-05-31T15:55:08Z,120.8,14.8,261.4,92.6
2026-05-31T15:57:11Z,120.6,15.0,260.9,92.6
2026-05-31T15:59:14Z,120.4,15.1,260.2,92.7
2026-05-31T16:01:17Z,120.4,15.1,259.8,92.7
2026-05-31T16:03:19Z,120.4,15.1,260.0,92.7
2026-05-31T16:05:22Z,120.4,15.1,259.7,92.7
2026-05-31T16:07:24Z,120.4,15.1,260.0,92.7
2026-05-31T16:09:27Z,120.4,15.1,259.7,92.7
2026-05-31T16:11:29Z,120.2,15.2,258.6,92.7
2026-05-31T16:13:32Z,120.1,15.4,258.8,92.7
2026-05-31T16:15:36Z,120.0,15.4,258.3,92.7
2026-05-31T16:17:39Z,120.0,15.4,258.3,92.7
2026-05-31T16:20:16Z,120.8,14.8,257.2,92.7
2026-05-31T16:22:19Z,120.6,15.0,256.6,92.8
2026-05-31T16:24:22Z,120.4,15.1,255.8,92.8
2026-05-31T16:26:24Z,120.4,15.1,255.5,92.8
2026-05-31T16:28:27Z,120.4,15.1,255.7,92.8
2026-05-31T16:30:29Z,120.4,15.1,255.0,92.8
2026-05-31T16:32:32Z,120.4,15.1,255.3,92.8
2026-05-31T16:34:34Z,120.4,15.1,255.5,92.8
2026-05-31T16:36:37Z,120.4,15.1,254.9,92.8
2026-05-31T16:38:40Z,120.2,15.3,254.5,92.8
2026-05-31T16:40:44Z,120.0,15.4,253.9,92.8
2026-05-31T16:42:46Z,120.0,15.4,253.8,92.8
2026-05-31T16:44:49Z,120.0,15.4,253.9,92.8
2026-05-31T16:46:51Z,120.0,15.4,253.8,92.8
2026-05-31T16:48:54Z,120.0,15.4,253.7,92.8
2026-05-31T16:50:56Z,120.0,15.4,253.7,92.8
2026-05-31T16:52:59Z,120.0,15.4,253.7,92.8
2026-05-31T16:55:01Z,120.0,15.4,253.4,92.8
2026-05-31T16:57:05Z,119.8,15.5,252.6,92.9
2026-05-31T16:59:07Z,119.8,15.5,252.8,92.9
2026-05-31T17:01:10Z,119.8,15.5,252.4,92.9
2026-05-31T17:03:13Z,119.8,15.5,252.4,92.9
2026-05-31T17:05:16Z,119.8,15.5,252.3,92.9
2026-05-31T17:07:18Z,119.8,15.5,252.5,92.9
2026-05-31T17:09:21Z,119.6,15.7,251.7,92.9
2026-05-31T17:11:24Z,119.4,15.8,251.3,92.9
2026-05-31T17:13:27Z,119.4,15.8,251.3,92.9
2026-05-31T17:16:06Z,120.8,14.8,250.5,92.9
2026-05-31T17:18:10Z,120.6,15.0,249.7,93.0
2026-05-31T17:20:12Z,120.4,15.1,249.1,93.0
2026-05-31T17:22:15Z,120.4,15.1,248.8,93.0
2026-05-31T17:24:17Z,120.4,15.1,248.7,93.0
2026-05-31T17:26:20Z,120.4,15.1,248.3,93.0
2026-05-31T17:28:22Z,120.4,15.1,248.5,93.0
2026-05-31T17:30:25Z,120.4,15.1,248.8,93.0
2026-05-31T17:32:27Z,120.4,15.1,248.2,93.0
2026-05-31T17:34:31Z,120.2,15.3,247.6,93.0
2026-05-31T17:36:34Z,120.0,15.4,247.1,93.0
2026-05-31T17:38:36Z,119.8,15.5,246.6,93.0
2026-05-31T17:40:39Z,119.8,15.5,246.6,93.0
2026-05-31T17:42:41Z,119.8,15.5,246.4,93.0
2026-05-31T17:44:44Z,119.8,15.5,246.3,93.0
2026-05-31T17:46:47Z,119.8,15.5,246.4,93.0
2026-05-31T17:48:49Z,119.8,15.5,246.5,93.0
2026-05-31T17:50:52Z,119.4,15.8,245.1,93.1
2026-05-31T17:52:55Z,119.4,15.8,245.3,93.1
2026-05-31T17:54:58Z,119.4,15.8,245.1,93.1
2026-05-31T17:57:36Z,120.8,14.9,244.0,93.1
2026-05-31T17:59:38Z,120.4,15.1,242.8,93.1
2026-05-31T18:01:41Z,119.8,15.5,240.9,93.2
2026-05-31T18:03:44Z,119.8,15.5,241.1,93.2
2026-05-31T18:05:47Z,119.8,15.5,240.7,93.2
2026-05-31T18:07:49Z,119.8,15.5,240.9,93.2
2026-05-31T18:09:52Z,119.8,15.5,240.3,93.2
2026-05-31T18:11:54Z,119.8,15.5,240.7,93.2
2026-05-31T18:13:57Z,119.8,15.5,240.7,93.2
2026-05-31T18:16:00Z,119.4,15.8,239.0,93.3
2026-05-31T18:18:03Z,119.4,15.8,239.5,93.2
2026-05-31T18:20:07Z,119.4,15.8,239.2,93.2
2026-05-31T18:22:09Z,119.4,15.8,239.3,93.2
2026-05-31T18:24:12Z,119.4,15.8,238.9,93.3
2026-05-31T18:26:14Z,119.4,15.8,239.0,93.3
2026-05-31T18:28:17Z,119.4,15.8,239.1,93.3
2026-05-31T18:30:20Z,119.3,15.9,238.1,93.3
2026-05-31T18:32:23Z,119.2,16.0,238.1,93.3
2026-05-31T18:34:26Z,119.2,16.0,238.1,93.3
2026-05-31T18:37:06Z,120.7,14.9,237.0,93.3
2026-05-31T18:39:10Z,120.5,15.0,236.4,93.3
2026-05-31T18:41:12Z,120.3,15.2,235.7,93.3
2026-05-31T18:43:15Z,120.4,15.2,235.4,93.4
2026-05-31T18:45:18Z,120.3,15.2,235.5,93.4
2026-05-31T18:47:20Z,120.3,15.2,235.9,93.3
2026-05-31T18:49:23Z,120.3,15.2,235.3,93.4
2026-05-31T18:51:25Z,120.3,15.2,235.5,93.4
2026-05-31T18:53:28Z,120.3,15.2,235.2,93.4
2026-05-31T18:55:30Z,120.1,15.3,233.1,93.4
2026-05-31T18:57:34Z,120.1,15.3,234.1,93.4
2026-05-31T18:59:37Z,119.8,15.6,233.3,93.4
2026-05-31T19:01:39Z,119.8,15.6,232.8,93.4
2026-05-31T19:03:42Z,119.8,15.6,232.9,93.4
2026-05-31T19:05:44Z,119.8,15.6,232.8,93.4
2026-05-31T19:07:47Z,119.8,15.6,232.7,93.4
2026-05-31T19:09:50Z,119.8,15.6,232.6,93.4
2026-05-31T19:11:52Z,119.7,15.6,232.6,93.4
2026-05-31T19:13:55Z,119.4,15.8,231.3,93.5
2026-05-31T19:15:58Z,119.4,15.8,231.4,93.5
2026-05-31T19:18:00Z,119.4,15.8,231.4,93.5
2026-05-31T19:20:03Z,119.4,15.8,231.2,93.5
2026-05-31T19:22:06Z,119.4,15.9,231.2,93.5
2026-05-31T19:24:08Z,119.4,15.9,231.2,93.5
2026-05-31T19:26:11Z,119.4,15.9,231.0,93.5
2026-05-31T19:28:13Z,119.2,16.0,230.7,93.5
2026-05-31T19:30:16Z,119.2,16.0,229.9,93.5
2026-05-31T19:32:19Z,119.2,16.0,230.0,93.5
2026-05-31T19:34:22Z,119.2,16.0,229.7,93.5
2026-05-31T19:36:25Z,119.2,16.0,230.0,93.5
2026-05-31T19:38:27Z,119.2,16.0,229.6,93.5
2026-05-31T19:40:30Z,119.2,16.0,229.9,93.5
2026-05-31T19:42:32Z,119.2,16.0,229.6,93.5
2026-05-31T19:44:35Z,119.2,16.0,229.0,93.5
2026-05-31T19:46:38Z,119.2,16.0,228.9,93.5
2026-05-31T19:48:41Z,119.2,16.0,228.9,93.5
2026-05-31T19:50:43Z,119.1,16.0,228.8,93.5
2026-05-31T19:52:46Z,119.1,16.0,228.8,93.5
2026-05-31T19:54:48Z,119.2,16.0,228.9,93.5
2026-05-31T19:56:51Z,119.1,16.0,228.6,93.5
2026-05-31T19:58:54Z,118.9,16.2,227.8,93.6
2026-05-31T20:00:58Z,118.9,16.2,227.3,93.6
2026-05-31T20:03:00Z,118.9,16.2,226.7,93.6
2026-05-31T20:05:03Z,118.9,16.2,227.4,93.6
2026-05-31T20:07:05Z,118.9,16.2,227.6,93.6
2026-05-31T20:09:08Z,118.9,16.2,227.2,93.6
2026-05-31T20:11:11Z,118.9,16.2,226.9,93.6
2026-05-31T20:13:14Z,118.9,16.2,227.2,93.6
2026-05-31T20:15:16Z,118.8,16.3,226.8,93.6
2026-05-31T20:17:20Z,118.7,16.3,226.3,93.6
2026-05-31T20:19:22Z,118.7,16.3,226.3,93.6
2026-05-31T20:21:25Z,118.7,16.3,226.1,93.6
2026-05-31T20:23:27Z,118.7,16.3,226.1,93.6
2026-05-31T20:25:30Z,118.7,16.3,226.0,93.6
2026-05-31T20:27:32Z,118.7,16.3,225.8,93.6
2026-05-31T20:29:35Z,118.7,16.3,225.4,93.6
2026-05-31T20:31:38Z,118.7,16.3,225.3,93.6
2026-05-31T20:33:41Z,118.7,16.3,225.5,93.6
2026-05-31T20:35:44Z,118.7,16.3,225.8,93.6
2026-05-31T20:37:47Z,118.7,16.3,225.4,93.6
2026-05-31T20:39:49Z,118.7,16.3,225.7,93.6
2026-05-31T20:41:52Z,118.7,16.3,225.2,93.6
2026-05-31T20:43:54Z,118.7,16.4,225.5,93.6
2026-05-31T20:45:57Z,118.6,16.4,224.9,93.7
2026-05-31T20:48:00Z,118.6,16.4,225.3,93.6
2026-05-31T20:50:03Z,118.6,16.4,225.2,93.6
2026-05-31T20:52:05Z,118.6,16.4,225.2,93.6
2026-05-31T20:54:08Z,118.6,16.4,225.2,93.6
2026-05-31T20:56:11Z,118.6,16.4,225.3,93.6
2026-05-31T20:58:13Z,118.6,16.4,225.1,93.6
2026-05-31T21:00:16Z,118.6,16.4,224.7,93.7
2026-05-31T21:02:19Z,118.6,16.4,223.9,93.7
2026-05-31T21:04:21Z,118.6,16.4,224.4,93.7
2026-05-31T21:06:24Z,118.6,16.4,224.0,93.7
2026-05-31T21:08:27Z,118.6,16.4,223.5,93.7
2026-05-31T21:10:29Z,118.6,16.4,223.9,93.7
2026-05-31T21:12:32Z,118.6,16.4,223.9,93.7
2026-05-31T21:14:34Z,118.6,16.4,223.7,93.7
2026-05-31T21:16:38Z,118.6,16.4,223.8,93.7
2026-05-31T21:18:41Z,118.6,16.4,223.5,93.7
2026-05-31T21:20:43Z,118.6,16.4,223.7,93.7
2026-05-31T21:22:46Z,118.6,16.4,223.8,93.7
2026-05-31T21:24:49Z,118.6,16.4,223.5,93.7
2026-05-31T21:26:51Z,118.6,16.4,223.5,93.7
2026-05-31T21:28:54Z,118.6,16.4,223.2,93.7
2026-05-31T21:30:56Z,118.6,16.4,223.3,93.7
2026-05-31T21:32:59Z,118.5,16.5,223.3,93.7
2026-05-31T21:35:03Z,118.5,16.4,223.4,93.7
2026-05-31T21:37:44Z,120.7,14.9,222.2,93.7
2026-05-31T21:39:48Z,120.5,15.0,221.5,93.7
2026-05-31T21:41:50Z,120.3,15.2,221.0,93.8
2026-05-31T21:43:53Z,120.3,15.2,220.8,93.8
2026-05-31T21:45:56Z,120.3,15.2,220.8,93.8
2026-05-31T21:47:58Z,120.3,15.2,220.5,93.8
2026-05-31T21:50:01Z,120.3,15.2,220.9,93.8
2026-05-31T21:52:03Z,120.3,15.2,220.6,93.8
2026-05-31T21:54:06Z,120.3,15.2,220.8,93.8
2026-05-31T21:56:08Z,120.1,15.3,220.2,93.8
2026-05-31T21:58:11Z,119.9,15.5,219.2,93.8
2026-05-31T22:00:15Z,119.9,15.5,219.1,93.8
2026-05-31T22:02:18Z,119.9,15.5,219.2,93.8
2026-05-31T22:04:54Z,120.7,14.9,218.1,93.8
2026-05-31T22:06:58Z,120.5,15.1,217.5,93.9
2026-05-31T22:09:00Z,120.3,15.2,216.9,93.9
2026-05-31T22:11:03Z,120.3,15.2,216.6,93.9
2026-05-31T22:13:05Z,120.3,15.2,216.8,93.9
2026-05-31T22:15:08Z,120.3,15.2,216.5,93.9
2026-05-31T22:17:11Z,120.3,15.2,216.7,93.9
2026-05-31T22:19:13Z,120.3,15.2,216.5,93.9
2026-05-31T22:21:16Z,120.2,15.2,216.3,93.9
2026-05-31T22:23:18Z,120.1,15.3,216.3,93.9
2026-05-31T22:25:21Z,120.1,15.4,215.5,93.9
2026-05-31T22:27:25Z,119.9,15.5,214.8,93.9
2026-05-31T22:29:27Z,119.7,15.6,214.1,94.0
2026-05-31T22:31:30Z,119.7,15.6,214.1,94.0
2026-05-31T22:33:32Z,119.7,15.6,214.2,94.0
2026-05-31T22:35:35Z,119.7,15.6,214.1,94.0
2026-05-31T22:37:37Z,119.7,15.6,214.0,94.0
2026-05-31T22:39:40Z,119.7,15.6,214.0,94.0
2026-05-31T22:41:42Z,119.7,15.6,213.9,94.0
2026-05-31T22:43:45Z,119.7,15.6,213.6,94.0
2026-05-31T22:45:48Z,119.7,15.6,213.5,94.0
2026-05-31T22:47:51Z,119.7,15.6,213.0,94.0
2026-05-31T22:49:53Z,119.7,15.7,212.0,94.0
2026-05-31T22:51:56Z,119.7,15.7,213.1,94.0
2026-05-31T22:53:59Z,119.6,15.7,212.7,94.0
2026-05-31T22:56:01Z,119.6,15.7,213.0,94.0
2026-05-31T22:58:04Z,119.6,15.7,212.6,94.0
2026-05-31T23:00:07Z,119.6,15.7,212.7,94.0
2026-05-31T23:02:10Z,119.6,15.7,212.8,94.0
2026-05-31T23:04:13Z,119.6,15.7,212.4,94.0
2026-05-31T23:06:15Z,119.6,15.7,212.0,94.0
2026-05-31T23:08:18Z,119.6,15.7,212.5,94.0
2026-05-31T23:10:20Z,119.6,15.7,212.1,94.0
2026-05-31T23:12:23Z,119.6,15.7,212.3,94.0
2026-05-31T23:14:25Z,119.6,15.7,212.4,94.0
2026-05-31T23:16:28Z,119.6,15.7,212.1,94.0
2026-05-31T23:18:31Z,119.6,15.7,212.4,94.0
2026-05-31T23:20:34Z,119.4,15.8,211.8,94.0
2026-05-31T23:22:37Z,119.4,15.8,211.4,94.0
2026-05-31T23:24:40Z,119.4,15.8,211.6,94.0
2026-05-31T23:26:43Z,119.4,15.8,211.3,94.0
2026-05-31T23:28:45Z,119.4,15.8,211.4,94.0
2026-05-31T23:30:48Z,119.4,15.8,211.0,94.0
2026-05-31T23:32:50Z,119.4,15.8,211.3,94.0
2026-05-31T23:34:53Z,119.4,15.8,210.9,94.0
2026-05-31T23:36:56Z,119.4,15.8,211.1,94.0
2026-05-31T23:38:58Z,119.2,15.9,210.3,94.1
2026-05-31T23:41:01Z,119.1,16.1,210.0,94.1
2026-05-31T23:43:05Z,119.0,16.1,209.5,94.1
2026-05-31T23:45:07Z,119.0,16.1,209.4,94.1
2026-05-31T23:47:10Z,119.0,16.1,209.3,94.1
2026-05-31T23:49:12Z,119.0,16.1,209.0,94.1
2026-05-31T23:51:15Z,119.0,16.1,209.2,94.1
2026-05-31T23:53:18Z,119.0,16.1,209.5,94.1
2026-05-31T23:55:21Z,119.0,16.1,209.0,94.1
2026-05-31T23:57:23Z,119.0,16.1,209.3,94.1
2026-05-31T23:59:26Z,119.0,16.1,208.9,94.1
2026-06-01T00:01:30Z,119.0,16.1,208.9,94.1
2026-06-01T00:04:09Z,120.6,15.0,207.8,94.1
2026-06-01T00:06:11Z,120.1,15.3,206.7,94.2
2026-06-01T00:08:14Z,119.7,15.6,205.3,94.2
2026-06-01T00:10:17Z,119.7,15.6,205.0,94.2
2026-06-01T00:12:20Z,119.7,15.6,205.0,94.2
2026-06-01T00:14:22Z,119.7,15.6,204.6,94.2
2026-06-01T00:16:25Z,119.7,15.6,204.9,94.2
2026-06-01T00:18:27Z,119.7,15.6,204.6,94.2
2026-06-01T00:20:30Z,119.7,15.6,204.7,94.2
2026-06-01T00:22:32Z,119.5,15.7,203.9,94.2
2026-06-01T00:24:36Z,119.5,15.8,203.6,94.3
2026-06-01T00:26:39Z,119.5,15.8,203.9,94.2
2026-06-01T00:28:41Z,119.5,15.8,203.4,94.3
2026-06-01T00:30:44Z,119.5,15.8,202.8,94.3
2026-06-01T00:32:47Z,119.5,15.8,203.3,94.3
2026-06-01T00:34:49Z,119.5,15.8,203.0,94.3
2026-06-01T00:36:52Z,119.5,15.8,203.2,94.3
2026-06-01T00:38:54Z,119.5,15.8,202.7,94.3
2026-06-01T00:40:57Z,119.3,15.9,202.2,94.3
2026-06-01T00:43:01Z,119.3,15.9,202.0,94.3
2026-06-01T00:45:38Z,120.6,15.0,201.2,94.3
2026-06-01T00:47:42Z,120.4,15.1,200.4,94.3
2026-06-01T00:49:44Z,120.2,15.2,199.8,94.4
2026-06-01T00:51:47Z,120.2,15.2,199.7,94.4
2026-06-01T00:53:49Z,120.2,15.2,199.5,94.4
2026-06-01T00:55:52Z,120.2,15.3,199.6,94.4
2026-06-01T00:57:55Z,120.2,15.3,199.3,94.4
2026-06-01T00:59:57Z,120.2,15.3,199.2,94.4
2026-06-01T01:02:00Z,120.2,15.3,198.8,94.4
2026-06-01T01:04:02Z,120.2,15.3,198.8,94.4
2026-06-01T01:06:05Z,119.9,15.5,197.8,94.4
2026-06-01T01:08:08Z,119.5,15.8,196.5,94.5
2026-06-01T01:10:11Z,119.3,15.9,196.3,94.5
2026-06-01T01:12:14Z,119.3,15.9,196.0,94.5
2026-06-01T01:14:16Z,119.3,15.9,196.1,94.5
2026-06-01T01:16:19Z,119.3,15.9,196.1,94.5
2026-06-01T01:18:22Z,119.3,15.9,196.1,94.5
2026-06-01T01:20:24Z,119.3,15.9,196.0,94.5
2026-06-01T01:22:27Z,119.3,15.9,195.9,94.5
2026-06-01T01:24:29Z,119.3,15.9,195.8,94.5
2026-06-01T01:26:32Z,119.3,15.9,195.8,94.5
2026-06-01T01:28:34Z,119.1,16.1,194.8,94.5
2026-06-01T01:30:38Z,119.1,16.1,194.4,94.5
2026-06-01T01:32:40Z,119.1,16.1,194.4,94.5
2026-06-01T01:34:43Z,119.1,16.1,194.8,94.5
2026-06-01T01:36:46Z,119.1,16.1,194.4,94.5
2026-06-01T01:38:49Z,119.1,16.1,194.7,94.5
2026-06-01T01:40:51Z,119.1,16.1,193.8,94.5
2026-06-01T01:42:54Z,119.1,16.1,192.5,94.6
2026-06-01T01:45:32Z,120.7,14.9,193.5,94.5
2026-06-01T01:47:35Z,120.2,15.3,192.0,94.6
2026-06-01T01:49:38Z,119.7,15.6,190.5,94.6
2026-06-01T01:51:41Z,119.6,15.7,190.3,94.6
2026-06-01T01:53:44Z,119.7,15.7,190.0,94.6
2026-06-01T01:55:46Z,119.6,15.7,190.1,94.6
2026-06-01T01:57:49Z,119.6,15.7,189.7,94.6
2026-06-01T01:59:51Z,119.6,15.7,189.9,94.6
2026-06-01T02:01:54Z,119.6,15.7,189.5,94.6
2026-06-01T02:03:56Z,119.6,15.7,189.5,94.7
2026-06-01T02:06:00Z,119.5,15.8,189.1,94.7
2026-06-01T02:08:03Z,119.4,15.8,188.5,94.7
2026-06-01T02:10:05Z,119.4,15.8,188.8,94.7
2026-06-01T02:12:08Z,119.4,15.8,188.3,94.7
2026-06-01T02:14:10Z,119.4,15.8,188.6,94.7
2026-06-01T02:16:13Z,119.4,15.8,188.1,94.7
2026-06-01T02:18:16Z,119.4,15.8,188.5,94.7
2026-06-01T02:20:18Z,119.4,15.8,188.6,94.7
2026-06-01T02:22:21Z,119.4,15.8,188.3,94.7
2026-06-01T02:24:24Z,119.4,15.8,188.3,94.7
2026-06-01T02:26:26Z,119.4,15.8,188.3,94.7
2026-06-01T02:28:29Z,119.4,15.8,188.2,94.7
2026-06-01T02:30:32Z,119.4,15.8,187.9,94.7
2026-06-01T02:32:34Z,119.4,15.8,188.0,94.7
2026-06-01T02:34:37Z,119.4,15.8,188.0,94.7
2026-06-01T02:36:39Z,119.4,15.8,187.9,94.7
2026-06-01T02:38:42Z,119.4,15.8,188.0,94.7
2026-06-01T02:40:44Z,119.4,15.8,187.9,94.7
2026-06-01T02:42:48Z,119.2,16.0,187.1,94.7
2026-06-01T02:44:50Z,119.2,16.0,187.0,94.7
2026-06-01T02:46:53Z,119.2,16.0,186.7,94.7
2026-06-01T02:48:55Z,119.2,16.0,187.0,94.7
2026-06-01T02:50:59Z,119.2,16.0,185.9,94.8
2026-06-01T02:53:01Z,119.2,16.0,186.5,94.7
2026-06-01T02:55:04Z,119.2,16.0,186.2,94.7
2026-06-01T02:57:06Z,119.2,16.0,186.5,94.7
2026-06-01T02:59:10Z,119.1,16.0,186.4,94.7
2026-06-01T03:01:13Z,119.1,16.0,186.0,94.7
2026-06-01T03:03:51Z,120.6,15.0,184.9,94.8
2026-06-01T03:05:55Z,120.4,15.1,184.4,94.8
2026-06-01T03:07:57Z,120.2,15.3,183.8,94.8
2026-06-01T03:10:00Z,120.2,15.3,183.5,94.8
2026-06-01T03:12:03Z,120.2,15.3,183.5,94.8
2026-06-01T03:14:05Z,120.2,15.3,183.1,94.8
2026-06-01T03:16:08Z,120.2,15.3,183.4,94.8
2026-06-01T03:18:10Z,120.2,15.3,183.5,94.8
2026-06-01T03:20:13Z,120.2,15.3,183.2,94.8
2026-06-01T03:22:15Z,120.2,15.3,183.3,94.8
2026-06-01T03:24:18Z,120.0,15.4,182.0,94.9
2026-06-01T03:26:21Z,119.8,15.6,181.9,94.9
2026-06-01T03:28:24Z,119.8,15.6,182.2,94.9
2026-06-01T03:30:26Z,119.8,15.6,181.0,94.9
2026-06-01T03:32:29Z,119.8,15.6,181.5,94.9
2026-06-01T03:34:31Z,119.7,15.6,181.0,94.9
2026-06-01T03:36:34Z,119.7,15.6,181.3,94.9
2026-06-01T03:38:36Z,119.7,15.6,181.5,94.9
2026-06-01T03:40:40Z,119.6,15.7,181.0,94.9
2026-06-01T03:42:43Z,119.5,15.7,180.5,94.9
2026-06-01T03:44:46Z,119.6,15.7,180.6,94.9
2026-06-01T03:47:24Z,120.6,15.0,179.5,94.9
2026-06-01T03:49:27Z,120.4,15.2,178.9,94.9
2026-06-01T03:51:30Z,120.2,15.3,178.3,95.0
2026-06-01T03:53:32Z,120.2,15.3,177.8,95.0
2026-06-01T03:55:35Z,120.2,15.3,177.9,95.0
2026-06-01T03:57:37Z,120.2,15.3,177.6,95.0
2026-06-01T03:59:40Z,120.1,15.3,178.1,95.0
2026-06-01T04:01:42Z,120.1,15.3,177.5,95.0
2026-06-01T04:03:45Z,120.2,15.3,177.2,95.0
2026-06-01T04:05:47Z,120.1,15.3,177.6,95.0
2026-06-01T04:07:50Z,119.9,15.4,176.3,95.0
2026-06-01T04:09:53Z,119.9,15.5,176.6,95.0
2026-06-01T04:11:56Z,119.9,15.5,176.6,95.0
2026-06-01T04:13:58Z,119.9,15.5,176.4,95.0
2026-06-01T04:16:01Z,119.9,15.5,176.6,95.0
2026-06-01T04:18:03Z,119.9,15.5,176.2,95.0
2026-06-01T04:20:06Z,119.9,15.5,176.3,95.0
2026-06-01T04:22:08Z,119.9,15.5,176.5,95.0
2026-06-01T04:24:11Z,119.9,15.5,176.2,95.0
2026-06-01T04:26:14Z,119.7,15.6,175.3,95.1
2026-06-01T04:28:18Z,119.5,15.7,174.9,95.1
2026-06-01T04:30:21Z,119.5,15.7,174.8,95.1
2026-06-01T04:32:58Z,120.5,15.0,173.7,95.1
2026-06-01T04:35:02Z,120.4,15.2,173.1,95.1
2026-06-01T04:37:05Z,120.2,15.3,172.5,95.1
2026-06-01T04:39:07Z,120.2,15.3,172.5,95.1
2026-06-01T04:41:10Z,120.2,15.3,172.2,95.1
2026-06-01T04:43:12Z,120.1,15.3,172.3,95.1
2026-06-01T04:45:15Z,120.1,15.3,170.7,95.2
2026-06-01T04:47:17Z,120.1,15.3,171.8,95.2
2026-06-01T04:49:20Z,120.1,15.3,171.3,95.2
2026-06-01T04:51:23Z,120.1,15.3,171.6,95.2
2026-06-01T04:53:25Z,120.0,15.4,171.6,95.2
2026-06-01T04:55:28Z,119.9,15.5,170.7,95.2
2026-06-01T04:57:31Z,119.9,15.5,171.0,95.2
2026-06-01T04:59:34Z,119.9,15.5,170.6,95.2
2026-06-01T05:01:36Z,119.9,15.5,170.7,95.2
2026-06-01T05:03:39Z,119.9,15.5,170.0,95.2
2026-06-01T05:05:41Z,119.9,15.5,170.4,95.2
2026-06-01T05:07:44Z,119.9,15.5,170.7,95.2
2026-06-01T05:09:47Z,119.9,15.5,170.3,95.2
2026-06-01T05:11:50Z,119.5,15.7,169.5,95.2
2026-06-01T05:13:53Z,119.5,15.8,169.1,95.2
2026-06-01T05:15:56Z,119.5,15.8,169.1,95.2
2026-06-01T05:18:33Z,120.5,15.0,168.5,95.2
2026-06-01T05:20:36Z,120.3,15.2,167.5,95.3
2026-06-01T05:22:39Z,120.1,15.3,166.8,95.3
2026-06-01T05:24:42Z,120.1,15.3,166.8,95.3
2026-06-01T05:26:44Z,120.1,15.3,166.5,95.3
2026-06-01T05:28:47Z,120.1,15.3,166.7,95.3
2026-06-01T05:30:49Z,120.1,15.3,166.3,95.3
2026-06-01T05:32:52Z,120.1,15.3,166.1,95.3
2026-06-01T05:34:54Z,120.1,15.3,166.3,95.3
2026-06-01T05:36:57Z,120.1,15.4,166.0,95.3
2026-06-01T05:39:00Z,120.1,15.4,165.9,95.3
2026-06-01T05:41:03Z,119.7,15.6,164.8,95.3
2026-06-01T05:43:06Z,119.7,15.6,164.4,95.4
2026-06-01T05:45:09Z,119.7,15.6,164.5,95.4
2026-06-01T05:47:45Z,120.5,15.1,163.4,95.4
2026-06-01T05:49:49Z,120.2,15.3,162.2,95.4
2026-06-01T05:51:51Z,120.1,15.3,162.0,95.4
2026-06-01T05:53:54Z,120.1,15.3,161.0,95.5
2026-06-01T05:55:56Z,120.1,15.3,161.6,95.4
2026-06-01T05:57:59Z,120.1,15.4,161.9,95.4
2026-06-01T06:00:02Z,120.1,15.4,160.6,95.5
2026-06-01T06:02:04Z,120.1,15.4,161.2,95.4
2026-06-01T06:04:07Z,120.1,15.4,160.7,95.5
2026-06-01T06:06:09Z,120.1,15.4,160.8,95.5
2026-06-01T06:08:12Z,119.9,15.5,159.8,95.5
2026-06-01T06:10:15Z,119.9,15.5,159.4,95.5
2026-06-01T06:12:18Z,119.9,15.5,159.6,95.5
2026-06-01T06:14:20Z,119.9,15.5,159.8,95.5
2026-06-01T06:16:23Z,119.9,15.5,159.6,95.5
2026-06-01T06:18:25Z,119.9,15.5,159.7,95.5
2026-06-01T06:20:28Z,119.8,15.5,159.1,95.5
2026-06-01T06:22:30Z,119.8,15.5,159.4,95.5
2026-06-01T06:24:34Z,119.8,15.5,159.0,95.5
2026-06-01T06:26:37Z,119.8,15.5,159.0,95.5
2026-06-01T06:29:12Z,120.5,15.1,157.9,95.5
2026-06-01T06:31:16Z,120.3,15.2,157.2,95.6
2026-06-01T06:33:18Z,120.1,15.3,156.4,95.6
2026-06-01T06:35:21Z,120.1,15.4,156.0,95.6
2026-06-01T06:37:24Z,120.1,15.4,156.2,95.6
2026-06-01T06:39:26Z,120.1,15.4,156.0,95.6
2026-06-01T06:41:29Z,120.1,15.4,156.1,95.6
2026-06-01T06:43:31Z,120.0,15.4,156.3,95.6
2026-06-01T06:45:34Z,120.0,15.4,156.0,95.6
2026-06-01T06:47:37Z,120.0,15.4,156.1,95.6
2026-06-01T06:49:39Z,120.0,15.4,155.7,95.6
2026-06-01T06:51:42Z,119.9,15.5,155.2,95.6
2026-06-01T06:53:45Z,119.9,15.5,154.7,95.6
2026-06-01T06:55:47Z,119.8,15.5,155.0,95.6
2026-06-01T06:57:50Z,119.8,15.5,155.3,95.6
2026-06-01T06:59:53Z,119.8,15.5,155.0,95.6
2026-06-01T07:01:55Z,119.8,15.5,154.4,95.6
2026-06-01T07:03:58Z,119.8,15.5,154.5,95.6
2026-06-01T07:06:00Z,119.8,15.5,154.7,95.6
2026-06-01T07:08:04Z,119.8,15.5,154.4,95.6
2026-06-01T07:10:07Z,119.5,15.8,153.3,95.7
2026-06-01T07:12:23Z,120.5,15.1,152.4,95.7
2026-06-01T07:14:27Z,120.3,15.2,151.6,95.7
2026-06-01T07:16:30Z,120.1,15.3,151.0,95.7
2026-06-01T07:18:32Z,120.1,15.3,150.7,95.7
2026-06-01T07:20:35Z,120.1,15.4,150.8,95.7
2026-06-01T07:22:37Z,120.1,15.4,150.9,95.7
2026-06-01T07:24:40Z,120.1,15.4,150.6,95.7
2026-06-01T07:26:42Z,120.1,15.4,150.1,95.8
2026-06-01T07:28:45Z,120.1,15.4,149.2,95.8
2026-06-01T07:30:47Z,120.1,15.4,150.5,95.8
2026-06-01T07:32:50Z,119.9,15.5,149.4,95.8
2026-06-01T07:34:53Z,119.9,15.5,149.2,95.8
2026-06-01T07:36:56Z,119.9,15.5,148.7,95.8
2026-06-01T07:38:58Z,119.9,15.5,149.2,95.8
2026-06-01T07:41:01Z,119.9,15.5,149.3,95.8
2026-06-01T07:43:04Z,119.9,15.5,149.2,95.8
2026-06-01T07:45:06Z,119.8,15.5,148.8,95.8
2026-06-01T07:47:09Z,119.8,15.5,149.1,95.8
2026-06-01T07:49:12Z,119.8,15.5,148.7,95.8
2026-06-01T07:51:15Z,119.8,15.5,148.6,95.8
2026-06-01T07:53:50Z,120.5,15.1,147.5,95.8
2026-06-01T07:55:54Z,120.3,15.2,146.8,95.9
2026-06-01T07:57:56Z,120.1,15.4,146.2,95.9
2026-06-01T07:59:59Z,120.1,15.4,145.7,95.9
2026-06-01T08:02:01Z,120.1,15.4,145.9,95.9
2026-06-01T08:04:04Z,120.1,15.4,146.1,95.9
2026-06-01T08:06:06Z,120.1,15.4,145.5,95.9
2026-06-01T08:08:09Z,120.1,15.4,144.9,95.9
2026-06-01T08:10:11Z,120.1,15.4,145.3,95.9
2026-06-01T08:12:14Z,120.0,15.4,145.5,95.9
2026-06-01T08:14:17Z,119.9,15.5,144.2,95.9
2026-06-01T08:16:20Z,119.9,15.5,144.3,95.9
2026-06-01T08:18:22Z,119.9,15.5,143.8,95.9
2026-06-01T08:20:25Z,119.9,15.5,144.4,95.9
2026-06-01T08:22:28Z,119.9,15.5,144.2,95.9
2026-06-01T08:24:30Z,119.8,15.5,143.7,95.9
2026-06-01T08:26:33Z,119.8,15.5,143.8,95.9
2026-06-01T08:28:35Z,119.8,15.5,143.4,96.0
2026-06-01T08:30:39Z,119.8,15.5,143.9,95.9
2026-06-01T08:32:42Z,119.5,15.8,142.5,96.0
2026-06-01T08:34:45Z,119.4,15.8,142.5,96.0
2026-06-01T08:36:48Z,119.4,15.8,142.5,96.0
2026-06-01T08:39:24Z,120.5,15.1,141.3,96.0
2026-06-01T08:41:28Z,120.3,15.2,140.7,96.0
2026-06-01T08:43:31Z,120.1,15.4,140.0,96.0
2026-06-01T08:45:33Z,120.1,15.4,139.7,96.1
2026-06-01T08:47:36Z,120.1,15.4,139.9,96.1
2026-06-01T08:49:38Z,120.0,15.4,139.5,96.1
2026-06-01T08:51:41Z,120.0,15.4,140.0,96.0
2026-06-01T08:53:43Z,120.0,15.4,139.5,96.1
2026-06-01T08:55:46Z,120.0,15.4,139.6,96.1
2026-06-01T08:57:48Z,120.0,15.4,139.8,96.1
2026-06-01T08:59:51Z,120.0,15.4,139.5,96.1
2026-06-01T09:01:53Z,120.0,15.4,138.8,96.1
2026-06-01T09:03:56Z,120.0,15.4,139.4,96.1
2026-06-01T09:05:59Z,120.0,15.4,138.5,96.1
2026-06-01T09:08:02Z,119.5,15.8,137.1,96.1
2026-06-01T09:10:05Z,119.5,15.8,137.3,96.1
2026-06-01T09:12:08Z,119.5,15.8,137.0,96.1
2026-06-01T09:14:10Z,119.5,15.8,137.1,96.1
2026-06-01T09:16:13Z,119.5,15.8,137.0,96.1
2026-06-01T09:18:16Z,119.5,15.8,136.9,96.1
2026-06-01T09:20:18Z,119.4,15.8,136.5,96.1
2026-06-01T09:22:21Z,119.4,15.8,136.6,96.1
2026-06-01T09:24:24Z,119.4,15.8,136.3,96.2
2026-06-01T09:26:27Z,119.4,15.8,136.7,96.1
2026-06-01T09:29:04Z,120.4,15.1,135.7,96.2
2026-06-01T09:31:08Z,120.2,15.2,135.0,96.2
2026-06-01T09:33:11Z,120.0,15.4,134.4,96.2
2026-06-01T09:35:13Z,120.0,15.4,134.1,96.2
2026-06-01T09:37:16Z,120.0,15.4,133.5,96.2
2026-06-01T09:39:18Z,120.0,15.4,133.9,96.2
2026-06-01T09:41:21Z,120.0,15.4,133.7,96.2
2026-06-01T09:43:24Z,120.0,15.4,133.7,96.2
2026-06-01T09:45:26Z,120.0,15.4,133.4,96.2
2026-06-01T09:47:29Z,120.0,15.4,133.8,96.2
2026-06-01T09:49:31Z,120.0,15.4,133.5,96.2
2026-06-01T09:51:34Z,120.0,15.4,133.7,96.2
2026-06-01T09:53:36Z,119.8,15.5,132.7,96.3
2026-06-01T09:55:40Z,119.6,15.7,130.1,96.3
2026-06-01T09:57:43Z,119.5,15.8,129.5,96.3
2026-06-01T09:59:45Z,119.4,15.8,129.4,96.3
2026-06-01T10:01:48Z,119.4,15.8,129.3,96.3
2026-06-01T10:03:51Z,119.4,15.8,129.1,96.4
2026-06-01T10:05:53Z,119.4,15.8,129.1,96.4
2026-06-01T10:07:56Z,119.4,15.8,128.9,96.4
2026-06-01T10:09:58Z,119.4,15.8,129.0,96.4
2026-06-01T10:12:01Z,119.4,15.8,128.8,96.4
2026-06-01T10:14:03Z,119.4,15.8,128.7,96.4
2026-06-01T10:16:06Z,119.4,15.8,128.7,96.4
2026-06-01T10:18:09Z,119.1,16.1,127.4,96.4
2026-06-01T10:20:12Z,119.1,16.1,126.8,96.4
2026-06-01T10:22:14Z,119.1,16.1,127.1,96.4
2026-06-01T10:24:17Z,119.0,16.1,126.7,96.4
2026-06-01T10:26:20Z,119.0,16.1,125.2,96.5
2026-06-01T10:28:22Z,119.1,16.1,123.6,96.5
2026-06-01T10:30:25Z,119.0,16.1,126.5,96.4
2026-06-01T10:32:27Z,119.0,16.1,125.9,96.4
2026-06-01T10:34:30Z,119.0,16.1,126.2,96.4
2026-06-01T10:36:33Z,119.0,16.1,126.2,96.4
2026-06-01T10:38:36Z,119.0,16.1,125.6,96.5
2026-06-01T10:40:39Z,119.0,16.1,125.9,96.4
2026-06-01T10:43:17Z,120.6,15.0,125.1,96.5
2026-06-01T10:45:20Z,120.2,15.2,124.4,96.5
2026-06-01T10:47:22Z,119.9,15.5,122.7,96.5
2026-06-01T10:49:25Z,119.3,15.9,121.0,96.6
2026-06-01T10:51:28Z,119.3,15.9,121.0,96.6
2026-06-01T10:53:31Z,119.3,15.9,121.1,96.6
2026-06-01T10:55:33Z,119.3,15.9,120.7,96.6
2026-06-01T10:57:36Z,119.3,15.9,120.1,96.6
2026-06-01T10:59:39Z,119.3,15.9,120.6,96.6
2026-06-01T11:01:41Z,119.3,15.9,120.8,96.6
2026-06-01T11:03:44Z,119.3,15.9,120.3,96.6
2026-06-01T11:05:47Z,119.1,16.0,119.0,96.6
2026-06-01T11:07:51Z,119.1,16.1,119.6,96.6
2026-06-01T11:09:53Z,119.1,16.1,119.1,96.6
2026-06-01T11:11:56Z,119.1,16.1,119.1,96.6
2026-06-01T11:13:58Z,119.1,16.1,119.2,96.6
2026-06-01T11:16:01Z,119.1,16.1,118.9,96.6
2026-06-01T11:18:03Z,119.1,16.0,119.1,96.6
2026-06-01T11:20:06Z,119.1,16.1,118.6,96.7
2026-06-01T11:22:09Z,119.1,16.1,118.0,96.7
2026-06-01T11:24:48Z,120.6,15.0,117.3,96.7
2026-06-01T11:26:51Z,120.0,15.4,115.7,96.7
2026-06-01T11:28:53Z,119.5,15.8,113.8,96.8
2026-06-01T11:30:57Z,119.4,15.8,114.1,96.8
2026-06-01T11:32:59Z,119.5,15.8,113.7,96.8
2026-06-01T11:35:02Z,119.4,15.8,113.9,96.8
2026-06-01T11:37:04Z,119.4,15.8,113.9,96.8
2026-06-01T11:39:07Z,119.4,15.8,113.3,96.8
2026-06-01T11:41:09Z,119.4,15.8,112.9,96.8
2026-06-01T11:43:12Z,119.4,15.8,113.2,96.8
2026-06-01T11:45:15Z,119.4,15.8,113.1,96.8
2026-06-01T11:47:19Z,119.4,15.8,112.8,96.8
2026-06-01T11:49:21Z,119.4,15.8,113.0,96.8
2026-06-01T11:51:24Z,119.4,15.8,112.6,96.8
2026-06-01T11:53:26Z,119.4,15.8,112.9,96.8
2026-06-01T11:55:29Z,119.4,15.8,112.4,96.8
2026-06-01T11:57:32Z,119.4,15.8,112.7,96.8
2026-06-01T11:59:34Z,119.4,15.8,113.0,96.8
2026-06-01T12:01:37Z,119.4,15.8,112.6,96.8
2026-06-01T12:03:40Z,119.4,15.8,112.6,96.8
2026-06-01T12:06:17Z,120.5,15.0,112.0,96.8
2026-06-01T12:08:19Z,120.2,15.3,110.9,96.9
2026-06-01T12:10:22Z,119.6,15.7,108.9,96.9
2026-06-01T12:12:25Z,119.4,15.8,108.4,96.9
2026-06-01T12:14:28Z,119.4,15.8,108.1,96.9
2026-06-01T12:16:30Z,119.4,15.8,108.3,96.9
2026-06-01T12:18:33Z,119.4,15.8,107.9,97.0
2026-06-01T12:20:35Z,119.4,15.8,108.0,96.9
2026-06-01T12:22:38Z,119.4,15.8,107.6,97.0
2026-06-01T12:24:41Z,119.4,15.8,108.0,97.0
2026-06-01T12:26:44Z,119.4,15.8,107.3,97.0
2026-06-01T12:28:47Z,119.2,16.0,107.3,97.0
2026-06-01T12:30:50Z,119.2,16.0,107.1,97.0
2026-06-01T12:32:52Z,119.2,16.0,107.2,97.0
2026-06-01T12:34:55Z,119.2,16.0,106.9,97.0
2026-06-01T12:36:57Z,119.2,16.0,106.9,97.0
2026-06-01T12:39:00Z,119.2,16.0,107.1,97.0
2026-06-01T12:41:03Z,119.2,16.0,106.5,97.0
2026-06-01T12:43:05Z,119.2,16.0,106.7,97.0
2026-06-01T12:45:08Z,119.2,16.0,106.8,97.0
2026-06-01T12:47:11Z,119.2,16.0,106.6,97.0
2026-06-01T12:49:14Z,119.2,16.0,106.6,97.0
2026-06-01T12:51:16Z,119.2,16.0,106.5,97.0
2026-06-01T12:53:19Z,119.2,16.0,106.6,97.0
2026-06-01T12:55:21Z,119.2,16.0,106.6,97.0
2026-06-01T12:57:24Z,119.2,16.0,106.6,97.0
2026-06-01T12:59:27Z,119.2,16.0,106.5,97.0
2026-06-01T13:01:29Z,119.2,16.0,106.1,97.0
2026-06-01T13:03:32Z,119.0,16.1,105.4,97.0
2026-06-01T13:05:35Z,118.8,16.3,105.1,97.0
2026-06-01T13:07:38Z,118.8,16.3,105.1,97.0
2026-06-01T13:09:40Z,118.8,16.3,104.9,97.0
2026-06-01T13:11:43Z,118.8,16.3,104.8,97.0
2026-06-01T13:13:45Z,118.8,16.3,104.6,97.0
2026-06-01T13:15:48Z,118.8,16.3,104.6,97.0
2026-06-01T13:17:51Z,118.7,16.3,104.7,97.0
2026-06-01T13:19:54Z,118.7,16.3,104.4,97.1
2026-06-01T13:21:57Z,118.7,16.3,102.8,97.1
2026-06-01T13:24:00Z,118.7,16.3,104.0,97.1
2026-06-01T13:26:41Z,120.5,15.1,103.4,97.1
2026-06-01T13:28:44Z,120.2,15.3,102.2,97.1
2026-06-01T13:30:47Z,119.6,15.7,100.3,97.2
2026-06-01T13:32:50Z,119.4,15.8,99.8,97.2
2026-06-01T13:34:52Z,119.4,15.8,99.5,97.2
2026-06-01T13:36:55Z,119.4,15.8,99.7,97.2
2026-06-01T13:38:58Z,119.4,15.8,99.3,97.2
2026-06-01T13:41:00Z,119.4,15.8,99.2,97.2
2026-06-01T13:43:03Z,119.4,15.9,98.8,97.2
2026-06-01T13:45:05Z,119.4,15.9,99.3,97.2
2026-06-01T13:47:09Z,119.4,15.9,98.5,97.2
2026-06-01T13:49:12Z,119.2,16.0,97.7,97.2
2026-06-01T13:51:14Z,119.2,16.0,98.0,97.2
2026-06-01T13:53:17Z,119.2,16.0,98.2,97.2
2026-06-01T13:55:20Z,119.2,16.0,97.8,97.2
2026-06-01T13:57:22Z,119.2,16.0,98.1,97.2
2026-06-01T13:59:25Z,119.2,16.0,97.9,97.2
2026-06-01T14:01:27Z,119.2,16.0,97.8,97.2
2026-06-01T14:03:30Z,119.2,16.0,97.5,97.2
2026-06-01T14:05:33Z,119.2,16.0,97.6,97.2
2026-06-01T14:07:36Z,119.2,16.0,97.4,97.2
2026-06-01T14:09:38Z,119.2,16.0,97.4,97.2
2026-06-01T14:11:41Z,119.2,16.0,97.2,97.3
2026-06-01T14:13:44Z,119.2,16.0,97.1,97.3
2026-06-01T14:15:46Z,119.1,16.0,97.0,97.3
2026-06-01T14:17:49Z,119.1,16.0,97.1,97.3
2026-06-01T14:19:51Z,119.1,16.0,97.2,97.3
2026-06-01T14:21:54Z,119.1,16.0,97.1,97.3
2026-06-01T14:23:56Z,119.2,16.0,96.9,97.3
2026-06-01T14:26:00Z,119.0,16.1,96.3,97.3
2026-06-01T14:28:02Z,119.0,16.1,96.1,97.3
2026-06-01T14:30:05Z,119.0,16.1,95.5,97.3
2026-06-01T14:32:08Z,119.0,16.1,94.2,97.3
2026-06-01T14:34:10Z,119.0,16.1,95.6,97.3
2026-06-01T14:36:13Z,118.9,16.2,95.2,97.3
2026-06-01T14:38:15Z,118.9,16.2,94.8,97.3
2026-06-01T14:40:18Z,118.9,16.2,95.3,97.3
2026-06-01T14:42:21Z,118.9,16.2,95.1,97.3
2026-06-01T14:45:00Z,120.5,15.1,94.5,97.3
2026-06-01T14:47:03Z,119.9,15.4,92.9,97.4
2026-06-01T14:49:06Z,119.7,15.6,92.1,97.4
2026-06-01T14:51:09Z,119.7,15.6,92.2,97.4
2026-06-01T14:53:12Z,119.7,15.6,91.8,97.4
2026-06-01T14:55:14Z,119.7,15.6,92.0,97.4
2026-06-01T14:57:17Z,119.7,15.6,92.3,97.4
2026-06-01T14:59:19Z,119.7,15.6,91.9,97.4
2026-06-01T15:01:22Z,119.7,15.6,92.1,97.4
2026-06-01T15:03:24Z,119.7,15.6,91.5,97.4
2026-06-01T15:05:27Z,119.5,15.7,91.0,97.4
2026-06-01T15:07:30Z,119.5,15.7,90.6,97.4
2026-06-01T15:09:33Z,119.5,15.7,90.8,97.4
2026-06-01T15:11:36Z,119.5,15.8,90.2,97.5
2026-06-01T15:13:39Z,119.5,15.8,90.5,97.4
2026-06-01T15:15:41Z,119.5,15.8,90.7,97.4
2026-06-01T15:17:44Z,119.5,15.8,90.3,97.5
2026-06-01T15:19:46Z,119.5,15.8,90.6,97.4
2026-06-01T15:22:23Z,120.5,15.1,89.9,97.5
2026-06-01T15:24:26Z,120.2,15.3,88.8,97.5
2026-06-01T15:26:28Z,119.7,15.6,87.5,97.5
2026-06-01T15:28:31Z,119.2,16.0,85.9,97.6
2026-06-01T15:30:34Z,119.2,16.0,85.6,97.6
2026-06-01T15:32:37Z,119.2,16.0,85.6,97.6
2026-06-01T15:34:39Z,119.2,16.0,85.3,97.6
2026-06-01T15:36:42Z,119.2,16.0,84.9,97.6
2026-06-01T15:38:45Z,119.2,16.0,85.3,97.6
2026-06-01T15:40:47Z,119.2,16.0,85.1,97.6
2026-06-01T15:42:50Z,119.2,16.0,84.8,97.6
2026-06-01T15:44:53Z,119.0,16.1,84.3,97.6
2026-06-01T15:46:56Z,119.0,16.1,83.8,97.6
2026-06-01T15:49:00Z,119.0,16.1,84.0,97.6
2026-06-01T15:51:02Z,119.0,16.1,83.6,97.6
2026-06-01T15:53:05Z,119.0,16.1,82.4,97.7
2026-06-01T15:55:08Z,119.0,16.1,83.5,97.6
2026-06-01T15:57:10Z,119.0,16.1,83.7,97.6
2026-06-01T15:59:13Z,119.0,16.1,83.3,97.6
2026-06-01T16:01:15Z,118.8,16.3,82.2,97.7
2026-06-01T16:03:19Z,118.8,16.3,82.4,97.7
2026-06-01T16:05:21Z,118.8,16.3,82.4,97.7
2026-06-01T16:07:24Z,118.8,16.3,82.4,97.7
2026-06-01T16:09:26Z,118.8,16.3,82.4,97.7
2026-06-01T16:11:29Z,118.7,16.3,82.3,97.7
2026-06-01T16:13:32Z,118.7,16.3,82.0,97.7
2026-06-01T16:15:34Z,118.7,16.3,82.0,97.7
2026-06-01T16:17:37Z,118.7,16.3,82.0,97.7
2026-06-01T16:19:39Z,118.7,16.3,81.9,97.7
2026-06-01T16:21:42Z,118.5,16.4,81.0,97.7
2026-06-01T16:23:45Z,118.5,16.5,81.2,97.7
2026-06-01T16:25:49Z,118.5,16.5,81.2,97.7
2026-06-01T16:28:28Z,120.4,15.1,80.7,97.7
2026-06-01T16:30:31Z,120.1,15.3,79.6,97.8
2026-06-01T16:32:34Z,119.5,15.7,77.6,97.8
2026-06-01T16:34:37Z,119.3,15.9,77.4,97.8
2026-06-01T16:36:40Z,119.4,15.9,77.1,97.8
2026-06-01T16:38:42Z,119.3,15.9,76.7,97.8
2026-06-01T16:40:45Z,119.3,15.9,75.9,97.9
2026-06-01T16:42:48Z,119.3,15.9,76.6,97.8
2026-06-01T16:44:50Z,119.3,15.9,76.0,97.9
2026-06-01T16:46:53Z,119.3,15.9,76.5,97.8
2026-06-01T16:48:55Z,119.2,16.0,75.2,97.9
2026-06-01T16:50:59Z,119.1,16.0,75.5,97.9
2026-06-01T16:53:02Z,119.1,16.0,75.6,97.9
2026-06-01T16:55:04Z,119.1,16.0,75.3,97.9
2026-06-01T16:57:07Z,119.1,16.0,75.6,97.9
2026-06-01T16:59:10Z,119.1,16.0,75.3,97.9
2026-06-01T17:01:12Z,119.1,16.0,75.4,97.9
2026-06-01T17:03:15Z,119.1,16.0,75.0,97.9
2026-06-01T17:05:17Z,119.1,16.0,75.1,97.9
2026-06-01T17:07:21Z,119.1,16.0,75.1,97.9
2026-06-01T17:09:58Z,120.4,15.1,74.6,97.9
2026-06-01T17:12:01Z,119.9,15.5,73.2,97.9
2026-06-01T17:14:04Z,119.4,15.9,71.3,98.0
2026-06-01T17:16:07Z,119.3,15.9,71.3,98.0
2026-06-01T17:18:10Z,119.3,15.9,70.9,98.0
2026-06-01T17:20:12Z,119.3,15.9,70.6,98.0
2026-06-01T17:22:15Z,119.3,15.9,70.9,98.0
2026-06-01T17:24:17Z,119.3,15.9,70.5,98.0
2026-06-01T17:26:20Z,119.3,15.9,70.9,98.0
2026-06-01T17:28:23Z,119.3,15.9,70.5,98.0
2026-06-01T17:30:25Z,119.3,15.9,70.4,98.0
2026-06-01T17:32:28Z,119.3,15.9,69.5,98.0
2026-06-01T17:34:32Z,119.3,15.9,70.2,98.0
2026-06-01T17:36:34Z,119.3,15.9,69.8,98.0
2026-06-01T17:38:37Z,119.3,15.9,70.2,98.0
2026-06-01T17:40:39Z,119.3,15.9,70.4,98.0
2026-06-01T17:42:42Z,119.3,15.9,69.9,98.0
2026-06-01T17:44:45Z,119.3,15.9,68.0,98.1
2026-06-01T17:46:47Z,119.3,15.9,69.4,98.0
2026-06-01T17:48:50Z,119.3,15.9,69.3,98.0
2026-06-01T17:51:27Z,120.4,15.1,68.8,98.1
2026-06-01T17:53:30Z,120.1,15.4,67.6,98.1
2026-06-01T17:55:32Z,119.5,15.8,65.8,98.1
2026-06-01T17:57:35Z,119.1,16.0,64.9,98.2
2026-06-01T17:59:38Z,119.0,16.1,64.7,98.2
2026-06-01T18:01:41Z,119.1,16.0,64.2,98.2
2026-06-01T18:03:43Z,119.1,16.0,63.5,98.2
2026-06-01T18:05:46Z,119.1,16.0,64.4,98.2
2026-06-01T18:07:48Z,119.1,16.0,64.1,98.2
2026-06-01T18:09:51Z,119.1,16.0,64.4,98.2
2026-06-01T18:11:54Z,119.1,16.0,64.4,98.2
2026-06-01T18:13:57Z,118.7,16.3,62.6,98.2
2026-06-01T18:16:01Z,118.7,16.3,62.2,98.2
2026-06-01T18:18:03Z,118.7,16.3,62.6,98.2
2026-06-01T18:20:06Z,118.7,16.3,62.9,98.2
2026-06-01T18:22:08Z,118.7,16.3,62.5,98.2
2026-06-01T18:24:11Z,118.7,16.3,62.6,98.2
2026-06-01T18:26:14Z,118.7,16.3,62.2,98.2
2026-06-01T18:28:16Z,118.7,16.3,62.4,98.2
2026-06-01T18:30:19Z,118.7,16.3,61.9,98.3
2026-06-01T18:32:22Z,118.5,16.4,61.5,98.3
2026-06-01T18:35:06Z,120.4,15.1,60.9,98.3
2026-06-01T18:37:08Z,120.0,15.4,59.7,98.3
2026-06-01T18:39:11Z,119.5,15.8,57.9,98.4
2026-06-01T18:41:14Z,119.5,15.8,58.1,98.4
2026-06-01T18:43:17Z,119.5,15.8,57.6,98.4
2026-06-01T18:45:20Z,119.5,15.8,57.6,98.4
2026-06-01T18:47:22Z,119.5,15.8,57.3,98.4
2026-06-01T18:49:25Z,119.4,15.8,57.0,98.4
2026-06-01T18:51:27Z,119.5,15.8,57.3,98.4
2026-06-01T18:53:30Z,119.5,15.8,56.8,98.4
2026-06-01T18:55:32Z,119.5,15.8,57.0,98.4
2026-06-01T18:57:36Z,119.5,15.8,56.5,98.4
2026-06-01T18:59:39Z,119.5,15.8,56.8,98.4
2026-06-01T19:01:42Z,119.5,15.8,56.5,98.4
2026-06-01T19:03:44Z,119.4,15.8,56.5,98.4
2026-06-01T19:05:47Z,119.4,15.8,53.4,98.5
2026-06-01T19:07:49Z,119.4,15.8,53.7,98.5
2026-06-01T19:09:52Z,119.4,15.8,53.6,98.5
2026-06-01T19:11:55Z,119.4,15.8,53.2,98.5
2026-06-01T19:13:57Z,119.1,16.0,51.9,98.5
2026-06-01T19:16:01Z,119.1,16.1,51.5,98.5
2026-06-01T19:18:04Z,119.1,16.1,51.6,98.5
2026-06-01T19:20:41Z,120.4,15.1,51.2,98.6
2026-06-01T19:22:44Z,119.9,15.5,49.7,98.6
2026-06-01T19:24:46Z,119.3,15.9,47.8,98.7
2026-06-01T19:26:50Z,119.3,15.9,47.9,98.6
2026-06-01T19:28:52Z,119.3,15.9,47.5,98.7
2026-06-01T19:30:55Z,119.3,15.9,47.7,98.7
2026-06-01T19:32:57Z,119.3,15.9,47.3,98.7
2026-06-01T19:35:00Z,119.3,15.9,47.5,98.7
2026-06-01T19:37:03Z,119.2,15.9,46.3,98.7
2026-06-01T19:39:05Z,119.3,15.9,47.3,98.7
2026-06-01T19:41:08Z,119.2,15.9,46.2,98.7
2026-06-01T19:43:11Z,119.2,15.9,45.0,98.7
2026-06-01T19:45:14Z,119.2,15.9,46.5,98.7
2026-06-01T19:47:17Z,119.2,15.9,45.9,98.7
2026-06-01T19:49:19Z,119.2,15.9,46.1,98.7
2026-06-01T19:51:22Z,119.2,16.0,46.3,98.7
2026-06-01T19:53:24Z,119.2,16.0,46.0,98.7
2026-06-01T19:55:27Z,119.2,16.0,45.7,98.7
2026-06-01T19:57:30Z,119.2,16.0,45.9,98.7
2026-06-01T19:59:33Z,119.2,16.0,45.9,98.7
2026-06-01T20:02:10Z,120.4,15.2,45.4,98.7
2026-06-01T20:04:13Z,120.0,15.4,44.0,98.8
2026-06-01T20:06:16Z,119.5,15.8,42.2,98.8
2026-06-01T20:08:18Z,119.1,16.1,40.7,98.9
2026-06-01T20:10:22Z,119.1,16.1,41.0,98.8
2026-06-01T20:12:24Z,119.1,16.1,41.1,98.8
2026-06-01T20:14:27Z,119.1,16.1,40.7,98.9
2026-06-01T20:16:29Z,119.1,16.1,40.6,98.9
2026-06-01T20:18:32Z,119.1,16.1,40.3,98.9
2026-06-01T20:20:35Z,119.0,16.1,40.6,98.9
2026-06-01T20:22:37Z,119.0,16.1,40.5,98.9
2026-06-01T20:24:41Z,119.0,16.1,39.8,98.9
2026-06-01T20:26:44Z,119.0,16.1,39.5,98.9
2026-06-01T20:28:46Z,119.0,16.1,40.0,98.9
2026-06-01T20:30:49Z,119.0,16.1,39.6,98.9
2026-06-01T20:32:52Z,119.0,16.1,39.7,98.9
2026-06-01T20:34:54Z,119.0,16.1,39.2,98.9
2026-06-01T20:36:57Z,119.0,16.1,39.6,98.9
2026-06-01T20:38:59Z,119.0,16.1,39.8,98.9
2026-06-01T20:41:02Z,119.0,16.1,39.5,98.9
2026-06-01T20:43:05Z,119.0,16.1,39.2,98.9
2026-06-01T20:45:08Z,119.0,16.1,39.2,98.9
2026-06-01T20:47:10Z,118.9,16.2,38.9,98.9
2026-06-01T20:49:13Z,119.0,16.1,38.8,98.9
2026-06-01T20:51:16Z,119.0,16.1,38.8,98.9
2026-06-01T20:53:18Z,119.0,16.1,38.8,98.9
2026-06-01T20:55:21Z,119.0,16.1,38.8,98.9
2026-06-01T20:57:23Z,119.0,16.1,38.7,98.9
2026-06-01T20:59:26Z,119.0,16.1,38.6,98.9
2026-06-01T21:01:28Z,119.0,16.1,38.4,98.9
2026-06-01T21:03:32Z,118.8,16.3,37.7,98.9
2026-06-01T21:05:35Z,118.8,16.3,37.7,98.9
2026-06-01T21:08:13Z,120.3,15.2,37.2,98.9
2026-06-01T21:10:16Z,120.0,15.4,36.0,99.0
2026-06-01T21:12:19Z,119.4,15.8,34.3,99.0
2026-06-01T21:14:22Z,119.4,15.8,34.3,99.0
2026-06-01T21:16:25Z,119.4,15.8,33.9,99.0
2026-06-01T21:18:27Z,119.4,15.8,33.9,99.0
2026-06-01T21:20:30Z,119.4,15.8,31.7,99.1
2026-06-01T21:22:32Z,119.4,15.8,33.3,99.1
2026-06-01T21:24:35Z,119.4,15.8,32.2,99.1
2026-06-01T21:26:37Z,119.4,15.8,32.9,99.1
2026-06-01T21:28:40Z,119.4,15.8,32.8,99.1
2026-06-01T21:30:43Z,119.0,16.1,31.7,99.1
2026-06-01T21:32:47Z,119.0,16.1,31.1,99.1
2026-06-01T21:34:50Z,119.0,16.1,30.2,99.1
2026-06-01T21:36:53Z,119.0,16.1,28.0,99.2
2026-06-01T21:38:55Z,119.0,16.1,30.8,99.1
2026-06-01T21:40:58Z,119.0,16.1,30.2,99.1
2026-06-01T21:43:01Z,119.0,16.1,30.5,99.1
2026-06-01T21:45:03Z,119.0,16.1,30.0,99.2
2026-06-01T21:47:06Z,119.0,16.1,30.1,99.1
2026-06-01T21:49:09Z,119.0,16.1,29.7,99.2
2026-06-01T21:51:48Z,120.3,15.2,29.3,99.2
2026-06-01T21:53:51Z,120.0,15.4,28.2,99.2
2026-06-01T21:55:53Z,119.4,15.8,26.8,99.2
2026-06-01T21:57:57Z,119.4,15.8,26.0,99.3
2026-06-01T21:59:59Z,119.4,15.8,26.3,99.3
2026-06-01T22:02:02Z,119.4,15.8,26.0,99.3
2026-06-01T22:04:04Z,119.4,15.8,26.1,99.3
2026-06-01T22:06:07Z,119.4,15.8,25.6,99.3
2026-06-01T22:08:09Z,119.4,15.8,25.7,99.3
2026-06-01T22:10:12Z,119.4,15.8,25.2,99.3
2026-06-01T22:12:15Z,119.4,15.8,25.5,99.3
2026-06-01T22:14:18Z,119.0,16.1,24.2,99.3
2026-06-01T22:16:21Z,119.0,16.1,24.1,99.3
2026-06-01T22:18:24Z,119.0,16.1,23.6,99.3
2026-06-01T22:20:26Z,119.0,16.1,23.7,99.3
2026-06-01T22:22:29Z,119.0,16.1,23.3,99.3
2026-06-01T22:24:31Z,119.0,16.1,23.4,99.3
2026-06-01T22:26:34Z,119.0,16.1,23.6,99.3
2026-06-01T22:28:37Z,119.0,16.1,23.3,99.3
2026-06-01T22:30:39Z,118.9,16.2,23.2,99.3
2026-06-01T22:32:43Z,118.8,16.2,22.7,99.4
2026-06-01T22:35:23Z,120.3,15.2,22.1,99.4
2026-06-01T22:37:25Z,119.9,15.5,20.9,99.4
2026-06-01T22:39:28Z,119.4,15.8,19.2,99.5
2026-06-01T22:41:31Z,119.4,15.9,19.3,99.5
2026-06-01T22:43:34Z,119.4,15.9,18.8,99.5
2026-06-01T22:45:36Z,119.4,15.9,19.1,99.5
2026-06-01T22:47:39Z,119.3,15.9,18.6,99.5
2026-06-01T22:49:42Z,119.3,15.9,18.5,99.5
2026-06-01T22:51:44Z,119.3,15.9,18.1,99.5
2026-06-01T22:53:47Z,119.3,15.9,18.5,99.5
2026-06-01T22:55:49Z,119.3,15.9,18.0,99.5
2026-06-01T22:57:53Z,119.0,16.1,17.3,99.5
2026-06-01T22:59:56Z,119.0,16.1,16.7,99.5
2026-06-01T23:01:59Z,119.0,16.1,16.8,99.5
2026-06-01T23:04:01Z,119.0,16.1,16.4,99.5
2026-06-01T23:06:04Z,119.0,16.1,16.6,99.5
2026-06-01T23:08:06Z,119.0,16.1,16.2,99.5
2026-06-01T23:10:09Z,119.0,16.1,16.5,99.5
2026-06-01T23:12:11Z,119.0,16.1,16.0,99.5
2026-06-01T23:14:15Z,119.0,16.1,16.0,99.5
2026-06-01T23:16:17Z,118.6,16.4,14.9,99.6
2026-06-01T23:18:21Z,118.6,16.4,14.7,99.6
2026-06-01T23:20:24Z,118.6,16.4,14.5,99.6
2026-06-01T23:23:02Z,120.3,15.2,13.8,99.6
2026-06-01T23:25:05Z,120.1,15.3,13.1,99.6
2026-06-01T23:27:08Z,119.6,15.7,11.7,99.7
2026-06-01T23:29:10Z,119.2,16.0,9.4,99.7
2026-06-01T23:31:14Z,119.2,16.0,10.2,99.7
2026-06-01T23:33:16Z,119.2,16.0,9.9,99.7
2026-06-01T23:35:19Z,119.2,16.0,9.8,99.7
2026-06-01T23:37:22Z,119.2,16.0,10.1,99.7
2026-06-01T23:39:24Z,119.1,16.0,9.7,99.7
2026-06-01T23:41:27Z,119.1,16.0,9.9,99.7
2026-06-01T23:43:29Z,119.1,16.0,9.7,99.7
2026-06-01T23:45:32Z,118.6,16.4,8.3,99.8
2026-06-01T23:47:35Z,118.6,16.4,8.8,99.8
2026-06-01T23:49:39Z,118.6,16.4,8.4,99.8
2026-06-01T23:51:41Z,118.6,16.4,8.5,99.8
2026-06-01T23:53:44Z,118.6,16.4,8.5,99.8
2026-06-01T23:55:47Z,118.6,16.4,8.1,99.8
2026-06-01T23:57:49Z,118.6,16.4,8.3,99.8
2026-06-01T23:59:52Z,118.6,16.4,8.0,99.8
2026-06-02T00:01:54Z,118.6,16.4,7.3,99.8
2026-06-02T00:03:57Z,118.4,16.5,7.1,99.8
2026-06-02T00:06:00Z,118.2,16.7,6.7,99.8
2026-06-02T00:08:04Z,118.2,16.7,6.7,99.8
2026-06-02T00:10:43Z,119.9,15.5,6.3,99.8
2026-06-02T00:12:46Z,119.6,15.7,5.1,99.9
2026-06-02T00:14:49Z,119.0,16.1,3.6,99.9
2026-06-02T00:16:52Z,119.0,16.1,3.2,99.9
2026-06-02T00:18:55Z,119.0,16.1,3.1,99.9
2026-06-02T00:20:57Z,119.0,16.1,2.9,99.9
2026-06-02T00:23:00Z,119.0,16.1,2.5,99.9
2026-06-02T00:25:02Z,119.0,16.1,2.8,99.9
2026-06-02T00:27:05Z,119.0,16.1,2.9,99.9
2026-06-02T00:29:07Z,119.0,16.1,1.9,99.9
2026-06-02T00:31:10Z,119.0,16.1,2.4,99.9
2026-06-02T00:33:13Z,118.6,16.4,0.6,100.0
2026-06-02T00:35:17Z,118.6,16.4,1.2,100.0
2026-06-02T00:37:20Z,118.6,16.4,1.2,100.0
2026-06-02T00:39:22Z,118.6,16.4,0.9,100.0
2026-06-02T00:41:25Z,118.6,16.4,0.0,100.0
2026-06-02T00:43:28Z,118.6,16.4,1.0,100.0
2026-06-02T00:45:30Z,118.6,16.4,0.9,100.0
2026-06-02T00:47:33Z,118.6,16.4,0.7,100.0
2026-06-02T00:49:35Z,118.6,16.4,0.2,100.0
2026-06-02T00:51:39Z,118.4,16.5,0.0,100.0
2026-06-02T01:12:40Z,118.9,16.2,0.0,100.0
2026-06-02T01:14:43Z,118.9,16.2,0.0,100.0
2026-06-02T01:17:00Z,120.3,15.2,0.0,100.0
2026-06-02T01:19:03Z,120.3,15.2,0.0,100.0
2026-06-02T02:02:58Z,120.3,15.2,0.0,100.0
2026-06-02T02:05:01Z,120.3,15.2,0.0,100.0
2026-06-02T02:07:04Z,120.3,15.2,0.0,100.0
2026-06-02T02:09:07Z,120.3,15.2,0.0,100.0
2026-06-03T03:24:51Z,120.1,15.3,0.2,100.0
2026-06-03T03:27:02Z,120.1,15.3,0.2,100.0
2026-06-03T03:29:05Z,120.1,15.3,17.3,99.5
2026-06-03T03:31:07Z,119.5,15.7,21.7,99.4
2026-06-03T03:33:10Z,118.3,16.6,35.9,99.0
2026-06-03T03:35:14Z,118.1,16.7,39.9,98.9
2026-06-03T03:37:16Z,118.1,16.7,55.0,98.4
2026-06-03T03:39:19Z,118.1,16.8,78.9,97.8
2026-06-03T03:41:21Z,118.1,16.8,83.9,97.6
2026-06-03T03:43:24Z,118.1,16.7,89.9,97.5
2026-06-03T03:45:27Z,118.1,16.7,90.2,97.5
2026-06-03T03:47:29Z,118.1,16.7,95.7,97.3
2026-06-03T03:49:32Z,118.1,16.7,96.4,97.3
2026-06-03T03:51:34Z,117.9,16.9,96.0,97.3
2026-06-03T03:53:38Z,117.5,17.1,99.8,97.2
2026-06-03T03:55:41Z,117.4,17.3,103.7,97.1
2026-06-03T03:57:44Z,117.4,17.3,104.1,97.1
2026-06-03T03:59:46Z,117.4,17.3,108.5,96.9
2026-06-03T04:01:49Z,117.4,17.3,109.5,96.9
2026-06-03T04:03:52Z,117.3,17.3,112.9,96.8
2026-06-03T04:05:54Z,117.3,17.3,113.8,96.8
2026-06-03T04:08:28Z,118.5,16.5,117.3,96.7
2026-06-03T04:10:30Z,117.9,16.9,116.0,96.7
2026-06-03T04:12:34Z,117.9,16.9,121.7,96.6
2026-06-03T04:14:37Z,117.9,16.9,122.4,96.5
2026-06-03T04:16:39Z,117.9,16.9,125.8,96.4
2026-06-03T04:18:42Z,117.9,16.9,126.9,96.4
2026-06-03T04:20:44Z,117.9,16.9,131.5,96.3
2026-06-03T04:22:47Z,117.7,17.0,130.6,96.3
2026-06-03T04:24:50Z,117.4,17.2,134.1,96.2
2026-06-03T04:26:53Z,117.5,17.1,139.4,96.1
2026-06-03T04:28:55Z,117.5,17.1,138.5,96.1
2026-06-03T04:30:58Z,117.5,17.1,145.6,95.9
2026-06-03T04:33:01Z,117.4,17.2,145.7,95.9
2026-06-03T04:35:04Z,117.4,17.3,150.8,95.7
2026-06-03T04:37:35Z,118.5,16.5,150.3,95.8
2026-06-03T04:39:38Z,118.2,16.7,153.1,95.7
2026-06-03T04:41:41Z,118.1,16.7,153.4,95.7
2026-06-03T04:43:43Z,118.1,16.7,159.3,95.5
2026-06-03T04:45:46Z,118.1,16.7,159.4,95.5
2026-06-03T04:47:48Z,118.1,16.7,166.5,95.3
2026-06-03T04:49:51Z,118.1,16.7,166.4,95.3
2026-06-03T04:51:54Z,117.8,17.0,169.2,95.2
2026-06-03T04:53:57Z,117.8,17.0,169.5,95.2
2026-06-03T04:55:59Z,117.8,17.0,173.6,95.1
2026-06-03T04:58:02Z,117.7,17.0,173.4,95.1
2026-06-03T05:00:04Z,117.7,17.0,175.5,95.0
2026-06-03T05:02:07Z,117.7,17.0,177.1,95.0
2026-06-03T05:04:10Z,117.6,17.1,180.3,94.9
2026-06-03T05:06:44Z,118.3,16.6,179.6,94.9
2026-06-03T05:08:46Z,117.8,17.0,180.9,94.9
2026-06-03T05:10:49Z,117.8,17.0,181.0,94.9
2026-06-03T05:12:52Z,117.8,17.0,184.4,94.8
2026-06-03T05:14:54Z,117.8,17.0,187.9,94.7
2026-06-03T05:16:57Z,117.8,17.0,188.5,94.7
2026-06-03T05:18:59Z,117.7,17.0,188.4,94.7
2026-06-03T05:21:02Z,117.4,17.2,191.3,94.6
2026-06-03T05:23:05Z,117.4,17.3,191.6,94.6
2026-06-03T05:25:08Z,117.4,17.3,194.9,94.5
2026-06-03T05:27:10Z,117.4,17.3,195.4,94.5
2026-06-03T05:29:13Z,117.4,17.3,200.0,94.4
2026-06-03T05:31:16Z,117.4,17.3,200.8,94.3
2026-06-03T05:33:19Z,117.4,17.3,206.1,94.2
2026-06-03T05:35:50Z,118.5,16.5,205.6,94.2
2026-06-03T05:37:53Z,118.3,16.6,209.9,94.1
2026-06-03T05:39:56Z,118.1,16.7,209.9,94.1
2026-06-03T05:41:58Z,118.1,16.8,215.9,93.9
2026-06-03T05:44:01Z,118.1,16.8,215.8,93.9
2026-06-03T05:46:03Z,118.1,16.8,216.9,93.9
2026-06-03T05:48:06Z,118.1,16.8,219.4,93.8
2026-06-03T05:50:08Z,117.9,16.9,224.4,93.7
2026-06-03T05:52:11Z,117.9,16.9,224.6,93.7
2026-06-03T05:54:14Z,117.9,16.9,229.6,93.5
2026-06-03T05:56:16Z,117.9,16.9,230.1,93.5
2026-06-03T05:58:19Z,117.9,16.9,234.0,93.4
2026-06-03T06:00:21Z,117.9,16.9,234.7,93.4
2026-06-03T06:02:24Z,117.7,17.0,234.2,93.4
2026-06-03T06:04:27Z,117.5,17.2,238.5,93.3
2026-06-03T06:06:30Z,117.5,17.2,238.9,93.3
2026-06-03T06:08:32Z,117.5,17.2,241.9,93.2
2026-06-03T06:10:35Z,117.5,17.2,242.4,93.2
2026-06-03T06:12:38Z,117.5,17.2,247.4,93.0
2026-06-03T06:14:40Z,117.5,17.2,247.8,93.0
2026-06-03T06:16:43Z,117.5,17.2,248.2,93.0
2026-06-03T06:18:46Z,117.5,17.2,254.9,92.8
2026-06-03T06:20:49Z,117.5,17.2,255.7,92.8
2026-06-03T06:23:20Z,118.5,16.5,255.8,92.8
2026-06-03T06:25:23Z,118.4,16.5,261.7,92.6
2026-06-03T06:27:35Z,118.6,16.4,260.4,92.6
2026-06-03T06:29:38Z,118.5,16.5,258.8,92.7
2026-06-03T06:31:41Z,118.4,16.5,258.5,92.7
2026-06-03T06:33:43Z,118.6,16.4,257.7,92.7
2026-06-03T06:35:46Z,118.3,16.6,256.4,92.8
2026-06-03T06:37:49Z,117.7,17.0,254.4,92.8
2026-06-03T06:39:51Z,117.2,17.4,253.0,92.9
2026-06-03T06:41:54Z,117.0,17.5,252.0,92.9
2026-06-03T06:43:57Z,117.0,17.5,252.5,92.9
2026-06-03T06:45:59Z,117.0,17.5,252.1,92.9
2026-06-03T06:48:02Z,117.0,17.5,252.4,92.9
2026-06-03T06:50:04Z,117.0,17.5,252.1,92.9
2026-06-03T06:52:07Z,117.0,17.5,251.8,92.9
2026-06-03T06:54:10Z,117.0,17.6,251.5,92.9
2026-06-03T06:56:13Z,116.9,17.6,251.6,92.9
2026-06-03T06:58:15Z,116.9,17.6,251.0,92.9
2026-06-03T07:00:18Z,116.9,17.6,251.4,92.9
2026-06-03T07:02:20Z,116.9,17.6,251.6,92.9
2026-06-03T07:04:55Z,118.4,16.5,250.3,92.9
2026-06-03T07:06:58Z,118.3,16.6,249.7,93.0
2026-06-03T07:09:00Z,118.3,16.6,249.4,93.0
2026-06-03T07:11:03Z,118.2,16.6,249.1,93.0
2026-06-03T07:13:06Z,118.3,16.6,249.4,93.0
2026-06-03T07:15:08Z,118.2,16.6,249.1,93.0
2026-06-03T07:17:21Z,118.6,16.4,248.1,93.0
2026-06-03T07:19:24Z,118.4,16.5,246.4,93.0
2026-06-03T07:21:27Z,118.3,16.6,245.9,93.1
2026-06-03T07:23:38Z,118.6,16.4,244.8,93.1
2026-06-03T07:25:41Z,118.1,16.8,243.2,93.1
2026-06-03T07:27:44Z,117.5,17.2,241.6,93.2
2026-06-03T07:29:46Z,117.0,17.5,240.2,93.2
2026-06-03T07:31:49Z,116.8,17.7,239.4,93.2
2026-06-03T07:33:52Z,116.8,17.7,239.7,93.2
2026-06-03T07:35:55Z,116.8,17.7,239.7,93.2
2026-06-03T07:37:57Z,116.8,17.7,239.5,93.2
2026-06-03T07:40:00Z,116.8,17.7,239.6,93.2
2026-06-03T07:42:02Z,116.7,17.7,239.3,93.2
2026-06-03T07:44:05Z,116.7,17.7,239.5,93.2
2026-06-03T07:47:55Z,116.7,17.7,239.5,93.2
2026-06-03T07:48:25Z,116.7,17.7,239.5,93.2
2026-06-03T07:48:46Z,118.6,16.4,239.5,93.2
2026-06-03T07:49:23Z,118.6,16.4,239.1,93.2
2026-06-03T07:51:25Z,118.2,16.6,237.4,93.3
2026-06-03T07:53:28Z,117.7,17.0,235.8,93.3
2026-06-03T07:55:31Z,117.1,17.4,234.2,93.4
2026-06-03T07:57:34Z,117.0,17.6,233.9,93.4
2026-06-03T07:57:41Z,116.8,17.7,233.7,93.4
2026-06-03T07:58:41Z,116.8,17.7,233.0,93.4
2026-06-03T07:59:48Z,116.8,17.7,233.1,93.4
2026-06-03T08:01:12Z,116.8,17.7,233.2,93.4
2026-06-03T08:03:52Z,118.6,16.4,232.2,93.4
2026-06-03T08:05:55Z,118.1,16.8,232.1,93.4
2026-06-03T08:07:58Z,117.4,17.2,231.9,93.5
2026-06-03T08:10:01Z,118.6,16.4,230.9,93.5
2026-06-03T08:12:03Z,118.0,16.8,229.3,93.5
2026-06-03T08:14:06Z,117.5,17.2,227.8,93.6
2026-06-03T08:16:09Z,116.9,17.6,226.1,93.6
2026-06-03T08:18:12Z,116.7,17.7,225.7,93.6
2026-06-03T08:20:14Z,116.7,17.7,226.5,93.6
2026-06-03T08:22:17Z,116.7,17.8,239.0,93.3
2026-06-03T08:24:20Z,116.6,17.8,238.8,93.3
2026-06-03T08:26:22Z,116.6,17.8,238.8,93.3
2026-06-03T08:28:25Z,116.4,17.9,238.2,93.3
2026-06-03T08:30:28Z,116.4,18.0,238.1,93.3
2026-06-03T08:32:30Z,116.4,18.0,238.0,93.3
2026-06-03T08:34:33Z,116.4,18.0,238.2,93.3
2026-06-03T08:36:36Z,116.3,18.0,238.0,93.3
2026-06-03T08:38:38Z,116.3,18.0,238.0,93.3
2026-06-03T08:40:41Z,116.3,18.0,237.9,93.3
2026-06-03T08:42:44Z,116.3,18.0,237.9,93.3
2026-06-03T08:44:46Z,116.3,18.0,237.9,93.3
2026-06-03T08:46:49Z,116.3,18.0,237.7,93.3
2026-06-03T08:48:52Z,116.2,18.1,237.8,93.3
2026-06-03T08:50:55Z,116.2,18.1,237.8,93.3
2026-06-03T08:52:57Z,116.2,18.1,237.6,93.3
2026-06-03T08:55:00Z,116.2,18.1,237.7,93.3
2026-06-03T08:57:02Z,116.1,18.1,237.6,93.3
2026-06-03T08:59:05Z,116.1,18.1,237.2,93.3
2026-06-03T09:01:08Z,116.1,18.2,237.3,93.3
2026-06-03T09:03:10Z,115.9,18.3,236.8,93.3
2026-06-03T09:05:33Z,118.5,16.4,235.8,93.3
2026-06-03T09:07:36Z,118.0,16.8,234.0,93.4
2026-06-03T09:09:39Z,117.4,17.2,232.5,93.4
2026-06-03T09:11:41Z,116.9,17.6,231.1,93.5
2026-06-03T09:13:44Z,116.7,17.7,230.5,93.5
2026-06-03T09:15:47Z,116.6,17.8,230.3,93.5
2026-06-03T09:17:49Z,116.6,17.8,230.2,93.5
2026-06-03T09:19:52Z,116.6,17.8,230.2,93.5
2026-06-03T09:21:54Z,116.6,17.8,230.2,93.5
2026-06-03T09:23:57Z,116.4,18.0,229.6,93.5
2026-06-03T09:26:00Z,116.4,18.0,229.7,93.5
2026-06-03T09:28:03Z,116.3,18.0,229.8,93.5
2026-06-03T09:30:05Z,116.3,18.0,229.3,93.5
2026-06-03T09:32:08Z,116.3,18.0,229.3,93.5
2026-06-03T09:34:11Z,116.3,18.0,229.6,93.5
2026-06-03T09:36:13Z,116.3,18.1,229.3,93.5
2026-06-03T09:38:16Z,116.3,18.1,229.1,93.5
2026-06-03T09:40:19Z,116.2,18.1,229.2,93.5
2026-06-03T09:42:22Z,116.2,18.1,229.2,93.5
2026-06-03T09:44:24Z,116.2,18.1,229.2,93.5
2026-06-03T09:46:27Z,116.2,18.1,229.0,93.5
2026-06-03T09:48:30Z,116.2,18.1,229.1,93.5
2026-06-03T09:50:32Z,116.1,18.1,229.1,93.5
2026-06-03T09:52:35Z,116.1,18.1,229.1,93.5
2026-06-03T09:54:38Z,116.0,18.3,228.3,93.6
2026-06-03T09:57:00Z,118.5,16.4,227.4,93.6
2026-06-03T09:59:03Z,118.0,16.8,225.7,93.6
2026-06-03T10:01:06Z,117.4,17.2,224.1,93.7
2026-06-03T10:03:08Z,116.9,17.6,222.6,93.7
2026-06-03T10:05:12Z,116.7,17.8,222.2,93.7
2026-06-03T10:07:14Z,116.7,17.8,222.1,93.7
2026-06-03T10:09:17Z,116.7,17.8,222.0,93.7
2026-06-03T10:11:19Z,116.6,17.8,221.9,93.7
2026-06-03T10:13:22Z,116.6,17.8,222.0,93.7
2026-06-03T10:15:25Z,116.6,17.8,222.0,93.7
2026-06-03T10:17:28Z,116.6,17.8,222.0,93.7
2026-06-03T10:19:30Z,116.6,17.8,221.8,93.7
2026-06-03T10:21:33Z,116.6,17.8,221.8,93.7
2026-06-03T10:23:36Z,116.6,17.8,221.8,93.7
2026-06-03T10:25:38Z,116.5,17.8,221.8,93.7
2026-06-03T10:27:41Z,116.5,17.9,221.7,93.7
2026-06-03T10:29:44Z,116.5,17.9,221.4,93.7
2026-06-03T10:31:47Z,116.5,17.9,221.4,93.7
2026-06-03T10:33:50Z,116.5,17.9,221.3,93.8
2026-06-03T10:35:52Z,116.5,17.9,221.3,93.8
2026-06-03T10:37:55Z,116.5,17.9,221.2,93.8
2026-06-03T10:39:58Z,116.5,17.9,221.3,93.8
2026-06-03T10:42:00Z,116.5,17.9,221.3,93.8
2026-06-03T10:44:03Z,116.3,18.0,220.6,93.8
2026-06-03T10:46:06Z,116.3,18.0,220.8,93.8
2026-06-03T10:48:09Z,116.3,18.0,220.6,93.8
2026-06-03T10:50:11Z,116.3,18.1,220.6,93.8
2026-06-03T10:52:14Z,116.3,18.1,220.6,93.8
2026-06-03T10:54:16Z,116.2,18.1,220.7,93.8
2026-06-03T10:56:19Z,116.2,18.1,220.5,93.8
2026-06-03T10:58:22Z,116.2,18.1,220.3,93.8
2026-06-03T11:00:25Z,116.2,18.1,220.2,93.8
2026-06-03T11:02:27Z,116.2,18.1,220.0,93.8
2026-06-03T11:04:30Z,116.2,18.1,219.9,93.8
2026-06-03T11:06:33Z,116.2,18.1,219.9,93.8
2026-06-03T11:08:36Z,116.2,18.1,219.7,93.8
2026-06-03T11:10:38Z,116.2,18.1,219.8,93.8
2026-06-03T11:12:41Z,116.1,18.1,219.6,93.8
2026-06-03T11:14:44Z,116.1,18.2,219.6,93.8
2026-06-03T11:16:47Z,116.1,18.2,219.7,93.8
2026-06-03T11:18:50Z,116.1,18.2,219.6,93.8
2026-06-03T11:20:52Z,116.1,18.2,219.7,93.8
2026-06-03T11:22:55Z,116.1,18.2,219.5,93.8
2026-06-03T11:24:57Z,116.1,18.2,219.5,93.8
2026-06-03T11:27:00Z,116.1,18.2,219.4,93.8
2026-06-03T11:29:03Z,118.5,16.5,219.4,93.8
2026-06-03T11:31:05Z,118.3,16.6,217.9,93.8
2026-06-03T11:33:09Z,118.0,16.8,216.7,93.9
2026-06-03T11:35:11Z,117.6,17.1,215.7,93.9
2026-06-03T11:37:14Z,117.6,17.1,215.5,93.9
2026-06-03T11:39:17Z,117.6,17.1,215.5,93.9
2026-06-03T11:41:19Z,117.5,17.2,215.4,93.9
2026-06-03T11:43:22Z,117.5,17.2,215.5,93.9
2026-06-03T11:45:24Z,117.5,17.2,215.5,93.9
2026-06-03T11:47:27Z,117.5,17.2,215.3,93.9
2026-06-03T11:49:30Z,117.5,17.2,215.2,93.9
2026-06-03T11:51:33Z,117.4,17.2,215.3,93.9
2026-06-03T11:53:35Z,117.4,17.2,215.3,93.9
2026-06-03T11:55:38Z,117.4,17.2,215.2,93.9
2026-06-03T11:57:41Z,117.4,17.2,215.2,93.9
2026-06-03T11:59:43Z,117.4,17.2,215.0,93.9
2026-06-03T12:01:46Z,117.4,17.3,214.7,93.9
2026-06-03T12:03:49Z,116.9,17.6,213.7,94.0
2026-06-03T12:05:52Z,116.8,17.6,213.3,94.0
2026-06-03T12:07:54Z,116.8,17.6,213.4,94.0
2026-06-03T12:09:57Z,116.8,17.6,213.2,94.0
2026-06-03T12:11:59Z,116.8,17.7,213.1,94.0
2026-06-03T12:14:02Z,116.8,17.7,213.1,94.0
2026-06-03T12:16:05Z,116.8,17.7,213.2,94.0
2026-06-03T12:18:07Z,116.8,17.7,213.1,94.0
2026-06-03T12:20:10Z,116.6,17.8,212.4,94.0
2026-06-03T12:22:13Z,116.2,18.1,211.3,94.0
2026-06-03T12:24:16Z,116.2,18.1,211.3,94.0
2026-06-03T12:26:19Z,116.2,18.1,211.4,94.0
2026-06-03T12:28:21Z,116.2,18.1,211.3,94.0
2026-06-03T12:30:24Z,116.2,18.1,211.3,94.0
2026-06-03T12:32:26Z,116.2,18.1,211.0,94.0
2026-06-03T12:34:29Z,116.2,18.1,210.9,94.0
2026-06-03T12:36:32Z,116.1,18.1,210.9,94.0
2026-06-03T12:38:35Z,116.1,18.1,210.9,94.0
2026-06-03T12:40:37Z,116.1,18.1,210.7,94.1
2026-06-03T12:42:40Z,116.1,18.1,210.7,94.1
2026-06-03T12:44:43Z,116.1,18.1,210.8,94.0
2026-06-03T12:46:46Z,116.1,18.1,210.7,94.1
2026-06-03T12:48:48Z,116.1,18.2,210.6,94.1
2026-06-03T12:50:51Z,116.1,18.2,210.6,94.1
2026-06-03T12:52:54Z,116.1,18.2,210.5,94.1
2026-06-03T12:54:57Z,116.1,18.2,210.4,94.1
2026-06-03T12:57:00Z,116.1,18.2,210.4,94.1
2026-06-03T12:59:03Z,116.1,18.2,210.3,94.1
2026-06-03T13:01:05Z,116.1,18.2,210.4,94.1
2026-06-03T13:03:08Z,116.0,18.2,210.1,94.1
2026-06-03T13:05:11Z,116.0,18.2,210.0,94.1
2026-06-03T13:07:13Z,116.0,18.2,210.0,94.1
2026-06-03T13:09:16Z,116.0,18.2,209.9,94.1
2026-06-03T13:11:19Z,116.0,18.2,210.0,94.1
2026-06-03T13:13:21Z,116.0,18.2,209.9,94.1
2026-06-03T13:15:24Z,116.0,18.3,209.9,94.1
2026-06-03T13:17:27Z,115.9,18.3,209.7,94.1
2026-06-03T13:19:29Z,115.9,18.3,209.7,94.1
2026-06-03T13:21:32Z,115.9,18.3,209.7,94.1
2026-06-03T13:23:35Z,115.9,18.3,209.7,94.1
2026-06-03T13:25:37Z,115.9,18.3,209.7,94.1
2026-06-03T13:27:40Z,115.9,18.3,209.5,94.1
2026-06-03T13:29:43Z,115.9,18.3,209.5,94.1
2026-06-03T13:31:45Z,115.8,18.3,209.5,94.1
2026-06-03T13:33:48Z,115.8,18.4,209.3,94.1
2026-06-03T13:35:51Z,115.8,18.4,209.3,94.1
2026-06-03T13:37:53Z,115.8,18.4,209.3,94.1
2026-06-03T13:39:56Z,115.8,18.4,209.2,94.1
2026-06-03T13:41:59Z,115.8,18.4,209.4,94.1
2026-06-03T13:44:01Z,115.8,18.4,209.2,94.1
2026-06-03T13:46:04Z,115.8,18.4,209.2,94.1
2026-06-03T13:48:07Z,115.8,18.4,209.0,94.1
2026-06-03T13:50:09Z,115.8,18.4,209.1,94.1
2026-06-03T13:52:12Z,115.8,18.4,209.0,94.1
2026-06-03T13:54:15Z,115.8,18.4,209.0,94.1
2026-06-03T13:56:17Z,115.8,18.4,208.9,94.1
2026-06-03T13:58:20Z,115.8,18.4,209.1,94.1
2026-06-03T14:00:22Z,115.8,18.4,208.9,94.1
2026-06-03T14:02:25Z,115.8,18.4,208.8,94.1
2026-06-03T14:04:28Z,115.8,18.4,208.6,94.1
2026-06-03T14:06:30Z,115.7,18.4,208.7,94.1
2026-06-03T14:08:33Z,115.6,18.5,208.6,94.1
2026-06-03T14:10:36Z,115.6,18.5,208.5,94.1
2026-06-03T14:12:38Z,113.5,20.0,208.6,94.1
2026-06-03T14:14:41Z,115.5,18.6,208.6,94.1
2026-06-03T14:16:45Z,115.5,18.6,208.4,94.1
2026-06-03T14:18:47Z,115.5,18.6,208.5,94.1
2026-06-03T14:20:50Z,115.5,18.6,208.4,94.1
2026-06-03T14:22:52Z,115.5,18.6,208.5,94.1
2026-06-03T14:24:55Z,115.4,18.6,208.4,94.1
2026-06-03T14:26:58Z,115.4,18.6,208.3,94.1
2026-06-03T14:29:00Z,115.4,18.6,208.4,94.1
2026-06-03T14:31:03Z,115.4,18.6,208.2,94.1
2026-06-03T14:33:06Z,115.4,18.6,208.0,94.1
2026-06-03T14:35:08Z,115.4,18.6,208.0,94.1
2026-06-03T14:37:11Z,115.4,18.6,208.1,94.1
2026-06-03T14:39:13Z,115.4,18.6,207.9,94.1
2026-06-03T14:41:16Z,115.4,18.6,207.9,94.1
2026-06-03T14:43:19Z,115.4,18.6,207.9,94.1
2026-06-03T14:45:21Z,115.4,18.7,208.0,94.1
2026-06-03T14:47:24Z,115.4,18.7,207.7,94.1
2026-06-03T14:49:27Z,115.4,18.7,207.7,94.1
2026-06-03T14:51:29Z,115.4,18.7,207.7,94.1
2026-06-03T14:53:32Z,115.4,18.7,207.7,94.1
2026-06-03T14:55:34Z,115.4,18.7,207.7,94.1
2026-06-03T14:57:37Z,115.4,18.7,207.5,94.1
2026-06-03T14:59:40Z,115.3,18.7,207.5,94.1
2026-06-03T15:01:42Z,115.3,18.7,207.5,94.1
2026-06-03T15:03:45Z,115.3,18.7,207.3,94.1
2026-06-03T15:05:48Z,115.3,18.7,207.4,94.1
2026-06-03T15:07:50Z,115.3,18.7,207.1,94.2
2026-06-03T15:09:53Z,115.3,18.7,207.1,94.2
2026-06-03T15:11:55Z,115.3,18.7,207.2,94.2
2026-06-03T15:13:58Z,115.3,18.7,207.2,94.2
2026-06-03T15:16:01Z,115.3,18.7,207.1,94.2
2026-06-03T15:18:03Z,115.3,18.7,207.1,94.2
2026-06-03T15:20:06Z,115.3,18.7,207.0,94.2
2026-06-03T15:22:09Z,115.3,18.7,207.0,94.2
2026-06-03T15:24:11Z,115.3,18.7,206.9,94.2
2026-06-03T15:26:14Z,115.2,18.8,206.9,94.2
2026-06-03T15:28:17Z,115.2,18.8,206.9,94.2
2026-06-03T15:30:19Z,115.2,18.8,206.8,94.2
2026-06-03T15:32:22Z,115.2,18.8,206.9,94.2
2026-06-03T15:34:25Z,115.2,18.8,206.6,94.2
2026-06-03T15:36:27Z,115.2,18.8,206.6,94.2
2026-06-03T15:38:30Z,115.2,18.8,206.6,94.2
2026-06-03T15:40:32Z,115.2,18.8,206.6,94.2
2026-06-03T15:42:35Z,115.2,18.8,206.4,94.2
2026-06-03T15:44:38Z,115.1,18.8,206.5,94.2
2026-06-03T15:46:40Z,115.1,18.9,206.4,94.2
2026-06-03T15:48:43Z,115.1,18.9,206.3,94.2
2026-06-03T15:50:46Z,115.1,18.9,206.2,94.2
2026-06-03T15:52:48Z,115.1,18.9,206.2,94.2
2026-06-03T15:54:51Z,115.1,18.9,206.3,94.2
2026-06-03T15:56:53Z,115.1,18.9,206.3,94.2
2026-06-03T15:58:56Z,115.0,18.9,206.1,94.2
2026-06-03T16:00:59Z,115.0,18.9,206.3,94.2
2026-06-03T16:03:01Z,115.0,18.9,206.3,94.2
2026-06-03T16:05:04Z,115.0,18.9,206.0,94.2
2026-06-03T16:07:07Z,115.0,18.9,205.9,94.2
2026-06-03T16:09:09Z,115.0,18.9,205.8,94.2
2026-06-03T16:11:12Z,115.0,18.9,205.9,94.2
2026-06-03T16:13:14Z,115.0,18.9,205.7,94.2
2026-06-03T16:15:17Z,115.0,18.9,205.9,94.2
2026-06-03T16:17:20Z,115.0,18.9,205.9,94.2
2026-06-03T16:19:22Z,115.0,18.9,205.6,94.2
2026-06-03T16:21:25Z,115.0,19.0,205.8,94.2
2026-06-03T16:23:28Z,115.0,19.0,205.7,94.2
2026-06-03T16:25:30Z,115.0,19.0,205.6,94.2
2026-06-03T16:27:33Z,114.9,19.0,205.6,94.2
2026-06-03T16:29:35Z,114.9,19.0,205.6,94.2
2026-06-03T16:31:38Z,114.9,19.0,205.6,94.2
2026-06-03T16:33:41Z,114.8,19.0,205.4,94.2
2026-06-03T16:35:43Z,114.8,19.0,205.3,94.2
2026-06-03T16:37:46Z,114.8,19.0,205.1,94.2
2026-06-03T16:39:49Z,114.8,19.0,205.2,94.2
2026-06-03T16:41:51Z,114.8,19.0,205.2,94.2
2026-06-03T16:43:54Z,114.8,19.0,205.1,94.2
2026-06-03T16:45:56Z,114.8,19.0,205.1,94.2
2026-06-03T16:47:59Z,114.8,19.1,205.0,94.2
2026-06-03T16:50:02Z,114.8,19.1,205.0,94.2
2026-06-03T16:52:04Z,114.8,19.1,205.0,94.2
2026-06-03T16:54:07Z,114.8,19.1,205.0,94.2
2026-06-03T16:56:10Z,114.8,19.1,204.8,94.2
2026-06-03T16:58:12Z,114.8,19.1,204.8,94.2
2026-06-03T17:00:15Z,114.8,19.1,204.8,94.2
2026-06-03T17:02:18Z,114.8,19.1,204.8,94.2
2026-06-03T17:04:20Z,114.8,19.1,204.5,94.2
2026-06-03T17:06:23Z,114.8,19.1,204.5,94.2
2026-06-03T17:08:25Z,114.8,19.1,204.4,94.2
2026-06-03T17:10:28Z,114.8,19.1,204.4,94.2
2026-06-03T17:12:31Z,114.8,19.1,204.3,94.2
2026-06-03T17:14:33Z,114.8,19.1,204.4,94.2
2026-06-03T17:16:36Z,114.8,19.1,204.3,94.2
2026-06-03T17:18:39Z,114.8,19.1,204.2,94.2
2026-06-03T17:20:41Z,114.8,19.1,204.2,94.2
2026-06-03T17:22:44Z,114.7,19.1,204.2,94.2
2026-06-03T17:24:46Z,114.7,19.1,204.2,94.2
2026-06-03T17:26:49Z,114.7,19.1,204.2,94.2
2026-06-03T17:28:52Z,114.7,19.1,204.2,94.2
2026-06-03T17:30:54Z,114.7,19.1,204.1,94.2
2026-06-03T17:32:57Z,114.7,19.1,204.0,94.2
2026-06-03T17:35:00Z,114.7,19.1,203.9,94.2
2026-06-03T17:37:02Z,114.7,19.1,203.8,94.2
2026-06-03T17:39:05Z,114.7,19.1,203.7,94.2
2026-06-03T17:41:07Z,114.7,19.1,203.7,94.2
2026-06-03T17:43:10Z,114.7,19.1,203.6,94.3
2026-06-03T17:45:13Z,114.7,19.1,203.6,94.3
2026-06-03T17:47:16Z,114.7,19.1,203.6,94.3
2026-06-03T17:49:18Z,114.7,19.1,203.6,94.3
2026-06-03T17:51:21Z,114.7,19.1,203.5,94.3
2026-06-03T17:53:24Z,114.7,19.1,203.5,94.3
2026-06-03T17:55:27Z,114.7,19.1,203.5,94.3
2026-06-03T17:57:29Z,114.7,19.1,203.4,94.3
2026-06-03T17:59:32Z,114.7,19.1,203.4,94.3
2026-06-03T18:01:35Z,114.7,19.1,203.3,94.3
2026-06-03T18:03:37Z,114.7,19.1,203.4,94.3
2026-06-03T18:05:40Z,114.7,19.1,203.0,94.3
2026-06-03T18:07:42Z,114.7,19.1,203.0,94.3
2026-06-03T18:09:45Z,114.7,19.2,202.9,94.3
2026-06-03T18:11:48Z,114.7,19.2,203.0,94.3
2026-06-03T18:13:50Z,114.7,19.2,202.9,94.3
2026-06-03T18:15:53Z,114.7,19.1,202.9,94.3
2026-06-03T18:17:56Z,114.7,19.2,202.8,94.3
2026-06-03T18:19:58Z,114.7,19.2,202.8,94.3
2026-06-03T18:22:01Z,114.7,19.2,202.7,94.3
2026-06-03T18:24:03Z,114.7,19.2,202.8,94.3
2026-06-03T18:26:06Z,114.7,19.2,202.7,94.3
2026-06-03T18:28:09Z,114.7,19.2,202.8,94.3
2026-06-03T18:30:11Z,114.5,19.3,202.7,94.3
2026-06-03T18:32:14Z,114.5,19.3,202.7,94.3
2026-06-03T18:34:17Z,114.5,19.3,202.7,94.3
2026-06-03T18:36:19Z,114.5,19.3,202.5,94.3
2026-06-03T18:38:22Z,114.5,19.3,202.3,94.3
2026-06-03T18:40:25Z,114.5,19.3,202.4,94.3
2026-06-03T18:42:27Z,114.5,19.3,202.4,94.3
2026-06-03T18:44:30Z,114.5,19.3,202.4,94.3
2026-06-03T18:46:33Z,114.5,19.3,202.2,94.3
2026-06-03T18:48:35Z,114.5,19.3,202.2,94.3
2026-06-03T18:50:38Z,114.5,19.3,202.2,94.3
2026-06-03T18:52:40Z,114.5,19.3,202.2,94.3
2026-06-03T18:54:43Z,118.3,16.6,202.0,94.3
2026-06-03T18:56:46Z,117.9,16.9,200.3,94.3
2026-06-03T18:58:49Z,117.4,17.2,199.0,94.4
2026-06-03T19:00:51Z,117.0,17.5,197.6,94.4
2026-06-03T19:02:54Z,116.6,17.8,196.6,94.4
2026-06-03T19:04:57Z,116.6,17.8,196.9,94.4
2026-06-03T19:07:00Z,116.6,17.8,196.7,94.4
2026-06-03T19:09:02Z,116.6,17.8,196.7,94.4
2026-06-03T19:11:05Z,116.6,17.8,196.8,94.4
2026-06-03T19:13:07Z,116.6,17.8,196.8,94.4
2026-06-03T19:15:10Z,116.6,17.8,196.7,94.4
2026-06-03T19:17:13Z,116.6,17.8,196.6,94.5
2026-06-03T19:18:38Z,116.6,17.8,196.6,94.5
