timestamp,group,group_family
2026-06-17T17:53:03Z,novelty-ws-parser-transform,parser
2026-06-17T17:53:03Z,novelty-ws-many-user-lifecycle-completion,lifecycle
2026-06-17T17:53:04Z,novelty-ws-many-user-lifecycle,lifecycle
2026-06-17T17:53:04Z,novelty-ws-thirty-user-lifecycle,lifecycle
2026-06-17T17:53:07Z,novelty-ws-media-cross-entity-completion,async/media
2026-06-17T17:53:07Z,novelty-ws-media-cross-entity,async/media
2026-06-17T17:53:07Z,novelty-ws-permissions-auth-locks,auth/locks
2026-06-17T17:53:11Z,novelty-ws-long-session-large-doc,lifecycle
2026-06-17T17:53:11Z,novelty-http-same-user-stale-draft,lifecycle
2026-06-17T17:53:11Z,novelty-http-table-stale-snapshot,http
2026-06-17T17:53:11Z,novelty-http-existing-post-crdt-metadata,http
2026-06-17T17:55:35Z,novelty-ws-parser-transform,parser
2026-06-17T17:55:35Z,novelty-ws-media-cross-entity,async/media
2026-06-17T17:55:35Z,novelty-ws-long-session-large-doc,lifecycle
2026-06-17T17:55:46Z,novelty-http-large-post-lifecycle,lifecycle
2026-06-17T17:55:46Z,novelty-http-same-user-stale-draft,lifecycle
2026-06-17T17:55:46Z,novelty-http-table-stale-snapshot,http
2026-06-17T17:55:46Z,novelty-http-existing-post-crdt-metadata,http
2026-06-17T17:55:46Z,novelty-ws-parser-serialization,parser
2026-06-17T17:55:46Z,novelty-ws-multi-reload-lifecycle,lifecycle
2026-06-17T17:55:46Z,novelty-http-large-post-lifecycle-completion,lifecycle
2026-06-17T17:55:46Z,novelty-ws-thirty-user-lifecycle,lifecycle
2026-06-17T17:55:46Z,novelty-ws-many-user-lifecycle,lifecycle
2026-06-17T17:55:46Z,novelty-ws-media-cross-entity-completion,async/media
2026-06-17T17:58:26Z,novelty-ws-real-user-rich-text,real-user
2026-06-17T17:58:26Z,novelty-ws-real-user-editing,real-user
2026-06-17T17:58:26Z,novelty-ws-parser-serialization,parser
2026-06-17T17:58:26Z,novelty-ws-real-user-save-reload,real-user
2026-06-17T18:01:30Z,novelty-ws-real-user-editing,real-user
2026-06-17T18:01:30Z,novelty-ws-revision-persistence,persistence
2026-06-17T18:01:30Z,novelty-ws-parser-serialization,parser
2026-06-17T18:01:30Z,novelty-ws-multi-reload-lifecycle,lifecycle
2026-06-17T18:01:32Z,novelty-ws-thirty-user-lifecycle,lifecycle
2026-06-17T18:01:33Z,novelty-ws-real-user-save-reload,real-user
2026-06-17T18:04:46Z,novelty-ws-real-user-save-reload,real-user
2026-06-17T18:04:49Z,novelty-ws-media-cross-entity-completion,async/media
2026-06-17T18:04:52Z,novelty-ws-media-cross-entity,async/media
2026-06-17T18:05:09Z,novelty-http-large-post-lifecycle,lifecycle
2026-06-17T18:05:09Z,novelty-http-table-stale-snapshot,http
2026-06-17T18:05:09Z,novelty-ws-parser-serialization,parser
2026-06-17T18:05:09Z,novelty-http-persistence-probe,persistence
2026-06-17T18:05:09Z,novelty-ws-multi-reload-lifecycle,lifecycle
2026-06-17T18:05:09Z,novelty-ws-collaboration-ui-signals,other
2026-06-17T18:05:09Z,novelty-ws-thirty-user-lifecycle,lifecycle
2026-06-17T18:05:09Z,novelty-ws-permissions-auth-locks,auth/locks
2026-06-17T18:08:22Z,novelty-ws-permissions-auth-locks,auth/locks
2026-06-17T18:08:37Z,novelty-http-table-stale-snapshot,http
2026-06-17T18:08:37Z,novelty-http-title-reload-convergence,lifecycle
2026-06-17T18:08:37Z,novelty-http-persistence-probe,persistence
2026-06-17T18:08:37Z,novelty-ws-multi-reload-lifecycle,lifecycle
2026-06-17T18:08:37Z,novelty-ws-collaboration-ui-signals,other
2026-06-17T18:08:40Z,novelty-ws-thirty-user-lifecycle,lifecycle
2026-06-17T18:11:57Z,novelty-ws-parser-serialization,parser
2026-06-17T18:11:58Z,novelty-ws-block-gauntlet,auth/locks
2026-06-17T18:11:58Z,novelty-ws-real-user-editing,real-user
2026-06-17T18:11:58Z,novelty-ws-parser-serialization,parser
2026-06-17T18:11:58Z,novelty-http-large-post-lifecycle-completion,lifecycle
2026-06-17T18:11:58Z,novelty-ws-thirty-user-lifecycle,lifecycle
2026-06-17T18:11:58Z,novelty-ws-many-user-lifecycle-completion,lifecycle
2026-06-17T18:15:26Z,novelty-ws-parser-serialization,parser
2026-06-17T18:15:26Z,novelty-ws-media-cross-entity,async/media
2026-06-17T18:15:52Z,novelty-http-large-post-lifecycle,lifecycle
2026-06-17T18:15:52Z,novelty-http-title-reload-convergence,lifecycle
2026-06-17T18:15:52Z,novelty-http-same-user-stale-draft,lifecycle
2026-06-17T18:15:52Z,novelty-http-table-stale-snapshot,http
2026-06-17T18:15:52Z,novelty-http-existing-post-crdt-metadata,http
2026-06-17T18:15:52Z,novelty-http-persistence-probe,persistence
2026-06-17T18:15:52Z,novelty-ws-multi-reload-lifecycle,lifecycle
2026-06-17T18:15:52Z,novelty-ws-collaboration-ui-signals,other
2026-06-17T18:15:52Z,novelty-http-large-post-lifecycle-completion,lifecycle
2026-06-17T18:15:52Z,novelty-ws-thirty-user-lifecycle,lifecycle
2026-06-17T18:15:52Z,novelty-ws-many-user-lifecycle-completion,lifecycle
2026-06-17T18:15:52Z,novelty-ws-many-user-lifecycle,lifecycle
2026-06-17T18:19:10Z,novelty-ws-parser-serialization,parser
2026-06-17T18:19:19Z,novelty-http-large-post-lifecycle,lifecycle
2026-06-17T18:19:19Z,novelty-http-title-reload-convergence,lifecycle
2026-06-17T18:19:19Z,novelty-http-table-stale-snapshot,http
2026-06-17T18:19:19Z,novelty-http-persistence-probe,persistence
2026-06-17T18:19:19Z,novelty-http-large-post-lifecycle-completion,lifecycle
2026-06-17T18:19:19Z,novelty-ws-thirty-user-lifecycle,lifecycle
2026-06-17T18:19:19Z,novelty-ws-many-user-lifecycle-completion,lifecycle
2026-06-17T18:19:19Z,novelty-ws-many-user-lifecycle,lifecycle
2026-06-17T18:19:19Z,novelty-ws-media-cross-entity-completion,async/media
2026-06-17T18:19:19Z,novelty-ws-real-user-coverage-bridge,real-user
2026-06-17T18:23:15Z,novelty-http-large-post-lifecycle,lifecycle
2026-06-17T18:23:15Z,novelty-http-title-reload-convergence,lifecycle
2026-06-17T18:23:15Z,novelty-http-same-user-stale-draft,lifecycle
2026-06-17T18:23:15Z,novelty-http-table-stale-snapshot,http
2026-06-17T18:23:15Z,novelty-http-existing-post-crdt-metadata,http
2026-06-17T18:23:15Z,novelty-http-persistence-probe,persistence
2026-06-17T18:23:15Z,novelty-ws-parser-serialization,parser
2026-06-17T18:23:15Z,novelty-ws-multi-reload-lifecycle,lifecycle
2026-06-17T18:23:15Z,novelty-ws-collaboration-ui-signals,other
2026-06-17T18:23:15Z,novelty-http-large-post-lifecycle-completion,lifecycle
2026-06-17T18:23:15Z,novelty-ws-thirty-user-lifecycle,lifecycle
2026-06-17T18:23:15Z,novelty-ws-many-user-lifecycle-completion,lifecycle
2026-06-17T18:23:16Z,novelty-ws-many-user-lifecycle,lifecycle
2026-06-17T18:26:51Z,novelty-http-large-post-lifecycle,lifecycle
2026-06-17T18:26:51Z,novelty-http-title-reload-convergence,lifecycle
2026-06-17T18:26:51Z,novelty-http-same-user-stale-draft,lifecycle
2026-06-17T18:26:51Z,novelty-http-table-stale-snapshot,http
2026-06-17T18:26:51Z,novelty-http-existing-post-crdt-metadata,http
2026-06-17T18:26:51Z,novelty-http-persistence-probe,persistence
2026-06-17T18:26:51Z,novelty-ws-parser-serialization,parser
2026-06-17T18:26:51Z,novelty-ws-collaboration-ui-signals,other
2026-06-17T18:26:51Z,novelty-http-large-post-lifecycle-completion,lifecycle
2026-06-17T18:26:51Z,novelty-ws-thirty-user-lifecycle,lifecycle
2026-06-17T18:26:51Z,novelty-ws-many-user-lifecycle-completion,lifecycle
2026-06-17T18:26:51Z,novelty-ws-many-user-lifecycle,lifecycle
2026-06-17T18:26:51Z,novelty-ws-permissions-auth-locks,auth/locks
2026-06-17T18:30:32Z,novelty-ws-parser-serialization,parser
2026-06-17T18:30:56Z,novelty-http-large-post-lifecycle,lifecycle
2026-06-17T18:30:56Z,novelty-http-title-reload-convergence,lifecycle
2026-06-17T18:30:56Z,novelty-http-table-stale-snapshot,http
2026-06-17T18:30:56Z,novelty-http-existing-post-crdt-metadata,http
2026-06-17T18:30:56Z,novelty-http-persistence-probe,persistence
2026-06-17T18:30:56Z,novelty-http-large-post-lifecycle-completion,lifecycle
2026-06-17T18:30:56Z,novelty-ws-thirty-user-lifecycle,lifecycle
2026-06-17T18:30:56Z,novelty-ws-many-user-lifecycle-completion,lifecycle
2026-06-17T18:30:56Z,novelty-ws-many-user-lifecycle,lifecycle
2026-06-17T18:30:56Z,novelty-ws-long-session-large-doc,lifecycle
2026-06-17T18:34:42Z,novelty-ws-parser-serialization,parser
2026-06-17T18:34:43Z,novelty-ws-long-session-large-doc,lifecycle
2026-06-17T18:34:58Z,novelty-http-large-post-lifecycle,lifecycle
2026-06-17T18:34:58Z,novelty-http-title-reload-convergence,lifecycle
2026-06-17T18:34:58Z,novelty-http-table-stale-snapshot,http
2026-06-17T18:34:58Z,novelty-http-persistence-probe,persistence
2026-06-17T18:34:58Z,novelty-ws-multi-reload-lifecycle,lifecycle
2026-06-17T18:34:58Z,novelty-ws-collaboration-ui-signals,other
2026-06-17T18:35:01Z,novelty-http-large-post-lifecycle-completion,lifecycle
2026-06-17T18:35:01Z,novelty-ws-thirty-user-lifecycle,lifecycle
2026-06-17T18:35:01Z,novelty-ws-many-user-lifecycle-completion,lifecycle
2026-06-17T18:35:01Z,novelty-ws-many-user-lifecycle,lifecycle
2026-06-17T18:39:06Z,novelty-http-large-post-lifecycle,lifecycle
2026-06-17T18:39:06Z,novelty-http-title-reload-convergence,lifecycle
2026-06-17T18:39:06Z,novelty-http-same-user-stale-draft,lifecycle
2026-06-17T18:39:06Z,novelty-http-table-stale-snapshot,http
2026-06-17T18:39:06Z,novelty-http-existing-post-crdt-metadata,http
2026-06-17T18:39:06Z,novelty-http-persistence-probe,persistence
2026-06-17T18:39:06Z,novelty-ws-parser-serialization,parser
2026-06-17T18:39:06Z,novelty-http-large-post-lifecycle-completion,lifecycle
2026-06-17T18:39:06Z,novelty-ws-thirty-user-lifecycle,lifecycle
2026-06-17T18:39:06Z,novelty-ws-many-user-lifecycle-completion,lifecycle
2026-06-17T18:39:06Z,novelty-ws-many-user-lifecycle,lifecycle
2026-06-17T18:39:06Z,novelty-ws-permissions-auth-locks,auth/locks
2026-06-17T18:43:07Z,novelty-http-large-post-lifecycle,lifecycle
2026-06-17T18:43:07Z,novelty-http-title-reload-convergence,lifecycle
2026-06-17T18:43:07Z,novelty-http-same-user-stale-draft,lifecycle
2026-06-17T18:43:07Z,novelty-http-existing-post-crdt-metadata,http
2026-06-17T18:43:07Z,novelty-http-persistence-probe,persistence
2026-06-17T18:43:07Z,novelty-ws-parser-serialization,parser
2026-06-17T18:43:07Z,novelty-ws-collaboration-ui-signals,other
2026-06-17T18:43:07Z,novelty-http-large-post-lifecycle-completion,lifecycle
2026-06-17T18:43:07Z,novelty-ws-thirty-user-lifecycle,lifecycle
2026-06-17T18:43:07Z,novelty-ws-many-user-lifecycle-completion,lifecycle
2026-06-17T18:43:07Z,novelty-ws-many-user-lifecycle,lifecycle
2026-06-17T18:43:08Z,novelty-ws-long-session-large-doc,lifecycle
2026-06-17T18:47:00Z,novelty-ws-long-session-large-doc,lifecycle
2026-06-17T18:47:18Z,novelty-http-large-post-lifecycle,lifecycle
2026-06-17T18:47:18Z,novelty-http-title-reload-convergence,lifecycle
2026-06-17T18:47:18Z,novelty-http-same-user-stale-draft,lifecycle
2026-06-17T18:47:18Z,novelty-http-table-stale-snapshot,http
2026-06-17T18:47:18Z,novelty-http-existing-post-crdt-metadata,http
2026-06-17T18:47:18Z,novelty-http-persistence-probe,persistence
2026-06-17T18:47:18Z,novelty-ws-parser-serialization,parser
2026-06-17T18:47:18Z,novelty-http-large-post-lifecycle-completion,lifecycle
2026-06-17T18:47:18Z,novelty-ws-thirty-user-lifecycle,lifecycle
2026-06-17T18:47:18Z,novelty-ws-many-user-lifecycle-completion,lifecycle
2026-06-17T18:47:18Z,novelty-ws-many-user-lifecycle,lifecycle
2026-06-17T18:47:18Z,novelty-ws-long-session-large-doc,lifecycle
2026-06-17T18:51:01Z,novelty-ws-long-session-large-doc,lifecycle
2026-06-17T18:51:16Z,novelty-http-large-post-lifecycle,lifecycle
2026-06-17T18:51:16Z,novelty-http-same-user-stale-draft,lifecycle
2026-06-17T18:51:16Z,novelty-http-table-stale-snapshot,http
2026-06-17T18:51:16Z,novelty-http-existing-post-crdt-metadata,http
2026-06-17T18:51:16Z,novelty-http-persistence-probe,persistence
2026-06-17T18:51:16Z,novelty-ws-parser-serialization,parser
2026-06-17T18:51:16Z,novelty-ws-multi-reload-lifecycle,lifecycle
2026-06-17T18:51:16Z,novelty-ws-collaboration-ui-signals,other
2026-06-17T18:51:16Z,novelty-http-large-post-lifecycle-completion,lifecycle
2026-06-17T18:51:16Z,novelty-ws-thirty-user-lifecycle,lifecycle
2026-06-17T18:51:16Z,novelty-ws-many-user-lifecycle-completion,lifecycle
2026-06-17T18:51:16Z,novelty-ws-many-user-lifecycle,lifecycle
2026-06-17T18:55:22Z,novelty-http-large-post-lifecycle,lifecycle
2026-06-17T18:55:22Z,novelty-http-title-reload-convergence,lifecycle
2026-06-17T18:55:22Z,novelty-http-same-user-stale-draft,lifecycle
2026-06-17T18:55:22Z,novelty-http-table-stale-snapshot,http
2026-06-17T18:55:22Z,novelty-http-existing-post-crdt-metadata,http
2026-06-17T18:55:22Z,novelty-http-persistence-probe,persistence
2026-06-17T18:55:22Z,novelty-ws-parser-serialization,parser
2026-06-17T18:55:22Z,novelty-ws-multi-reload-lifecycle,lifecycle
2026-06-17T18:55:22Z,novelty-http-large-post-lifecycle-completion,lifecycle
2026-06-17T18:55:22Z,novelty-ws-thirty-user-lifecycle,lifecycle
2026-06-17T18:55:22Z,novelty-ws-many-user-lifecycle-completion,lifecycle
2026-06-17T18:55:22Z,novelty-ws-many-user-lifecycle,lifecycle
2026-06-17T18:59:03Z,novelty-http-large-post-lifecycle,lifecycle
2026-06-17T18:59:03Z,novelty-http-title-reload-convergence,lifecycle
2026-06-17T18:59:03Z,novelty-http-same-user-stale-draft,lifecycle
2026-06-17T18:59:03Z,novelty-http-table-stale-snapshot,http
2026-06-17T18:59:03Z,novelty-http-existing-post-crdt-metadata,http
2026-06-17T18:59:03Z,novelty-http-persistence-probe,persistence
2026-06-17T18:59:03Z,novelty-ws-parser-serialization,parser
2026-06-17T18:59:03Z,novelty-http-large-post-lifecycle-completion,lifecycle
2026-06-17T18:59:03Z,novelty-ws-thirty-user-lifecycle,lifecycle
2026-06-17T18:59:03Z,novelty-ws-many-user-lifecycle-completion,lifecycle
2026-06-17T18:59:03Z,novelty-ws-many-user-lifecycle,lifecycle
2026-06-17T18:59:03Z,novelty-ws-long-session-large-doc,lifecycle
2026-06-17T19:03:01Z,novelty-ws-long-session-large-doc,lifecycle
2026-06-17T19:03:22Z,novelty-http-large-post-lifecycle,lifecycle
2026-06-17T19:03:22Z,novelty-http-title-reload-convergence,lifecycle
2026-06-17T19:03:22Z,novelty-http-same-user-stale-draft,lifecycle
2026-06-17T19:03:22Z,novelty-http-table-stale-snapshot,http
2026-06-17T19:03:22Z,novelty-http-existing-post-crdt-metadata,http
2026-06-17T19:03:22Z,novelty-http-persistence-probe,persistence
2026-06-17T19:03:22Z,novelty-ws-parser-serialization,parser
2026-06-17T19:03:22Z,novelty-http-large-post-lifecycle-completion,lifecycle
2026-06-17T19:03:22Z,novelty-ws-thirty-user-lifecycle,lifecycle
2026-06-17T19:03:22Z,novelty-ws-many-user-lifecycle-completion,lifecycle
2026-06-17T19:03:22Z,novelty-ws-many-user-lifecycle,lifecycle
2026-06-17T19:03:22Z,novelty-ws-long-session-large-doc,lifecycle
2026-06-17T19:07:17Z,novelty-ws-long-session-large-doc,lifecycle
2026-06-17T19:07:27Z,novelty-http-large-post-lifecycle,lifecycle
2026-06-17T19:07:27Z,novelty-http-same-user-stale-draft,lifecycle
2026-06-17T19:07:27Z,novelty-http-table-stale-snapshot,http
2026-06-17T19:07:27Z,novelty-http-existing-post-crdt-metadata,http
2026-06-17T19:07:27Z,novelty-http-persistence-probe,persistence
2026-06-17T19:07:27Z,novelty-ws-parser-serialization,parser
2026-06-17T19:07:27Z,novelty-ws-multi-reload-lifecycle,lifecycle
2026-06-17T19:07:27Z,novelty-ws-collaboration-ui-signals,other
2026-06-17T19:07:27Z,novelty-http-large-post-lifecycle-completion,lifecycle
2026-06-17T19:07:27Z,novelty-ws-thirty-user-lifecycle,lifecycle
2026-06-17T19:07:27Z,novelty-ws-many-user-lifecycle-completion,lifecycle
2026-06-17T19:07:27Z,novelty-ws-many-user-lifecycle,lifecycle
2026-06-17T19:11:56Z,novelty-http-large-post-lifecycle,lifecycle
2026-06-17T19:11:56Z,novelty-http-title-reload-convergence,lifecycle
2026-06-17T19:11:56Z,novelty-http-same-user-stale-draft,lifecycle
2026-06-17T19:11:56Z,novelty-http-table-stale-snapshot,http
2026-06-17T19:11:56Z,novelty-http-existing-post-crdt-metadata,http
2026-06-17T19:11:56Z,novelty-http-persistence-probe,persistence
2026-06-17T19:11:56Z,novelty-ws-parser-serialization,parser
2026-06-17T19:11:56Z,novelty-http-large-post-lifecycle-completion,lifecycle
2026-06-17T19:11:56Z,novelty-ws-thirty-user-lifecycle,lifecycle
2026-06-17T19:11:56Z,novelty-ws-many-user-lifecycle-completion,lifecycle
2026-06-17T19:11:56Z,novelty-ws-many-user-lifecycle,lifecycle
2026-06-17T19:11:56Z,novelty-ws-long-session-large-doc,lifecycle
2026-06-17T19:15:56Z,novelty-ws-long-session-large-doc,lifecycle
2026-06-17T19:16:14Z,novelty-http-large-post-lifecycle,lifecycle
2026-06-17T19:16:14Z,novelty-http-title-reload-convergence,lifecycle
2026-06-17T19:16:14Z,novelty-http-same-user-stale-draft,lifecycle
2026-06-17T19:16:14Z,novelty-http-table-stale-snapshot,http
2026-06-17T19:16:14Z,novelty-http-existing-post-crdt-metadata,http
2026-06-17T19:16:14Z,novelty-http-persistence-probe,persistence
2026-06-17T19:16:14Z,novelty-ws-parser-serialization,parser
2026-06-17T19:16:14Z,novelty-ws-multi-reload-lifecycle,lifecycle
2026-06-17T19:16:14Z,novelty-http-large-post-lifecycle-completion,lifecycle
2026-06-17T19:16:14Z,novelty-ws-thirty-user-lifecycle,lifecycle
2026-06-17T19:16:14Z,novelty-ws-many-user-lifecycle-completion,lifecycle
2026-06-17T19:16:14Z,novelty-ws-many-user-lifecycle,lifecycle
2026-06-17T19:20:21Z,novelty-http-large-post-lifecycle,lifecycle
2026-06-17T19:20:21Z,novelty-http-same-user-stale-draft,lifecycle
2026-06-17T19:20:21Z,novelty-http-table-stale-snapshot,http
2026-06-17T19:20:21Z,novelty-http-existing-post-crdt-metadata,http
2026-06-17T19:20:21Z,novelty-http-persistence-probe,persistence
2026-06-17T19:20:21Z,novelty-ws-parser-serialization,parser
2026-06-17T19:20:21Z,novelty-ws-multi-reload-lifecycle,lifecycle
2026-06-17T19:20:21Z,novelty-ws-collaboration-ui-signals,other
2026-06-17T19:20:21Z,novelty-http-large-post-lifecycle-completion,lifecycle
2026-06-17T19:20:21Z,novelty-ws-thirty-user-lifecycle,lifecycle
2026-06-17T19:20:21Z,novelty-ws-many-user-lifecycle-completion,lifecycle
2026-06-17T19:20:21Z,novelty-ws-many-user-lifecycle,lifecycle
2026-06-17T19:24:33Z,novelty-ws-parser-serialization,parser
2026-06-17T19:25:04Z,novelty-http-large-post-lifecycle,lifecycle
2026-06-17T19:25:04Z,novelty-http-title-reload-convergence,lifecycle
2026-06-17T19:25:04Z,novelty-http-table-stale-snapshot,http
2026-06-17T19:25:04Z,novelty-http-existing-post-crdt-metadata,http
2026-06-17T19:25:04Z,novelty-http-persistence-probe,persistence
2026-06-17T19:25:04Z,novelty-ws-multi-reload-lifecycle,lifecycle
2026-06-17T19:25:04Z,novelty-http-large-post-lifecycle-completion,lifecycle
2026-06-17T19:25:04Z,novelty-ws-thirty-user-lifecycle,lifecycle
2026-06-17T19:25:04Z,novelty-ws-many-user-lifecycle-completion,lifecycle
2026-06-17T19:25:04Z,novelty-ws-many-user-lifecycle,lifecycle
2026-06-17T19:25:04Z,novelty-ws-long-session-large-doc,lifecycle
2026-06-17T19:29:26Z,novelty-http-large-post-lifecycle,lifecycle
2026-06-17T19:29:26Z,novelty-http-title-reload-convergence,lifecycle
2026-06-17T19:29:26Z,novelty-http-same-user-stale-draft,lifecycle
2026-06-17T19:29:26Z,novelty-http-table-stale-snapshot,http
2026-06-17T19:29:26Z,novelty-http-existing-post-crdt-metadata,http
2026-06-17T19:29:26Z,novelty-http-persistence-probe,persistence
2026-06-17T19:29:26Z,novelty-ws-parser-serialization,parser
2026-06-17T19:29:26Z,novelty-ws-multi-reload-lifecycle,lifecycle
2026-06-17T19:29:26Z,novelty-http-large-post-lifecycle-completion,lifecycle
2026-06-17T19:29:26Z,novelty-ws-thirty-user-lifecycle,lifecycle
2026-06-17T19:29:26Z,novelty-ws-many-user-lifecycle-completion,lifecycle
2026-06-17T19:29:26Z,novelty-ws-many-user-lifecycle,lifecycle
2026-06-17T19:29:29Z,novelty-ws-long-session-large-doc,lifecycle
2026-06-17T19:33:29Z,novelty-ws-parser-serialization,parser
2026-06-17T19:33:43Z,novelty-http-large-post-lifecycle,lifecycle
2026-06-17T19:33:43Z,novelty-http-title-reload-convergence,lifecycle
2026-06-17T19:33:43Z,novelty-http-table-stale-snapshot,http
2026-06-17T19:33:43Z,novelty-http-persistence-probe,persistence
2026-06-17T19:33:43Z,novelty-http-large-post-lifecycle-completion,lifecycle
2026-06-17T19:33:43Z,novelty-ws-thirty-user-lifecycle,lifecycle
2026-06-17T19:33:43Z,novelty-ws-many-user-lifecycle-completion,lifecycle
2026-06-17T19:33:43Z,novelty-ws-many-user-lifecycle,lifecycle
2026-06-17T19:33:43Z,novelty-ws-real-user-save-reload,real-user
2026-06-17T19:37:51Z,novelty-ws-parser-serialization,parser
2026-06-17T19:38:08Z,novelty-http-large-post-lifecycle,lifecycle
2026-06-17T19:38:08Z,novelty-http-title-reload-convergence,lifecycle
2026-06-17T19:38:08Z,novelty-http-table-stale-snapshot,http
2026-06-17T19:38:08Z,novelty-http-persistence-probe,persistence
2026-06-17T19:38:08Z,novelty-ws-multi-reload-lifecycle,lifecycle
2026-06-17T19:38:08Z,novelty-http-large-post-lifecycle-completion,lifecycle
2026-06-17T19:38:08Z,novelty-ws-thirty-user-lifecycle,lifecycle
2026-06-17T19:38:08Z,novelty-ws-many-user-lifecycle-completion,lifecycle
2026-06-17T19:38:08Z,novelty-ws-many-user-lifecycle,lifecycle
2026-06-17T19:42:55Z,novelty-http-large-post-lifecycle,lifecycle
2026-06-17T19:42:55Z,novelty-http-title-reload-convergence,lifecycle
2026-06-17T19:42:55Z,novelty-http-same-user-stale-draft,lifecycle
2026-06-17T19:42:55Z,novelty-http-table-stale-snapshot,http
2026-06-17T19:42:55Z,novelty-http-existing-post-crdt-metadata,http
2026-06-17T19:42:55Z,novelty-http-persistence-probe,persistence
2026-06-17T19:42:55Z,novelty-ws-parser-serialization,parser
2026-06-17T19:42:55Z,novelty-ws-collaboration-ui-signals,other
2026-06-17T19:42:55Z,novelty-http-large-post-lifecycle-completion,lifecycle
2026-06-17T19:42:55Z,novelty-ws-thirty-user-lifecycle,lifecycle
2026-06-17T19:42:55Z,novelty-ws-many-user-lifecycle-completion,lifecycle
2026-06-17T19:42:56Z,novelty-ws-many-user-lifecycle,lifecycle
2026-06-17T19:42:58Z,novelty-ws-real-user-editing,real-user
2026-06-17T19:47:37Z,novelty-http-large-post-lifecycle,lifecycle
2026-06-17T19:47:37Z,novelty-http-title-reload-convergence,lifecycle
2026-06-17T19:47:37Z,novelty-http-same-user-stale-draft,lifecycle
2026-06-17T19:47:37Z,novelty-http-table-stale-snapshot,http
2026-06-17T19:47:37Z,novelty-http-existing-post-crdt-metadata,http
2026-06-17T19:47:37Z,novelty-ws-parser-serialization,parser
2026-06-17T19:47:37Z,novelty-http-large-post-lifecycle-completion,lifecycle
2026-06-17T19:47:37Z,novelty-ws-thirty-user-lifecycle,lifecycle
2026-06-17T19:47:37Z,novelty-ws-many-user-lifecycle-completion,lifecycle
2026-06-17T19:47:37Z,novelty-ws-many-user-lifecycle,lifecycle
2026-06-17T19:47:37Z,novelty-ws-long-session-large-doc,lifecycle
2026-06-17T19:47:37Z,novelty-ws-real-user-coverage-bridge,real-user
2026-06-17T19:47:37Z,novelty-ws-parser-transform,parser
2026-06-17T19:51:43Z,novelty-ws-long-session-large-doc,lifecycle
2026-06-17T19:52:15Z,novelty-ws-multi-reload-lifecycle,lifecycle
2026-06-17T19:52:15Z,novelty-http-large-post-lifecycle,lifecycle
2026-06-17T19:52:15Z,novelty-http-title-reload-convergence,lifecycle
2026-06-17T19:52:15Z,novelty-http-same-user-stale-draft,lifecycle
2026-06-17T19:52:15Z,novelty-http-table-stale-snapshot,http
2026-06-17T19:52:15Z,novelty-http-existing-post-crdt-metadata,http
2026-06-17T19:52:15Z,novelty-ws-parser-serialization,parser
2026-06-17T19:52:15Z,novelty-ws-collaboration-ui-signals,other
2026-06-17T19:52:15Z,novelty-http-large-post-lifecycle-completion,lifecycle
2026-06-17T19:52:15Z,novelty-ws-thirty-user-lifecycle,lifecycle
2026-06-17T19:52:15Z,novelty-ws-many-user-lifecycle-completion,lifecycle
2026-06-17T19:52:15Z,novelty-ws-many-user-lifecycle,lifecycle
2026-06-17T19:56:37Z,novelty-ws-parser-serialization,parser
2026-06-17T19:57:06Z,novelty-http-large-post-lifecycle,lifecycle
2026-06-17T19:57:06Z,novelty-http-title-reload-convergence,lifecycle
2026-06-17T19:57:06Z,novelty-http-table-stale-snapshot,http
2026-06-17T19:57:06Z,novelty-http-existing-post-crdt-metadata,http
2026-06-17T19:57:06Z,novelty-http-large-post-lifecycle-completion,lifecycle
2026-06-17T19:57:06Z,novelty-ws-thirty-user-lifecycle,lifecycle
2026-06-17T19:57:06Z,novelty-ws-many-user-lifecycle-completion,lifecycle
2026-06-17T19:57:06Z,novelty-ws-many-user-lifecycle,lifecycle
2026-06-17T19:57:06Z,novelty-ws-real-user-coverage-bridge,real-user
2026-06-17T19:57:06Z,novelty-ws-block-gauntlet,auth/locks
2026-06-17T20:02:21Z,novelty-http-large-post-lifecycle,lifecycle
2026-06-17T20:02:21Z,novelty-http-table-stale-snapshot,http
2026-06-17T20:02:21Z,novelty-http-large-post-lifecycle-completion,lifecycle
2026-06-17T20:02:21Z,novelty-ws-thirty-user-lifecycle,lifecycle
2026-06-17T20:02:21Z,novelty-ws-many-user-lifecycle-completion,lifecycle
2026-06-17T20:02:21Z,novelty-ws-many-user-lifecycle,lifecycle
2026-06-17T20:02:21Z,novelty-ws-real-user-coverage-bridge,real-user
2026-06-17T20:07:39Z,novelty-http-title-reload-convergence,lifecycle
2026-06-17T20:07:39Z,novelty-http-table-stale-snapshot,http
2026-06-17T20:07:39Z,novelty-ws-multi-reload-lifecycle,lifecycle
2026-06-17T20:07:39Z,novelty-ws-collaboration-ui-signals,other
2026-06-17T20:07:39Z,novelty-http-large-post-lifecycle-completion,lifecycle
2026-06-17T20:07:39Z,novelty-ws-thirty-user-lifecycle,lifecycle
2026-06-17T20:07:39Z,novelty-ws-many-user-lifecycle-completion,lifecycle
2026-06-17T20:07:39Z,novelty-ws-many-user-lifecycle,lifecycle
2026-06-17T20:07:39Z,novelty-ws-real-user-coverage-bridge,real-user
2026-06-17T20:13:46Z,novelty-ws-revision-recovery,persistence
2026-06-17T20:13:49Z,novelty-ws-three-user-late-join,lifecycle
2026-06-17T20:13:53Z,novelty-ws-revision-persistence,persistence
2026-06-17T20:13:53Z,novelty-ws-thirty-user-lifecycle,lifecycle
2026-06-17T20:13:57Z,novelty-ws-many-user-lifecycle-completion,lifecycle
2026-06-17T20:20:36Z,novelty-ws-parser-serialization,parser
2026-06-17T20:20:59Z,novelty-ws-multi-reload-lifecycle,lifecycle
2026-06-17T20:20:59Z,novelty-http-large-post-lifecycle,lifecycle
2026-06-17T20:20:59Z,novelty-http-title-reload-convergence,lifecycle
2026-06-17T20:20:59Z,novelty-http-same-user-stale-draft,lifecycle
2026-06-17T20:20:59Z,novelty-http-table-stale-snapshot,http
2026-06-17T20:20:59Z,novelty-http-existing-post-crdt-metadata,http
2026-06-17T20:20:59Z,novelty-ws-collaboration-ui-signals,other
2026-06-17T20:20:59Z,novelty-ws-thirty-user-lifecycle,lifecycle
2026-06-17T20:20:59Z,novelty-ws-many-user-lifecycle-completion,lifecycle
2026-06-17T20:20:59Z,novelty-ws-many-user-lifecycle,lifecycle
2026-06-17T20:20:59Z,novelty-ws-real-user-coverage-bridge,real-user
2026-06-17T20:25:49Z,novelty-http-large-post-lifecycle-completion,lifecycle
2026-06-17T20:26:20Z,novelty-http-large-post-lifecycle,lifecycle
2026-06-17T20:26:20Z,novelty-http-title-reload-convergence,lifecycle
2026-06-17T20:26:20Z,novelty-http-same-user-stale-draft,lifecycle
2026-06-17T20:26:20Z,novelty-http-table-stale-snapshot,http
2026-06-17T20:26:20Z,novelty-http-existing-post-crdt-metadata,http
2026-06-17T20:26:20Z,novelty-ws-multi-reload-lifecycle,lifecycle
2026-06-17T20:26:20Z,novelty-ws-collaboration-ui-signals,other
2026-06-17T20:26:20Z,novelty-ws-thirty-user-lifecycle,lifecycle
2026-06-17T20:26:20Z,novelty-ws-many-user-lifecycle-completion,lifecycle
2026-06-17T20:26:20Z,novelty-ws-many-user-lifecycle,lifecycle
2026-06-17T20:26:23Z,novelty-ws-real-user-coverage-bridge,real-user
2026-06-17T20:32:36Z,novelty-http-large-post-lifecycle,lifecycle
2026-06-17T20:32:36Z,novelty-http-table-stale-snapshot,http
2026-06-17T20:32:36Z,novelty-ws-collaboration-ui-signals,other
2026-06-17T20:32:36Z,novelty-ws-thirty-user-lifecycle,lifecycle
2026-06-17T20:32:36Z,novelty-ws-many-user-lifecycle-completion,lifecycle
2026-06-17T20:32:36Z,novelty-ws-many-user-lifecycle,lifecycle
2026-06-17T20:32:36Z,novelty-ws-real-user-coverage-bridge,real-user
2026-06-17T20:39:09Z,novelty-http-large-post-lifecycle,lifecycle
2026-06-17T20:39:09Z,novelty-http-title-reload-convergence,lifecycle
2026-06-17T20:39:09Z,novelty-http-table-stale-snapshot,http
2026-06-17T20:39:09Z,novelty-http-existing-post-crdt-metadata,http
2026-06-17T20:39:09Z,novelty-ws-multi-reload-lifecycle,lifecycle
2026-06-17T20:39:09Z,novelty-http-large-post-lifecycle-completion,lifecycle
2026-06-17T20:39:09Z,novelty-ws-thirty-user-lifecycle,lifecycle
2026-06-17T20:39:09Z,novelty-ws-many-user-lifecycle-completion,lifecycle
2026-06-17T20:39:09Z,novelty-ws-many-user-lifecycle,lifecycle
2026-06-17T20:39:09Z,novelty-ws-real-user-coverage-bridge,real-user
2026-06-17T20:45:44Z,novelty-http-table-stale-snapshot,http
2026-06-17T20:45:44Z,novelty-ws-multi-reload-lifecycle,lifecycle
2026-06-17T20:45:44Z,novelty-ws-collaboration-ui-signals,other
2026-06-17T20:45:44Z,novelty-http-large-post-lifecycle-completion,lifecycle
2026-06-17T20:45:44Z,novelty-ws-thirty-user-lifecycle,lifecycle
2026-06-17T20:45:44Z,novelty-ws-many-user-lifecycle-completion,lifecycle
2026-06-17T20:45:44Z,novelty-ws-many-user-lifecycle,lifecycle
2026-06-17T20:45:44Z,novelty-ws-real-user-coverage-bridge,real-user
2026-06-17T20:50:53Z,novelty-http-large-post-lifecycle,lifecycle
2026-06-17T20:50:53Z,novelty-ws-collaboration-ui-signals,other
2026-06-17T20:50:53Z,novelty-http-large-post-lifecycle-completion,lifecycle
2026-06-17T20:50:53Z,novelty-ws-thirty-user-lifecycle,lifecycle
2026-06-17T20:50:53Z,novelty-ws-many-user-lifecycle-completion,lifecycle
2026-06-17T20:50:53Z,novelty-ws-many-user-lifecycle,lifecycle
2026-06-17T20:50:53Z,novelty-ws-real-user-coverage-bridge,real-user
2026-06-17T20:56:24Z,novelty-http-large-post-lifecycle,lifecycle
2026-06-17T20:56:24Z,novelty-http-title-reload-convergence,lifecycle
2026-06-17T20:56:24Z,novelty-http-table-stale-snapshot,http
2026-06-17T20:56:24Z,novelty-http-existing-post-crdt-metadata,http
2026-06-17T20:56:24Z,novelty-ws-parser-serialization,parser
2026-06-17T20:56:24Z,novelty-ws-multi-reload-lifecycle,lifecycle
2026-06-17T20:56:24Z,novelty-http-large-post-lifecycle-completion,lifecycle
2026-06-17T20:56:24Z,novelty-ws-thirty-user-lifecycle,lifecycle
2026-06-17T20:56:24Z,novelty-ws-many-user-lifecycle-completion,lifecycle
2026-06-17T20:56:24Z,novelty-ws-many-user-lifecycle,lifecycle
2026-06-17T20:56:24Z,novelty-ws-real-user-coverage-bridge,real-user
2026-06-17T21:01:49Z,novelty-http-large-post-lifecycle,lifecycle
2026-06-17T21:01:49Z,novelty-http-title-reload-convergence,lifecycle
2026-06-17T21:01:49Z,novelty-http-same-user-stale-draft,lifecycle
2026-06-17T21:01:49Z,novelty-http-table-stale-snapshot,http
2026-06-17T21:01:49Z,novelty-http-existing-post-crdt-metadata,http
2026-06-17T21:01:49Z,novelty-ws-parser-serialization,parser
2026-06-17T21:01:49Z,novelty-ws-multi-reload-lifecycle,lifecycle
2026-06-17T21:01:49Z,novelty-ws-collaboration-ui-signals,other
2026-06-17T21:01:49Z,novelty-http-large-post-lifecycle-completion,lifecycle
2026-06-17T21:01:49Z,novelty-ws-thirty-user-lifecycle,lifecycle
2026-06-17T21:01:49Z,novelty-ws-many-user-lifecycle-completion,lifecycle
2026-06-17T21:01:49Z,novelty-ws-many-user-lifecycle,lifecycle
2026-06-17T21:01:50Z,novelty-ws-real-user-coverage-bridge,real-user
2026-06-17T21:07:25Z,novelty-http-large-post-lifecycle,lifecycle
2026-06-17T21:07:25Z,novelty-http-title-reload-convergence,lifecycle
2026-06-17T21:07:25Z,novelty-http-same-user-stale-draft,lifecycle
2026-06-17T21:07:25Z,novelty-http-table-stale-snapshot,http
2026-06-17T21:07:25Z,novelty-http-existing-post-crdt-metadata,http
2026-06-17T21:07:25Z,novelty-ws-multi-reload-lifecycle,lifecycle
2026-06-17T21:07:25Z,novelty-http-large-post-lifecycle-completion,lifecycle
2026-06-17T21:07:25Z,novelty-ws-thirty-user-lifecycle,lifecycle
2026-06-17T21:07:25Z,novelty-ws-many-user-lifecycle-completion,lifecycle
2026-06-17T21:07:25Z,novelty-ws-many-user-lifecycle,lifecycle
2026-06-17T21:07:25Z,novelty-ws-real-user-coverage-bridge,real-user
2026-06-17T21:13:02Z,novelty-http-large-post-lifecycle,lifecycle
2026-06-17T21:13:02Z,novelty-ws-parser-serialization,parser
2026-06-17T21:13:02Z,novelty-ws-multi-reload-lifecycle,lifecycle
2026-06-17T21:13:02Z,novelty-http-large-post-lifecycle-completion,lifecycle
2026-06-17T21:13:02Z,novelty-ws-thirty-user-lifecycle,lifecycle
2026-06-17T21:13:02Z,novelty-ws-real-user-coverage-bridge,real-user
2026-06-17T21:13:02Z,novelty-ws-many-user-lifecycle-completion,lifecycle
2026-06-17T21:13:02Z,novelty-ws-many-user-lifecycle,lifecycle
2026-06-17T21:18:23Z,novelty-ws-three-user-late-join,lifecycle
2026-06-17T21:18:26Z,novelty-ws-async-server-blocks,async/media
2026-06-17T21:18:30Z,novelty-ws-revision-persistence,persistence
2026-06-17T21:18:30Z,novelty-ws-thirty-user-lifecycle,lifecycle
2026-06-17T21:18:33Z,novelty-ws-revision-persistence,persistence
2026-06-17T21:24:48Z,novelty-http-large-post-lifecycle,lifecycle
2026-06-17T21:24:48Z,novelty-http-title-reload-convergence,lifecycle
2026-06-17T21:24:48Z,novelty-http-existing-post-crdt-metadata,http
2026-06-17T21:24:48Z,novelty-http-large-post-lifecycle-completion,lifecycle
2026-06-17T21:24:48Z,novelty-ws-thirty-user-lifecycle,lifecycle
2026-06-17T21:24:48Z,novelty-ws-real-user-coverage-bridge,real-user
2026-06-17T21:24:48Z,novelty-ws-many-user-lifecycle-completion,lifecycle
2026-06-17T21:24:48Z,novelty-ws-many-user-lifecycle,lifecycle
2026-06-17T21:30:49Z,novelty-http-large-post-lifecycle,lifecycle
2026-06-17T21:30:49Z,novelty-http-same-user-stale-draft,lifecycle
2026-06-17T21:30:49Z,novelty-http-table-stale-snapshot,http
2026-06-17T21:30:49Z,novelty-http-existing-post-crdt-metadata,http
2026-06-17T21:30:49Z,novelty-ws-multi-reload-lifecycle,lifecycle
2026-06-17T21:30:49Z,novelty-ws-collaboration-ui-signals,other
2026-06-17T21:30:49Z,novelty-ws-thirty-user-lifecycle,lifecycle
2026-06-17T21:30:49Z,novelty-ws-real-user-coverage-bridge,real-user
2026-06-17T21:30:49Z,novelty-ws-many-user-lifecycle-completion,lifecycle
2026-06-17T21:30:49Z,novelty-ws-many-user-lifecycle,lifecycle
2026-06-17T21:36:46Z,novelty-http-large-post-lifecycle,lifecycle
2026-06-17T21:36:46Z,novelty-http-table-stale-snapshot,http
2026-06-17T21:36:46Z,novelty-ws-multi-reload-lifecycle,lifecycle
2026-06-17T21:36:46Z,novelty-http-large-post-lifecycle-completion,lifecycle
2026-06-17T21:36:46Z,novelty-ws-thirty-user-lifecycle,lifecycle
2026-06-17T21:36:46Z,novelty-ws-real-user-coverage-bridge,real-user
2026-06-17T21:36:46Z,novelty-ws-many-user-lifecycle-completion,lifecycle
2026-06-17T21:36:46Z,novelty-ws-many-user-lifecycle,lifecycle
2026-06-17T21:42:28Z,novelty-http-large-post-lifecycle,lifecycle
2026-06-17T21:42:28Z,novelty-http-table-stale-snapshot,http
2026-06-17T21:42:28Z,novelty-ws-multi-reload-lifecycle,lifecycle
2026-06-17T21:42:28Z,novelty-ws-collaboration-ui-signals,other
2026-06-17T21:42:28Z,novelty-ws-thirty-user-lifecycle,lifecycle
2026-06-17T21:42:28Z,novelty-ws-real-user-coverage-bridge,real-user
2026-06-17T21:42:28Z,novelty-ws-many-user-lifecycle-completion,lifecycle
2026-06-17T21:42:28Z,novelty-ws-many-user-lifecycle,lifecycle
2026-06-17T21:48:31Z,novelty-http-large-post-lifecycle,lifecycle
2026-06-17T21:48:31Z,novelty-http-title-reload-convergence,lifecycle
2026-06-17T21:48:31Z,novelty-http-table-stale-snapshot,http
2026-06-17T21:48:31Z,novelty-http-existing-post-crdt-metadata,http
2026-06-17T21:48:31Z,novelty-ws-parser-serialization,parser
2026-06-17T21:48:31Z,novelty-http-large-post-lifecycle-completion,lifecycle
2026-06-17T21:48:31Z,novelty-ws-thirty-user-lifecycle,lifecycle
2026-06-17T21:48:31Z,novelty-ws-real-user-coverage-bridge,real-user
2026-06-17T21:48:31Z,novelty-ws-many-user-lifecycle-completion,lifecycle
2026-06-17T21:48:31Z,novelty-ws-many-user-lifecycle,lifecycle
2026-06-17T21:54:23Z,novelty-http-large-post-lifecycle,lifecycle
2026-06-17T21:54:23Z,novelty-http-title-reload-convergence,lifecycle
2026-06-17T21:54:23Z,novelty-http-table-stale-snapshot,http
2026-06-17T21:54:23Z,novelty-http-existing-post-crdt-metadata,http
2026-06-17T21:54:23Z,novelty-ws-multi-reload-lifecycle,lifecycle
2026-06-17T21:54:23Z,novelty-ws-thirty-user-lifecycle,lifecycle
2026-06-17T21:54:23Z,novelty-ws-real-user-coverage-bridge,real-user
2026-06-17T21:54:23Z,novelty-ws-many-user-lifecycle-completion,lifecycle
2026-06-17T21:54:23Z,novelty-ws-many-user-lifecycle,lifecycle
2026-06-17T22:04:32Z,novelty-ws-real-user-editing,real-user
2026-06-17T22:04:32Z,novelty-ws-parser-serialization,parser
2026-06-17T22:04:32Z,novelty-ws-real-user-rich-text,real-user
2026-06-17T22:11:00Z,novelty-ws-thirty-user-lifecycle,lifecycle
2026-06-17T22:11:03Z,novelty-ws-revision-recovery,persistence
2026-06-17T22:34:49Z,novelty-ws-parser-transform,parser
2026-06-17T22:34:53Z,novelty-ws-many-user-lifecycle-completion,lifecycle
2026-06-17T22:34:55Z,novelty-ws-many-user-lifecycle,lifecycle
2026-06-17T22:34:57Z,novelty-ws-media-cross-entity-completion,async/media
2026-06-17T22:34:59Z,novelty-ws-permissions-auth-locks,auth/locks
2026-06-17T22:35:00Z,novelty-ws-long-session-large-doc,lifecycle
2026-06-17T22:35:04Z,novelty-ws-media-cross-entity,async/media
2026-06-17T22:35:13Z,novelty-http-large-post-lifecycle,lifecycle
2026-06-17T22:35:13Z,novelty-http-table-stale-snapshot,http
2026-06-17T22:35:13Z,novelty-http-persistence-probe,persistence
2026-06-17T22:35:13Z,novelty-ws-multi-reload-lifecycle,lifecycle
2026-06-17T22:35:13Z,novelty-ws-collaboration-ui-signals,other
2026-06-17T22:35:13Z,novelty-ws-thirty-user-lifecycle,lifecycle
2026-06-17T22:42:22Z,novelty-http-table-stale-snapshot,http
2026-06-17T22:42:22Z,novelty-http-existing-post-crdt-metadata,http
2026-06-17T22:42:22Z,novelty-http-persistence-probe,persistence
2026-06-17T22:42:22Z,novelty-http-large-post-lifecycle-completion,lifecycle
2026-06-17T22:42:22Z,novelty-ws-thirty-user-lifecycle,lifecycle
2026-06-17T22:42:22Z,novelty-ws-permissions-auth-locks,auth/locks
2026-06-17T22:42:24Z,novelty-ws-real-user-coverage-bridge,real-user
2026-06-17T22:50:10Z,novelty-ws-real-user-save-reload,real-user
2026-06-17T22:50:26Z,novelty-http-large-post-lifecycle,lifecycle
2026-06-17T22:50:26Z,novelty-http-title-reload-convergence,lifecycle
2026-06-17T22:50:26Z,novelty-http-existing-post-crdt-metadata,http
2026-06-17T22:50:26Z,novelty-http-persistence-probe,persistence
2026-06-17T22:50:26Z,novelty-ws-multi-reload-lifecycle,lifecycle
2026-06-17T22:50:26Z,novelty-http-large-post-lifecycle-completion,lifecycle
2026-06-17T22:50:26Z,novelty-ws-thirty-user-lifecycle,lifecycle
2026-06-17T22:58:41Z,novelty-http-existing-post-crdt-metadata,http
2026-06-17T22:59:05Z,novelty-http-large-post-lifecycle,lifecycle
2026-06-17T22:59:05Z,novelty-http-title-reload-convergence,lifecycle
2026-06-17T22:59:05Z,novelty-ws-multi-reload-lifecycle,lifecycle
2026-06-17T22:59:05Z,novelty-ws-collaboration-ui-signals,other
2026-06-17T22:59:05Z,novelty-http-large-post-lifecycle-completion,lifecycle
2026-06-17T22:59:05Z,novelty-ws-thirty-user-lifecycle,lifecycle
2026-06-17T22:59:05Z,novelty-ws-real-user-coverage-bridge,real-user
2026-06-17T22:59:08Z,novelty-ws-parser-transform,parser
2026-06-17T23:06:36Z,novelty-ws-real-user-save-reload,real-user
2026-06-17T23:06:43Z,novelty-http-title-reload-convergence,lifecycle
2026-06-17T23:07:02Z,novelty-http-large-post-lifecycle,lifecycle
2026-06-17T23:07:02Z,novelty-http-table-stale-snapshot,http
2026-06-17T23:07:02Z,novelty-http-persistence-probe,persistence
2026-06-17T23:07:02Z,novelty-ws-parser-serialization,parser
2026-06-17T23:07:02Z,novelty-ws-collaboration-ui-signals,other
2026-06-17T23:07:02Z,novelty-http-large-post-lifecycle-completion,lifecycle
2026-06-17T23:07:02Z,novelty-ws-thirty-user-lifecycle,lifecycle
2026-06-17T23:07:02Z,novelty-ws-real-user-coverage-bridge,real-user
2026-06-17T23:14:57Z,novelty-ws-real-user-save-reload,real-user
2026-06-17T23:15:13Z,novelty-http-existing-post-crdt-metadata,http
2026-06-17T23:15:13Z,novelty-http-persistence-probe,persistence
2026-06-17T23:15:13Z,novelty-ws-multi-reload-lifecycle,lifecycle
2026-06-17T23:15:13Z,novelty-ws-collaboration-ui-signals,other
2026-06-17T23:15:13Z,novelty-ws-thirty-user-lifecycle,lifecycle
2026-06-17T23:15:16Z,novelty-ws-block-gauntlet,auth/locks
2026-06-17T23:22:59Z,novelty-ws-real-user-save-reload,real-user
2026-06-17T23:23:00Z,novelty-http-large-post-lifecycle,lifecycle
2026-06-17T23:23:03Z,novelty-http-large-post-lifecycle-completion,lifecycle
2026-06-17T23:23:06Z,novelty-http-title-reload-convergence,lifecycle
2026-06-17T23:23:26Z,novelty-http-same-user-stale-draft,lifecycle
2026-06-17T23:23:26Z,novelty-http-table-stale-snapshot,http
2026-06-17T23:23:26Z,novelty-http-existing-post-crdt-metadata,http
2026-06-17T23:23:26Z,novelty-http-persistence-probe,persistence
2026-06-17T23:23:26Z,novelty-ws-parser-serialization,parser
2026-06-17T23:23:26Z,novelty-ws-multi-reload-lifecycle,lifecycle
2026-06-17T23:23:26Z,novelty-ws-collaboration-ui-signals,other
2026-06-17T23:23:27Z,novelty-ws-thirty-user-lifecycle,lifecycle
2026-06-17T23:30:19Z,novelty-ws-real-user-save-reload,real-user
2026-06-17T23:30:24Z,novelty-ws-parser-serialization,parser
2026-06-17T23:30:46Z,novelty-http-large-post-lifecycle,lifecycle
2026-06-17T23:30:46Z,novelty-http-title-reload-convergence,lifecycle
2026-06-17T23:30:46Z,novelty-http-table-stale-snapshot,http
2026-06-17T23:30:46Z,novelty-http-existing-post-crdt-metadata,http
2026-06-17T23:30:46Z,novelty-http-persistence-probe,persistence
2026-06-17T23:30:46Z,novelty-ws-multi-reload-lifecycle,lifecycle
2026-06-17T23:30:46Z,novelty-ws-collaboration-ui-signals,other
2026-06-17T23:30:46Z,novelty-ws-thirty-user-lifecycle,lifecycle
2026-06-17T23:30:47Z,novelty-ws-many-user-lifecycle-completion,lifecycle
2026-06-17T23:36:12Z,novelty-ws-real-user-save-reload,real-user
2026-06-17T23:36:41Z,novelty-http-large-post-lifecycle,lifecycle
2026-06-17T23:36:41Z,novelty-http-title-reload-convergence,lifecycle
2026-06-17T23:36:41Z,novelty-http-same-user-stale-draft,lifecycle
2026-06-17T23:36:41Z,novelty-http-table-stale-snapshot,http
2026-06-17T23:36:41Z,novelty-http-existing-post-crdt-metadata,http
2026-06-17T23:36:41Z,novelty-ws-parser-serialization,parser
2026-06-17T23:36:41Z,novelty-ws-multi-reload-lifecycle,lifecycle
2026-06-17T23:36:41Z,novelty-ws-collaboration-ui-signals,other
2026-06-17T23:36:41Z,novelty-http-large-post-lifecycle-completion,lifecycle
2026-06-17T23:36:41Z,novelty-ws-thirty-user-lifecycle,lifecycle
2026-06-17T23:36:42Z,novelty-ws-many-user-lifecycle-completion,lifecycle
2026-06-17T23:40:45Z,novelty-ws-real-user-save-reload,real-user
2026-06-17T23:41:11Z,novelty-http-large-post-lifecycle,lifecycle
2026-06-17T23:41:11Z,novelty-http-title-reload-convergence,lifecycle
2026-06-17T23:41:11Z,novelty-http-same-user-stale-draft,lifecycle
2026-06-17T23:41:11Z,novelty-http-table-stale-snapshot,http
2026-06-17T23:41:11Z,novelty-http-existing-post-crdt-metadata,http
2026-06-17T23:41:11Z,novelty-http-persistence-probe,persistence
2026-06-17T23:41:11Z,novelty-ws-parser-serialization,parser
2026-06-17T23:41:11Z,novelty-ws-multi-reload-lifecycle,lifecycle
2026-06-17T23:41:11Z,novelty-ws-collaboration-ui-signals,other
2026-06-17T23:41:11Z,novelty-http-large-post-lifecycle-completion,lifecycle
2026-06-17T23:41:11Z,novelty-ws-thirty-user-lifecycle,lifecycle
2026-06-17T23:41:11Z,novelty-ws-many-user-lifecycle-completion,lifecycle
2026-06-17T23:41:11Z,novelty-ws-many-user-lifecycle,lifecycle
2026-06-17T23:45:08Z,novelty-http-large-post-lifecycle,lifecycle
2026-06-17T23:45:08Z,novelty-http-title-reload-convergence,lifecycle
2026-06-17T23:45:08Z,novelty-http-same-user-stale-draft,lifecycle
2026-06-17T23:45:08Z,novelty-http-table-stale-snapshot,http
2026-06-17T23:45:08Z,novelty-http-existing-post-crdt-metadata,http
2026-06-17T23:45:08Z,novelty-http-persistence-probe,persistence
2026-06-17T23:45:08Z,novelty-ws-parser-serialization,parser
2026-06-17T23:45:08Z,novelty-ws-multi-reload-lifecycle,lifecycle
2026-06-17T23:45:08Z,novelty-http-large-post-lifecycle-completion,lifecycle
2026-06-17T23:45:08Z,novelty-ws-thirty-user-lifecycle,lifecycle
2026-06-17T23:45:08Z,novelty-ws-many-user-lifecycle-completion,lifecycle
2026-06-17T23:45:08Z,novelty-ws-many-user-lifecycle,lifecycle
2026-06-17T23:45:09Z,novelty-ws-real-user-save-reload,real-user
2026-06-17T23:49:27Z,novelty-http-large-post-lifecycle,lifecycle
2026-06-17T23:49:27Z,novelty-http-title-reload-convergence,lifecycle
2026-06-17T23:49:27Z,novelty-http-persistence-probe,persistence
2026-06-17T23:49:27Z,novelty-ws-parser-serialization,parser
2026-06-17T23:49:27Z,novelty-ws-multi-reload-lifecycle,lifecycle
2026-06-17T23:49:27Z,novelty-ws-collaboration-ui-signals,other
2026-06-17T23:49:27Z,novelty-http-large-post-lifecycle-completion,lifecycle
2026-06-17T23:49:27Z,novelty-ws-thirty-user-lifecycle,lifecycle
2026-06-17T23:49:27Z,novelty-ws-many-user-lifecycle-completion,lifecycle
2026-06-17T23:49:27Z,novelty-ws-many-user-lifecycle,lifecycle
2026-06-17T23:49:28Z,novelty-ws-real-user-coverage-bridge,real-user
2026-06-17T23:53:53Z,novelty-http-large-post-lifecycle,lifecycle
2026-06-17T23:53:53Z,novelty-http-title-reload-convergence,lifecycle
2026-06-17T23:53:53Z,novelty-http-same-user-stale-draft,lifecycle
2026-06-17T23:53:53Z,novelty-http-existing-post-crdt-metadata,http
2026-06-17T23:53:53Z,novelty-http-persistence-probe,persistence
2026-06-17T23:53:53Z,novelty-ws-parser-serialization,parser
2026-06-17T23:53:53Z,novelty-ws-multi-reload-lifecycle,lifecycle
2026-06-17T23:53:53Z,novelty-http-large-post-lifecycle-completion,lifecycle
2026-06-17T23:53:53Z,novelty-ws-thirty-user-lifecycle,lifecycle
2026-06-17T23:53:53Z,novelty-ws-many-user-lifecycle-completion,lifecycle
2026-06-17T23:53:53Z,novelty-ws-many-user-lifecycle,lifecycle
2026-06-17T23:53:53Z,novelty-ws-real-user-editing,real-user
2026-06-17T23:53:54Z,novelty-ws-real-user-coverage-bridge,real-user
2026-06-17T23:58:18Z,novelty-http-large-post-lifecycle,lifecycle
2026-06-17T23:58:18Z,novelty-http-title-reload-convergence,lifecycle
2026-06-17T23:58:18Z,novelty-http-same-user-stale-draft,lifecycle
2026-06-17T23:58:18Z,novelty-http-existing-post-crdt-metadata,http
2026-06-17T23:58:18Z,novelty-http-persistence-probe,persistence
2026-06-17T23:58:18Z,novelty-ws-multi-reload-lifecycle,lifecycle
2026-06-17T23:58:18Z,novelty-http-large-post-lifecycle-completion,lifecycle
2026-06-17T23:58:18Z,novelty-ws-thirty-user-lifecycle,lifecycle
2026-06-17T23:58:18Z,novelty-ws-many-user-lifecycle-completion,lifecycle
2026-06-17T23:58:18Z,novelty-ws-many-user-lifecycle,lifecycle
2026-06-17T23:58:19Z,novelty-ws-real-user-coverage-bridge,real-user
2026-06-18T00:02:25Z,novelty-http-large-post-lifecycle,lifecycle
2026-06-18T00:02:25Z,novelty-http-same-user-stale-draft,lifecycle
2026-06-18T00:02:25Z,novelty-http-persistence-probe,persistence
2026-06-18T00:02:25Z,novelty-ws-multi-reload-lifecycle,lifecycle
2026-06-18T00:02:25Z,novelty-ws-collaboration-ui-signals,other
2026-06-18T00:02:25Z,novelty-http-large-post-lifecycle-completion,lifecycle
2026-06-18T00:02:25Z,novelty-ws-thirty-user-lifecycle,lifecycle
2026-06-18T00:02:25Z,novelty-ws-many-user-lifecycle-completion,lifecycle
2026-06-18T00:02:25Z,novelty-ws-many-user-lifecycle,lifecycle
2026-06-18T00:02:25Z,novelty-ws-real-user-coverage-bridge,real-user
2026-06-18T00:06:57Z,novelty-http-large-post-lifecycle,lifecycle
2026-06-18T00:06:57Z,novelty-http-title-reload-convergence,lifecycle
2026-06-18T00:06:57Z,novelty-http-same-user-stale-draft,lifecycle
2026-06-18T00:06:57Z,novelty-http-existing-post-crdt-metadata,http
2026-06-18T00:06:57Z,novelty-http-persistence-probe,persistence
2026-06-18T00:06:57Z,novelty-ws-parser-serialization,parser
2026-06-18T00:06:57Z,novelty-ws-collaboration-ui-signals,other
2026-06-18T00:06:57Z,novelty-http-large-post-lifecycle-completion,lifecycle
2026-06-18T00:06:57Z,novelty-ws-thirty-user-lifecycle,lifecycle
2026-06-18T00:06:57Z,novelty-ws-many-user-lifecycle-completion,lifecycle
2026-06-18T00:06:57Z,novelty-ws-many-user-lifecycle,lifecycle
2026-06-18T00:06:57Z,novelty-ws-real-user-coverage-bridge,real-user
2026-06-18T00:11:23Z,novelty-http-large-post-lifecycle,lifecycle
2026-06-18T00:11:23Z,novelty-http-title-reload-convergence,lifecycle
2026-06-18T00:11:23Z,novelty-http-same-user-stale-draft,lifecycle
2026-06-18T00:11:23Z,novelty-http-existing-post-crdt-metadata,http
2026-06-18T00:11:23Z,novelty-http-persistence-probe,persistence
2026-06-18T00:11:23Z,novelty-ws-parser-serialization,parser
2026-06-18T00:11:23Z,novelty-ws-multi-reload-lifecycle,lifecycle
2026-06-18T00:11:23Z,novelty-http-large-post-lifecycle-completion,lifecycle
2026-06-18T00:11:23Z,novelty-ws-thirty-user-lifecycle,lifecycle
2026-06-18T00:11:23Z,novelty-ws-many-user-lifecycle-completion,lifecycle
2026-06-18T00:11:23Z,novelty-ws-many-user-lifecycle,lifecycle
2026-06-18T00:11:23Z,novelty-ws-real-user-coverage-bridge,real-user
2026-06-18T00:15:51Z,novelty-http-large-post-lifecycle,lifecycle
2026-06-18T00:15:51Z,novelty-http-title-reload-convergence,lifecycle
2026-06-18T00:15:51Z,novelty-http-same-user-stale-draft,lifecycle
2026-06-18T00:15:51Z,novelty-http-existing-post-crdt-metadata,http
2026-06-18T00:15:51Z,novelty-http-persistence-probe,persistence
2026-06-18T00:15:51Z,novelty-ws-multi-reload-lifecycle,lifecycle
2026-06-18T00:15:51Z,novelty-http-large-post-lifecycle-completion,lifecycle
2026-06-18T00:15:51Z,novelty-ws-thirty-user-lifecycle,lifecycle
2026-06-18T00:15:51Z,novelty-ws-many-user-lifecycle-completion,lifecycle
2026-06-18T00:15:51Z,novelty-ws-many-user-lifecycle,lifecycle
2026-06-18T00:15:51Z,novelty-ws-real-user-coverage-bridge,real-user
2026-06-18T00:20:17Z,novelty-http-large-post-lifecycle,lifecycle
2026-06-18T00:20:17Z,novelty-http-title-reload-convergence,lifecycle
2026-06-18T00:20:17Z,novelty-http-same-user-stale-draft,lifecycle
2026-06-18T00:20:17Z,novelty-http-existing-post-crdt-metadata,http
2026-06-18T00:20:17Z,novelty-http-persistence-probe,persistence
2026-06-18T00:20:17Z,novelty-ws-parser-serialization,parser
2026-06-18T00:20:17Z,novelty-ws-multi-reload-lifecycle,lifecycle
2026-06-18T00:20:17Z,novelty-http-large-post-lifecycle-completion,lifecycle
2026-06-18T00:20:17Z,novelty-ws-thirty-user-lifecycle,lifecycle
2026-06-18T00:20:17Z,novelty-ws-many-user-lifecycle-completion,lifecycle
2026-06-18T00:20:17Z,novelty-ws-many-user-lifecycle,lifecycle
2026-06-18T00:20:17Z,novelty-ws-real-user-coverage-bridge,real-user
2026-06-18T00:24:54Z,novelty-http-large-post-lifecycle,lifecycle
2026-06-18T00:24:54Z,novelty-http-title-reload-convergence,lifecycle
2026-06-18T00:24:54Z,novelty-http-same-user-stale-draft,lifecycle
2026-06-18T00:24:54Z,novelty-http-existing-post-crdt-metadata,http
2026-06-18T00:24:54Z,novelty-http-persistence-probe,persistence
2026-06-18T00:24:54Z,novelty-ws-parser-serialization,parser
2026-06-18T00:24:54Z,novelty-ws-multi-reload-lifecycle,lifecycle
2026-06-18T00:24:54Z,novelty-http-large-post-lifecycle-completion,lifecycle
2026-06-18T00:24:54Z,novelty-ws-thirty-user-lifecycle,lifecycle
2026-06-18T00:24:54Z,novelty-ws-many-user-lifecycle-completion,lifecycle
2026-06-18T00:24:54Z,novelty-ws-many-user-lifecycle,lifecycle
2026-06-18T00:24:54Z,novelty-ws-real-user-coverage-bridge,real-user
2026-06-18T00:29:25Z,novelty-http-large-post-lifecycle,lifecycle
2026-06-18T00:29:25Z,novelty-http-persistence-probe,persistence
2026-06-18T00:29:25Z,novelty-ws-parser-serialization,parser
2026-06-18T00:29:25Z,novelty-ws-multi-reload-lifecycle,lifecycle
2026-06-18T00:29:25Z,novelty-http-large-post-lifecycle-completion,lifecycle
2026-06-18T00:29:25Z,novelty-ws-thirty-user-lifecycle,lifecycle
2026-06-18T00:29:25Z,novelty-ws-many-user-lifecycle-completion,lifecycle
2026-06-18T00:29:25Z,novelty-ws-many-user-lifecycle,lifecycle
2026-06-18T00:29:25Z,novelty-ws-real-user-coverage-bridge,real-user
2026-06-18T00:34:06Z,novelty-http-large-post-lifecycle,lifecycle
2026-06-18T00:34:06Z,novelty-http-title-reload-convergence,lifecycle
2026-06-18T00:34:06Z,novelty-ws-parser-serialization,parser
2026-06-18T00:34:06Z,novelty-ws-collaboration-ui-signals,other
2026-06-18T00:34:06Z,novelty-http-large-post-lifecycle-completion,lifecycle
2026-06-18T00:34:06Z,novelty-ws-thirty-user-lifecycle,lifecycle
2026-06-18T00:34:06Z,novelty-ws-many-user-lifecycle-completion,lifecycle
2026-06-18T00:34:06Z,novelty-ws-many-user-lifecycle,lifecycle
2026-06-18T00:34:06Z,novelty-ws-real-user-coverage-bridge,real-user
2026-06-18T00:38:31Z,novelty-ws-three-user-late-join,lifecycle
2026-06-18T00:38:34Z,novelty-ws-async-server-blocks,async/media
2026-06-18T00:38:35Z,novelty-ws-revision-persistence,persistence
2026-06-18T00:38:39Z,novelty-ws-thirty-user-lifecycle,lifecycle
2026-06-18T00:38:40Z,novelty-ws-many-user-lifecycle-completion,lifecycle
2026-06-18T00:38:43Z,novelty-ws-many-user-lifecycle,lifecycle
2026-06-18T00:38:44Z,novelty-ws-real-user-coverage-bridge,real-user
2026-06-18T00:47:37Z,novelty-ws-real-user-editing,real-user
2026-06-18T00:47:37Z,novelty-ws-parser-serialization,parser
2026-06-18T00:47:37Z,novelty-ws-thirty-user-lifecycle,lifecycle
2026-06-18T00:47:37Z,novelty-ws-many-user-lifecycle-completion,lifecycle
2026-06-18T00:59:47Z,novelty-ws-real-user-save-reload,real-user
2026-06-18T00:59:53Z,novelty-ws-parser-transform,parser
2026-06-18T01:00:00Z,novelty-ws-many-user-lifecycle,lifecycle
2026-06-18T01:00:03Z,novelty-ws-media-cross-entity-completion,async/media
2026-06-18T01:00:06Z,novelty-ws-permissions-auth-locks,auth/locks
2026-06-18T01:00:06Z,novelty-ws-long-session-large-doc,lifecycle
2026-06-18T01:00:08Z,novelty-ws-media-cross-entity,async/media
2026-06-18T01:00:14Z,novelty-http-title-reload-convergence,lifecycle
2026-06-18T01:00:14Z,novelty-http-same-user-stale-draft,lifecycle
2026-06-18T01:00:14Z,novelty-ws-multi-reload-lifecycle,lifecycle
2026-06-18T01:00:14Z,novelty-http-large-post-lifecycle-completion,lifecycle
2026-06-18T01:00:14Z,novelty-ws-thirty-user-lifecycle,lifecycle
2026-06-18T01:00:16Z,novelty-ws-permissions-auth-locks,auth/locks
2026-06-18T01:07:02Z,novelty-ws-real-user-save-reload,real-user
2026-06-18T01:07:07Z,novelty-ws-permissions-auth-locks,auth/locks
2026-06-18T01:07:11Z,novelty-ws-long-session-large-doc,lifecycle
2026-06-18T01:07:28Z,novelty-http-title-reload-convergence,lifecycle
2026-06-18T01:07:28Z,novelty-http-large-post-lifecycle,lifecycle
2026-06-18T01:07:28Z,novelty-http-persistence-probe,persistence
2026-06-18T01:07:28Z,novelty-ws-multi-reload-lifecycle,lifecycle
2026-06-18T01:07:28Z,novelty-ws-collaboration-ui-signals,other
2026-06-18T01:07:28Z,novelty-ws-thirty-user-lifecycle,lifecycle
2026-06-18T01:07:28Z,novelty-ws-many-user-lifecycle-completion,lifecycle
2026-06-18T01:07:28Z,novelty-ws-many-user-lifecycle,lifecycle
2026-06-18T01:14:16Z,novelty-http-large-post-lifecycle,lifecycle
2026-06-18T01:14:16Z,novelty-http-existing-post-crdt-metadata,http
2026-06-18T01:14:16Z,novelty-ws-parser-serialization,parser
2026-06-18T01:14:16Z,novelty-http-large-post-lifecycle-completion,lifecycle
2026-06-18T01:14:16Z,novelty-ws-thirty-user-lifecycle,lifecycle
2026-06-18T01:14:16Z,novelty-ws-many-user-lifecycle-completion,lifecycle
2026-06-18T01:14:16Z,novelty-ws-many-user-lifecycle,lifecycle
2026-06-18T01:14:16Z,novelty-ws-real-user-save-reload,real-user
2026-06-18T01:14:16Z,novelty-ws-permissions-auth-locks,auth/locks
2026-06-18T01:14:16Z,novelty-ws-real-user-coverage-bridge,real-user
2026-06-18T01:21:03Z,novelty-ws-real-user-save-reload,real-user
2026-06-18T01:21:09Z,novelty-ws-permissions-auth-locks,auth/locks
2026-06-18T01:21:19Z,novelty-http-large-post-lifecycle,lifecycle
2026-06-18T01:21:19Z,novelty-http-persistence-probe,persistence
2026-06-18T01:21:19Z,novelty-ws-multi-reload-lifecycle,lifecycle
2026-06-18T01:21:19Z,novelty-ws-collaboration-ui-signals,other
2026-06-18T01:21:19Z,novelty-http-large-post-lifecycle-completion,lifecycle
2026-06-18T01:21:19Z,novelty-ws-thirty-user-lifecycle,lifecycle
2026-06-18T01:21:19Z,novelty-ws-many-user-lifecycle-completion,lifecycle
2026-06-18T01:21:20Z,novelty-ws-many-user-lifecycle,lifecycle
2026-06-18T01:28:24Z,novelty-http-large-post-lifecycle-completion,lifecycle
2026-06-18T01:28:44Z,novelty-http-large-post-lifecycle,lifecycle
2026-06-18T01:28:44Z,novelty-http-title-reload-convergence,lifecycle
2026-06-18T01:28:44Z,novelty-http-same-user-stale-draft,lifecycle
2026-06-18T01:28:44Z,novelty-http-existing-post-crdt-metadata,http
2026-06-18T01:28:44Z,novelty-http-persistence-probe,persistence
2026-06-18T01:28:44Z,novelty-ws-parser-serialization,parser
2026-06-18T01:28:44Z,novelty-ws-real-user-save-reload,real-user
2026-06-18T01:28:44Z,novelty-ws-long-session-large-doc,lifecycle
2026-06-18T01:28:44Z,novelty-ws-real-user-coverage-bridge,real-user
2026-06-18T01:28:44Z,novelty-ws-parser-transform,parser
2026-06-18T01:28:44Z,novelty-ws-block-gauntlet,auth/locks
2026-06-18T01:28:44Z,novelty-ws-many-user-lifecycle-completion,lifecycle
2026-06-18T01:35:54Z,novelty-ws-real-user-save-reload,real-user
2026-06-18T01:36:23Z,novelty-http-large-post-lifecycle,lifecycle
2026-06-18T01:36:23Z,novelty-http-title-reload-convergence,lifecycle
2026-06-18T01:36:23Z,novelty-http-existing-post-crdt-metadata,http
2026-06-18T01:36:23Z,novelty-http-persistence-probe,persistence
2026-06-18T01:36:23Z,novelty-ws-parser-serialization,parser
2026-06-18T01:36:23Z,novelty-ws-multi-reload-lifecycle,lifecycle
2026-06-18T01:36:23Z,novelty-ws-real-user-coverage-bridge,real-user
2026-06-18T01:36:23Z,novelty-ws-many-user-lifecycle-completion,lifecycle
2026-06-18T01:36:23Z,novelty-ws-many-user-lifecycle,lifecycle
2026-06-18T01:36:23Z,novelty-ws-thirty-user-lifecycle,lifecycle
2026-06-18T01:43:00Z,novelty-ws-real-user-save-reload,real-user
2026-06-18T01:43:33Z,novelty-http-large-post-lifecycle,lifecycle
2026-06-18T01:43:33Z,novelty-http-title-reload-convergence,lifecycle
2026-06-18T01:43:33Z,novelty-http-same-user-stale-draft,lifecycle
2026-06-18T01:43:33Z,novelty-http-existing-post-crdt-metadata,http
2026-06-18T01:43:33Z,novelty-http-large-post-lifecycle-completion,lifecycle
2026-06-18T01:43:33Z,novelty-ws-real-user-coverage-bridge,real-user
2026-06-18T01:43:33Z,novelty-ws-many-user-lifecycle-completion,lifecycle
2026-06-18T01:43:33Z,novelty-ws-many-user-lifecycle,lifecycle
2026-06-18T01:43:33Z,novelty-ws-thirty-user-lifecycle,lifecycle
2026-06-18T01:50:40Z,novelty-ws-real-user-rich-text,real-user
2026-06-18T01:50:49Z,novelty-ws-real-user-editing,real-user
2026-06-18T01:50:49Z,novelty-ws-three-user-late-join,lifecycle
2026-06-18T01:50:51Z,novelty-ws-real-user-coverage-bridge,real-user
2026-06-18T01:58:47Z,novelty-http-large-post-lifecycle-completion,lifecycle
2026-06-18T01:59:16Z,novelty-http-large-post-lifecycle,lifecycle
2026-06-18T01:59:16Z,novelty-http-title-reload-convergence,lifecycle
2026-06-18T01:59:16Z,novelty-http-existing-post-crdt-metadata,http
2026-06-18T01:59:16Z,novelty-ws-real-user-coverage-bridge,real-user
2026-06-18T01:59:16Z,novelty-ws-many-user-lifecycle-completion,lifecycle
2026-06-18T01:59:16Z,novelty-ws-many-user-lifecycle,lifecycle
2026-06-18T02:06:55Z,novelty-ws-real-user-save-reload,real-user
2026-06-18T02:07:22Z,novelty-http-large-post-lifecycle,lifecycle
2026-06-18T02:07:22Z,novelty-http-title-reload-convergence,lifecycle
2026-06-18T02:07:22Z,novelty-http-same-user-stale-draft,lifecycle
2026-06-18T02:07:22Z,novelty-http-existing-post-crdt-metadata,http
2026-06-18T02:07:22Z,novelty-ws-parser-serialization,parser
2026-06-18T02:07:22Z,novelty-http-large-post-lifecycle-completion,lifecycle
2026-06-18T02:07:22Z,novelty-ws-many-user-lifecycle-completion,lifecycle
2026-06-18T02:07:22Z,novelty-ws-many-user-lifecycle,lifecycle
2026-06-18T02:14:38Z,novelty-ws-real-user-save-reload,real-user
2026-06-18T02:15:08Z,novelty-http-large-post-lifecycle,lifecycle
2026-06-18T02:15:08Z,novelty-http-title-reload-convergence,lifecycle
2026-06-18T02:15:08Z,novelty-http-same-user-stale-draft,lifecycle
2026-06-18T02:15:08Z,novelty-http-persistence-probe,persistence
2026-06-18T02:15:08Z,novelty-ws-parser-serialization,parser
2026-06-18T02:15:08Z,novelty-ws-multi-reload-lifecycle,lifecycle
2026-06-18T02:15:08Z,novelty-ws-collaboration-ui-signals,other
2026-06-18T02:15:08Z,novelty-ws-many-user-lifecycle-completion,lifecycle
2026-06-18T02:15:08Z,novelty-ws-many-user-lifecycle,lifecycle
2026-06-18T02:22:33Z,novelty-ws-real-user-save-reload,real-user
2026-06-18T02:23:03Z,novelty-http-large-post-lifecycle,lifecycle
2026-06-18T02:23:03Z,novelty-http-title-reload-convergence,lifecycle
2026-06-18T02:23:03Z,novelty-http-same-user-stale-draft,lifecycle
2026-06-18T02:23:03Z,novelty-http-existing-post-crdt-metadata,http
2026-06-18T02:23:03Z,novelty-http-persistence-probe,persistence
2026-06-18T02:23:03Z,novelty-ws-parser-serialization,parser
2026-06-18T02:23:03Z,novelty-ws-multi-reload-lifecycle,lifecycle
2026-06-18T02:23:03Z,novelty-ws-real-user-coverage-bridge,real-user
2026-06-18T02:23:03Z,novelty-ws-many-user-lifecycle-completion,lifecycle
2026-06-18T02:23:03Z,novelty-ws-many-user-lifecycle,lifecycle
2026-06-18T02:30:44Z,novelty-ws-real-user-save-reload,real-user
2026-06-18T02:31:12Z,novelty-http-large-post-lifecycle,lifecycle
2026-06-18T02:31:12Z,novelty-http-title-reload-convergence,lifecycle
2026-06-18T02:31:13Z,novelty-http-existing-post-crdt-metadata,http
2026-06-18T02:31:13Z,novelty-http-persistence-probe,persistence
2026-06-18T02:31:13Z,novelty-ws-parser-serialization,parser
2026-06-18T02:31:13Z,novelty-ws-multi-reload-lifecycle,lifecycle
2026-06-18T02:31:13Z,novelty-ws-collaboration-ui-signals,other
2026-06-18T02:31:13Z,novelty-ws-many-user-lifecycle-completion,lifecycle
2026-06-18T02:31:13Z,novelty-ws-many-user-lifecycle,lifecycle
2026-06-18T02:39:26Z,novelty-http-large-post-lifecycle,lifecycle
2026-06-18T02:39:26Z,novelty-http-title-reload-convergence,lifecycle
2026-06-18T02:39:26Z,novelty-http-persistence-probe,persistence
2026-06-18T02:39:26Z,novelty-ws-parser-serialization,parser
2026-06-18T02:39:26Z,novelty-ws-multi-reload-lifecycle,lifecycle
2026-06-18T02:39:26Z,novelty-ws-collaboration-ui-signals,other
2026-06-18T02:39:26Z,novelty-http-large-post-lifecycle-completion,lifecycle
2026-06-18T02:39:26Z,novelty-ws-many-user-lifecycle-completion,lifecycle
2026-06-18T02:39:26Z,novelty-ws-many-user-lifecycle,lifecycle
2026-06-18T02:47:10Z,novelty-ws-real-user-save-reload,real-user
2026-06-18T02:47:38Z,novelty-http-large-post-lifecycle,lifecycle
2026-06-18T02:47:38Z,novelty-http-title-reload-convergence,lifecycle
2026-06-18T02:47:38Z,novelty-http-persistence-probe,persistence
2026-06-18T02:47:38Z,novelty-ws-parser-serialization,parser
2026-06-18T02:47:38Z,novelty-ws-multi-reload-lifecycle,lifecycle
2026-06-18T02:47:38Z,novelty-ws-collaboration-ui-signals,other
2026-06-18T02:47:38Z,novelty-http-large-post-lifecycle-completion,lifecycle
2026-06-18T02:47:38Z,novelty-ws-many-user-lifecycle-completion,lifecycle
2026-06-18T02:47:38Z,novelty-ws-many-user-lifecycle,lifecycle
2026-06-18T02:53:04Z,novelty-ws-real-user-save-reload,real-user
2026-06-18T02:53:38Z,novelty-http-large-post-lifecycle,lifecycle
2026-06-18T02:53:38Z,novelty-http-title-reload-convergence,lifecycle
2026-06-18T02:53:38Z,novelty-http-same-user-stale-draft,lifecycle
2026-06-18T02:53:38Z,novelty-http-existing-post-crdt-metadata,http
2026-06-18T02:53:38Z,novelty-http-persistence-probe,persistence
2026-06-18T02:53:38Z,novelty-ws-parser-serialization,parser
2026-06-18T02:53:38Z,novelty-ws-multi-reload-lifecycle,lifecycle
2026-06-18T02:53:38Z,novelty-ws-collaboration-ui-signals,other
2026-06-18T02:53:38Z,novelty-http-large-post-lifecycle-completion,lifecycle
2026-06-18T02:53:38Z,novelty-ws-many-user-lifecycle-completion,lifecycle
2026-06-18T02:53:38Z,novelty-ws-many-user-lifecycle,lifecycle
2026-06-18T02:57:47Z,novelty-ws-real-user-save-reload,real-user
2026-06-18T02:58:15Z,novelty-http-large-post-lifecycle,lifecycle
2026-06-18T02:58:15Z,novelty-http-title-reload-convergence,lifecycle
2026-06-18T02:58:15Z,novelty-http-persistence-probe,persistence
2026-06-18T02:58:15Z,novelty-ws-parser-serialization,parser
2026-06-18T02:58:15Z,novelty-ws-multi-reload-lifecycle,lifecycle
2026-06-18T02:58:15Z,novelty-ws-collaboration-ui-signals,other
2026-06-18T02:58:15Z,novelty-http-large-post-lifecycle-completion,lifecycle
2026-06-18T02:58:15Z,novelty-ws-real-user-coverage-bridge,real-user
2026-06-18T02:58:15Z,novelty-ws-many-user-lifecycle-completion,lifecycle
2026-06-18T02:58:16Z,novelty-ws-many-user-lifecycle,lifecycle
2026-06-18T03:02:25Z,novelty-ws-real-user-save-reload,real-user
2026-06-18T03:02:54Z,novelty-http-large-post-lifecycle,lifecycle
2026-06-18T03:02:54Z,novelty-http-title-reload-convergence,lifecycle
2026-06-18T03:02:54Z,novelty-http-same-user-stale-draft,lifecycle
2026-06-18T03:02:54Z,novelty-http-existing-post-crdt-metadata,http
2026-06-18T03:02:54Z,novelty-http-persistence-probe,persistence
2026-06-18T03:02:54Z,novelty-ws-parser-serialization,parser
2026-06-18T03:02:54Z,novelty-ws-multi-reload-lifecycle,lifecycle
2026-06-18T03:02:54Z,novelty-ws-collaboration-ui-signals,other
2026-06-18T03:02:54Z,novelty-http-large-post-lifecycle-completion,lifecycle
2026-06-18T03:02:54Z,novelty-ws-many-user-lifecycle-completion,lifecycle
2026-06-18T03:02:54Z,novelty-ws-many-user-lifecycle,lifecycle
2026-06-18T03:07:05Z,novelty-ws-real-user-save-reload,real-user
2026-06-18T03:07:24Z,novelty-http-title-reload-convergence,lifecycle
2026-06-18T03:07:24Z,novelty-http-persistence-probe,persistence
2026-06-18T03:07:24Z,novelty-ws-parser-serialization,parser
2026-06-18T03:07:24Z,novelty-ws-multi-reload-lifecycle,lifecycle
2026-06-18T03:07:24Z,novelty-ws-collaboration-ui-signals,other
2026-06-18T03:07:24Z,novelty-http-large-post-lifecycle-completion,lifecycle
2026-06-18T03:07:24Z,novelty-ws-many-user-lifecycle-completion,lifecycle
2026-06-18T03:07:24Z,novelty-ws-many-user-lifecycle,lifecycle
2026-06-18T03:11:51Z,novelty-ws-real-user-save-reload,real-user
2026-06-18T03:12:12Z,novelty-http-large-post-lifecycle,lifecycle
2026-06-18T03:12:12Z,novelty-http-title-reload-convergence,lifecycle
2026-06-18T03:12:12Z,novelty-http-persistence-probe,persistence
2026-06-18T03:12:12Z,novelty-ws-parser-serialization,parser
2026-06-18T03:12:12Z,novelty-ws-multi-reload-lifecycle,lifecycle
2026-06-18T03:12:12Z,novelty-ws-collaboration-ui-signals,other
2026-06-18T03:12:12Z,novelty-ws-many-user-lifecycle-completion,lifecycle
2026-06-18T03:12:12Z,novelty-ws-many-user-lifecycle,lifecycle
2026-06-18T03:17:14Z,novelty-http-large-post-lifecycle,lifecycle
2026-06-18T03:17:14Z,novelty-http-title-reload-convergence,lifecycle
2026-06-18T03:17:14Z,novelty-http-same-user-stale-draft,lifecycle
2026-06-18T03:17:14Z,novelty-http-existing-post-crdt-metadata,http
2026-06-18T03:17:14Z,novelty-http-persistence-probe,persistence
2026-06-18T03:17:14Z,novelty-ws-parser-serialization,parser
2026-06-18T03:17:14Z,novelty-ws-multi-reload-lifecycle,lifecycle
2026-06-18T03:17:14Z,novelty-ws-collaboration-ui-signals,other
2026-06-18T03:17:14Z,novelty-http-large-post-lifecycle-completion,lifecycle
2026-06-18T03:17:14Z,novelty-ws-many-user-lifecycle-completion,lifecycle
2026-06-18T03:17:14Z,novelty-ws-many-user-lifecycle,lifecycle
2026-06-18T03:21:33Z,novelty-ws-real-user-save-reload,real-user
2026-06-18T03:22:04Z,novelty-http-large-post-lifecycle,lifecycle
2026-06-18T03:22:04Z,novelty-http-title-reload-convergence,lifecycle
2026-06-18T03:22:04Z,novelty-http-same-user-stale-draft,lifecycle
2026-06-18T03:22:04Z,novelty-http-existing-post-crdt-metadata,http
2026-06-18T03:22:04Z,novelty-http-persistence-probe,persistence
2026-06-18T03:22:04Z,novelty-ws-parser-serialization,parser
2026-06-18T03:22:04Z,novelty-ws-multi-reload-lifecycle,lifecycle
2026-06-18T03:22:04Z,novelty-ws-collaboration-ui-signals,other
2026-06-18T03:22:04Z,novelty-http-large-post-lifecycle-completion,lifecycle
2026-06-18T03:22:04Z,novelty-ws-many-user-lifecycle-completion,lifecycle
2026-06-18T03:22:05Z,novelty-ws-many-user-lifecycle,lifecycle
2026-06-18T03:26:26Z,novelty-ws-real-user-save-reload,real-user
2026-06-18T03:26:58Z,novelty-http-large-post-lifecycle,lifecycle
2026-06-18T03:26:58Z,novelty-http-title-reload-convergence,lifecycle
2026-06-18T03:26:58Z,novelty-http-same-user-stale-draft,lifecycle
2026-06-18T03:26:58Z,novelty-http-existing-post-crdt-metadata,http
2026-06-18T03:26:58Z,novelty-http-persistence-probe,persistence
2026-06-18T03:26:58Z,novelty-ws-parser-serialization,parser
2026-06-18T03:26:58Z,novelty-ws-multi-reload-lifecycle,lifecycle
2026-06-18T03:26:58Z,novelty-ws-collaboration-ui-signals,other
2026-06-18T03:26:58Z,novelty-http-large-post-lifecycle-completion,lifecycle
2026-06-18T03:26:59Z,novelty-ws-many-user-lifecycle-completion,lifecycle
2026-06-18T03:26:59Z,novelty-ws-many-user-lifecycle,lifecycle
2026-06-18T03:31:21Z,novelty-ws-real-user-save-reload,real-user
2026-06-18T03:31:47Z,novelty-http-large-post-lifecycle,lifecycle
2026-06-18T03:31:47Z,novelty-http-title-reload-convergence,lifecycle
2026-06-18T03:31:47Z,novelty-http-persistence-probe,persistence
2026-06-18T03:31:47Z,novelty-ws-parser-serialization,parser
2026-06-18T03:31:47Z,novelty-ws-multi-reload-lifecycle,lifecycle
2026-06-18T03:31:47Z,novelty-ws-collaboration-ui-signals,other
2026-06-18T03:31:47Z,novelty-http-large-post-lifecycle-completion,lifecycle
2026-06-18T03:31:47Z,novelty-ws-real-user-coverage-bridge,real-user
2026-06-18T03:31:47Z,novelty-ws-many-user-lifecycle-completion,lifecycle
2026-06-18T03:31:47Z,novelty-ws-many-user-lifecycle,lifecycle
2026-06-18T03:36:25Z,novelty-ws-real-user-save-reload,real-user
2026-06-18T03:36:57Z,novelty-http-large-post-lifecycle,lifecycle
2026-06-18T03:36:57Z,novelty-http-title-reload-convergence,lifecycle
2026-06-18T03:36:57Z,novelty-http-same-user-stale-draft,lifecycle
2026-06-18T03:36:57Z,novelty-http-existing-post-crdt-metadata,http
2026-06-18T03:36:57Z,novelty-http-persistence-probe,persistence
2026-06-18T03:36:57Z,novelty-ws-parser-serialization,parser
2026-06-18T03:36:57Z,novelty-ws-multi-reload-lifecycle,lifecycle
2026-06-18T03:36:57Z,novelty-ws-collaboration-ui-signals,other
2026-06-18T03:36:57Z,novelty-http-large-post-lifecycle-completion,lifecycle
2026-06-18T03:36:57Z,novelty-ws-many-user-lifecycle-completion,lifecycle
2026-06-18T03:36:57Z,novelty-ws-many-user-lifecycle,lifecycle
2026-06-18T03:41:18Z,novelty-ws-real-user-save-reload,real-user
2026-06-18T03:41:49Z,novelty-http-large-post-lifecycle,lifecycle
2026-06-18T03:41:49Z,novelty-http-title-reload-convergence,lifecycle
2026-06-18T03:41:49Z,novelty-http-persistence-probe,persistence
2026-06-18T03:41:49Z,novelty-ws-parser-serialization,parser
2026-06-18T03:41:49Z,novelty-ws-multi-reload-lifecycle,lifecycle
2026-06-18T03:41:49Z,novelty-ws-collaboration-ui-signals,other
2026-06-18T03:41:49Z,novelty-http-large-post-lifecycle-completion,lifecycle
2026-06-18T03:41:49Z,novelty-ws-real-user-coverage-bridge,real-user
2026-06-18T03:41:49Z,novelty-ws-many-user-lifecycle-completion,lifecycle
2026-06-18T03:41:49Z,novelty-ws-many-user-lifecycle,lifecycle
2026-06-18T03:46:23Z,novelty-ws-real-user-save-reload,real-user
2026-06-18T03:46:57Z,novelty-http-large-post-lifecycle,lifecycle
2026-06-18T03:46:57Z,novelty-http-title-reload-convergence,lifecycle
2026-06-18T03:46:57Z,novelty-http-same-user-stale-draft,lifecycle
2026-06-18T03:46:57Z,novelty-http-existing-post-crdt-metadata,http
2026-06-18T03:46:57Z,novelty-ws-parser-serialization,parser
2026-06-18T03:46:57Z,novelty-ws-multi-reload-lifecycle,lifecycle
2026-06-18T03:46:57Z,novelty-ws-collaboration-ui-signals,other
2026-06-18T03:46:57Z,novelty-http-large-post-lifecycle-completion,lifecycle
2026-06-18T03:46:57Z,novelty-ws-many-user-lifecycle-completion,lifecycle
2026-06-18T03:46:57Z,novelty-ws-many-user-lifecycle,lifecycle
2026-06-18T03:51:36Z,novelty-ws-real-user-save-reload,real-user
2026-06-18T03:52:11Z,novelty-http-large-post-lifecycle,lifecycle
2026-06-18T03:52:11Z,novelty-http-title-reload-convergence,lifecycle
2026-06-18T03:52:11Z,novelty-http-same-user-stale-draft,lifecycle
2026-06-18T03:52:11Z,novelty-http-existing-post-crdt-metadata,http
2026-06-18T03:52:11Z,novelty-http-persistence-probe,persistence
2026-06-18T03:52:11Z,novelty-ws-parser-serialization,parser
2026-06-18T03:52:11Z,novelty-ws-multi-reload-lifecycle,lifecycle
2026-06-18T03:52:11Z,novelty-ws-collaboration-ui-signals,other
2026-06-18T03:52:11Z,novelty-http-large-post-lifecycle-completion,lifecycle
2026-06-18T03:52:11Z,novelty-ws-real-user-coverage-bridge,real-user
2026-06-18T03:52:11Z,novelty-ws-many-user-lifecycle-completion,lifecycle
2026-06-18T03:52:11Z,novelty-ws-many-user-lifecycle,lifecycle
2026-06-18T03:56:46Z,novelty-ws-real-user-save-reload,real-user
2026-06-18T03:57:20Z,novelty-http-large-post-lifecycle,lifecycle
2026-06-18T03:57:20Z,novelty-http-title-reload-convergence,lifecycle
2026-06-18T03:57:20Z,novelty-http-same-user-stale-draft,lifecycle
2026-06-18T03:57:20Z,novelty-http-existing-post-crdt-metadata,http
2026-06-18T03:57:20Z,novelty-http-persistence-probe,persistence
2026-06-18T03:57:20Z,novelty-ws-parser-serialization,parser
2026-06-18T03:57:20Z,novelty-ws-multi-reload-lifecycle,lifecycle
2026-06-18T03:57:20Z,novelty-ws-collaboration-ui-signals,other
2026-06-18T03:57:20Z,novelty-http-large-post-lifecycle-completion,lifecycle
2026-06-18T03:57:20Z,novelty-ws-many-user-lifecycle-completion,lifecycle
2026-06-18T03:57:20Z,novelty-ws-many-user-lifecycle,lifecycle
2026-06-18T04:02:06Z,novelty-ws-real-user-save-reload,real-user
2026-06-18T04:02:36Z,novelty-http-large-post-lifecycle,lifecycle
2026-06-18T04:02:36Z,novelty-http-title-reload-convergence,lifecycle
2026-06-18T04:02:36Z,novelty-http-persistence-probe,persistence
2026-06-18T04:02:36Z,novelty-ws-parser-serialization,parser
2026-06-18T04:02:36Z,novelty-ws-multi-reload-lifecycle,lifecycle
2026-06-18T04:02:36Z,novelty-ws-collaboration-ui-signals,other
2026-06-18T04:02:36Z,novelty-http-large-post-lifecycle-completion,lifecycle
2026-06-18T04:02:36Z,novelty-ws-many-user-lifecycle-completion,lifecycle
2026-06-18T04:02:36Z,novelty-ws-many-user-lifecycle,lifecycle
2026-06-18T04:07:31Z,novelty-ws-real-user-save-reload,real-user
2026-06-18T04:07:56Z,novelty-http-large-post-lifecycle,lifecycle
2026-06-18T04:07:56Z,novelty-http-title-reload-convergence,lifecycle
2026-06-18T04:07:56Z,novelty-http-persistence-probe,persistence
2026-06-18T04:07:56Z,novelty-ws-parser-serialization,parser
2026-06-18T04:07:56Z,novelty-ws-multi-reload-lifecycle,lifecycle
2026-06-18T04:07:56Z,novelty-ws-collaboration-ui-signals,other
2026-06-18T04:07:56Z,novelty-http-large-post-lifecycle-completion,lifecycle
2026-06-18T04:07:56Z,novelty-ws-many-user-lifecycle-completion,lifecycle
2026-06-18T04:07:56Z,novelty-ws-many-user-lifecycle,lifecycle
2026-06-18T04:13:04Z,novelty-ws-real-user-save-reload,real-user
2026-06-18T04:13:39Z,novelty-http-large-post-lifecycle,lifecycle
2026-06-18T04:13:39Z,novelty-http-title-reload-convergence,lifecycle
2026-06-18T04:13:40Z,novelty-http-same-user-stale-draft,lifecycle
2026-06-18T04:13:40Z,novelty-http-existing-post-crdt-metadata,http
2026-06-18T04:13:40Z,novelty-http-persistence-probe,persistence
2026-06-18T04:13:40Z,novelty-ws-parser-serialization,parser
2026-06-18T04:13:40Z,novelty-ws-multi-reload-lifecycle,lifecycle
2026-06-18T04:13:40Z,novelty-ws-collaboration-ui-signals,other
2026-06-18T04:13:40Z,novelty-http-large-post-lifecycle-completion,lifecycle
2026-06-18T04:13:40Z,novelty-ws-many-user-lifecycle-completion,lifecycle
2026-06-18T04:13:40Z,novelty-ws-many-user-lifecycle,lifecycle
2026-06-18T04:18:35Z,novelty-ws-real-user-save-reload,real-user
2026-06-18T04:19:07Z,novelty-http-large-post-lifecycle,lifecycle
2026-06-18T04:19:07Z,novelty-http-title-reload-convergence,lifecycle
2026-06-18T04:19:07Z,novelty-http-persistence-probe,persistence
2026-06-18T04:19:07Z,novelty-ws-parser-serialization,parser
2026-06-18T04:19:07Z,novelty-ws-multi-reload-lifecycle,lifecycle
2026-06-18T04:19:07Z,novelty-ws-collaboration-ui-signals,other
2026-06-18T04:19:07Z,novelty-http-large-post-lifecycle-completion,lifecycle
2026-06-18T04:19:07Z,novelty-ws-real-user-coverage-bridge,real-user
2026-06-18T04:19:07Z,novelty-ws-many-user-lifecycle-completion,lifecycle
2026-06-18T04:19:08Z,novelty-ws-many-user-lifecycle,lifecycle
2026-06-18T04:24:05Z,novelty-ws-real-user-save-reload,real-user
2026-06-18T04:24:12Z,novelty-ws-real-user-editing,real-user
2026-06-18T04:24:16Z,novelty-ws-three-user-late-join,lifecycle
2026-06-18T04:30:07Z,novelty-http-large-post-lifecycle,lifecycle
2026-06-18T04:30:07Z,novelty-http-title-reload-convergence,lifecycle
2026-06-18T04:30:07Z,novelty-http-existing-post-crdt-metadata,http
2026-06-18T04:30:07Z,novelty-http-persistence-probe,persistence
2026-06-18T04:30:07Z,novelty-ws-parser-serialization,parser
2026-06-18T04:30:07Z,novelty-ws-multi-reload-lifecycle,lifecycle
2026-06-18T04:30:07Z,novelty-ws-collaboration-ui-signals,other
2026-06-18T04:30:07Z,novelty-http-large-post-lifecycle-completion,lifecycle
2026-06-18T04:30:07Z,novelty-ws-real-user-coverage-bridge,real-user
2026-06-18T04:30:07Z,novelty-ws-many-user-lifecycle-completion,lifecycle
2026-06-18T04:30:07Z,novelty-ws-many-user-lifecycle,lifecycle
2026-06-18T04:35:37Z,novelty-http-large-post-lifecycle,lifecycle
2026-06-18T04:35:37Z,novelty-http-title-reload-convergence,lifecycle
2026-06-18T04:35:37Z,novelty-http-persistence-probe,persistence
2026-06-18T04:35:37Z,novelty-ws-parser-serialization,parser
2026-06-18T04:35:37Z,novelty-ws-multi-reload-lifecycle,lifecycle
2026-06-18T04:35:37Z,novelty-ws-collaboration-ui-signals,other
2026-06-18T04:35:37Z,novelty-http-large-post-lifecycle-completion,lifecycle
2026-06-18T04:35:37Z,novelty-ws-many-user-lifecycle-completion,lifecycle
2026-06-18T04:35:37Z,novelty-ws-many-user-lifecycle,lifecycle
2026-06-18T04:40:44Z,novelty-ws-real-user-save-reload,real-user
2026-06-18T04:41:20Z,novelty-http-large-post-lifecycle,lifecycle
2026-06-18T04:41:20Z,novelty-http-title-reload-convergence,lifecycle
2026-06-18T04:41:20Z,novelty-http-same-user-stale-draft,lifecycle
2026-06-18T04:41:20Z,novelty-http-existing-post-crdt-metadata,http
2026-06-18T04:41:20Z,novelty-http-persistence-probe,persistence
2026-06-18T04:41:20Z,novelty-ws-parser-serialization,parser
2026-06-18T04:41:20Z,novelty-ws-multi-reload-lifecycle,lifecycle
2026-06-18T04:41:20Z,novelty-ws-collaboration-ui-signals,other
2026-06-18T04:41:20Z,novelty-http-large-post-lifecycle-completion,lifecycle
2026-06-18T04:41:20Z,novelty-ws-many-user-lifecycle-completion,lifecycle
2026-06-18T04:41:21Z,novelty-ws-many-user-lifecycle,lifecycle
2026-06-18T04:46:53Z,novelty-http-large-post-lifecycle,lifecycle
2026-06-18T04:46:53Z,novelty-http-title-reload-convergence,lifecycle
2026-06-18T04:46:53Z,novelty-http-persistence-probe,persistence
2026-06-18T04:46:53Z,novelty-ws-parser-serialization,parser
2026-06-18T04:46:53Z,novelty-ws-multi-reload-lifecycle,lifecycle
2026-06-18T04:46:53Z,novelty-ws-collaboration-ui-signals,other
2026-06-18T04:46:53Z,novelty-http-large-post-lifecycle-completion,lifecycle
2026-06-18T04:46:53Z,novelty-ws-many-user-lifecycle-completion,lifecycle
2026-06-18T04:46:53Z,novelty-ws-many-user-lifecycle,lifecycle
2026-06-18T04:52:14Z,novelty-ws-real-user-save-reload,real-user
2026-06-18T04:52:40Z,novelty-http-large-post-lifecycle,lifecycle
2026-06-18T04:52:40Z,novelty-http-title-reload-convergence,lifecycle
2026-06-18T04:52:40Z,novelty-http-persistence-probe,persistence
2026-06-18T04:52:40Z,novelty-ws-parser-serialization,parser
2026-06-18T04:52:40Z,novelty-ws-multi-reload-lifecycle,lifecycle
2026-06-18T04:52:40Z,novelty-ws-collaboration-ui-signals,other
2026-06-18T04:52:40Z,novelty-http-large-post-lifecycle-completion,lifecycle
2026-06-18T04:52:40Z,novelty-ws-many-user-lifecycle-completion,lifecycle
2026-06-18T04:52:40Z,novelty-ws-many-user-lifecycle,lifecycle
2026-06-18T04:58:03Z,novelty-ws-real-user-save-reload,real-user
2026-06-18T04:58:40Z,novelty-http-large-post-lifecycle,lifecycle
2026-06-18T04:58:40Z,novelty-http-title-reload-convergence,lifecycle
2026-06-18T04:58:40Z,novelty-http-same-user-stale-draft,lifecycle
2026-06-18T04:58:40Z,novelty-http-existing-post-crdt-metadata,http
2026-06-18T04:58:40Z,novelty-http-persistence-probe,persistence
2026-06-18T04:58:40Z,novelty-ws-parser-serialization,parser
2026-06-18T04:58:40Z,novelty-ws-multi-reload-lifecycle,lifecycle
2026-06-18T04:58:40Z,novelty-ws-collaboration-ui-signals,other
2026-06-18T04:58:40Z,novelty-http-large-post-lifecycle-completion,lifecycle
2026-06-18T04:58:40Z,novelty-ws-many-user-lifecycle-completion,lifecycle
2026-06-18T04:58:41Z,novelty-ws-many-user-lifecycle,lifecycle
2026-06-18T05:04:08Z,novelty-ws-real-user-save-reload,real-user
2026-06-18T05:04:41Z,novelty-http-large-post-lifecycle,lifecycle
2026-06-18T05:04:41Z,novelty-http-title-reload-convergence,lifecycle
2026-06-18T05:04:41Z,novelty-http-same-user-stale-draft,lifecycle
2026-06-18T05:04:41Z,novelty-http-existing-post-crdt-metadata,http
2026-06-18T05:04:41Z,novelty-http-persistence-probe,persistence
2026-06-18T05:04:41Z,novelty-ws-parser-serialization,parser
2026-06-18T05:04:41Z,novelty-ws-multi-reload-lifecycle,lifecycle
2026-06-18T05:04:41Z,novelty-ws-collaboration-ui-signals,other
2026-06-18T05:04:41Z,novelty-http-large-post-lifecycle-completion,lifecycle
2026-06-18T05:04:41Z,novelty-ws-many-user-lifecycle-completion,lifecycle
2026-06-18T05:04:42Z,novelty-ws-many-user-lifecycle,lifecycle
2026-06-18T05:10:35Z,novelty-http-large-post-lifecycle,lifecycle
2026-06-18T05:10:35Z,novelty-http-title-reload-convergence,lifecycle
2026-06-18T05:10:35Z,novelty-http-same-user-stale-draft,lifecycle
2026-06-18T05:10:35Z,novelty-http-existing-post-crdt-metadata,http
2026-06-18T05:10:35Z,novelty-http-persistence-probe,persistence
2026-06-18T05:10:35Z,novelty-ws-parser-serialization,parser
2026-06-18T05:10:35Z,novelty-ws-multi-reload-lifecycle,lifecycle
2026-06-18T05:10:35Z,novelty-ws-collaboration-ui-signals,other
2026-06-18T05:10:35Z,novelty-http-large-post-lifecycle-completion,lifecycle
2026-06-18T05:10:35Z,novelty-ws-many-user-lifecycle-completion,lifecycle
2026-06-18T05:10:35Z,novelty-ws-many-user-lifecycle,lifecycle
2026-06-18T05:15:57Z,novelty-ws-real-user-save-reload,real-user
2026-06-18T05:16:31Z,novelty-http-large-post-lifecycle,lifecycle
2026-06-18T05:16:31Z,novelty-http-title-reload-convergence,lifecycle
2026-06-18T05:16:31Z,novelty-http-same-user-stale-draft,lifecycle
2026-06-18T05:16:31Z,novelty-http-existing-post-crdt-metadata,http
2026-06-18T05:16:31Z,novelty-http-persistence-probe,persistence
2026-06-18T05:16:31Z,novelty-ws-parser-serialization,parser
2026-06-18T05:16:31Z,novelty-ws-multi-reload-lifecycle,lifecycle
2026-06-18T05:16:31Z,novelty-ws-collaboration-ui-signals,other
2026-06-18T05:16:31Z,novelty-http-large-post-lifecycle-completion,lifecycle
2026-06-18T05:16:31Z,novelty-ws-many-user-lifecycle-completion,lifecycle
2026-06-18T05:16:31Z,novelty-ws-many-user-lifecycle,lifecycle
2026-06-18T05:22:30Z,novelty-http-large-post-lifecycle,lifecycle
2026-06-18T05:22:30Z,novelty-http-title-reload-convergence,lifecycle
2026-06-18T05:22:30Z,novelty-http-same-user-stale-draft,lifecycle
2026-06-18T05:22:30Z,novelty-http-existing-post-crdt-metadata,http
2026-06-18T05:22:30Z,novelty-http-persistence-probe,persistence
2026-06-18T05:22:30Z,novelty-ws-parser-serialization,parser
2026-06-18T05:22:30Z,novelty-ws-multi-reload-lifecycle,lifecycle
2026-06-18T05:22:30Z,novelty-ws-collaboration-ui-signals,other
2026-06-18T05:22:30Z,novelty-http-large-post-lifecycle-completion,lifecycle
2026-06-18T05:22:30Z,novelty-ws-many-user-lifecycle-completion,lifecycle
2026-06-18T05:22:30Z,novelty-ws-many-user-lifecycle,lifecycle
2026-06-18T05:28:11Z,novelty-ws-real-user-save-reload,real-user
2026-06-18T05:28:40Z,novelty-http-large-post-lifecycle,lifecycle
2026-06-18T05:28:40Z,novelty-http-title-reload-convergence,lifecycle
2026-06-18T05:28:40Z,novelty-http-persistence-probe,persistence
2026-06-18T05:28:40Z,novelty-ws-parser-serialization,parser
2026-06-18T05:28:40Z,novelty-ws-multi-reload-lifecycle,lifecycle
2026-06-18T05:28:40Z,novelty-ws-collaboration-ui-signals,other
2026-06-18T05:28:40Z,novelty-http-large-post-lifecycle-completion,lifecycle
2026-06-18T05:28:40Z,novelty-ws-many-user-lifecycle-completion,lifecycle
2026-06-18T05:28:40Z,novelty-ws-many-user-lifecycle,lifecycle
2026-06-18T05:34:58Z,novelty-http-large-post-lifecycle,lifecycle
2026-06-18T05:34:58Z,novelty-http-title-reload-convergence,lifecycle
2026-06-18T05:34:58Z,novelty-http-persistence-probe,persistence
2026-06-18T05:34:58Z,novelty-ws-parser-serialization,parser
2026-06-18T05:34:58Z,novelty-ws-multi-reload-lifecycle,lifecycle
2026-06-18T05:34:58Z,novelty-ws-collaboration-ui-signals,other
2026-06-18T05:34:58Z,novelty-http-large-post-lifecycle-completion,lifecycle
2026-06-18T05:34:58Z,novelty-ws-many-user-lifecycle-completion,lifecycle
2026-06-18T05:34:58Z,novelty-ws-many-user-lifecycle,lifecycle
2026-06-18T05:40:50Z,novelty-ws-real-user-save-reload,real-user
2026-06-18T05:41:27Z,novelty-http-large-post-lifecycle,lifecycle
2026-06-18T05:41:27Z,novelty-http-title-reload-convergence,lifecycle
2026-06-18T05:41:27Z,novelty-http-same-user-stale-draft,lifecycle
2026-06-18T05:41:27Z,novelty-http-existing-post-crdt-metadata,http
2026-06-18T05:41:27Z,novelty-http-persistence-probe,persistence
2026-06-18T05:41:27Z,novelty-ws-multi-reload-lifecycle,lifecycle
2026-06-18T05:41:27Z,novelty-ws-collaboration-ui-signals,other
2026-06-18T05:41:27Z,novelty-http-large-post-lifecycle-completion,lifecycle
2026-06-18T05:41:27Z,novelty-ws-many-user-lifecycle-completion,lifecycle
2026-06-18T05:41:27Z,novelty-ws-many-user-lifecycle,lifecycle
2026-06-18T05:47:39Z,novelty-http-table-stale-snapshot,http
2026-06-18T05:47:39Z,novelty-http-large-post-lifecycle,lifecycle
2026-06-18T05:47:39Z,novelty-http-title-reload-convergence,lifecycle
2026-06-18T05:47:39Z,novelty-http-existing-post-crdt-metadata,http
2026-06-18T05:47:39Z,novelty-http-persistence-probe,persistence
2026-06-18T05:47:39Z,novelty-ws-multi-reload-lifecycle,lifecycle
2026-06-18T05:47:39Z,novelty-ws-collaboration-ui-signals,other
2026-06-18T05:47:39Z,novelty-http-large-post-lifecycle-completion,lifecycle
2026-06-18T05:47:39Z,novelty-ws-many-user-lifecycle-completion,lifecycle
2026-06-18T05:47:42Z,novelty-ws-many-user-lifecycle,lifecycle
2026-06-18T05:53:50Z,novelty-ws-parser-serialization,parser
2026-06-18T05:54:31Z,novelty-http-table-stale-snapshot,http
2026-06-18T05:54:31Z,novelty-http-large-post-lifecycle,lifecycle
2026-06-18T05:54:31Z,novelty-http-title-reload-convergence,lifecycle
2026-06-18T05:54:31Z,novelty-http-same-user-stale-draft,lifecycle
2026-06-18T05:54:31Z,novelty-http-existing-post-crdt-metadata,http
2026-06-18T05:54:31Z,novelty-http-persistence-probe,persistence
2026-06-18T05:54:31Z,novelty-ws-multi-reload-lifecycle,lifecycle
2026-06-18T05:54:31Z,novelty-ws-collaboration-ui-signals,other
2026-06-18T05:54:31Z,novelty-http-large-post-lifecycle-completion,lifecycle
2026-06-18T05:54:31Z,novelty-ws-real-user-coverage-bridge,real-user
2026-06-18T05:54:31Z,novelty-ws-many-user-lifecycle-completion,lifecycle
2026-06-18T05:54:31Z,novelty-ws-many-user-lifecycle,lifecycle
2026-06-18T06:00:48Z,novelty-http-table-stale-snapshot,http
2026-06-18T06:00:48Z,novelty-http-large-post-lifecycle,lifecycle
2026-06-18T06:00:48Z,novelty-http-persistence-probe,persistence
2026-06-18T06:00:48Z,novelty-ws-multi-reload-lifecycle,lifecycle
2026-06-18T06:00:48Z,novelty-ws-collaboration-ui-signals,other
2026-06-18T06:00:48Z,novelty-http-large-post-lifecycle-completion,lifecycle
2026-06-18T06:00:48Z,novelty-ws-real-user-coverage-bridge,real-user
2026-06-18T06:00:48Z,novelty-ws-many-user-lifecycle-completion,lifecycle
2026-06-18T06:00:50Z,novelty-ws-many-user-lifecycle,lifecycle
2026-06-18T06:07:15Z,novelty-http-table-stale-snapshot,http
2026-06-18T06:07:15Z,novelty-http-large-post-lifecycle,lifecycle
2026-06-18T06:07:15Z,novelty-http-persistence-probe,persistence
2026-06-18T06:07:15Z,novelty-ws-parser-serialization,parser
2026-06-18T06:07:15Z,novelty-ws-multi-reload-lifecycle,lifecycle
2026-06-18T06:07:15Z,novelty-ws-collaboration-ui-signals,other
2026-06-18T06:07:15Z,novelty-http-large-post-lifecycle-completion,lifecycle
2026-06-18T06:07:15Z,novelty-ws-real-user-coverage-bridge,real-user
2026-06-18T06:07:15Z,novelty-ws-many-user-lifecycle-completion,lifecycle
2026-06-18T06:07:16Z,novelty-ws-many-user-lifecycle,lifecycle
2026-06-18T06:13:45Z,novelty-http-table-stale-snapshot,http
2026-06-18T06:13:45Z,novelty-http-large-post-lifecycle,lifecycle
2026-06-18T06:13:45Z,novelty-http-title-reload-convergence,lifecycle
2026-06-18T06:13:45Z,novelty-http-existing-post-crdt-metadata,http
2026-06-18T06:13:45Z,novelty-http-persistence-probe,persistence
2026-06-18T06:13:45Z,novelty-ws-parser-serialization,parser
2026-06-18T06:13:45Z,novelty-ws-multi-reload-lifecycle,lifecycle
2026-06-18T06:13:45Z,novelty-ws-collaboration-ui-signals,other
2026-06-18T06:13:45Z,novelty-http-large-post-lifecycle-completion,lifecycle
2026-06-18T06:13:45Z,novelty-ws-real-user-coverage-bridge,real-user
2026-06-18T06:13:45Z,novelty-ws-many-user-lifecycle-completion,lifecycle
2026-06-18T06:13:46Z,novelty-ws-many-user-lifecycle,lifecycle
2026-06-18T06:19:49Z,novelty-ws-real-user-save-reload,real-user
2026-06-18T06:20:24Z,novelty-http-table-stale-snapshot,http
2026-06-18T06:20:24Z,novelty-http-large-post-lifecycle,lifecycle
2026-06-18T06:20:24Z,novelty-http-persistence-probe,persistence
2026-06-18T06:20:24Z,novelty-ws-parser-serialization,parser
2026-06-18T06:20:24Z,novelty-ws-multi-reload-lifecycle,lifecycle
2026-06-18T06:20:24Z,novelty-ws-collaboration-ui-signals,other
2026-06-18T06:20:24Z,novelty-http-large-post-lifecycle-completion,lifecycle
2026-06-18T06:20:24Z,novelty-ws-real-user-coverage-bridge,real-user
2026-06-18T06:20:25Z,novelty-ws-many-user-lifecycle-completion,lifecycle
2026-06-18T06:26:51Z,novelty-ws-real-user-save-reload,real-user
2026-06-18T06:27:17Z,novelty-http-table-stale-snapshot,http
2026-06-18T06:27:17Z,novelty-http-large-post-lifecycle,lifecycle
2026-06-18T06:27:17Z,novelty-http-title-reload-convergence,lifecycle
2026-06-18T06:27:17Z,novelty-http-persistence-probe,persistence
2026-06-18T06:27:17Z,novelty-ws-parser-serialization,parser
2026-06-18T06:27:17Z,novelty-ws-multi-reload-lifecycle,lifecycle
2026-06-18T06:27:17Z,novelty-ws-collaboration-ui-signals,other
2026-06-18T06:27:17Z,novelty-http-large-post-lifecycle-completion,lifecycle
2026-06-18T06:27:17Z,novelty-ws-many-user-lifecycle-completion,lifecycle
2026-06-18T06:34:04Z,novelty-http-table-stale-snapshot,http
2026-06-18T06:34:04Z,novelty-http-large-post-lifecycle,lifecycle
2026-06-18T06:34:04Z,novelty-http-title-reload-convergence,lifecycle
2026-06-18T06:34:04Z,novelty-http-persistence-probe,persistence
2026-06-18T06:34:04Z,novelty-ws-parser-serialization,parser
2026-06-18T06:34:04Z,novelty-ws-multi-reload-lifecycle,lifecycle
2026-06-18T06:34:04Z,novelty-ws-collaboration-ui-signals,other
2026-06-18T06:34:04Z,novelty-http-large-post-lifecycle-completion,lifecycle
2026-06-18T06:34:04Z,novelty-ws-many-user-lifecycle-completion,lifecycle
2026-06-18T06:34:04Z,novelty-ws-many-user-lifecycle,lifecycle
2026-06-18T06:40:30Z,novelty-http-table-stale-snapshot,http
2026-06-18T06:40:30Z,novelty-http-large-post-lifecycle,lifecycle
2026-06-18T06:40:30Z,novelty-http-persistence-probe,persistence
2026-06-18T06:40:30Z,novelty-ws-parser-serialization,parser
2026-06-18T06:40:30Z,novelty-ws-multi-reload-lifecycle,lifecycle
2026-06-18T06:40:30Z,novelty-ws-collaboration-ui-signals,other
2026-06-18T06:40:30Z,novelty-http-large-post-lifecycle-completion,lifecycle
2026-06-18T06:40:31Z,novelty-ws-real-user-coverage-bridge,real-user
2026-06-18T06:40:31Z,novelty-ws-many-user-lifecycle-completion,lifecycle
2026-06-18T06:40:31Z,novelty-ws-many-user-lifecycle,lifecycle
2026-06-18T06:46:44Z,novelty-ws-real-user-save-reload,real-user
2026-06-18T06:47:15Z,novelty-http-table-stale-snapshot,http
2026-06-18T06:47:15Z,novelty-http-large-post-lifecycle,lifecycle
2026-06-18T06:47:15Z,novelty-http-title-reload-convergence,lifecycle
2026-06-18T06:47:15Z,novelty-http-same-user-stale-draft,lifecycle
2026-06-18T06:47:15Z,novelty-http-existing-post-crdt-metadata,http
2026-06-18T06:47:15Z,novelty-http-persistence-probe,persistence
2026-06-18T06:47:15Z,novelty-ws-parser-serialization,parser
2026-06-18T06:47:15Z,novelty-ws-multi-reload-lifecycle,lifecycle
2026-06-18T06:47:15Z,novelty-ws-collaboration-ui-signals,other
2026-06-18T06:47:15Z,novelty-http-large-post-lifecycle-completion,lifecycle
2026-06-18T06:47:15Z,novelty-ws-real-user-coverage-bridge,real-user
2026-06-18T06:47:15Z,novelty-ws-many-user-lifecycle-completion,lifecycle
2026-06-18T06:54:01Z,novelty-http-table-stale-snapshot,http
2026-06-18T06:54:01Z,novelty-http-large-post-lifecycle,lifecycle
2026-06-18T06:54:01Z,novelty-http-persistence-probe,persistence
2026-06-18T06:54:01Z,novelty-ws-parser-serialization,parser
2026-06-18T06:54:01Z,novelty-ws-multi-reload-lifecycle,lifecycle
2026-06-18T06:54:01Z,novelty-ws-collaboration-ui-signals,other
2026-06-18T06:54:01Z,novelty-ws-real-user-coverage-bridge,real-user
2026-06-18T06:54:01Z,novelty-ws-many-user-lifecycle-completion,lifecycle
2026-06-18T06:54:01Z,novelty-ws-many-user-lifecycle,lifecycle
2026-06-18T07:00:28Z,novelty-ws-real-user-save-reload,real-user
2026-06-18T07:00:54Z,novelty-http-table-stale-snapshot,http
2026-06-18T07:00:54Z,novelty-http-large-post-lifecycle,lifecycle
2026-06-18T07:00:54Z,novelty-http-persistence-probe,persistence
2026-06-18T07:00:54Z,novelty-ws-parser-serialization,parser
2026-06-18T07:00:54Z,novelty-ws-multi-reload-lifecycle,lifecycle
2026-06-18T07:00:54Z,novelty-ws-collaboration-ui-signals,other
2026-06-18T07:00:54Z,novelty-ws-real-user-coverage-bridge,real-user
2026-06-18T07:00:55Z,novelty-ws-many-user-lifecycle-completion,lifecycle
2026-06-18T07:07:37Z,novelty-http-table-stale-snapshot,http
2026-06-18T07:07:37Z,novelty-http-large-post-lifecycle,lifecycle
2026-06-18T07:07:37Z,novelty-http-persistence-probe,persistence
2026-06-18T07:07:37Z,novelty-ws-parser-serialization,parser
2026-06-18T07:07:37Z,novelty-ws-multi-reload-lifecycle,lifecycle
2026-06-18T07:07:37Z,novelty-ws-collaboration-ui-signals,other
2026-06-18T07:07:37Z,novelty-http-large-post-lifecycle-completion,lifecycle
2026-06-18T07:07:37Z,novelty-ws-many-user-lifecycle-completion,lifecycle
2026-06-18T07:07:38Z,novelty-ws-many-user-lifecycle,lifecycle
2026-06-18T07:14:18Z,novelty-http-table-stale-snapshot,http
2026-06-18T07:14:18Z,novelty-http-persistence-probe,persistence
2026-06-18T07:14:18Z,novelty-ws-parser-serialization,parser
2026-06-18T07:14:18Z,novelty-ws-multi-reload-lifecycle,lifecycle
2026-06-18T07:14:18Z,novelty-ws-collaboration-ui-signals,other
2026-06-18T07:14:18Z,novelty-ws-real-user-coverage-bridge,real-user
2026-06-18T07:14:18Z,novelty-ws-many-user-lifecycle-completion,lifecycle
2026-06-18T07:14:18Z,novelty-ws-many-user-lifecycle,lifecycle
2026-06-18T07:20:42Z,novelty-ws-real-user-save-reload,real-user
2026-06-18T07:21:10Z,novelty-http-table-stale-snapshot,http
2026-06-18T07:21:10Z,novelty-http-large-post-lifecycle,lifecycle
2026-06-18T07:21:10Z,novelty-http-persistence-probe,persistence
2026-06-18T07:21:10Z,novelty-ws-parser-serialization,parser
2026-06-18T07:21:10Z,novelty-ws-multi-reload-lifecycle,lifecycle
2026-06-18T07:21:10Z,novelty-ws-collaboration-ui-signals,other
2026-06-18T07:21:10Z,novelty-ws-real-user-coverage-bridge,real-user
2026-06-18T07:21:11Z,novelty-ws-media-cross-entity,async/media
2026-06-18T07:28:06Z,novelty-http-table-stale-snapshot,http
2026-06-18T07:28:06Z,novelty-http-large-post-lifecycle,lifecycle
2026-06-18T07:28:06Z,novelty-http-persistence-probe,persistence
2026-06-18T07:28:06Z,novelty-ws-parser-serialization,parser
2026-06-18T07:28:06Z,novelty-ws-multi-reload-lifecycle,lifecycle
2026-06-18T07:28:06Z,novelty-ws-collaboration-ui-signals,other
2026-06-18T07:28:06Z,novelty-http-large-post-lifecycle-completion,lifecycle
2026-06-18T07:28:07Z,novelty-ws-many-user-lifecycle-completion,lifecycle
2026-06-18T07:34:45Z,novelty-ws-real-user-save-reload,real-user
2026-06-18T07:35:08Z,novelty-http-table-stale-snapshot,http
2026-06-18T07:35:08Z,novelty-http-large-post-lifecycle,lifecycle
2026-06-18T07:35:08Z,novelty-http-persistence-probe,persistence
2026-06-18T07:35:08Z,novelty-ws-parser-serialization,parser
2026-06-18T07:35:08Z,novelty-ws-multi-reload-lifecycle,lifecycle
2026-06-18T07:35:08Z,novelty-ws-collaboration-ui-signals,other
2026-06-18T07:35:09Z,novelty-ws-permissions-auth-locks,auth/locks
2026-06-18T07:41:56Z,novelty-ws-long-session-large-doc,lifecycle
2026-06-18T07:42:20Z,novelty-ws-parser-transform,parser
2026-06-18T07:42:20Z,novelty-http-table-stale-snapshot,http
2026-06-18T07:42:20Z,novelty-http-large-post-lifecycle,lifecycle
2026-06-18T07:42:20Z,novelty-http-persistence-probe,persistence
2026-06-18T07:42:20Z,novelty-ws-parser-serialization,parser
2026-06-18T07:42:20Z,novelty-ws-multi-reload-lifecycle,lifecycle
2026-06-18T07:42:20Z,novelty-ws-collaboration-ui-signals,other
2026-06-18T07:42:21Z,novelty-ws-real-user-coverage-bridge,real-user
2026-06-18T07:48:50Z,novelty-ws-real-user-save-reload,real-user
2026-06-18T07:49:14Z,novelty-http-table-stale-snapshot,http
2026-06-18T07:49:14Z,novelty-http-large-post-lifecycle,lifecycle
2026-06-18T07:49:14Z,novelty-http-title-reload-convergence,lifecycle
2026-06-18T07:49:14Z,novelty-http-same-user-stale-draft,lifecycle
2026-06-18T07:49:14Z,novelty-http-existing-post-crdt-metadata,http
2026-06-18T07:49:14Z,novelty-http-persistence-probe,persistence
2026-06-18T07:49:14Z,novelty-ws-parser-serialization,parser
2026-06-18T07:49:14Z,novelty-ws-multi-reload-lifecycle,lifecycle
2026-06-18T07:49:15Z,novelty-ws-permissions-auth-locks,auth/locks
2026-06-18T07:55:48Z,novelty-ws-long-session-large-doc,lifecycle
2026-06-18T07:56:12Z,novelty-http-table-stale-snapshot,http
2026-06-18T07:56:12Z,novelty-http-large-post-lifecycle,lifecycle
2026-06-18T07:56:12Z,novelty-http-title-reload-convergence,lifecycle
2026-06-18T07:56:12Z,novelty-http-persistence-probe,persistence
2026-06-18T07:56:12Z,novelty-ws-parser-serialization,parser
2026-06-18T07:56:12Z,novelty-ws-multi-reload-lifecycle,lifecycle
2026-06-18T07:56:13Z,novelty-ws-collaboration-ui-signals,other
2026-06-18T07:56:13Z,novelty-ws-real-user-coverage-bridge,real-user
2026-06-18T08:02:50Z,novelty-ws-long-session-large-doc,lifecycle
2026-06-18T08:03:09Z,novelty-http-table-stale-snapshot,http
2026-06-18T08:03:09Z,novelty-http-large-post-lifecycle,lifecycle
2026-06-18T08:03:09Z,novelty-http-title-reload-convergence,lifecycle
2026-06-18T08:03:09Z,novelty-http-persistence-probe,persistence
2026-06-18T08:03:09Z,novelty-ws-parser-serialization,parser
2026-06-18T08:03:09Z,novelty-ws-collaboration-ui-signals,other
2026-06-18T08:03:09Z,novelty-http-large-post-lifecycle-completion,lifecycle
2026-06-18T08:03:10Z,novelty-ws-real-user-coverage-bridge,real-user
2026-06-18T08:09:38Z,novelty-ws-long-session-large-doc,lifecycle
2026-06-18T08:09:59Z,novelty-http-table-stale-snapshot,http
2026-06-18T08:09:59Z,novelty-http-large-post-lifecycle,lifecycle
2026-06-18T08:09:59Z,novelty-http-persistence-probe,persistence
2026-06-18T08:09:59Z,novelty-ws-parser-serialization,parser
2026-06-18T08:09:59Z,novelty-ws-multi-reload-lifecycle,lifecycle
2026-06-18T08:09:59Z,novelty-ws-collaboration-ui-signals,other
2026-06-18T08:10:00Z,novelty-ws-real-user-coverage-bridge,real-user
2026-06-18T08:16:39Z,novelty-ws-real-user-save-reload,real-user
2026-06-18T08:16:46Z,novelty-ws-long-session-large-doc,lifecycle
2026-06-18T08:17:01Z,novelty-http-large-post-lifecycle,lifecycle
2026-06-18T08:17:01Z,novelty-http-title-reload-convergence,lifecycle
2026-06-18T08:17:01Z,novelty-http-same-user-stale-draft,lifecycle
2026-06-18T08:17:01Z,novelty-http-persistence-probe,persistence
2026-06-18T08:17:01Z,novelty-ws-multi-reload-lifecycle,lifecycle
2026-06-18T08:23:46Z,novelty-ws-real-user-save-reload,real-user
2026-06-18T08:23:53Z,novelty-ws-long-session-large-doc,lifecycle
2026-06-18T08:24:06Z,novelty-http-table-stale-snapshot,http
2026-06-18T08:24:06Z,novelty-http-large-post-lifecycle,lifecycle
2026-06-18T08:24:06Z,novelty-http-title-reload-convergence,lifecycle
2026-06-18T08:24:06Z,novelty-http-persistence-probe,persistence
2026-06-18T08:24:06Z,novelty-ws-multi-reload-lifecycle,lifecycle
2026-06-18T08:24:09Z,novelty-ws-permissions-auth-locks,auth/locks
2026-06-18T08:30:54Z,novelty-ws-real-user-save-reload,real-user
2026-06-18T08:31:02Z,novelty-ws-permissions-auth-locks,auth/locks
2026-06-18T08:31:05Z,novelty-ws-long-session-large-doc,lifecycle
2026-06-18T08:31:19Z,novelty-http-table-stale-snapshot,http
2026-06-18T08:31:19Z,novelty-http-large-post-lifecycle,lifecycle
2026-06-18T08:31:19Z,novelty-http-title-reload-convergence,lifecycle
2026-06-18T08:31:19Z,novelty-http-persistence-probe,persistence
2026-06-18T08:31:19Z,novelty-ws-parser-serialization,parser
2026-06-18T08:31:19Z,novelty-ws-multi-reload-lifecycle,lifecycle
2026-06-18T08:31:20Z,novelty-ws-permissions-auth-locks,auth/locks
2026-06-18T08:38:10Z,novelty-ws-permissions-auth-locks,auth/locks
2026-06-18T08:38:13Z,novelty-ws-long-session-large-doc,lifecycle
2026-06-18T08:38:32Z,novelty-http-table-stale-snapshot,http
2026-06-18T08:38:32Z,novelty-http-large-post-lifecycle,lifecycle
2026-06-18T08:38:32Z,novelty-http-title-reload-convergence,lifecycle
2026-06-18T08:38:32Z,novelty-http-persistence-probe,persistence
2026-06-18T08:38:32Z,novelty-ws-parser-serialization,parser
2026-06-18T08:38:32Z,novelty-ws-multi-reload-lifecycle,lifecycle
2026-06-18T08:38:32Z,novelty-ws-collaboration-ui-signals,other
2026-06-18T08:38:33Z,novelty-ws-real-user-coverage-bridge,real-user
2026-06-18T08:45:28Z,novelty-ws-real-user-save-reload,real-user
2026-06-18T08:45:35Z,novelty-ws-long-session-large-doc,lifecycle
2026-06-18T08:45:51Z,novelty-http-large-post-lifecycle,lifecycle
2026-06-18T08:45:51Z,novelty-http-title-reload-convergence,lifecycle
2026-06-18T08:45:51Z,novelty-http-same-user-stale-draft,lifecycle
2026-06-18T08:45:51Z,novelty-http-persistence-probe,persistence
2026-06-18T08:45:51Z,novelty-ws-parser-serialization,parser
2026-06-18T08:45:52Z,novelty-ws-permissions-auth-locks,auth/locks
2026-06-18T08:52:44Z,novelty-ws-permissions-auth-locks,auth/locks
2026-06-18T08:52:47Z,novelty-ws-long-session-large-doc,lifecycle
2026-06-18T08:53:07Z,novelty-http-large-post-lifecycle,lifecycle
2026-06-18T08:53:07Z,novelty-http-title-reload-convergence,lifecycle
2026-06-18T08:53:07Z,novelty-http-same-user-stale-draft,lifecycle
2026-06-18T08:53:07Z,novelty-http-persistence-probe,persistence
2026-06-18T08:53:07Z,novelty-ws-parser-serialization,parser
2026-06-18T08:53:07Z,novelty-ws-multi-reload-lifecycle,lifecycle
2026-06-18T08:53:08Z,novelty-ws-real-user-coverage-bridge,real-user
2026-06-18T08:59:55Z,novelty-ws-real-user-save-reload,real-user
2026-06-18T09:00:02Z,novelty-ws-long-session-large-doc,lifecycle
2026-06-18T09:00:21Z,novelty-http-table-stale-snapshot,http
2026-06-18T09:00:21Z,novelty-http-large-post-lifecycle,lifecycle
2026-06-18T09:00:21Z,novelty-http-title-reload-convergence,lifecycle
2026-06-18T09:00:21Z,novelty-http-persistence-probe,persistence
2026-06-18T09:00:21Z,novelty-ws-parser-serialization,parser
2026-06-18T09:00:21Z,novelty-ws-multi-reload-lifecycle,lifecycle
2026-06-18T09:00:21Z,novelty-ws-permissions-auth-locks,auth/locks
2026-06-18T09:07:09Z,novelty-ws-real-user-save-reload,real-user
2026-06-18T09:07:16Z,novelty-ws-permissions-auth-locks,auth/locks
2026-06-18T09:07:20Z,novelty-ws-long-session-large-doc,lifecycle
2026-06-18T09:07:32Z,novelty-http-table-stale-snapshot,http
2026-06-18T09:07:32Z,novelty-http-large-post-lifecycle,lifecycle
2026-06-18T09:07:32Z,novelty-http-title-reload-convergence,lifecycle
2026-06-18T09:07:32Z,novelty-http-persistence-probe,persistence
2026-06-18T09:07:32Z,novelty-ws-parser-serialization,parser
2026-06-18T09:07:32Z,novelty-ws-multi-reload-lifecycle,lifecycle
2026-06-18T09:07:33Z,novelty-ws-permissions-auth-locks,auth/locks
2026-06-18T09:14:18Z,novelty-ws-real-user-save-reload,real-user
2026-06-18T09:14:25Z,novelty-ws-permissions-auth-locks,auth/locks
2026-06-18T09:14:27Z,novelty-ws-long-session-large-doc,lifecycle
2026-06-18T09:14:39Z,novelty-http-table-stale-snapshot,http
2026-06-18T09:14:39Z,novelty-http-large-post-lifecycle,lifecycle
2026-06-18T09:14:39Z,novelty-http-title-reload-convergence,lifecycle
2026-06-18T09:14:39Z,novelty-http-persistence-probe,persistence
2026-06-18T09:14:39Z,novelty-ws-parser-serialization,parser
2026-06-18T09:14:39Z,novelty-ws-multi-reload-lifecycle,lifecycle
2026-06-18T09:14:40Z,novelty-ws-permissions-auth-locks,auth/locks
2026-06-18T09:21:32Z,novelty-ws-real-user-save-reload,real-user
2026-06-18T09:21:39Z,novelty-ws-permissions-auth-locks,auth/locks
2026-06-18T09:21:42Z,novelty-ws-long-session-large-doc,lifecycle
2026-06-18T09:21:57Z,novelty-http-large-post-lifecycle,lifecycle
2026-06-18T09:21:57Z,novelty-http-title-reload-convergence,lifecycle
2026-06-18T09:21:57Z,novelty-http-same-user-stale-draft,lifecycle
2026-06-18T09:21:57Z,novelty-http-persistence-probe,persistence
2026-06-18T09:21:57Z,novelty-ws-parser-serialization,parser
2026-06-18T09:21:58Z,novelty-ws-permissions-auth-locks,auth/locks
2026-06-18T09:28:59Z,novelty-ws-real-user-save-reload,real-user
2026-06-18T09:29:04Z,novelty-ws-permissions-auth-locks,auth/locks
2026-06-18T09:29:08Z,novelty-ws-long-session-large-doc,lifecycle
2026-06-18T09:29:21Z,novelty-http-table-stale-snapshot,http
2026-06-18T09:29:21Z,novelty-http-large-post-lifecycle,lifecycle
2026-06-18T09:29:21Z,novelty-http-title-reload-convergence,lifecycle
2026-06-18T09:29:21Z,novelty-http-same-user-stale-draft,lifecycle
2026-06-18T09:29:21Z,novelty-http-existing-post-crdt-metadata,http
2026-06-18T09:29:21Z,novelty-http-persistence-probe,persistence
2026-06-18T09:29:21Z,novelty-ws-parser-serialization,parser
2026-06-18T09:29:22Z,novelty-ws-multi-reload-lifecycle,lifecycle
2026-06-18T09:29:23Z,novelty-ws-permissions-auth-locks,auth/locks
2026-06-18T09:36:21Z,novelty-ws-permissions-auth-locks,auth/locks
2026-06-18T09:36:25Z,novelty-ws-long-session-large-doc,lifecycle
2026-06-18T09:36:43Z,novelty-http-table-stale-snapshot,http
2026-06-18T09:36:43Z,novelty-http-large-post-lifecycle,lifecycle
2026-06-18T09:36:43Z,novelty-http-title-reload-convergence,lifecycle
2026-06-18T09:36:43Z,novelty-http-persistence-probe,persistence
2026-06-18T09:36:43Z,novelty-ws-parser-serialization,parser
2026-06-18T09:36:43Z,novelty-ws-multi-reload-lifecycle,lifecycle
2026-06-18T09:36:43Z,novelty-ws-collaboration-ui-signals,other
2026-06-18T09:36:44Z,novelty-ws-real-user-coverage-bridge,real-user
2026-06-18T09:43:53Z,novelty-ws-long-session-large-doc,lifecycle
2026-06-18T09:44:15Z,novelty-http-large-post-lifecycle,lifecycle
2026-06-18T09:44:15Z,novelty-http-title-reload-convergence,lifecycle
2026-06-18T09:44:15Z,novelty-http-same-user-stale-draft,lifecycle
2026-06-18T09:44:15Z,novelty-http-persistence-probe,persistence
2026-06-18T09:44:15Z,novelty-ws-parser-serialization,parser
2026-06-18T09:44:15Z,novelty-ws-multi-reload-lifecycle,lifecycle
2026-06-18T09:44:16Z,novelty-ws-permissions-auth-locks,auth/locks
2026-06-18T09:51:19Z,novelty-ws-long-session-large-doc,lifecycle
2026-06-18T09:51:24Z,novelty-http-table-stale-snapshot,http
2026-06-18T09:51:28Z,novelty-ws-real-user-coverage-bridge,real-user
2026-06-18T09:59:19Z,novelty-http-table-stale-snapshot,http
2026-06-18T09:59:19Z,novelty-http-large-post-lifecycle,lifecycle
2026-06-18T09:59:19Z,novelty-http-title-reload-convergence,lifecycle
2026-06-18T09:59:19Z,novelty-http-same-user-stale-draft,lifecycle
2026-06-18T09:59:19Z,novelty-ws-parser-serialization,parser
2026-06-18T09:59:19Z,novelty-ws-multi-reload-lifecycle,lifecycle
2026-06-18T09:59:19Z,novelty-ws-collaboration-ui-signals,other
2026-06-18T09:59:20Z,novelty-ws-permissions-auth-locks,auth/locks
2026-06-18T10:06:50Z,novelty-ws-long-session-large-doc,lifecycle
2026-06-18T10:07:14Z,novelty-http-table-stale-snapshot,http
2026-06-18T10:07:14Z,novelty-http-large-post-lifecycle,lifecycle
2026-06-18T10:07:14Z,novelty-http-title-reload-convergence,lifecycle
2026-06-18T10:07:14Z,novelty-http-same-user-stale-draft,lifecycle
2026-06-18T10:07:14Z,novelty-ws-parser-serialization,parser
2026-06-18T10:07:14Z,novelty-ws-multi-reload-lifecycle,lifecycle
2026-06-18T10:07:14Z,novelty-ws-collaboration-ui-signals,other
2026-06-18T10:07:15Z,novelty-ws-permissions-auth-locks,auth/locks
2026-06-18T10:14:21Z,novelty-ws-long-session-large-doc,lifecycle
2026-06-18T10:14:47Z,novelty-http-table-stale-snapshot,http
2026-06-18T10:14:47Z,novelty-http-large-post-lifecycle,lifecycle
2026-06-18T10:14:47Z,novelty-http-title-reload-convergence,lifecycle
2026-06-18T10:14:47Z,novelty-ws-parser-serialization,parser
2026-06-18T10:14:47Z,novelty-ws-multi-reload-lifecycle,lifecycle
2026-06-18T10:14:47Z,novelty-ws-collaboration-ui-signals,other
2026-06-18T10:14:47Z,novelty-http-large-post-lifecycle-completion,lifecycle
2026-06-18T10:14:48Z,novelty-ws-permissions-auth-locks,auth/locks
2026-06-18T10:21:56Z,novelty-ws-long-session-large-doc,lifecycle
2026-06-18T10:22:23Z,novelty-http-table-stale-snapshot,http
2026-06-18T10:22:23Z,novelty-http-large-post-lifecycle,lifecycle
2026-06-18T10:22:23Z,novelty-http-title-reload-convergence,lifecycle
2026-06-18T10:22:23Z,novelty-http-same-user-stale-draft,lifecycle
2026-06-18T10:22:23Z,novelty-ws-parser-serialization,parser
2026-06-18T10:22:23Z,novelty-ws-multi-reload-lifecycle,lifecycle
2026-06-18T10:22:24Z,novelty-ws-collaboration-ui-signals,other
2026-06-18T10:22:24Z,novelty-ws-permissions-auth-locks,auth/locks
2026-06-18T10:29:30Z,novelty-ws-long-session-large-doc,lifecycle
2026-06-18T10:29:52Z,novelty-http-table-stale-snapshot,http
2026-06-18T10:29:52Z,novelty-http-large-post-lifecycle,lifecycle
2026-06-18T10:29:52Z,novelty-http-title-reload-convergence,lifecycle
2026-06-18T10:29:52Z,novelty-ws-parser-serialization,parser
2026-06-18T10:29:52Z,novelty-ws-multi-reload-lifecycle,lifecycle
2026-06-18T10:29:52Z,novelty-ws-collaboration-ui-signals,other
2026-06-18T10:29:52Z,novelty-http-large-post-lifecycle-completion,lifecycle
2026-06-18T10:29:53Z,novelty-ws-permissions-auth-locks,auth/locks
2026-06-18T10:37:05Z,novelty-ws-long-session-large-doc,lifecycle
2026-06-18T10:37:30Z,novelty-http-table-stale-snapshot,http
2026-06-18T10:37:30Z,novelty-http-large-post-lifecycle,lifecycle
2026-06-18T10:37:30Z,novelty-http-title-reload-convergence,lifecycle
2026-06-18T10:37:30Z,novelty-http-same-user-stale-draft,lifecycle
2026-06-18T10:37:30Z,novelty-http-existing-post-crdt-metadata,http
2026-06-18T10:37:30Z,novelty-ws-parser-serialization,parser
2026-06-18T10:37:30Z,novelty-ws-multi-reload-lifecycle,lifecycle
2026-06-18T10:37:30Z,novelty-ws-collaboration-ui-signals,other
2026-06-18T10:37:31Z,novelty-http-large-post-lifecycle-completion,lifecycle
2026-06-18T10:37:32Z,novelty-ws-permissions-auth-locks,auth/locks
2026-06-18T10:44:42Z,novelty-ws-long-session-large-doc,lifecycle
2026-06-18T10:45:07Z,novelty-http-table-stale-snapshot,http
2026-06-18T10:45:07Z,novelty-http-large-post-lifecycle,lifecycle
2026-06-18T10:45:07Z,novelty-http-title-reload-convergence,lifecycle
2026-06-18T10:45:07Z,novelty-http-same-user-stale-draft,lifecycle
2026-06-18T10:45:07Z,novelty-ws-parser-serialization,parser
2026-06-18T10:45:07Z,novelty-ws-multi-reload-lifecycle,lifecycle
2026-06-18T10:45:07Z,novelty-ws-collaboration-ui-signals,other
2026-06-18T10:45:08Z,novelty-ws-permissions-auth-locks,auth/locks
2026-06-18T10:52:09Z,novelty-ws-long-session-large-doc,lifecycle
2026-06-18T10:52:31Z,novelty-http-table-stale-snapshot,http
2026-06-18T10:52:31Z,novelty-http-large-post-lifecycle,lifecycle
2026-06-18T10:52:31Z,novelty-http-title-reload-convergence,lifecycle
2026-06-18T10:52:31Z,novelty-ws-parser-serialization,parser
2026-06-18T10:52:31Z,novelty-ws-multi-reload-lifecycle,lifecycle
2026-06-18T10:52:31Z,novelty-ws-collaboration-ui-signals,other
2026-06-18T10:52:32Z,novelty-http-large-post-lifecycle-completion,lifecycle
2026-06-18T10:52:33Z,novelty-ws-permissions-auth-locks,auth/locks
2026-06-18T10:59:34Z,novelty-ws-long-session-large-doc,lifecycle
2026-06-18T10:59:54Z,novelty-http-table-stale-snapshot,http
2026-06-18T10:59:54Z,novelty-http-large-post-lifecycle,lifecycle
2026-06-18T10:59:54Z,novelty-http-title-reload-convergence,lifecycle
2026-06-18T10:59:54Z,novelty-ws-parser-serialization,parser
2026-06-18T10:59:54Z,novelty-ws-multi-reload-lifecycle,lifecycle
2026-06-18T10:59:54Z,novelty-ws-collaboration-ui-signals,other
2026-06-18T10:59:54Z,novelty-http-large-post-lifecycle-completion,lifecycle
2026-06-18T10:59:55Z,novelty-ws-permissions-auth-locks,auth/locks
2026-06-18T11:07:01Z,novelty-ws-long-session-large-doc,lifecycle
2026-06-18T11:07:27Z,novelty-http-table-stale-snapshot,http
2026-06-18T11:07:27Z,novelty-http-large-post-lifecycle,lifecycle
2026-06-18T11:07:27Z,novelty-http-title-reload-convergence,lifecycle
2026-06-18T11:07:28Z,novelty-http-same-user-stale-draft,lifecycle
2026-06-18T11:07:28Z,novelty-ws-parser-serialization,parser
2026-06-18T11:07:28Z,novelty-ws-multi-reload-lifecycle,lifecycle
2026-06-18T11:07:29Z,novelty-ws-collaboration-ui-signals,other
2026-06-18T11:07:30Z,novelty-ws-permissions-auth-locks,auth/locks
2026-06-18T11:14:41Z,novelty-ws-long-session-large-doc,lifecycle
2026-06-18T11:15:07Z,novelty-http-table-stale-snapshot,http
2026-06-18T11:15:07Z,novelty-http-large-post-lifecycle,lifecycle
2026-06-18T11:15:07Z,novelty-http-title-reload-convergence,lifecycle
2026-06-18T11:15:07Z,novelty-http-same-user-stale-draft,lifecycle
2026-06-18T11:15:07Z,novelty-ws-parser-serialization,parser
2026-06-18T11:15:07Z,novelty-ws-multi-reload-lifecycle,lifecycle
2026-06-18T11:15:08Z,novelty-ws-collaboration-ui-signals,other
2026-06-18T11:15:09Z,novelty-ws-permissions-auth-locks,auth/locks
2026-06-18T11:22:10Z,novelty-ws-long-session-large-doc,lifecycle
2026-06-18T11:22:32Z,novelty-http-table-stale-snapshot,http
2026-06-18T11:22:32Z,novelty-http-large-post-lifecycle,lifecycle
2026-06-18T11:22:32Z,novelty-http-title-reload-convergence,lifecycle
2026-06-18T11:22:32Z,novelty-ws-parser-serialization,parser
2026-06-18T11:22:32Z,novelty-ws-multi-reload-lifecycle,lifecycle
2026-06-18T11:22:32Z,novelty-ws-collaboration-ui-signals,other
2026-06-18T11:22:33Z,novelty-http-large-post-lifecycle-completion,lifecycle
2026-06-18T11:22:34Z,novelty-ws-permissions-auth-locks,auth/locks
2026-06-18T11:29:47Z,novelty-ws-long-session-large-doc,lifecycle
2026-06-18T11:30:11Z,novelty-http-table-stale-snapshot,http
2026-06-18T11:30:11Z,novelty-http-large-post-lifecycle,lifecycle
2026-06-18T11:30:11Z,novelty-http-title-reload-convergence,lifecycle
2026-06-18T11:30:11Z,novelty-http-same-user-stale-draft,lifecycle
2026-06-18T11:30:11Z,novelty-ws-parser-serialization,parser
2026-06-18T11:30:11Z,novelty-ws-multi-reload-lifecycle,lifecycle
2026-06-18T11:30:12Z,novelty-ws-collaboration-ui-signals,other
2026-06-18T11:30:13Z,novelty-ws-permissions-auth-locks,auth/locks
2026-06-18T11:37:37Z,novelty-ws-long-session-large-doc,lifecycle
2026-06-18T11:37:59Z,novelty-http-table-stale-snapshot,http
2026-06-18T11:37:59Z,novelty-http-large-post-lifecycle,lifecycle
2026-06-18T11:37:59Z,novelty-http-title-reload-convergence,lifecycle
2026-06-18T11:37:59Z,novelty-ws-parser-serialization,parser
2026-06-18T11:37:59Z,novelty-ws-multi-reload-lifecycle,lifecycle
2026-06-18T11:37:59Z,novelty-ws-collaboration-ui-signals,other
2026-06-18T11:37:59Z,novelty-http-large-post-lifecycle-completion,lifecycle
2026-06-18T11:38:00Z,novelty-ws-permissions-auth-locks,auth/locks
2026-06-18T11:45:07Z,novelty-ws-long-session-large-doc,lifecycle
2026-06-18T11:45:32Z,novelty-http-table-stale-snapshot,http
2026-06-18T11:45:32Z,novelty-http-large-post-lifecycle,lifecycle
2026-06-18T11:45:32Z,novelty-http-title-reload-convergence,lifecycle
2026-06-18T11:45:32Z,novelty-http-same-user-stale-draft,lifecycle
2026-06-18T11:45:32Z,novelty-ws-parser-serialization,parser
2026-06-18T11:45:32Z,novelty-ws-multi-reload-lifecycle,lifecycle
2026-06-18T11:45:33Z,novelty-ws-collaboration-ui-signals,other
2026-06-18T11:45:34Z,novelty-ws-permissions-auth-locks,auth/locks
2026-06-18T11:52:45Z,novelty-ws-long-session-large-doc,lifecycle
2026-06-18T11:53:05Z,novelty-http-table-stale-snapshot,http
2026-06-18T11:53:05Z,novelty-http-large-post-lifecycle,lifecycle
2026-06-18T11:53:05Z,novelty-http-title-reload-convergence,lifecycle
2026-06-18T11:53:05Z,novelty-ws-parser-serialization,parser
2026-06-18T11:53:05Z,novelty-ws-multi-reload-lifecycle,lifecycle
2026-06-18T11:53:05Z,novelty-ws-collaboration-ui-signals,other
2026-06-18T11:53:06Z,novelty-http-large-post-lifecycle-completion,lifecycle
2026-06-18T11:53:07Z,novelty-ws-permissions-auth-locks,auth/locks
2026-06-18T12:05:43Z,novelty-ws-real-user-editing,real-user
2026-06-18T12:05:44Z,novelty-ws-parser-serialization,parser
2026-06-18T12:05:44Z,novelty-ws-three-user-late-join,lifecycle
2026-06-18T12:20:32Z,novelty-ws-parser-transform,parser
2026-06-18T12:20:36Z,novelty-ws-many-user-lifecycle-completion,lifecycle
2026-06-18T12:20:39Z,novelty-ws-many-user-lifecycle,lifecycle
2026-06-18T12:20:43Z,novelty-ws-media-cross-entity-completion,async/media
2026-06-18T12:20:46Z,novelty-ws-permissions-auth-locks,auth/locks
2026-06-18T12:20:50Z,novelty-ws-long-session-large-doc,lifecycle
2026-06-18T12:20:51Z,novelty-ws-media-cross-entity,async/media
2026-06-18T12:20:58Z,novelty-http-large-post-lifecycle,lifecycle
2026-06-18T12:20:59Z,novelty-http-title-reload-convergence,lifecycle
2026-06-18T12:21:00Z,novelty-http-same-user-stale-draft,lifecycle
2026-06-18T12:29:26Z,novelty-http-large-post-lifecycle,lifecycle
2026-06-18T12:29:26Z,novelty-http-title-reload-convergence,lifecycle
2026-06-18T12:29:26Z,novelty-http-same-user-stale-draft,lifecycle
2026-06-18T12:29:26Z,novelty-http-table-stale-snapshot,http
2026-06-18T12:29:26Z,novelty-ws-parser-serialization,parser
2026-06-18T12:29:26Z,novelty-ws-multi-reload-lifecycle,lifecycle
2026-06-18T12:29:27Z,novelty-ws-permissions-auth-locks,auth/locks
2026-06-18T12:37:11Z,novelty-ws-long-session-large-doc,lifecycle
2026-06-18T12:37:30Z,novelty-http-large-post-lifecycle,lifecycle
2026-06-18T12:37:30Z,novelty-http-title-reload-convergence,lifecycle
2026-06-18T12:37:30Z,novelty-http-same-user-stale-draft,lifecycle
2026-06-18T12:37:30Z,novelty-http-table-stale-snapshot,http
2026-06-18T12:37:30Z,novelty-ws-parser-serialization,parser
2026-06-18T12:37:31Z,novelty-ws-multi-reload-lifecycle,lifecycle
2026-06-18T12:37:32Z,novelty-ws-permissions-auth-locks,auth/locks
2026-06-18T12:45:19Z,novelty-ws-long-session-large-doc,lifecycle
2026-06-18T12:45:39Z,novelty-http-large-post-lifecycle,lifecycle
2026-06-18T12:45:39Z,novelty-http-title-reload-convergence,lifecycle
2026-06-18T12:45:39Z,novelty-http-same-user-stale-draft,lifecycle
2026-06-18T12:45:39Z,novelty-http-table-stale-snapshot,http
2026-06-18T12:45:39Z,novelty-ws-parser-serialization,parser
2026-06-18T12:45:39Z,novelty-ws-multi-reload-lifecycle,lifecycle
2026-06-18T12:45:40Z,novelty-ws-permissions-auth-locks,auth/locks
2026-06-18T12:53:43Z,novelty-ws-long-session-large-doc,lifecycle
2026-06-18T12:54:04Z,novelty-http-large-post-lifecycle,lifecycle
2026-06-18T12:54:04Z,novelty-http-title-reload-convergence,lifecycle
2026-06-18T12:54:04Z,novelty-http-same-user-stale-draft,lifecycle
2026-06-18T12:54:04Z,novelty-http-table-stale-snapshot,http
2026-06-18T12:54:04Z,novelty-ws-parser-serialization,parser
2026-06-18T12:54:05Z,novelty-ws-multi-reload-lifecycle,lifecycle
2026-06-18T12:54:06Z,novelty-ws-permissions-auth-locks,auth/locks
2026-06-18T13:02:01Z,novelty-ws-long-session-large-doc,lifecycle
2026-06-18T13:02:21Z,novelty-http-large-post-lifecycle,lifecycle
2026-06-18T13:02:21Z,novelty-http-title-reload-convergence,lifecycle
2026-06-18T13:02:21Z,novelty-http-same-user-stale-draft,lifecycle
2026-06-18T13:02:21Z,novelty-http-table-stale-snapshot,http
2026-06-18T13:02:22Z,novelty-ws-parser-serialization,parser
2026-06-18T13:02:22Z,novelty-ws-multi-reload-lifecycle,lifecycle
2026-06-18T13:02:23Z,novelty-ws-many-user-lifecycle,lifecycle
2026-06-18T13:02:23Z,novelty-ws-permissions-auth-locks,auth/locks
2026-06-18T13:07:06Z,novelty-ws-thirty-user-lifecycle,lifecycle
2026-06-18T13:07:28Z,novelty-http-large-post-lifecycle,lifecycle
2026-06-18T13:07:28Z,novelty-http-title-reload-convergence,lifecycle
2026-06-18T13:07:28Z,novelty-http-same-user-stale-draft,lifecycle
2026-06-18T13:07:28Z,novelty-http-table-stale-snapshot,http
2026-06-18T13:07:28Z,novelty-ws-parser-serialization,parser
2026-06-18T13:07:28Z,novelty-ws-multi-reload-lifecycle,lifecycle
2026-06-18T13:07:29Z,novelty-ws-collaboration-ui-signals,other
2026-06-18T13:07:29Z,novelty-ws-thirty-user-lifecycle,lifecycle
2026-06-18T13:07:30Z,novelty-ws-permissions-auth-locks,auth/locks
2026-06-18T13:11:28Z,novelty-http-large-post-lifecycle,lifecycle
2026-06-18T13:11:28Z,novelty-http-title-reload-convergence,lifecycle
2026-06-18T13:11:28Z,novelty-http-same-user-stale-draft,lifecycle
2026-06-18T13:11:28Z,novelty-http-table-stale-snapshot,http
2026-06-18T13:11:28Z,novelty-http-existing-post-crdt-metadata,http
2026-06-18T13:11:28Z,novelty-ws-parser-serialization,parser
2026-06-18T13:11:28Z,novelty-ws-multi-reload-lifecycle,lifecycle
2026-06-18T13:11:28Z,novelty-ws-collaboration-ui-signals,other
2026-06-18T13:11:28Z,novelty-http-large-post-lifecycle-completion,lifecycle
2026-06-18T13:11:28Z,novelty-ws-thirty-user-lifecycle,lifecycle
2026-06-18T13:11:28Z,novelty-ws-long-session-large-doc,lifecycle
2026-06-18T13:11:28Z,novelty-ws-real-user-coverage-bridge,real-user
2026-06-18T13:11:29Z,novelty-ws-parser-transform,parser
2026-06-18T13:15:18Z,novelty-http-large-post-lifecycle,lifecycle
2026-06-18T13:15:18Z,novelty-http-title-reload-convergence,lifecycle
2026-06-18T13:15:18Z,novelty-http-same-user-stale-draft,lifecycle
2026-06-18T13:15:18Z,novelty-http-table-stale-snapshot,http
2026-06-18T13:15:18Z,novelty-http-existing-post-crdt-metadata,http
2026-06-18T13:15:18Z,novelty-ws-parser-serialization,parser
2026-06-18T13:15:18Z,novelty-ws-multi-reload-lifecycle,lifecycle
2026-06-18T13:15:18Z,novelty-ws-collaboration-ui-signals,other
2026-06-18T13:15:18Z,novelty-http-large-post-lifecycle-completion,lifecycle
2026-06-18T13:15:19Z,novelty-ws-thirty-user-lifecycle,lifecycle
2026-06-18T13:15:20Z,novelty-ws-parser-transform,parser
2026-06-18T13:19:03Z,novelty-http-large-post-lifecycle,lifecycle
2026-06-18T13:19:03Z,novelty-http-title-reload-convergence,lifecycle
2026-06-18T13:19:04Z,novelty-http-same-user-stale-draft,lifecycle
2026-06-18T13:19:04Z,novelty-http-table-stale-snapshot,http
2026-06-18T13:19:04Z,novelty-http-existing-post-crdt-metadata,http
2026-06-18T13:19:04Z,novelty-ws-parser-serialization,parser
2026-06-18T13:19:04Z,novelty-ws-multi-reload-lifecycle,lifecycle
2026-06-18T13:19:04Z,novelty-ws-collaboration-ui-signals,other
2026-06-18T13:19:04Z,novelty-http-large-post-lifecycle-completion,lifecycle
2026-06-18T13:19:04Z,novelty-ws-thirty-user-lifecycle,lifecycle
2026-06-18T13:19:05Z,novelty-ws-parser-transform,parser
2026-06-18T13:23:01Z,novelty-http-large-post-lifecycle,lifecycle
2026-06-18T13:23:01Z,novelty-http-title-reload-convergence,lifecycle
2026-06-18T13:23:01Z,novelty-http-same-user-stale-draft,lifecycle
2026-06-18T13:23:01Z,novelty-http-table-stale-snapshot,http
2026-06-18T13:23:01Z,novelty-http-existing-post-crdt-metadata,http
2026-06-18T13:23:01Z,novelty-ws-parser-serialization,parser
2026-06-18T13:23:01Z,novelty-ws-multi-reload-lifecycle,lifecycle
2026-06-18T13:23:01Z,novelty-ws-collaboration-ui-signals,other
2026-06-18T13:23:01Z,novelty-http-large-post-lifecycle-completion,lifecycle
2026-06-18T13:23:02Z,novelty-ws-thirty-user-lifecycle,lifecycle
2026-06-18T13:23:03Z,novelty-ws-parser-transform,parser
2026-06-18T13:27:02Z,novelty-http-large-post-lifecycle,lifecycle
2026-06-18T13:27:02Z,novelty-http-title-reload-convergence,lifecycle
2026-06-18T13:27:02Z,novelty-http-same-user-stale-draft,lifecycle
2026-06-18T13:27:02Z,novelty-http-table-stale-snapshot,http
2026-06-18T13:27:02Z,novelty-http-existing-post-crdt-metadata,http
2026-06-18T13:27:02Z,novelty-ws-multi-reload-lifecycle,lifecycle
2026-06-18T13:27:02Z,novelty-ws-collaboration-ui-signals,other
2026-06-18T13:27:02Z,novelty-http-large-post-lifecycle-completion,lifecycle
2026-06-18T13:27:03Z,novelty-ws-thirty-user-lifecycle,lifecycle
2026-06-18T13:27:06Z,novelty-ws-parser-transform,parser
2026-06-18T13:30:26Z,novelty-ws-real-user-editing,real-user
2026-06-18T13:30:26Z,novelty-ws-parser-serialization,parser
2026-06-18T13:30:27Z,novelty-ws-thirty-user-lifecycle,lifecycle
2026-06-18T13:30:28Z,novelty-ws-three-user-late-join,lifecycle
2026-06-18T13:34:38Z,novelty-http-large-post-lifecycle,lifecycle
2026-06-18T13:34:38Z,novelty-http-title-reload-convergence,lifecycle
2026-06-18T13:34:38Z,novelty-http-same-user-stale-draft,lifecycle
2026-06-18T13:34:38Z,novelty-http-table-stale-snapshot,http
2026-06-18T13:34:38Z,novelty-http-existing-post-crdt-metadata,http
2026-06-18T13:34:38Z,novelty-ws-parser-serialization,parser
2026-06-18T13:34:38Z,novelty-ws-multi-reload-lifecycle,lifecycle
2026-06-18T13:34:38Z,novelty-ws-collaboration-ui-signals,other
2026-06-18T13:34:38Z,novelty-http-large-post-lifecycle-completion,lifecycle
2026-06-18T13:34:38Z,novelty-ws-thirty-user-lifecycle,lifecycle
2026-06-18T13:34:39Z,novelty-ws-parser-transform,parser
2026-06-18T13:38:22Z,novelty-http-large-post-lifecycle,lifecycle
2026-06-18T13:38:22Z,novelty-http-title-reload-convergence,lifecycle
2026-06-18T13:38:22Z,novelty-http-same-user-stale-draft,lifecycle
2026-06-18T13:38:22Z,novelty-http-existing-post-crdt-metadata,http
2026-06-18T13:38:22Z,novelty-ws-parser-serialization,parser
2026-06-18T13:38:22Z,novelty-ws-multi-reload-lifecycle,lifecycle
2026-06-18T13:38:22Z,novelty-ws-collaboration-ui-signals,other
2026-06-18T13:38:22Z,novelty-http-large-post-lifecycle-completion,lifecycle
2026-06-18T13:38:22Z,novelty-ws-thirty-user-lifecycle,lifecycle
2026-06-18T13:38:23Z,novelty-ws-parser-transform,parser
2026-06-18T13:42:32Z,novelty-http-large-post-lifecycle,lifecycle
2026-06-18T13:42:32Z,novelty-http-title-reload-convergence,lifecycle
2026-06-18T13:42:32Z,novelty-http-same-user-stale-draft,lifecycle
2026-06-18T13:42:32Z,novelty-http-table-stale-snapshot,http
2026-06-18T13:42:32Z,novelty-http-existing-post-crdt-metadata,http
2026-06-18T13:42:32Z,novelty-ws-parser-serialization,parser
2026-06-18T13:42:32Z,novelty-ws-multi-reload-lifecycle,lifecycle
2026-06-18T13:42:32Z,novelty-ws-collaboration-ui-signals,other
2026-06-18T13:42:32Z,novelty-http-large-post-lifecycle-completion,lifecycle
2026-06-18T13:42:32Z,novelty-ws-thirty-user-lifecycle,lifecycle
2026-06-18T13:42:33Z,novelty-ws-parser-transform,parser
2026-06-18T13:46:34Z,novelty-http-large-post-lifecycle,lifecycle
2026-06-18T13:46:34Z,novelty-http-title-reload-convergence,lifecycle
2026-06-18T13:46:34Z,novelty-http-same-user-stale-draft,lifecycle
2026-06-18T13:46:34Z,novelty-http-table-stale-snapshot,http
2026-06-18T13:46:34Z,novelty-http-existing-post-crdt-metadata,http
2026-06-18T13:46:34Z,novelty-ws-parser-serialization,parser
2026-06-18T13:46:34Z,novelty-ws-multi-reload-lifecycle,lifecycle
2026-06-18T13:46:34Z,novelty-ws-collaboration-ui-signals,other
2026-06-18T13:46:34Z,novelty-http-large-post-lifecycle-completion,lifecycle
2026-06-18T13:46:34Z,novelty-ws-thirty-user-lifecycle,lifecycle
2026-06-18T13:46:35Z,novelty-ws-parser-transform,parser
2026-06-18T13:50:41Z,novelty-http-large-post-lifecycle,lifecycle
2026-06-18T13:50:41Z,novelty-http-same-user-stale-draft,lifecycle
2026-06-18T13:50:41Z,novelty-http-table-stale-snapshot,http
2026-06-18T13:50:41Z,novelty-http-existing-post-crdt-metadata,http
2026-06-18T13:50:41Z,novelty-ws-parser-serialization,parser
2026-06-18T13:50:41Z,novelty-ws-multi-reload-lifecycle,lifecycle
2026-06-18T13:50:41Z,novelty-ws-collaboration-ui-signals,other
2026-06-18T13:50:41Z,novelty-http-large-post-lifecycle-completion,lifecycle
2026-06-18T13:50:41Z,novelty-ws-thirty-user-lifecycle,lifecycle
2026-06-18T13:50:42Z,novelty-ws-parser-transform,parser
2026-06-18T13:54:54Z,novelty-http-large-post-lifecycle,lifecycle
2026-06-18T13:54:54Z,novelty-http-title-reload-convergence,lifecycle
2026-06-18T13:54:54Z,novelty-http-same-user-stale-draft,lifecycle
2026-06-18T13:54:54Z,novelty-http-table-stale-snapshot,http
2026-06-18T13:54:54Z,novelty-http-existing-post-crdt-metadata,http
2026-06-18T13:54:54Z,novelty-ws-parser-serialization,parser
2026-06-18T13:54:54Z,novelty-ws-multi-reload-lifecycle,lifecycle
2026-06-18T13:54:54Z,novelty-ws-collaboration-ui-signals,other
2026-06-18T13:54:54Z,novelty-http-large-post-lifecycle-completion,lifecycle
2026-06-18T13:54:54Z,novelty-ws-thirty-user-lifecycle,lifecycle
2026-06-18T13:54:55Z,novelty-ws-parser-transform,parser
2026-06-18T13:59:10Z,novelty-http-large-post-lifecycle,lifecycle
2026-06-18T13:59:10Z,novelty-http-title-reload-convergence,lifecycle
2026-06-18T13:59:10Z,novelty-http-same-user-stale-draft,lifecycle
2026-06-18T13:59:10Z,novelty-http-table-stale-snapshot,http
2026-06-18T13:59:10Z,novelty-http-existing-post-crdt-metadata,http
2026-06-18T13:59:10Z,novelty-ws-parser-serialization,parser
2026-06-18T13:59:10Z,novelty-ws-multi-reload-lifecycle,lifecycle
2026-06-18T13:59:10Z,novelty-ws-collaboration-ui-signals,other
2026-06-18T13:59:10Z,novelty-http-large-post-lifecycle-completion,lifecycle
2026-06-18T13:59:10Z,novelty-ws-thirty-user-lifecycle,lifecycle
2026-06-18T13:59:12Z,novelty-ws-parser-transform,parser
2026-06-18T14:03:30Z,novelty-http-large-post-lifecycle,lifecycle
2026-06-18T14:03:30Z,novelty-http-title-reload-convergence,lifecycle
2026-06-18T14:03:30Z,novelty-http-same-user-stale-draft,lifecycle
2026-06-18T14:03:30Z,novelty-http-table-stale-snapshot,http
2026-06-18T14:03:30Z,novelty-http-existing-post-crdt-metadata,http
2026-06-18T14:03:30Z,novelty-ws-parser-serialization,parser
2026-06-18T14:03:30Z,novelty-ws-multi-reload-lifecycle,lifecycle
2026-06-18T14:03:30Z,novelty-ws-collaboration-ui-signals,other
2026-06-18T14:03:30Z,novelty-http-large-post-lifecycle-completion,lifecycle
2026-06-18T14:03:30Z,novelty-ws-thirty-user-lifecycle,lifecycle
2026-06-18T14:03:31Z,novelty-ws-parser-transform,parser
2026-06-18T14:07:45Z,novelty-http-large-post-lifecycle,lifecycle
2026-06-18T14:07:45Z,novelty-http-title-reload-convergence,lifecycle
2026-06-18T14:07:45Z,novelty-http-same-user-stale-draft,lifecycle
2026-06-18T14:07:45Z,novelty-http-table-stale-snapshot,http
2026-06-18T14:07:45Z,novelty-http-existing-post-crdt-metadata,http
2026-06-18T14:07:45Z,novelty-ws-parser-serialization,parser
2026-06-18T14:07:45Z,novelty-ws-multi-reload-lifecycle,lifecycle
2026-06-18T14:07:45Z,novelty-ws-collaboration-ui-signals,other
2026-06-18T14:07:45Z,novelty-http-large-post-lifecycle-completion,lifecycle
2026-06-18T14:07:45Z,novelty-ws-thirty-user-lifecycle,lifecycle
2026-06-18T14:07:46Z,novelty-ws-parser-transform,parser
2026-06-18T14:11:58Z,novelty-http-large-post-lifecycle,lifecycle
2026-06-18T14:11:58Z,novelty-http-title-reload-convergence,lifecycle
2026-06-18T14:11:58Z,novelty-http-table-stale-snapshot,http
2026-06-18T14:11:58Z,novelty-http-existing-post-crdt-metadata,http
2026-06-18T14:11:58Z,novelty-ws-parser-serialization,parser
2026-06-18T14:11:58Z,novelty-ws-multi-reload-lifecycle,lifecycle
2026-06-18T14:11:58Z,novelty-ws-collaboration-ui-signals,other
2026-06-18T14:11:58Z,novelty-http-large-post-lifecycle-completion,lifecycle
2026-06-18T14:11:59Z,novelty-ws-thirty-user-lifecycle,lifecycle
2026-06-18T14:12:00Z,novelty-ws-parser-transform,parser
2026-06-18T14:16:16Z,novelty-http-title-reload-convergence,lifecycle
2026-06-18T14:16:16Z,novelty-http-same-user-stale-draft,lifecycle
2026-06-18T14:16:16Z,novelty-http-table-stale-snapshot,http
2026-06-18T14:16:16Z,novelty-http-existing-post-crdt-metadata,http
2026-06-18T14:16:16Z,novelty-ws-parser-serialization,parser
2026-06-18T14:16:16Z,novelty-ws-multi-reload-lifecycle,lifecycle
2026-06-18T14:16:16Z,novelty-ws-collaboration-ui-signals,other
2026-06-18T14:16:16Z,novelty-http-large-post-lifecycle-completion,lifecycle
2026-06-18T14:16:17Z,novelty-ws-thirty-user-lifecycle,lifecycle
2026-06-18T14:16:18Z,novelty-ws-parser-transform,parser
2026-06-18T14:20:59Z,novelty-http-large-post-lifecycle,lifecycle
2026-06-18T14:20:59Z,novelty-http-title-reload-convergence,lifecycle
2026-06-18T14:20:59Z,novelty-http-same-user-stale-draft,lifecycle
2026-06-18T14:20:59Z,novelty-http-table-stale-snapshot,http
2026-06-18T14:20:59Z,novelty-http-existing-post-crdt-metadata,http
2026-06-18T14:20:59Z,novelty-ws-parser-serialization,parser
2026-06-18T14:20:59Z,novelty-ws-collaboration-ui-signals,other
2026-06-18T14:20:59Z,novelty-http-large-post-lifecycle-completion,lifecycle
2026-06-18T14:20:59Z,novelty-ws-thirty-user-lifecycle,lifecycle
2026-06-18T14:21:00Z,novelty-ws-block-gauntlet,auth/locks
2026-06-18T14:25:42Z,novelty-http-large-post-lifecycle,lifecycle
2026-06-18T14:25:42Z,novelty-http-title-reload-convergence,lifecycle
2026-06-18T14:25:42Z,novelty-http-same-user-stale-draft,lifecycle
2026-06-18T14:25:42Z,novelty-http-table-stale-snapshot,http
2026-06-18T14:25:42Z,novelty-http-existing-post-crdt-metadata,http
2026-06-18T14:25:42Z,novelty-ws-parser-serialization,parser
2026-06-18T14:25:42Z,novelty-ws-collaboration-ui-signals,other
2026-06-18T14:25:42Z,novelty-http-large-post-lifecycle-completion,lifecycle
2026-06-18T14:25:42Z,novelty-ws-multi-reload-lifecycle,lifecycle
2026-06-18T14:25:42Z,novelty-ws-thirty-user-lifecycle,lifecycle
2026-06-18T14:25:43Z,novelty-ws-real-user-coverage-bridge,real-user
2026-06-18T14:29:58Z,novelty-ws-real-user-editing,real-user
2026-06-18T14:29:59Z,novelty-ws-parser-serialization,parser
2026-06-18T14:30:00Z,novelty-ws-thirty-user-lifecycle,lifecycle
2026-06-18T14:30:01Z,novelty-ws-real-user-save-reload,real-user
2026-06-18T14:35:03Z,novelty-http-large-post-lifecycle,lifecycle
2026-06-18T14:35:03Z,novelty-http-title-reload-convergence,lifecycle
2026-06-18T14:35:03Z,novelty-http-same-user-stale-draft,lifecycle
2026-06-18T14:35:03Z,novelty-http-table-stale-snapshot,http
2026-06-18T14:35:03Z,novelty-http-existing-post-crdt-metadata,http
2026-06-18T14:35:03Z,novelty-ws-parser-serialization,parser
2026-06-18T14:35:03Z,novelty-ws-collaboration-ui-signals,other
2026-06-18T14:35:03Z,novelty-http-large-post-lifecycle-completion,lifecycle
2026-06-18T14:35:03Z,novelty-ws-multi-reload-lifecycle,lifecycle
2026-06-18T14:35:03Z,novelty-ws-thirty-user-lifecycle,lifecycle
2026-06-18T14:35:04Z,novelty-ws-parser-transform,parser
2026-06-18T14:39:23Z,novelty-ws-real-user-save-reload,real-user
2026-06-18T14:39:56Z,novelty-http-large-post-lifecycle,lifecycle
2026-06-18T14:39:56Z,novelty-http-title-reload-convergence,lifecycle
2026-06-18T14:39:56Z,novelty-http-same-user-stale-draft,lifecycle
2026-06-18T14:39:56Z,novelty-http-table-stale-snapshot,http
2026-06-18T14:39:56Z,novelty-http-existing-post-crdt-metadata,http
2026-06-18T14:39:56Z,novelty-ws-parser-serialization,parser
2026-06-18T14:39:56Z,novelty-ws-collaboration-ui-signals,other
2026-06-18T14:39:56Z,novelty-http-large-post-lifecycle-completion,lifecycle
2026-06-18T14:39:57Z,novelty-ws-thirty-user-lifecycle,lifecycle
2026-06-18T14:39:58Z,novelty-ws-parser-transform,parser
2026-06-18T14:44:14Z,novelty-ws-real-user-save-reload,real-user
2026-06-18T14:44:49Z,novelty-http-large-post-lifecycle,lifecycle
2026-06-18T14:44:49Z,novelty-http-title-reload-convergence,lifecycle
2026-06-18T14:44:49Z,novelty-http-same-user-stale-draft,lifecycle
2026-06-18T14:44:49Z,novelty-http-table-stale-snapshot,http
2026-06-18T14:44:49Z,novelty-http-existing-post-crdt-metadata,http
2026-06-18T14:44:49Z,novelty-ws-collaboration-ui-signals,other
2026-06-18T14:44:49Z,novelty-http-large-post-lifecycle-completion,lifecycle
2026-06-18T14:44:49Z,novelty-ws-multi-reload-lifecycle,lifecycle
2026-06-18T14:44:50Z,novelty-ws-thirty-user-lifecycle,lifecycle
2026-06-18T14:44:54Z,novelty-ws-real-user-coverage-bridge,real-user
2026-06-18T14:49:14Z,novelty-ws-real-user-save-reload,real-user
2026-06-18T14:49:49Z,novelty-http-large-post-lifecycle,lifecycle
2026-06-18T14:49:49Z,novelty-http-title-reload-convergence,lifecycle
2026-06-18T14:49:49Z,novelty-http-same-user-stale-draft,lifecycle
2026-06-18T14:49:49Z,novelty-http-table-stale-snapshot,http
2026-06-18T14:49:49Z,novelty-http-existing-post-crdt-metadata,http
2026-06-18T14:49:49Z,novelty-ws-parser-serialization,parser
2026-06-18T14:49:49Z,novelty-ws-collaboration-ui-signals,other
2026-06-18T14:49:49Z,novelty-http-large-post-lifecycle-completion,lifecycle
2026-06-18T14:49:49Z,novelty-ws-multi-reload-lifecycle,lifecycle
2026-06-18T14:49:50Z,novelty-ws-thirty-user-lifecycle,lifecycle
2026-06-18T14:49:51Z,novelty-ws-real-user-coverage-bridge,real-user
2026-06-18T14:54:15Z,novelty-ws-real-user-save-reload,real-user
2026-06-18T14:54:33Z,novelty-http-large-post-lifecycle,lifecycle
2026-06-18T14:54:33Z,novelty-http-title-reload-convergence,lifecycle
2026-06-18T14:54:33Z,novelty-http-same-user-stale-draft,lifecycle
2026-06-18T14:54:33Z,novelty-http-existing-post-crdt-metadata,http
2026-06-18T14:54:33Z,novelty-ws-parser-serialization,parser
2026-06-18T14:54:33Z,novelty-ws-collaboration-ui-signals,other
2026-06-18T14:54:33Z,novelty-http-large-post-lifecycle-completion,lifecycle
2026-06-18T14:54:33Z,novelty-ws-multi-reload-lifecycle,lifecycle
2026-06-18T14:54:34Z,novelty-ws-thirty-user-lifecycle,lifecycle
2026-06-18T14:54:35Z,novelty-ws-real-user-coverage-bridge,real-user
2026-06-18T14:59:24Z,novelty-http-large-post-lifecycle,lifecycle
2026-06-18T14:59:24Z,novelty-http-title-reload-convergence,lifecycle
2026-06-18T14:59:24Z,novelty-http-same-user-stale-draft,lifecycle
2026-06-18T14:59:24Z,novelty-http-existing-post-crdt-metadata,http
2026-06-18T14:59:24Z,novelty-ws-parser-serialization,parser
2026-06-18T14:59:24Z,novelty-ws-collaboration-ui-signals,other
2026-06-18T14:59:24Z,novelty-http-large-post-lifecycle-completion,lifecycle
2026-06-18T14:59:24Z,novelty-ws-multi-reload-lifecycle,lifecycle
2026-06-18T14:59:24Z,novelty-ws-thirty-user-lifecycle,lifecycle
2026-06-18T14:59:25Z,novelty-ws-parser-transform,parser
2026-06-18T15:04:01Z,novelty-http-title-reload-convergence,lifecycle
2026-06-18T15:04:01Z,novelty-http-same-user-stale-draft,lifecycle
2026-06-18T15:04:01Z,novelty-http-existing-post-crdt-metadata,http
2026-06-18T15:04:01Z,novelty-ws-parser-serialization,parser
2026-06-18T15:04:01Z,novelty-http-large-post-lifecycle-completion,lifecycle
2026-06-18T15:04:01Z,novelty-ws-multi-reload-lifecycle,lifecycle
2026-06-18T15:08:50Z,novelty-http-table-stale-snapshot,http
2026-06-18T15:08:50Z,novelty-http-existing-post-crdt-metadata,http
2026-06-18T15:08:50Z,novelty-ws-parser-serialization,parser
2026-06-18T15:08:50Z,novelty-ws-collaboration-ui-signals,other
2026-06-18T15:08:50Z,novelty-http-large-post-lifecycle-completion,lifecycle
2026-06-18T15:08:50Z,novelty-ws-multi-reload-lifecycle,lifecycle
2026-06-18T15:13:27Z,novelty-ws-real-user-save-reload,real-user
2026-06-18T15:14:02Z,novelty-http-large-post-lifecycle,lifecycle
2026-06-18T15:14:02Z,novelty-http-same-user-stale-draft,lifecycle
2026-06-18T15:14:02Z,novelty-http-table-stale-snapshot,http
2026-06-18T15:14:02Z,novelty-http-existing-post-crdt-metadata,http
2026-06-18T15:14:02Z,novelty-ws-parser-serialization,parser
2026-06-18T15:14:02Z,novelty-ws-collaboration-ui-signals,other
2026-06-18T15:14:02Z,novelty-http-large-post-lifecycle-completion,lifecycle
2026-06-18T15:14:02Z,novelty-ws-multi-reload-lifecycle,lifecycle
2026-06-18T15:14:03Z,novelty-ws-thirty-user-lifecycle,lifecycle
2026-06-18T15:14:04Z,novelty-ws-parser-transform,parser
2026-06-18T15:18:42Z,novelty-ws-real-user-save-reload,real-user
2026-06-18T15:19:13Z,novelty-http-large-post-lifecycle,lifecycle
2026-06-18T15:19:13Z,novelty-http-same-user-stale-draft,lifecycle
2026-06-18T15:19:13Z,novelty-http-table-stale-snapshot,http
2026-06-18T15:19:13Z,novelty-http-existing-post-crdt-metadata,http
2026-06-18T15:19:13Z,novelty-ws-parser-serialization,parser
2026-06-18T15:19:13Z,novelty-ws-collaboration-ui-signals,other
2026-06-18T15:19:13Z,novelty-http-large-post-lifecycle-completion,lifecycle
2026-06-18T15:19:13Z,novelty-ws-multi-reload-lifecycle,lifecycle
2026-06-18T15:19:14Z,novelty-ws-thirty-user-lifecycle,lifecycle
2026-06-18T15:19:15Z,novelty-ws-parser-transform,parser
2026-06-18T15:23:56Z,novelty-ws-real-user-save-reload,real-user
2026-06-18T15:24:32Z,novelty-http-large-post-lifecycle,lifecycle
2026-06-18T15:24:32Z,novelty-http-same-user-stale-draft,lifecycle
2026-06-18T15:24:32Z,novelty-http-table-stale-snapshot,http
2026-06-18T15:24:32Z,novelty-http-existing-post-crdt-metadata,http
2026-06-18T15:24:32Z,novelty-ws-parser-serialization,parser
2026-06-18T15:24:32Z,novelty-ws-collaboration-ui-signals,other
2026-06-18T15:24:32Z,novelty-http-large-post-lifecycle-completion,lifecycle
2026-06-18T15:24:32Z,novelty-ws-multi-reload-lifecycle,lifecycle
2026-06-18T15:24:33Z,novelty-ws-thirty-user-lifecycle,lifecycle
2026-06-18T15:24:34Z,novelty-ws-parser-transform,parser
2026-06-18T15:29:18Z,novelty-ws-real-user-save-reload,real-user
2026-06-18T15:29:52Z,novelty-http-large-post-lifecycle,lifecycle
2026-06-18T15:29:52Z,novelty-http-same-user-stale-draft,lifecycle
2026-06-18T15:29:52Z,novelty-http-table-stale-snapshot,http
2026-06-18T15:29:52Z,novelty-http-existing-post-crdt-metadata,http
2026-06-18T15:29:52Z,novelty-ws-parser-serialization,parser
2026-06-18T15:29:52Z,novelty-ws-collaboration-ui-signals,other
2026-06-18T15:29:52Z,novelty-http-large-post-lifecycle-completion,lifecycle
2026-06-18T15:29:52Z,novelty-ws-multi-reload-lifecycle,lifecycle
2026-06-18T15:29:53Z,novelty-ws-thirty-user-lifecycle,lifecycle
2026-06-18T15:29:55Z,novelty-ws-parser-transform,parser
2026-06-18T15:34:44Z,novelty-ws-real-user-save-reload,real-user
2026-06-18T15:35:17Z,novelty-http-large-post-lifecycle,lifecycle
2026-06-18T15:35:17Z,novelty-http-same-user-stale-draft,lifecycle
2026-06-18T15:35:17Z,novelty-http-table-stale-snapshot,http
2026-06-18T15:35:17Z,novelty-http-existing-post-crdt-metadata,http
2026-06-18T15:35:17Z,novelty-ws-parser-serialization,parser
2026-06-18T15:35:17Z,novelty-ws-collaboration-ui-signals,other
2026-06-18T15:35:17Z,novelty-http-large-post-lifecycle-completion,lifecycle
2026-06-18T15:35:17Z,novelty-ws-multi-reload-lifecycle,lifecycle
2026-06-18T15:35:18Z,novelty-ws-thirty-user-lifecycle,lifecycle
2026-06-18T15:35:19Z,novelty-ws-parser-transform,parser
2026-06-18T15:40:09Z,novelty-ws-real-user-save-reload,real-user
2026-06-18T15:40:40Z,novelty-http-large-post-lifecycle,lifecycle
2026-06-18T15:40:40Z,novelty-http-same-user-stale-draft,lifecycle
2026-06-18T15:40:40Z,novelty-http-table-stale-snapshot,http
2026-06-18T15:40:40Z,novelty-http-existing-post-crdt-metadata,http
2026-06-18T15:40:40Z,novelty-ws-parser-serialization,parser
2026-06-18T15:40:40Z,novelty-ws-collaboration-ui-signals,other
2026-06-18T15:40:40Z,novelty-http-large-post-lifecycle-completion,lifecycle
2026-06-18T15:40:40Z,novelty-ws-multi-reload-lifecycle,lifecycle
2026-06-18T15:40:40Z,novelty-ws-thirty-user-lifecycle,lifecycle
2026-06-18T15:40:42Z,novelty-ws-parser-transform,parser
2026-06-18T15:45:34Z,novelty-ws-real-user-save-reload,real-user
2026-06-18T15:46:04Z,novelty-http-large-post-lifecycle,lifecycle
2026-06-18T15:46:04Z,novelty-http-same-user-stale-draft,lifecycle
2026-06-18T15:46:04Z,novelty-http-table-stale-snapshot,http
2026-06-18T15:46:04Z,novelty-http-existing-post-crdt-metadata,http
2026-06-18T15:46:04Z,novelty-http-persistence-probe,persistence
2026-06-18T15:46:04Z,novelty-ws-parser-serialization,parser
2026-06-18T15:46:04Z,novelty-ws-collaboration-ui-signals,other
2026-06-18T15:46:04Z,novelty-http-large-post-lifecycle-completion,lifecycle
2026-06-18T15:46:05Z,novelty-ws-thirty-user-lifecycle,lifecycle
2026-06-18T15:46:06Z,novelty-ws-parser-transform,parser
2026-06-18T15:50:54Z,novelty-ws-real-user-save-reload,real-user
2026-06-18T15:51:15Z,novelty-http-large-post-lifecycle,lifecycle
2026-06-18T15:51:15Z,novelty-http-same-user-stale-draft,lifecycle
2026-06-18T15:51:15Z,novelty-http-table-stale-snapshot,http
2026-06-18T15:51:15Z,novelty-http-persistence-probe,persistence
2026-06-18T15:51:15Z,novelty-ws-parser-serialization,parser
2026-06-18T15:51:15Z,novelty-ws-collaboration-ui-signals,other
2026-06-18T15:51:15Z,novelty-ws-multi-reload-lifecycle,lifecycle
2026-06-18T15:51:16Z,novelty-ws-thirty-user-lifecycle,lifecycle
2026-06-18T15:51:17Z,novelty-ws-real-user-coverage-bridge,real-user
2026-06-18T15:56:16Z,novelty-ws-real-user-save-reload,real-user
2026-06-18T15:56:39Z,novelty-http-large-post-lifecycle,lifecycle
2026-06-18T15:56:39Z,novelty-http-same-user-stale-draft,lifecycle
2026-06-18T15:56:39Z,novelty-http-table-stale-snapshot,http
2026-06-18T15:56:39Z,novelty-http-persistence-probe,persistence
2026-06-18T15:56:39Z,novelty-ws-parser-serialization,parser
2026-06-18T15:56:39Z,novelty-ws-collaboration-ui-signals,other
2026-06-18T15:56:39Z,novelty-ws-multi-reload-lifecycle,lifecycle
2026-06-18T15:56:39Z,novelty-ws-thirty-user-lifecycle,lifecycle
2026-06-18T15:56:41Z,novelty-ws-real-user-coverage-bridge,real-user
2026-06-18T16:02:02Z,novelty-http-large-post-lifecycle,lifecycle
2026-06-18T16:02:02Z,novelty-http-same-user-stale-draft,lifecycle
2026-06-18T16:02:02Z,novelty-http-table-stale-snapshot,http
2026-06-18T16:02:02Z,novelty-http-persistence-probe,persistence
2026-06-18T16:02:02Z,novelty-ws-collaboration-ui-signals,other
2026-06-18T16:02:02Z,novelty-ws-multi-reload-lifecycle,lifecycle
2026-06-18T16:02:02Z,novelty-ws-thirty-user-lifecycle,lifecycle
2026-06-18T16:02:06Z,novelty-ws-parser-transform,parser
2026-06-18T16:07:08Z,novelty-ws-real-user-save-reload,real-user
2026-06-18T16:07:32Z,novelty-http-large-post-lifecycle,lifecycle
2026-06-18T16:07:32Z,novelty-http-same-user-stale-draft,lifecycle
2026-06-18T16:07:32Z,novelty-http-table-stale-snapshot,http
2026-06-18T16:07:32Z,novelty-http-persistence-probe,persistence
2026-06-18T16:07:32Z,novelty-ws-parser-serialization,parser
2026-06-18T16:07:32Z,novelty-ws-collaboration-ui-signals,other
2026-06-18T16:07:33Z,novelty-ws-thirty-user-lifecycle,lifecycle
2026-06-18T16:07:34Z,novelty-ws-parser-transform,parser
2026-06-18T16:12:48Z,novelty-ws-real-user-save-reload,real-user
2026-06-18T16:13:08Z,novelty-http-same-user-stale-draft,lifecycle
2026-06-18T16:13:08Z,novelty-http-table-stale-snapshot,http
2026-06-18T16:13:08Z,novelty-http-existing-post-crdt-metadata,http
2026-06-18T16:13:08Z,novelty-http-persistence-probe,persistence
2026-06-18T16:13:08Z,novelty-ws-parser-serialization,parser
2026-06-18T16:13:08Z,novelty-ws-collaboration-ui-signals,other
2026-06-18T16:13:08Z,novelty-ws-multi-reload-lifecycle,lifecycle
2026-06-18T16:13:09Z,novelty-ws-thirty-user-lifecycle,lifecycle
2026-06-18T16:13:10Z,novelty-ws-parser-transform,parser
2026-06-18T16:18:19Z,novelty-ws-real-user-save-reload,real-user
2026-06-18T16:18:44Z,novelty-http-same-user-stale-draft,lifecycle
2026-06-18T16:18:44Z,novelty-http-table-stale-snapshot,http
2026-06-18T16:18:44Z,novelty-http-existing-post-crdt-metadata,http
2026-06-18T16:18:44Z,novelty-http-persistence-probe,persistence
2026-06-18T16:18:44Z,novelty-ws-parser-serialization,parser
2026-06-18T16:18:44Z,novelty-ws-collaboration-ui-signals,other
2026-06-18T16:18:44Z,novelty-ws-multi-reload-lifecycle,lifecycle
2026-06-18T16:18:45Z,novelty-ws-thirty-user-lifecycle,lifecycle
2026-06-18T16:18:46Z,novelty-ws-parser-transform,parser
2026-06-18T16:23:55Z,novelty-ws-real-user-save-reload,real-user
2026-06-18T16:24:15Z,novelty-http-same-user-stale-draft,lifecycle
2026-06-18T16:24:15Z,novelty-http-table-stale-snapshot,http
2026-06-18T16:24:15Z,novelty-http-existing-post-crdt-metadata,http
2026-06-18T16:24:15Z,novelty-http-persistence-probe,persistence
2026-06-18T16:24:15Z,novelty-ws-parser-serialization,parser
2026-06-18T16:24:15Z,novelty-ws-collaboration-ui-signals,other
2026-06-18T16:24:15Z,novelty-ws-multi-reload-lifecycle,lifecycle
2026-06-18T16:24:16Z,novelty-ws-thirty-user-lifecycle,lifecycle
2026-06-18T16:24:17Z,novelty-ws-parser-transform,parser
2026-06-18T16:29:29Z,novelty-ws-real-user-save-reload,real-user
2026-06-18T16:29:53Z,novelty-http-same-user-stale-draft,lifecycle
2026-06-18T16:29:53Z,novelty-http-table-stale-snapshot,http
2026-06-18T16:29:53Z,novelty-http-existing-post-crdt-metadata,http
2026-06-18T16:29:53Z,novelty-http-persistence-probe,persistence
2026-06-18T16:29:53Z,novelty-ws-parser-serialization,parser
2026-06-18T16:29:53Z,novelty-ws-collaboration-ui-signals,other
2026-06-18T16:29:53Z,novelty-ws-multi-reload-lifecycle,lifecycle
2026-06-18T16:29:54Z,novelty-ws-thirty-user-lifecycle,lifecycle
2026-06-18T16:29:56Z,novelty-ws-parser-transform,parser
2026-06-18T16:35:21Z,novelty-http-same-user-stale-draft,lifecycle
2026-06-18T16:35:21Z,novelty-http-table-stale-snapshot,http
2026-06-18T16:35:21Z,novelty-http-existing-post-crdt-metadata,http
2026-06-18T16:35:21Z,novelty-http-persistence-probe,persistence
2026-06-18T16:35:21Z,novelty-ws-collaboration-ui-signals,other
2026-06-18T16:35:21Z,novelty-ws-multi-reload-lifecycle,lifecycle
2026-06-18T16:35:21Z,novelty-ws-thirty-user-lifecycle,lifecycle
2026-06-18T16:35:25Z,novelty-ws-many-user-lifecycle-completion,lifecycle
2026-06-18T16:41:09Z,novelty-http-same-user-stale-draft,lifecycle
2026-06-18T16:41:09Z,novelty-http-table-stale-snapshot,http
2026-06-18T16:41:09Z,novelty-http-existing-post-crdt-metadata,http
2026-06-18T16:41:09Z,novelty-http-persistence-probe,persistence
2026-06-18T16:41:09Z,novelty-ws-parser-serialization,parser
2026-06-18T16:41:09Z,novelty-ws-collaboration-ui-signals,other
2026-06-18T16:41:09Z,novelty-ws-multi-reload-lifecycle,lifecycle
2026-06-18T16:41:09Z,novelty-ws-thirty-user-lifecycle,lifecycle
2026-06-18T16:41:10Z,novelty-ws-many-user-lifecycle-completion,lifecycle
2026-06-18T16:46:28Z,novelty-ws-real-user-save-reload,real-user
2026-06-18T16:46:53Z,novelty-http-same-user-stale-draft,lifecycle
2026-06-18T16:46:53Z,novelty-http-table-stale-snapshot,http
2026-06-18T16:46:53Z,novelty-http-existing-post-crdt-metadata,http
2026-06-18T16:46:53Z,novelty-http-persistence-probe,persistence
2026-06-18T16:46:53Z,novelty-ws-parser-serialization,parser
2026-06-18T16:46:53Z,novelty-ws-collaboration-ui-signals,other
2026-06-18T16:46:53Z,novelty-ws-multi-reload-lifecycle,lifecycle
2026-06-18T16:46:54Z,novelty-ws-thirty-user-lifecycle,lifecycle
2026-06-18T16:46:55Z,novelty-ws-parser-transform,parser
2026-06-18T16:52:22Z,novelty-ws-real-user-save-reload,real-user
2026-06-18T16:52:40Z,novelty-http-table-stale-snapshot,http
2026-06-18T16:52:40Z,novelty-http-existing-post-crdt-metadata,http
2026-06-18T16:52:40Z,novelty-http-persistence-probe,persistence
2026-06-18T16:52:40Z,novelty-ws-parser-serialization,parser
2026-06-18T16:52:40Z,novelty-ws-collaboration-ui-signals,other
2026-06-18T16:52:40Z,novelty-ws-multi-reload-lifecycle,lifecycle
2026-06-18T16:52:41Z,novelty-ws-thirty-user-lifecycle,lifecycle
2026-06-18T16:52:42Z,novelty-ws-parser-transform,parser
2026-06-18T16:58:07Z,novelty-ws-real-user-save-reload,real-user
2026-06-18T16:58:29Z,novelty-http-same-user-stale-draft,lifecycle
2026-06-18T16:58:29Z,novelty-http-table-stale-snapshot,http
2026-06-18T16:58:29Z,novelty-http-existing-post-crdt-metadata,http
2026-06-18T16:58:29Z,novelty-http-persistence-probe,persistence
2026-06-18T16:58:29Z,novelty-ws-parser-serialization,parser
2026-06-18T16:58:29Z,novelty-ws-collaboration-ui-signals,other
2026-06-18T16:58:29Z,novelty-ws-multi-reload-lifecycle,lifecycle
2026-06-18T16:58:30Z,novelty-ws-thirty-user-lifecycle,lifecycle
2026-06-18T16:58:31Z,novelty-ws-parser-transform,parser
2026-06-18T17:03:52Z,novelty-ws-real-user-save-reload,real-user
2026-06-18T17:04:18Z,novelty-http-same-user-stale-draft,lifecycle
2026-06-18T17:04:18Z,novelty-http-table-stale-snapshot,http
2026-06-18T17:04:18Z,novelty-http-existing-post-crdt-metadata,http
2026-06-18T17:04:18Z,novelty-http-persistence-probe,persistence
2026-06-18T17:04:18Z,novelty-ws-parser-serialization,parser
2026-06-18T17:04:18Z,novelty-ws-collaboration-ui-signals,other
2026-06-18T17:04:18Z,novelty-ws-multi-reload-lifecycle,lifecycle
2026-06-18T17:04:19Z,novelty-ws-thirty-user-lifecycle,lifecycle
2026-06-18T17:04:20Z,novelty-ws-parser-transform,parser
2026-06-18T17:10:06Z,novelty-http-same-user-stale-draft,lifecycle
2026-06-18T17:10:06Z,novelty-http-table-stale-snapshot,http
2026-06-18T17:10:06Z,novelty-http-existing-post-crdt-metadata,http
2026-06-18T17:10:06Z,novelty-http-persistence-probe,persistence
2026-06-18T17:10:06Z,novelty-ws-parser-serialization,parser
2026-06-18T17:10:06Z,novelty-ws-collaboration-ui-signals,other
2026-06-18T17:10:06Z,novelty-ws-multi-reload-lifecycle,lifecycle
2026-06-18T17:10:06Z,novelty-ws-thirty-user-lifecycle,lifecycle
2026-06-18T17:10:07Z,novelty-ws-many-user-lifecycle-completion,lifecycle
2026-06-18T17:15:50Z,novelty-http-same-user-stale-draft,lifecycle
2026-06-18T17:15:50Z,novelty-http-table-stale-snapshot,http
2026-06-18T17:15:50Z,novelty-http-persistence-probe,persistence
2026-06-18T17:15:50Z,novelty-ws-parser-serialization,parser
2026-06-18T17:15:50Z,novelty-ws-collaboration-ui-signals,other
2026-06-18T17:15:50Z,novelty-ws-multi-reload-lifecycle,lifecycle
2026-06-18T17:15:50Z,novelty-ws-thirty-user-lifecycle,lifecycle
2026-06-18T17:15:51Z,novelty-ws-many-user-lifecycle-completion,lifecycle
2026-06-18T17:21:43Z,novelty-http-same-user-stale-draft,lifecycle
2026-06-18T17:21:43Z,novelty-http-table-stale-snapshot,http
2026-06-18T17:21:43Z,novelty-http-existing-post-crdt-metadata,http
2026-06-18T17:21:43Z,novelty-http-persistence-probe,persistence
2026-06-18T17:21:43Z,novelty-ws-parser-serialization,parser
2026-06-18T17:21:43Z,novelty-ws-collaboration-ui-signals,other
2026-06-18T17:21:43Z,novelty-ws-multi-reload-lifecycle,lifecycle
2026-06-18T17:21:43Z,novelty-ws-thirty-user-lifecycle,lifecycle
2026-06-18T17:21:45Z,novelty-ws-many-user-lifecycle-completion,lifecycle
2026-06-18T17:27:40Z,novelty-http-same-user-stale-draft,lifecycle
2026-06-18T17:27:40Z,novelty-http-table-stale-snapshot,http
2026-06-18T17:27:40Z,novelty-http-existing-post-crdt-metadata,http
2026-06-18T17:27:40Z,novelty-http-persistence-probe,persistence
2026-06-18T17:27:40Z,novelty-ws-collaboration-ui-signals,other
2026-06-18T17:27:40Z,novelty-ws-parser-serialization,parser
2026-06-18T17:27:40Z,novelty-ws-multi-reload-lifecycle,lifecycle
2026-06-18T17:27:40Z,novelty-ws-thirty-user-lifecycle,lifecycle
2026-06-18T17:27:41Z,novelty-ws-many-user-lifecycle-completion,lifecycle
2026-06-18T17:33:39Z,novelty-http-same-user-stale-draft,lifecycle
2026-06-18T17:33:39Z,novelty-http-table-stale-snapshot,http
2026-06-18T17:33:39Z,novelty-http-existing-post-crdt-metadata,http
2026-06-18T17:33:39Z,novelty-http-persistence-probe,persistence
2026-06-18T17:33:39Z,novelty-ws-collaboration-ui-signals,other
2026-06-18T17:33:39Z,novelty-ws-parser-serialization,parser
2026-06-18T17:33:39Z,novelty-ws-multi-reload-lifecycle,lifecycle
2026-06-18T17:33:39Z,novelty-ws-thirty-user-lifecycle,lifecycle
2026-06-18T17:33:40Z,novelty-ws-many-user-lifecycle-completion,lifecycle
2026-06-18T17:39:09Z,novelty-ws-real-user-save-reload,real-user
2026-06-18T17:39:30Z,novelty-http-table-stale-snapshot,http
2026-06-18T17:39:30Z,novelty-http-existing-post-crdt-metadata,http
2026-06-18T17:39:30Z,novelty-http-persistence-probe,persistence
2026-06-18T17:39:30Z,novelty-ws-collaboration-ui-signals,other
2026-06-18T17:39:30Z,novelty-ws-multi-reload-lifecycle,lifecycle
2026-06-18T17:39:30Z,novelty-ws-thirty-user-lifecycle,lifecycle
2026-06-18T17:39:30Z,novelty-ws-many-user-lifecycle-completion,lifecycle
2026-06-18T17:45:15Z,novelty-ws-real-user-save-reload,real-user
2026-06-18T17:45:38Z,novelty-http-table-stale-snapshot,http
2026-06-18T17:45:38Z,novelty-http-existing-post-crdt-metadata,http
2026-06-18T17:45:38Z,novelty-http-persistence-probe,persistence
2026-06-18T17:45:38Z,novelty-ws-collaboration-ui-signals,other
2026-06-18T17:45:38Z,novelty-http-large-post-lifecycle-completion,lifecycle
2026-06-18T17:45:38Z,novelty-ws-multi-reload-lifecycle,lifecycle
2026-06-18T17:45:38Z,novelty-ws-many-user-lifecycle-completion,lifecycle
2026-06-18T17:45:42Z,novelty-ws-many-user-lifecycle,lifecycle
2026-06-18T17:51:20Z,novelty-ws-real-user-save-reload,real-user
2026-06-18T17:51:50Z,novelty-http-table-stale-snapshot,http
2026-06-18T17:51:50Z,novelty-http-existing-post-crdt-metadata,http
2026-06-18T17:51:50Z,novelty-http-persistence-probe,persistence
2026-06-18T17:51:50Z,novelty-ws-collaboration-ui-signals,other
2026-06-18T17:51:50Z,novelty-http-large-post-lifecycle-completion,lifecycle
2026-06-18T17:51:50Z,novelty-ws-parser-serialization,parser
2026-06-18T17:51:50Z,novelty-ws-multi-reload-lifecycle,lifecycle
2026-06-18T17:51:50Z,novelty-ws-many-user-lifecycle-completion,lifecycle
2026-06-18T17:51:52Z,novelty-ws-many-user-lifecycle,lifecycle
2026-06-18T17:57:27Z,novelty-ws-real-user-save-reload,real-user
2026-06-18T17:57:55Z,novelty-http-table-stale-snapshot,http
2026-06-18T17:57:55Z,novelty-http-existing-post-crdt-metadata,http
2026-06-18T17:57:55Z,novelty-http-persistence-probe,persistence
2026-06-18T17:57:55Z,novelty-ws-collaboration-ui-signals,other
2026-06-18T17:57:55Z,novelty-http-large-post-lifecycle-completion,lifecycle
2026-06-18T17:57:55Z,novelty-ws-parser-serialization,parser
2026-06-18T17:57:55Z,novelty-ws-multi-reload-lifecycle,lifecycle
2026-06-18T17:57:56Z,novelty-ws-many-user-lifecycle-completion,lifecycle
2026-06-18T17:57:57Z,novelty-ws-many-user-lifecycle,lifecycle
2026-06-18T18:03:29Z,novelty-ws-real-user-save-reload,real-user
2026-06-18T18:03:58Z,novelty-http-table-stale-snapshot,http
2026-06-18T18:03:58Z,novelty-http-existing-post-crdt-metadata,http
2026-06-18T18:03:58Z,novelty-http-persistence-probe,persistence
2026-06-18T18:03:58Z,novelty-ws-collaboration-ui-signals,other
2026-06-18T18:03:58Z,novelty-http-large-post-lifecycle-completion,lifecycle
2026-06-18T18:03:58Z,novelty-ws-parser-serialization,parser
2026-06-18T18:03:58Z,novelty-ws-multi-reload-lifecycle,lifecycle
2026-06-18T18:03:58Z,novelty-ws-many-user-lifecycle-completion,lifecycle
2026-06-18T18:03:59Z,novelty-ws-many-user-lifecycle,lifecycle
2026-06-18T18:09:43Z,novelty-ws-real-user-save-reload,real-user
2026-06-18T18:10:09Z,novelty-http-table-stale-snapshot,http
2026-06-18T18:10:09Z,novelty-http-existing-post-crdt-metadata,http
2026-06-18T18:10:09Z,novelty-http-persistence-probe,persistence
2026-06-18T18:10:09Z,novelty-ws-collaboration-ui-signals,other
2026-06-18T18:10:09Z,novelty-http-large-post-lifecycle-completion,lifecycle
2026-06-18T18:10:09Z,novelty-ws-multi-reload-lifecycle,lifecycle
2026-06-18T18:10:09Z,novelty-ws-many-user-lifecycle-completion,lifecycle
2026-06-18T18:10:13Z,novelty-ws-many-user-lifecycle,lifecycle
2026-06-18T18:15:59Z,novelty-ws-real-user-save-reload,real-user
2026-06-18T18:16:27Z,novelty-http-table-stale-snapshot,http
2026-06-18T18:16:27Z,novelty-http-existing-post-crdt-metadata,http
2026-06-18T18:16:27Z,novelty-http-persistence-probe,persistence
2026-06-18T18:16:27Z,novelty-ws-collaboration-ui-signals,other
2026-06-18T18:16:27Z,novelty-http-large-post-lifecycle-completion,lifecycle
2026-06-18T18:16:27Z,novelty-ws-parser-serialization,parser
2026-06-18T18:16:27Z,novelty-ws-multi-reload-lifecycle,lifecycle
2026-06-18T18:16:28Z,novelty-ws-many-user-lifecycle-completion,lifecycle
2026-06-18T18:16:29Z,novelty-ws-many-user-lifecycle,lifecycle
2026-06-18T18:22:13Z,novelty-ws-real-user-save-reload,real-user
2026-06-18T18:22:41Z,novelty-http-table-stale-snapshot,http
2026-06-18T18:22:41Z,novelty-http-existing-post-crdt-metadata,http
2026-06-18T18:22:41Z,novelty-http-persistence-probe,persistence
2026-06-18T18:22:41Z,novelty-ws-collaboration-ui-signals,other
2026-06-18T18:22:41Z,novelty-http-large-post-lifecycle-completion,lifecycle
2026-06-18T18:22:41Z,novelty-ws-parser-serialization,parser
2026-06-18T18:22:41Z,novelty-ws-multi-reload-lifecycle,lifecycle
2026-06-18T18:22:41Z,novelty-ws-many-user-lifecycle,lifecycle
2026-06-18T18:22:42Z,novelty-ws-many-user-lifecycle-completion,lifecycle
2026-06-18T18:29:08Z,novelty-http-table-stale-snapshot,http
2026-06-18T18:29:08Z,novelty-http-existing-post-crdt-metadata,http
2026-06-18T18:29:08Z,novelty-http-persistence-probe,persistence
2026-06-18T18:29:08Z,novelty-ws-collaboration-ui-signals,other
2026-06-18T18:29:08Z,novelty-http-large-post-lifecycle-completion,lifecycle
2026-06-18T18:29:08Z,novelty-ws-parser-serialization,parser
2026-06-18T18:29:08Z,novelty-ws-multi-reload-lifecycle,lifecycle
2026-06-18T18:29:08Z,novelty-ws-many-user-lifecycle-completion,lifecycle
2026-06-18T18:29:08Z,novelty-ws-many-user-lifecycle,lifecycle
2026-06-18T18:29:09Z,novelty-ws-thirty-user-lifecycle,lifecycle
2026-06-18T18:35:35Z,novelty-http-table-stale-snapshot,http
2026-06-18T18:35:35Z,novelty-ws-parser-serialization,parser
2026-06-18T18:35:35Z,novelty-ws-multi-reload-lifecycle,lifecycle
2026-06-18T18:41:42Z,novelty-http-table-stale-snapshot,http
2026-06-18T18:41:42Z,novelty-ws-multi-reload-lifecycle,lifecycle
2026-06-18T18:47:21Z,novelty-ws-real-user-save-reload,real-user
2026-06-18T18:47:48Z,novelty-http-table-stale-snapshot,http
2026-06-18T18:47:48Z,novelty-http-existing-post-crdt-metadata,http
2026-06-18T18:47:48Z,novelty-http-persistence-probe,persistence
2026-06-18T18:47:48Z,novelty-http-large-post-lifecycle-completion,lifecycle
2026-06-18T18:47:48Z,novelty-ws-multi-reload-lifecycle,lifecycle
2026-06-18T18:47:48Z,novelty-ws-many-user-lifecycle-completion,lifecycle
2026-06-18T18:47:48Z,novelty-ws-many-user-lifecycle,lifecycle
2026-06-18T18:47:48Z,novelty-ws-thirty-user-lifecycle,lifecycle
2026-06-18T18:53:43Z,novelty-ws-real-user-save-reload,real-user
2026-06-18T18:54:09Z,novelty-http-table-stale-snapshot,http
2026-06-18T18:54:09Z,novelty-http-existing-post-crdt-metadata,http
2026-06-18T18:54:09Z,novelty-http-persistence-probe,persistence
2026-06-18T18:54:09Z,novelty-http-large-post-lifecycle-completion,lifecycle
2026-06-18T18:54:09Z,novelty-ws-multi-reload-lifecycle,lifecycle
2026-06-18T18:54:09Z,novelty-ws-many-user-lifecycle-completion,lifecycle
2026-06-18T18:54:09Z,novelty-ws-many-user-lifecycle,lifecycle
2026-06-18T18:54:09Z,novelty-ws-thirty-user-lifecycle,lifecycle
2026-06-18T19:00:03Z,novelty-ws-real-user-save-reload,real-user
2026-06-18T19:00:29Z,novelty-http-table-stale-snapshot,http
2026-06-18T19:00:29Z,novelty-http-existing-post-crdt-metadata,http
2026-06-18T19:00:29Z,novelty-http-persistence-probe,persistence
2026-06-18T19:00:29Z,novelty-http-large-post-lifecycle-completion,lifecycle
2026-06-18T19:00:29Z,novelty-ws-multi-reload-lifecycle,lifecycle
2026-06-18T19:00:29Z,novelty-ws-many-user-lifecycle-completion,lifecycle
2026-06-18T19:00:29Z,novelty-ws-many-user-lifecycle,lifecycle
2026-06-18T19:06:18Z,novelty-ws-real-user-save-reload,real-user
2026-06-18T19:06:44Z,novelty-http-table-stale-snapshot,http
2026-06-18T19:06:44Z,novelty-http-existing-post-crdt-metadata,http
2026-06-18T19:06:44Z,novelty-http-persistence-probe,persistence
2026-06-18T19:06:44Z,novelty-http-large-post-lifecycle-completion,lifecycle
2026-06-18T19:06:44Z,novelty-ws-multi-reload-lifecycle,lifecycle
2026-06-18T19:06:44Z,novelty-ws-many-user-lifecycle-completion,lifecycle
2026-06-18T19:06:44Z,novelty-ws-many-user-lifecycle,lifecycle
2026-06-18T19:12:28Z,novelty-ws-real-user-save-reload,real-user
2026-06-18T19:12:52Z,novelty-http-table-stale-snapshot,http
2026-06-18T19:12:52Z,novelty-http-existing-post-crdt-metadata,http
2026-06-18T19:12:53Z,novelty-http-persistence-probe,persistence
2026-06-18T19:12:53Z,novelty-http-large-post-lifecycle-completion,lifecycle
2026-06-18T19:12:53Z,novelty-ws-multi-reload-lifecycle,lifecycle
2026-06-18T19:12:53Z,novelty-ws-permissions-auth-locks,auth/locks
2026-06-18T19:19:10Z,novelty-http-table-stale-snapshot,http
2026-06-18T19:19:10Z,novelty-http-existing-post-crdt-metadata,http
2026-06-18T19:19:10Z,novelty-http-persistence-probe,persistence
2026-06-18T19:19:10Z,novelty-http-large-post-lifecycle-completion,lifecycle
2026-06-18T19:19:10Z,novelty-ws-multi-reload-lifecycle,lifecycle
2026-06-18T19:19:10Z,novelty-ws-media-cross-entity,async/media
2026-06-18T19:19:10Z,novelty-ws-many-user-lifecycle-completion,lifecycle
2026-06-18T19:24:55Z,novelty-ws-real-user-save-reload,real-user
2026-06-18T19:25:24Z,novelty-http-table-stale-snapshot,http
2026-06-18T19:25:24Z,novelty-http-existing-post-crdt-metadata,http
2026-06-18T19:25:24Z,novelty-http-persistence-probe,persistence
2026-06-18T19:25:24Z,novelty-http-large-post-lifecycle-completion,lifecycle
2026-06-18T19:25:24Z,novelty-ws-multi-reload-lifecycle,lifecycle
2026-06-18T19:31:05Z,novelty-ws-real-user-save-reload,real-user
2026-06-18T19:31:29Z,novelty-http-table-stale-snapshot,http
2026-06-18T19:31:29Z,novelty-http-existing-post-crdt-metadata,http
2026-06-18T19:31:29Z,novelty-http-persistence-probe,persistence
2026-06-18T19:31:29Z,novelty-http-large-post-lifecycle-completion,lifecycle
2026-06-18T19:31:29Z,novelty-ws-multi-reload-lifecycle,lifecycle
2026-06-18T19:37:13Z,novelty-ws-real-user-save-reload,real-user
2026-06-18T19:37:39Z,novelty-http-table-stale-snapshot,http
2026-06-18T19:37:39Z,novelty-http-existing-post-crdt-metadata,http
2026-06-18T19:37:39Z,novelty-http-persistence-probe,persistence
2026-06-18T19:37:39Z,novelty-http-large-post-lifecycle-completion,lifecycle
2026-06-18T19:37:39Z,novelty-ws-multi-reload-lifecycle,lifecycle
2026-06-18T19:43:20Z,novelty-ws-real-user-save-reload,real-user
2026-06-18T19:43:47Z,novelty-http-table-stale-snapshot,http
2026-06-18T19:43:47Z,novelty-http-existing-post-crdt-metadata,http
2026-06-18T19:43:47Z,novelty-http-persistence-probe,persistence
2026-06-18T19:43:47Z,novelty-http-large-post-lifecycle-completion,lifecycle
2026-06-18T19:43:47Z,novelty-ws-multi-reload-lifecycle,lifecycle
2026-06-18T19:49:22Z,novelty-ws-real-user-save-reload,real-user
2026-06-18T19:49:46Z,novelty-http-table-stale-snapshot,http
2026-06-18T19:49:46Z,novelty-http-existing-post-crdt-metadata,http
2026-06-18T19:49:46Z,novelty-http-persistence-probe,persistence
2026-06-18T19:49:46Z,novelty-http-large-post-lifecycle-completion,lifecycle
2026-06-18T19:49:46Z,novelty-ws-multi-reload-lifecycle,lifecycle
2026-06-18T19:55:51Z,novelty-http-table-stale-snapshot,http
2026-06-18T19:55:51Z,novelty-http-existing-post-crdt-metadata,http
2026-06-18T19:55:51Z,novelty-http-persistence-probe,persistence
2026-06-18T19:55:51Z,novelty-http-large-post-lifecycle-completion,lifecycle
2026-06-18T19:55:51Z,novelty-ws-multi-reload-lifecycle,lifecycle
2026-06-18T20:01:53Z,novelty-http-table-stale-snapshot,http
2026-06-18T20:01:53Z,novelty-http-existing-post-crdt-metadata,http
2026-06-18T20:01:53Z,novelty-http-persistence-probe,persistence
2026-06-18T20:01:54Z,novelty-http-large-post-lifecycle-completion,lifecycle
2026-06-18T20:01:54Z,novelty-ws-multi-reload-lifecycle,lifecycle
2026-06-18T20:07:30Z,novelty-ws-real-user-save-reload,real-user
2026-06-18T20:07:56Z,novelty-http-table-stale-snapshot,http
2026-06-18T20:07:56Z,novelty-http-existing-post-crdt-metadata,http
2026-06-18T20:07:56Z,novelty-http-persistence-probe,persistence
2026-06-18T20:07:56Z,novelty-http-large-post-lifecycle-completion,lifecycle
2026-06-18T20:07:56Z,novelty-ws-multi-reload-lifecycle,lifecycle
2026-06-18T20:13:29Z,novelty-ws-real-user-save-reload,real-user
2026-06-18T20:13:57Z,novelty-http-table-stale-snapshot,http
2026-06-18T20:13:57Z,novelty-http-existing-post-crdt-metadata,http
2026-06-18T20:13:57Z,novelty-http-persistence-probe,persistence
2026-06-18T20:13:57Z,novelty-http-large-post-lifecycle-completion,lifecycle
2026-06-18T20:13:57Z,novelty-ws-multi-reload-lifecycle,lifecycle
2026-06-18T20:19:32Z,novelty-ws-real-user-save-reload,real-user
2026-06-18T20:19:59Z,novelty-http-table-stale-snapshot,http
2026-06-18T20:19:59Z,novelty-http-existing-post-crdt-metadata,http
2026-06-18T20:20:00Z,novelty-http-persistence-probe,persistence
2026-06-18T20:20:00Z,novelty-http-large-post-lifecycle-completion,lifecycle
2026-06-18T20:20:00Z,novelty-ws-multi-reload-lifecycle,lifecycle
2026-06-18T20:26:05Z,novelty-http-table-stale-snapshot,http
2026-06-18T20:26:05Z,novelty-http-existing-post-crdt-metadata,http
2026-06-18T20:26:05Z,novelty-http-persistence-probe,persistence
2026-06-18T20:26:05Z,novelty-http-large-post-lifecycle-completion,lifecycle
2026-06-18T20:26:05Z,novelty-ws-multi-reload-lifecycle,lifecycle
2026-06-18T20:26:05Z,novelty-ws-block-gauntlet,auth/locks
2026-06-18T20:31:43Z,novelty-ws-real-user-save-reload,real-user
2026-06-18T20:32:12Z,novelty-http-table-stale-snapshot,http
2026-06-18T20:32:12Z,novelty-http-existing-post-crdt-metadata,http
2026-06-18T20:32:12Z,novelty-http-persistence-probe,persistence
2026-06-18T20:32:12Z,novelty-http-large-post-lifecycle-completion,lifecycle
2026-06-18T20:32:12Z,novelty-ws-multi-reload-lifecycle,lifecycle
2026-06-18T20:38:15Z,novelty-http-table-stale-snapshot,http
2026-06-18T20:38:15Z,novelty-http-existing-post-crdt-metadata,http
2026-06-18T20:38:15Z,novelty-http-persistence-probe,persistence
2026-06-18T20:38:15Z,novelty-http-large-post-lifecycle-completion,lifecycle
2026-06-18T20:38:15Z,novelty-ws-multi-reload-lifecycle,lifecycle
2026-06-18T20:44:14Z,novelty-http-table-stale-snapshot,http
2026-06-18T20:44:14Z,novelty-http-existing-post-crdt-metadata,http
2026-06-18T20:44:14Z,novelty-http-persistence-probe,persistence
2026-06-18T20:44:14Z,novelty-http-large-post-lifecycle-completion,lifecycle
2026-06-18T20:44:14Z,novelty-ws-multi-reload-lifecycle,lifecycle
2026-06-18T20:50:14Z,novelty-http-table-stale-snapshot,http
2026-06-18T20:50:14Z,novelty-http-existing-post-crdt-metadata,http
2026-06-18T20:50:14Z,novelty-http-persistence-probe,persistence
2026-06-18T20:50:14Z,novelty-http-large-post-lifecycle-completion,lifecycle
2026-06-18T20:50:14Z,novelty-ws-multi-reload-lifecycle,lifecycle
2026-06-18T20:56:18Z,novelty-http-table-stale-snapshot,http
2026-06-18T20:56:18Z,novelty-http-existing-post-crdt-metadata,http
2026-06-18T20:56:18Z,novelty-http-persistence-probe,persistence
2026-06-18T20:56:18Z,novelty-http-large-post-lifecycle-completion,lifecycle
2026-06-18T20:56:18Z,novelty-ws-multi-reload-lifecycle,lifecycle
2026-06-18T21:02:07Z,novelty-http-title-reload-convergence,lifecycle
2026-06-18T21:02:07Z,novelty-ws-multi-reload-lifecycle,lifecycle
2026-06-18T21:08:29Z,novelty-http-title-reload-convergence,lifecycle
2026-06-18T21:08:29Z,novelty-http-table-stale-snapshot,http
2026-06-18T21:08:29Z,novelty-http-existing-post-crdt-metadata,http
2026-06-18T21:08:29Z,novelty-http-persistence-probe,persistence
2026-06-18T21:08:29Z,novelty-http-large-post-lifecycle-completion,lifecycle
2026-06-18T21:08:29Z,novelty-ws-multi-reload-lifecycle,lifecycle
2026-06-18T21:14:39Z,novelty-http-title-reload-convergence,lifecycle
2026-06-18T21:14:39Z,novelty-http-table-stale-snapshot,http
2026-06-18T21:14:39Z,novelty-http-existing-post-crdt-metadata,http
2026-06-18T21:14:39Z,novelty-http-persistence-probe,persistence
2026-06-18T21:14:39Z,novelty-http-large-post-lifecycle-completion,lifecycle
2026-06-18T21:14:39Z,novelty-ws-multi-reload-lifecycle,lifecycle
2026-06-18T21:20:44Z,novelty-http-title-reload-convergence,lifecycle
2026-06-18T21:20:44Z,novelty-http-table-stale-snapshot,http
2026-06-18T21:20:44Z,novelty-http-existing-post-crdt-metadata,http
2026-06-18T21:20:44Z,novelty-http-persistence-probe,persistence
2026-06-18T21:20:44Z,novelty-http-large-post-lifecycle-completion,lifecycle
2026-06-18T21:20:44Z,novelty-ws-multi-reload-lifecycle,lifecycle
2026-06-18T21:26:50Z,novelty-http-title-reload-convergence,lifecycle
2026-06-18T21:26:50Z,novelty-http-table-stale-snapshot,http
2026-06-18T21:26:50Z,novelty-http-existing-post-crdt-metadata,http
2026-06-18T21:26:50Z,novelty-http-persistence-probe,persistence
2026-06-18T21:26:50Z,novelty-http-large-post-lifecycle-completion,lifecycle
2026-06-18T21:26:50Z,novelty-ws-multi-reload-lifecycle,lifecycle
2026-06-18T21:32:54Z,novelty-http-title-reload-convergence,lifecycle
2026-06-18T21:32:54Z,novelty-http-table-stale-snapshot,http
2026-06-18T21:32:54Z,novelty-http-existing-post-crdt-metadata,http
2026-06-18T21:32:54Z,novelty-http-persistence-probe,persistence
2026-06-18T21:32:54Z,novelty-http-large-post-lifecycle-completion,lifecycle
2026-06-18T21:32:54Z,novelty-ws-multi-reload-lifecycle,lifecycle
2026-06-18T21:39:02Z,novelty-http-title-reload-convergence,lifecycle
2026-06-18T21:39:02Z,novelty-http-table-stale-snapshot,http
2026-06-18T21:39:02Z,novelty-http-existing-post-crdt-metadata,http
2026-06-18T21:39:02Z,novelty-http-persistence-probe,persistence
2026-06-18T21:39:02Z,novelty-http-large-post-lifecycle-completion,lifecycle
2026-06-18T21:39:02Z,novelty-ws-multi-reload-lifecycle,lifecycle
2026-06-18T21:45:22Z,novelty-http-table-stale-snapshot,http
2026-06-18T21:45:22Z,novelty-ws-multi-reload-lifecycle,lifecycle
2026-06-18T21:51:41Z,novelty-http-title-reload-convergence,lifecycle
2026-06-18T21:51:41Z,novelty-http-table-stale-snapshot,http
2026-06-18T21:51:41Z,novelty-http-existing-post-crdt-metadata,http
2026-06-18T21:51:41Z,novelty-http-persistence-probe,persistence
2026-06-18T21:51:41Z,novelty-http-large-post-lifecycle-completion,lifecycle
2026-06-18T21:51:41Z,novelty-ws-multi-reload-lifecycle,lifecycle
2026-06-18T21:57:55Z,novelty-http-title-reload-convergence,lifecycle
2026-06-18T21:57:55Z,novelty-http-existing-post-crdt-metadata,http
2026-06-18T21:57:55Z,novelty-http-persistence-probe,persistence
2026-06-18T21:57:55Z,novelty-http-large-post-lifecycle-completion,lifecycle
2026-06-18T21:57:55Z,novelty-ws-multi-reload-lifecycle,lifecycle
2026-06-18T22:04:25Z,novelty-http-title-reload-convergence,lifecycle
2026-06-18T22:04:25Z,novelty-http-table-stale-snapshot,http
2026-06-18T22:04:25Z,novelty-http-existing-post-crdt-metadata,http
2026-06-18T22:04:25Z,novelty-http-persistence-probe,persistence
2026-06-18T22:04:25Z,novelty-http-large-post-lifecycle-completion,lifecycle
2026-06-18T22:04:25Z,novelty-ws-multi-reload-lifecycle,lifecycle
2026-06-18T22:10:41Z,novelty-http-large-post-lifecycle,lifecycle
2026-06-18T22:10:41Z,novelty-http-title-reload-convergence,lifecycle
2026-06-18T22:10:41Z,novelty-http-table-stale-snapshot,http
2026-06-18T22:10:41Z,novelty-http-existing-post-crdt-metadata,http
2026-06-18T22:10:41Z,novelty-http-persistence-probe,persistence
2026-06-18T22:10:41Z,novelty-http-large-post-lifecycle-completion,lifecycle
2026-06-18T22:10:41Z,novelty-ws-multi-reload-lifecycle,lifecycle
2026-06-18T22:17:07Z,novelty-http-large-post-lifecycle,lifecycle
2026-06-18T22:17:07Z,novelty-http-title-reload-convergence,lifecycle
2026-06-18T22:17:07Z,novelty-http-table-stale-snapshot,http
2026-06-18T22:17:07Z,novelty-http-existing-post-crdt-metadata,http
2026-06-18T22:17:07Z,novelty-http-persistence-probe,persistence
2026-06-18T22:17:07Z,novelty-http-large-post-lifecycle-completion,lifecycle
2026-06-18T22:17:07Z,novelty-ws-multi-reload-lifecycle,lifecycle
2026-06-18T22:23:44Z,novelty-http-large-post-lifecycle,lifecycle
2026-06-18T22:23:44Z,novelty-http-title-reload-convergence,lifecycle
2026-06-18T22:23:44Z,novelty-http-table-stale-snapshot,http
2026-06-18T22:23:44Z,novelty-http-existing-post-crdt-metadata,http
2026-06-18T22:23:44Z,novelty-http-persistence-probe,persistence
2026-06-18T22:23:44Z,novelty-http-large-post-lifecycle-completion,lifecycle
2026-06-18T22:23:44Z,novelty-ws-multi-reload-lifecycle,lifecycle
2026-06-18T22:30:11Z,novelty-http-large-post-lifecycle,lifecycle
2026-06-18T22:30:11Z,novelty-http-title-reload-convergence,lifecycle
2026-06-18T22:30:11Z,novelty-http-table-stale-snapshot,http
2026-06-18T22:30:11Z,novelty-http-existing-post-crdt-metadata,http
2026-06-18T22:30:11Z,novelty-http-persistence-probe,persistence
2026-06-18T22:30:11Z,novelty-http-large-post-lifecycle-completion,lifecycle
2026-06-18T22:30:11Z,novelty-ws-multi-reload-lifecycle,lifecycle
2026-06-18T22:36:54Z,novelty-http-large-post-lifecycle,lifecycle
2026-06-18T22:36:54Z,novelty-http-title-reload-convergence,lifecycle
2026-06-18T22:36:54Z,novelty-http-table-stale-snapshot,http
2026-06-18T22:36:54Z,novelty-http-existing-post-crdt-metadata,http
2026-06-18T22:36:54Z,novelty-http-persistence-probe,persistence
2026-06-18T22:36:54Z,novelty-http-large-post-lifecycle-completion,lifecycle
2026-06-18T22:36:54Z,novelty-ws-multi-reload-lifecycle,lifecycle
2026-06-18T22:43:30Z,novelty-http-large-post-lifecycle,lifecycle
2026-06-18T22:43:30Z,novelty-http-title-reload-convergence,lifecycle
2026-06-18T22:43:30Z,novelty-http-table-stale-snapshot,http
2026-06-18T22:43:30Z,novelty-http-existing-post-crdt-metadata,http
2026-06-18T22:43:30Z,novelty-http-persistence-probe,persistence
2026-06-18T22:43:30Z,novelty-http-large-post-lifecycle-completion,lifecycle
2026-06-18T22:43:30Z,novelty-ws-multi-reload-lifecycle,lifecycle
2026-06-18T22:50:10Z,novelty-http-large-post-lifecycle,lifecycle
2026-06-18T22:50:10Z,novelty-http-title-reload-convergence,lifecycle
2026-06-18T22:50:10Z,novelty-http-table-stale-snapshot,http
2026-06-18T22:50:10Z,novelty-http-existing-post-crdt-metadata,http
2026-06-18T22:50:10Z,novelty-http-persistence-probe,persistence
2026-06-18T22:50:10Z,novelty-http-large-post-lifecycle-completion,lifecycle
2026-06-18T22:50:10Z,novelty-ws-multi-reload-lifecycle,lifecycle
2026-06-18T22:56:00Z,novelty-ws-real-user-rich-text,real-user
2026-06-18T22:56:09Z,novelty-ws-real-user-editing,real-user
2026-06-18T23:03:19Z,novelty-http-large-post-lifecycle,lifecycle
2026-06-18T23:03:19Z,novelty-http-title-reload-convergence,lifecycle
2026-06-18T23:03:20Z,novelty-http-table-stale-snapshot,http
2026-06-18T23:03:20Z,novelty-http-existing-post-crdt-metadata,http
2026-06-18T23:03:20Z,novelty-http-persistence-probe,persistence
2026-06-18T23:03:20Z,novelty-http-large-post-lifecycle-completion,lifecycle
2026-06-18T23:03:20Z,novelty-ws-multi-reload-lifecycle,lifecycle
2026-06-18T23:10:20Z,novelty-http-large-post-lifecycle,lifecycle
2026-06-18T23:10:20Z,novelty-http-title-reload-convergence,lifecycle
2026-06-18T23:10:21Z,novelty-http-table-stale-snapshot,http
2026-06-18T23:10:21Z,novelty-http-existing-post-crdt-metadata,http
2026-06-18T23:10:21Z,novelty-http-persistence-probe,persistence
2026-06-18T23:10:21Z,novelty-http-large-post-lifecycle-completion,lifecycle
2026-06-18T23:10:21Z,novelty-ws-multi-reload-lifecycle,lifecycle
2026-06-18T23:17:15Z,novelty-http-table-stale-snapshot,http
2026-06-18T23:17:15Z,novelty-http-existing-post-crdt-metadata,http
2026-06-18T23:17:15Z,novelty-http-large-post-lifecycle-completion,lifecycle
2026-06-18T23:17:15Z,novelty-ws-multi-reload-lifecycle,lifecycle
2026-06-18T23:24:15Z,novelty-http-large-post-lifecycle,lifecycle
2026-06-18T23:24:15Z,novelty-http-title-reload-convergence,lifecycle
2026-06-18T23:24:15Z,novelty-http-table-stale-snapshot,http
2026-06-18T23:24:15Z,novelty-http-existing-post-crdt-metadata,http
2026-06-18T23:24:15Z,novelty-http-persistence-probe,persistence
2026-06-18T23:24:15Z,novelty-http-large-post-lifecycle-completion,lifecycle
2026-06-18T23:24:15Z,novelty-ws-multi-reload-lifecycle,lifecycle
2026-06-18T23:30:54Z,novelty-http-large-post-lifecycle,lifecycle
2026-06-18T23:30:54Z,novelty-http-title-reload-convergence,lifecycle
2026-06-18T23:30:54Z,novelty-http-table-stale-snapshot,http
2026-06-18T23:30:54Z,novelty-http-existing-post-crdt-metadata,http
2026-06-18T23:30:54Z,novelty-http-persistence-probe,persistence
2026-06-18T23:30:54Z,novelty-http-large-post-lifecycle-completion,lifecycle
2026-06-18T23:30:54Z,novelty-ws-multi-reload-lifecycle,lifecycle
2026-06-18T23:37:39Z,novelty-http-large-post-lifecycle,lifecycle
2026-06-18T23:37:39Z,novelty-http-title-reload-convergence,lifecycle
2026-06-18T23:37:39Z,novelty-http-table-stale-snapshot,http
2026-06-18T23:37:39Z,novelty-http-existing-post-crdt-metadata,http
2026-06-18T23:37:39Z,novelty-http-persistence-probe,persistence
2026-06-18T23:37:39Z,novelty-http-large-post-lifecycle-completion,lifecycle
2026-06-18T23:37:39Z,novelty-ws-multi-reload-lifecycle,lifecycle
2026-06-18T23:44:22Z,novelty-http-large-post-lifecycle,lifecycle
2026-06-18T23:44:22Z,novelty-http-title-reload-convergence,lifecycle
2026-06-18T23:44:23Z,novelty-http-same-user-stale-draft,lifecycle
2026-06-18T23:44:23Z,novelty-http-table-stale-snapshot,http
2026-06-18T23:44:23Z,novelty-http-existing-post-crdt-metadata,http
2026-06-18T23:44:23Z,novelty-http-persistence-probe,persistence
2026-06-18T23:44:23Z,novelty-ws-multi-reload-lifecycle,lifecycle
2026-06-18T23:51:14Z,novelty-http-large-post-lifecycle,lifecycle
2026-06-18T23:51:14Z,novelty-http-title-reload-convergence,lifecycle
2026-06-18T23:51:14Z,novelty-http-same-user-stale-draft,lifecycle
2026-06-18T23:51:14Z,novelty-http-table-stale-snapshot,http
2026-06-18T23:51:14Z,novelty-http-existing-post-crdt-metadata,http
2026-06-18T23:51:14Z,novelty-http-persistence-probe,persistence
2026-06-18T23:51:14Z,novelty-ws-multi-reload-lifecycle,lifecycle
2026-06-18T23:58:05Z,novelty-http-large-post-lifecycle,lifecycle
2026-06-18T23:58:05Z,novelty-http-title-reload-convergence,lifecycle
2026-06-18T23:58:05Z,novelty-http-same-user-stale-draft,lifecycle
2026-06-18T23:58:05Z,novelty-http-table-stale-snapshot,http
2026-06-18T23:58:05Z,novelty-http-existing-post-crdt-metadata,http
2026-06-18T23:58:05Z,novelty-http-persistence-probe,persistence
2026-06-18T23:58:05Z,novelty-ws-multi-reload-lifecycle,lifecycle
2026-06-19T00:14:01Z,novelty-ws-parser-transform,parser
2026-06-19T00:14:06Z,novelty-ws-many-user-lifecycle-completion,lifecycle
2026-06-19T00:14:10Z,novelty-ws-media-cross-entity-completion,async/media
2026-06-19T00:14:16Z,novelty-ws-permissions-auth-locks,auth/locks
2026-06-19T00:14:20Z,novelty-ws-long-session-large-doc,lifecycle
2026-06-19T00:14:24Z,novelty-ws-media-cross-entity,async/media
2026-06-19T00:14:29Z,novelty-http-title-reload-convergence,lifecycle
2026-06-19T00:14:31Z,novelty-http-existing-post-crdt-metadata,http
2026-06-19T00:21:41Z,novelty-ws-long-session-large-doc,lifecycle
2026-06-19T00:21:45Z,novelty-ws-media-cross-entity,async/media
2026-06-19T00:22:16Z,novelty-http-large-post-lifecycle,lifecycle
2026-06-19T00:22:16Z,novelty-http-title-reload-convergence,lifecycle
2026-06-19T00:22:16Z,novelty-http-same-user-stale-draft,lifecycle
2026-06-19T00:22:16Z,novelty-http-table-stale-snapshot,http
2026-06-19T00:22:16Z,novelty-http-existing-post-crdt-metadata,http
2026-06-19T00:22:16Z,novelty-http-persistence-probe,persistence
2026-06-19T00:22:16Z,novelty-ws-multi-reload-lifecycle,lifecycle
2026-06-19T00:22:16Z,novelty-http-large-post-lifecycle-completion,lifecycle
2026-06-19T00:29:39Z,novelty-http-large-post-lifecycle,lifecycle
2026-06-19T00:29:39Z,novelty-http-title-reload-convergence,lifecycle
2026-06-19T00:29:39Z,novelty-http-same-user-stale-draft,lifecycle
2026-06-19T00:29:39Z,novelty-http-table-stale-snapshot,http
2026-06-19T00:29:39Z,novelty-http-existing-post-crdt-metadata,http
2026-06-19T00:29:39Z,novelty-http-persistence-probe,persistence
2026-06-19T00:29:39Z,novelty-ws-multi-reload-lifecycle,lifecycle
2026-06-19T00:37:26Z,novelty-http-large-post-lifecycle,lifecycle
2026-06-19T00:37:26Z,novelty-http-title-reload-convergence,lifecycle
2026-06-19T00:37:26Z,novelty-http-same-user-stale-draft,lifecycle
2026-06-19T00:37:26Z,novelty-http-table-stale-snapshot,http
2026-06-19T00:37:26Z,novelty-http-existing-post-crdt-metadata,http
2026-06-19T00:37:26Z,novelty-http-persistence-probe,persistence
2026-06-19T00:37:26Z,novelty-ws-parser-serialization,parser
2026-06-19T00:37:28Z,novelty-ws-permissions-auth-locks,auth/locks
2026-06-19T00:44:42Z,novelty-ws-permissions-auth-locks,auth/locks
2026-06-19T00:44:47Z,novelty-ws-long-session-large-doc,lifecycle
2026-06-19T00:44:51Z,novelty-ws-media-cross-entity,async/media
2026-06-19T00:45:11Z,novelty-http-large-post-lifecycle,lifecycle
2026-06-19T00:45:11Z,novelty-http-title-reload-convergence,lifecycle
2026-06-19T00:45:11Z,novelty-http-same-user-stale-draft,lifecycle
2026-06-19T00:45:11Z,novelty-http-persistence-probe,persistence
2026-06-19T00:45:13Z,novelty-ws-parser-serialization,parser
2026-06-19T00:45:15Z,novelty-ws-permissions-auth-locks,auth/locks
2026-06-19T00:52:29Z,novelty-ws-permissions-auth-locks,auth/locks
2026-06-19T00:52:33Z,novelty-ws-long-session-large-doc,lifecycle
2026-06-19T00:52:37Z,novelty-ws-media-cross-entity,async/media
2026-06-19T00:52:59Z,novelty-http-large-post-lifecycle,lifecycle
2026-06-19T00:52:59Z,novelty-http-title-reload-convergence,lifecycle
2026-06-19T00:52:59Z,novelty-http-same-user-stale-draft,lifecycle
2026-06-19T00:52:59Z,novelty-http-persistence-probe,persistence
2026-06-19T00:53:00Z,novelty-ws-parser-serialization,parser
2026-06-19T00:53:02Z,novelty-ws-permissions-auth-locks,auth/locks
2026-06-19T01:00:22Z,novelty-ws-permissions-auth-locks,auth/locks
2026-06-19T01:00:26Z,novelty-ws-long-session-large-doc,lifecycle
2026-06-19T01:00:31Z,novelty-ws-media-cross-entity,async/media
2026-06-19T01:00:50Z,novelty-http-large-post-lifecycle,lifecycle
2026-06-19T01:00:50Z,novelty-http-title-reload-convergence,lifecycle
2026-06-19T01:00:50Z,novelty-http-same-user-stale-draft,lifecycle
2026-06-19T01:00:50Z,novelty-http-persistence-probe,persistence
2026-06-19T01:00:51Z,novelty-ws-parser-serialization,parser
2026-06-19T01:00:53Z,novelty-ws-permissions-auth-locks,auth/locks
2026-06-19T01:06:30Z,novelty-ws-many-user-lifecycle,lifecycle
2026-06-19T01:06:34Z,novelty-ws-thirty-user-lifecycle,lifecycle
2026-06-19T01:06:37Z,novelty-ws-permissions-auth-locks,auth/locks
2026-06-19T01:06:42Z,novelty-ws-long-session-large-doc,lifecycle
2026-06-19T01:06:44Z,novelty-ws-media-cross-entity,async/media
2026-06-19T01:07:02Z,novelty-http-large-post-lifecycle,lifecycle
2026-06-19T01:07:02Z,novelty-http-title-reload-convergence,lifecycle
2026-06-19T01:07:02Z,novelty-http-same-user-stale-draft,lifecycle
2026-06-19T01:07:02Z,novelty-http-persistence-probe,persistence
2026-06-19T01:07:04Z,novelty-ws-parser-serialization,parser
2026-06-19T01:07:05Z,novelty-ws-thirty-user-lifecycle,lifecycle
2026-06-19T01:07:07Z,novelty-ws-permissions-auth-locks,auth/locks
2026-06-19T01:10:13Z,novelty-ws-permissions-auth-locks,auth/locks
2026-06-19T01:10:18Z,novelty-ws-media-cross-entity,async/media
2026-06-19T01:10:40Z,novelty-http-large-post-lifecycle,lifecycle
2026-06-19T01:10:40Z,novelty-http-title-reload-convergence,lifecycle
2026-06-19T01:10:40Z,novelty-http-same-user-stale-draft,lifecycle
2026-06-19T01:10:40Z,novelty-http-persistence-probe,persistence
2026-06-19T01:10:40Z,novelty-ws-parser-serialization,parser
2026-06-19T01:10:41Z,novelty-ws-multi-reload-lifecycle,lifecycle
2026-06-19T01:10:43Z,novelty-ws-permissions-auth-locks,auth/locks
2026-06-19T01:13:52Z,novelty-ws-permissions-auth-locks,auth/locks
2026-06-19T01:13:56Z,novelty-ws-media-cross-entity,async/media
2026-06-19T01:14:23Z,novelty-http-large-post-lifecycle,lifecycle
2026-06-19T01:14:23Z,novelty-http-title-reload-convergence,lifecycle
2026-06-19T01:14:23Z,novelty-http-same-user-stale-draft,lifecycle
2026-06-19T01:14:23Z,novelty-http-table-stale-snapshot,http
2026-06-19T01:14:23Z,novelty-http-existing-post-crdt-metadata,http
2026-06-19T01:14:23Z,novelty-http-persistence-probe,persistence
2026-06-19T01:14:23Z,novelty-ws-parser-serialization,parser
2026-06-19T01:14:25Z,novelty-ws-multi-reload-lifecycle,lifecycle
2026-06-19T01:14:26Z,novelty-ws-permissions-auth-locks,auth/locks
2026-06-19T01:17:37Z,novelty-ws-permissions-auth-locks,auth/locks
2026-06-19T01:17:38Z,novelty-ws-media-cross-entity,async/media
2026-06-19T01:17:59Z,novelty-http-large-post-lifecycle,lifecycle
2026-06-19T01:17:59Z,novelty-http-title-reload-convergence,lifecycle
2026-06-19T01:17:59Z,novelty-http-same-user-stale-draft,lifecycle
2026-06-19T01:17:59Z,novelty-http-persistence-probe,persistence
2026-06-19T01:17:59Z,novelty-ws-parser-serialization,parser
2026-06-19T01:18:01Z,novelty-ws-multi-reload-lifecycle,lifecycle
2026-06-19T01:18:02Z,novelty-ws-permissions-auth-locks,auth/locks
2026-06-19T01:21:17Z,novelty-ws-real-user-editing,real-user
2026-06-19T01:21:18Z,novelty-ws-parser-serialization,parser
2026-06-19T01:21:19Z,novelty-ws-three-user-late-join,lifecycle
2026-06-19T01:24:50Z,novelty-ws-permissions-auth-locks,auth/locks
2026-06-19T01:24:54Z,novelty-ws-media-cross-entity,async/media
2026-06-19T01:25:18Z,novelty-http-large-post-lifecycle,lifecycle
2026-06-19T01:25:18Z,novelty-http-title-reload-convergence,lifecycle
2026-06-19T01:25:18Z,novelty-http-same-user-stale-draft,lifecycle
2026-06-19T01:25:18Z,novelty-http-persistence-probe,persistence
2026-06-19T01:25:18Z,novelty-ws-parser-serialization,parser
2026-06-19T01:25:19Z,novelty-ws-multi-reload-lifecycle,lifecycle
2026-06-19T01:25:20Z,novelty-ws-permissions-auth-locks,auth/locks
2026-06-19T01:28:36Z,novelty-ws-permissions-auth-locks,auth/locks
2026-06-19T01:28:37Z,novelty-ws-media-cross-entity,async/media
2026-06-19T01:29:06Z,novelty-http-large-post-lifecycle,lifecycle
2026-06-19T01:29:06Z,novelty-http-title-reload-convergence,lifecycle
2026-06-19T01:29:06Z,novelty-http-same-user-stale-draft,lifecycle
2026-06-19T01:29:06Z,novelty-http-table-stale-snapshot,http
2026-06-19T01:29:06Z,novelty-http-persistence-probe,persistence
2026-06-19T01:29:06Z,novelty-ws-parser-serialization,parser
2026-06-19T01:29:07Z,novelty-ws-multi-reload-lifecycle,lifecycle
2026-06-19T01:29:09Z,novelty-ws-permissions-auth-locks,auth/locks
2026-06-19T01:32:47Z,novelty-ws-real-user-editing,real-user
2026-06-19T01:32:48Z,novelty-ws-parser-serialization,parser
2026-06-19T01:32:49Z,novelty-ws-three-user-late-join,lifecycle
2026-06-19T01:36:31Z,novelty-ws-permissions-auth-locks,auth/locks
2026-06-19T01:36:35Z,novelty-ws-media-cross-entity,async/media
2026-06-19T01:36:58Z,novelty-http-large-post-lifecycle,lifecycle
2026-06-19T01:36:58Z,novelty-http-title-reload-convergence,lifecycle
2026-06-19T01:36:58Z,novelty-http-same-user-stale-draft,lifecycle
2026-06-19T01:36:58Z,novelty-ws-parser-serialization,parser
2026-06-19T01:36:58Z,novelty-ws-multi-reload-lifecycle,lifecycle
2026-06-19T01:37:00Z,novelty-ws-collaboration-ui-signals,other
2026-06-19T01:37:01Z,novelty-ws-permissions-auth-locks,auth/locks
2026-06-19T01:40:29Z,novelty-ws-permissions-auth-locks,auth/locks
2026-06-19T01:40:31Z,novelty-ws-media-cross-entity,async/media
2026-06-19T01:40:54Z,novelty-http-large-post-lifecycle,lifecycle
2026-06-19T01:40:54Z,novelty-http-title-reload-convergence,lifecycle
2026-06-19T01:40:54Z,novelty-http-same-user-stale-draft,lifecycle
2026-06-19T01:40:54Z,novelty-http-table-stale-snapshot,http
2026-06-19T01:40:54Z,novelty-ws-parser-serialization,parser
2026-06-19T01:40:54Z,novelty-ws-multi-reload-lifecycle,lifecycle
2026-06-19T01:40:55Z,novelty-ws-collaboration-ui-signals,other
2026-06-19T01:40:57Z,novelty-ws-permissions-auth-locks,auth/locks
2026-06-19T01:44:33Z,novelty-ws-permissions-auth-locks,auth/locks
2026-06-19T01:44:35Z,novelty-ws-media-cross-entity,async/media
2026-06-19T01:45:06Z,novelty-http-large-post-lifecycle,lifecycle
2026-06-19T01:45:06Z,novelty-http-title-reload-convergence,lifecycle
2026-06-19T01:45:06Z,novelty-http-same-user-stale-draft,lifecycle
2026-06-19T01:45:06Z,novelty-http-table-stale-snapshot,http
2026-06-19T01:45:06Z,novelty-http-existing-post-crdt-metadata,http
2026-06-19T01:45:06Z,novelty-ws-parser-serialization,parser
2026-06-19T01:45:06Z,novelty-ws-multi-reload-lifecycle,lifecycle
2026-06-19T01:45:08Z,novelty-ws-collaboration-ui-signals,other
2026-06-19T01:45:09Z,novelty-ws-permissions-auth-locks,auth/locks
2026-06-19T01:48:49Z,novelty-ws-permissions-auth-locks,auth/locks
2026-06-19T01:48:51Z,novelty-ws-media-cross-entity,async/media
2026-06-19T01:49:30Z,novelty-http-large-post-lifecycle,lifecycle
2026-06-19T01:49:30Z,novelty-http-title-reload-convergence,lifecycle
2026-06-19T01:49:30Z,novelty-http-same-user-stale-draft,lifecycle
2026-06-19T01:49:30Z,novelty-http-table-stale-snapshot,http
2026-06-19T01:49:30Z,novelty-http-existing-post-crdt-metadata,http
2026-06-19T01:49:30Z,novelty-ws-parser-serialization,parser
2026-06-19T01:49:30Z,novelty-ws-multi-reload-lifecycle,lifecycle
2026-06-19T01:49:30Z,novelty-ws-collaboration-ui-signals,other
2026-06-19T01:49:31Z,novelty-http-large-post-lifecycle-completion,lifecycle
2026-06-19T01:49:33Z,novelty-ws-permissions-auth-locks,auth/locks
2026-06-19T01:53:12Z,novelty-ws-permissions-auth-locks,auth/locks
2026-06-19T01:53:13Z,novelty-ws-media-cross-entity,async/media
2026-06-19T01:53:39Z,novelty-http-large-post-lifecycle,lifecycle
2026-06-19T01:53:39Z,novelty-http-title-reload-convergence,lifecycle
2026-06-19T01:53:39Z,novelty-http-same-user-stale-draft,lifecycle
2026-06-19T01:53:39Z,novelty-http-table-stale-snapshot,http
2026-06-19T01:53:39Z,novelty-ws-parser-serialization,parser
2026-06-19T01:53:39Z,novelty-ws-multi-reload-lifecycle,lifecycle
2026-06-19T01:53:41Z,novelty-ws-collaboration-ui-signals,other
2026-06-19T01:53:42Z,novelty-ws-permissions-auth-locks,auth/locks
2026-06-19T01:57:21Z,novelty-ws-permissions-auth-locks,auth/locks
2026-06-19T01:57:23Z,novelty-ws-media-cross-entity,async/media
2026-06-19T01:57:45Z,novelty-http-large-post-lifecycle,lifecycle
2026-06-19T01:57:45Z,novelty-http-same-user-stale-draft,lifecycle
2026-06-19T01:57:45Z,novelty-http-table-stale-snapshot,http
2026-06-19T01:57:45Z,novelty-ws-parser-serialization,parser
2026-06-19T01:57:45Z,novelty-ws-multi-reload-lifecycle,lifecycle
2026-06-19T01:57:47Z,novelty-ws-collaboration-ui-signals,other
2026-06-19T01:57:49Z,novelty-ws-permissions-auth-locks,auth/locks
2026-06-19T02:01:35Z,novelty-ws-permissions-auth-locks,auth/locks
2026-06-19T02:01:37Z,novelty-ws-media-cross-entity,async/media
2026-06-19T02:02:02Z,novelty-http-large-post-lifecycle,lifecycle
2026-06-19T02:02:02Z,novelty-http-title-reload-convergence,lifecycle
2026-06-19T02:02:02Z,novelty-http-same-user-stale-draft,lifecycle
2026-06-19T02:02:02Z,novelty-http-table-stale-snapshot,http
2026-06-19T02:02:02Z,novelty-ws-parser-serialization,parser
2026-06-19T02:02:02Z,novelty-ws-multi-reload-lifecycle,lifecycle
2026-06-19T02:02:03Z,novelty-ws-collaboration-ui-signals,other
2026-06-19T02:02:05Z,novelty-ws-permissions-auth-locks,auth/locks
2026-06-19T02:05:56Z,novelty-ws-permissions-auth-locks,auth/locks
2026-06-19T02:05:57Z,novelty-ws-media-cross-entity,async/media
2026-06-19T02:06:29Z,novelty-http-large-post-lifecycle,lifecycle
2026-06-19T02:06:29Z,novelty-http-title-reload-convergence,lifecycle
2026-06-19T02:06:30Z,novelty-http-same-user-stale-draft,lifecycle
2026-06-19T02:06:30Z,novelty-http-table-stale-snapshot,http
2026-06-19T02:06:30Z,novelty-http-existing-post-crdt-metadata,http
2026-06-19T02:06:30Z,novelty-ws-parser-serialization,parser
2026-06-19T02:06:30Z,novelty-ws-multi-reload-lifecycle,lifecycle
2026-06-19T02:06:30Z,novelty-ws-collaboration-ui-signals,other
2026-06-19T02:06:32Z,novelty-http-large-post-lifecycle-completion,lifecycle
2026-06-19T02:06:34Z,novelty-ws-permissions-auth-locks,auth/locks
2026-06-19T02:10:17Z,novelty-ws-permissions-auth-locks,auth/locks
2026-06-19T02:10:18Z,novelty-ws-media-cross-entity,async/media
2026-06-19T02:10:43Z,novelty-http-large-post-lifecycle,lifecycle
2026-06-19T02:10:43Z,novelty-http-same-user-stale-draft,lifecycle
2026-06-19T02:10:43Z,novelty-http-table-stale-snapshot,http
2026-06-19T02:10:43Z,novelty-ws-parser-serialization,parser
2026-06-19T02:10:43Z,novelty-ws-multi-reload-lifecycle,lifecycle
2026-06-19T02:10:44Z,novelty-ws-collaboration-ui-signals,other
2026-06-19T02:10:46Z,novelty-ws-permissions-auth-locks,auth/locks
2026-06-19T02:14:33Z,novelty-ws-permissions-auth-locks,auth/locks
2026-06-19T02:14:35Z,novelty-ws-media-cross-entity,async/media
2026-06-19T02:14:53Z,novelty-http-large-post-lifecycle,lifecycle
2026-06-19T02:14:53Z,novelty-http-title-reload-convergence,lifecycle
2026-06-19T02:14:53Z,novelty-http-table-stale-snapshot,http
2026-06-19T02:14:53Z,novelty-ws-parser-serialization,parser
2026-06-19T02:14:53Z,novelty-ws-collaboration-ui-signals,other
2026-06-19T02:14:55Z,novelty-ws-long-session-large-doc,lifecycle
2026-06-19T02:18:44Z,novelty-ws-permissions-auth-locks,auth/locks
2026-06-19T02:18:45Z,novelty-ws-long-session-large-doc,lifecycle
2026-06-19T02:18:46Z,novelty-ws-media-cross-entity,async/media
2026-06-19T02:19:11Z,novelty-http-large-post-lifecycle,lifecycle
2026-06-19T02:19:11Z,novelty-http-title-reload-convergence,lifecycle
2026-06-19T02:19:11Z,novelty-http-same-user-stale-draft,lifecycle
2026-06-19T02:19:11Z,novelty-http-table-stale-snapshot,http
2026-06-19T02:19:11Z,novelty-http-existing-post-crdt-metadata,http
2026-06-19T02:19:11Z,novelty-ws-parser-serialization,parser
2026-06-19T02:19:13Z,novelty-ws-collaboration-ui-signals,other
2026-06-19T02:19:14Z,novelty-ws-thirty-user-lifecycle,lifecycle
2026-06-19T02:19:16Z,novelty-ws-permissions-auth-locks,auth/locks
2026-06-19T02:23:07Z,novelty-ws-permissions-auth-locks,auth/locks
2026-06-19T02:23:08Z,novelty-ws-media-cross-entity,async/media
2026-06-19T02:23:29Z,novelty-http-large-post-lifecycle,lifecycle
2026-06-19T02:23:29Z,novelty-http-same-user-stale-draft,lifecycle
2026-06-19T02:23:29Z,novelty-http-table-stale-snapshot,http
2026-06-19T02:23:29Z,novelty-http-existing-post-crdt-metadata,http
2026-06-19T02:23:29Z,novelty-ws-parser-serialization,parser
2026-06-19T02:23:29Z,novelty-ws-collaboration-ui-signals,other
2026-06-19T02:23:30Z,novelty-ws-long-session-large-doc,lifecycle
2026-06-19T02:27:28Z,novelty-ws-permissions-auth-locks,auth/locks
2026-06-19T02:27:30Z,novelty-ws-long-session-large-doc,lifecycle
2026-06-19T02:27:31Z,novelty-ws-media-cross-entity,async/media
2026-06-19T02:28:02Z,novelty-http-large-post-lifecycle,lifecycle
2026-06-19T02:28:02Z,novelty-http-title-reload-convergence,lifecycle
2026-06-19T02:28:02Z,novelty-http-same-user-stale-draft,lifecycle
2026-06-19T02:28:02Z,novelty-http-table-stale-snapshot,http
2026-06-19T02:28:02Z,novelty-http-existing-post-crdt-metadata,http
2026-06-19T02:28:02Z,novelty-ws-parser-serialization,parser
2026-06-19T02:28:02Z,novelty-ws-collaboration-ui-signals,other
2026-06-19T02:28:04Z,novelty-http-large-post-lifecycle-completion,lifecycle
2026-06-19T02:28:05Z,novelty-ws-thirty-user-lifecycle,lifecycle
2026-06-19T02:28:07Z,novelty-ws-permissions-auth-locks,auth/locks
2026-06-19T02:32:06Z,novelty-ws-permissions-auth-locks,auth/locks
2026-06-19T02:32:08Z,novelty-ws-media-cross-entity,async/media
2026-06-19T02:32:38Z,novelty-http-large-post-lifecycle,lifecycle
2026-06-19T02:32:38Z,novelty-http-title-reload-convergence,lifecycle
2026-06-19T02:32:38Z,novelty-http-table-stale-snapshot,http
2026-06-19T02:32:38Z,novelty-http-existing-post-crdt-metadata,http
2026-06-19T02:32:38Z,novelty-ws-parser-serialization,parser
2026-06-19T02:32:38Z,novelty-ws-collaboration-ui-signals,other
2026-06-19T02:32:40Z,novelty-ws-long-session-large-doc,lifecycle
2026-06-19T02:36:43Z,novelty-ws-permissions-auth-locks,auth/locks
2026-06-19T02:36:45Z,novelty-ws-long-session-large-doc,lifecycle
2026-06-19T02:36:48Z,novelty-ws-media-cross-entity,async/media
2026-06-19T02:37:14Z,novelty-http-large-post-lifecycle,lifecycle
2026-06-19T02:37:14Z,novelty-http-title-reload-convergence,lifecycle
2026-06-19T02:37:14Z,novelty-http-same-user-stale-draft,lifecycle
2026-06-19T02:37:14Z,novelty-http-table-stale-snapshot,http
2026-06-19T02:37:14Z,novelty-http-existing-post-crdt-metadata,http
2026-06-19T02:37:14Z,novelty-ws-parser-serialization,parser
2026-06-19T02:37:16Z,novelty-ws-collaboration-ui-signals,other
2026-06-19T02:37:18Z,novelty-ws-thirty-user-lifecycle,lifecycle
2026-06-19T02:37:20Z,novelty-ws-permissions-auth-locks,auth/locks
2026-06-19T02:41:26Z,novelty-ws-permissions-auth-locks,auth/locks
2026-06-19T02:41:28Z,novelty-ws-media-cross-entity,async/media
2026-06-19T02:41:56Z,novelty-http-large-post-lifecycle,lifecycle
2026-06-19T02:41:56Z,novelty-http-title-reload-convergence,lifecycle
2026-06-19T02:41:56Z,novelty-http-same-user-stale-draft,lifecycle
2026-06-19T02:41:56Z,novelty-http-table-stale-snapshot,http
2026-06-19T02:41:56Z,novelty-http-existing-post-crdt-metadata,http
2026-06-19T02:41:56Z,novelty-ws-parser-serialization,parser
2026-06-19T02:41:56Z,novelty-ws-collaboration-ui-signals,other
2026-06-19T02:41:56Z,novelty-http-large-post-lifecycle-completion,lifecycle
2026-06-19T02:41:58Z,novelty-ws-long-session-large-doc,lifecycle
2026-06-19T02:46:07Z,novelty-ws-permissions-auth-locks,auth/locks
2026-06-19T02:46:09Z,novelty-ws-long-session-large-doc,lifecycle
2026-06-19T02:46:11Z,novelty-ws-media-cross-entity,async/media
2026-06-19T02:46:41Z,novelty-http-large-post-lifecycle,lifecycle
2026-06-19T02:46:41Z,novelty-http-title-reload-convergence,lifecycle
2026-06-19T02:46:41Z,novelty-http-same-user-stale-draft,lifecycle
2026-06-19T02:46:41Z,novelty-http-table-stale-snapshot,http
2026-06-19T02:46:41Z,novelty-http-existing-post-crdt-metadata,http
2026-06-19T02:46:41Z,novelty-ws-parser-serialization,parser
2026-06-19T02:46:41Z,novelty-ws-collaboration-ui-signals,other
2026-06-19T02:46:43Z,novelty-http-large-post-lifecycle-completion,lifecycle
2026-06-19T02:46:44Z,novelty-ws-thirty-user-lifecycle,lifecycle
2026-06-19T02:46:46Z,novelty-ws-permissions-auth-locks,auth/locks
2026-06-19T02:50:54Z,novelty-ws-permissions-auth-locks,auth/locks
2026-06-19T02:50:56Z,novelty-ws-media-cross-entity,async/media
2026-06-19T02:51:24Z,novelty-http-large-post-lifecycle,lifecycle
2026-06-19T02:51:24Z,novelty-http-title-reload-convergence,lifecycle
2026-06-19T02:51:24Z,novelty-http-same-user-stale-draft,lifecycle
2026-06-19T02:51:24Z,novelty-http-table-stale-snapshot,http
2026-06-19T02:51:24Z,novelty-http-existing-post-crdt-metadata,http
2026-06-19T02:51:24Z,novelty-ws-parser-serialization,parser
2026-06-19T02:51:24Z,novelty-ws-collaboration-ui-signals,other
2026-06-19T02:51:24Z,novelty-http-large-post-lifecycle-completion,lifecycle
2026-06-19T02:51:26Z,novelty-ws-long-session-large-doc,lifecycle
2026-06-19T02:55:36Z,novelty-ws-permissions-auth-locks,auth/locks
2026-06-19T02:55:39Z,novelty-ws-long-session-large-doc,lifecycle
2026-06-19T02:55:44Z,novelty-ws-media-cross-entity,async/media
2026-06-19T02:56:20Z,novelty-http-large-post-lifecycle,lifecycle
2026-06-19T02:56:20Z,novelty-http-title-reload-convergence,lifecycle
2026-06-19T02:56:20Z,novelty-http-same-user-stale-draft,lifecycle
2026-06-19T02:56:20Z,novelty-http-table-stale-snapshot,http
2026-06-19T02:56:20Z,novelty-http-existing-post-crdt-metadata,http
2026-06-19T02:56:20Z,novelty-ws-parser-serialization,parser
2026-06-19T02:56:20Z,novelty-ws-collaboration-ui-signals,other
2026-06-19T02:56:21Z,novelty-http-large-post-lifecycle-completion,lifecycle
2026-06-19T02:56:23Z,novelty-ws-thirty-user-lifecycle,lifecycle
2026-06-19T02:56:24Z,novelty-ws-permissions-auth-locks,auth/locks
2026-06-19T03:00:29Z,novelty-ws-permissions-auth-locks,auth/locks
2026-06-19T03:00:31Z,novelty-ws-media-cross-entity,async/media
2026-06-19T03:01:08Z,novelty-http-large-post-lifecycle,lifecycle
2026-06-19T03:01:08Z,novelty-http-title-reload-convergence,lifecycle
2026-06-19T03:01:08Z,novelty-http-same-user-stale-draft,lifecycle
2026-06-19T03:01:08Z,novelty-http-table-stale-snapshot,http
2026-06-19T03:01:08Z,novelty-http-existing-post-crdt-metadata,http
2026-06-19T03:01:08Z,novelty-ws-parser-serialization,parser
2026-06-19T03:01:08Z,novelty-ws-collaboration-ui-signals,other
2026-06-19T03:01:09Z,novelty-ws-long-session-large-doc,lifecycle
2026-06-19T03:05:16Z,novelty-ws-permissions-auth-locks,auth/locks
2026-06-19T03:05:18Z,novelty-ws-long-session-large-doc,lifecycle
2026-06-19T03:05:20Z,novelty-ws-media-cross-entity,async/media
2026-06-19T03:05:44Z,novelty-http-large-post-lifecycle,lifecycle
2026-06-19T03:05:44Z,novelty-http-title-reload-convergence,lifecycle
2026-06-19T03:05:44Z,novelty-http-same-user-stale-draft,lifecycle
2026-06-19T03:05:44Z,novelty-http-table-stale-snapshot,http
2026-06-19T03:05:44Z,novelty-http-existing-post-crdt-metadata,http
2026-06-19T03:05:44Z,novelty-ws-parser-serialization,parser
2026-06-19T03:05:44Z,novelty-ws-collaboration-ui-signals,other
2026-06-19T03:05:46Z,novelty-http-large-post-lifecycle-completion,lifecycle
2026-06-19T03:05:47Z,novelty-ws-thirty-user-lifecycle,lifecycle
2026-06-19T03:05:49Z,novelty-ws-permissions-auth-locks,auth/locks
2026-06-19T03:10:10Z,novelty-ws-permissions-auth-locks,auth/locks
2026-06-19T03:10:12Z,novelty-ws-media-cross-entity,async/media
2026-06-19T03:10:39Z,novelty-http-large-post-lifecycle,lifecycle
2026-06-19T03:10:39Z,novelty-http-title-reload-convergence,lifecycle
2026-06-19T03:10:39Z,novelty-http-same-user-stale-draft,lifecycle
2026-06-19T03:10:39Z,novelty-http-table-stale-snapshot,http
2026-06-19T03:10:39Z,novelty-http-existing-post-crdt-metadata,http
2026-06-19T03:10:39Z,novelty-ws-collaboration-ui-signals,other
2026-06-19T03:10:43Z,novelty-ws-long-session-large-doc,lifecycle
2026-06-19T03:15:12Z,novelty-ws-long-session-large-doc,lifecycle
2026-06-19T03:15:39Z,novelty-http-large-post-lifecycle,lifecycle
2026-06-19T03:15:39Z,novelty-http-title-reload-convergence,lifecycle
2026-06-19T03:15:39Z,novelty-http-same-user-stale-draft,lifecycle
2026-06-19T03:15:39Z,novelty-ws-parser-serialization,parser
2026-06-19T03:15:39Z,novelty-ws-collaboration-ui-signals,other
2026-06-19T03:15:39Z,novelty-http-persistence-probe,persistence
2026-06-19T03:15:40Z,novelty-ws-thirty-user-lifecycle,lifecycle
2026-06-19T03:15:42Z,novelty-ws-long-session-large-doc,lifecycle
2026-06-19T03:20:01Z,novelty-ws-long-session-large-doc,lifecycle
2026-06-19T03:20:30Z,novelty-http-large-post-lifecycle,lifecycle
2026-06-19T03:20:30Z,novelty-http-title-reload-convergence,lifecycle
2026-06-19T03:20:30Z,novelty-http-same-user-stale-draft,lifecycle
2026-06-19T03:20:30Z,novelty-ws-parser-serialization,parser
2026-06-19T03:20:30Z,novelty-ws-collaboration-ui-signals,other
2026-06-19T03:20:30Z,novelty-http-persistence-probe,persistence
2026-06-19T03:20:31Z,novelty-ws-thirty-user-lifecycle,lifecycle
2026-06-19T03:20:33Z,novelty-ws-long-session-large-doc,lifecycle
2026-06-19T03:24:50Z,novelty-ws-long-session-large-doc,lifecycle
2026-06-19T03:25:34Z,novelty-http-large-post-lifecycle,lifecycle
2026-06-19T03:25:34Z,novelty-http-title-reload-convergence,lifecycle
2026-06-19T03:25:34Z,novelty-http-same-user-stale-draft,lifecycle
2026-06-19T03:25:34Z,novelty-http-table-stale-snapshot,http
2026-06-19T03:25:34Z,novelty-http-existing-post-crdt-metadata,http
2026-06-19T03:25:34Z,novelty-ws-parser-serialization,parser
2026-06-19T03:25:34Z,novelty-ws-collaboration-ui-signals,other
2026-06-19T03:25:34Z,novelty-http-large-post-lifecycle-completion,lifecycle
2026-06-19T03:25:34Z,novelty-http-persistence-probe,persistence
2026-06-19T03:25:35Z,novelty-ws-thirty-user-lifecycle,lifecycle
2026-06-19T03:25:37Z,novelty-ws-long-session-large-doc,lifecycle
2026-06-19T03:30:34Z,novelty-http-large-post-lifecycle,lifecycle
2026-06-19T03:30:34Z,novelty-http-title-reload-convergence,lifecycle
2026-06-19T03:30:34Z,novelty-http-same-user-stale-draft,lifecycle
2026-06-19T03:30:34Z,novelty-http-table-stale-snapshot,http
2026-06-19T03:30:34Z,novelty-ws-parser-serialization,parser
2026-06-19T03:30:34Z,novelty-ws-collaboration-ui-signals,other
2026-06-19T03:30:34Z,novelty-http-persistence-probe,persistence
2026-06-19T03:30:36Z,novelty-ws-thirty-user-lifecycle,lifecycle
2026-06-19T03:30:37Z,novelty-ws-long-session-large-doc,lifecycle
2026-06-19T03:35:38Z,novelty-http-large-post-lifecycle,lifecycle
2026-06-19T03:35:38Z,novelty-http-title-reload-convergence,lifecycle
2026-06-19T03:35:38Z,novelty-http-same-user-stale-draft,lifecycle
2026-06-19T03:35:38Z,novelty-http-table-stale-snapshot,http
2026-06-19T03:35:38Z,novelty-ws-collaboration-ui-signals,other
2026-06-19T03:35:38Z,novelty-http-persistence-probe,persistence
2026-06-19T03:35:38Z,novelty-ws-multi-reload-lifecycle,lifecycle
2026-06-19T03:35:39Z,novelty-ws-thirty-user-lifecycle,lifecycle
2026-06-19T03:40:59Z,novelty-http-large-post-lifecycle,lifecycle
2026-06-19T03:40:59Z,novelty-http-title-reload-convergence,lifecycle
2026-06-19T03:40:59Z,novelty-http-same-user-stale-draft,lifecycle
2026-06-19T03:40:59Z,novelty-http-table-stale-snapshot,http
2026-06-19T03:40:59Z,novelty-http-existing-post-crdt-metadata,http
2026-06-19T03:40:59Z,novelty-ws-collaboration-ui-signals,other
2026-06-19T03:40:59Z,novelty-http-large-post-lifecycle-completion,lifecycle
2026-06-19T03:40:59Z,novelty-http-persistence-probe,persistence
2026-06-19T03:40:59Z,novelty-ws-thirty-user-lifecycle,lifecycle
2026-06-19T03:40:59Z,novelty-ws-long-session-large-doc,lifecycle
2026-06-19T03:46:11Z,novelty-http-large-post-lifecycle,lifecycle
2026-06-19T03:46:11Z,novelty-http-title-reload-convergence,lifecycle
2026-06-19T03:46:11Z,novelty-http-same-user-stale-draft,lifecycle
2026-06-19T03:46:11Z,novelty-http-table-stale-snapshot,http
2026-06-19T03:46:11Z,novelty-http-existing-post-crdt-metadata,http
2026-06-19T03:46:11Z,novelty-ws-collaboration-ui-signals,other
2026-06-19T03:46:11Z,novelty-http-large-post-lifecycle-completion,lifecycle
2026-06-19T03:46:11Z,novelty-http-persistence-probe,persistence
2026-06-19T03:46:11Z,novelty-ws-thirty-user-lifecycle,lifecycle
2026-06-19T03:51:14Z,novelty-http-large-post-lifecycle,lifecycle
2026-06-19T03:51:14Z,novelty-http-title-reload-convergence,lifecycle
2026-06-19T03:51:14Z,novelty-http-same-user-stale-draft,lifecycle
2026-06-19T03:51:14Z,novelty-http-table-stale-snapshot,http
2026-06-19T03:51:14Z,novelty-ws-collaboration-ui-signals,other
2026-06-19T03:51:14Z,novelty-http-persistence-probe,persistence
2026-06-19T03:51:14Z,novelty-ws-multi-reload-lifecycle,lifecycle
2026-06-19T03:51:16Z,novelty-ws-thirty-user-lifecycle,lifecycle
2026-06-19T03:56:18Z,novelty-http-large-post-lifecycle,lifecycle
2026-06-19T03:56:18Z,novelty-http-title-reload-convergence,lifecycle
2026-06-19T03:56:18Z,novelty-http-same-user-stale-draft,lifecycle
2026-06-19T03:56:18Z,novelty-http-table-stale-snapshot,http
2026-06-19T03:56:18Z,novelty-ws-collaboration-ui-signals,other
2026-06-19T03:56:18Z,novelty-http-persistence-probe,persistence
2026-06-19T03:56:18Z,novelty-ws-multi-reload-lifecycle,lifecycle
2026-06-19T03:56:18Z,novelty-ws-thirty-user-lifecycle,lifecycle
2026-06-19T04:01:28Z,novelty-http-large-post-lifecycle,lifecycle
2026-06-19T04:01:28Z,novelty-http-title-reload-convergence,lifecycle
2026-06-19T04:01:28Z,novelty-http-same-user-stale-draft,lifecycle
2026-06-19T04:01:28Z,novelty-http-table-stale-snapshot,http
2026-06-19T04:01:28Z,novelty-ws-collaboration-ui-signals,other
2026-06-19T04:01:28Z,novelty-http-persistence-probe,persistence
2026-06-19T04:01:28Z,novelty-ws-multi-reload-lifecycle,lifecycle
2026-06-19T04:01:28Z,novelty-ws-thirty-user-lifecycle,lifecycle
2026-06-19T04:06:50Z,novelty-http-large-post-lifecycle,lifecycle
2026-06-19T04:06:50Z,novelty-http-title-reload-convergence,lifecycle
2026-06-19T04:06:50Z,novelty-http-same-user-stale-draft,lifecycle
2026-06-19T04:06:50Z,novelty-http-table-stale-snapshot,http
2026-06-19T04:06:50Z,novelty-http-existing-post-crdt-metadata,http
2026-06-19T04:06:50Z,novelty-ws-collaboration-ui-signals,other
2026-06-19T04:06:50Z,novelty-http-large-post-lifecycle-completion,lifecycle
2026-06-19T04:06:50Z,novelty-http-persistence-probe,persistence
2026-06-19T04:06:50Z,novelty-ws-multi-reload-lifecycle,lifecycle
2026-06-19T04:06:50Z,novelty-ws-thirty-user-lifecycle,lifecycle
2026-06-19T04:12:14Z,novelty-http-large-post-lifecycle,lifecycle
2026-06-19T04:12:14Z,novelty-http-title-reload-convergence,lifecycle
2026-06-19T04:12:14Z,novelty-http-same-user-stale-draft,lifecycle
2026-06-19T04:12:14Z,novelty-http-table-stale-snapshot,http
2026-06-19T04:12:14Z,novelty-http-existing-post-crdt-metadata,http
2026-06-19T04:12:14Z,novelty-ws-collaboration-ui-signals,other
2026-06-19T04:12:14Z,novelty-http-large-post-lifecycle-completion,lifecycle
2026-06-19T04:12:14Z,novelty-http-persistence-probe,persistence
2026-06-19T04:12:14Z,novelty-ws-multi-reload-lifecycle,lifecycle
2026-06-19T04:12:14Z,novelty-ws-thirty-user-lifecycle,lifecycle
2026-06-19T04:17:38Z,novelty-http-large-post-lifecycle,lifecycle
2026-06-19T04:17:38Z,novelty-http-title-reload-convergence,lifecycle
2026-06-19T04:17:38Z,novelty-http-same-user-stale-draft,lifecycle
2026-06-19T04:17:38Z,novelty-http-table-stale-snapshot,http
2026-06-19T04:17:38Z,novelty-ws-collaboration-ui-signals,other
2026-06-19T04:17:38Z,novelty-http-persistence-probe,persistence
2026-06-19T04:17:38Z,novelty-ws-multi-reload-lifecycle,lifecycle
2026-06-19T04:17:38Z,novelty-ws-thirty-user-lifecycle,lifecycle
2026-06-19T04:23:15Z,novelty-http-large-post-lifecycle,lifecycle
2026-06-19T04:23:15Z,novelty-http-title-reload-convergence,lifecycle
2026-06-19T04:23:15Z,novelty-http-same-user-stale-draft,lifecycle
2026-06-19T04:23:15Z,novelty-http-table-stale-snapshot,http
2026-06-19T04:23:15Z,novelty-http-existing-post-crdt-metadata,http
2026-06-19T04:23:15Z,novelty-ws-collaboration-ui-signals,other
2026-06-19T04:23:15Z,novelty-http-large-post-lifecycle-completion,lifecycle
2026-06-19T04:23:15Z,novelty-http-persistence-probe,persistence
2026-06-19T04:23:15Z,novelty-ws-multi-reload-lifecycle,lifecycle
2026-06-19T04:23:15Z,novelty-ws-thirty-user-lifecycle,lifecycle
2026-06-19T04:28:42Z,novelty-http-large-post-lifecycle,lifecycle
2026-06-19T04:28:42Z,novelty-http-title-reload-convergence,lifecycle
2026-06-19T04:28:42Z,novelty-http-same-user-stale-draft,lifecycle
2026-06-19T04:28:42Z,novelty-http-table-stale-snapshot,http
2026-06-19T04:28:42Z,novelty-ws-collaboration-ui-signals,other
2026-06-19T04:28:42Z,novelty-http-persistence-probe,persistence
2026-06-19T04:28:42Z,novelty-ws-multi-reload-lifecycle,lifecycle
2026-06-19T04:28:42Z,novelty-ws-thirty-user-lifecycle,lifecycle
2026-06-19T04:34:17Z,novelty-http-large-post-lifecycle,lifecycle
2026-06-19T04:34:17Z,novelty-http-title-reload-convergence,lifecycle
2026-06-19T04:34:17Z,novelty-http-same-user-stale-draft,lifecycle
2026-06-19T04:34:17Z,novelty-http-table-stale-snapshot,http
2026-06-19T04:34:17Z,novelty-ws-collaboration-ui-signals,other
2026-06-19T04:34:17Z,novelty-http-persistence-probe,persistence
2026-06-19T04:34:17Z,novelty-ws-multi-reload-lifecycle,lifecycle
2026-06-19T04:34:17Z,novelty-ws-thirty-user-lifecycle,lifecycle
2026-06-19T04:39:50Z,novelty-http-large-post-lifecycle,lifecycle
2026-06-19T04:39:50Z,novelty-http-title-reload-convergence,lifecycle
2026-06-19T04:39:50Z,novelty-http-same-user-stale-draft,lifecycle
2026-06-19T04:39:50Z,novelty-http-table-stale-snapshot,http
2026-06-19T04:39:50Z,novelty-ws-collaboration-ui-signals,other
2026-06-19T04:39:50Z,novelty-http-persistence-probe,persistence
2026-06-19T04:39:50Z,novelty-ws-multi-reload-lifecycle,lifecycle
2026-06-19T04:39:50Z,novelty-ws-thirty-user-lifecycle,lifecycle
2026-06-19T04:45:25Z,novelty-http-large-post-lifecycle,lifecycle
2026-06-19T04:45:25Z,novelty-http-title-reload-convergence,lifecycle
2026-06-19T04:45:25Z,novelty-http-same-user-stale-draft,lifecycle
2026-06-19T04:45:25Z,novelty-http-table-stale-snapshot,http
2026-06-19T04:45:25Z,novelty-ws-collaboration-ui-signals,other
2026-06-19T04:45:25Z,novelty-http-persistence-probe,persistence
2026-06-19T04:45:25Z,novelty-ws-multi-reload-lifecycle,lifecycle
2026-06-19T04:45:25Z,novelty-ws-thirty-user-lifecycle,lifecycle
2026-06-19T04:51:09Z,novelty-http-large-post-lifecycle,lifecycle
2026-06-19T04:51:09Z,novelty-http-title-reload-convergence,lifecycle
2026-06-19T04:51:09Z,novelty-http-same-user-stale-draft,lifecycle
2026-06-19T04:51:09Z,novelty-http-table-stale-snapshot,http
2026-06-19T04:51:09Z,novelty-http-existing-post-crdt-metadata,http
2026-06-19T04:51:09Z,novelty-ws-collaboration-ui-signals,other
2026-06-19T04:51:09Z,novelty-http-large-post-lifecycle-completion,lifecycle
2026-06-19T04:51:09Z,novelty-http-persistence-probe,persistence
2026-06-19T04:51:09Z,novelty-ws-multi-reload-lifecycle,lifecycle
2026-06-19T04:51:09Z,novelty-ws-thirty-user-lifecycle,lifecycle
2026-06-19T04:56:51Z,novelty-http-large-post-lifecycle,lifecycle
2026-06-19T04:56:51Z,novelty-http-title-reload-convergence,lifecycle
2026-06-19T04:56:51Z,novelty-http-same-user-stale-draft,lifecycle
2026-06-19T04:56:51Z,novelty-http-table-stale-snapshot,http
2026-06-19T04:56:51Z,novelty-http-existing-post-crdt-metadata,http
2026-06-19T04:56:51Z,novelty-ws-collaboration-ui-signals,other
2026-06-19T04:56:51Z,novelty-http-large-post-lifecycle-completion,lifecycle
2026-06-19T04:56:51Z,novelty-http-persistence-probe,persistence
2026-06-19T04:56:51Z,novelty-ws-multi-reload-lifecycle,lifecycle
2026-06-19T04:56:51Z,novelty-ws-thirty-user-lifecycle,lifecycle
2026-06-19T05:02:31Z,novelty-http-large-post-lifecycle,lifecycle
2026-06-19T05:02:31Z,novelty-http-title-reload-convergence,lifecycle
2026-06-19T05:02:31Z,novelty-http-same-user-stale-draft,lifecycle
2026-06-19T05:02:31Z,novelty-http-table-stale-snapshot,http
2026-06-19T05:02:31Z,novelty-ws-collaboration-ui-signals,other
2026-06-19T05:02:31Z,novelty-http-persistence-probe,persistence
2026-06-19T05:02:31Z,novelty-ws-multi-reload-lifecycle,lifecycle
2026-06-19T05:02:31Z,novelty-ws-thirty-user-lifecycle,lifecycle
2026-06-19T05:08:20Z,novelty-http-large-post-lifecycle,lifecycle
2026-06-19T05:08:20Z,novelty-http-title-reload-convergence,lifecycle
2026-06-19T05:08:20Z,novelty-http-same-user-stale-draft,lifecycle
2026-06-19T05:08:20Z,novelty-http-table-stale-snapshot,http
2026-06-19T05:08:20Z,novelty-ws-collaboration-ui-signals,other
2026-06-19T05:08:20Z,novelty-http-persistence-probe,persistence
2026-06-19T05:08:20Z,novelty-ws-multi-reload-lifecycle,lifecycle
2026-06-19T05:08:20Z,novelty-ws-thirty-user-lifecycle,lifecycle
2026-06-19T05:14:00Z,novelty-http-large-post-lifecycle,lifecycle
2026-06-19T05:14:00Z,novelty-http-title-reload-convergence,lifecycle
2026-06-19T05:14:01Z,novelty-http-same-user-stale-draft,lifecycle
2026-06-19T05:14:01Z,novelty-http-table-stale-snapshot,http
2026-06-19T05:14:01Z,novelty-ws-collaboration-ui-signals,other
2026-06-19T05:14:01Z,novelty-http-persistence-probe,persistence
2026-06-19T05:14:01Z,novelty-ws-multi-reload-lifecycle,lifecycle
2026-06-19T05:14:01Z,novelty-ws-thirty-user-lifecycle,lifecycle
2026-06-19T05:19:45Z,novelty-http-large-post-lifecycle,lifecycle
2026-06-19T05:19:45Z,novelty-http-title-reload-convergence,lifecycle
2026-06-19T05:19:45Z,novelty-http-same-user-stale-draft,lifecycle
2026-06-19T05:19:45Z,novelty-http-table-stale-snapshot,http
2026-06-19T05:19:45Z,novelty-ws-collaboration-ui-signals,other
2026-06-19T05:19:45Z,novelty-http-persistence-probe,persistence
2026-06-19T05:19:45Z,novelty-ws-multi-reload-lifecycle,lifecycle
2026-06-19T05:19:45Z,novelty-ws-thirty-user-lifecycle,lifecycle
2026-06-19T05:25:29Z,novelty-http-large-post-lifecycle,lifecycle
2026-06-19T05:25:29Z,novelty-http-title-reload-convergence,lifecycle
2026-06-19T05:25:29Z,novelty-http-same-user-stale-draft,lifecycle
2026-06-19T05:25:29Z,novelty-ws-collaboration-ui-signals,other
2026-06-19T05:25:29Z,novelty-http-persistence-probe,persistence
2026-06-19T05:25:29Z,novelty-ws-multi-reload-lifecycle,lifecycle
2026-06-19T05:25:29Z,novelty-ws-thirty-user-lifecycle,lifecycle
2026-06-19T05:31:26Z,novelty-http-large-post-lifecycle,lifecycle
2026-06-19T05:31:26Z,novelty-http-title-reload-convergence,lifecycle
2026-06-19T05:31:26Z,novelty-http-same-user-stale-draft,lifecycle
2026-06-19T05:31:26Z,novelty-http-table-stale-snapshot,http
2026-06-19T05:31:26Z,novelty-ws-collaboration-ui-signals,other
2026-06-19T05:31:26Z,novelty-http-persistence-probe,persistence
2026-06-19T05:31:26Z,novelty-ws-multi-reload-lifecycle,lifecycle
2026-06-19T05:31:26Z,novelty-ws-thirty-user-lifecycle,lifecycle
2026-06-19T05:37:34Z,novelty-http-large-post-lifecycle,lifecycle
2026-06-19T05:37:34Z,novelty-http-title-reload-convergence,lifecycle
2026-06-19T05:37:34Z,novelty-http-same-user-stale-draft,lifecycle
2026-06-19T05:37:34Z,novelty-http-table-stale-snapshot,http
2026-06-19T05:37:34Z,novelty-http-existing-post-crdt-metadata,http
2026-06-19T05:37:34Z,novelty-ws-collaboration-ui-signals,other
2026-06-19T05:37:34Z,novelty-http-large-post-lifecycle-completion,lifecycle
2026-06-19T05:37:34Z,novelty-http-persistence-probe,persistence
2026-06-19T05:37:34Z,novelty-ws-multi-reload-lifecycle,lifecycle
2026-06-19T05:37:34Z,novelty-ws-thirty-user-lifecycle,lifecycle
2026-06-19T05:43:45Z,novelty-http-large-post-lifecycle,lifecycle
2026-06-19T05:43:45Z,novelty-http-title-reload-convergence,lifecycle
2026-06-19T05:43:45Z,novelty-http-same-user-stale-draft,lifecycle
2026-06-19T05:43:45Z,novelty-http-table-stale-snapshot,http
2026-06-19T05:43:45Z,novelty-ws-collaboration-ui-signals,other
2026-06-19T05:43:45Z,novelty-http-persistence-probe,persistence
2026-06-19T05:43:45Z,novelty-ws-multi-reload-lifecycle,lifecycle
2026-06-19T05:43:45Z,novelty-ws-thirty-user-lifecycle,lifecycle
2026-06-19T05:49:57Z,novelty-http-large-post-lifecycle,lifecycle
2026-06-19T05:49:57Z,novelty-http-title-reload-convergence,lifecycle
2026-06-19T05:49:57Z,novelty-http-same-user-stale-draft,lifecycle
2026-06-19T05:49:57Z,novelty-http-table-stale-snapshot,http
2026-06-19T05:49:57Z,novelty-http-existing-post-crdt-metadata,http
2026-06-19T05:49:57Z,novelty-ws-collaboration-ui-signals,other
2026-06-19T05:49:57Z,novelty-http-large-post-lifecycle-completion,lifecycle
2026-06-19T05:49:57Z,novelty-http-persistence-probe,persistence
2026-06-19T05:49:57Z,novelty-ws-multi-reload-lifecycle,lifecycle
2026-06-19T05:49:57Z,novelty-ws-thirty-user-lifecycle,lifecycle
2026-06-19T05:56:02Z,novelty-http-large-post-lifecycle,lifecycle
2026-06-19T05:56:02Z,novelty-http-title-reload-convergence,lifecycle
2026-06-19T05:56:02Z,novelty-http-same-user-stale-draft,lifecycle
2026-06-19T05:56:02Z,novelty-http-table-stale-snapshot,http
2026-06-19T05:56:02Z,novelty-ws-collaboration-ui-signals,other
2026-06-19T05:56:02Z,novelty-http-persistence-probe,persistence
2026-06-19T05:56:02Z,novelty-ws-multi-reload-lifecycle,lifecycle
2026-06-19T05:56:02Z,novelty-ws-thirty-user-lifecycle,lifecycle
2026-06-19T06:01:35Z,novelty-ws-real-user-rich-text,real-user
2026-06-19T06:01:42Z,novelty-ws-thirty-user-lifecycle,lifecycle
2026-06-19T06:08:31Z,novelty-http-large-post-lifecycle,lifecycle
2026-06-19T06:08:31Z,novelty-http-title-reload-convergence,lifecycle
2026-06-19T06:08:31Z,novelty-http-same-user-stale-draft,lifecycle
2026-06-19T06:08:31Z,novelty-http-table-stale-snapshot,http
2026-06-19T06:08:31Z,novelty-http-existing-post-crdt-metadata,http
2026-06-19T06:08:31Z,novelty-ws-collaboration-ui-signals,other
2026-06-19T06:08:31Z,novelty-http-persistence-probe,persistence
2026-06-19T06:08:31Z,novelty-ws-multi-reload-lifecycle,lifecycle
2026-06-19T06:08:31Z,novelty-ws-thirty-user-lifecycle,lifecycle
2026-06-19T06:14:17Z,novelty-ws-real-user-rich-text,real-user
2026-06-19T06:14:24Z,novelty-ws-thirty-user-lifecycle,lifecycle
2026-06-19T06:21:04Z,novelty-http-large-post-lifecycle,lifecycle
2026-06-19T06:21:04Z,novelty-http-title-reload-convergence,lifecycle
2026-06-19T06:21:04Z,novelty-http-same-user-stale-draft,lifecycle
2026-06-19T06:21:04Z,novelty-http-table-stale-snapshot,http
2026-06-19T06:21:04Z,novelty-ws-collaboration-ui-signals,other
2026-06-19T06:21:04Z,novelty-http-persistence-probe,persistence
2026-06-19T06:21:04Z,novelty-ws-multi-reload-lifecycle,lifecycle
2026-06-19T06:21:04Z,novelty-ws-thirty-user-lifecycle,lifecycle
2026-06-19T06:26:59Z,novelty-ws-many-user-lifecycle-completion,lifecycle
2026-06-19T06:27:39Z,novelty-ws-parser-transform,parser
2026-06-19T06:27:39Z,novelty-http-large-post-lifecycle,lifecycle
2026-06-19T06:27:39Z,novelty-http-title-reload-convergence,lifecycle
2026-06-19T06:27:39Z,novelty-http-same-user-stale-draft,lifecycle
2026-06-19T06:27:39Z,novelty-http-table-stale-snapshot,http
2026-06-19T06:27:39Z,novelty-ws-collaboration-ui-signals,other
2026-06-19T06:27:39Z,novelty-http-persistence-probe,persistence
2026-06-19T06:27:40Z,novelty-ws-thirty-user-lifecycle,lifecycle
2026-06-19T06:34:20Z,novelty-http-large-post-lifecycle,lifecycle
2026-06-19T06:34:20Z,novelty-http-title-reload-convergence,lifecycle
2026-06-19T06:34:20Z,novelty-http-same-user-stale-draft,lifecycle
2026-06-19T06:34:20Z,novelty-http-table-stale-snapshot,http
2026-06-19T06:34:20Z,novelty-http-existing-post-crdt-metadata,http
2026-06-19T06:34:20Z,novelty-ws-collaboration-ui-signals,other
2026-06-19T06:34:20Z,novelty-http-large-post-lifecycle-completion,lifecycle
2026-06-19T06:34:20Z,novelty-http-persistence-probe,persistence
2026-06-19T06:34:20Z,novelty-ws-multi-reload-lifecycle,lifecycle
2026-06-19T06:34:22Z,novelty-ws-thirty-user-lifecycle,lifecycle
2026-06-19T06:41:05Z,novelty-http-large-post-lifecycle,lifecycle
2026-06-19T06:41:05Z,novelty-http-title-reload-convergence,lifecycle
2026-06-19T06:41:05Z,novelty-http-same-user-stale-draft,lifecycle
2026-06-19T06:41:05Z,novelty-http-table-stale-snapshot,http
2026-06-19T06:41:05Z,novelty-http-existing-post-crdt-metadata,http
2026-06-19T06:41:05Z,novelty-ws-collaboration-ui-signals,other
2026-06-19T06:41:05Z,novelty-http-persistence-probe,persistence
2026-06-19T06:41:05Z,novelty-ws-multi-reload-lifecycle,lifecycle
2026-06-19T06:41:06Z,novelty-ws-thirty-user-lifecycle,lifecycle
2026-06-19T06:47:37Z,novelty-http-large-post-lifecycle,lifecycle
2026-06-19T06:47:37Z,novelty-http-title-reload-convergence,lifecycle
2026-06-19T06:47:37Z,novelty-http-same-user-stale-draft,lifecycle
2026-06-19T06:47:37Z,novelty-http-table-stale-snapshot,http
2026-06-19T06:47:37Z,novelty-http-existing-post-crdt-metadata,http
2026-06-19T06:47:37Z,novelty-ws-collaboration-ui-signals,other
2026-06-19T06:47:37Z,novelty-http-persistence-probe,persistence
2026-06-19T06:47:37Z,novelty-ws-multi-reload-lifecycle,lifecycle
2026-06-19T06:47:39Z,novelty-ws-thirty-user-lifecycle,lifecycle
2026-06-19T06:54:17Z,novelty-http-large-post-lifecycle,lifecycle
2026-06-19T06:54:17Z,novelty-http-title-reload-convergence,lifecycle
2026-06-19T06:54:17Z,novelty-http-same-user-stale-draft,lifecycle
2026-06-19T06:54:17Z,novelty-http-table-stale-snapshot,http
2026-06-19T06:54:17Z,novelty-http-existing-post-crdt-metadata,http
2026-06-19T06:54:17Z,novelty-ws-collaboration-ui-signals,other
2026-06-19T06:54:17Z,novelty-http-persistence-probe,persistence
2026-06-19T06:54:17Z,novelty-ws-multi-reload-lifecycle,lifecycle
2026-06-19T07:01:04Z,novelty-http-large-post-lifecycle,lifecycle
2026-06-19T07:01:04Z,novelty-http-title-reload-convergence,lifecycle
2026-06-19T07:01:04Z,novelty-http-same-user-stale-draft,lifecycle
2026-06-19T07:01:04Z,novelty-http-table-stale-snapshot,http
2026-06-19T07:01:04Z,novelty-ws-collaboration-ui-signals,other
2026-06-19T07:01:04Z,novelty-http-persistence-probe,persistence
2026-06-19T07:01:04Z,novelty-ws-multi-reload-lifecycle,lifecycle
2026-06-19T07:01:07Z,novelty-ws-thirty-user-lifecycle,lifecycle
2026-06-19T07:07:17Z,novelty-ws-many-user-lifecycle,lifecycle
2026-06-19T07:07:55Z,novelty-http-large-post-lifecycle,lifecycle
2026-06-19T07:07:55Z,novelty-http-title-reload-convergence,lifecycle
2026-06-19T07:07:55Z,novelty-http-same-user-stale-draft,lifecycle
2026-06-19T07:07:55Z,novelty-http-table-stale-snapshot,http
2026-06-19T07:07:55Z,novelty-http-existing-post-crdt-metadata,http
2026-06-19T07:07:55Z,novelty-ws-collaboration-ui-signals,other
2026-06-19T07:07:55Z,novelty-http-persistence-probe,persistence
2026-06-19T07:07:55Z,novelty-ws-multi-reload-lifecycle,lifecycle
2026-06-19T07:07:57Z,novelty-ws-thirty-user-lifecycle,lifecycle
2026-06-19T07:14:48Z,novelty-http-large-post-lifecycle,lifecycle
2026-06-19T07:14:48Z,novelty-http-title-reload-convergence,lifecycle
2026-06-19T07:14:48Z,novelty-http-same-user-stale-draft,lifecycle
2026-06-19T07:14:48Z,novelty-http-table-stale-snapshot,http
2026-06-19T07:14:48Z,novelty-http-existing-post-crdt-metadata,http
2026-06-19T07:14:48Z,novelty-ws-collaboration-ui-signals,other
2026-06-19T07:14:48Z,novelty-http-persistence-probe,persistence
2026-06-19T07:14:48Z,novelty-ws-multi-reload-lifecycle,lifecycle
2026-06-19T07:14:50Z,novelty-ws-thirty-user-lifecycle,lifecycle
2026-06-19T07:21:39Z,novelty-http-large-post-lifecycle,lifecycle
2026-06-19T07:21:39Z,novelty-http-title-reload-convergence,lifecycle
2026-06-19T07:21:39Z,novelty-http-same-user-stale-draft,lifecycle
2026-06-19T07:21:39Z,novelty-http-table-stale-snapshot,http
2026-06-19T07:21:39Z,novelty-http-existing-post-crdt-metadata,http
2026-06-19T07:21:39Z,novelty-ws-collaboration-ui-signals,other
2026-06-19T07:21:39Z,novelty-http-persistence-probe,persistence
2026-06-19T07:21:39Z,novelty-ws-multi-reload-lifecycle,lifecycle
2026-06-19T07:28:13Z,novelty-http-large-post-lifecycle,lifecycle
2026-06-19T07:28:13Z,novelty-http-title-reload-convergence,lifecycle
2026-06-19T07:28:13Z,novelty-http-table-stale-snapshot,http
2026-06-19T07:28:13Z,novelty-ws-collaboration-ui-signals,other
2026-06-19T07:28:13Z,novelty-http-persistence-probe,persistence
2026-06-19T07:28:13Z,novelty-ws-multi-reload-lifecycle,lifecycle
2026-06-19T07:28:13Z,novelty-ws-thirty-user-lifecycle,lifecycle
2026-06-19T07:34:59Z,novelty-http-large-post-lifecycle,lifecycle
2026-06-19T07:34:59Z,novelty-http-title-reload-convergence,lifecycle
2026-06-19T07:34:59Z,novelty-http-table-stale-snapshot,http
2026-06-19T07:34:59Z,novelty-http-existing-post-crdt-metadata,http
2026-06-19T07:34:59Z,novelty-ws-collaboration-ui-signals,other
2026-06-19T07:34:59Z,novelty-http-persistence-probe,persistence
2026-06-19T07:34:59Z,novelty-ws-multi-reload-lifecycle,lifecycle
2026-06-19T07:34:59Z,novelty-ws-thirty-user-lifecycle,lifecycle
2026-06-19T07:41:54Z,novelty-http-title-reload-convergence,lifecycle
2026-06-19T07:41:54Z,novelty-http-table-stale-snapshot,http
2026-06-19T07:41:54Z,novelty-http-existing-post-crdt-metadata,http
2026-06-19T07:41:54Z,novelty-ws-collaboration-ui-signals,other
2026-06-19T07:41:54Z,novelty-http-persistence-probe,persistence
2026-06-19T07:41:54Z,novelty-ws-multi-reload-lifecycle,lifecycle
2026-06-19T07:41:54Z,novelty-ws-thirty-user-lifecycle,lifecycle
2026-06-19T07:48:56Z,novelty-http-large-post-lifecycle,lifecycle
2026-06-19T07:48:56Z,novelty-http-title-reload-convergence,lifecycle
2026-06-19T07:48:56Z,novelty-http-table-stale-snapshot,http
2026-06-19T07:48:56Z,novelty-http-existing-post-crdt-metadata,http
2026-06-19T07:48:56Z,novelty-ws-collaboration-ui-signals,other
2026-06-19T07:48:56Z,novelty-http-large-post-lifecycle-completion,lifecycle
2026-06-19T07:48:56Z,novelty-http-persistence-probe,persistence
2026-06-19T07:48:56Z,novelty-ws-multi-reload-lifecycle,lifecycle
2026-06-19T07:48:56Z,novelty-ws-thirty-user-lifecycle,lifecycle
2026-06-19T07:48:56Z,novelty-ws-long-session-large-doc,lifecycle
2026-06-19T07:55:33Z,novelty-http-large-post-lifecycle,lifecycle
2026-06-19T07:55:33Z,novelty-http-table-stale-snapshot,http
2026-06-19T07:55:33Z,novelty-http-existing-post-crdt-metadata,http
2026-06-19T07:55:33Z,novelty-ws-collaboration-ui-signals,other
2026-06-19T07:55:33Z,novelty-http-persistence-probe,persistence
2026-06-19T07:55:33Z,novelty-ws-multi-reload-lifecycle,lifecycle
2026-06-19T07:55:33Z,novelty-ws-thirty-user-lifecycle,lifecycle
2026-06-19T07:55:33Z,novelty-ws-real-user-coverage-bridge,real-user
2026-06-19T08:02:16Z,novelty-http-large-post-lifecycle,lifecycle
2026-06-19T08:02:16Z,novelty-http-table-stale-snapshot,http
2026-06-19T08:02:16Z,novelty-http-existing-post-crdt-metadata,http
2026-06-19T08:02:16Z,novelty-ws-collaboration-ui-signals,other
2026-06-19T08:02:16Z,novelty-http-large-post-lifecycle-completion,lifecycle
2026-06-19T08:02:16Z,novelty-http-persistence-probe,persistence
2026-06-19T08:02:16Z,novelty-ws-multi-reload-lifecycle,lifecycle
2026-06-19T08:02:16Z,novelty-ws-thirty-user-lifecycle,lifecycle
2026-06-19T08:09:02Z,novelty-http-large-post-lifecycle,lifecycle
2026-06-19T08:09:02Z,novelty-http-table-stale-snapshot,http
2026-06-19T08:09:02Z,novelty-http-existing-post-crdt-metadata,http
2026-06-19T08:09:02Z,novelty-ws-collaboration-ui-signals,other
2026-06-19T08:09:02Z,novelty-http-large-post-lifecycle-completion,lifecycle
2026-06-19T08:09:02Z,novelty-http-persistence-probe,persistence
2026-06-19T08:09:02Z,novelty-ws-multi-reload-lifecycle,lifecycle
2026-06-19T08:09:02Z,novelty-ws-thirty-user-lifecycle,lifecycle
2026-06-19T08:15:42Z,novelty-http-large-post-lifecycle,lifecycle
2026-06-19T08:15:42Z,novelty-http-table-stale-snapshot,http
2026-06-19T08:15:42Z,novelty-http-existing-post-crdt-metadata,http
2026-06-19T08:15:42Z,novelty-ws-collaboration-ui-signals,other
2026-06-19T08:15:42Z,novelty-http-large-post-lifecycle-completion,lifecycle
2026-06-19T08:15:42Z,novelty-http-persistence-probe,persistence
2026-06-19T08:15:42Z,novelty-ws-multi-reload-lifecycle,lifecycle
2026-06-19T08:15:42Z,novelty-ws-thirty-user-lifecycle,lifecycle
2026-06-19T08:22:24Z,novelty-http-large-post-lifecycle,lifecycle
2026-06-19T08:22:24Z,novelty-http-table-stale-snapshot,http
2026-06-19T08:22:25Z,novelty-http-existing-post-crdt-metadata,http
2026-06-19T08:22:25Z,novelty-ws-collaboration-ui-signals,other
2026-06-19T08:22:25Z,novelty-http-large-post-lifecycle-completion,lifecycle
2026-06-19T08:22:25Z,novelty-http-persistence-probe,persistence
2026-06-19T08:22:25Z,novelty-ws-multi-reload-lifecycle,lifecycle
2026-06-19T08:22:25Z,novelty-ws-thirty-user-lifecycle,lifecycle
2026-06-19T08:29:19Z,novelty-http-large-post-lifecycle,lifecycle
2026-06-19T08:29:19Z,novelty-http-table-stale-snapshot,http
2026-06-19T08:29:19Z,novelty-http-existing-post-crdt-metadata,http
2026-06-19T08:29:19Z,novelty-ws-collaboration-ui-signals,other
2026-06-19T08:29:19Z,novelty-http-large-post-lifecycle-completion,lifecycle
2026-06-19T08:29:19Z,novelty-http-persistence-probe,persistence
2026-06-19T08:29:19Z,novelty-ws-multi-reload-lifecycle,lifecycle
2026-06-19T08:29:19Z,novelty-ws-thirty-user-lifecycle,lifecycle
2026-06-19T08:36:30Z,novelty-http-large-post-lifecycle,lifecycle
2026-06-19T08:36:30Z,novelty-http-table-stale-snapshot,http
2026-06-19T08:36:30Z,novelty-http-existing-post-crdt-metadata,http
2026-06-19T08:36:30Z,novelty-ws-collaboration-ui-signals,other
2026-06-19T08:36:30Z,novelty-http-large-post-lifecycle-completion,lifecycle
2026-06-19T08:36:30Z,novelty-http-persistence-probe,persistence
2026-06-19T08:36:30Z,novelty-ws-multi-reload-lifecycle,lifecycle
2026-06-19T08:36:30Z,novelty-ws-thirty-user-lifecycle,lifecycle
2026-06-19T08:43:26Z,novelty-http-large-post-lifecycle,lifecycle
2026-06-19T08:43:26Z,novelty-http-table-stale-snapshot,http
2026-06-19T08:43:26Z,novelty-http-existing-post-crdt-metadata,http
2026-06-19T08:43:27Z,novelty-ws-collaboration-ui-signals,other
2026-06-19T08:43:27Z,novelty-http-large-post-lifecycle-completion,lifecycle
2026-06-19T08:43:27Z,novelty-http-persistence-probe,persistence
2026-06-19T08:43:27Z,novelty-ws-multi-reload-lifecycle,lifecycle
2026-06-19T08:43:27Z,novelty-ws-thirty-user-lifecycle,lifecycle
2026-06-19T08:49:39Z,novelty-ws-real-user-rich-text,real-user
2026-06-19T08:49:46Z,novelty-ws-thirty-user-lifecycle,lifecycle
2026-06-19T08:56:58Z,novelty-http-large-post-lifecycle,lifecycle
2026-06-19T08:56:58Z,novelty-http-table-stale-snapshot,http
2026-06-19T08:56:58Z,novelty-http-existing-post-crdt-metadata,http
2026-06-19T08:56:58Z,novelty-ws-collaboration-ui-signals,other
2026-06-19T08:56:58Z,novelty-http-large-post-lifecycle-completion,lifecycle
2026-06-19T08:56:58Z,novelty-http-persistence-probe,persistence
2026-06-19T08:56:58Z,novelty-ws-multi-reload-lifecycle,lifecycle
2026-06-19T08:56:58Z,novelty-ws-thirty-user-lifecycle,lifecycle
2026-06-19T08:56:58Z,novelty-ws-real-user-coverage-bridge,real-user
2026-06-19T09:03:57Z,novelty-http-large-post-lifecycle,lifecycle
2026-06-19T09:03:57Z,novelty-http-table-stale-snapshot,http
2026-06-19T09:03:57Z,novelty-http-existing-post-crdt-metadata,http
2026-06-19T09:03:57Z,novelty-ws-collaboration-ui-signals,other
2026-06-19T09:03:57Z,novelty-http-large-post-lifecycle-completion,lifecycle
2026-06-19T09:03:57Z,novelty-http-persistence-probe,persistence
2026-06-19T09:03:57Z,novelty-ws-multi-reload-lifecycle,lifecycle
2026-06-19T09:03:57Z,novelty-ws-thirty-user-lifecycle,lifecycle
2026-06-19T09:10:17Z,novelty-ws-real-user-save-reload,real-user
2026-06-19T09:10:59Z,novelty-http-large-post-lifecycle,lifecycle
2026-06-19T09:10:59Z,novelty-http-table-stale-snapshot,http
2026-06-19T09:10:59Z,novelty-http-existing-post-crdt-metadata,http
2026-06-19T09:10:59Z,novelty-ws-collaboration-ui-signals,other
2026-06-19T09:10:59Z,novelty-http-large-post-lifecycle-completion,lifecycle
2026-06-19T09:10:59Z,novelty-http-persistence-probe,persistence
2026-06-19T09:10:59Z,novelty-ws-multi-reload-lifecycle,lifecycle
2026-06-19T09:11:00Z,novelty-ws-thirty-user-lifecycle,lifecycle
2026-06-19T09:17:17Z,novelty-ws-real-user-save-reload,real-user
2026-06-19T09:18:00Z,novelty-http-large-post-lifecycle,lifecycle
2026-06-19T09:18:00Z,novelty-http-table-stale-snapshot,http
2026-06-19T09:18:00Z,novelty-http-existing-post-crdt-metadata,http
2026-06-19T09:18:00Z,novelty-ws-collaboration-ui-signals,other
2026-06-19T09:18:00Z,novelty-http-large-post-lifecycle-completion,lifecycle
2026-06-19T09:18:00Z,novelty-http-persistence-probe,persistence
2026-06-19T09:18:00Z,novelty-ws-multi-reload-lifecycle,lifecycle
2026-06-19T09:18:00Z,novelty-ws-thirty-user-lifecycle,lifecycle
2026-06-19T09:24:14Z,novelty-ws-real-user-save-reload,real-user
2026-06-19T09:24:24Z,novelty-ws-permissions-auth-locks,auth/locks
2026-06-19T09:24:29Z,novelty-ws-media-cross-entity,async/media
2026-06-19T09:24:59Z,novelty-http-large-post-lifecycle,lifecycle
2026-06-19T09:24:59Z,novelty-http-table-stale-snapshot,http
2026-06-19T09:24:59Z,novelty-http-existing-post-crdt-metadata,http
2026-06-19T09:24:59Z,novelty-ws-collaboration-ui-signals,other
2026-06-19T09:24:59Z,novelty-http-large-post-lifecycle-completion,lifecycle
2026-06-19T09:24:59Z,novelty-http-persistence-probe,persistence
2026-06-19T09:25:01Z,novelty-ws-thirty-user-lifecycle,lifecycle
2026-06-19T09:31:31Z,novelty-ws-real-user-save-reload,real-user
2026-06-19T09:32:08Z,novelty-http-large-post-lifecycle,lifecycle
2026-06-19T09:32:08Z,novelty-http-table-stale-snapshot,http
2026-06-19T09:32:08Z,novelty-http-existing-post-crdt-metadata,http
2026-06-19T09:32:08Z,novelty-ws-collaboration-ui-signals,other
2026-06-19T09:32:08Z,novelty-http-large-post-lifecycle-completion,lifecycle
2026-06-19T09:32:08Z,novelty-http-persistence-probe,persistence
2026-06-19T09:32:08Z,novelty-ws-multi-reload-lifecycle,lifecycle
2026-06-19T09:38:28Z,novelty-ws-real-user-save-reload,real-user
2026-06-19T09:39:00Z,novelty-http-large-post-lifecycle,lifecycle
2026-06-19T09:39:00Z,novelty-http-table-stale-snapshot,http
2026-06-19T09:39:00Z,novelty-http-existing-post-crdt-metadata,http
2026-06-19T09:39:00Z,novelty-ws-collaboration-ui-signals,other
2026-06-19T09:39:00Z,novelty-http-large-post-lifecycle-completion,lifecycle
2026-06-19T09:39:00Z,novelty-http-persistence-probe,persistence
2026-06-19T09:39:02Z,novelty-ws-multi-reload-lifecycle,lifecycle
2026-06-19T09:39:07Z,novelty-ws-permissions-auth-locks,auth/locks
2026-06-19T09:45:54Z,novelty-ws-real-user-save-reload,real-user
2026-06-19T09:46:31Z,novelty-http-large-post-lifecycle,lifecycle
2026-06-19T09:46:31Z,novelty-http-table-stale-snapshot,http
2026-06-19T09:46:31Z,novelty-http-existing-post-crdt-metadata,http
2026-06-19T09:46:31Z,novelty-ws-parser-serialization,parser
2026-06-19T09:46:31Z,novelty-ws-collaboration-ui-signals,other
2026-06-19T09:46:31Z,novelty-http-large-post-lifecycle-completion,lifecycle
2026-06-19T09:46:31Z,novelty-http-persistence-probe,persistence
2026-06-19T09:46:33Z,novelty-ws-multi-reload-lifecycle,lifecycle
2026-06-19T09:46:35Z,novelty-ws-permissions-auth-locks,auth/locks
2026-06-19T09:53:50Z,novelty-http-large-post-lifecycle,lifecycle
2026-06-19T09:53:50Z,novelty-http-table-stale-snapshot,http
2026-06-19T09:53:50Z,novelty-http-existing-post-crdt-metadata,http
2026-06-19T09:53:50Z,novelty-ws-parser-serialization,parser
2026-06-19T09:53:50Z,novelty-ws-collaboration-ui-signals,other
2026-06-19T09:53:50Z,novelty-http-persistence-probe,persistence
2026-06-19T09:53:50Z,novelty-ws-multi-reload-lifecycle,lifecycle
2026-06-19T09:53:52Z,novelty-ws-real-user-coverage-bridge,real-user
2026-06-19T10:01:10Z,novelty-http-large-post-lifecycle,lifecycle
2026-06-19T10:01:10Z,novelty-http-table-stale-snapshot,http
2026-06-19T10:01:10Z,novelty-http-existing-post-crdt-metadata,http
2026-06-19T10:01:10Z,novelty-ws-parser-serialization,parser
2026-06-19T10:01:10Z,novelty-ws-collaboration-ui-signals,other
2026-06-19T10:01:10Z,novelty-http-persistence-probe,persistence
2026-06-19T10:01:10Z,novelty-ws-multi-reload-lifecycle,lifecycle
2026-06-19T10:01:13Z,novelty-ws-real-user-coverage-bridge,real-user
2026-06-19T10:08:14Z,novelty-http-large-post-lifecycle,lifecycle
2026-06-19T10:08:14Z,novelty-http-table-stale-snapshot,http
2026-06-19T10:08:14Z,novelty-http-existing-post-crdt-metadata,http
2026-06-19T10:08:14Z,novelty-ws-parser-serialization,parser
2026-06-19T10:08:14Z,novelty-ws-collaboration-ui-signals,other
2026-06-19T10:08:14Z,novelty-http-persistence-probe,persistence
2026-06-19T10:08:14Z,novelty-ws-multi-reload-lifecycle,lifecycle
2026-06-19T10:08:16Z,novelty-ws-real-user-coverage-bridge,real-user
2026-06-19T10:14:58Z,novelty-ws-real-user-save-reload,real-user
2026-06-19T10:15:29Z,novelty-http-large-post-lifecycle,lifecycle
2026-06-19T10:15:29Z,novelty-http-table-stale-snapshot,http
2026-06-19T10:15:29Z,novelty-http-existing-post-crdt-metadata,http
2026-06-19T10:15:29Z,novelty-ws-parser-serialization,parser
2026-06-19T10:15:29Z,novelty-ws-collaboration-ui-signals,other
2026-06-19T10:15:29Z,novelty-http-persistence-probe,persistence
2026-06-19T10:15:31Z,novelty-ws-multi-reload-lifecycle,lifecycle
2026-06-19T10:15:33Z,novelty-ws-permissions-auth-locks,auth/locks
2026-06-19T10:22:13Z,novelty-ws-real-user-save-reload,real-user
2026-06-19T10:22:51Z,novelty-http-large-post-lifecycle,lifecycle
2026-06-19T10:22:51Z,novelty-http-table-stale-snapshot,http
2026-06-19T10:22:51Z,novelty-http-existing-post-crdt-metadata,http
2026-06-19T10:22:51Z,novelty-ws-parser-serialization,parser
2026-06-19T10:22:51Z,novelty-ws-collaboration-ui-signals,other
2026-06-19T10:22:51Z,novelty-http-persistence-probe,persistence
2026-06-19T10:22:53Z,novelty-ws-multi-reload-lifecycle,lifecycle
2026-06-19T10:22:55Z,novelty-ws-permissions-auth-locks,auth/locks
2026-06-19T10:30:14Z,novelty-http-large-post-lifecycle,lifecycle
2026-06-19T10:30:14Z,novelty-http-table-stale-snapshot,http
2026-06-19T10:30:14Z,novelty-http-existing-post-crdt-metadata,http
2026-06-19T10:30:14Z,novelty-ws-parser-serialization,parser
2026-06-19T10:30:14Z,novelty-ws-collaboration-ui-signals,other
2026-06-19T10:30:14Z,novelty-http-persistence-probe,persistence
2026-06-19T10:30:14Z,novelty-ws-multi-reload-lifecycle,lifecycle
2026-06-19T10:30:17Z,novelty-ws-real-user-coverage-bridge,real-user
2026-06-19T10:37:22Z,novelty-http-large-post-lifecycle,lifecycle
2026-06-19T10:37:22Z,novelty-http-table-stale-snapshot,http
2026-06-19T10:37:22Z,novelty-http-existing-post-crdt-metadata,http
2026-06-19T10:37:22Z,novelty-ws-parser-serialization,parser
2026-06-19T10:37:22Z,novelty-ws-collaboration-ui-signals,other
2026-06-19T10:37:22Z,novelty-http-persistence-probe,persistence
2026-06-19T10:37:22Z,novelty-ws-multi-reload-lifecycle,lifecycle
2026-06-19T10:37:25Z,novelty-ws-real-user-coverage-bridge,real-user
2026-06-19T10:44:56Z,novelty-http-large-post-lifecycle,lifecycle
2026-06-19T10:44:56Z,novelty-http-table-stale-snapshot,http
2026-06-19T10:44:56Z,novelty-http-existing-post-crdt-metadata,http
2026-06-19T10:44:56Z,novelty-ws-parser-serialization,parser
2026-06-19T10:44:56Z,novelty-ws-collaboration-ui-signals,other
2026-06-19T10:44:56Z,novelty-http-large-post-lifecycle-completion,lifecycle
2026-06-19T10:44:56Z,novelty-http-persistence-probe,persistence
2026-06-19T10:44:56Z,novelty-ws-multi-reload-lifecycle,lifecycle
2026-06-19T10:44:56Z,novelty-ws-long-session-large-doc,lifecycle
2026-06-19T10:44:56Z,novelty-ws-real-user-coverage-bridge,real-user
2026-06-19T10:44:58Z,novelty-ws-parser-transform,parser
2026-06-19T10:52:21Z,novelty-http-large-post-lifecycle,lifecycle
2026-06-19T10:52:21Z,novelty-http-table-stale-snapshot,http
2026-06-19T10:52:21Z,novelty-http-existing-post-crdt-metadata,http
2026-06-19T10:52:21Z,novelty-ws-parser-serialization,parser
2026-06-19T10:52:21Z,novelty-ws-collaboration-ui-signals,other
2026-06-19T10:52:21Z,novelty-http-persistence-probe,persistence
2026-06-19T10:52:21Z,novelty-ws-multi-reload-lifecycle,lifecycle
2026-06-19T10:52:23Z,novelty-ws-real-user-coverage-bridge,real-user
2026-06-19T10:59:44Z,novelty-http-large-post-lifecycle,lifecycle
2026-06-19T10:59:44Z,novelty-http-table-stale-snapshot,http
2026-06-19T10:59:44Z,novelty-http-existing-post-crdt-metadata,http
2026-06-19T10:59:44Z,novelty-ws-parser-serialization,parser
2026-06-19T10:59:44Z,novelty-ws-collaboration-ui-signals,other
2026-06-19T10:59:44Z,novelty-http-persistence-probe,persistence
2026-06-19T10:59:44Z,novelty-ws-multi-reload-lifecycle,lifecycle
2026-06-19T10:59:46Z,novelty-ws-real-user-coverage-bridge,real-user
2026-06-19T11:07:04Z,novelty-http-large-post-lifecycle,lifecycle
2026-06-19T11:07:04Z,novelty-http-table-stale-snapshot,http
2026-06-19T11:07:04Z,novelty-http-existing-post-crdt-metadata,http
2026-06-19T11:07:04Z,novelty-ws-parser-serialization,parser
2026-06-19T11:07:04Z,novelty-ws-collaboration-ui-signals,other
2026-06-19T11:07:04Z,novelty-http-persistence-probe,persistence
2026-06-19T11:07:04Z,novelty-ws-multi-reload-lifecycle,lifecycle
2026-06-19T11:07:06Z,novelty-ws-real-user-coverage-bridge,real-user
2026-06-19T11:13:52Z,novelty-ws-real-user-save-reload,real-user
2026-06-19T11:14:25Z,novelty-http-large-post-lifecycle,lifecycle
2026-06-19T11:14:25Z,novelty-http-table-stale-snapshot,http
2026-06-19T11:14:25Z,novelty-http-existing-post-crdt-metadata,http
2026-06-19T11:14:25Z,novelty-ws-parser-serialization,parser
2026-06-19T11:14:25Z,novelty-ws-collaboration-ui-signals,other
2026-06-19T11:14:25Z,novelty-http-persistence-probe,persistence
2026-06-19T11:14:27Z,novelty-ws-real-user-coverage-bridge,real-user
2026-06-19T11:22:03Z,novelty-http-large-post-lifecycle,lifecycle
2026-06-19T11:22:03Z,novelty-http-table-stale-snapshot,http
2026-06-19T11:22:03Z,novelty-http-existing-post-crdt-metadata,http
2026-06-19T11:22:03Z,novelty-ws-parser-serialization,parser
2026-06-19T11:22:03Z,novelty-ws-collaboration-ui-signals,other
2026-06-19T11:22:03Z,novelty-http-persistence-probe,persistence
2026-06-19T11:22:03Z,novelty-ws-multi-reload-lifecycle,lifecycle
2026-06-19T11:22:06Z,novelty-ws-real-user-coverage-bridge,real-user
2026-06-19T11:29:07Z,novelty-ws-real-user-save-reload,real-user
2026-06-19T11:29:44Z,novelty-http-large-post-lifecycle,lifecycle
2026-06-19T11:29:44Z,novelty-http-table-stale-snapshot,http
2026-06-19T11:29:44Z,novelty-http-existing-post-crdt-metadata,http
2026-06-19T11:29:44Z,novelty-ws-collaboration-ui-signals,other
2026-06-19T11:29:44Z,novelty-http-persistence-probe,persistence
2026-06-19T11:29:44Z,novelty-ws-parser-serialization,parser
2026-06-19T11:29:47Z,novelty-ws-real-user-coverage-bridge,real-user
2026-06-19T11:37:15Z,novelty-http-large-post-lifecycle,lifecycle
2026-06-19T11:37:15Z,novelty-http-table-stale-snapshot,http
2026-06-19T11:37:15Z,novelty-http-existing-post-crdt-metadata,http
2026-06-19T11:37:15Z,novelty-ws-collaboration-ui-signals,other
2026-06-19T11:37:15Z,novelty-http-persistence-probe,persistence
2026-06-19T11:37:15Z,novelty-ws-parser-serialization,parser
2026-06-19T11:37:15Z,novelty-ws-multi-reload-lifecycle,lifecycle
2026-06-19T11:37:17Z,novelty-ws-real-user-coverage-bridge,real-user
2026-06-19T11:44:44Z,novelty-http-large-post-lifecycle,lifecycle
2026-06-19T11:44:44Z,novelty-http-table-stale-snapshot,http
2026-06-19T11:44:44Z,novelty-http-existing-post-crdt-metadata,http
2026-06-19T11:44:44Z,novelty-ws-collaboration-ui-signals,other
2026-06-19T11:44:44Z,novelty-http-persistence-probe,persistence
2026-06-19T11:44:44Z,novelty-ws-multi-reload-lifecycle,lifecycle
2026-06-19T11:44:49Z,novelty-ws-real-user-coverage-bridge,real-user
2026-06-19T11:52:35Z,novelty-http-large-post-lifecycle,lifecycle
2026-06-19T11:52:35Z,novelty-http-table-stale-snapshot,http
2026-06-19T11:52:35Z,novelty-http-existing-post-crdt-metadata,http
2026-06-19T11:52:35Z,novelty-ws-collaboration-ui-signals,other
2026-06-19T11:52:35Z,novelty-http-persistence-probe,persistence
2026-06-19T11:52:35Z,novelty-ws-parser-serialization,parser
2026-06-19T11:52:35Z,novelty-ws-multi-reload-lifecycle,lifecycle
2026-06-19T11:52:38Z,novelty-ws-real-user-coverage-bridge,real-user
2026-06-19T12:00:23Z,novelty-http-large-post-lifecycle,lifecycle
2026-06-19T12:00:23Z,novelty-http-table-stale-snapshot,http
2026-06-19T12:00:23Z,novelty-http-existing-post-crdt-metadata,http
2026-06-19T12:00:23Z,novelty-ws-collaboration-ui-signals,other
2026-06-19T12:00:23Z,novelty-http-persistence-probe,persistence
2026-06-19T12:00:23Z,novelty-ws-parser-serialization,parser
2026-06-19T12:00:23Z,novelty-ws-multi-reload-lifecycle,lifecycle
2026-06-19T12:00:26Z,novelty-ws-real-user-coverage-bridge,real-user
2026-06-19T12:10:33Z,novelty-ws-real-user-editing,real-user
2026-06-19T12:10:36Z,novelty-ws-parser-serialization,parser
2026-06-19T12:10:38Z,novelty-ws-three-user-late-join,lifecycle
2026-06-19T12:17:50Z,novelty-ws-parser-transform,parser
2026-06-19T12:17:53Z,novelty-ws-many-user-lifecycle-completion,lifecycle
2026-06-19T12:17:55Z,novelty-ws-many-user-lifecycle,lifecycle
2026-06-19T12:17:58Z,novelty-ws-thirty-user-lifecycle,lifecycle
2026-06-19T12:18:03Z,novelty-ws-media-cross-entity-completion,async/media
2026-06-19T12:18:05Z,novelty-ws-permissions-auth-locks,auth/locks
2026-06-19T12:18:08Z,novelty-ws-long-session-large-doc,lifecycle
2026-06-19T12:18:13Z,novelty-ws-media-cross-entity,async/media
2026-06-19T12:18:20Z,novelty-http-large-post-lifecycle,lifecycle
2026-06-19T12:18:22Z,novelty-http-table-stale-snapshot,http
2026-06-19T12:18:24Z,novelty-http-persistence-probe,persistence
2026-06-19T12:27:06Z,novelty-http-large-post-lifecycle,lifecycle
2026-06-19T12:27:06Z,novelty-http-existing-post-crdt-metadata,http
2026-06-19T12:27:06Z,novelty-http-persistence-probe,persistence
2026-06-19T12:27:06Z,novelty-ws-multi-reload-lifecycle,lifecycle
2026-06-19T12:27:06Z,novelty-ws-collaboration-ui-signals,other
2026-06-19T12:27:06Z,novelty-http-large-post-lifecycle-completion,lifecycle
2026-06-19T12:35:42Z,novelty-http-large-post-lifecycle,lifecycle
2026-06-19T12:35:42Z,novelty-http-existing-post-crdt-metadata,http
2026-06-19T12:35:42Z,novelty-http-persistence-probe,persistence
2026-06-19T12:35:42Z,novelty-ws-multi-reload-lifecycle,lifecycle
2026-06-19T12:44:30Z,novelty-http-large-post-lifecycle,lifecycle
2026-06-19T12:44:30Z,novelty-http-existing-post-crdt-metadata,http
2026-06-19T12:44:30Z,novelty-http-persistence-probe,persistence
2026-06-19T12:44:30Z,novelty-ws-multi-reload-lifecycle,lifecycle
2026-06-19T12:44:30Z,novelty-http-large-post-lifecycle-completion,lifecycle
2026-06-19T12:44:30Z,novelty-ws-permissions-auth-locks,auth/locks
2026-06-19T12:44:30Z,novelty-ws-real-user-coverage-bridge,real-user
2026-06-19T12:44:30Z,novelty-ws-block-gauntlet,auth/locks
2026-06-19T12:44:30Z,novelty-ws-thirty-user-lifecycle,lifecycle
2026-06-19T12:53:50Z,novelty-http-large-post-lifecycle,lifecycle
2026-06-19T12:53:50Z,novelty-http-existing-post-crdt-metadata,http
2026-06-19T12:53:50Z,novelty-http-persistence-probe,persistence
2026-06-19T12:53:50Z,novelty-ws-multi-reload-lifecycle,lifecycle
2026-06-19T12:53:50Z,novelty-http-large-post-lifecycle-completion,lifecycle
2026-06-19T12:53:51Z,novelty-ws-thirty-user-lifecycle,lifecycle
2026-06-19T13:00:35Z,novelty-ws-real-user-editing,real-user
2026-06-19T13:00:38Z,novelty-ws-parser-serialization,parser
2026-06-19T13:00:41Z,novelty-ws-three-user-late-join,lifecycle
2026-06-19T13:09:36Z,novelty-ws-parser-transform,parser
2026-06-19T13:09:37Z,novelty-ws-many-user-lifecycle-completion,lifecycle
2026-06-19T13:09:39Z,novelty-ws-thirty-user-lifecycle,lifecycle
2026-06-19T13:09:44Z,novelty-ws-media-cross-entity-completion,async/media
2026-06-19T13:09:46Z,novelty-ws-long-session-large-doc,lifecycle
2026-06-19T13:09:49Z,novelty-ws-media-cross-entity,async/media
2026-06-19T13:10:15Z,novelty-http-large-post-lifecycle,lifecycle
2026-06-19T13:10:15Z,novelty-http-existing-post-crdt-metadata,http
2026-06-19T13:10:15Z,novelty-http-persistence-probe,persistence
2026-06-19T13:10:15Z,novelty-ws-parser-serialization,parser
2026-06-19T13:10:17Z,novelty-ws-multi-reload-lifecycle,lifecycle
2026-06-19T13:10:19Z,novelty-ws-block-gauntlet,auth/locks
2026-06-19T13:15:37Z,novelty-ws-long-session-large-doc,lifecycle
2026-06-19T13:16:09Z,novelty-http-large-post-lifecycle,lifecycle
2026-06-19T13:16:09Z,novelty-http-existing-post-crdt-metadata,http
2026-06-19T13:16:09Z,novelty-http-persistence-probe,persistence
2026-06-19T13:16:09Z,novelty-ws-parser-serialization,parser
2026-06-19T13:16:09Z,novelty-ws-multi-reload-lifecycle,lifecycle
2026-06-19T13:16:09Z,novelty-http-large-post-lifecycle-completion,lifecycle
2026-06-19T13:16:10Z,novelty-ws-real-user-coverage-bridge,real-user
2026-06-19T13:16:12Z,novelty-ws-thirty-user-lifecycle,lifecycle
2026-06-19T13:22:15Z,novelty-http-large-post-lifecycle,lifecycle
2026-06-19T13:22:15Z,novelty-http-persistence-probe,persistence
2026-06-19T13:22:15Z,novelty-ws-parser-serialization,parser
2026-06-19T13:22:15Z,novelty-ws-multi-reload-lifecycle,lifecycle
2026-06-19T13:22:15Z,novelty-http-large-post-lifecycle-completion,lifecycle
2026-06-19T13:22:15Z,novelty-ws-thirty-user-lifecycle,lifecycle
2026-06-19T13:28:35Z,novelty-http-large-post-lifecycle,lifecycle
2026-06-19T13:28:35Z,novelty-http-same-user-stale-draft,lifecycle
2026-06-19T13:28:35Z,novelty-http-persistence-probe,persistence
2026-06-19T13:28:35Z,novelty-ws-multi-reload-lifecycle,lifecycle
2026-06-19T13:28:35Z,novelty-http-large-post-lifecycle-completion,lifecycle
2026-06-19T13:28:35Z,novelty-ws-real-user-editing,real-user
2026-06-19T13:28:35Z,novelty-ws-thirty-user-lifecycle,lifecycle
2026-06-19T13:42:51Z,novelty-ws-many-user-lifecycle-completion,lifecycle
2026-06-19T13:42:51Z,novelty-ws-thirty-user-lifecycle,lifecycle
2026-06-19T13:42:51Z,novelty-ws-media-cross-entity-completion,async/media
2026-06-19T13:43:00Z,novelty-ws-long-session-large-doc,lifecycle
2026-06-19T13:43:05Z,novelty-ws-media-cross-entity,async/media
2026-06-19T13:43:21Z,novelty-http-large-post-lifecycle,lifecycle
2026-06-19T13:43:21Z,novelty-http-same-user-stale-draft,lifecycle
2026-06-19T13:43:21Z,novelty-ws-multi-reload-lifecycle,lifecycle
2026-06-19T13:43:21Z,novelty-http-large-post-lifecycle-completion,lifecycle
2026-06-19T15:23:46Z,novelty-ws-many-user-lifecycle-completion,lifecycle
2026-06-19T15:23:46Z,novelty-ws-many-user-lifecycle,lifecycle
2026-06-19T15:23:46Z,novelty-ws-thirty-user-lifecycle,lifecycle
2026-06-19T15:24:00Z,novelty-ws-media-cross-entity-completion,async/media
2026-06-19T15:24:06Z,novelty-ws-long-session-large-doc,lifecycle
2026-06-19T15:24:10Z,novelty-ws-media-cross-entity,async/media
2026-06-19T15:24:31Z,novelty-http-large-post-lifecycle,lifecycle
2026-06-19T15:24:31Z,novelty-http-title-reload-convergence,lifecycle
2026-06-19T15:24:31Z,novelty-http-same-user-stale-draft,lifecycle
2026-06-19T15:24:31Z,novelty-ws-multi-reload-lifecycle,lifecycle
2026-06-19T15:24:33Z,novelty-http-large-post-lifecycle-completion,lifecycle
2026-06-19T15:24:35Z,novelty-ws-thirty-user-lifecycle,lifecycle
2026-06-19T15:30:10Z,novelty-http-large-post-lifecycle,lifecycle
2026-06-19T15:30:12Z,novelty-http-title-reload-convergence,lifecycle
2026-06-19T15:30:12Z,novelty-http-same-user-stale-draft,lifecycle
2026-06-19T15:30:12Z,novelty-ws-multi-reload-lifecycle,lifecycle
2026-06-19T15:30:12Z,novelty-http-large-post-lifecycle-completion,lifecycle
2026-06-19T15:30:12Z,novelty-ws-many-user-lifecycle,lifecycle
2026-06-19T15:36:15Z,novelty-http-large-post-lifecycle,lifecycle
2026-06-19T15:36:15Z,novelty-http-title-reload-convergence,lifecycle
2026-06-19T15:36:15Z,novelty-http-same-user-stale-draft,lifecycle
2026-06-19T15:36:15Z,novelty-ws-multi-reload-lifecycle,lifecycle
2026-06-19T15:36:15Z,novelty-http-large-post-lifecycle-completion,lifecycle
2026-06-19T15:36:15Z,novelty-ws-thirty-user-lifecycle,lifecycle
2026-06-19T15:41:49Z,novelty-http-large-post-lifecycle,lifecycle
2026-06-19T15:41:49Z,novelty-http-title-reload-convergence,lifecycle
2026-06-19T15:41:49Z,novelty-http-same-user-stale-draft,lifecycle
2026-06-19T15:41:50Z,novelty-http-large-post-lifecycle-completion,lifecycle
2026-06-19T15:47:27Z,novelty-ws-multi-reload-lifecycle,lifecycle
2026-06-19T15:53:04Z,novelty-ws-thirty-user-lifecycle,lifecycle
2026-06-19T15:58:51Z,novelty-http-same-user-stale-draft,lifecycle
2026-06-19T15:58:51Z,novelty-ws-multi-reload-lifecycle,lifecycle
2026-06-19T16:04:36Z,novelty-http-large-post-lifecycle,lifecycle
2026-06-19T16:04:36Z,novelty-http-title-reload-convergence,lifecycle
2026-06-19T16:04:36Z,novelty-http-same-user-stale-draft,lifecycle
2026-06-19T16:04:37Z,novelty-ws-multi-reload-lifecycle,lifecycle
2026-06-19T16:04:37Z,novelty-http-large-post-lifecycle-completion,lifecycle
2026-06-19T16:10:07Z,novelty-ws-multi-reload-lifecycle,lifecycle
2026-06-19T16:10:07Z,novelty-ws-thirty-user-lifecycle,lifecycle
2026-06-19T16:15:23Z,novelty-http-large-post-lifecycle,lifecycle
2026-06-19T16:15:23Z,novelty-http-title-reload-convergence,lifecycle
2026-06-19T16:15:23Z,novelty-http-same-user-stale-draft,lifecycle
2026-06-19T16:15:23Z,novelty-ws-multi-reload-lifecycle,lifecycle
2026-06-19T16:15:23Z,novelty-http-large-post-lifecycle-completion,lifecycle
2026-06-19T16:15:24Z,novelty-ws-many-user-lifecycle-completion,lifecycle
2026-06-19T16:15:24Z,novelty-ws-many-user-lifecycle,lifecycle
2026-06-19T16:15:24Z,novelty-ws-thirty-user-lifecycle,lifecycle
2026-06-19T16:19:18Z,novelty-http-large-post-lifecycle,lifecycle
2026-06-19T16:19:18Z,novelty-http-title-reload-convergence,lifecycle
2026-06-19T16:19:18Z,novelty-http-same-user-stale-draft,lifecycle
2026-06-19T16:19:18Z,novelty-ws-multi-reload-lifecycle,lifecycle
2026-06-19T16:19:18Z,novelty-http-large-post-lifecycle-completion,lifecycle
2026-06-19T16:19:18Z,novelty-ws-many-user-lifecycle-completion,lifecycle
2026-06-19T16:23:07Z,novelty-http-large-post-lifecycle,lifecycle
2026-06-19T16:23:07Z,novelty-http-title-reload-convergence,lifecycle
2026-06-19T16:23:07Z,novelty-http-same-user-stale-draft,lifecycle
2026-06-19T16:23:07Z,novelty-ws-multi-reload-lifecycle,lifecycle
2026-06-19T16:23:07Z,novelty-ws-many-user-lifecycle-completion,lifecycle
2026-06-19T16:23:07Z,novelty-ws-many-user-lifecycle,lifecycle
2026-06-19T16:23:07Z,novelty-ws-thirty-user-lifecycle,lifecycle
2026-06-19T16:26:54Z,novelty-http-title-reload-convergence,lifecycle
2026-06-19T16:26:54Z,novelty-http-same-user-stale-draft,lifecycle
2026-06-19T16:26:54Z,novelty-ws-multi-reload-lifecycle,lifecycle
2026-06-19T16:26:54Z,novelty-ws-many-user-lifecycle-completion,lifecycle
2026-06-19T16:26:54Z,novelty-ws-many-user-lifecycle,lifecycle
2026-06-19T16:26:54Z,novelty-ws-thirty-user-lifecycle,lifecycle
2026-06-19T16:31:00Z,novelty-ws-multi-reload-lifecycle,lifecycle
2026-06-19T16:35:05Z,novelty-http-title-reload-convergence,lifecycle
2026-06-19T16:35:05Z,novelty-ws-multi-reload-lifecycle,lifecycle
2026-06-19T16:35:05Z,novelty-http-large-post-lifecycle-completion,lifecycle
2026-06-19T16:35:05Z,novelty-ws-thirty-user-lifecycle,lifecycle
2026-06-19T16:39:10Z,novelty-http-title-reload-convergence,lifecycle
2026-06-19T16:39:10Z,novelty-http-same-user-stale-draft,lifecycle
2026-06-19T16:39:10Z,novelty-ws-multi-reload-lifecycle,lifecycle
2026-06-19T16:39:11Z,novelty-ws-thirty-user-lifecycle,lifecycle
2026-06-19T16:43:11Z,novelty-http-title-reload-convergence,lifecycle
2026-06-19T16:43:11Z,novelty-http-same-user-stale-draft,lifecycle
2026-06-19T16:43:11Z,novelty-ws-multi-reload-lifecycle,lifecycle
2026-06-19T16:43:12Z,novelty-ws-thirty-user-lifecycle,lifecycle
2026-06-19T16:47:15Z,novelty-http-title-reload-convergence,lifecycle
2026-06-19T16:47:15Z,novelty-http-same-user-stale-draft,lifecycle
2026-06-19T16:47:15Z,novelty-ws-multi-reload-lifecycle,lifecycle
2026-06-19T16:51:23Z,novelty-http-large-post-lifecycle,lifecycle
2026-06-19T16:51:23Z,novelty-http-title-reload-convergence,lifecycle
2026-06-19T16:51:25Z,novelty-http-same-user-stale-draft,lifecycle
2026-06-19T16:51:25Z,novelty-ws-multi-reload-lifecycle,lifecycle
2026-06-19T16:55:36Z,novelty-http-large-post-lifecycle,lifecycle
2026-06-19T16:55:36Z,novelty-http-title-reload-convergence,lifecycle
2026-06-19T16:55:36Z,novelty-http-same-user-stale-draft,lifecycle
2026-06-19T16:55:36Z,novelty-ws-multi-reload-lifecycle,lifecycle
2026-06-19T17:04:08Z,novelty-http-large-post-lifecycle,lifecycle
2026-06-19T17:04:08Z,novelty-http-title-reload-convergence,lifecycle
2026-06-19T17:04:08Z,novelty-http-same-user-stale-draft,lifecycle
2026-06-19T17:04:08Z,novelty-ws-multi-reload-lifecycle,lifecycle
2026-06-19T17:04:08Z,novelty-http-large-post-lifecycle-completion,lifecycle
2026-06-19T17:04:09Z,novelty-ws-thirty-user-lifecycle,lifecycle
2026-06-19T17:08:37Z,novelty-http-large-post-lifecycle,lifecycle
2026-06-19T17:08:37Z,novelty-http-title-reload-convergence,lifecycle
2026-06-19T17:08:37Z,novelty-http-same-user-stale-draft,lifecycle
2026-06-19T17:08:37Z,novelty-ws-multi-reload-lifecycle,lifecycle
2026-06-19T17:08:37Z,novelty-http-large-post-lifecycle-completion,lifecycle
2026-06-19T17:12:53Z,novelty-http-large-post-lifecycle,lifecycle
2026-06-19T17:12:53Z,novelty-http-title-reload-convergence,lifecycle
2026-06-19T17:12:53Z,novelty-http-same-user-stale-draft,lifecycle
2026-06-19T17:12:53Z,novelty-ws-multi-reload-lifecycle,lifecycle
2026-06-19T17:12:53Z,novelty-http-large-post-lifecycle-completion,lifecycle
2026-06-19T17:17:16Z,novelty-http-large-post-lifecycle,lifecycle
2026-06-19T17:17:16Z,novelty-http-title-reload-convergence,lifecycle
2026-06-19T17:17:16Z,novelty-http-same-user-stale-draft,lifecycle
2026-06-19T17:17:16Z,novelty-ws-multi-reload-lifecycle,lifecycle
2026-06-19T17:17:16Z,novelty-ws-thirty-user-lifecycle,lifecycle
2026-06-19T17:21:47Z,novelty-http-large-post-lifecycle,lifecycle
2026-06-19T17:21:47Z,novelty-http-title-reload-convergence,lifecycle
2026-06-19T17:21:47Z,novelty-http-same-user-stale-draft,lifecycle
2026-06-19T17:21:48Z,novelty-ws-multi-reload-lifecycle,lifecycle
2026-06-19T17:21:48Z,novelty-http-large-post-lifecycle-completion,lifecycle
2026-06-19T17:26:13Z,novelty-http-large-post-lifecycle,lifecycle
2026-06-19T17:26:13Z,novelty-http-title-reload-convergence,lifecycle
2026-06-19T17:26:13Z,novelty-http-same-user-stale-draft,lifecycle
2026-06-19T17:26:13Z,novelty-ws-multi-reload-lifecycle,lifecycle
2026-06-19T17:26:13Z,novelty-http-large-post-lifecycle-completion,lifecycle
2026-06-19T17:30:49Z,novelty-http-large-post-lifecycle,lifecycle
2026-06-19T17:30:49Z,novelty-http-title-reload-convergence,lifecycle
2026-06-19T17:30:49Z,novelty-http-same-user-stale-draft,lifecycle
2026-06-19T17:30:49Z,novelty-ws-multi-reload-lifecycle,lifecycle
2026-06-19T17:30:49Z,novelty-http-large-post-lifecycle-completion,lifecycle
2026-06-19T17:35:22Z,novelty-ws-multi-reload-lifecycle,lifecycle
2026-06-19T17:35:22Z,novelty-ws-thirty-user-lifecycle,lifecycle
2026-06-19T17:40:01Z,novelty-http-large-post-lifecycle,lifecycle
2026-06-19T17:40:01Z,novelty-http-title-reload-convergence,lifecycle
2026-06-19T17:40:01Z,novelty-http-same-user-stale-draft,lifecycle
2026-06-19T17:40:01Z,novelty-ws-multi-reload-lifecycle,lifecycle
2026-06-19T17:40:01Z,novelty-http-large-post-lifecycle-completion,lifecycle
2026-06-19T17:44:35Z,novelty-http-large-post-lifecycle,lifecycle
2026-06-19T17:44:35Z,novelty-http-title-reload-convergence,lifecycle
2026-06-19T17:44:35Z,novelty-http-same-user-stale-draft,lifecycle
2026-06-19T17:44:35Z,novelty-http-large-post-lifecycle-completion,lifecycle
2026-06-19T17:49:13Z,novelty-http-large-post-lifecycle,lifecycle
2026-06-19T17:49:13Z,novelty-http-title-reload-convergence,lifecycle
2026-06-19T17:49:13Z,novelty-http-same-user-stale-draft,lifecycle
2026-06-19T17:49:13Z,novelty-http-large-post-lifecycle-completion,lifecycle
2026-06-19T17:49:13Z,novelty-ws-multi-reload-lifecycle,lifecycle
2026-06-19T17:54:04Z,novelty-http-large-post-lifecycle,lifecycle
2026-06-19T17:54:04Z,novelty-http-title-reload-convergence,lifecycle
2026-06-19T17:54:04Z,novelty-http-same-user-stale-draft,lifecycle
2026-06-19T17:54:04Z,novelty-http-large-post-lifecycle-completion,lifecycle
2026-06-19T17:54:04Z,novelty-ws-multi-reload-lifecycle,lifecycle
2026-06-19T17:58:51Z,novelty-http-large-post-lifecycle,lifecycle
2026-06-19T17:58:51Z,novelty-http-title-reload-convergence,lifecycle
2026-06-19T17:58:51Z,novelty-http-same-user-stale-draft,lifecycle
2026-06-19T17:58:51Z,novelty-http-large-post-lifecycle-completion,lifecycle
2026-06-19T17:58:51Z,novelty-ws-multi-reload-lifecycle,lifecycle
2026-06-19T18:03:39Z,novelty-http-large-post-lifecycle,lifecycle
2026-06-19T18:03:39Z,novelty-http-title-reload-convergence,lifecycle
2026-06-19T18:03:39Z,novelty-http-same-user-stale-draft,lifecycle
2026-06-19T18:03:39Z,novelty-http-large-post-lifecycle-completion,lifecycle
2026-06-19T18:03:39Z,novelty-ws-multi-reload-lifecycle,lifecycle
2026-06-19T18:08:31Z,novelty-http-large-post-lifecycle,lifecycle
2026-06-19T18:08:31Z,novelty-http-title-reload-convergence,lifecycle
2026-06-19T18:08:31Z,novelty-http-same-user-stale-draft,lifecycle
2026-06-19T18:08:31Z,novelty-http-large-post-lifecycle-completion,lifecycle
2026-06-19T18:08:31Z,novelty-ws-multi-reload-lifecycle,lifecycle
2026-06-19T18:08:31Z,novelty-ws-thirty-user-lifecycle,lifecycle
2026-06-19T18:13:35Z,novelty-http-large-post-lifecycle,lifecycle
2026-06-19T18:13:35Z,novelty-http-title-reload-convergence,lifecycle
2026-06-19T18:13:35Z,novelty-http-same-user-stale-draft,lifecycle
2026-06-19T18:13:35Z,novelty-http-large-post-lifecycle-completion,lifecycle
2026-06-19T18:13:35Z,novelty-ws-multi-reload-lifecycle,lifecycle
2026-06-19T18:13:36Z,novelty-ws-thirty-user-lifecycle,lifecycle
2026-06-19T18:18:40Z,novelty-http-large-post-lifecycle,lifecycle
2026-06-19T18:18:40Z,novelty-http-title-reload-convergence,lifecycle
2026-06-19T18:18:40Z,novelty-http-same-user-stale-draft,lifecycle
2026-06-19T18:18:40Z,novelty-http-large-post-lifecycle-completion,lifecycle
2026-06-19T18:18:40Z,novelty-ws-multi-reload-lifecycle,lifecycle
2026-06-19T18:23:41Z,novelty-http-table-stale-snapshot,http
2026-06-19T18:29:11Z,novelty-http-large-post-lifecycle,lifecycle
2026-06-19T18:29:11Z,novelty-http-title-reload-convergence,lifecycle
2026-06-19T18:29:11Z,novelty-http-same-user-stale-draft,lifecycle
2026-06-19T18:29:11Z,novelty-http-large-post-lifecycle-completion,lifecycle
2026-06-19T18:29:11Z,novelty-ws-multi-reload-lifecycle,lifecycle
2026-06-19T18:34:50Z,novelty-http-large-post-lifecycle,lifecycle
2026-06-19T18:34:50Z,novelty-http-title-reload-convergence,lifecycle
2026-06-19T18:34:50Z,novelty-http-same-user-stale-draft,lifecycle
2026-06-19T18:34:50Z,novelty-http-table-stale-snapshot,http
2026-06-19T18:34:50Z,novelty-http-large-post-lifecycle-completion,lifecycle
2026-06-19T18:34:50Z,novelty-ws-multi-reload-lifecycle,lifecycle
2026-06-19T18:34:50Z,novelty-ws-thirty-user-lifecycle,lifecycle
2026-06-19T18:40:28Z,novelty-http-same-user-stale-draft,lifecycle
2026-06-19T18:40:28Z,novelty-http-table-stale-snapshot,http
2026-06-19T18:40:28Z,novelty-ws-multi-reload-lifecycle,lifecycle
2026-06-19T18:46:07Z,novelty-http-large-post-lifecycle,lifecycle
2026-06-19T18:46:07Z,novelty-http-title-reload-convergence,lifecycle
2026-06-19T18:46:07Z,novelty-http-same-user-stale-draft,lifecycle
2026-06-19T18:46:07Z,novelty-http-table-stale-snapshot,http
2026-06-19T18:46:07Z,novelty-ws-collaboration-ui-signals,other
2026-06-19T18:46:07Z,novelty-http-large-post-lifecycle-completion,lifecycle
2026-06-19T18:46:07Z,novelty-ws-multi-reload-lifecycle,lifecycle
2026-06-19T18:51:55Z,novelty-http-large-post-lifecycle,lifecycle
2026-06-19T18:57:38Z,novelty-http-large-post-lifecycle,lifecycle
2026-06-19T18:57:38Z,novelty-http-title-reload-convergence,lifecycle
2026-06-19T18:57:38Z,novelty-http-same-user-stale-draft,lifecycle
2026-06-19T18:57:38Z,novelty-http-table-stale-snapshot,http
2026-06-19T18:57:38Z,novelty-ws-collaboration-ui-signals,other
2026-06-19T18:57:38Z,novelty-http-large-post-lifecycle-completion,lifecycle
2026-06-19T18:57:38Z,novelty-ws-multi-reload-lifecycle,lifecycle
2026-06-19T18:57:38Z,novelty-ws-permissions-auth-locks,auth/locks
2026-06-19T19:03:39Z,novelty-http-large-post-lifecycle,lifecycle
2026-06-19T19:03:39Z,novelty-http-title-reload-convergence,lifecycle
2026-06-19T19:03:39Z,novelty-http-same-user-stale-draft,lifecycle
2026-06-19T19:03:39Z,novelty-http-table-stale-snapshot,http
2026-06-19T19:03:39Z,novelty-ws-collaboration-ui-signals,other
2026-06-19T19:03:39Z,novelty-http-large-post-lifecycle-completion,lifecycle
2026-06-19T19:03:39Z,novelty-ws-multi-reload-lifecycle,lifecycle
2026-06-19T19:03:40Z,novelty-ws-thirty-user-lifecycle,lifecycle
2026-06-19T19:08:54Z,novelty-ws-permissions-auth-locks,auth/locks
2026-06-19T19:09:41Z,novelty-http-large-post-lifecycle,lifecycle
2026-06-19T19:09:41Z,novelty-http-title-reload-convergence,lifecycle
2026-06-19T19:09:41Z,novelty-http-same-user-stale-draft,lifecycle
2026-06-19T19:09:41Z,novelty-http-table-stale-snapshot,http
2026-06-19T19:09:41Z,novelty-ws-collaboration-ui-signals,other
2026-06-19T19:09:41Z,novelty-http-large-post-lifecycle-completion,lifecycle
2026-06-19T19:09:41Z,novelty-ws-thirty-user-lifecycle,lifecycle
2026-06-19T19:15:37Z,novelty-http-large-post-lifecycle,lifecycle
2026-06-19T19:15:37Z,novelty-http-title-reload-convergence,lifecycle
2026-06-19T19:15:37Z,novelty-http-same-user-stale-draft,lifecycle
2026-06-19T19:15:37Z,novelty-http-table-stale-snapshot,http
2026-06-19T19:15:37Z,novelty-http-existing-post-crdt-metadata,http
2026-06-19T19:15:37Z,novelty-http-persistence-probe,persistence
2026-06-19T19:15:37Z,novelty-ws-collaboration-ui-signals,other
2026-06-19T19:15:37Z,novelty-http-large-post-lifecycle-completion,lifecycle
2026-06-19T19:15:42Z,novelty-ws-multi-reload-lifecycle,lifecycle
2026-06-19T19:22:11Z,novelty-http-title-reload-convergence,lifecycle
2026-06-19T19:22:12Z,novelty-http-persistence-probe,persistence
2026-06-19T19:22:12Z,novelty-ws-collaboration-ui-signals,other
2026-06-19T19:22:12Z,novelty-ws-multi-reload-lifecycle,lifecycle
2026-06-19T19:22:12Z,novelty-ws-permissions-auth-locks,auth/locks
2026-06-19T19:28:07Z,novelty-ws-permissions-auth-locks,auth/locks
2026-06-19T19:28:44Z,novelty-http-persistence-probe,persistence
2026-06-19T19:28:44Z,novelty-ws-collaboration-ui-signals,other
2026-06-19T19:28:44Z,novelty-ws-multi-reload-lifecycle,lifecycle
2026-06-19T19:28:45Z,novelty-ws-real-user-coverage-bridge,real-user
2026-06-19T19:28:45Z,novelty-ws-thirty-user-lifecycle,lifecycle
2026-06-19T19:34:43Z,novelty-ws-permissions-auth-locks,auth/locks
2026-06-19T19:35:16Z,novelty-http-persistence-probe,persistence
2026-06-19T19:35:16Z,novelty-ws-parser-serialization,parser
2026-06-19T19:35:16Z,novelty-ws-collaboration-ui-signals,other
2026-06-19T19:35:16Z,novelty-ws-multi-reload-lifecycle,lifecycle
2026-06-19T19:35:16Z,novelty-ws-real-user-coverage-bridge,real-user
2026-06-19T19:41:09Z,novelty-ws-permissions-auth-locks,auth/locks
2026-06-19T19:41:46Z,novelty-http-persistence-probe,persistence
2026-06-19T19:41:46Z,novelty-ws-parser-serialization,parser
2026-06-19T19:41:46Z,novelty-ws-multi-reload-lifecycle,lifecycle
2026-06-19T19:41:47Z,novelty-ws-real-user-coverage-bridge,real-user
2026-06-19T19:41:47Z,novelty-ws-thirty-user-lifecycle,lifecycle
2026-06-19T19:47:39Z,novelty-ws-permissions-auth-locks,auth/locks
2026-06-19T19:48:20Z,novelty-http-large-post-lifecycle,lifecycle
2026-06-19T19:48:20Z,novelty-http-title-reload-convergence,lifecycle
2026-06-19T19:48:20Z,novelty-http-same-user-stale-draft,lifecycle
2026-06-19T19:48:20Z,novelty-http-persistence-probe,persistence
2026-06-19T19:48:20Z,novelty-ws-parser-serialization,parser
2026-06-19T19:48:20Z,novelty-ws-collaboration-ui-signals,other
2026-06-19T19:48:22Z,novelty-ws-multi-reload-lifecycle,lifecycle
2026-06-19T19:48:25Z,novelty-ws-permissions-auth-locks,auth/locks
2026-06-19T19:54:34Z,novelty-ws-permissions-auth-locks,auth/locks
2026-06-19T19:55:20Z,novelty-http-large-post-lifecycle,lifecycle
2026-06-19T19:55:20Z,novelty-http-title-reload-convergence,lifecycle
2026-06-19T19:55:20Z,novelty-http-same-user-stale-draft,lifecycle
2026-06-19T19:55:20Z,novelty-http-table-stale-snapshot,http
2026-06-19T19:55:20Z,novelty-http-persistence-probe,persistence
2026-06-19T19:55:20Z,novelty-ws-parser-serialization,parser
2026-06-19T19:55:20Z,novelty-ws-collaboration-ui-signals,other
2026-06-19T19:55:20Z,novelty-http-large-post-lifecycle-completion,lifecycle
2026-06-19T19:55:20Z,novelty-ws-multi-reload-lifecycle,lifecycle
2026-06-19T19:55:23Z,novelty-ws-real-user-coverage-bridge,real-user
2026-06-19T20:01:28Z,novelty-ws-permissions-auth-locks,auth/locks
2026-06-19T20:02:08Z,novelty-http-persistence-probe,persistence
2026-06-19T20:02:08Z,novelty-ws-multi-reload-lifecycle,lifecycle
2026-06-19T20:02:08Z,novelty-ws-real-user-coverage-bridge,real-user
2026-06-19T20:08:24Z,novelty-ws-permissions-auth-locks,auth/locks
2026-06-19T20:09:02Z,novelty-http-large-post-lifecycle,lifecycle
2026-06-19T20:09:02Z,novelty-http-title-reload-convergence,lifecycle
2026-06-19T20:09:02Z,novelty-http-same-user-stale-draft,lifecycle
2026-06-19T20:09:02Z,novelty-http-persistence-probe,persistence
2026-06-19T20:09:02Z,novelty-ws-parser-serialization,parser
2026-06-19T20:09:02Z,novelty-ws-collaboration-ui-signals,other
2026-06-19T20:09:04Z,novelty-ws-multi-reload-lifecycle,lifecycle
2026-06-19T20:09:07Z,novelty-ws-permissions-auth-locks,auth/locks
2026-06-19T20:15:15Z,novelty-ws-permissions-auth-locks,auth/locks
2026-06-19T20:15:51Z,novelty-http-persistence-probe,persistence
2026-06-19T20:15:51Z,novelty-ws-parser-serialization,parser
2026-06-19T20:15:51Z,novelty-ws-collaboration-ui-signals,other
2026-06-19T20:15:51Z,novelty-ws-multi-reload-lifecycle,lifecycle
2026-06-19T20:15:51Z,novelty-ws-real-user-coverage-bridge,real-user
2026-06-19T20:15:51Z,novelty-ws-thirty-user-lifecycle,lifecycle
2026-06-19T20:22:10Z,novelty-ws-permissions-auth-locks,auth/locks
2026-06-19T20:22:36Z,novelty-http-large-post-lifecycle,lifecycle
2026-06-19T20:22:36Z,novelty-http-same-user-stale-draft,lifecycle
2026-06-19T20:22:36Z,novelty-http-persistence-probe,persistence
2026-06-19T20:22:36Z,novelty-ws-parser-serialization,parser
2026-06-19T20:22:36Z,novelty-ws-collaboration-ui-signals,other
2026-06-19T20:22:38Z,novelty-ws-multi-reload-lifecycle,lifecycle
2026-06-19T20:22:41Z,novelty-ws-permissions-auth-locks,auth/locks
2026-06-19T20:29:01Z,novelty-ws-permissions-auth-locks,auth/locks
2026-06-19T20:29:36Z,novelty-http-title-reload-convergence,lifecycle
2026-06-19T20:29:36Z,novelty-ws-parser-serialization,parser
2026-06-19T20:29:36Z,novelty-ws-real-user-coverage-bridge,real-user
2026-06-19T20:36:14Z,novelty-ws-permissions-auth-locks,auth/locks
2026-06-19T20:36:52Z,novelty-http-large-post-lifecycle,lifecycle
2026-06-19T20:36:52Z,novelty-http-title-reload-convergence,lifecycle
2026-06-19T20:36:52Z,novelty-http-same-user-stale-draft,lifecycle
2026-06-19T20:36:52Z,novelty-http-persistence-probe,persistence
2026-06-19T20:36:52Z,novelty-ws-parser-serialization,parser
2026-06-19T20:36:52Z,novelty-ws-collaboration-ui-signals,other
2026-06-19T20:36:54Z,novelty-ws-multi-reload-lifecycle,lifecycle
2026-06-19T20:36:59Z,novelty-ws-permissions-auth-locks,auth/locks
2026-06-19T20:43:29Z,novelty-ws-permissions-auth-locks,auth/locks
2026-06-19T20:44:03Z,novelty-http-large-post-lifecycle,lifecycle
2026-06-19T20:44:03Z,novelty-http-title-reload-convergence,lifecycle
2026-06-19T20:44:03Z,novelty-http-same-user-stale-draft,lifecycle
2026-06-19T20:44:03Z,novelty-ws-parser-serialization,parser
2026-06-19T20:44:03Z,novelty-ws-collaboration-ui-signals,other
2026-06-19T20:44:03Z,novelty-http-persistence-probe,persistence
2026-06-19T20:44:05Z,novelty-ws-multi-reload-lifecycle,lifecycle
2026-06-19T20:44:11Z,novelty-ws-permissions-auth-locks,auth/locks
2026-06-19T20:51:22Z,novelty-http-large-post-lifecycle,lifecycle
2026-06-19T20:51:22Z,novelty-http-title-reload-convergence,lifecycle
2026-06-19T20:51:22Z,novelty-http-same-user-stale-draft,lifecycle
2026-06-19T20:51:22Z,novelty-http-table-stale-snapshot,http
2026-06-19T20:51:22Z,novelty-http-persistence-probe,persistence
2026-06-19T20:51:22Z,novelty-ws-multi-reload-lifecycle,lifecycle
2026-06-19T20:51:23Z,novelty-ws-real-user-coverage-bridge,real-user
2026-06-19T20:58:35Z,novelty-http-large-post-lifecycle,lifecycle
2026-06-19T20:58:35Z,novelty-http-title-reload-convergence,lifecycle
2026-06-19T20:58:35Z,novelty-http-same-user-stale-draft,lifecycle
2026-06-19T20:58:35Z,novelty-http-table-stale-snapshot,http
2026-06-19T20:58:35Z,novelty-ws-parser-serialization,parser
2026-06-19T20:58:35Z,novelty-ws-collaboration-ui-signals,other
2026-06-19T20:58:35Z,novelty-http-persistence-probe,persistence
2026-06-19T20:58:37Z,novelty-ws-multi-reload-lifecycle,lifecycle
2026-06-19T20:58:40Z,novelty-ws-permissions-auth-locks,auth/locks
2026-06-19T21:06:09Z,novelty-http-large-post-lifecycle,lifecycle
2026-06-19T21:06:09Z,novelty-http-title-reload-convergence,lifecycle
2026-06-19T21:06:09Z,novelty-http-same-user-stale-draft,lifecycle
2026-06-19T21:06:09Z,novelty-http-table-stale-snapshot,http
2026-06-19T21:06:09Z,novelty-ws-parser-serialization,parser
2026-06-19T21:06:09Z,novelty-ws-collaboration-ui-signals,other
2026-06-19T21:06:09Z,novelty-http-persistence-probe,persistence
2026-06-19T21:06:11Z,novelty-ws-multi-reload-lifecycle,lifecycle
2026-06-19T21:06:14Z,novelty-ws-permissions-auth-locks,auth/locks
2026-06-19T21:13:42Z,novelty-ws-parser-serialization,parser
2026-06-19T21:13:42Z,novelty-ws-collaboration-ui-signals,other
2026-06-19T21:13:42Z,novelty-http-persistence-probe,persistence
2026-06-19T21:13:42Z,novelty-ws-multi-reload-lifecycle,lifecycle
2026-06-19T21:13:43Z,novelty-ws-real-user-coverage-bridge,real-user
2026-06-19T21:21:14Z,novelty-http-table-stale-snapshot,http
2026-06-19T21:21:14Z,novelty-ws-parser-serialization,parser
2026-06-19T21:21:14Z,novelty-http-persistence-probe,persistence
2026-06-19T21:21:14Z,novelty-ws-multi-reload-lifecycle,lifecycle
2026-06-19T21:21:14Z,novelty-ws-real-user-coverage-bridge,real-user
2026-06-19T21:21:14Z,novelty-ws-thirty-user-lifecycle,lifecycle
2026-06-19T21:28:37Z,novelty-ws-parser-transform,parser
2026-06-19T21:28:37Z,novelty-http-large-post-lifecycle,lifecycle
2026-06-19T21:28:37Z,novelty-http-title-reload-convergence,lifecycle
2026-06-19T21:28:37Z,novelty-http-same-user-stale-draft,lifecycle
2026-06-19T21:28:37Z,novelty-http-table-stale-snapshot,http
2026-06-19T21:28:37Z,novelty-ws-parser-serialization,parser
2026-06-19T21:28:37Z,novelty-ws-collaboration-ui-signals,other
2026-06-19T21:28:39Z,novelty-http-persistence-probe,persistence
2026-06-19T21:28:42Z,novelty-ws-permissions-auth-locks,auth/locks
2026-06-19T21:35:50Z,novelty-ws-permissions-auth-locks,auth/locks
2026-06-19T21:36:29Z,novelty-http-large-post-lifecycle,lifecycle
2026-06-19T21:36:29Z,novelty-http-title-reload-convergence,lifecycle
2026-06-19T21:36:29Z,novelty-http-same-user-stale-draft,lifecycle
2026-06-19T21:36:29Z,novelty-http-table-stale-snapshot,http
2026-06-19T21:36:29Z,novelty-ws-parser-serialization,parser
2026-06-19T21:36:29Z,novelty-ws-collaboration-ui-signals,other
2026-06-19T21:36:32Z,novelty-http-persistence-probe,persistence
2026-06-19T21:36:34Z,novelty-ws-permissions-auth-locks,auth/locks
2026-06-19T21:43:31Z,novelty-ws-many-user-lifecycle-completion,lifecycle
2026-06-19T21:43:37Z,novelty-ws-permissions-auth-locks,auth/locks
2026-06-19T21:43:43Z,novelty-ws-media-cross-entity,async/media
2026-06-19T21:44:09Z,novelty-http-large-post-lifecycle,lifecycle
2026-06-19T21:44:09Z,novelty-http-title-reload-convergence,lifecycle
2026-06-19T21:44:09Z,novelty-http-same-user-stale-draft,lifecycle
2026-06-19T21:44:09Z,novelty-http-table-stale-snapshot,http
2026-06-19T21:44:11Z,novelty-ws-parser-serialization,parser
2026-06-19T21:44:16Z,novelty-ws-permissions-auth-locks,auth/locks
2026-06-19T21:51:25Z,novelty-ws-parser-transform,parser
2026-06-19T21:51:31Z,novelty-ws-permissions-auth-locks,auth/locks
2026-06-19T21:51:37Z,novelty-ws-long-session-large-doc,lifecycle
2026-06-19T21:51:40Z,novelty-ws-media-cross-entity,async/media
2026-06-19T21:52:05Z,novelty-http-large-post-lifecycle,lifecycle
2026-06-19T21:52:05Z,novelty-http-title-reload-convergence,lifecycle
2026-06-19T21:52:05Z,novelty-http-same-user-stale-draft,lifecycle
2026-06-19T21:52:05Z,novelty-http-table-stale-snapshot,http
2026-06-19T21:52:08Z,novelty-http-existing-post-crdt-metadata,http
2026-06-19T21:59:12Z,novelty-ws-parser-transform,parser
2026-06-19T21:59:20Z,novelty-ws-long-session-large-doc,lifecycle
2026-06-19T21:59:25Z,novelty-ws-media-cross-entity,async/media
2026-06-19T21:59:54Z,novelty-http-large-post-lifecycle,lifecycle
2026-06-19T21:59:54Z,novelty-http-title-reload-convergence,lifecycle
2026-06-19T21:59:54Z,novelty-http-same-user-stale-draft,lifecycle
2026-06-19T21:59:54Z,novelty-http-table-stale-snapshot,http
2026-06-19T21:59:54Z,novelty-http-existing-post-crdt-metadata,http
2026-06-19T22:06:58Z,novelty-ws-parser-transform,parser
2026-06-19T22:07:04Z,novelty-ws-long-session-large-doc,lifecycle
2026-06-19T22:07:10Z,novelty-ws-media-cross-entity,async/media
2026-06-19T22:07:44Z,novelty-http-large-post-lifecycle,lifecycle
2026-06-19T22:07:44Z,novelty-http-title-reload-convergence,lifecycle
2026-06-19T22:07:44Z,novelty-http-same-user-stale-draft,lifecycle
2026-06-19T22:07:44Z,novelty-http-table-stale-snapshot,http
2026-06-19T22:07:44Z,novelty-http-existing-post-crdt-metadata,http
2026-06-19T22:14:40Z,novelty-ws-parser-transform,parser
2026-06-19T22:14:47Z,novelty-ws-long-session-large-doc,lifecycle
2026-06-19T22:14:53Z,novelty-ws-media-cross-entity,async/media
2026-06-19T22:15:22Z,novelty-http-large-post-lifecycle,lifecycle
2026-06-19T22:15:22Z,novelty-http-title-reload-convergence,lifecycle
2026-06-19T22:15:22Z,novelty-http-same-user-stale-draft,lifecycle
2026-06-19T22:15:22Z,novelty-http-table-stale-snapshot,http
2026-06-19T22:22:20Z,novelty-ws-parser-transform,parser
2026-06-19T22:22:24Z,novelty-ws-long-session-large-doc,lifecycle
2026-06-19T22:22:30Z,novelty-ws-media-cross-entity,async/media
2026-06-19T22:22:58Z,novelty-http-large-post-lifecycle,lifecycle
2026-06-19T22:22:58Z,novelty-http-title-reload-convergence,lifecycle
2026-06-19T22:22:58Z,novelty-http-same-user-stale-draft,lifecycle
2026-06-19T22:22:58Z,novelty-http-table-stale-snapshot,http
2026-06-19T22:22:58Z,novelty-http-existing-post-crdt-metadata,http
2026-06-19T22:29:53Z,novelty-ws-parser-transform,parser
2026-06-19T22:29:59Z,novelty-ws-long-session-large-doc,lifecycle
2026-06-19T22:30:04Z,novelty-ws-media-cross-entity,async/media
2026-06-19T22:30:37Z,novelty-http-large-post-lifecycle,lifecycle
2026-06-19T22:30:37Z,novelty-http-title-reload-convergence,lifecycle
2026-06-19T22:30:37Z,novelty-http-same-user-stale-draft,lifecycle
2026-06-19T22:30:37Z,novelty-http-table-stale-snapshot,http
2026-06-19T22:30:37Z,novelty-http-existing-post-crdt-metadata,http
2026-06-19T22:37:36Z,novelty-ws-parser-transform,parser
2026-06-19T22:37:42Z,novelty-ws-long-session-large-doc,lifecycle
2026-06-19T22:37:48Z,novelty-ws-media-cross-entity,async/media
2026-06-19T22:38:20Z,novelty-http-large-post-lifecycle,lifecycle
2026-06-19T22:38:20Z,novelty-http-title-reload-convergence,lifecycle
2026-06-19T22:38:20Z,novelty-http-same-user-stale-draft,lifecycle
2026-06-19T22:38:20Z,novelty-http-table-stale-snapshot,http
2026-06-19T22:38:20Z,novelty-http-existing-post-crdt-metadata,http
2026-06-19T22:45:36Z,novelty-ws-parser-transform,parser
2026-06-19T22:45:43Z,novelty-ws-long-session-large-doc,lifecycle
2026-06-19T22:45:49Z,novelty-ws-media-cross-entity,async/media
2026-06-19T22:46:20Z,novelty-http-large-post-lifecycle,lifecycle
2026-06-19T22:46:20Z,novelty-http-title-reload-convergence,lifecycle
2026-06-19T22:46:20Z,novelty-http-same-user-stale-draft,lifecycle
2026-06-19T22:46:20Z,novelty-http-table-stale-snapshot,http
2026-06-19T22:46:20Z,novelty-http-existing-post-crdt-metadata,http
2026-06-19T22:53:22Z,novelty-ws-long-session-large-doc,lifecycle
2026-06-19T22:53:31Z,novelty-ws-media-cross-entity,async/media
2026-06-19T22:54:06Z,novelty-http-large-post-lifecycle,lifecycle
2026-06-19T22:54:06Z,novelty-http-title-reload-convergence,lifecycle
2026-06-19T22:54:06Z,novelty-http-same-user-stale-draft,lifecycle
2026-06-19T22:54:06Z,novelty-http-table-stale-snapshot,http
2026-06-19T22:54:06Z,novelty-http-existing-post-crdt-metadata,http
2026-06-19T23:01:07Z,novelty-ws-parser-transform,parser
2026-06-19T23:01:13Z,novelty-ws-long-session-large-doc,lifecycle
2026-06-19T23:01:19Z,novelty-ws-media-cross-entity,async/media
2026-06-19T23:01:52Z,novelty-http-large-post-lifecycle,lifecycle
2026-06-19T23:01:52Z,novelty-http-title-reload-convergence,lifecycle
2026-06-19T23:01:52Z,novelty-http-same-user-stale-draft,lifecycle
2026-06-19T23:01:52Z,novelty-http-table-stale-snapshot,http
2026-06-19T23:01:52Z,novelty-http-existing-post-crdt-metadata,http
2026-06-19T23:08:56Z,novelty-ws-parser-transform,parser
2026-06-19T23:09:02Z,novelty-ws-long-session-large-doc,lifecycle
2026-06-19T23:09:07Z,novelty-ws-media-cross-entity,async/media
2026-06-19T23:09:35Z,novelty-http-large-post-lifecycle,lifecycle
2026-06-19T23:09:35Z,novelty-http-title-reload-convergence,lifecycle
2026-06-19T23:09:35Z,novelty-http-same-user-stale-draft,lifecycle
2026-06-19T23:09:35Z,novelty-http-table-stale-snapshot,http
2026-06-19T23:16:39Z,novelty-ws-parser-transform,parser
2026-06-19T23:16:42Z,novelty-ws-long-session-large-doc,lifecycle
2026-06-19T23:16:48Z,novelty-ws-media-cross-entity,async/media
2026-06-19T23:17:17Z,novelty-http-large-post-lifecycle,lifecycle
2026-06-19T23:17:17Z,novelty-http-title-reload-convergence,lifecycle
2026-06-19T23:17:17Z,novelty-http-same-user-stale-draft,lifecycle
2026-06-19T23:17:17Z,novelty-http-table-stale-snapshot,http
2026-06-19T23:17:17Z,novelty-http-existing-post-crdt-metadata,http
2026-06-19T23:24:17Z,novelty-ws-parser-transform,parser
2026-06-19T23:24:23Z,novelty-ws-long-session-large-doc,lifecycle
2026-06-19T23:24:29Z,novelty-ws-media-cross-entity,async/media
2026-06-19T23:24:56Z,novelty-http-large-post-lifecycle,lifecycle
2026-06-19T23:24:56Z,novelty-http-title-reload-convergence,lifecycle
2026-06-19T23:24:56Z,novelty-http-same-user-stale-draft,lifecycle
2026-06-19T23:24:56Z,novelty-http-table-stale-snapshot,http
2026-06-19T23:25:02Z,novelty-ws-permissions-auth-locks,auth/locks
2026-06-19T23:32:14Z,novelty-ws-parser-transform,parser
2026-06-19T23:32:19Z,novelty-ws-permissions-auth-locks,auth/locks
2026-06-19T23:32:25Z,novelty-ws-long-session-large-doc,lifecycle
2026-06-19T23:32:30Z,novelty-ws-media-cross-entity,async/media
2026-06-19T23:32:59Z,novelty-http-large-post-lifecycle,lifecycle
2026-06-19T23:32:59Z,novelty-http-title-reload-convergence,lifecycle
2026-06-19T23:32:59Z,novelty-http-same-user-stale-draft,lifecycle
2026-06-19T23:32:59Z,novelty-http-table-stale-snapshot,http
2026-06-19T23:33:02Z,novelty-http-existing-post-crdt-metadata,http
2026-06-19T23:40:12Z,novelty-ws-parser-transform,parser
2026-06-19T23:40:17Z,novelty-ws-long-session-large-doc,lifecycle
2026-06-19T23:40:23Z,novelty-ws-media-cross-entity,async/media
2026-06-19T23:40:53Z,novelty-http-large-post-lifecycle,lifecycle
2026-06-19T23:40:53Z,novelty-http-title-reload-convergence,lifecycle
2026-06-19T23:40:53Z,novelty-http-same-user-stale-draft,lifecycle
2026-06-19T23:40:53Z,novelty-http-table-stale-snapshot,http
2026-06-19T23:40:53Z,novelty-http-existing-post-crdt-metadata,http
2026-06-19T23:47:56Z,novelty-ws-parser-transform,parser
2026-06-19T23:48:02Z,novelty-ws-long-session-large-doc,lifecycle
2026-06-19T23:48:05Z,novelty-ws-media-cross-entity,async/media
2026-06-19T23:48:36Z,novelty-http-large-post-lifecycle,lifecycle
2026-06-19T23:48:36Z,novelty-http-title-reload-convergence,lifecycle
2026-06-19T23:48:36Z,novelty-http-same-user-stale-draft,lifecycle
2026-06-19T23:48:36Z,novelty-http-table-stale-snapshot,http
2026-06-19T23:55:49Z,novelty-ws-parser-transform,parser
2026-06-19T23:55:53Z,novelty-ws-long-session-large-doc,lifecycle
2026-06-19T23:56:00Z,novelty-ws-media-cross-entity,async/media
2026-06-19T23:56:28Z,novelty-http-large-post-lifecycle,lifecycle
2026-06-19T23:56:28Z,novelty-http-title-reload-convergence,lifecycle
2026-06-19T23:56:28Z,novelty-http-same-user-stale-draft,lifecycle
2026-06-19T23:56:28Z,novelty-http-table-stale-snapshot,http
2026-06-20T00:03:44Z,novelty-ws-parser-transform,parser
2026-06-20T00:03:50Z,novelty-ws-long-session-large-doc,lifecycle
2026-06-20T00:03:56Z,novelty-ws-media-cross-entity,async/media
2026-06-20T00:04:30Z,novelty-http-large-post-lifecycle,lifecycle
2026-06-20T00:04:30Z,novelty-http-title-reload-convergence,lifecycle
2026-06-20T00:04:30Z,novelty-http-same-user-stale-draft,lifecycle
2026-06-20T00:04:30Z,novelty-http-table-stale-snapshot,http
2026-06-20T00:04:30Z,novelty-http-existing-post-crdt-metadata,http
2026-06-20T00:11:38Z,novelty-ws-long-session-large-doc,lifecycle
2026-06-20T00:11:45Z,novelty-ws-media-cross-entity,async/media
2026-06-20T00:12:17Z,novelty-http-large-post-lifecycle,lifecycle
2026-06-20T00:12:17Z,novelty-http-title-reload-convergence,lifecycle
2026-06-20T00:12:17Z,novelty-http-same-user-stale-draft,lifecycle
2026-06-20T00:12:17Z,novelty-http-table-stale-snapshot,http
2026-06-20T00:12:17Z,novelty-http-existing-post-crdt-metadata,http
2026-06-20T00:19:24Z,novelty-ws-parser-transform,parser
2026-06-20T00:19:28Z,novelty-ws-long-session-large-doc,lifecycle
2026-06-20T00:19:31Z,novelty-ws-media-cross-entity,async/media
2026-06-20T00:20:12Z,novelty-http-large-post-lifecycle,lifecycle
2026-06-20T00:20:12Z,novelty-http-title-reload-convergence,lifecycle
2026-06-20T00:20:12Z,novelty-http-same-user-stale-draft,lifecycle
2026-06-20T00:20:12Z,novelty-http-table-stale-snapshot,http
2026-06-20T00:20:12Z,novelty-http-existing-post-crdt-metadata,http
2026-06-20T00:27:34Z,novelty-ws-parser-transform,parser
2026-06-20T00:27:45Z,novelty-ws-long-session-large-doc,lifecycle
2026-06-20T00:27:54Z,novelty-ws-media-cross-entity,async/media
2026-06-20T00:28:27Z,novelty-http-large-post-lifecycle,lifecycle
2026-06-20T00:28:27Z,novelty-http-title-reload-convergence,lifecycle
2026-06-20T00:28:27Z,novelty-http-same-user-stale-draft,lifecycle
2026-06-20T00:28:27Z,novelty-http-table-stale-snapshot,http
2026-06-20T00:28:27Z,novelty-http-existing-post-crdt-metadata,http
2026-06-20T00:35:42Z,novelty-ws-parser-transform,parser
2026-06-20T00:35:51Z,novelty-ws-long-session-large-doc,lifecycle
2026-06-20T00:35:57Z,novelty-ws-media-cross-entity,async/media
2026-06-20T00:36:26Z,novelty-http-large-post-lifecycle,lifecycle
2026-06-20T00:36:26Z,novelty-http-title-reload-convergence,lifecycle
2026-06-20T00:36:26Z,novelty-http-same-user-stale-draft,lifecycle
2026-06-20T00:36:26Z,novelty-http-table-stale-snapshot,http
2026-06-20T00:36:26Z,novelty-http-existing-post-crdt-metadata,http
2026-06-20T00:43:44Z,novelty-ws-parser-transform,parser
2026-06-20T00:43:51Z,novelty-ws-many-user-lifecycle-completion,lifecycle
2026-06-20T00:43:57Z,novelty-ws-long-session-large-doc,lifecycle
2026-06-20T00:44:04Z,novelty-ws-media-cross-entity,async/media
2026-06-20T00:44:34Z,novelty-http-large-post-lifecycle,lifecycle
2026-06-20T00:44:34Z,novelty-http-title-reload-convergence,lifecycle
2026-06-20T00:44:34Z,novelty-http-same-user-stale-draft,lifecycle
2026-06-20T00:44:34Z,novelty-http-table-stale-snapshot,http
2026-06-20T00:44:34Z,novelty-http-existing-post-crdt-metadata,http
2026-06-20T00:51:55Z,novelty-ws-parser-transform,parser
2026-06-20T00:51:58Z,novelty-ws-long-session-large-doc,lifecycle
2026-06-20T00:52:04Z,novelty-ws-media-cross-entity,async/media
2026-06-20T00:52:34Z,novelty-http-large-post-lifecycle,lifecycle
2026-06-20T00:52:34Z,novelty-http-title-reload-convergence,lifecycle
2026-06-20T00:52:34Z,novelty-http-same-user-stale-draft,lifecycle
2026-06-20T00:52:34Z,novelty-http-table-stale-snapshot,http
2026-06-20T00:52:34Z,novelty-http-existing-post-crdt-metadata,http
2026-06-20T00:59:41Z,novelty-ws-long-session-large-doc,lifecycle
2026-06-20T00:59:47Z,novelty-ws-media-cross-entity,async/media
2026-06-20T01:00:26Z,novelty-http-large-post-lifecycle,lifecycle
2026-06-20T01:00:26Z,novelty-http-title-reload-convergence,lifecycle
2026-06-20T01:00:26Z,novelty-http-same-user-stale-draft,lifecycle
2026-06-20T01:00:26Z,novelty-http-table-stale-snapshot,http
2026-06-20T01:00:26Z,novelty-http-existing-post-crdt-metadata,http
2026-06-20T01:07:42Z,novelty-ws-parser-transform,parser
2026-06-20T01:07:48Z,novelty-ws-long-session-large-doc,lifecycle
2026-06-20T01:07:55Z,novelty-ws-media-cross-entity,async/media
2026-06-20T01:08:29Z,novelty-http-large-post-lifecycle,lifecycle
2026-06-20T01:08:29Z,novelty-http-title-reload-convergence,lifecycle
2026-06-20T01:08:29Z,novelty-http-same-user-stale-draft,lifecycle
2026-06-20T01:08:29Z,novelty-http-table-stale-snapshot,http
2026-06-20T01:08:29Z,novelty-http-existing-post-crdt-metadata,http
2026-06-20T01:15:47Z,novelty-ws-parser-transform,parser
2026-06-20T01:15:56Z,novelty-ws-long-session-large-doc,lifecycle
2026-06-20T01:16:03Z,novelty-ws-media-cross-entity,async/media
2026-06-20T01:16:34Z,novelty-http-large-post-lifecycle,lifecycle
2026-06-20T01:16:34Z,novelty-http-title-reload-convergence,lifecycle
2026-06-20T01:16:34Z,novelty-http-same-user-stale-draft,lifecycle
2026-06-20T01:16:34Z,novelty-http-table-stale-snapshot,http
2026-06-20T01:16:34Z,novelty-http-existing-post-crdt-metadata,http
2026-06-20T01:23:52Z,novelty-ws-parser-transform,parser
2026-06-20T01:23:57Z,novelty-ws-long-session-large-doc,lifecycle
2026-06-20T01:24:02Z,novelty-ws-media-cross-entity,async/media
2026-06-20T01:24:35Z,novelty-http-large-post-lifecycle,lifecycle
2026-06-20T01:24:35Z,novelty-http-title-reload-convergence,lifecycle
2026-06-20T01:24:35Z,novelty-http-same-user-stale-draft,lifecycle
2026-06-20T01:24:35Z,novelty-http-table-stale-snapshot,http
2026-06-20T01:24:35Z,novelty-http-existing-post-crdt-metadata,http
2026-06-20T01:32:06Z,novelty-ws-parser-transform,parser
2026-06-20T01:32:12Z,novelty-ws-long-session-large-doc,lifecycle
2026-06-20T01:32:18Z,novelty-ws-media-cross-entity,async/media
2026-06-20T01:32:49Z,novelty-http-large-post-lifecycle,lifecycle
2026-06-20T01:32:49Z,novelty-http-title-reload-convergence,lifecycle
2026-06-20T01:32:49Z,novelty-http-same-user-stale-draft,lifecycle
2026-06-20T01:32:49Z,novelty-http-table-stale-snapshot,http
2026-06-20T01:32:49Z,novelty-http-existing-post-crdt-metadata,http
2026-06-20T01:43:40Z,novelty-ws-real-user-editing,real-user
2026-06-20T01:43:43Z,novelty-ws-parser-serialization,parser
2026-06-20T01:43:45Z,novelty-ws-three-user-late-join,lifecycle
2026-06-20T01:51:09Z,novelty-ws-parser-transform,parser
2026-06-20T01:51:15Z,novelty-ws-many-user-lifecycle-completion,lifecycle
2026-06-20T01:51:21Z,novelty-ws-thirty-user-lifecycle,lifecycle
2026-06-20T01:51:24Z,novelty-ws-media-cross-entity-completion,async/media
2026-06-20T01:51:30Z,novelty-ws-permissions-auth-locks,auth/locks
2026-06-20T01:51:37Z,novelty-ws-long-session-large-doc,lifecycle
2026-06-20T01:51:43Z,novelty-ws-media-cross-entity,async/media
2026-06-20T01:51:51Z,novelty-http-large-post-lifecycle,lifecycle
2026-06-20T01:51:53Z,novelty-http-title-reload-convergence,lifecycle
2026-06-20T01:51:57Z,novelty-ws-permissions-auth-locks,auth/locks
2026-06-20T01:59:35Z,novelty-ws-parser-transform,parser
2026-06-20T01:59:41Z,novelty-ws-many-user-lifecycle-completion,lifecycle
2026-06-20T01:59:46Z,novelty-ws-permissions-auth-locks,auth/locks
2026-06-20T01:59:52Z,novelty-ws-long-session-large-doc,lifecycle
2026-06-20T01:59:58Z,novelty-ws-media-cross-entity,async/media
2026-06-20T02:00:14Z,novelty-http-large-post-lifecycle,lifecycle
2026-06-20T02:00:14Z,novelty-http-title-reload-convergence,lifecycle
2026-06-20T02:00:17Z,novelty-http-same-user-stale-draft,lifecycle
2026-06-20T02:07:49Z,novelty-ws-parser-transform,parser
2026-06-20T02:07:55Z,novelty-ws-many-user-lifecycle-completion,lifecycle
2026-06-20T02:08:01Z,novelty-ws-long-session-large-doc,lifecycle
2026-06-20T02:08:07Z,novelty-ws-media-cross-entity,async/media
2026-06-20T02:08:29Z,novelty-http-large-post-lifecycle,lifecycle
2026-06-20T02:08:29Z,novelty-http-title-reload-convergence,lifecycle
2026-06-20T02:08:29Z,novelty-http-same-user-stale-draft,lifecycle
2026-06-20T02:16:07Z,novelty-ws-parser-transform,parser
2026-06-20T02:16:12Z,novelty-ws-many-user-lifecycle-completion,lifecycle
2026-06-20T02:16:18Z,novelty-ws-long-session-large-doc,lifecycle
2026-06-20T02:16:24Z,novelty-ws-media-cross-entity,async/media
2026-06-20T02:16:48Z,novelty-http-large-post-lifecycle,lifecycle
2026-06-20T02:16:48Z,novelty-http-title-reload-convergence,lifecycle
2026-06-20T02:16:48Z,novelty-http-same-user-stale-draft,lifecycle
2026-06-20T02:24:28Z,novelty-ws-parser-transform,parser
2026-06-20T02:24:37Z,novelty-ws-many-user-lifecycle-completion,lifecycle
2026-06-20T02:24:43Z,novelty-ws-long-session-large-doc,lifecycle
2026-06-20T02:24:49Z,novelty-ws-media-cross-entity,async/media
2026-06-20T02:25:12Z,novelty-http-large-post-lifecycle,lifecycle
2026-06-20T02:25:12Z,novelty-http-title-reload-convergence,lifecycle
2026-06-20T02:25:12Z,novelty-http-same-user-stale-draft,lifecycle
2026-06-20T02:32:59Z,novelty-ws-parser-transform,parser
2026-06-20T02:33:04Z,novelty-ws-many-user-lifecycle-completion,lifecycle
2026-06-20T02:33:10Z,novelty-ws-long-session-large-doc,lifecycle
2026-06-20T02:33:16Z,novelty-ws-media-cross-entity,async/media
2026-06-20T02:33:40Z,novelty-http-large-post-lifecycle,lifecycle
2026-06-20T02:33:40Z,novelty-http-title-reload-convergence,lifecycle
2026-06-20T02:33:40Z,novelty-http-same-user-stale-draft,lifecycle
2026-06-20T02:40:26Z,novelty-ws-parser-transform,parser
2026-06-20T02:40:32Z,novelty-ws-many-user-lifecycle-completion,lifecycle
2026-06-20T02:40:40Z,novelty-ws-many-user-lifecycle,lifecycle
2026-06-20T02:40:44Z,novelty-ws-long-session-large-doc,lifecycle
2026-06-20T02:40:51Z,novelty-ws-media-cross-entity,async/media
2026-06-20T02:41:10Z,novelty-http-large-post-lifecycle,lifecycle
2026-06-20T02:41:10Z,novelty-http-title-reload-convergence,lifecycle
2026-06-20T02:41:10Z,novelty-http-same-user-stale-draft,lifecycle
2026-06-20T02:41:13Z,novelty-ws-thirty-user-lifecycle,lifecycle
2026-06-20T02:44:32Z,novelty-ws-long-session-large-doc,lifecycle
2026-06-20T02:44:41Z,novelty-ws-media-cross-entity,async/media
2026-06-20T02:45:09Z,novelty-http-large-post-lifecycle,lifecycle
2026-06-20T02:45:09Z,novelty-http-title-reload-convergence,lifecycle
2026-06-20T02:45:09Z,novelty-http-same-user-stale-draft,lifecycle
2026-06-20T02:45:09Z,novelty-http-persistence-probe,persistence
2026-06-20T02:45:11Z,novelty-ws-thirty-user-lifecycle,lifecycle
2026-06-20T02:48:31Z,novelty-ws-media-cross-entity,async/media
2026-06-20T02:48:56Z,novelty-http-large-post-lifecycle,lifecycle
2026-06-20T02:48:56Z,novelty-http-same-user-stale-draft,lifecycle
2026-06-20T02:48:56Z,novelty-http-persistence-probe,persistence
2026-06-20T02:48:56Z,novelty-ws-parser-serialization,parser
2026-06-20T02:48:58Z,novelty-ws-permissions-auth-locks,auth/locks
2026-06-20T02:52:46Z,novelty-ws-permissions-auth-locks,auth/locks
2026-06-20T02:52:52Z,novelty-ws-media-cross-entity,async/media
2026-06-20T02:53:45Z,novelty-http-large-post-lifecycle,lifecycle
2026-06-20T02:53:45Z,novelty-http-title-reload-convergence,lifecycle
2026-06-20T02:53:45Z,novelty-http-same-user-stale-draft,lifecycle
2026-06-20T02:53:45Z,novelty-http-table-stale-snapshot,http
2026-06-20T02:53:45Z,novelty-http-existing-post-crdt-metadata,http
2026-06-20T02:53:45Z,novelty-http-persistence-probe,persistence
2026-06-20T02:53:45Z,novelty-ws-parser-serialization,parser
2026-06-20T02:53:45Z,novelty-ws-multi-reload-lifecycle,lifecycle
2026-06-20T02:53:47Z,novelty-ws-collaboration-ui-signals,other
2026-06-20T02:53:50Z,novelty-ws-permissions-auth-locks,auth/locks
2026-06-20T02:57:33Z,novelty-ws-real-user-editing,real-user
2026-06-20T02:57:36Z,novelty-ws-parser-serialization,parser
2026-06-20T02:57:39Z,novelty-ws-three-user-late-join,lifecycle
2026-06-20T03:01:22Z,novelty-ws-permissions-auth-locks,auth/locks
2026-06-20T03:01:28Z,novelty-ws-media-cross-entity,async/media
2026-06-20T03:02:19Z,novelty-http-large-post-lifecycle,lifecycle
2026-06-20T03:02:19Z,novelty-http-title-reload-convergence,lifecycle
2026-06-20T03:02:19Z,novelty-http-same-user-stale-draft,lifecycle
2026-06-20T03:02:19Z,novelty-http-table-stale-snapshot,http
2026-06-20T03:02:19Z,novelty-http-existing-post-crdt-metadata,http
2026-06-20T03:02:19Z,novelty-ws-parser-serialization,parser
2026-06-20T03:02:19Z,novelty-ws-multi-reload-lifecycle,lifecycle
2026-06-20T03:02:19Z,novelty-ws-collaboration-ui-signals,other
2026-06-20T03:02:22Z,novelty-http-large-post-lifecycle-completion,lifecycle
2026-06-20T03:02:24Z,novelty-ws-permissions-auth-locks,auth/locks
2026-06-20T03:06:10Z,novelty-ws-permissions-auth-locks,auth/locks
2026-06-20T03:06:46Z,novelty-http-large-post-lifecycle,lifecycle
2026-06-20T03:06:46Z,novelty-http-title-reload-convergence,lifecycle
2026-06-20T03:06:46Z,novelty-http-same-user-stale-draft,lifecycle
2026-06-20T03:06:46Z,novelty-http-table-stale-snapshot,http
2026-06-20T03:06:46Z,novelty-ws-parser-serialization,parser
2026-06-20T03:06:46Z,novelty-ws-multi-reload-lifecycle,lifecycle
2026-06-20T03:06:49Z,novelty-ws-collaboration-ui-signals,other
2026-06-20T03:06:51Z,novelty-ws-permissions-auth-locks,auth/locks
2026-06-20T03:10:29Z,novelty-ws-permissions-auth-locks,auth/locks
2026-06-20T03:11:10Z,novelty-http-large-post-lifecycle,lifecycle
2026-06-20T03:11:10Z,novelty-http-title-reload-convergence,lifecycle
2026-06-20T03:11:10Z,novelty-http-same-user-stale-draft,lifecycle
2026-06-20T03:11:10Z,novelty-http-table-stale-snapshot,http
2026-06-20T03:11:10Z,novelty-ws-parser-serialization,parser
2026-06-20T03:11:10Z,novelty-ws-multi-reload-lifecycle,lifecycle
2026-06-20T03:11:13Z,novelty-ws-collaboration-ui-signals,other
2026-06-20T03:11:16Z,novelty-ws-permissions-auth-locks,auth/locks
2026-06-20T03:15:47Z,novelty-http-large-post-lifecycle,lifecycle
2026-06-20T03:15:47Z,novelty-http-title-reload-convergence,lifecycle
2026-06-20T03:15:47Z,novelty-http-same-user-stale-draft,lifecycle
2026-06-20T03:15:47Z,novelty-http-table-stale-snapshot,http
2026-06-20T03:15:47Z,novelty-ws-parser-serialization,parser
2026-06-20T03:15:47Z,novelty-ws-multi-reload-lifecycle,lifecycle
2026-06-20T03:15:47Z,novelty-ws-collaboration-ui-signals,other
2026-06-20T03:15:51Z,novelty-ws-long-session-large-doc,lifecycle
2026-06-20T03:19:34Z,novelty-ws-long-session-large-doc,lifecycle
2026-06-20T03:20:25Z,novelty-http-large-post-lifecycle,lifecycle
2026-06-20T03:20:25Z,novelty-http-title-reload-convergence,lifecycle
2026-06-20T03:20:25Z,novelty-http-same-user-stale-draft,lifecycle
2026-06-20T03:20:25Z,novelty-http-table-stale-snapshot,http
2026-06-20T03:20:25Z,novelty-http-existing-post-crdt-metadata,http
2026-06-20T03:20:25Z,novelty-ws-parser-serialization,parser
2026-06-20T03:20:25Z,novelty-ws-multi-reload-lifecycle,lifecycle
2026-06-20T03:20:25Z,novelty-ws-collaboration-ui-signals,other
2026-06-20T03:20:27Z,novelty-http-large-post-lifecycle-completion,lifecycle
2026-06-20T03:20:30Z,novelty-ws-thirty-user-lifecycle,lifecycle
2026-06-20T03:20:33Z,novelty-ws-permissions-auth-locks,auth/locks
2026-06-20T03:24:42Z,novelty-ws-real-user-editing,real-user
2026-06-20T03:24:45Z,novelty-ws-parser-serialization,parser
2026-06-20T03:24:48Z,novelty-ws-three-user-late-join,lifecycle
2026-06-20T03:29:19Z,novelty-ws-permissions-auth-locks,auth/locks
2026-06-20T03:30:09Z,novelty-http-large-post-lifecycle,lifecycle
2026-06-20T03:30:09Z,novelty-http-title-reload-convergence,lifecycle
2026-06-20T03:30:09Z,novelty-http-same-user-stale-draft,lifecycle
2026-06-20T03:30:09Z,novelty-http-table-stale-snapshot,http
2026-06-20T03:30:09Z,novelty-ws-parser-serialization,parser
2026-06-20T03:30:09Z,novelty-ws-multi-reload-lifecycle,lifecycle
2026-06-20T03:30:09Z,novelty-ws-collaboration-ui-signals,other
2026-06-20T03:30:12Z,novelty-ws-long-session-large-doc,lifecycle
2026-06-20T03:34:29Z,novelty-ws-long-session-large-doc,lifecycle
2026-06-20T03:35:19Z,novelty-http-large-post-lifecycle,lifecycle
2026-06-20T03:35:19Z,novelty-http-title-reload-convergence,lifecycle
2026-06-20T03:35:19Z,novelty-http-same-user-stale-draft,lifecycle
2026-06-20T03:35:19Z,novelty-http-table-stale-snapshot,http
2026-06-20T03:35:19Z,novelty-http-existing-post-crdt-metadata,http
2026-06-20T03:35:19Z,novelty-ws-parser-serialization,parser
2026-06-20T03:35:19Z,novelty-ws-multi-reload-lifecycle,lifecycle
2026-06-20T03:35:19Z,novelty-ws-collaboration-ui-signals,other
2026-06-20T03:35:19Z,novelty-http-large-post-lifecycle-completion,lifecycle
2026-06-20T03:35:21Z,novelty-ws-thirty-user-lifecycle,lifecycle
2026-06-20T03:35:24Z,novelty-ws-long-session-large-doc,lifecycle
2026-06-20T03:40:29Z,novelty-http-large-post-lifecycle,lifecycle
2026-06-20T03:40:29Z,novelty-http-title-reload-convergence,lifecycle
2026-06-20T03:40:29Z,novelty-http-same-user-stale-draft,lifecycle
2026-06-20T03:40:29Z,novelty-http-table-stale-snapshot,http
2026-06-20T03:40:29Z,novelty-ws-parser-serialization,parser
2026-06-20T03:40:29Z,novelty-ws-multi-reload-lifecycle,lifecycle
2026-06-20T03:40:29Z,novelty-ws-collaboration-ui-signals,other
2026-06-20T03:40:32Z,novelty-ws-thirty-user-lifecycle,lifecycle
2026-06-20T03:40:35Z,novelty-ws-long-session-large-doc,lifecycle
2026-06-20T03:45:44Z,novelty-http-large-post-lifecycle,lifecycle
2026-06-20T03:45:44Z,novelty-http-title-reload-convergence,lifecycle
2026-06-20T03:45:44Z,novelty-http-same-user-stale-draft,lifecycle
2026-06-20T03:45:44Z,novelty-http-table-stale-snapshot,http
2026-06-20T03:45:44Z,novelty-http-existing-post-crdt-metadata,http
2026-06-20T03:45:44Z,novelty-ws-parser-serialization,parser
2026-06-20T03:45:44Z,novelty-ws-multi-reload-lifecycle,lifecycle
2026-06-20T03:45:44Z,novelty-ws-collaboration-ui-signals,other
2026-06-20T03:45:44Z,novelty-http-large-post-lifecycle-completion,lifecycle
2026-06-20T03:45:47Z,novelty-ws-thirty-user-lifecycle,lifecycle
2026-06-20T03:45:50Z,novelty-ws-long-session-large-doc,lifecycle
2026-06-20T03:51:08Z,novelty-http-large-post-lifecycle,lifecycle
2026-06-20T03:51:08Z,novelty-http-title-reload-convergence,lifecycle
2026-06-20T03:51:08Z,novelty-http-same-user-stale-draft,lifecycle
2026-06-20T03:51:08Z,novelty-http-table-stale-snapshot,http
2026-06-20T03:51:08Z,novelty-ws-parser-serialization,parser
2026-06-20T03:51:08Z,novelty-ws-multi-reload-lifecycle,lifecycle
2026-06-20T03:51:08Z,novelty-ws-collaboration-ui-signals,other
2026-06-20T03:51:14Z,novelty-ws-thirty-user-lifecycle,lifecycle
2026-06-20T03:51:17Z,novelty-ws-long-session-large-doc,lifecycle
2026-06-20T03:56:40Z,novelty-http-large-post-lifecycle,lifecycle
2026-06-20T03:56:40Z,novelty-http-title-reload-convergence,lifecycle
2026-06-20T03:56:40Z,novelty-http-same-user-stale-draft,lifecycle
2026-06-20T03:56:40Z,novelty-http-table-stale-snapshot,http
2026-06-20T03:56:40Z,novelty-http-existing-post-crdt-metadata,http
2026-06-20T03:56:40Z,novelty-ws-parser-serialization,parser
2026-06-20T03:56:40Z,novelty-ws-collaboration-ui-signals,other
2026-06-20T03:56:40Z,novelty-http-large-post-lifecycle-completion,lifecycle
2026-06-20T03:56:40Z,novelty-http-persistence-probe,persistence
2026-06-20T03:56:40Z,novelty-ws-thirty-user-lifecycle,lifecycle
2026-06-20T03:56:44Z,novelty-ws-real-user-coverage-bridge,real-user
2026-06-20T04:01:52Z,novelty-http-large-post-lifecycle,lifecycle
2026-06-20T04:01:52Z,novelty-http-title-reload-convergence,lifecycle
2026-06-20T04:01:52Z,novelty-http-same-user-stale-draft,lifecycle
2026-06-20T04:01:52Z,novelty-http-table-stale-snapshot,http
2026-06-20T04:01:52Z,novelty-ws-parser-serialization,parser
2026-06-20T04:01:52Z,novelty-ws-collaboration-ui-signals,other
2026-06-20T04:01:52Z,novelty-http-persistence-probe,persistence
2026-06-20T04:01:52Z,novelty-ws-multi-reload-lifecycle,lifecycle
2026-06-20T04:01:59Z,novelty-ws-thirty-user-lifecycle,lifecycle
2026-06-20T04:02:03Z,novelty-ws-real-user-coverage-bridge,real-user
2026-06-20T04:07:23Z,novelty-http-large-post-lifecycle,lifecycle
2026-06-20T04:07:23Z,novelty-http-title-reload-convergence,lifecycle
2026-06-20T04:07:23Z,novelty-http-same-user-stale-draft,lifecycle
2026-06-20T04:07:23Z,novelty-http-table-stale-snapshot,http
2026-06-20T04:07:23Z,novelty-ws-parser-serialization,parser
2026-06-20T04:07:23Z,novelty-ws-collaboration-ui-signals,other
2026-06-20T04:07:23Z,novelty-http-persistence-probe,persistence
2026-06-20T04:07:26Z,novelty-ws-thirty-user-lifecycle,lifecycle
2026-06-20T04:07:30Z,novelty-ws-real-user-coverage-bridge,real-user
2026-06-20T04:13:05Z,novelty-http-large-post-lifecycle,lifecycle
2026-06-20T04:13:05Z,novelty-http-title-reload-convergence,lifecycle
2026-06-20T04:13:05Z,novelty-http-same-user-stale-draft,lifecycle
2026-06-20T04:13:05Z,novelty-http-table-stale-snapshot,http
2026-06-20T04:13:05Z,novelty-http-existing-post-crdt-metadata,http
2026-06-20T04:13:05Z,novelty-ws-parser-serialization,parser
2026-06-20T04:13:05Z,novelty-ws-collaboration-ui-signals,other
2026-06-20T04:13:05Z,novelty-http-large-post-lifecycle-completion,lifecycle
2026-06-20T04:13:05Z,novelty-http-persistence-probe,persistence
2026-06-20T04:13:05Z,novelty-ws-multi-reload-lifecycle,lifecycle
2026-06-20T04:13:08Z,novelty-ws-thirty-user-lifecycle,lifecycle
2026-06-20T04:13:12Z,novelty-ws-real-user-coverage-bridge,real-user
2026-06-20T04:18:35Z,novelty-http-large-post-lifecycle,lifecycle
2026-06-20T04:18:35Z,novelty-http-title-reload-convergence,lifecycle
2026-06-20T04:18:35Z,novelty-http-same-user-stale-draft,lifecycle
2026-06-20T04:18:35Z,novelty-http-table-stale-snapshot,http
2026-06-20T04:18:35Z,novelty-ws-parser-serialization,parser
2026-06-20T04:18:35Z,novelty-ws-collaboration-ui-signals,other
2026-06-20T04:18:35Z,novelty-http-persistence-probe,persistence
2026-06-20T04:18:38Z,novelty-ws-thirty-user-lifecycle,lifecycle
2026-06-20T04:18:43Z,novelty-ws-real-user-coverage-bridge,real-user
2026-06-20T04:23:30Z,novelty-ws-real-user-rich-text,real-user
2026-06-20T04:23:43Z,novelty-ws-real-user-editing,real-user
2026-06-20T04:23:45Z,novelty-ws-parser-serialization,parser
2026-06-20T04:23:51Z,novelty-ws-thirty-user-lifecycle,lifecycle
2026-06-20T04:23:55Z,novelty-ws-three-user-late-join,lifecycle
2026-06-20T04:30:08Z,novelty-http-large-post-lifecycle,lifecycle
2026-06-20T04:30:08Z,novelty-http-title-reload-convergence,lifecycle
2026-06-20T04:30:08Z,novelty-http-same-user-stale-draft,lifecycle
2026-06-20T04:30:08Z,novelty-http-table-stale-snapshot,http
2026-06-20T04:30:08Z,novelty-http-existing-post-crdt-metadata,http
2026-06-20T04:30:08Z,novelty-ws-parser-serialization,parser
2026-06-20T04:30:08Z,novelty-ws-collaboration-ui-signals,other
2026-06-20T04:30:08Z,novelty-http-persistence-probe,persistence
2026-06-20T04:30:08Z,novelty-ws-multi-reload-lifecycle,lifecycle
2026-06-20T04:30:10Z,novelty-ws-thirty-user-lifecycle,lifecycle
2026-06-20T04:30:14Z,novelty-ws-real-user-coverage-bridge,real-user
2026-06-20T04:36:11Z,novelty-http-large-post-lifecycle,lifecycle
2026-06-20T04:36:11Z,novelty-http-title-reload-convergence,lifecycle
2026-06-20T04:36:11Z,novelty-http-same-user-stale-draft,lifecycle
2026-06-20T04:36:11Z,novelty-http-table-stale-snapshot,http
2026-06-20T04:36:11Z,novelty-ws-parser-serialization,parser
2026-06-20T04:36:11Z,novelty-ws-collaboration-ui-signals,other
2026-06-20T04:36:11Z,novelty-http-persistence-probe,persistence
2026-06-20T04:36:13Z,novelty-ws-thirty-user-lifecycle,lifecycle
2026-06-20T04:36:17Z,novelty-ws-real-user-coverage-bridge,real-user
2026-06-20T04:42:16Z,novelty-http-large-post-lifecycle,lifecycle
2026-06-20T04:42:16Z,novelty-http-title-reload-convergence,lifecycle
2026-06-20T04:42:16Z,novelty-http-same-user-stale-draft,lifecycle
2026-06-20T04:42:16Z,novelty-ws-parser-serialization,parser
2026-06-20T04:42:16Z,novelty-ws-collaboration-ui-signals,other
2026-06-20T04:42:16Z,novelty-http-persistence-probe,persistence
2026-06-20T04:42:16Z,novelty-ws-multi-reload-lifecycle,lifecycle
2026-06-20T04:42:19Z,novelty-ws-thirty-user-lifecycle,lifecycle
2026-06-20T04:42:23Z,novelty-ws-real-user-coverage-bridge,real-user
2026-06-20T04:47:44Z,novelty-ws-real-user-editing,real-user
2026-06-20T04:47:47Z,novelty-ws-parser-serialization,parser
2026-06-20T04:47:49Z,novelty-ws-thirty-user-lifecycle,lifecycle
2026-06-20T04:47:52Z,novelty-ws-three-user-late-join,lifecycle
2026-06-20T04:54:03Z,novelty-http-large-post-lifecycle,lifecycle
2026-06-20T04:54:03Z,novelty-http-title-reload-convergence,lifecycle
2026-06-20T04:54:03Z,novelty-http-same-user-stale-draft,lifecycle
2026-06-20T04:54:03Z,novelty-http-table-stale-snapshot,http
2026-06-20T04:54:03Z,novelty-ws-parser-serialization,parser
2026-06-20T04:54:03Z,novelty-ws-collaboration-ui-signals,other
2026-06-20T04:54:03Z,novelty-http-persistence-probe,persistence
2026-06-20T04:54:03Z,novelty-ws-multi-reload-lifecycle,lifecycle
2026-06-20T04:54:06Z,novelty-ws-thirty-user-lifecycle,lifecycle
2026-06-20T04:54:12Z,novelty-ws-real-user-coverage-bridge,real-user
2026-06-20T05:00:08Z,novelty-http-large-post-lifecycle,lifecycle
2026-06-20T05:00:08Z,novelty-http-title-reload-convergence,lifecycle
2026-06-20T05:00:08Z,novelty-http-same-user-stale-draft,lifecycle
2026-06-20T05:00:08Z,novelty-http-table-stale-snapshot,http
2026-06-20T05:00:08Z,novelty-ws-parser-serialization,parser
2026-06-20T05:00:08Z,novelty-ws-collaboration-ui-signals,other
2026-06-20T05:00:08Z,novelty-http-persistence-probe,persistence
2026-06-20T05:00:14Z,novelty-ws-thirty-user-lifecycle,lifecycle
2026-06-20T05:00:18Z,novelty-ws-real-user-coverage-bridge,real-user
2026-06-20T05:06:41Z,novelty-http-large-post-lifecycle,lifecycle
2026-06-20T05:06:41Z,novelty-http-title-reload-convergence,lifecycle
2026-06-20T05:06:41Z,novelty-http-same-user-stale-draft,lifecycle
2026-06-20T05:06:41Z,novelty-http-table-stale-snapshot,http
2026-06-20T05:06:41Z,novelty-http-existing-post-crdt-metadata,http
2026-06-20T05:06:41Z,novelty-ws-parser-serialization,parser
2026-06-20T05:06:41Z,novelty-ws-collaboration-ui-signals,other
2026-06-20T05:06:41Z,novelty-http-large-post-lifecycle-completion,lifecycle
2026-06-20T05:06:41Z,novelty-http-persistence-probe,persistence
2026-06-20T05:06:41Z,novelty-ws-multi-reload-lifecycle,lifecycle
2026-06-20T05:06:44Z,novelty-ws-thirty-user-lifecycle,lifecycle
2026-06-20T05:06:48Z,novelty-ws-real-user-coverage-bridge,real-user
2026-06-20T05:13:02Z,novelty-http-large-post-lifecycle,lifecycle
2026-06-20T05:13:02Z,novelty-http-title-reload-convergence,lifecycle
2026-06-20T05:13:02Z,novelty-http-same-user-stale-draft,lifecycle
2026-06-20T05:13:02Z,novelty-http-table-stale-snapshot,http
2026-06-20T05:13:02Z,novelty-http-existing-post-crdt-metadata,http
2026-06-20T05:13:02Z,novelty-ws-parser-serialization,parser
2026-06-20T05:13:02Z,novelty-ws-collaboration-ui-signals,other
2026-06-20T05:13:02Z,novelty-http-large-post-lifecycle-completion,lifecycle
2026-06-20T05:13:02Z,novelty-http-persistence-probe,persistence
2026-06-20T05:13:05Z,novelty-ws-thirty-user-lifecycle,lifecycle
2026-06-20T05:13:09Z,novelty-ws-real-user-coverage-bridge,real-user
2026-06-20T05:19:24Z,novelty-http-large-post-lifecycle,lifecycle
2026-06-20T05:19:24Z,novelty-http-title-reload-convergence,lifecycle
2026-06-20T05:19:24Z,novelty-http-same-user-stale-draft,lifecycle
2026-06-20T05:19:24Z,novelty-ws-parser-serialization,parser
2026-06-20T05:19:24Z,novelty-ws-collaboration-ui-signals,other
2026-06-20T05:19:24Z,novelty-http-persistence-probe,persistence
2026-06-20T05:19:24Z,novelty-ws-multi-reload-lifecycle,lifecycle
2026-06-20T05:19:28Z,novelty-ws-thirty-user-lifecycle,lifecycle
2026-06-20T05:19:32Z,novelty-ws-real-user-coverage-bridge,real-user
2026-06-20T05:25:56Z,novelty-http-large-post-lifecycle,lifecycle
2026-06-20T05:25:56Z,novelty-http-title-reload-convergence,lifecycle
2026-06-20T05:25:56Z,novelty-http-same-user-stale-draft,lifecycle
2026-06-20T05:25:56Z,novelty-http-table-stale-snapshot,http
2026-06-20T05:25:56Z,novelty-ws-parser-serialization,parser
2026-06-20T05:25:56Z,novelty-ws-collaboration-ui-signals,other
2026-06-20T05:25:56Z,novelty-http-persistence-probe,persistence
2026-06-20T05:25:59Z,novelty-ws-thirty-user-lifecycle,lifecycle
2026-06-20T05:26:02Z,novelty-ws-real-user-coverage-bridge,real-user
2026-06-20T05:32:33Z,novelty-http-large-post-lifecycle,lifecycle
2026-06-20T05:32:33Z,novelty-http-title-reload-convergence,lifecycle
2026-06-20T05:32:33Z,novelty-http-same-user-stale-draft,lifecycle
2026-06-20T05:32:33Z,novelty-http-table-stale-snapshot,http
2026-06-20T05:32:33Z,novelty-http-existing-post-crdt-metadata,http
2026-06-20T05:32:33Z,novelty-ws-parser-serialization,parser
2026-06-20T05:32:33Z,novelty-ws-collaboration-ui-signals,other
2026-06-20T05:32:33Z,novelty-http-large-post-lifecycle-completion,lifecycle
2026-06-20T05:32:33Z,novelty-http-persistence-probe,persistence
2026-06-20T05:32:33Z,novelty-ws-multi-reload-lifecycle,lifecycle
2026-06-20T05:32:36Z,novelty-ws-thirty-user-lifecycle,lifecycle
2026-06-20T05:32:40Z,novelty-ws-real-user-coverage-bridge,real-user
2026-06-20T05:39:09Z,novelty-http-large-post-lifecycle,lifecycle
2026-06-20T05:39:09Z,novelty-http-title-reload-convergence,lifecycle
2026-06-20T05:39:09Z,novelty-http-same-user-stale-draft,lifecycle
2026-06-20T05:39:09Z,novelty-http-table-stale-snapshot,http
2026-06-20T05:39:09Z,novelty-ws-parser-serialization,parser
2026-06-20T05:39:09Z,novelty-ws-collaboration-ui-signals,other
2026-06-20T05:39:09Z,novelty-http-persistence-probe,persistence
2026-06-20T05:39:12Z,novelty-ws-thirty-user-lifecycle,lifecycle
2026-06-20T05:39:16Z,novelty-ws-real-user-coverage-bridge,real-user
2026-06-20T05:45:37Z,novelty-http-large-post-lifecycle,lifecycle
2026-06-20T05:45:37Z,novelty-http-title-reload-convergence,lifecycle
2026-06-20T05:45:37Z,novelty-http-same-user-stale-draft,lifecycle
2026-06-20T05:45:37Z,novelty-ws-parser-serialization,parser
2026-06-20T05:45:37Z,novelty-ws-collaboration-ui-signals,other
2026-06-20T05:45:37Z,novelty-http-persistence-probe,persistence
2026-06-20T05:45:37Z,novelty-ws-multi-reload-lifecycle,lifecycle
2026-06-20T05:45:40Z,novelty-ws-thirty-user-lifecycle,lifecycle
2026-06-20T05:45:44Z,novelty-ws-real-user-coverage-bridge,real-user
2026-06-20T05:52:16Z,novelty-http-large-post-lifecycle,lifecycle
2026-06-20T05:52:16Z,novelty-http-title-reload-convergence,lifecycle
2026-06-20T05:52:16Z,novelty-http-same-user-stale-draft,lifecycle
2026-06-20T05:52:16Z,novelty-http-table-stale-snapshot,http
2026-06-20T05:52:16Z,novelty-ws-parser-serialization,parser
2026-06-20T05:52:16Z,novelty-ws-collaboration-ui-signals,other
2026-06-20T05:52:16Z,novelty-http-persistence-probe,persistence
2026-06-20T05:52:19Z,novelty-ws-thirty-user-lifecycle,lifecycle
2026-06-20T05:52:23Z,novelty-ws-real-user-coverage-bridge,real-user
2026-06-20T05:59:13Z,novelty-http-large-post-lifecycle,lifecycle
2026-06-20T05:59:13Z,novelty-http-title-reload-convergence,lifecycle
2026-06-20T05:59:13Z,novelty-http-same-user-stale-draft,lifecycle
2026-06-20T05:59:13Z,novelty-http-table-stale-snapshot,http
2026-06-20T05:59:13Z,novelty-ws-parser-serialization,parser
2026-06-20T05:59:13Z,novelty-ws-collaboration-ui-signals,other
2026-06-20T05:59:13Z,novelty-http-persistence-probe,persistence
2026-06-20T05:59:13Z,novelty-ws-multi-reload-lifecycle,lifecycle
2026-06-20T05:59:17Z,novelty-ws-thirty-user-lifecycle,lifecycle
2026-06-20T05:59:21Z,novelty-ws-real-user-coverage-bridge,real-user
2026-06-20T06:06:05Z,novelty-http-large-post-lifecycle,lifecycle
2026-06-20T06:06:05Z,novelty-http-title-reload-convergence,lifecycle
2026-06-20T06:06:05Z,novelty-http-same-user-stale-draft,lifecycle
2026-06-20T06:06:05Z,novelty-http-table-stale-snapshot,http
2026-06-20T06:06:05Z,novelty-ws-parser-serialization,parser
2026-06-20T06:06:05Z,novelty-ws-collaboration-ui-signals,other
2026-06-20T06:06:05Z,novelty-http-persistence-probe,persistence
2026-06-20T06:06:08Z,novelty-ws-thirty-user-lifecycle,lifecycle
2026-06-20T06:06:12Z,novelty-ws-real-user-coverage-bridge,real-user
2026-06-20T06:13:27Z,novelty-http-large-post-lifecycle,lifecycle
2026-06-20T06:13:27Z,novelty-http-title-reload-convergence,lifecycle
2026-06-20T06:13:27Z,novelty-http-same-user-stale-draft,lifecycle
2026-06-20T06:13:27Z,novelty-http-table-stale-snapshot,http
2026-06-20T06:13:27Z,novelty-ws-collaboration-ui-signals,other
2026-06-20T06:13:27Z,novelty-http-persistence-probe,persistence
2026-06-20T06:13:27Z,novelty-ws-parser-serialization,parser
2026-06-20T06:13:27Z,novelty-ws-multi-reload-lifecycle,lifecycle
2026-06-20T06:13:30Z,novelty-ws-thirty-user-lifecycle,lifecycle
2026-06-20T06:20:20Z,novelty-http-large-post-lifecycle,lifecycle
2026-06-20T06:20:20Z,novelty-http-title-reload-convergence,lifecycle
2026-06-20T06:20:20Z,novelty-http-same-user-stale-draft,lifecycle
2026-06-20T06:20:20Z,novelty-http-table-stale-snapshot,http
2026-06-20T06:20:20Z,novelty-ws-collaboration-ui-signals,other
2026-06-20T06:20:20Z,novelty-http-persistence-probe,persistence
2026-06-20T06:20:20Z,novelty-ws-multi-reload-lifecycle,lifecycle
2026-06-20T06:20:23Z,novelty-ws-thirty-user-lifecycle,lifecycle
2026-06-20T06:27:21Z,novelty-http-large-post-lifecycle,lifecycle
2026-06-20T06:27:21Z,novelty-http-title-reload-convergence,lifecycle
2026-06-20T06:27:21Z,novelty-http-same-user-stale-draft,lifecycle
2026-06-20T06:27:21Z,novelty-http-table-stale-snapshot,http
2026-06-20T06:27:21Z,novelty-http-existing-post-crdt-metadata,http
2026-06-20T06:27:21Z,novelty-ws-collaboration-ui-signals,other
2026-06-20T06:27:21Z,novelty-http-large-post-lifecycle-completion,lifecycle
2026-06-20T06:27:21Z,novelty-http-persistence-probe,persistence
2026-06-20T06:27:21Z,novelty-ws-multi-reload-lifecycle,lifecycle
2026-06-20T06:27:23Z,novelty-ws-thirty-user-lifecycle,lifecycle
2026-06-20T06:34:27Z,novelty-http-large-post-lifecycle,lifecycle
2026-06-20T06:34:27Z,novelty-http-title-reload-convergence,lifecycle
2026-06-20T06:34:27Z,novelty-http-same-user-stale-draft,lifecycle
2026-06-20T06:34:27Z,novelty-http-table-stale-snapshot,http
2026-06-20T06:34:27Z,novelty-ws-collaboration-ui-signals,other
2026-06-20T06:34:27Z,novelty-http-persistence-probe,persistence
2026-06-20T06:34:27Z,novelty-ws-multi-reload-lifecycle,lifecycle
2026-06-20T06:34:30Z,novelty-ws-thirty-user-lifecycle,lifecycle
2026-06-20T06:41:30Z,novelty-http-large-post-lifecycle,lifecycle
2026-06-20T06:41:30Z,novelty-http-title-reload-convergence,lifecycle
2026-06-20T06:41:30Z,novelty-http-same-user-stale-draft,lifecycle
2026-06-20T06:41:30Z,novelty-http-table-stale-snapshot,http
2026-06-20T06:41:30Z,novelty-ws-collaboration-ui-signals,other
2026-06-20T06:41:30Z,novelty-http-persistence-probe,persistence
2026-06-20T06:41:30Z,novelty-ws-multi-reload-lifecycle,lifecycle
2026-06-20T06:41:33Z,novelty-ws-thirty-user-lifecycle,lifecycle
2026-06-20T06:48:49Z,novelty-http-large-post-lifecycle,lifecycle
2026-06-20T06:48:49Z,novelty-http-title-reload-convergence,lifecycle
2026-06-20T06:48:49Z,novelty-http-same-user-stale-draft,lifecycle
2026-06-20T06:48:49Z,novelty-ws-collaboration-ui-signals,other
2026-06-20T06:48:49Z,novelty-http-persistence-probe,persistence
2026-06-20T06:48:49Z,novelty-ws-multi-reload-lifecycle,lifecycle
2026-06-20T06:48:51Z,novelty-ws-thirty-user-lifecycle,lifecycle
2026-06-20T06:55:14Z,novelty-ws-parser-serialization,parser
2026-06-20T06:56:03Z,novelty-http-large-post-lifecycle,lifecycle
2026-06-20T06:56:03Z,novelty-http-title-reload-convergence,lifecycle
2026-06-20T06:56:03Z,novelty-http-same-user-stale-draft,lifecycle
2026-06-20T06:56:03Z,novelty-http-table-stale-snapshot,http
2026-06-20T06:56:03Z,novelty-ws-collaboration-ui-signals,other
2026-06-20T06:56:03Z,novelty-http-persistence-probe,persistence
2026-06-20T06:56:03Z,novelty-ws-multi-reload-lifecycle,lifecycle
2026-06-20T06:56:06Z,novelty-ws-thirty-user-lifecycle,lifecycle
2026-06-20T07:03:28Z,novelty-http-large-post-lifecycle,lifecycle
2026-06-20T07:03:28Z,novelty-http-title-reload-convergence,lifecycle
2026-06-20T07:03:28Z,novelty-http-same-user-stale-draft,lifecycle
2026-06-20T07:03:28Z,novelty-http-table-stale-snapshot,http
2026-06-20T07:03:28Z,novelty-ws-collaboration-ui-signals,other
2026-06-20T07:03:28Z,novelty-http-persistence-probe,persistence
2026-06-20T07:03:28Z,novelty-ws-multi-reload-lifecycle,lifecycle
2026-06-20T07:03:31Z,novelty-ws-thirty-user-lifecycle,lifecycle
2026-06-20T07:10:50Z,novelty-http-large-post-lifecycle,lifecycle
2026-06-20T07:10:50Z,novelty-http-title-reload-convergence,lifecycle
2026-06-20T07:10:50Z,novelty-http-same-user-stale-draft,lifecycle
2026-06-20T07:10:50Z,novelty-http-table-stale-snapshot,http
2026-06-20T07:10:50Z,novelty-ws-collaboration-ui-signals,other
2026-06-20T07:10:50Z,novelty-http-persistence-probe,persistence
2026-06-20T07:10:50Z,novelty-ws-multi-reload-lifecycle,lifecycle
2026-06-20T07:10:56Z,novelty-ws-thirty-user-lifecycle,lifecycle
2026-06-20T07:18:07Z,novelty-http-large-post-lifecycle,lifecycle
2026-06-20T07:18:07Z,novelty-http-title-reload-convergence,lifecycle
2026-06-20T07:18:07Z,novelty-http-same-user-stale-draft,lifecycle
2026-06-20T07:18:07Z,novelty-ws-collaboration-ui-signals,other
2026-06-20T07:18:07Z,novelty-http-persistence-probe,persistence
2026-06-20T07:18:07Z,novelty-ws-multi-reload-lifecycle,lifecycle
2026-06-20T07:18:10Z,novelty-ws-thirty-user-lifecycle,lifecycle
2026-06-20T07:25:38Z,novelty-http-large-post-lifecycle,lifecycle
2026-06-20T07:25:38Z,novelty-http-title-reload-convergence,lifecycle
2026-06-20T07:25:38Z,novelty-http-same-user-stale-draft,lifecycle
2026-06-20T07:25:38Z,novelty-http-table-stale-snapshot,http
2026-06-20T07:25:38Z,novelty-ws-collaboration-ui-signals,other
2026-06-20T07:25:38Z,novelty-http-persistence-probe,persistence
2026-06-20T07:25:38Z,novelty-ws-multi-reload-lifecycle,lifecycle
2026-06-20T07:25:41Z,novelty-ws-thirty-user-lifecycle,lifecycle
2026-06-20T07:33:05Z,novelty-http-large-post-lifecycle,lifecycle
2026-06-20T07:33:05Z,novelty-http-title-reload-convergence,lifecycle
2026-06-20T07:33:05Z,novelty-http-same-user-stale-draft,lifecycle
2026-06-20T07:33:05Z,novelty-ws-collaboration-ui-signals,other
2026-06-20T07:33:05Z,novelty-http-persistence-probe,persistence
2026-06-20T07:33:05Z,novelty-ws-multi-reload-lifecycle,lifecycle
2026-06-20T07:33:08Z,novelty-ws-thirty-user-lifecycle,lifecycle
2026-06-20T07:39:36Z,novelty-ws-parser-serialization,parser
2026-06-20T07:40:33Z,novelty-http-large-post-lifecycle,lifecycle
2026-06-20T07:40:33Z,novelty-http-title-reload-convergence,lifecycle
2026-06-20T07:40:33Z,novelty-http-same-user-stale-draft,lifecycle
2026-06-20T07:40:33Z,novelty-http-table-stale-snapshot,http
2026-06-20T07:40:33Z,novelty-ws-collaboration-ui-signals,other
2026-06-20T07:40:33Z,novelty-http-persistence-probe,persistence
2026-06-20T07:40:33Z,novelty-ws-multi-reload-lifecycle,lifecycle
2026-06-20T07:40:36Z,novelty-ws-thirty-user-lifecycle,lifecycle
2026-06-20T07:48:17Z,novelty-http-large-post-lifecycle,lifecycle
2026-06-20T07:48:17Z,novelty-http-title-reload-convergence,lifecycle
2026-06-20T07:48:17Z,novelty-http-same-user-stale-draft,lifecycle
2026-06-20T07:48:17Z,novelty-ws-collaboration-ui-signals,other
2026-06-20T07:48:17Z,novelty-http-persistence-probe,persistence
2026-06-20T07:48:17Z,novelty-ws-multi-reload-lifecycle,lifecycle
2026-06-20T07:48:20Z,novelty-ws-thirty-user-lifecycle,lifecycle
2026-06-20T07:56:08Z,novelty-http-large-post-lifecycle,lifecycle
2026-06-20T07:56:08Z,novelty-http-title-reload-convergence,lifecycle
2026-06-20T07:56:10Z,novelty-http-same-user-stale-draft,lifecycle
2026-06-20T07:56:10Z,novelty-http-table-stale-snapshot,http
2026-06-20T07:56:10Z,novelty-ws-collaboration-ui-signals,other
2026-06-20T07:56:10Z,novelty-http-persistence-probe,persistence
2026-06-20T07:56:10Z,novelty-ws-multi-reload-lifecycle,lifecycle
2026-06-20T07:56:14Z,novelty-ws-thirty-user-lifecycle,lifecycle
2026-06-20T08:02:59Z,novelty-ws-parser-serialization,parser
2026-06-20T08:03:52Z,novelty-http-large-post-lifecycle,lifecycle
2026-06-20T08:03:52Z,novelty-http-title-reload-convergence,lifecycle
2026-06-20T08:03:52Z,novelty-http-same-user-stale-draft,lifecycle
2026-06-20T08:03:52Z,novelty-http-table-stale-snapshot,http
2026-06-20T08:03:52Z,novelty-ws-collaboration-ui-signals,other
2026-06-20T08:03:52Z,novelty-http-persistence-probe,persistence
2026-06-20T08:03:52Z,novelty-ws-multi-reload-lifecycle,lifecycle
2026-06-20T08:03:56Z,novelty-ws-thirty-user-lifecycle,lifecycle
2026-06-20T08:10:45Z,novelty-ws-parser-serialization,parser
2026-06-20T08:11:40Z,novelty-http-large-post-lifecycle,lifecycle
2026-06-20T08:11:40Z,novelty-http-title-reload-convergence,lifecycle
2026-06-20T08:11:40Z,novelty-http-same-user-stale-draft,lifecycle
2026-06-20T08:11:40Z,novelty-http-table-stale-snapshot,http
2026-06-20T08:11:40Z,novelty-ws-collaboration-ui-signals,other
2026-06-20T08:11:40Z,novelty-http-persistence-probe,persistence
2026-06-20T08:11:40Z,novelty-ws-multi-reload-lifecycle,lifecycle
2026-06-20T08:11:44Z,novelty-ws-thirty-user-lifecycle,lifecycle
2026-06-20T08:19:29Z,novelty-http-large-post-lifecycle,lifecycle
2026-06-20T08:19:29Z,novelty-http-title-reload-convergence,lifecycle
2026-06-20T08:19:29Z,novelty-http-same-user-stale-draft,lifecycle
2026-06-20T08:19:29Z,novelty-ws-collaboration-ui-signals,other
2026-06-20T08:19:29Z,novelty-http-persistence-probe,persistence
2026-06-20T08:19:29Z,novelty-ws-multi-reload-lifecycle,lifecycle
2026-06-20T08:19:32Z,novelty-ws-thirty-user-lifecycle,lifecycle
2026-06-20T08:27:20Z,novelty-http-large-post-lifecycle,lifecycle
2026-06-20T08:27:20Z,novelty-http-title-reload-convergence,lifecycle
2026-06-20T08:27:23Z,novelty-http-same-user-stale-draft,lifecycle
2026-06-20T08:27:23Z,novelty-http-table-stale-snapshot,http
2026-06-20T08:27:23Z,novelty-ws-collaboration-ui-signals,other
2026-06-20T08:27:23Z,novelty-http-persistence-probe,persistence
2026-06-20T08:27:23Z,novelty-ws-multi-reload-lifecycle,lifecycle
2026-06-20T08:27:26Z,novelty-ws-thirty-user-lifecycle,lifecycle
2026-06-20T08:34:17Z,novelty-ws-parser-serialization,parser
2026-06-20T08:35:15Z,novelty-http-large-post-lifecycle,lifecycle
2026-06-20T08:35:15Z,novelty-http-title-reload-convergence,lifecycle
2026-06-20T08:35:15Z,novelty-http-same-user-stale-draft,lifecycle
2026-06-20T08:35:15Z,novelty-http-table-stale-snapshot,http
2026-06-20T08:35:15Z,novelty-ws-collaboration-ui-signals,other
2026-06-20T08:35:15Z,novelty-http-persistence-probe,persistence
2026-06-20T08:35:15Z,novelty-ws-multi-reload-lifecycle,lifecycle
2026-06-20T08:35:18Z,novelty-ws-thirty-user-lifecycle,lifecycle
2026-06-20T08:42:06Z,novelty-ws-parser-serialization,parser
2026-06-20T08:42:13Z,novelty-ws-many-user-lifecycle,lifecycle
2026-06-20T08:43:09Z,novelty-http-large-post-lifecycle,lifecycle
2026-06-20T08:43:09Z,novelty-http-title-reload-convergence,lifecycle
2026-06-20T08:43:09Z,novelty-http-same-user-stale-draft,lifecycle
2026-06-20T08:43:09Z,novelty-http-table-stale-snapshot,http
2026-06-20T08:43:09Z,novelty-ws-collaboration-ui-signals,other
2026-06-20T08:43:09Z,novelty-http-persistence-probe,persistence
2026-06-20T08:43:09Z,novelty-ws-multi-reload-lifecycle,lifecycle
2026-06-20T08:43:12Z,novelty-ws-thirty-user-lifecycle,lifecycle
2026-06-20T08:50:07Z,novelty-ws-parser-serialization,parser
2026-06-20T08:51:03Z,novelty-http-large-post-lifecycle,lifecycle
2026-06-20T08:51:03Z,novelty-http-title-reload-convergence,lifecycle
2026-06-20T08:51:03Z,novelty-http-same-user-stale-draft,lifecycle
2026-06-20T08:51:03Z,novelty-http-table-stale-snapshot,http
2026-06-20T08:51:03Z,novelty-ws-collaboration-ui-signals,other
2026-06-20T08:51:03Z,novelty-http-persistence-probe,persistence
2026-06-20T08:51:03Z,novelty-ws-multi-reload-lifecycle,lifecycle
2026-06-20T08:51:06Z,novelty-ws-thirty-user-lifecycle,lifecycle
2026-06-20T08:58:03Z,novelty-ws-parser-serialization,parser
2026-06-20T08:58:10Z,novelty-ws-many-user-lifecycle-completion,lifecycle
2026-06-20T08:58:57Z,novelty-http-large-post-lifecycle,lifecycle
2026-06-20T08:58:57Z,novelty-http-title-reload-convergence,lifecycle
2026-06-20T08:58:57Z,novelty-http-same-user-stale-draft,lifecycle
2026-06-20T08:58:57Z,novelty-http-table-stale-snapshot,http
2026-06-20T08:58:57Z,novelty-ws-collaboration-ui-signals,other
2026-06-20T08:58:57Z,novelty-http-persistence-probe,persistence
2026-06-20T08:59:01Z,novelty-ws-thirty-user-lifecycle,lifecycle
2026-06-20T09:06:43Z,novelty-http-large-post-lifecycle,lifecycle
2026-06-20T09:06:43Z,novelty-http-title-reload-convergence,lifecycle
2026-06-20T09:06:43Z,novelty-http-same-user-stale-draft,lifecycle
2026-06-20T09:06:43Z,novelty-ws-collaboration-ui-signals,other
2026-06-20T09:06:43Z,novelty-http-persistence-probe,persistence
2026-06-20T09:06:47Z,novelty-ws-thirty-user-lifecycle,lifecycle
2026-06-20T09:14:33Z,novelty-http-large-post-lifecycle,lifecycle
2026-06-20T09:14:33Z,novelty-http-title-reload-convergence,lifecycle
2026-06-20T09:14:33Z,novelty-http-same-user-stale-draft,lifecycle
2026-06-20T09:14:36Z,novelty-ws-collaboration-ui-signals,other
2026-06-20T09:14:36Z,novelty-http-persistence-probe,persistence
2026-06-20T09:14:40Z,novelty-ws-thirty-user-lifecycle,lifecycle
2026-06-20T09:21:31Z,novelty-ws-parser-serialization,parser
2026-06-20T09:21:41Z,novelty-ws-media-cross-entity,async/media
2026-06-20T09:22:29Z,novelty-http-large-post-lifecycle,lifecycle
2026-06-20T09:22:29Z,novelty-http-title-reload-convergence,lifecycle
2026-06-20T09:22:29Z,novelty-http-same-user-stale-draft,lifecycle
2026-06-20T09:22:29Z,novelty-http-table-stale-snapshot,http
2026-06-20T09:22:29Z,novelty-http-existing-post-crdt-metadata,http
2026-06-20T09:22:29Z,novelty-ws-collaboration-ui-signals,other
2026-06-20T09:22:33Z,novelty-ws-thirty-user-lifecycle,lifecycle
2026-06-20T09:29:34Z,novelty-ws-parser-serialization,parser
2026-06-20T09:30:34Z,novelty-http-large-post-lifecycle,lifecycle
2026-06-20T09:30:34Z,novelty-http-title-reload-convergence,lifecycle
2026-06-20T09:30:34Z,novelty-http-same-user-stale-draft,lifecycle
2026-06-20T09:30:34Z,novelty-http-table-stale-snapshot,http
2026-06-20T09:30:34Z,novelty-http-existing-post-crdt-metadata,http
2026-06-20T09:30:34Z,novelty-ws-collaboration-ui-signals,other
2026-06-20T09:30:34Z,novelty-http-large-post-lifecycle-completion,lifecycle
2026-06-20T09:30:38Z,novelty-ws-thirty-user-lifecycle,lifecycle
2026-06-20T09:37:38Z,novelty-ws-parser-serialization,parser
2026-06-20T09:38:42Z,novelty-http-large-post-lifecycle,lifecycle
2026-06-20T09:38:42Z,novelty-http-title-reload-convergence,lifecycle
2026-06-20T09:38:45Z,novelty-http-same-user-stale-draft,lifecycle
2026-06-20T09:38:45Z,novelty-http-table-stale-snapshot,http
2026-06-20T09:38:45Z,novelty-http-existing-post-crdt-metadata,http
2026-06-20T09:38:45Z,novelty-ws-collaboration-ui-signals,other
2026-06-20T09:38:45Z,novelty-http-large-post-lifecycle-completion,lifecycle
2026-06-20T09:38:49Z,novelty-ws-thirty-user-lifecycle,lifecycle
2026-06-20T09:46:26Z,novelty-ws-permissions-auth-locks,auth/locks
2026-06-20T09:47:14Z,novelty-http-large-post-lifecycle,lifecycle
2026-06-20T09:47:14Z,novelty-http-title-reload-convergence,lifecycle
2026-06-20T09:47:14Z,novelty-http-same-user-stale-draft,lifecycle
2026-06-20T09:47:14Z,novelty-http-table-stale-snapshot,http
2026-06-20T09:47:14Z,novelty-http-existing-post-crdt-metadata,http
2026-06-20T09:47:14Z,novelty-ws-collaboration-ui-signals,other
2026-06-20T09:47:18Z,novelty-http-large-post-lifecycle-completion,lifecycle
2026-06-20T09:47:22Z,novelty-ws-thirty-user-lifecycle,lifecycle
2026-06-20T09:55:28Z,novelty-http-large-post-lifecycle,lifecycle
2026-06-20T09:55:28Z,novelty-http-title-reload-convergence,lifecycle
2026-06-20T09:55:28Z,novelty-http-same-user-stale-draft,lifecycle
2026-06-20T09:55:28Z,novelty-http-table-stale-snapshot,http
2026-06-20T09:55:28Z,novelty-http-existing-post-crdt-metadata,http
2026-06-20T09:55:28Z,novelty-ws-collaboration-ui-signals,other
2026-06-20T09:55:28Z,novelty-http-large-post-lifecycle-completion,lifecycle
2026-06-20T09:55:32Z,novelty-ws-thirty-user-lifecycle,lifecycle
2026-06-20T10:02:55Z,novelty-ws-parser-serialization,parser
2026-06-20T10:03:03Z,novelty-ws-long-session-large-doc,lifecycle
2026-06-20T10:04:03Z,novelty-http-large-post-lifecycle,lifecycle
2026-06-20T10:04:03Z,novelty-http-title-reload-convergence,lifecycle
2026-06-20T10:04:03Z,novelty-http-same-user-stale-draft,lifecycle
2026-06-20T10:04:03Z,novelty-http-table-stale-snapshot,http
2026-06-20T10:04:03Z,novelty-http-existing-post-crdt-metadata,http
2026-06-20T10:04:03Z,novelty-ws-collaboration-ui-signals,other
2026-06-20T10:04:07Z,novelty-ws-thirty-user-lifecycle,lifecycle
2026-06-20T10:11:43Z,novelty-ws-long-session-large-doc,lifecycle
2026-06-20T10:12:20Z,novelty-http-large-post-lifecycle,lifecycle
2026-06-20T10:12:20Z,novelty-http-title-reload-convergence,lifecycle
2026-06-20T10:12:20Z,novelty-http-same-user-stale-draft,lifecycle
2026-06-20T10:12:20Z,novelty-http-table-stale-snapshot,http
2026-06-20T10:12:25Z,novelty-ws-thirty-user-lifecycle,lifecycle
2026-06-20T10:21:52Z,novelty-ws-real-user-editing,real-user
2026-06-20T10:21:57Z,novelty-ws-parser-serialization,parser
2026-06-20T10:22:02Z,novelty-ws-thirty-user-lifecycle,lifecycle
2026-06-20T10:29:21Z,novelty-ws-parser-transform,parser
2026-06-20T10:29:29Z,novelty-ws-many-user-lifecycle-completion,lifecycle
2026-06-20T10:29:39Z,novelty-ws-many-user-lifecycle,lifecycle
2026-06-20T10:29:44Z,novelty-ws-media-cross-entity-completion,async/media
2026-06-20T10:29:49Z,novelty-ws-permissions-auth-locks,auth/locks
2026-06-20T10:29:54Z,novelty-ws-long-session-large-doc,lifecycle
2026-06-20T10:30:02Z,novelty-ws-media-cross-entity,async/media
2026-06-20T10:30:19Z,novelty-http-large-post-lifecycle,lifecycle
2026-06-20T10:30:23Z,novelty-http-title-reload-convergence,lifecycle
2026-06-20T10:30:27Z,novelty-http-same-user-stale-draft,lifecycle
2026-06-20T10:30:35Z,novelty-ws-thirty-user-lifecycle,lifecycle
2026-06-20T10:38:23Z,novelty-ws-long-session-large-doc,lifecycle
2026-06-20T10:38:35Z,novelty-ws-media-cross-entity,async/media
2026-06-20T10:39:17Z,novelty-http-large-post-lifecycle,lifecycle
2026-06-20T10:39:17Z,novelty-http-title-reload-convergence,lifecycle
2026-06-20T10:39:17Z,novelty-http-same-user-stale-draft,lifecycle
2026-06-20T10:39:17Z,novelty-http-persistence-probe,persistence
2026-06-20T10:39:21Z,novelty-ws-thirty-user-lifecycle,lifecycle
2026-06-20T10:48:40Z,novelty-http-large-post-lifecycle,lifecycle
2026-06-20T10:48:40Z,novelty-http-title-reload-convergence,lifecycle
2026-06-20T10:48:40Z,novelty-http-same-user-stale-draft,lifecycle
2026-06-20T10:48:40Z,novelty-http-table-stale-snapshot,http
2026-06-20T10:48:40Z,novelty-http-existing-post-crdt-metadata,http
2026-06-20T10:48:40Z,novelty-http-persistence-probe,persistence
2026-06-20T10:48:40Z,novelty-ws-parser-serialization,parser
2026-06-20T10:48:47Z,novelty-ws-permissions-auth-locks,auth/locks
2026-06-20T10:58:07Z,novelty-http-large-post-lifecycle,lifecycle
2026-06-20T10:58:07Z,novelty-http-title-reload-convergence,lifecycle
2026-06-20T10:58:07Z,novelty-http-same-user-stale-draft,lifecycle
2026-06-20T10:58:07Z,novelty-http-table-stale-snapshot,http
2026-06-20T10:58:07Z,novelty-http-existing-post-crdt-metadata,http
2026-06-20T10:58:07Z,novelty-http-persistence-probe,persistence
2026-06-20T10:58:12Z,novelty-ws-parser-serialization,parser
2026-06-20T10:58:17Z,novelty-ws-permissions-auth-locks,auth/locks
2026-06-20T11:07:18Z,novelty-http-large-post-lifecycle,lifecycle
2026-06-20T11:07:18Z,novelty-http-title-reload-convergence,lifecycle
2026-06-20T11:07:18Z,novelty-http-same-user-stale-draft,lifecycle
2026-06-20T11:07:18Z,novelty-http-table-stale-snapshot,http
2026-06-20T11:07:18Z,novelty-http-existing-post-crdt-metadata,http
2026-06-20T11:07:18Z,novelty-http-persistence-probe,persistence
2026-06-20T11:07:22Z,novelty-ws-parser-serialization,parser
2026-06-20T11:07:27Z,novelty-ws-permissions-auth-locks,auth/locks
2026-06-20T11:16:58Z,novelty-http-large-post-lifecycle,lifecycle
2026-06-20T11:16:58Z,novelty-http-title-reload-convergence,lifecycle
2026-06-20T11:16:58Z,novelty-http-same-user-stale-draft,lifecycle
2026-06-20T11:16:58Z,novelty-http-table-stale-snapshot,http
2026-06-20T11:16:58Z,novelty-http-existing-post-crdt-metadata,http
2026-06-20T11:16:58Z,novelty-http-persistence-probe,persistence
2026-06-20T11:17:03Z,novelty-ws-parser-serialization,parser
2026-06-20T11:17:08Z,novelty-ws-permissions-auth-locks,auth/locks
2026-06-20T11:24:18Z,novelty-http-large-post-lifecycle,lifecycle
2026-06-20T11:24:18Z,novelty-http-title-reload-convergence,lifecycle
2026-06-20T11:24:18Z,novelty-http-same-user-stale-draft,lifecycle
2026-06-20T11:24:18Z,novelty-http-table-stale-snapshot,http
2026-06-20T11:24:18Z,novelty-http-existing-post-crdt-metadata,http
2026-06-20T11:24:18Z,novelty-http-persistence-probe,persistence
2026-06-20T11:24:21Z,novelty-ws-parser-serialization,parser
2026-06-20T11:24:24Z,novelty-ws-permissions-auth-locks,auth/locks
2026-06-20T11:29:12Z,novelty-http-large-post-lifecycle,lifecycle
2026-06-20T11:29:12Z,novelty-http-same-user-stale-draft,lifecycle
2026-06-20T11:29:12Z,novelty-http-table-stale-snapshot,http
2026-06-20T11:29:12Z,novelty-http-existing-post-crdt-metadata,http
2026-06-20T11:29:12Z,novelty-http-persistence-probe,persistence
2026-06-20T11:29:14Z,novelty-ws-parser-serialization,parser
2026-06-20T11:29:18Z,novelty-ws-permissions-auth-locks,auth/locks
2026-06-20T11:33:00Z,novelty-ws-permissions-auth-locks,auth/locks
2026-06-20T11:33:04Z,novelty-ws-media-cross-entity,async/media
2026-06-20T11:33:58Z,novelty-http-large-post-lifecycle,lifecycle
2026-06-20T11:33:58Z,novelty-http-title-reload-convergence,lifecycle
2026-06-20T11:33:58Z,novelty-http-same-user-stale-draft,lifecycle
2026-06-20T11:33:58Z,novelty-http-table-stale-snapshot,http
2026-06-20T11:33:58Z,novelty-http-existing-post-crdt-metadata,http
2026-06-20T11:33:58Z,novelty-http-persistence-probe,persistence
2026-06-20T11:33:58Z,novelty-ws-parser-serialization,parser
2026-06-20T11:33:58Z,novelty-http-large-post-lifecycle-completion,lifecycle
2026-06-20T11:34:01Z,novelty-ws-long-session-large-doc,lifecycle
2026-06-20T11:38:07Z,novelty-ws-long-session-large-doc,lifecycle
2026-06-20T11:38:53Z,novelty-http-large-post-lifecycle,lifecycle
2026-06-20T11:38:53Z,novelty-http-title-reload-convergence,lifecycle
2026-06-20T11:38:53Z,novelty-http-same-user-stale-draft,lifecycle
2026-06-20T11:38:53Z,novelty-http-table-stale-snapshot,http
2026-06-20T11:38:53Z,novelty-http-existing-post-crdt-metadata,http
2026-06-20T11:38:53Z,novelty-http-persistence-probe,persistence
2026-06-20T11:38:56Z,novelty-ws-parser-serialization,parser
2026-06-20T11:38:59Z,novelty-ws-thirty-user-lifecycle,lifecycle
2026-06-20T11:39:02Z,novelty-ws-permissions-auth-locks,auth/locks
2026-06-20T11:43:40Z,novelty-http-large-post-lifecycle,lifecycle
2026-06-20T11:43:40Z,novelty-http-title-reload-convergence,lifecycle
2026-06-20T11:43:40Z,novelty-http-same-user-stale-draft,lifecycle
2026-06-20T11:43:40Z,novelty-http-table-stale-snapshot,http
2026-06-20T11:43:40Z,novelty-http-existing-post-crdt-metadata,http
2026-06-20T11:43:40Z,novelty-http-persistence-probe,persistence
2026-06-20T11:43:40Z,novelty-ws-parser-serialization,parser
2026-06-20T11:43:44Z,novelty-ws-long-session-large-doc,lifecycle
2026-06-20T11:47:45Z,novelty-ws-long-session-large-doc,lifecycle
2026-06-20T11:48:33Z,novelty-http-large-post-lifecycle,lifecycle
2026-06-20T11:48:33Z,novelty-http-title-reload-convergence,lifecycle
2026-06-20T11:48:33Z,novelty-http-same-user-stale-draft,lifecycle
2026-06-20T11:48:33Z,novelty-http-table-stale-snapshot,http
2026-06-20T11:48:33Z,novelty-http-existing-post-crdt-metadata,http
2026-06-20T11:48:33Z,novelty-http-persistence-probe,persistence
2026-06-20T11:48:36Z,novelty-ws-parser-serialization,parser
2026-06-20T11:48:39Z,novelty-ws-thirty-user-lifecycle,lifecycle
2026-06-20T11:48:42Z,novelty-ws-permissions-auth-locks,auth/locks
2026-06-20T11:52:41Z,novelty-ws-real-user-rich-text,real-user
2026-06-20T11:52:57Z,novelty-ws-real-user-editing,real-user
2026-06-20T11:53:01Z,novelty-ws-thirty-user-lifecycle,lifecycle
2026-06-20T11:53:07Z,novelty-ws-three-user-late-join,lifecycle
2026-06-20T11:58:33Z,novelty-http-large-post-lifecycle,lifecycle
2026-06-20T11:58:33Z,novelty-http-title-reload-convergence,lifecycle
2026-06-20T11:58:33Z,novelty-http-same-user-stale-draft,lifecycle
2026-06-20T11:58:33Z,novelty-http-table-stale-snapshot,http
2026-06-20T11:58:33Z,novelty-http-existing-post-crdt-metadata,http
2026-06-20T11:58:33Z,novelty-ws-parser-serialization,parser
2026-06-20T11:58:33Z,novelty-http-large-post-lifecycle-completion,lifecycle
2026-06-20T11:58:33Z,novelty-http-persistence-probe,persistence
2026-06-20T11:58:33Z,novelty-ws-thirty-user-lifecycle,lifecycle
2026-06-20T11:58:33Z,novelty-ws-long-session-large-doc,lifecycle
2026-06-20T11:58:37Z,novelty-ws-real-user-coverage-bridge,real-user
2026-06-20T12:03:43Z,novelty-http-large-post-lifecycle,lifecycle
2026-06-20T12:03:43Z,novelty-http-title-reload-convergence,lifecycle
2026-06-20T12:03:43Z,novelty-http-same-user-stale-draft,lifecycle
2026-06-20T12:03:43Z,novelty-http-table-stale-snapshot,http
2026-06-20T12:03:43Z,novelty-http-existing-post-crdt-metadata,http
2026-06-20T12:03:43Z,novelty-ws-parser-serialization,parser
2026-06-20T12:03:43Z,novelty-http-persistence-probe,persistence
2026-06-20T12:03:46Z,novelty-ws-thirty-user-lifecycle,lifecycle
2026-06-20T12:03:50Z,novelty-ws-real-user-coverage-bridge,real-user
2026-06-20T12:09:15Z,novelty-http-large-post-lifecycle,lifecycle
2026-06-20T12:09:15Z,novelty-http-title-reload-convergence,lifecycle
2026-06-20T12:09:15Z,novelty-http-same-user-stale-draft,lifecycle
2026-06-20T12:09:15Z,novelty-http-table-stale-snapshot,http
2026-06-20T12:09:15Z,novelty-http-existing-post-crdt-metadata,http
2026-06-20T12:09:15Z,novelty-ws-parser-serialization,parser
2026-06-20T12:09:15Z,novelty-http-large-post-lifecycle-completion,lifecycle
2026-06-20T12:09:15Z,novelty-http-persistence-probe,persistence
2026-06-20T12:09:15Z,novelty-ws-thirty-user-lifecycle,lifecycle
2026-06-20T12:09:19Z,novelty-ws-parser-transform,parser
2026-06-20T12:14:39Z,novelty-http-large-post-lifecycle,lifecycle
2026-06-20T12:14:39Z,novelty-http-title-reload-convergence,lifecycle
2026-06-20T12:14:39Z,novelty-http-same-user-stale-draft,lifecycle
2026-06-20T12:14:39Z,novelty-http-table-stale-snapshot,http
2026-06-20T12:14:39Z,novelty-http-existing-post-crdt-metadata,http
2026-06-20T12:14:39Z,novelty-ws-parser-serialization,parser
2026-06-20T12:14:39Z,novelty-http-persistence-probe,persistence
2026-06-20T12:14:41Z,novelty-ws-thirty-user-lifecycle,lifecycle
2026-06-20T12:14:45Z,novelty-ws-parser-transform,parser
2026-06-20T12:20:32Z,novelty-http-large-post-lifecycle,lifecycle
2026-06-20T12:20:32Z,novelty-http-title-reload-convergence,lifecycle
2026-06-20T12:20:32Z,novelty-http-same-user-stale-draft,lifecycle
2026-06-20T12:20:32Z,novelty-http-table-stale-snapshot,http
2026-06-20T12:20:32Z,novelty-http-existing-post-crdt-metadata,http
2026-06-20T12:20:32Z,novelty-ws-parser-serialization,parser
2026-06-20T12:20:32Z,novelty-http-large-post-lifecycle-completion,lifecycle
2026-06-20T12:20:32Z,novelty-http-persistence-probe,persistence
2026-06-20T12:20:32Z,novelty-ws-thirty-user-lifecycle,lifecycle
2026-06-20T12:20:36Z,novelty-ws-block-gauntlet,auth/locks
2026-06-20T12:26:03Z,novelty-http-large-post-lifecycle,lifecycle
2026-06-20T12:26:03Z,novelty-http-title-reload-convergence,lifecycle
2026-06-20T12:26:03Z,novelty-http-same-user-stale-draft,lifecycle
2026-06-20T12:26:03Z,novelty-http-table-stale-snapshot,http
2026-06-20T12:26:03Z,novelty-http-existing-post-crdt-metadata,http
2026-06-20T12:26:03Z,novelty-ws-parser-serialization,parser
2026-06-20T12:26:03Z,novelty-http-persistence-probe,persistence
2026-06-20T12:26:03Z,novelty-ws-thirty-user-lifecycle,lifecycle
2026-06-20T12:26:07Z,novelty-ws-many-user-lifecycle-completion,lifecycle
2026-06-20T12:31:59Z,novelty-http-large-post-lifecycle,lifecycle
2026-06-20T12:31:59Z,novelty-http-title-reload-convergence,lifecycle
2026-06-20T12:32:01Z,novelty-http-same-user-stale-draft,lifecycle
2026-06-20T12:32:01Z,novelty-http-table-stale-snapshot,http
2026-06-20T12:32:01Z,novelty-http-existing-post-crdt-metadata,http
2026-06-20T12:32:01Z,novelty-ws-parser-serialization,parser
2026-06-20T12:32:01Z,novelty-http-persistence-probe,persistence
2026-06-20T12:32:01Z,novelty-ws-thirty-user-lifecycle,lifecycle
2026-06-20T12:32:05Z,novelty-ws-many-user-lifecycle-completion,lifecycle
2026-06-20T12:37:58Z,novelty-http-large-post-lifecycle,lifecycle
2026-06-20T12:37:58Z,novelty-http-title-reload-convergence,lifecycle
2026-06-20T12:37:58Z,novelty-http-same-user-stale-draft,lifecycle
2026-06-20T12:37:58Z,novelty-http-table-stale-snapshot,http
2026-06-20T12:37:58Z,novelty-http-existing-post-crdt-metadata,http
2026-06-20T12:37:58Z,novelty-ws-parser-serialization,parser
2026-06-20T12:37:58Z,novelty-http-large-post-lifecycle-completion,lifecycle
2026-06-20T12:37:58Z,novelty-http-persistence-probe,persistence
2026-06-20T12:37:58Z,novelty-ws-thirty-user-lifecycle,lifecycle
2026-06-20T12:38:02Z,novelty-ws-many-user-lifecycle-completion,lifecycle
2026-06-20T12:43:43Z,novelty-http-large-post-lifecycle,lifecycle
2026-06-20T12:43:43Z,novelty-http-title-reload-convergence,lifecycle
2026-06-20T12:43:43Z,novelty-http-same-user-stale-draft,lifecycle
2026-06-20T12:43:43Z,novelty-http-table-stale-snapshot,http
2026-06-20T12:43:43Z,novelty-http-existing-post-crdt-metadata,http
2026-06-20T12:43:43Z,novelty-ws-parser-serialization,parser
2026-06-20T12:43:43Z,novelty-http-persistence-probe,persistence
2026-06-20T12:43:43Z,novelty-ws-thirty-user-lifecycle,lifecycle
2026-06-20T12:43:48Z,novelty-ws-many-user-lifecycle-completion,lifecycle
2026-06-20T12:49:40Z,novelty-http-large-post-lifecycle,lifecycle
2026-06-20T12:49:40Z,novelty-http-title-reload-convergence,lifecycle
2026-06-20T12:49:40Z,novelty-http-same-user-stale-draft,lifecycle
2026-06-20T12:49:40Z,novelty-http-table-stale-snapshot,http
2026-06-20T12:49:40Z,novelty-http-existing-post-crdt-metadata,http
2026-06-20T12:49:40Z,novelty-ws-parser-serialization,parser
2026-06-20T12:49:40Z,novelty-http-persistence-probe,persistence
2026-06-20T12:49:40Z,novelty-ws-thirty-user-lifecycle,lifecycle
2026-06-20T12:49:44Z,novelty-ws-many-user-lifecycle-completion,lifecycle
2026-06-20T12:55:47Z,novelty-http-large-post-lifecycle,lifecycle
2026-06-20T12:55:47Z,novelty-http-title-reload-convergence,lifecycle
2026-06-20T12:55:47Z,novelty-http-same-user-stale-draft,lifecycle
2026-06-20T12:55:47Z,novelty-http-table-stale-snapshot,http
2026-06-20T12:55:47Z,novelty-http-existing-post-crdt-metadata,http
2026-06-20T12:55:47Z,novelty-ws-parser-serialization,parser
2026-06-20T12:55:47Z,novelty-http-persistence-probe,persistence
2026-06-20T12:55:47Z,novelty-ws-thirty-user-lifecycle,lifecycle
2026-06-20T12:55:51Z,novelty-ws-many-user-lifecycle-completion,lifecycle
2026-06-20T13:01:58Z,novelty-http-large-post-lifecycle,lifecycle
2026-06-20T13:01:58Z,novelty-http-title-reload-convergence,lifecycle
2026-06-20T13:01:58Z,novelty-http-same-user-stale-draft,lifecycle
2026-06-20T13:01:58Z,novelty-http-table-stale-snapshot,http
2026-06-20T13:01:58Z,novelty-http-existing-post-crdt-metadata,http
2026-06-20T13:01:58Z,novelty-ws-parser-serialization,parser
2026-06-20T13:01:58Z,novelty-http-large-post-lifecycle-completion,lifecycle
2026-06-20T13:01:58Z,novelty-http-persistence-probe,persistence
2026-06-20T13:01:58Z,novelty-ws-thirty-user-lifecycle,lifecycle
2026-06-20T13:02:02Z,novelty-ws-many-user-lifecycle-completion,lifecycle
2026-06-20T13:08:02Z,novelty-http-large-post-lifecycle,lifecycle
2026-06-20T13:08:02Z,novelty-http-title-reload-convergence,lifecycle
2026-06-20T13:08:02Z,novelty-http-same-user-stale-draft,lifecycle
2026-06-20T13:08:02Z,novelty-http-table-stale-snapshot,http
2026-06-20T13:08:02Z,novelty-http-existing-post-crdt-metadata,http
2026-06-20T13:08:02Z,novelty-ws-parser-serialization,parser
2026-06-20T13:08:02Z,novelty-http-persistence-probe,persistence
2026-06-20T13:08:02Z,novelty-ws-thirty-user-lifecycle,lifecycle
2026-06-20T13:08:06Z,novelty-ws-many-user-lifecycle-completion,lifecycle
2026-06-20T13:14:20Z,novelty-http-large-post-lifecycle,lifecycle
2026-06-20T13:14:20Z,novelty-http-title-reload-convergence,lifecycle
2026-06-20T13:14:20Z,novelty-http-same-user-stale-draft,lifecycle
2026-06-20T13:14:20Z,novelty-http-table-stale-snapshot,http
2026-06-20T13:14:20Z,novelty-http-existing-post-crdt-metadata,http
2026-06-20T13:14:20Z,novelty-ws-parser-serialization,parser
2026-06-20T13:14:20Z,novelty-http-persistence-probe,persistence
2026-06-20T13:14:20Z,novelty-ws-thirty-user-lifecycle,lifecycle
2026-06-20T13:14:24Z,novelty-ws-many-user-lifecycle-completion,lifecycle
2026-06-20T13:20:29Z,novelty-http-large-post-lifecycle,lifecycle
2026-06-20T13:20:29Z,novelty-http-title-reload-convergence,lifecycle
2026-06-20T13:20:29Z,novelty-http-same-user-stale-draft,lifecycle
2026-06-20T13:20:29Z,novelty-http-table-stale-snapshot,http
2026-06-20T13:20:29Z,novelty-http-existing-post-crdt-metadata,http
2026-06-20T13:20:29Z,novelty-ws-parser-serialization,parser
2026-06-20T13:20:29Z,novelty-http-persistence-probe,persistence
2026-06-20T13:20:29Z,novelty-ws-thirty-user-lifecycle,lifecycle
2026-06-20T13:20:33Z,novelty-ws-many-user-lifecycle-completion,lifecycle
2026-06-20T13:27:01Z,novelty-http-large-post-lifecycle,lifecycle
2026-06-20T13:27:01Z,novelty-http-title-reload-convergence,lifecycle
2026-06-20T13:27:01Z,novelty-http-same-user-stale-draft,lifecycle
2026-06-20T13:27:01Z,novelty-http-table-stale-snapshot,http
2026-06-20T13:27:01Z,novelty-http-existing-post-crdt-metadata,http
2026-06-20T13:27:01Z,novelty-ws-parser-serialization,parser
2026-06-20T13:27:01Z,novelty-http-large-post-lifecycle-completion,lifecycle
2026-06-20T13:27:01Z,novelty-http-persistence-probe,persistence
2026-06-20T13:27:01Z,novelty-ws-thirty-user-lifecycle,lifecycle
2026-06-20T13:27:05Z,novelty-ws-many-user-lifecycle-completion,lifecycle
2026-06-20T13:33:29Z,novelty-http-large-post-lifecycle,lifecycle
2026-06-20T13:33:29Z,novelty-http-title-reload-convergence,lifecycle
2026-06-20T13:33:29Z,novelty-http-same-user-stale-draft,lifecycle
2026-06-20T13:33:29Z,novelty-http-table-stale-snapshot,http
2026-06-20T13:33:29Z,novelty-http-existing-post-crdt-metadata,http
2026-06-20T13:33:29Z,novelty-ws-parser-serialization,parser
2026-06-20T13:33:29Z,novelty-http-persistence-probe,persistence
2026-06-20T13:33:29Z,novelty-ws-thirty-user-lifecycle,lifecycle
2026-06-20T13:33:33Z,novelty-ws-many-user-lifecycle-completion,lifecycle
2026-06-20T13:40:33Z,novelty-http-large-post-lifecycle,lifecycle
2026-06-20T13:40:33Z,novelty-http-title-reload-convergence,lifecycle
2026-06-20T13:40:33Z,novelty-http-same-user-stale-draft,lifecycle
2026-06-20T13:40:33Z,novelty-http-table-stale-snapshot,http
2026-06-20T13:40:33Z,novelty-http-existing-post-crdt-metadata,http
2026-06-20T13:40:33Z,novelty-ws-parser-serialization,parser
2026-06-20T13:40:33Z,novelty-http-persistence-probe,persistence
2026-06-20T13:40:33Z,novelty-ws-thirty-user-lifecycle,lifecycle
2026-06-20T13:40:37Z,novelty-ws-many-user-lifecycle-completion,lifecycle
2026-06-20T13:46:55Z,novelty-http-large-post-lifecycle,lifecycle
2026-06-20T13:46:55Z,novelty-http-title-reload-convergence,lifecycle
2026-06-20T13:46:55Z,novelty-http-same-user-stale-draft,lifecycle
2026-06-20T13:46:55Z,novelty-http-table-stale-snapshot,http
2026-06-20T13:46:55Z,novelty-http-existing-post-crdt-metadata,http
2026-06-20T13:46:55Z,novelty-ws-parser-serialization,parser
2026-06-20T13:46:55Z,novelty-http-persistence-probe,persistence
2026-06-20T13:46:55Z,novelty-ws-thirty-user-lifecycle,lifecycle
2026-06-20T13:46:59Z,novelty-ws-many-user-lifecycle-completion,lifecycle
2026-06-20T13:53:35Z,novelty-http-large-post-lifecycle,lifecycle
2026-06-20T13:53:35Z,novelty-http-title-reload-convergence,lifecycle
2026-06-20T13:53:35Z,novelty-http-same-user-stale-draft,lifecycle
2026-06-20T13:53:35Z,novelty-http-table-stale-snapshot,http
2026-06-20T13:53:35Z,novelty-http-existing-post-crdt-metadata,http
2026-06-20T13:53:35Z,novelty-ws-parser-serialization,parser
2026-06-20T13:53:35Z,novelty-http-persistence-probe,persistence
2026-06-20T13:53:35Z,novelty-ws-thirty-user-lifecycle,lifecycle
2026-06-20T13:53:39Z,novelty-ws-many-user-lifecycle-completion,lifecycle
2026-06-20T14:00:11Z,novelty-http-large-post-lifecycle,lifecycle
2026-06-20T14:00:11Z,novelty-http-title-reload-convergence,lifecycle
2026-06-20T14:00:11Z,novelty-http-same-user-stale-draft,lifecycle
2026-06-20T14:00:11Z,novelty-http-table-stale-snapshot,http
2026-06-20T14:00:11Z,novelty-http-existing-post-crdt-metadata,http
2026-06-20T14:00:11Z,novelty-ws-parser-serialization,parser
2026-06-20T14:00:11Z,novelty-http-persistence-probe,persistence
2026-06-20T14:00:11Z,novelty-ws-thirty-user-lifecycle,lifecycle
2026-06-20T14:00:15Z,novelty-ws-many-user-lifecycle-completion,lifecycle
2026-06-20T14:07:02Z,novelty-http-large-post-lifecycle,lifecycle
2026-06-20T14:07:02Z,novelty-http-title-reload-convergence,lifecycle
2026-06-20T14:07:02Z,novelty-http-same-user-stale-draft,lifecycle
2026-06-20T14:07:02Z,novelty-http-table-stale-snapshot,http
2026-06-20T14:07:02Z,novelty-http-existing-post-crdt-metadata,http
2026-06-20T14:07:02Z,novelty-http-large-post-lifecycle-completion,lifecycle
2026-06-20T14:07:02Z,novelty-http-persistence-probe,persistence
2026-06-20T14:07:02Z,novelty-ws-thirty-user-lifecycle,lifecycle
2026-06-20T14:07:02Z,novelty-ws-many-user-lifecycle-completion,lifecycle
2026-06-20T14:13:52Z,novelty-http-large-post-lifecycle,lifecycle
2026-06-20T14:13:52Z,novelty-http-title-reload-convergence,lifecycle
2026-06-20T14:13:52Z,novelty-http-same-user-stale-draft,lifecycle
2026-06-20T14:13:52Z,novelty-http-table-stale-snapshot,http
2026-06-20T14:13:52Z,novelty-http-existing-post-crdt-metadata,http
2026-06-20T14:13:52Z,novelty-http-persistence-probe,persistence
2026-06-20T14:13:52Z,novelty-ws-parser-serialization,parser
2026-06-20T14:13:52Z,novelty-ws-thirty-user-lifecycle,lifecycle
2026-06-20T14:13:57Z,novelty-ws-many-user-lifecycle-completion,lifecycle
2026-06-20T14:20:58Z,novelty-http-large-post-lifecycle,lifecycle
2026-06-20T14:20:58Z,novelty-http-title-reload-convergence,lifecycle
2026-06-20T14:20:58Z,novelty-http-same-user-stale-draft,lifecycle
2026-06-20T14:20:58Z,novelty-http-table-stale-snapshot,http
2026-06-20T14:20:58Z,novelty-http-existing-post-crdt-metadata,http
2026-06-20T14:20:58Z,novelty-http-persistence-probe,persistence
2026-06-20T14:20:58Z,novelty-ws-parser-serialization,parser
2026-06-20T14:20:58Z,novelty-ws-thirty-user-lifecycle,lifecycle
2026-06-20T14:21:03Z,novelty-ws-many-user-lifecycle-completion,lifecycle
2026-06-20T14:28:06Z,novelty-http-large-post-lifecycle,lifecycle
2026-06-20T14:28:06Z,novelty-http-title-reload-convergence,lifecycle
2026-06-20T14:28:06Z,novelty-http-same-user-stale-draft,lifecycle
2026-06-20T14:28:06Z,novelty-http-table-stale-snapshot,http
2026-06-20T14:28:06Z,novelty-http-existing-post-crdt-metadata,http
2026-06-20T14:28:06Z,novelty-http-persistence-probe,persistence
2026-06-20T14:28:06Z,novelty-ws-parser-serialization,parser
2026-06-20T14:28:06Z,novelty-ws-thirty-user-lifecycle,lifecycle
2026-06-20T14:28:11Z,novelty-ws-many-user-lifecycle-completion,lifecycle
2026-06-20T14:35:31Z,novelty-http-large-post-lifecycle,lifecycle
2026-06-20T14:35:31Z,novelty-http-title-reload-convergence,lifecycle
2026-06-20T14:35:31Z,novelty-http-same-user-stale-draft,lifecycle
2026-06-20T14:35:31Z,novelty-http-table-stale-snapshot,http
2026-06-20T14:35:31Z,novelty-http-existing-post-crdt-metadata,http
2026-06-20T14:35:31Z,novelty-http-large-post-lifecycle-completion,lifecycle
2026-06-20T14:35:31Z,novelty-http-persistence-probe,persistence
2026-06-20T14:35:31Z,novelty-ws-parser-serialization,parser
2026-06-20T14:35:32Z,novelty-ws-many-user-lifecycle-completion,lifecycle
2026-06-20T14:35:36Z,novelty-ws-many-user-lifecycle,lifecycle
2026-06-20T14:42:52Z,novelty-http-large-post-lifecycle,lifecycle
2026-06-20T14:42:52Z,novelty-http-title-reload-convergence,lifecycle
2026-06-20T14:42:52Z,novelty-http-same-user-stale-draft,lifecycle
2026-06-20T14:42:52Z,novelty-http-table-stale-snapshot,http
2026-06-20T14:42:52Z,novelty-http-existing-post-crdt-metadata,http
2026-06-20T14:42:52Z,novelty-http-persistence-probe,persistence
2026-06-20T14:42:52Z,novelty-ws-parser-serialization,parser
2026-06-20T14:42:53Z,novelty-ws-many-user-lifecycle-completion,lifecycle
2026-06-20T14:42:58Z,novelty-ws-many-user-lifecycle,lifecycle
2026-06-20T14:50:11Z,novelty-http-large-post-lifecycle,lifecycle
2026-06-20T14:50:11Z,novelty-http-title-reload-convergence,lifecycle
2026-06-20T14:50:11Z,novelty-http-same-user-stale-draft,lifecycle
2026-06-20T14:50:11Z,novelty-http-table-stale-snapshot,http
2026-06-20T14:50:11Z,novelty-http-existing-post-crdt-metadata,http
2026-06-20T14:50:11Z,novelty-http-persistence-probe,persistence
2026-06-20T14:50:11Z,novelty-ws-parser-serialization,parser
2026-06-20T14:50:12Z,novelty-ws-many-user-lifecycle-completion,lifecycle
2026-06-20T14:50:19Z,novelty-ws-many-user-lifecycle,lifecycle
2026-06-20T14:57:56Z,novelty-http-large-post-lifecycle,lifecycle
2026-06-20T14:57:56Z,novelty-http-title-reload-convergence,lifecycle
2026-06-20T14:57:56Z,novelty-http-same-user-stale-draft,lifecycle
2026-06-20T14:57:56Z,novelty-http-table-stale-snapshot,http
2026-06-20T14:57:56Z,novelty-http-existing-post-crdt-metadata,http
2026-06-20T14:57:56Z,novelty-http-persistence-probe,persistence
2026-06-20T14:57:57Z,novelty-ws-many-user-lifecycle,lifecycle
2026-06-20T15:05:22Z,novelty-http-large-post-lifecycle,lifecycle
2026-06-20T15:05:22Z,novelty-http-title-reload-convergence,lifecycle
2026-06-20T15:05:22Z,novelty-http-same-user-stale-draft,lifecycle
2026-06-20T15:05:22Z,novelty-http-table-stale-snapshot,http
2026-06-20T15:05:22Z,novelty-http-existing-post-crdt-metadata,http
2026-06-20T15:05:22Z,novelty-http-persistence-probe,persistence
2026-06-20T15:05:22Z,novelty-ws-parser-serialization,parser
2026-06-20T15:05:23Z,novelty-ws-many-user-lifecycle-completion,lifecycle
2026-06-20T15:05:27Z,novelty-ws-many-user-lifecycle,lifecycle
2026-06-20T15:13:08Z,novelty-http-large-post-lifecycle,lifecycle
2026-06-20T15:13:08Z,novelty-http-title-reload-convergence,lifecycle
2026-06-20T15:13:08Z,novelty-http-same-user-stale-draft,lifecycle
2026-06-20T15:13:08Z,novelty-http-table-stale-snapshot,http
2026-06-20T15:13:08Z,novelty-http-existing-post-crdt-metadata,http
2026-06-20T15:13:08Z,novelty-http-persistence-probe,persistence
2026-06-20T15:13:08Z,novelty-ws-parser-serialization,parser
2026-06-20T15:13:09Z,novelty-ws-many-user-lifecycle-completion,lifecycle
2026-06-20T15:13:13Z,novelty-ws-many-user-lifecycle,lifecycle
2026-06-20T15:20:45Z,novelty-http-persistence-probe,persistence
2026-06-20T15:20:45Z,novelty-ws-parser-serialization,parser
2026-06-20T15:20:45Z,novelty-ws-many-user-lifecycle,lifecycle
2026-06-20T15:28:24Z,novelty-http-large-post-lifecycle,lifecycle
2026-06-20T15:28:24Z,novelty-http-title-reload-convergence,lifecycle
2026-06-20T15:28:24Z,novelty-http-same-user-stale-draft,lifecycle
2026-06-20T15:28:24Z,novelty-http-table-stale-snapshot,http
2026-06-20T15:28:24Z,novelty-http-existing-post-crdt-metadata,http
2026-06-20T15:28:24Z,novelty-http-persistence-probe,persistence
2026-06-20T15:28:24Z,novelty-ws-parser-serialization,parser
2026-06-20T15:28:25Z,novelty-ws-many-user-lifecycle-completion,lifecycle
2026-06-20T15:28:29Z,novelty-ws-many-user-lifecycle,lifecycle
2026-06-20T15:36:34Z,novelty-http-large-post-lifecycle,lifecycle
2026-06-20T15:36:34Z,novelty-http-title-reload-convergence,lifecycle
2026-06-20T15:36:34Z,novelty-http-same-user-stale-draft,lifecycle
2026-06-20T15:36:34Z,novelty-http-table-stale-snapshot,http
2026-06-20T15:36:34Z,novelty-http-existing-post-crdt-metadata,http
2026-06-20T15:36:34Z,novelty-http-persistence-probe,persistence
2026-06-20T15:36:34Z,novelty-ws-parser-serialization,parser
2026-06-20T15:36:35Z,novelty-ws-many-user-lifecycle-completion,lifecycle
2026-06-20T15:36:39Z,novelty-ws-many-user-lifecycle,lifecycle
2026-06-20T15:44:29Z,novelty-http-large-post-lifecycle,lifecycle
2026-06-20T15:44:29Z,novelty-http-title-reload-convergence,lifecycle
2026-06-20T15:44:29Z,novelty-http-same-user-stale-draft,lifecycle
2026-06-20T15:44:29Z,novelty-http-table-stale-snapshot,http
2026-06-20T15:44:29Z,novelty-http-existing-post-crdt-metadata,http
2026-06-20T15:44:29Z,novelty-http-persistence-probe,persistence
2026-06-20T15:44:29Z,novelty-ws-parser-serialization,parser
2026-06-20T15:44:30Z,novelty-ws-many-user-lifecycle-completion,lifecycle
2026-06-20T15:44:34Z,novelty-ws-many-user-lifecycle,lifecycle
2026-06-20T15:52:47Z,novelty-http-title-reload-convergence,lifecycle
2026-06-20T15:52:47Z,novelty-http-same-user-stale-draft,lifecycle
2026-06-20T15:52:47Z,novelty-http-table-stale-snapshot,http
2026-06-20T15:52:47Z,novelty-http-persistence-probe,persistence
2026-06-20T15:52:48Z,novelty-ws-many-user-lifecycle-completion,lifecycle
2026-06-20T15:52:48Z,novelty-ws-many-user-lifecycle,lifecycle
2026-06-20T15:52:48Z,novelty-ws-thirty-user-lifecycle,lifecycle
2026-06-20T16:00:43Z,novelty-http-title-reload-convergence,lifecycle
2026-06-20T16:00:43Z,novelty-http-same-user-stale-draft,lifecycle
2026-06-20T16:00:43Z,novelty-http-table-stale-snapshot,http
2026-06-20T16:00:43Z,novelty-http-persistence-probe,persistence
2026-06-20T16:00:43Z,novelty-ws-parser-serialization,parser
2026-06-20T16:00:44Z,novelty-ws-many-user-lifecycle-completion,lifecycle
2026-06-20T16:00:44Z,novelty-ws-many-user-lifecycle,lifecycle
2026-06-20T16:00:44Z,novelty-ws-thirty-user-lifecycle,lifecycle
2026-06-20T16:08:51Z,novelty-http-table-stale-snapshot,http
2026-06-20T16:08:51Z,novelty-http-persistence-probe,persistence
2026-06-20T16:08:51Z,novelty-ws-parser-serialization,parser
2026-06-20T16:08:51Z,novelty-ws-many-user-lifecycle,lifecycle
2026-06-20T16:16:55Z,novelty-http-large-post-lifecycle,lifecycle
2026-06-20T16:16:55Z,novelty-http-title-reload-convergence,lifecycle
2026-06-20T16:16:55Z,novelty-http-same-user-stale-draft,lifecycle
2026-06-20T16:16:55Z,novelty-http-table-stale-snapshot,http
2026-06-20T16:16:55Z,novelty-http-existing-post-crdt-metadata,http
2026-06-20T16:16:55Z,novelty-http-persistence-probe,persistence
2026-06-20T16:16:55Z,novelty-ws-parser-serialization,parser
2026-06-20T16:16:56Z,novelty-ws-many-user-lifecycle-completion,lifecycle
2026-06-20T16:17:00Z,novelty-ws-many-user-lifecycle,lifecycle
2026-06-20T16:25:20Z,novelty-http-large-post-lifecycle,lifecycle
2026-06-20T16:25:20Z,novelty-http-title-reload-convergence,lifecycle
2026-06-20T16:25:24Z,novelty-http-same-user-stale-draft,lifecycle
2026-06-20T16:25:24Z,novelty-http-table-stale-snapshot,http
2026-06-20T16:25:24Z,novelty-http-existing-post-crdt-metadata,http
2026-06-20T16:25:24Z,novelty-http-persistence-probe,persistence
2026-06-20T16:25:24Z,novelty-ws-parser-serialization,parser
2026-06-20T16:25:24Z,novelty-ws-many-user-lifecycle-completion,lifecycle
2026-06-20T16:25:33Z,novelty-ws-many-user-lifecycle,lifecycle
2026-06-20T16:34:06Z,novelty-http-persistence-probe,persistence
2026-06-20T16:34:06Z,novelty-ws-many-user-lifecycle,lifecycle
2026-06-20T16:42:50Z,novelty-http-large-post-lifecycle,lifecycle
2026-06-20T16:42:50Z,novelty-http-title-reload-convergence,lifecycle
2026-06-20T16:42:50Z,novelty-http-same-user-stale-draft,lifecycle
2026-06-20T16:42:50Z,novelty-ws-multi-reload-lifecycle,lifecycle
2026-06-20T16:42:50Z,novelty-ws-collaboration-ui-signals,other
2026-06-20T16:42:50Z,novelty-http-persistence-probe,persistence
2026-06-20T16:42:50Z,novelty-ws-parser-serialization,parser
2026-06-20T16:42:54Z,novelty-ws-thirty-user-lifecycle,lifecycle
2026-06-20T16:51:40Z,novelty-http-large-post-lifecycle,lifecycle
2026-06-20T16:51:40Z,novelty-http-title-reload-convergence,lifecycle
2026-06-20T16:51:40Z,novelty-http-same-user-stale-draft,lifecycle
2026-06-20T16:51:40Z,novelty-ws-multi-reload-lifecycle,lifecycle
2026-06-20T16:51:40Z,novelty-ws-collaboration-ui-signals,other
2026-06-20T16:51:40Z,novelty-http-persistence-probe,persistence
2026-06-20T16:51:40Z,novelty-ws-parser-serialization,parser
2026-06-20T16:51:46Z,novelty-ws-real-user-coverage-bridge,real-user
2026-06-20T17:00:19Z,novelty-http-large-post-lifecycle,lifecycle
2026-06-20T17:00:19Z,novelty-http-title-reload-convergence,lifecycle
2026-06-20T17:00:19Z,novelty-http-same-user-stale-draft,lifecycle
2026-06-20T17:00:19Z,novelty-ws-multi-reload-lifecycle,lifecycle
2026-06-20T17:00:19Z,novelty-ws-collaboration-ui-signals,other
2026-06-20T17:00:19Z,novelty-ws-parser-serialization,parser
2026-06-20T17:00:19Z,novelty-ws-real-user-coverage-bridge,real-user
2026-06-20T17:00:24Z,novelty-ws-many-user-lifecycle-completion,lifecycle
2026-06-20T17:09:00Z,novelty-http-large-post-lifecycle,lifecycle
2026-06-20T17:09:00Z,novelty-http-title-reload-convergence,lifecycle
2026-06-20T17:09:00Z,novelty-http-same-user-stale-draft,lifecycle
2026-06-20T17:09:00Z,novelty-http-table-stale-snapshot,http
2026-06-20T17:09:00Z,novelty-ws-multi-reload-lifecycle,lifecycle
2026-06-20T17:09:00Z,novelty-ws-collaboration-ui-signals,other
2026-06-20T17:09:00Z,novelty-http-persistence-probe,persistence
2026-06-20T17:09:00Z,novelty-ws-parser-serialization,parser
2026-06-20T17:09:05Z,novelty-ws-real-user-coverage-bridge,real-user
2026-06-20T17:17:37Z,novelty-http-large-post-lifecycle,lifecycle
2026-06-20T17:17:37Z,novelty-http-title-reload-convergence,lifecycle
2026-06-20T17:17:37Z,novelty-http-same-user-stale-draft,lifecycle
2026-06-20T17:17:37Z,novelty-ws-multi-reload-lifecycle,lifecycle
2026-06-20T17:17:37Z,novelty-ws-collaboration-ui-signals,other
2026-06-20T17:17:37Z,novelty-http-persistence-probe,persistence
2026-06-20T17:17:37Z,novelty-ws-parser-serialization,parser
2026-06-20T17:17:47Z,novelty-ws-real-user-coverage-bridge,real-user
2026-06-20T17:26:43Z,novelty-http-large-post-lifecycle,lifecycle
2026-06-20T17:26:43Z,novelty-http-title-reload-convergence,lifecycle
2026-06-20T17:26:47Z,novelty-http-same-user-stale-draft,lifecycle
2026-06-20T17:26:47Z,novelty-ws-multi-reload-lifecycle,lifecycle
2026-06-20T17:26:47Z,novelty-ws-collaboration-ui-signals,other
2026-06-20T17:26:47Z,novelty-http-persistence-probe,persistence
2026-06-20T17:26:47Z,novelty-ws-parser-serialization,parser
2026-06-20T17:26:54Z,novelty-ws-real-user-coverage-bridge,real-user
2026-06-20T17:35:35Z,novelty-http-large-post-lifecycle,lifecycle
2026-06-20T17:35:35Z,novelty-http-title-reload-convergence,lifecycle
2026-06-20T17:35:35Z,novelty-http-same-user-stale-draft,lifecycle
2026-06-20T17:35:35Z,novelty-ws-multi-reload-lifecycle,lifecycle
2026-06-20T17:35:35Z,novelty-ws-collaboration-ui-signals,other
2026-06-20T17:35:35Z,novelty-http-persistence-probe,persistence
2026-06-20T17:35:35Z,novelty-ws-parser-serialization,parser
2026-06-20T17:35:41Z,novelty-ws-many-user-lifecycle-completion,lifecycle
2026-06-20T17:44:42Z,novelty-http-large-post-lifecycle,lifecycle
2026-06-20T17:44:42Z,novelty-http-title-reload-convergence,lifecycle
2026-06-20T17:44:42Z,novelty-http-same-user-stale-draft,lifecycle
2026-06-20T17:44:42Z,novelty-ws-multi-reload-lifecycle,lifecycle
2026-06-20T17:44:42Z,novelty-ws-collaboration-ui-signals,other
2026-06-20T17:44:42Z,novelty-http-persistence-probe,persistence
2026-06-20T17:53:47Z,novelty-http-large-post-lifecycle,lifecycle
2026-06-20T17:53:47Z,novelty-http-title-reload-convergence,lifecycle
2026-06-20T17:53:47Z,novelty-http-same-user-stale-draft,lifecycle
2026-06-20T17:53:47Z,novelty-ws-multi-reload-lifecycle,lifecycle
2026-06-20T17:53:47Z,novelty-ws-collaboration-ui-signals,other
2026-06-20T17:53:47Z,novelty-http-persistence-probe,persistence
2026-06-20T18:01:39Z,novelty-ws-permissions-auth-locks,auth/locks
2026-06-20T18:01:48Z,novelty-ws-media-cross-entity,async/media
2026-06-20T18:02:36Z,novelty-http-large-post-lifecycle,lifecycle
2026-06-20T18:02:36Z,novelty-http-title-reload-convergence,lifecycle
2026-06-20T18:02:36Z,novelty-http-same-user-stale-draft,lifecycle
2026-06-20T18:02:36Z,novelty-ws-collaboration-ui-signals,other
2026-06-20T18:02:42Z,novelty-http-persistence-probe,persistence
2026-06-20T18:11:37Z,novelty-http-large-post-lifecycle,lifecycle
2026-06-20T18:11:37Z,novelty-http-title-reload-convergence,lifecycle
2026-06-20T18:11:37Z,novelty-http-same-user-stale-draft,lifecycle
2026-06-20T18:11:37Z,novelty-http-table-stale-snapshot,http
2026-06-20T18:11:37Z,novelty-ws-collaboration-ui-signals,other
2026-06-20T18:11:37Z,novelty-http-persistence-probe,persistence
2026-06-20T18:19:53Z,novelty-ws-long-session-large-doc,lifecycle
2026-06-20T18:21:00Z,novelty-ws-parser-transform,parser
2026-06-20T18:21:00Z,novelty-http-large-post-lifecycle,lifecycle
2026-06-20T18:21:03Z,novelty-http-title-reload-convergence,lifecycle
2026-06-20T18:21:03Z,novelty-http-same-user-stale-draft,lifecycle
2026-06-20T18:21:03Z,novelty-http-table-stale-snapshot,http
2026-06-20T18:29:07Z,novelty-ws-parser-transform,parser
2026-06-20T18:29:20Z,novelty-ws-long-session-large-doc,lifecycle
2026-06-20T18:30:23Z,novelty-http-large-post-lifecycle,lifecycle
2026-06-20T18:30:23Z,novelty-http-title-reload-convergence,lifecycle
2026-06-20T18:30:23Z,novelty-http-same-user-stale-draft,lifecycle
2026-06-20T18:30:23Z,novelty-http-table-stale-snapshot,http
2026-06-20T18:30:23Z,novelty-ws-collaboration-ui-signals,other
2026-06-20T18:38:39Z,novelty-ws-long-session-large-doc,lifecycle
2026-06-20T18:39:59Z,novelty-http-large-post-lifecycle,lifecycle
2026-06-20T18:39:59Z,novelty-http-title-reload-convergence,lifecycle
2026-06-20T18:39:59Z,novelty-http-same-user-stale-draft,lifecycle
2026-06-20T18:39:59Z,novelty-http-table-stale-snapshot,http
2026-06-20T18:39:59Z,novelty-ws-collaboration-ui-signals,other
2026-06-20T18:39:59Z,novelty-http-persistence-probe,persistence
2026-06-20T18:48:03Z,novelty-ws-long-session-large-doc,lifecycle
2026-06-20T18:49:35Z,novelty-http-large-post-lifecycle,lifecycle
2026-06-20T18:49:35Z,novelty-http-title-reload-convergence,lifecycle
2026-06-20T18:49:35Z,novelty-http-same-user-stale-draft,lifecycle
2026-06-20T18:49:35Z,novelty-http-table-stale-snapshot,http
2026-06-20T18:49:35Z,novelty-ws-collaboration-ui-signals,other
2026-06-20T18:49:35Z,novelty-http-persistence-probe,persistence
2026-06-20T18:59:10Z,novelty-http-large-post-lifecycle,lifecycle
2026-06-20T18:59:10Z,novelty-http-title-reload-convergence,lifecycle
2026-06-20T18:59:14Z,novelty-http-same-user-stale-draft,lifecycle
2026-06-20T18:59:14Z,novelty-http-table-stale-snapshot,http
2026-06-20T18:59:14Z,novelty-ws-collaboration-ui-signals,other
2026-06-20T18:59:14Z,novelty-http-persistence-probe,persistence
2026-06-20T18:59:14Z,novelty-ws-parser-serialization,parser
2026-06-20T18:59:25Z,novelty-ws-permissions-auth-locks,auth/locks
2026-06-20T19:07:41Z,novelty-ws-long-session-large-doc,lifecycle
2026-06-20T19:09:10Z,novelty-http-large-post-lifecycle,lifecycle
2026-06-20T19:09:10Z,novelty-http-title-reload-convergence,lifecycle
2026-06-20T19:09:10Z,novelty-http-same-user-stale-draft,lifecycle
2026-06-20T19:09:10Z,novelty-http-table-stale-snapshot,http
2026-06-20T19:09:10Z,novelty-ws-collaboration-ui-signals,other
2026-06-20T19:09:10Z,novelty-http-persistence-probe,persistence
2026-06-20T19:09:27Z,novelty-ws-parser-serialization,parser
2026-06-20T19:09:39Z,novelty-ws-permissions-auth-locks,auth/locks
2026-06-20T19:18:12Z,novelty-ws-long-session-large-doc,lifecycle
2026-06-20T19:20:01Z,novelty-http-large-post-lifecycle,lifecycle
2026-06-20T19:20:01Z,novelty-http-title-reload-convergence,lifecycle
2026-06-20T19:20:01Z,novelty-http-same-user-stale-draft,lifecycle
2026-06-20T19:20:01Z,novelty-http-table-stale-snapshot,http
2026-06-20T19:20:01Z,novelty-ws-collaboration-ui-signals,other
2026-06-20T19:20:01Z,novelty-http-persistence-probe,persistence
2026-06-20T19:20:10Z,novelty-ws-parser-serialization,parser
2026-06-20T19:20:21Z,novelty-ws-permissions-auth-locks,auth/locks
2026-06-20T19:28:52Z,novelty-ws-long-session-large-doc,lifecycle
2026-06-20T19:30:48Z,novelty-http-large-post-lifecycle,lifecycle
2026-06-20T19:30:48Z,novelty-http-title-reload-convergence,lifecycle
2026-06-20T19:30:48Z,novelty-http-same-user-stale-draft,lifecycle
2026-06-20T19:30:48Z,novelty-http-table-stale-snapshot,http
2026-06-20T19:30:48Z,novelty-ws-collaboration-ui-signals,other
2026-06-20T19:30:48Z,novelty-http-persistence-probe,persistence
2026-06-20T19:30:57Z,novelty-ws-parser-serialization,parser
2026-06-20T19:31:08Z,novelty-ws-permissions-auth-locks,auth/locks
2026-06-20T19:40:07Z,novelty-ws-long-session-large-doc,lifecycle
2026-06-20T19:42:13Z,novelty-http-large-post-lifecycle,lifecycle
2026-06-20T19:42:13Z,novelty-http-title-reload-convergence,lifecycle
2026-06-20T19:42:13Z,novelty-http-same-user-stale-draft,lifecycle
2026-06-20T19:42:13Z,novelty-http-table-stale-snapshot,http
2026-06-20T19:42:13Z,novelty-ws-collaboration-ui-signals,other
2026-06-20T19:42:13Z,novelty-http-persistence-probe,persistence
2026-06-20T19:42:29Z,novelty-ws-parser-serialization,parser
2026-06-20T19:42:56Z,novelty-ws-permissions-auth-locks,auth/locks
2026-06-20T19:52:23Z,novelty-ws-long-session-large-doc,lifecycle
2026-06-20T19:55:12Z,novelty-http-large-post-lifecycle,lifecycle
2026-06-20T19:55:12Z,novelty-http-title-reload-convergence,lifecycle
2026-06-20T19:55:12Z,novelty-http-same-user-stale-draft,lifecycle
2026-06-20T19:55:12Z,novelty-http-table-stale-snapshot,http
2026-06-20T19:55:12Z,novelty-ws-collaboration-ui-signals,other
2026-06-20T19:55:12Z,novelty-http-persistence-probe,persistence
2026-06-20T19:55:26Z,novelty-ws-parser-serialization,parser
2026-06-20T19:55:46Z,novelty-ws-permissions-auth-locks,auth/locks
2026-06-20T23:49:20Z,novelty-ws-many-user-lifecycle,lifecycle
2026-06-20T23:49:20Z,novelty-ws-thirty-user-lifecycle,lifecycle
2026-06-20T23:59:12Z,novelty-ws-parser-serialization,parser
2026-06-21T00:01:38Z,novelty-ws-parser-transform,parser
2026-06-21T00:01:39Z,novelty-ws-many-user-lifecycle-completion,lifecycle
2026-06-21T00:01:39Z,novelty-ws-media-cross-entity-completion,async/media
2026-06-21T00:01:42Z,novelty-ws-permissions-auth-locks,auth/locks
2026-06-21T00:01:45Z,novelty-ws-long-session-large-doc,lifecycle
2026-06-21T00:01:46Z,novelty-ws-media-cross-entity,async/media
2026-06-21T00:01:48Z,novelty-http-large-post-lifecycle,lifecycle
2026-06-21T00:01:48Z,novelty-http-title-reload-convergence,lifecycle
2026-06-21T00:01:48Z,novelty-http-same-user-stale-draft,lifecycle
2026-06-21T00:01:48Z,novelty-http-persistence-probe,persistence
2026-06-21T00:01:48Z,novelty-ws-parser-serialization,parser
2026-06-21T00:01:48Z,novelty-ws-thirty-user-lifecycle,lifecycle
2026-06-21T00:01:48Z,novelty-ws-many-user-lifecycle,lifecycle
2026-06-21T00:01:49Z,novelty-ws-permissions-auth-locks,auth/locks
2026-06-21T00:04:59Z,novelty-http-large-post-lifecycle,lifecycle
2026-06-21T00:04:59Z,novelty-http-title-reload-convergence,lifecycle
2026-06-21T00:04:59Z,novelty-http-same-user-stale-draft,lifecycle
2026-06-21T00:04:59Z,novelty-http-table-stale-snapshot,http
2026-06-21T00:04:59Z,novelty-http-existing-post-crdt-metadata,http
2026-06-21T00:04:59Z,novelty-http-persistence-probe,persistence
2026-06-21T00:04:59Z,novelty-ws-parser-serialization,parser
2026-06-21T00:04:59Z,novelty-ws-multi-reload-lifecycle,lifecycle
2026-06-21T00:04:59Z,novelty-ws-collaboration-ui-signals,other
2026-06-21T00:05:00Z,novelty-ws-permissions-auth-locks,auth/locks
2026-06-21T00:05:00Z,novelty-ws-many-user-lifecycle,lifecycle
2026-06-21T00:05:00Z,novelty-ws-thirty-user-lifecycle,lifecycle
2026-06-21T00:08:01Z,novelty-http-large-post-lifecycle,lifecycle
2026-06-21T00:08:01Z,novelty-http-title-reload-convergence,lifecycle
2026-06-21T00:08:01Z,novelty-http-same-user-stale-draft,lifecycle
2026-06-21T00:08:01Z,novelty-http-persistence-probe,persistence
2026-06-21T00:08:01Z,novelty-ws-parser-serialization,parser
2026-06-21T00:08:01Z,novelty-ws-multi-reload-lifecycle,lifecycle
2026-06-21T00:08:01Z,novelty-ws-permissions-auth-locks,auth/locks
2026-06-21T00:08:02Z,novelty-ws-many-user-lifecycle,lifecycle
2026-06-21T00:08:02Z,novelty-ws-thirty-user-lifecycle,lifecycle
2026-06-21T00:11:00Z,novelty-http-large-post-lifecycle,lifecycle
2026-06-21T00:11:00Z,novelty-http-title-reload-convergence,lifecycle
2026-06-21T00:11:00Z,novelty-http-same-user-stale-draft,lifecycle
2026-06-21T00:11:00Z,novelty-http-persistence-probe,persistence
2026-06-21T00:11:00Z,novelty-ws-parser-serialization,parser
2026-06-21T00:11:00Z,novelty-ws-multi-reload-lifecycle,lifecycle
2026-06-21T00:11:00Z,novelty-ws-collaboration-ui-signals,other
2026-06-21T00:11:00Z,novelty-ws-permissions-auth-locks,auth/locks
2026-06-21T00:11:00Z,novelty-ws-many-user-lifecycle,lifecycle
2026-06-21T00:11:00Z,novelty-ws-thirty-user-lifecycle,lifecycle
2026-06-21T00:14:07Z,novelty-http-large-post-lifecycle,lifecycle
2026-06-21T00:14:07Z,novelty-http-title-reload-convergence,lifecycle
2026-06-21T00:14:07Z,novelty-http-same-user-stale-draft,lifecycle
2026-06-21T00:14:07Z,novelty-http-persistence-probe,persistence
2026-06-21T00:14:07Z,novelty-ws-parser-serialization,parser
2026-06-21T00:14:07Z,novelty-ws-multi-reload-lifecycle,lifecycle
2026-06-21T00:14:07Z,novelty-ws-collaboration-ui-signals,other
2026-06-21T00:14:07Z,novelty-ws-permissions-auth-locks,auth/locks
2026-06-21T00:14:07Z,novelty-ws-many-user-lifecycle,lifecycle
2026-06-21T00:14:07Z,novelty-ws-thirty-user-lifecycle,lifecycle
2026-06-21T00:17:15Z,novelty-http-large-post-lifecycle,lifecycle
2026-06-21T00:17:15Z,novelty-http-title-reload-convergence,lifecycle
2026-06-21T00:17:15Z,novelty-http-same-user-stale-draft,lifecycle
2026-06-21T00:17:15Z,novelty-http-persistence-probe,persistence
2026-06-21T00:17:15Z,novelty-ws-parser-serialization,parser
2026-06-21T00:17:15Z,novelty-ws-multi-reload-lifecycle,lifecycle
2026-06-21T00:17:15Z,novelty-ws-collaboration-ui-signals,other
2026-06-21T00:17:15Z,novelty-ws-permissions-auth-locks,auth/locks
2026-06-21T00:17:15Z,novelty-ws-many-user-lifecycle,lifecycle
2026-06-21T00:17:16Z,novelty-ws-thirty-user-lifecycle,lifecycle
2026-06-21T00:20:14Z,novelty-ws-parser-serialization,parser
2026-06-21T00:20:14Z,novelty-ws-real-user-save-reload,real-user
2026-06-21T00:20:17Z,novelty-ws-many-user-lifecycle,lifecycle
2026-06-21T00:20:17Z,novelty-ws-thirty-user-lifecycle,lifecycle
2026-06-21T00:25:06Z,novelty-ws-thirty-user-lifecycle,lifecycle
2026-06-21T00:25:06Z,novelty-ws-thirty-user-lifecycle-completion,lifecycle
2026-06-21T00:34:48Z,novelty-ws-parser-transform,parser
2026-06-21T00:34:50Z,novelty-ws-many-user-lifecycle-completion,lifecycle
2026-06-21T00:34:52Z,novelty-ws-many-user-lifecycle,lifecycle
2026-06-21T00:34:54Z,novelty-ws-media-cross-entity-completion,async/media
2026-06-21T00:34:55Z,novelty-ws-permissions-auth-locks,auth/locks
2026-06-21T00:34:57Z,novelty-ws-long-session-large-doc,lifecycle
2026-06-21T00:35:00Z,novelty-http-large-post-lifecycle,lifecycle
2026-06-21T00:35:00Z,novelty-http-title-reload-convergence,lifecycle
2026-06-21T00:35:00Z,novelty-ws-thirty-user-lifecycle,lifecycle
2026-06-21T00:35:00Z,novelty-ws-thirty-user-lifecycle-completion,lifecycle
2026-06-21T00:40:03Z,novelty-ws-media-cross-entity,async/media
2026-06-21T00:40:05Z,novelty-http-large-post-lifecycle,lifecycle
2026-06-21T00:40:05Z,novelty-http-title-reload-convergence,lifecycle
2026-06-21T00:40:05Z,novelty-http-same-user-stale-draft,lifecycle
2026-06-21T00:40:05Z,novelty-http-table-stale-snapshot,http
2026-06-21T00:40:05Z,novelty-http-existing-post-crdt-metadata,http
2026-06-21T00:40:05Z,novelty-http-persistence-probe,persistence
2026-06-21T00:40:05Z,novelty-ws-parser-serialization,parser
2026-06-21T00:40:05Z,novelty-ws-multi-reload-lifecycle,lifecycle
2026-06-21T00:40:05Z,novelty-ws-permissions-auth-locks,auth/locks
2026-06-21T00:40:05Z,novelty-ws-many-user-lifecycle-completion,lifecycle
2026-06-21T00:40:05Z,novelty-ws-many-user-lifecycle,lifecycle
2026-06-21T00:40:05Z,novelty-ws-thirty-user-lifecycle,lifecycle
2026-06-21T00:40:05Z,novelty-ws-thirty-user-lifecycle-completion,lifecycle
2026-06-21T00:45:09Z,novelty-ws-permissions-auth-locks,auth/locks
2026-06-21T00:45:11Z,novelty-ws-media-cross-entity,async/media
2026-06-21T00:45:28Z,novelty-http-large-post-lifecycle,lifecycle
2026-06-21T00:45:28Z,novelty-http-title-reload-convergence,lifecycle
2026-06-21T00:45:28Z,novelty-http-same-user-stale-draft,lifecycle
2026-06-21T00:45:28Z,novelty-http-persistence-probe,persistence
2026-06-21T00:45:28Z,novelty-ws-parser-serialization,parser
2026-06-21T00:45:28Z,novelty-ws-multi-reload-lifecycle,lifecycle
2026-06-21T00:45:28Z,novelty-ws-permissions-auth-locks,auth/locks
2026-06-21T00:45:28Z,novelty-ws-many-user-lifecycle-completion,lifecycle
2026-06-21T00:45:28Z,novelty-ws-many-user-lifecycle,lifecycle
2026-06-21T00:45:28Z,novelty-ws-thirty-user-lifecycle,lifecycle
2026-06-21T00:45:28Z,novelty-ws-thirty-user-lifecycle-completion,lifecycle
2026-06-21T00:49:20Z,novelty-ws-permissions-auth-locks,auth/locks
2026-06-21T00:49:21Z,novelty-ws-media-cross-entity,async/media
2026-06-21T00:49:33Z,novelty-http-large-post-lifecycle,lifecycle
2026-06-21T00:49:33Z,novelty-http-title-reload-convergence,lifecycle
2026-06-21T00:49:33Z,novelty-http-same-user-stale-draft,lifecycle
2026-06-21T00:49:33Z,novelty-http-persistence-probe,persistence
2026-06-21T00:49:33Z,novelty-ws-parser-serialization,parser
2026-06-21T00:49:33Z,novelty-ws-multi-reload-lifecycle,lifecycle
2026-06-21T00:49:33Z,novelty-ws-permissions-auth-locks,auth/locks
2026-06-21T00:49:33Z,novelty-ws-many-user-lifecycle-completion,lifecycle
2026-06-21T00:49:33Z,novelty-ws-many-user-lifecycle,lifecycle
2026-06-21T00:49:33Z,novelty-ws-thirty-user-lifecycle,lifecycle
2026-06-21T00:49:34Z,novelty-ws-thirty-user-lifecycle-completion,lifecycle
2026-06-21T00:54:44Z,novelty-ws-permissions-auth-locks,auth/locks
2026-06-21T00:54:46Z,novelty-ws-media-cross-entity,async/media
2026-06-21T00:55:04Z,novelty-http-large-post-lifecycle,lifecycle
2026-06-21T00:55:04Z,novelty-http-title-reload-convergence,lifecycle
2026-06-21T00:55:04Z,novelty-http-same-user-stale-draft,lifecycle
2026-06-21T00:55:04Z,novelty-http-table-stale-snapshot,http
2026-06-21T00:55:04Z,novelty-http-existing-post-crdt-metadata,http
2026-06-21T00:55:04Z,novelty-http-persistence-probe,persistence
2026-06-21T00:55:04Z,novelty-ws-parser-serialization,parser
2026-06-21T00:55:04Z,novelty-ws-multi-reload-lifecycle,lifecycle
2026-06-21T00:55:04Z,novelty-ws-collaboration-ui-signals,other
2026-06-21T00:55:04Z,novelty-ws-permissions-auth-locks,auth/locks
2026-06-21T00:55:04Z,novelty-ws-many-user-lifecycle-completion,lifecycle
2026-06-21T00:55:05Z,novelty-ws-many-user-lifecycle,lifecycle
2026-06-21T00:55:05Z,novelty-ws-thirty-user-lifecycle,lifecycle
2026-06-21T00:55:05Z,novelty-ws-thirty-user-lifecycle-completion,lifecycle
2026-06-21T01:00:06Z,novelty-ws-permissions-auth-locks,auth/locks
2026-06-21T01:00:09Z,novelty-ws-media-cross-entity,async/media
2026-06-21T01:00:21Z,novelty-http-large-post-lifecycle,lifecycle
2026-06-21T01:00:21Z,novelty-http-title-reload-convergence,lifecycle
2026-06-21T01:00:21Z,novelty-http-same-user-stale-draft,lifecycle
2026-06-21T01:00:21Z,novelty-http-table-stale-snapshot,http
2026-06-21T01:00:21Z,novelty-http-existing-post-crdt-metadata,http
2026-06-21T01:00:21Z,novelty-http-persistence-probe,persistence
2026-06-21T01:00:21Z,novelty-ws-parser-serialization,parser
2026-06-21T01:00:21Z,novelty-ws-multi-reload-lifecycle,lifecycle
2026-06-21T01:00:21Z,novelty-ws-collaboration-ui-signals,other
2026-06-21T01:00:21Z,novelty-ws-permissions-auth-locks,auth/locks
2026-06-21T01:00:21Z,novelty-ws-many-user-lifecycle-completion,lifecycle
2026-06-21T01:00:22Z,novelty-ws-many-user-lifecycle,lifecycle
2026-06-21T01:00:22Z,novelty-ws-thirty-user-lifecycle,lifecycle
2026-06-21T01:00:22Z,novelty-ws-thirty-user-lifecycle-completion,lifecycle
2026-06-21T01:05:34Z,novelty-ws-permissions-auth-locks,auth/locks
2026-06-21T01:05:37Z,novelty-ws-media-cross-entity,async/media
2026-06-21T01:05:53Z,novelty-http-large-post-lifecycle,lifecycle
2026-06-21T01:05:53Z,novelty-http-title-reload-convergence,lifecycle
2026-06-21T01:05:53Z,novelty-http-same-user-stale-draft,lifecycle
2026-06-21T01:05:53Z,novelty-http-table-stale-snapshot,http
2026-06-21T01:05:53Z,novelty-http-existing-post-crdt-metadata,http
2026-06-21T01:05:53Z,novelty-http-persistence-probe,persistence
2026-06-21T01:05:53Z,novelty-ws-parser-serialization,parser
2026-06-21T01:05:53Z,novelty-ws-multi-reload-lifecycle,lifecycle
2026-06-21T01:05:53Z,novelty-ws-collaboration-ui-signals,other
2026-06-21T01:05:53Z,novelty-ws-permissions-auth-locks,auth/locks
2026-06-21T01:05:53Z,novelty-ws-many-user-lifecycle-completion,lifecycle
2026-06-21T01:05:53Z,novelty-ws-many-user-lifecycle,lifecycle
2026-06-21T01:05:53Z,novelty-ws-thirty-user-lifecycle,lifecycle
2026-06-21T01:05:53Z,novelty-ws-thirty-user-lifecycle-completion,lifecycle
2026-06-21T01:11:06Z,novelty-ws-permissions-auth-locks,auth/locks
2026-06-21T01:11:09Z,novelty-ws-media-cross-entity,async/media
2026-06-21T01:11:22Z,novelty-http-large-post-lifecycle,lifecycle
2026-06-21T01:11:22Z,novelty-http-title-reload-convergence,lifecycle
2026-06-21T01:11:22Z,novelty-http-same-user-stale-draft,lifecycle
2026-06-21T01:11:22Z,novelty-http-persistence-probe,persistence
2026-06-21T01:11:22Z,novelty-ws-parser-serialization,parser
2026-06-21T01:11:22Z,novelty-ws-multi-reload-lifecycle,lifecycle
2026-06-21T01:11:22Z,novelty-ws-permissions-auth-locks,auth/locks
2026-06-21T01:11:22Z,novelty-ws-many-user-lifecycle-completion,lifecycle
2026-06-21T01:11:22Z,novelty-ws-many-user-lifecycle,lifecycle
2026-06-21T01:11:22Z,novelty-ws-thirty-user-lifecycle,lifecycle
2026-06-21T01:11:23Z,novelty-ws-thirty-user-lifecycle-completion,lifecycle
2026-06-21T01:16:36Z,novelty-ws-permissions-auth-locks,auth/locks
2026-06-21T01:16:39Z,novelty-ws-media-cross-entity,async/media
2026-06-21T01:16:56Z,novelty-http-large-post-lifecycle,lifecycle
2026-06-21T01:16:56Z,novelty-http-title-reload-convergence,lifecycle
2026-06-21T01:16:56Z,novelty-http-same-user-stale-draft,lifecycle
2026-06-21T01:16:56Z,novelty-http-table-stale-snapshot,http
2026-06-21T01:16:56Z,novelty-http-existing-post-crdt-metadata,http
2026-06-21T01:16:56Z,novelty-http-persistence-probe,persistence
2026-06-21T01:16:56Z,novelty-ws-parser-serialization,parser
2026-06-21T01:16:56Z,novelty-ws-multi-reload-lifecycle,lifecycle
2026-06-21T01:16:56Z,novelty-ws-collaboration-ui-signals,other
2026-06-21T01:16:57Z,novelty-ws-permissions-auth-locks,auth/locks
2026-06-21T01:16:57Z,novelty-ws-many-user-lifecycle-completion,lifecycle
2026-06-21T01:16:57Z,novelty-ws-many-user-lifecycle,lifecycle
2026-06-21T01:16:57Z,novelty-ws-thirty-user-lifecycle,lifecycle
2026-06-21T01:16:57Z,novelty-ws-thirty-user-lifecycle-completion,lifecycle
2026-06-21T01:22:21Z,novelty-ws-permissions-auth-locks,auth/locks
2026-06-21T01:22:24Z,novelty-ws-media-cross-entity,async/media
2026-06-21T01:22:40Z,novelty-http-large-post-lifecycle,lifecycle
2026-06-21T01:22:40Z,novelty-http-title-reload-convergence,lifecycle
2026-06-21T01:22:40Z,novelty-http-same-user-stale-draft,lifecycle
2026-06-21T01:22:40Z,novelty-http-persistence-probe,persistence
2026-06-21T01:22:40Z,novelty-ws-parser-serialization,parser
2026-06-21T01:22:40Z,novelty-ws-multi-reload-lifecycle,lifecycle
2026-06-21T01:22:40Z,novelty-ws-permissions-auth-locks,auth/locks
2026-06-21T01:22:40Z,novelty-ws-many-user-lifecycle-completion,lifecycle
2026-06-21T01:22:40Z,novelty-ws-many-user-lifecycle,lifecycle
2026-06-21T01:22:40Z,novelty-ws-thirty-user-lifecycle,lifecycle
2026-06-21T01:22:41Z,novelty-ws-thirty-user-lifecycle-completion,lifecycle
2026-06-21T01:25:59Z,novelty-ws-permissions-auth-locks,auth/locks
2026-06-21T01:26:01Z,novelty-ws-media-cross-entity,async/media
2026-06-21T01:26:12Z,novelty-http-large-post-lifecycle,lifecycle
2026-06-21T01:26:12Z,novelty-http-title-reload-convergence,lifecycle
2026-06-21T01:26:12Z,novelty-http-same-user-stale-draft,lifecycle
2026-06-21T01:26:12Z,novelty-http-persistence-probe,persistence
2026-06-21T01:26:12Z,novelty-ws-parser-serialization,parser
2026-06-21T01:26:12Z,novelty-ws-multi-reload-lifecycle,lifecycle
2026-06-21T01:26:12Z,novelty-ws-permissions-auth-locks,auth/locks
2026-06-21T01:26:13Z,novelty-ws-many-user-lifecycle-completion,lifecycle
2026-06-21T01:26:13Z,novelty-ws-many-user-lifecycle,lifecycle
2026-06-21T01:26:13Z,novelty-ws-thirty-user-lifecycle,lifecycle
2026-06-21T01:26:13Z,novelty-ws-thirty-user-lifecycle-completion,lifecycle
2026-06-21T01:29:12Z,novelty-ws-permissions-auth-locks,auth/locks
2026-06-21T01:29:12Z,novelty-ws-media-cross-entity,async/media
2026-06-21T01:29:21Z,novelty-http-large-post-lifecycle,lifecycle
2026-06-21T01:29:21Z,novelty-http-title-reload-convergence,lifecycle
2026-06-21T01:29:21Z,novelty-http-same-user-stale-draft,lifecycle
2026-06-21T01:29:21Z,novelty-http-persistence-probe,persistence
2026-06-21T01:29:21Z,novelty-ws-parser-serialization,parser
2026-06-21T01:29:21Z,novelty-ws-multi-reload-lifecycle,lifecycle
2026-06-21T01:29:21Z,novelty-ws-permissions-auth-locks,auth/locks
2026-06-21T01:29:21Z,novelty-ws-many-user-lifecycle-completion,lifecycle
2026-06-21T01:29:21Z,novelty-ws-many-user-lifecycle,lifecycle
2026-06-21T01:29:21Z,novelty-ws-thirty-user-lifecycle,lifecycle
2026-06-21T01:29:21Z,novelty-ws-thirty-user-lifecycle-completion,lifecycle
2026-06-21T01:32:31Z,novelty-ws-real-user-editing,real-user
2026-06-21T01:32:31Z,novelty-ws-parser-serialization,parser
2026-06-21T01:32:32Z,novelty-ws-real-user-save-reload,real-user
2026-06-21T01:32:34Z,novelty-ws-many-user-lifecycle-completion,lifecycle
2026-06-21T01:32:34Z,novelty-ws-many-user-lifecycle,lifecycle
2026-06-21T01:32:36Z,novelty-ws-thirty-user-lifecycle,lifecycle
2026-06-21T01:32:36Z,novelty-ws-thirty-user-lifecycle-completion,lifecycle
2026-06-21T01:35:58Z,novelty-ws-permissions-auth-locks,auth/locks
2026-06-21T01:35:58Z,novelty-ws-media-cross-entity,async/media
2026-06-21T01:36:09Z,novelty-http-large-post-lifecycle,lifecycle
2026-06-21T01:36:09Z,novelty-http-title-reload-convergence,lifecycle
2026-06-21T01:36:09Z,novelty-http-same-user-stale-draft,lifecycle
2026-06-21T01:36:09Z,novelty-http-persistence-probe,persistence
2026-06-21T01:36:09Z,novelty-ws-parser-serialization,parser
2026-06-21T01:36:09Z,novelty-ws-multi-reload-lifecycle,lifecycle
2026-06-21T01:36:09Z,novelty-ws-permissions-auth-locks,auth/locks
2026-06-21T01:36:09Z,novelty-ws-many-user-lifecycle-completion,lifecycle
2026-06-21T01:36:11Z,novelty-ws-many-user-lifecycle,lifecycle
2026-06-21T01:36:12Z,novelty-ws-thirty-user-lifecycle,lifecycle
2026-06-21T01:36:12Z,novelty-ws-thirty-user-lifecycle-completion,lifecycle
2026-06-21T01:39:23Z,novelty-ws-permissions-auth-locks,auth/locks
2026-06-21T01:39:26Z,novelty-ws-media-cross-entity,async/media
2026-06-21T01:39:35Z,novelty-http-large-post-lifecycle,lifecycle
2026-06-21T01:39:35Z,novelty-http-title-reload-convergence,lifecycle
2026-06-21T01:39:35Z,novelty-http-same-user-stale-draft,lifecycle
2026-06-21T01:39:35Z,novelty-http-persistence-probe,persistence
2026-06-21T01:39:35Z,novelty-ws-parser-serialization,parser
2026-06-21T01:39:35Z,novelty-ws-multi-reload-lifecycle,lifecycle
2026-06-21T01:39:35Z,novelty-ws-permissions-auth-locks,auth/locks
2026-06-21T01:39:35Z,novelty-ws-many-user-lifecycle-completion,lifecycle
2026-06-21T01:39:35Z,novelty-ws-many-user-lifecycle,lifecycle
2026-06-21T01:39:35Z,novelty-ws-thirty-user-lifecycle,lifecycle
2026-06-21T01:39:36Z,novelty-ws-thirty-user-lifecycle-completion,lifecycle
2026-06-21T01:42:46Z,novelty-ws-permissions-auth-locks,auth/locks
2026-06-21T01:42:48Z,novelty-ws-media-cross-entity,async/media
2026-06-21T01:43:00Z,novelty-http-large-post-lifecycle,lifecycle
2026-06-21T01:43:00Z,novelty-http-title-reload-convergence,lifecycle
2026-06-21T01:43:00Z,novelty-http-same-user-stale-draft,lifecycle
2026-06-21T01:43:00Z,novelty-http-table-stale-snapshot,http
2026-06-21T01:43:00Z,novelty-http-existing-post-crdt-metadata,http
2026-06-21T01:43:00Z,novelty-http-persistence-probe,persistence
2026-06-21T01:43:00Z,novelty-ws-parser-serialization,parser
2026-06-21T01:43:00Z,novelty-ws-multi-reload-lifecycle,lifecycle
2026-06-21T01:43:00Z,novelty-ws-collaboration-ui-signals,other
2026-06-21T01:43:00Z,novelty-ws-permissions-auth-locks,auth/locks
2026-06-21T01:43:01Z,novelty-ws-many-user-lifecycle-completion,lifecycle
2026-06-21T01:43:01Z,novelty-ws-many-user-lifecycle,lifecycle
2026-06-21T01:43:01Z,novelty-ws-thirty-user-lifecycle,lifecycle
2026-06-21T01:43:01Z,novelty-ws-thirty-user-lifecycle-completion,lifecycle
2026-06-21T01:46:20Z,novelty-ws-permissions-auth-locks,auth/locks
2026-06-21T01:46:20Z,novelty-ws-media-cross-entity,async/media
2026-06-21T01:46:30Z,novelty-http-large-post-lifecycle,lifecycle
2026-06-21T01:46:30Z,novelty-http-title-reload-convergence,lifecycle
2026-06-21T01:46:30Z,novelty-http-same-user-stale-draft,lifecycle
2026-06-21T01:46:30Z,novelty-http-table-stale-snapshot,http
2026-06-21T01:46:30Z,novelty-http-persistence-probe,persistence
2026-06-21T01:46:30Z,novelty-ws-parser-serialization,parser
2026-06-21T01:46:31Z,novelty-ws-multi-reload-lifecycle,lifecycle
2026-06-21T01:46:31Z,novelty-ws-permissions-auth-locks,auth/locks
2026-06-21T01:46:32Z,novelty-ws-many-user-lifecycle-completion,lifecycle
2026-06-21T01:46:34Z,novelty-ws-many-user-lifecycle,lifecycle
2026-06-21T01:46:34Z,novelty-ws-thirty-user-lifecycle,lifecycle
2026-06-21T01:46:34Z,novelty-ws-thirty-user-lifecycle-completion,lifecycle
2026-06-21T01:50:15Z,novelty-ws-permissions-auth-locks,auth/locks
2026-06-21T01:50:15Z,novelty-ws-media-cross-entity,async/media
2026-06-21T01:50:35Z,novelty-http-large-post-lifecycle,lifecycle
2026-06-21T01:50:35Z,novelty-http-title-reload-convergence,lifecycle
2026-06-21T01:50:35Z,novelty-http-same-user-stale-draft,lifecycle
2026-06-21T01:50:35Z,novelty-http-table-stale-snapshot,http
2026-06-21T01:50:35Z,novelty-http-existing-post-crdt-metadata,http
2026-06-21T01:50:35Z,novelty-http-persistence-probe,persistence
2026-06-21T01:50:35Z,novelty-ws-parser-serialization,parser
2026-06-21T01:50:35Z,novelty-ws-multi-reload-lifecycle,lifecycle
2026-06-21T01:50:35Z,novelty-ws-collaboration-ui-signals,other
2026-06-21T01:50:35Z,novelty-ws-permissions-auth-locks,auth/locks
2026-06-21T01:50:36Z,novelty-ws-many-user-lifecycle-completion,lifecycle
2026-06-21T01:50:36Z,novelty-ws-many-user-lifecycle,lifecycle
2026-06-21T01:50:37Z,novelty-ws-thirty-user-lifecycle,lifecycle
2026-06-21T01:50:37Z,novelty-ws-thirty-user-lifecycle-completion,lifecycle
2026-06-21T01:54:13Z,novelty-ws-permissions-auth-locks,auth/locks
2026-06-21T01:54:14Z,novelty-ws-media-cross-entity,async/media
2026-06-21T01:54:38Z,novelty-http-large-post-lifecycle,lifecycle
2026-06-21T01:54:38Z,novelty-http-title-reload-convergence,lifecycle
2026-06-21T01:54:38Z,novelty-http-same-user-stale-draft,lifecycle
2026-06-21T01:54:38Z,novelty-http-table-stale-snapshot,http
2026-06-21T01:54:38Z,novelty-http-existing-post-crdt-metadata,http
2026-06-21T01:54:38Z,novelty-http-persistence-probe,persistence
2026-06-21T01:54:38Z,novelty-ws-parser-serialization,parser
2026-06-21T01:54:38Z,novelty-ws-multi-reload-lifecycle,lifecycle
2026-06-21T01:54:38Z,novelty-ws-collaboration-ui-signals,other
2026-06-21T01:54:38Z,novelty-ws-permissions-auth-locks,auth/locks
2026-06-21T01:54:38Z,novelty-ws-many-user-lifecycle-completion,lifecycle
2026-06-21T01:54:38Z,novelty-ws-many-user-lifecycle,lifecycle
2026-06-21T01:54:39Z,novelty-ws-thirty-user-lifecycle,lifecycle
2026-06-21T01:54:39Z,novelty-ws-thirty-user-lifecycle-completion,lifecycle
2026-06-21T01:58:06Z,novelty-ws-permissions-auth-locks,auth/locks
2026-06-21T01:58:08Z,novelty-ws-media-cross-entity,async/media
2026-06-21T01:58:28Z,novelty-http-large-post-lifecycle,lifecycle
2026-06-21T01:58:28Z,novelty-http-title-reload-convergence,lifecycle
2026-06-21T01:58:28Z,novelty-http-same-user-stale-draft,lifecycle
2026-06-21T01:58:28Z,novelty-http-table-stale-snapshot,http
2026-06-21T01:58:28Z,novelty-http-existing-post-crdt-metadata,http
2026-06-21T01:58:28Z,novelty-http-persistence-probe,persistence
2026-06-21T01:58:28Z,novelty-ws-parser-serialization,parser
2026-06-21T01:58:28Z,novelty-ws-multi-reload-lifecycle,lifecycle
2026-06-21T01:58:28Z,novelty-ws-collaboration-ui-signals,other
2026-06-21T01:58:28Z,novelty-ws-permissions-auth-locks,auth/locks
2026-06-21T01:58:28Z,novelty-ws-many-user-lifecycle-completion,lifecycle
2026-06-21T01:58:28Z,novelty-ws-many-user-lifecycle,lifecycle
2026-06-21T02:01:49Z,novelty-ws-permissions-auth-locks,auth/locks
2026-06-21T02:01:51Z,novelty-ws-media-cross-entity,async/media
2026-06-21T02:02:01Z,novelty-http-large-post-lifecycle,lifecycle
2026-06-21T02:02:01Z,novelty-http-title-reload-convergence,lifecycle
2026-06-21T02:02:01Z,novelty-http-same-user-stale-draft,lifecycle
2026-06-21T02:02:01Z,novelty-http-table-stale-snapshot,http
2026-06-21T02:02:01Z,novelty-http-existing-post-crdt-metadata,http
2026-06-21T02:02:01Z,novelty-http-persistence-probe,persistence
2026-06-21T02:02:01Z,novelty-ws-parser-serialization,parser
2026-06-21T02:02:01Z,novelty-ws-multi-reload-lifecycle,lifecycle
2026-06-21T02:02:01Z,novelty-ws-collaboration-ui-signals,other
2026-06-21T02:02:01Z,novelty-ws-permissions-auth-locks,auth/locks
2026-06-21T02:02:01Z,novelty-ws-many-user-lifecycle-completion,lifecycle
2026-06-21T02:02:01Z,novelty-ws-many-user-lifecycle,lifecycle
2026-06-21T02:05:24Z,novelty-ws-permissions-auth-locks,auth/locks
2026-06-21T02:05:26Z,novelty-ws-media-cross-entity,async/media
2026-06-21T02:05:41Z,novelty-http-large-post-lifecycle,lifecycle
2026-06-21T02:05:41Z,novelty-http-title-reload-convergence,lifecycle
2026-06-21T02:05:41Z,novelty-http-same-user-stale-draft,lifecycle
2026-06-21T02:05:41Z,novelty-http-persistence-probe,persistence
2026-06-21T02:05:41Z,novelty-ws-parser-serialization,parser
2026-06-21T02:05:41Z,novelty-ws-multi-reload-lifecycle,lifecycle
2026-06-21T02:05:41Z,novelty-ws-permissions-auth-locks,auth/locks
2026-06-21T02:05:42Z,novelty-ws-many-user-lifecycle-completion,lifecycle
2026-06-21T02:05:42Z,novelty-ws-many-user-lifecycle,lifecycle
2026-06-21T02:09:16Z,novelty-ws-permissions-auth-locks,auth/locks
2026-06-21T02:09:19Z,novelty-ws-media-cross-entity,async/media
2026-06-21T02:09:32Z,novelty-http-large-post-lifecycle,lifecycle
2026-06-21T02:09:32Z,novelty-http-title-reload-convergence,lifecycle
2026-06-21T02:09:32Z,novelty-http-same-user-stale-draft,lifecycle
2026-06-21T02:09:32Z,novelty-http-table-stale-snapshot,http
2026-06-21T02:09:32Z,novelty-http-existing-post-crdt-metadata,http
2026-06-21T02:09:32Z,novelty-http-persistence-probe,persistence
2026-06-21T02:09:32Z,novelty-ws-parser-serialization,parser
2026-06-21T02:09:32Z,novelty-ws-multi-reload-lifecycle,lifecycle
2026-06-21T02:09:32Z,novelty-ws-collaboration-ui-signals,other
2026-06-21T02:09:32Z,novelty-ws-permissions-auth-locks,auth/locks
2026-06-21T02:09:32Z,novelty-ws-many-user-lifecycle-completion,lifecycle
2026-06-21T02:09:32Z,novelty-ws-many-user-lifecycle,lifecycle
2026-06-21T02:13:00Z,novelty-ws-permissions-auth-locks,auth/locks
2026-06-21T02:13:03Z,novelty-ws-media-cross-entity,async/media
2026-06-21T02:13:26Z,novelty-http-large-post-lifecycle,lifecycle
2026-06-21T02:13:26Z,novelty-http-title-reload-convergence,lifecycle
2026-06-21T02:13:26Z,novelty-http-same-user-stale-draft,lifecycle
2026-06-21T02:13:26Z,novelty-http-table-stale-snapshot,http
2026-06-21T02:13:26Z,novelty-http-existing-post-crdt-metadata,http
2026-06-21T02:13:26Z,novelty-http-persistence-probe,persistence
2026-06-21T02:13:26Z,novelty-ws-parser-serialization,parser
2026-06-21T02:13:26Z,novelty-ws-multi-reload-lifecycle,lifecycle
2026-06-21T02:13:26Z,novelty-ws-collaboration-ui-signals,other
2026-06-21T02:13:26Z,novelty-ws-permissions-auth-locks,auth/locks
2026-06-21T02:13:27Z,novelty-ws-many-user-lifecycle-completion,lifecycle
2026-06-21T02:13:27Z,novelty-ws-many-user-lifecycle,lifecycle
2026-06-21T02:17:00Z,novelty-ws-permissions-auth-locks,auth/locks
2026-06-21T02:17:00Z,novelty-ws-media-cross-entity,async/media
2026-06-21T02:17:12Z,novelty-http-large-post-lifecycle,lifecycle
2026-06-21T02:17:12Z,novelty-http-title-reload-convergence,lifecycle
2026-06-21T02:17:12Z,novelty-http-same-user-stale-draft,lifecycle
2026-06-21T02:17:12Z,novelty-http-table-stale-snapshot,http
2026-06-21T02:17:12Z,novelty-http-existing-post-crdt-metadata,http
2026-06-21T02:17:12Z,novelty-http-persistence-probe,persistence
2026-06-21T02:17:12Z,novelty-ws-parser-serialization,parser
2026-06-21T02:17:12Z,novelty-ws-multi-reload-lifecycle,lifecycle
2026-06-21T02:17:12Z,novelty-ws-collaboration-ui-signals,other
2026-06-21T02:17:12Z,novelty-ws-permissions-auth-locks,auth/locks
2026-06-21T02:17:12Z,novelty-ws-many-user-lifecycle-completion,lifecycle
2026-06-21T02:17:14Z,novelty-ws-many-user-lifecycle,lifecycle
2026-06-21T02:20:44Z,novelty-ws-permissions-auth-locks,auth/locks
2026-06-21T02:20:46Z,novelty-ws-media-cross-entity,async/media
2026-06-21T02:21:02Z,novelty-http-large-post-lifecycle,lifecycle
2026-06-21T02:21:02Z,novelty-http-title-reload-convergence,lifecycle
2026-06-21T02:21:02Z,novelty-http-same-user-stale-draft,lifecycle
2026-06-21T02:21:02Z,novelty-http-table-stale-snapshot,http
2026-06-21T02:21:02Z,novelty-http-existing-post-crdt-metadata,http
2026-06-21T02:21:02Z,novelty-http-persistence-probe,persistence
2026-06-21T02:21:02Z,novelty-ws-parser-serialization,parser
2026-06-21T02:21:02Z,novelty-ws-multi-reload-lifecycle,lifecycle
2026-06-21T02:21:03Z,novelty-ws-collaboration-ui-signals,other
2026-06-21T02:21:03Z,novelty-ws-permissions-auth-locks,auth/locks
2026-06-21T02:21:03Z,novelty-ws-many-user-lifecycle-completion,lifecycle
2026-06-21T02:21:03Z,novelty-ws-many-user-lifecycle,lifecycle
2026-06-21T02:24:45Z,novelty-ws-permissions-auth-locks,auth/locks
2026-06-21T02:24:48Z,novelty-ws-media-cross-entity,async/media
2026-06-21T02:25:04Z,novelty-http-large-post-lifecycle,lifecycle
2026-06-21T02:25:04Z,novelty-http-title-reload-convergence,lifecycle
2026-06-21T02:25:04Z,novelty-http-same-user-stale-draft,lifecycle
2026-06-21T02:25:04Z,novelty-http-table-stale-snapshot,http
2026-06-21T02:25:04Z,novelty-http-existing-post-crdt-metadata,http
2026-06-21T02:25:04Z,novelty-http-persistence-probe,persistence
2026-06-21T02:25:04Z,novelty-ws-parser-serialization,parser
2026-06-21T02:25:04Z,novelty-ws-multi-reload-lifecycle,lifecycle
2026-06-21T02:25:04Z,novelty-ws-collaboration-ui-signals,other
2026-06-21T02:25:05Z,novelty-ws-permissions-auth-locks,auth/locks
2026-06-21T02:25:05Z,novelty-ws-many-user-lifecycle-completion,lifecycle
2026-06-21T02:25:05Z,novelty-ws-many-user-lifecycle,lifecycle
2026-06-21T02:28:53Z,novelty-ws-permissions-auth-locks,auth/locks
2026-06-21T02:28:56Z,novelty-ws-media-cross-entity,async/media
2026-06-21T02:29:11Z,novelty-http-large-post-lifecycle,lifecycle
2026-06-21T02:29:11Z,novelty-http-title-reload-convergence,lifecycle
2026-06-21T02:29:11Z,novelty-http-same-user-stale-draft,lifecycle
2026-06-21T02:29:11Z,novelty-http-persistence-probe,persistence
2026-06-21T02:29:11Z,novelty-ws-parser-serialization,parser
2026-06-21T02:29:11Z,novelty-ws-multi-reload-lifecycle,lifecycle
2026-06-21T02:29:11Z,novelty-ws-permissions-auth-locks,auth/locks
2026-06-21T02:29:11Z,novelty-ws-many-user-lifecycle-completion,lifecycle
2026-06-21T02:29:12Z,novelty-ws-many-user-lifecycle,lifecycle
2026-06-21T02:33:06Z,novelty-ws-permissions-auth-locks,auth/locks
2026-06-21T02:33:08Z,novelty-ws-media-cross-entity,async/media
2026-06-21T02:33:25Z,novelty-http-large-post-lifecycle,lifecycle
2026-06-21T02:33:25Z,novelty-http-title-reload-convergence,lifecycle
2026-06-21T02:33:25Z,novelty-http-same-user-stale-draft,lifecycle
2026-06-21T02:33:25Z,novelty-http-persistence-probe,persistence
2026-06-21T02:33:25Z,novelty-ws-parser-serialization,parser
2026-06-21T02:33:25Z,novelty-ws-multi-reload-lifecycle,lifecycle
2026-06-21T02:33:25Z,novelty-ws-permissions-auth-locks,auth/locks
2026-06-21T02:33:26Z,novelty-ws-many-user-lifecycle-completion,lifecycle
2026-06-21T02:33:26Z,novelty-ws-many-user-lifecycle,lifecycle
2026-06-21T02:37:17Z,novelty-ws-permissions-auth-locks,auth/locks
2026-06-21T02:37:19Z,novelty-ws-media-cross-entity,async/media
2026-06-21T02:37:34Z,novelty-http-large-post-lifecycle,lifecycle
2026-06-21T02:37:34Z,novelty-http-title-reload-convergence,lifecycle
2026-06-21T02:37:34Z,novelty-http-same-user-stale-draft,lifecycle
2026-06-21T02:37:34Z,novelty-http-persistence-probe,persistence
2026-06-21T02:37:34Z,novelty-ws-parser-serialization,parser
2026-06-21T02:37:34Z,novelty-ws-multi-reload-lifecycle,lifecycle
2026-06-21T02:37:35Z,novelty-ws-permissions-auth-locks,auth/locks
2026-06-21T02:37:35Z,novelty-ws-many-user-lifecycle-completion,lifecycle
2026-06-21T02:37:35Z,novelty-ws-many-user-lifecycle,lifecycle
2026-06-21T02:41:33Z,novelty-ws-permissions-auth-locks,auth/locks
2026-06-21T02:41:36Z,novelty-ws-media-cross-entity,async/media
2026-06-21T02:41:54Z,novelty-http-large-post-lifecycle,lifecycle
2026-06-21T02:41:54Z,novelty-http-title-reload-convergence,lifecycle
2026-06-21T02:41:54Z,novelty-http-same-user-stale-draft,lifecycle
2026-06-21T02:41:54Z,novelty-http-persistence-probe,persistence
2026-06-21T02:41:54Z,novelty-ws-parser-serialization,parser
2026-06-21T02:41:54Z,novelty-ws-multi-reload-lifecycle,lifecycle
2026-06-21T02:41:54Z,novelty-ws-permissions-auth-locks,auth/locks
2026-06-21T02:41:55Z,novelty-ws-many-user-lifecycle-completion,lifecycle
2026-06-21T02:41:55Z,novelty-ws-many-user-lifecycle,lifecycle
2026-06-21T02:46:07Z,novelty-ws-permissions-auth-locks,auth/locks
2026-06-21T02:46:08Z,novelty-ws-media-cross-entity,async/media
2026-06-21T02:46:34Z,novelty-http-large-post-lifecycle,lifecycle
2026-06-21T02:46:34Z,novelty-http-title-reload-convergence,lifecycle
2026-06-21T02:46:34Z,novelty-http-same-user-stale-draft,lifecycle
2026-06-21T02:46:34Z,novelty-http-table-stale-snapshot,http
2026-06-21T02:46:34Z,novelty-http-existing-post-crdt-metadata,http
2026-06-21T02:46:34Z,novelty-http-persistence-probe,persistence
2026-06-21T02:46:34Z,novelty-ws-parser-serialization,parser
2026-06-21T02:46:34Z,novelty-ws-multi-reload-lifecycle,lifecycle
2026-06-21T02:46:35Z,novelty-ws-collaboration-ui-signals,other
2026-06-21T02:46:35Z,novelty-ws-permissions-auth-locks,auth/locks
2026-06-21T02:46:35Z,novelty-ws-many-user-lifecycle-completion,lifecycle
2026-06-21T02:46:35Z,novelty-ws-many-user-lifecycle,lifecycle
2026-06-21T02:50:39Z,novelty-ws-permissions-auth-locks,auth/locks
2026-06-21T02:50:42Z,novelty-ws-media-cross-entity,async/media
2026-06-21T02:51:00Z,novelty-http-large-post-lifecycle,lifecycle
2026-06-21T02:51:00Z,novelty-http-title-reload-convergence,lifecycle
2026-06-21T02:51:00Z,novelty-http-same-user-stale-draft,lifecycle
2026-06-21T02:51:00Z,novelty-http-persistence-probe,persistence
2026-06-21T02:51:00Z,novelty-ws-parser-serialization,parser
2026-06-21T02:51:00Z,novelty-ws-multi-reload-lifecycle,lifecycle
2026-06-21T02:51:00Z,novelty-ws-permissions-auth-locks,auth/locks
2026-06-21T02:51:00Z,novelty-ws-many-user-lifecycle-completion,lifecycle
2026-06-21T02:51:00Z,novelty-ws-many-user-lifecycle,lifecycle
2026-06-21T02:55:06Z,novelty-ws-permissions-auth-locks,auth/locks
2026-06-21T02:55:09Z,novelty-ws-media-cross-entity,async/media
2026-06-21T02:55:21Z,novelty-http-large-post-lifecycle,lifecycle
2026-06-21T02:55:21Z,novelty-http-title-reload-convergence,lifecycle
2026-06-21T02:55:21Z,novelty-http-same-user-stale-draft,lifecycle
2026-06-21T02:55:21Z,novelty-http-persistence-probe,persistence
2026-06-21T02:55:21Z,novelty-ws-parser-serialization,parser
2026-06-21T02:55:21Z,novelty-ws-multi-reload-lifecycle,lifecycle
2026-06-21T02:55:21Z,novelty-ws-permissions-auth-locks,auth/locks
2026-06-21T02:55:21Z,novelty-ws-many-user-lifecycle-completion,lifecycle
2026-06-21T02:55:21Z,novelty-ws-many-user-lifecycle,lifecycle
2026-06-21T02:59:21Z,novelty-ws-permissions-auth-locks,auth/locks
2026-06-21T02:59:23Z,novelty-ws-media-cross-entity,async/media
2026-06-21T02:59:38Z,novelty-http-large-post-lifecycle,lifecycle
2026-06-21T02:59:38Z,novelty-http-title-reload-convergence,lifecycle
2026-06-21T02:59:38Z,novelty-http-same-user-stale-draft,lifecycle
2026-06-21T02:59:38Z,novelty-http-persistence-probe,persistence
2026-06-21T02:59:38Z,novelty-ws-parser-serialization,parser
2026-06-21T02:59:39Z,novelty-ws-multi-reload-lifecycle,lifecycle
2026-06-21T02:59:39Z,novelty-ws-permissions-auth-locks,auth/locks
2026-06-21T02:59:39Z,novelty-ws-many-user-lifecycle-completion,lifecycle
2026-06-21T02:59:39Z,novelty-ws-many-user-lifecycle,lifecycle
2026-06-21T03:03:39Z,novelty-ws-permissions-auth-locks,auth/locks
2026-06-21T03:03:41Z,novelty-ws-media-cross-entity,async/media
2026-06-21T03:03:58Z,novelty-http-large-post-lifecycle,lifecycle
2026-06-21T03:03:58Z,novelty-http-title-reload-convergence,lifecycle
2026-06-21T03:03:58Z,novelty-http-same-user-stale-draft,lifecycle
2026-06-21T03:03:58Z,novelty-http-table-stale-snapshot,http
2026-06-21T03:03:58Z,novelty-http-existing-post-crdt-metadata,http
2026-06-21T03:03:58Z,novelty-http-persistence-probe,persistence
2026-06-21T03:03:58Z,novelty-ws-parser-serialization,parser
2026-06-21T03:03:58Z,novelty-ws-multi-reload-lifecycle,lifecycle
2026-06-21T03:03:58Z,novelty-ws-collaboration-ui-signals,other
2026-06-21T03:03:58Z,novelty-ws-permissions-auth-locks,auth/locks
2026-06-21T03:03:58Z,novelty-ws-many-user-lifecycle-completion,lifecycle
2026-06-21T03:03:59Z,novelty-ws-many-user-lifecycle,lifecycle
2026-06-21T03:07:57Z,novelty-ws-permissions-auth-locks,auth/locks
2026-06-21T03:08:00Z,novelty-ws-media-cross-entity,async/media
2026-06-21T03:08:15Z,novelty-http-large-post-lifecycle,lifecycle
2026-06-21T03:08:15Z,novelty-http-title-reload-convergence,lifecycle
2026-06-21T03:08:15Z,novelty-http-same-user-stale-draft,lifecycle
2026-06-21T03:08:15Z,novelty-http-table-stale-snapshot,http
2026-06-21T03:08:15Z,novelty-http-existing-post-crdt-metadata,http
2026-06-21T03:08:15Z,novelty-http-persistence-probe,persistence
2026-06-21T03:08:15Z,novelty-ws-parser-serialization,parser
2026-06-21T03:08:15Z,novelty-ws-multi-reload-lifecycle,lifecycle
2026-06-21T03:08:15Z,novelty-ws-collaboration-ui-signals,other
2026-06-21T03:08:16Z,novelty-ws-permissions-auth-locks,auth/locks
2026-06-21T03:08:16Z,novelty-ws-many-user-lifecycle-completion,lifecycle
2026-06-21T03:08:16Z,novelty-ws-many-user-lifecycle,lifecycle
2026-06-21T03:12:20Z,novelty-ws-permissions-auth-locks,auth/locks
2026-06-21T03:12:22Z,novelty-ws-media-cross-entity,async/media
2026-06-21T03:12:41Z,novelty-http-large-post-lifecycle,lifecycle
2026-06-21T03:12:41Z,novelty-http-title-reload-convergence,lifecycle
2026-06-21T03:12:41Z,novelty-http-same-user-stale-draft,lifecycle
2026-06-21T03:12:41Z,novelty-http-table-stale-snapshot,http
2026-06-21T03:12:41Z,novelty-http-existing-post-crdt-metadata,http
2026-06-21T03:12:41Z,novelty-http-persistence-probe,persistence
2026-06-21T03:12:41Z,novelty-ws-parser-serialization,parser
2026-06-21T03:12:41Z,novelty-ws-multi-reload-lifecycle,lifecycle
2026-06-21T03:12:41Z,novelty-ws-collaboration-ui-signals,other
2026-06-21T03:12:41Z,novelty-ws-permissions-auth-locks,auth/locks
2026-06-21T03:12:41Z,novelty-ws-many-user-lifecycle-completion,lifecycle
2026-06-21T03:12:41Z,novelty-ws-many-user-lifecycle,lifecycle
2026-06-21T03:16:53Z,novelty-ws-permissions-auth-locks,auth/locks
2026-06-21T03:16:56Z,novelty-ws-media-cross-entity,async/media
2026-06-21T03:17:12Z,novelty-http-large-post-lifecycle,lifecycle
2026-06-21T03:17:12Z,novelty-http-title-reload-convergence,lifecycle
2026-06-21T03:17:12Z,novelty-http-same-user-stale-draft,lifecycle
2026-06-21T03:17:12Z,novelty-http-table-stale-snapshot,http
2026-06-21T03:17:12Z,novelty-http-existing-post-crdt-metadata,http
2026-06-21T03:17:12Z,novelty-http-persistence-probe,persistence
2026-06-21T03:17:12Z,novelty-ws-parser-serialization,parser
2026-06-21T03:17:12Z,novelty-ws-multi-reload-lifecycle,lifecycle
2026-06-21T03:17:12Z,novelty-ws-collaboration-ui-signals,other
2026-06-21T03:17:12Z,novelty-ws-permissions-auth-locks,auth/locks
2026-06-21T03:17:13Z,novelty-ws-many-user-lifecycle-completion,lifecycle
2026-06-21T03:17:13Z,novelty-ws-many-user-lifecycle,lifecycle
2026-06-21T03:21:41Z,novelty-ws-permissions-auth-locks,auth/locks
2026-06-21T03:21:44Z,novelty-ws-media-cross-entity,async/media
2026-06-21T03:22:10Z,novelty-http-large-post-lifecycle,lifecycle
2026-06-21T03:22:10Z,novelty-http-title-reload-convergence,lifecycle
2026-06-21T03:22:10Z,novelty-http-same-user-stale-draft,lifecycle
2026-06-21T03:22:10Z,novelty-http-table-stale-snapshot,http
2026-06-21T03:22:10Z,novelty-http-existing-post-crdt-metadata,http
2026-06-21T03:22:10Z,novelty-http-persistence-probe,persistence
2026-06-21T03:22:10Z,novelty-ws-parser-serialization,parser
2026-06-21T03:22:10Z,novelty-ws-multi-reload-lifecycle,lifecycle
2026-06-21T03:22:10Z,novelty-ws-collaboration-ui-signals,other
2026-06-21T03:22:11Z,novelty-ws-permissions-auth-locks,auth/locks
2026-06-21T03:22:11Z,novelty-ws-many-user-lifecycle-completion,lifecycle
2026-06-21T03:22:11Z,novelty-ws-many-user-lifecycle,lifecycle
2026-06-21T03:26:31Z,novelty-ws-permissions-auth-locks,auth/locks
2026-06-21T03:26:34Z,novelty-ws-media-cross-entity,async/media
2026-06-21T03:26:50Z,novelty-http-large-post-lifecycle,lifecycle
2026-06-21T03:26:50Z,novelty-http-title-reload-convergence,lifecycle
2026-06-21T03:26:50Z,novelty-http-same-user-stale-draft,lifecycle
2026-06-21T03:26:50Z,novelty-http-persistence-probe,persistence
2026-06-21T03:26:50Z,novelty-ws-parser-serialization,parser
2026-06-21T03:26:50Z,novelty-ws-multi-reload-lifecycle,lifecycle
2026-06-21T03:26:51Z,novelty-ws-permissions-auth-locks,auth/locks
2026-06-21T03:26:51Z,novelty-ws-many-user-lifecycle-completion,lifecycle
2026-06-21T03:26:51Z,novelty-ws-many-user-lifecycle,lifecycle
2026-06-21T03:31:14Z,novelty-ws-permissions-auth-locks,auth/locks
2026-06-21T03:31:17Z,novelty-ws-media-cross-entity,async/media
2026-06-21T03:31:31Z,novelty-http-large-post-lifecycle,lifecycle
2026-06-21T03:31:31Z,novelty-http-title-reload-convergence,lifecycle
2026-06-21T03:31:31Z,novelty-http-same-user-stale-draft,lifecycle
2026-06-21T03:31:31Z,novelty-http-persistence-probe,persistence
2026-06-21T03:31:31Z,novelty-ws-parser-serialization,parser
2026-06-21T03:31:32Z,novelty-ws-multi-reload-lifecycle,lifecycle
2026-06-21T03:31:32Z,novelty-ws-permissions-auth-locks,auth/locks
2026-06-21T03:31:32Z,novelty-ws-many-user-lifecycle-completion,lifecycle
2026-06-21T03:31:33Z,novelty-ws-many-user-lifecycle,lifecycle
2026-06-21T03:35:53Z,novelty-ws-permissions-auth-locks,auth/locks
2026-06-21T03:35:56Z,novelty-ws-media-cross-entity,async/media
2026-06-21T03:36:09Z,novelty-http-large-post-lifecycle,lifecycle
2026-06-21T03:36:09Z,novelty-http-title-reload-convergence,lifecycle
2026-06-21T03:36:09Z,novelty-http-same-user-stale-draft,lifecycle
2026-06-21T03:36:09Z,novelty-http-persistence-probe,persistence
2026-06-21T03:36:09Z,novelty-ws-parser-serialization,parser
2026-06-21T03:36:09Z,novelty-ws-multi-reload-lifecycle,lifecycle
2026-06-21T03:36:09Z,novelty-ws-permissions-auth-locks,auth/locks
2026-06-21T03:36:10Z,novelty-ws-many-user-lifecycle-completion,lifecycle
2026-06-21T03:36:10Z,novelty-ws-many-user-lifecycle,lifecycle
2026-06-21T03:40:29Z,novelty-ws-permissions-auth-locks,auth/locks
2026-06-21T03:40:29Z,novelty-ws-media-cross-entity,async/media
2026-06-21T03:40:39Z,novelty-http-large-post-lifecycle,lifecycle
2026-06-21T03:40:39Z,novelty-http-title-reload-convergence,lifecycle
2026-06-21T03:40:39Z,novelty-http-same-user-stale-draft,lifecycle
2026-06-21T03:40:39Z,novelty-http-table-stale-snapshot,http
2026-06-21T03:40:39Z,novelty-http-existing-post-crdt-metadata,http
2026-06-21T03:40:39Z,novelty-http-persistence-probe,persistence
2026-06-21T03:40:39Z,novelty-ws-parser-serialization,parser
2026-06-21T03:40:39Z,novelty-ws-multi-reload-lifecycle,lifecycle
2026-06-21T03:40:39Z,novelty-ws-collaboration-ui-signals,other
2026-06-21T03:40:39Z,novelty-ws-permissions-auth-locks,auth/locks
2026-06-21T03:40:39Z,novelty-ws-many-user-lifecycle-completion,lifecycle
2026-06-21T03:40:39Z,novelty-ws-many-user-lifecycle,lifecycle
2026-06-21T03:45:01Z,novelty-ws-permissions-auth-locks,auth/locks
2026-06-21T03:45:02Z,novelty-ws-media-cross-entity,async/media
2026-06-21T03:45:20Z,novelty-http-large-post-lifecycle,lifecycle
2026-06-21T03:45:20Z,novelty-http-title-reload-convergence,lifecycle
2026-06-21T03:45:20Z,novelty-http-same-user-stale-draft,lifecycle
2026-06-21T03:45:20Z,novelty-http-table-stale-snapshot,http
2026-06-21T03:45:20Z,novelty-http-existing-post-crdt-metadata,http
2026-06-21T03:45:20Z,novelty-http-persistence-probe,persistence
2026-06-21T03:45:20Z,novelty-ws-parser-serialization,parser
2026-06-21T03:45:20Z,novelty-ws-multi-reload-lifecycle,lifecycle
2026-06-21T03:45:21Z,novelty-ws-collaboration-ui-signals,other
2026-06-21T03:45:21Z,novelty-ws-permissions-auth-locks,auth/locks
2026-06-21T03:45:21Z,novelty-ws-many-user-lifecycle-completion,lifecycle
2026-06-21T03:45:21Z,novelty-ws-many-user-lifecycle,lifecycle
2026-06-21T03:49:54Z,novelty-ws-permissions-auth-locks,auth/locks
2026-06-21T03:49:55Z,novelty-ws-media-cross-entity,async/media
2026-06-21T03:50:13Z,novelty-http-large-post-lifecycle,lifecycle
2026-06-21T03:50:13Z,novelty-http-title-reload-convergence,lifecycle
2026-06-21T03:50:13Z,novelty-http-same-user-stale-draft,lifecycle
2026-06-21T03:50:13Z,novelty-http-table-stale-snapshot,http
2026-06-21T03:50:13Z,novelty-http-existing-post-crdt-metadata,http
2026-06-21T03:50:13Z,novelty-http-persistence-probe,persistence
2026-06-21T03:50:13Z,novelty-ws-parser-serialization,parser
2026-06-21T03:50:13Z,novelty-ws-multi-reload-lifecycle,lifecycle
2026-06-21T03:50:13Z,novelty-ws-collaboration-ui-signals,other
2026-06-21T03:50:13Z,novelty-ws-permissions-auth-locks,auth/locks
2026-06-21T03:50:13Z,novelty-ws-many-user-lifecycle-completion,lifecycle
2026-06-21T03:50:14Z,novelty-ws-many-user-lifecycle,lifecycle
2026-06-21T03:54:49Z,novelty-ws-permissions-auth-locks,auth/locks
2026-06-21T03:54:52Z,novelty-ws-media-cross-entity,async/media
2026-06-21T03:55:10Z,novelty-http-large-post-lifecycle,lifecycle
2026-06-21T03:55:10Z,novelty-http-title-reload-convergence,lifecycle
2026-06-21T03:55:10Z,novelty-http-same-user-stale-draft,lifecycle
2026-06-21T03:55:10Z,novelty-http-table-stale-snapshot,http
2026-06-21T03:55:10Z,novelty-http-existing-post-crdt-metadata,http
2026-06-21T03:55:10Z,novelty-http-persistence-probe,persistence
2026-06-21T03:55:10Z,novelty-ws-parser-serialization,parser
2026-06-21T03:55:10Z,novelty-ws-multi-reload-lifecycle,lifecycle
2026-06-21T03:55:10Z,novelty-ws-collaboration-ui-signals,other
2026-06-21T03:55:11Z,novelty-ws-permissions-auth-locks,auth/locks
2026-06-21T03:55:11Z,novelty-ws-many-user-lifecycle-completion,lifecycle
2026-06-21T03:55:11Z,novelty-ws-many-user-lifecycle,lifecycle
2026-06-21T03:59:39Z,novelty-ws-permissions-auth-locks,auth/locks
2026-06-21T03:59:42Z,novelty-ws-media-cross-entity,async/media
2026-06-21T04:00:00Z,novelty-http-large-post-lifecycle,lifecycle
2026-06-21T04:00:00Z,novelty-http-title-reload-convergence,lifecycle
2026-06-21T04:00:00Z,novelty-http-same-user-stale-draft,lifecycle
2026-06-21T04:00:00Z,novelty-http-persistence-probe,persistence
2026-06-21T04:00:00Z,novelty-ws-parser-serialization,parser
2026-06-21T04:00:00Z,novelty-ws-multi-reload-lifecycle,lifecycle
2026-06-21T04:00:00Z,novelty-ws-permissions-auth-locks,auth/locks
2026-06-21T04:00:00Z,novelty-ws-many-user-lifecycle-completion,lifecycle
2026-06-21T04:00:01Z,novelty-ws-many-user-lifecycle,lifecycle
2026-06-21T04:04:41Z,novelty-ws-permissions-auth-locks,auth/locks
2026-06-21T04:04:44Z,novelty-ws-media-cross-entity,async/media
2026-06-21T04:05:00Z,novelty-http-large-post-lifecycle,lifecycle
2026-06-21T04:05:00Z,novelty-http-title-reload-convergence,lifecycle
2026-06-21T04:05:00Z,novelty-http-same-user-stale-draft,lifecycle
2026-06-21T04:05:00Z,novelty-http-persistence-probe,persistence
2026-06-21T04:05:00Z,novelty-ws-parser-serialization,parser
2026-06-21T04:05:00Z,novelty-ws-collaboration-ui-signals,other
2026-06-21T04:05:00Z,novelty-ws-permissions-auth-locks,auth/locks
2026-06-21T04:05:01Z,novelty-ws-many-user-lifecycle-completion,lifecycle
2026-06-21T04:05:01Z,novelty-ws-many-user-lifecycle,lifecycle
2026-06-21T04:09:36Z,novelty-ws-permissions-auth-locks,auth/locks
2026-06-21T04:09:37Z,novelty-ws-media-cross-entity,async/media
2026-06-21T04:09:49Z,novelty-http-large-post-lifecycle,lifecycle
2026-06-21T04:09:49Z,novelty-http-title-reload-convergence,lifecycle
2026-06-21T04:09:49Z,novelty-http-same-user-stale-draft,lifecycle
2026-06-21T04:09:49Z,novelty-http-table-stale-snapshot,http
2026-06-21T04:09:49Z,novelty-http-persistence-probe,persistence
2026-06-21T04:09:49Z,novelty-ws-parser-serialization,parser
2026-06-21T04:09:49Z,novelty-ws-collaboration-ui-signals,other
2026-06-21T04:09:49Z,novelty-ws-permissions-auth-locks,auth/locks
2026-06-21T04:09:50Z,novelty-ws-many-user-lifecycle-completion,lifecycle
2026-06-21T04:09:50Z,novelty-ws-many-user-lifecycle,lifecycle
2026-06-21T04:14:41Z,novelty-ws-permissions-auth-locks,auth/locks
2026-06-21T04:14:44Z,novelty-ws-media-cross-entity,async/media
2026-06-21T04:15:00Z,novelty-http-large-post-lifecycle,lifecycle
2026-06-21T04:15:00Z,novelty-http-title-reload-convergence,lifecycle
2026-06-21T04:15:00Z,novelty-http-same-user-stale-draft,lifecycle
2026-06-21T04:15:00Z,novelty-http-persistence-probe,persistence
2026-06-21T04:15:00Z,novelty-ws-parser-serialization,parser
2026-06-21T04:15:00Z,novelty-ws-collaboration-ui-signals,other
2026-06-21T04:15:01Z,novelty-ws-permissions-auth-locks,auth/locks
2026-06-21T04:15:01Z,novelty-ws-many-user-lifecycle-completion,lifecycle
2026-06-21T04:15:01Z,novelty-ws-many-user-lifecycle,lifecycle
2026-06-21T04:19:57Z,novelty-ws-permissions-auth-locks,auth/locks
2026-06-21T04:20:00Z,novelty-ws-media-cross-entity,async/media
2026-06-21T04:20:15Z,novelty-http-large-post-lifecycle,lifecycle
2026-06-21T04:20:15Z,novelty-http-title-reload-convergence,lifecycle
2026-06-21T04:20:15Z,novelty-http-same-user-stale-draft,lifecycle
2026-06-21T04:20:15Z,novelty-http-table-stale-snapshot,http
2026-06-21T04:20:15Z,novelty-http-persistence-probe,persistence
2026-06-21T04:20:15Z,novelty-ws-parser-serialization,parser
2026-06-21T04:20:15Z,novelty-ws-collaboration-ui-signals,other
2026-06-21T04:20:15Z,novelty-ws-permissions-auth-locks,auth/locks
2026-06-21T04:20:16Z,novelty-ws-many-user-lifecycle-completion,lifecycle
2026-06-21T04:20:16Z,novelty-ws-many-user-lifecycle,lifecycle
2026-06-21T04:25:18Z,novelty-ws-permissions-auth-locks,auth/locks
2026-06-21T04:25:20Z,novelty-ws-media-cross-entity,async/media
2026-06-21T04:25:36Z,novelty-http-large-post-lifecycle,lifecycle
2026-06-21T04:25:36Z,novelty-http-title-reload-convergence,lifecycle
2026-06-21T04:25:36Z,novelty-http-same-user-stale-draft,lifecycle
2026-06-21T04:25:36Z,novelty-http-table-stale-snapshot,http
2026-06-21T04:25:36Z,novelty-http-existing-post-crdt-metadata,http
2026-06-21T04:25:36Z,novelty-http-persistence-probe,persistence
2026-06-21T04:25:36Z,novelty-ws-parser-serialization,parser
2026-06-21T04:25:36Z,novelty-ws-collaboration-ui-signals,other
2026-06-21T04:25:36Z,novelty-http-large-post-lifecycle-completion,lifecycle
2026-06-21T04:25:36Z,novelty-ws-permissions-auth-locks,auth/locks
2026-06-21T04:25:37Z,novelty-ws-many-user-lifecycle-completion,lifecycle
2026-06-21T04:25:37Z,novelty-ws-many-user-lifecycle,lifecycle
2026-06-21T04:30:46Z,novelty-ws-permissions-auth-locks,auth/locks
2026-06-21T04:30:49Z,novelty-ws-media-cross-entity,async/media
2026-06-21T04:31:05Z,novelty-http-large-post-lifecycle,lifecycle
2026-06-21T04:31:05Z,novelty-http-title-reload-convergence,lifecycle
2026-06-21T04:31:05Z,novelty-http-same-user-stale-draft,lifecycle
2026-06-21T04:31:05Z,novelty-http-table-stale-snapshot,http
2026-06-21T04:31:05Z,novelty-http-existing-post-crdt-metadata,http
2026-06-21T04:31:05Z,novelty-http-persistence-probe,persistence
2026-06-21T04:31:05Z,novelty-ws-parser-serialization,parser
2026-06-21T04:31:05Z,novelty-ws-collaboration-ui-signals,other
2026-06-21T04:31:06Z,novelty-http-large-post-lifecycle-completion,lifecycle
2026-06-21T04:31:06Z,novelty-ws-permissions-auth-locks,auth/locks
2026-06-21T04:31:07Z,novelty-ws-many-user-lifecycle-completion,lifecycle
2026-06-21T04:31:07Z,novelty-ws-many-user-lifecycle,lifecycle
2026-06-21T04:36:20Z,novelty-ws-permissions-auth-locks,auth/locks
2026-06-21T04:36:23Z,novelty-ws-media-cross-entity,async/media
2026-06-21T04:36:47Z,novelty-http-large-post-lifecycle,lifecycle
2026-06-21T04:36:47Z,novelty-http-title-reload-convergence,lifecycle
2026-06-21T04:36:47Z,novelty-http-same-user-stale-draft,lifecycle
2026-06-21T04:36:47Z,novelty-http-table-stale-snapshot,http
2026-06-21T04:36:47Z,novelty-http-existing-post-crdt-metadata,http
2026-06-21T04:36:47Z,novelty-http-persistence-probe,persistence
2026-06-21T04:36:47Z,novelty-ws-parser-serialization,parser
2026-06-21T04:36:47Z,novelty-ws-collaboration-ui-signals,other
2026-06-21T04:36:47Z,novelty-http-large-post-lifecycle-completion,lifecycle
2026-06-21T04:36:47Z,novelty-ws-permissions-auth-locks,auth/locks
2026-06-21T04:36:48Z,novelty-ws-many-user-lifecycle-completion,lifecycle
2026-06-21T04:36:48Z,novelty-ws-many-user-lifecycle,lifecycle
2026-06-21T04:41:57Z,novelty-ws-permissions-auth-locks,auth/locks
2026-06-21T04:41:58Z,novelty-ws-media-cross-entity,async/media
2026-06-21T04:42:15Z,novelty-http-large-post-lifecycle,lifecycle
2026-06-21T04:42:15Z,novelty-http-title-reload-convergence,lifecycle
2026-06-21T04:42:15Z,novelty-http-same-user-stale-draft,lifecycle
2026-06-21T04:42:15Z,novelty-http-persistence-probe,persistence
2026-06-21T04:42:15Z,novelty-ws-parser-serialization,parser
2026-06-21T04:42:15Z,novelty-ws-collaboration-ui-signals,other
2026-06-21T04:42:16Z,novelty-ws-permissions-auth-locks,auth/locks
2026-06-21T04:42:16Z,novelty-ws-many-user-lifecycle-completion,lifecycle
2026-06-21T04:42:17Z,novelty-ws-many-user-lifecycle,lifecycle
2026-06-21T04:47:18Z,novelty-ws-permissions-auth-locks,auth/locks
2026-06-21T04:47:18Z,novelty-ws-media-cross-entity,async/media
2026-06-21T04:47:39Z,novelty-ws-multi-reload-lifecycle,lifecycle
2026-06-21T04:47:39Z,novelty-http-large-post-lifecycle,lifecycle
2026-06-21T04:47:39Z,novelty-http-title-reload-convergence,lifecycle
2026-06-21T04:47:39Z,novelty-http-same-user-stale-draft,lifecycle
2026-06-21T04:47:39Z,novelty-http-table-stale-snapshot,http
2026-06-21T04:47:39Z,novelty-http-persistence-probe,persistence
2026-06-21T04:47:39Z,novelty-ws-parser-serialization,parser
2026-06-21T04:47:39Z,novelty-ws-permissions-auth-locks,auth/locks
2026-06-21T04:47:40Z,novelty-ws-many-user-lifecycle-completion,lifecycle
2026-06-21T04:47:40Z,novelty-ws-many-user-lifecycle,lifecycle
2026-06-21T04:52:47Z,novelty-ws-permissions-auth-locks,auth/locks
2026-06-21T04:52:50Z,novelty-ws-media-cross-entity,async/media
2026-06-21T04:53:06Z,novelty-http-large-post-lifecycle,lifecycle
2026-06-21T04:53:06Z,novelty-http-title-reload-convergence,lifecycle
2026-06-21T04:53:06Z,novelty-http-same-user-stale-draft,lifecycle
2026-06-21T04:53:06Z,novelty-http-persistence-probe,persistence
2026-06-21T04:53:06Z,novelty-ws-parser-serialization,parser
2026-06-21T04:53:06Z,novelty-ws-collaboration-ui-signals,other
2026-06-21T04:53:07Z,novelty-ws-permissions-auth-locks,auth/locks
2026-06-21T04:53:07Z,novelty-ws-many-user-lifecycle-completion,lifecycle
2026-06-21T04:53:08Z,novelty-ws-many-user-lifecycle,lifecycle
2026-06-21T04:58:25Z,novelty-ws-real-user-rich-text,real-user
2026-06-21T04:58:29Z,novelty-ws-real-user-editing,real-user
2026-06-21T04:58:29Z,novelty-ws-parser-serialization,parser
2026-06-21T04:58:30Z,novelty-ws-real-user-save-reload,real-user
2026-06-21T04:58:33Z,novelty-ws-many-user-lifecycle-completion,lifecycle
2026-06-21T04:58:33Z,novelty-ws-many-user-lifecycle,lifecycle
2026-06-21T05:04:14Z,novelty-ws-permissions-auth-locks,auth/locks
2026-06-21T05:04:17Z,novelty-ws-media-cross-entity,async/media
2026-06-21T05:04:33Z,novelty-http-large-post-lifecycle,lifecycle
2026-06-21T05:04:33Z,novelty-http-title-reload-convergence,lifecycle
2026-06-21T05:04:33Z,novelty-http-same-user-stale-draft,lifecycle
2026-06-21T05:04:33Z,novelty-http-table-stale-snapshot,http
2026-06-21T05:04:33Z,novelty-ws-parser-serialization,parser
2026-06-21T05:04:33Z,novelty-ws-collaboration-ui-signals,other
2026-06-21T05:04:33Z,novelty-ws-long-session-large-doc,lifecycle
2026-06-21T05:04:34Z,novelty-ws-many-user-lifecycle-completion,lifecycle
2026-06-21T05:04:35Z,novelty-ws-many-user-lifecycle,lifecycle
2026-06-21T05:10:12Z,novelty-ws-permissions-auth-locks,auth/locks
2026-06-21T05:10:12Z,novelty-ws-long-session-large-doc,lifecycle
2026-06-21T05:10:31Z,novelty-http-large-post-lifecycle,lifecycle
2026-06-21T05:10:31Z,novelty-http-title-reload-convergence,lifecycle
2026-06-21T05:10:31Z,novelty-http-same-user-stale-draft,lifecycle
2026-06-21T05:10:31Z,novelty-http-table-stale-snapshot,http
2026-06-21T05:10:31Z,novelty-http-existing-post-crdt-metadata,http
2026-06-21T05:10:31Z,novelty-ws-parser-serialization,parser
2026-06-21T05:10:31Z,novelty-ws-collaboration-ui-signals,other
2026-06-21T05:10:32Z,novelty-http-large-post-lifecycle-completion,lifecycle
2026-06-21T05:10:32Z,novelty-ws-permissions-auth-locks,auth/locks
2026-06-21T05:10:32Z,novelty-ws-real-user-coverage-bridge,real-user
2026-06-21T05:10:34Z,novelty-ws-many-user-lifecycle-completion,lifecycle
2026-06-21T05:10:34Z,novelty-ws-many-user-lifecycle,lifecycle
2026-06-21T05:16:15Z,novelty-ws-permissions-auth-locks,auth/locks
2026-06-21T05:16:37Z,novelty-http-large-post-lifecycle,lifecycle
2026-06-21T05:16:37Z,novelty-http-title-reload-convergence,lifecycle
2026-06-21T05:16:37Z,novelty-http-same-user-stale-draft,lifecycle
2026-06-21T05:16:37Z,novelty-http-table-stale-snapshot,http
2026-06-21T05:16:37Z,novelty-http-existing-post-crdt-metadata,http
2026-06-21T05:16:37Z,novelty-ws-parser-serialization,parser
2026-06-21T05:16:37Z,novelty-ws-collaboration-ui-signals,other
2026-06-21T05:16:38Z,novelty-ws-long-session-large-doc,lifecycle
2026-06-21T05:16:38Z,novelty-ws-many-user-lifecycle-completion,lifecycle
2026-06-21T05:16:38Z,novelty-ws-many-user-lifecycle,lifecycle
2026-06-21T05:22:20Z,novelty-ws-permissions-auth-locks,auth/locks
2026-06-21T05:22:23Z,novelty-ws-long-session-large-doc,lifecycle
2026-06-21T05:22:40Z,novelty-http-large-post-lifecycle,lifecycle
2026-06-21T05:22:40Z,novelty-http-title-reload-convergence,lifecycle
2026-06-21T05:22:40Z,novelty-http-same-user-stale-draft,lifecycle
2026-06-21T05:22:40Z,novelty-http-table-stale-snapshot,http
2026-06-21T05:22:40Z,novelty-http-existing-post-crdt-metadata,http
2026-06-21T05:22:40Z,novelty-ws-parser-serialization,parser
2026-06-21T05:22:41Z,novelty-ws-collaboration-ui-signals,other
2026-06-21T05:22:41Z,novelty-ws-permissions-auth-locks,auth/locks
2026-06-21T05:22:42Z,novelty-ws-many-user-lifecycle-completion,lifecycle
2026-06-21T05:22:42Z,novelty-ws-many-user-lifecycle,lifecycle
2026-06-21T05:28:26Z,novelty-ws-permissions-auth-locks,auth/locks
2026-06-21T05:28:30Z,novelty-ws-long-session-large-doc,lifecycle
2026-06-21T05:28:48Z,novelty-http-large-post-lifecycle,lifecycle
2026-06-21T05:28:48Z,novelty-http-title-reload-convergence,lifecycle
2026-06-21T05:28:48Z,novelty-http-same-user-stale-draft,lifecycle
2026-06-21T05:28:48Z,novelty-http-table-stale-snapshot,http
2026-06-21T05:28:48Z,novelty-http-existing-post-crdt-metadata,http
2026-06-21T05:28:48Z,novelty-ws-parser-serialization,parser
2026-06-21T05:28:48Z,novelty-ws-collaboration-ui-signals,other
2026-06-21T05:28:48Z,novelty-http-large-post-lifecycle-completion,lifecycle
2026-06-21T05:28:48Z,novelty-ws-permissions-auth-locks,auth/locks
2026-06-21T05:28:49Z,novelty-ws-real-user-coverage-bridge,real-user
2026-06-21T05:28:49Z,novelty-ws-many-user-lifecycle-completion,lifecycle
2026-06-21T05:28:50Z,novelty-ws-many-user-lifecycle,lifecycle
2026-06-21T05:34:36Z,novelty-ws-permissions-auth-locks,auth/locks
2026-06-21T05:34:57Z,novelty-http-large-post-lifecycle,lifecycle
2026-06-21T05:34:57Z,novelty-http-title-reload-convergence,lifecycle
2026-06-21T05:34:57Z,novelty-http-same-user-stale-draft,lifecycle
2026-06-21T05:34:57Z,novelty-http-table-stale-snapshot,http
2026-06-21T05:34:57Z,novelty-http-existing-post-crdt-metadata,http
2026-06-21T05:34:57Z,novelty-ws-parser-serialization,parser
2026-06-21T05:34:57Z,novelty-ws-collaboration-ui-signals,other
2026-06-21T05:34:57Z,novelty-ws-long-session-large-doc,lifecycle
2026-06-21T05:34:57Z,novelty-ws-many-user-lifecycle-completion,lifecycle
2026-06-21T05:34:58Z,novelty-ws-many-user-lifecycle,lifecycle
2026-06-21T05:40:45Z,novelty-ws-permissions-auth-locks,auth/locks
2026-06-21T05:40:49Z,novelty-ws-long-session-large-doc,lifecycle
2026-06-21T05:41:03Z,novelty-http-large-post-lifecycle,lifecycle
2026-06-21T05:41:03Z,novelty-http-title-reload-convergence,lifecycle
2026-06-21T05:41:03Z,novelty-http-same-user-stale-draft,lifecycle
2026-06-21T05:41:03Z,novelty-http-table-stale-snapshot,http
2026-06-21T05:41:03Z,novelty-http-existing-post-crdt-metadata,http
2026-06-21T05:41:03Z,novelty-ws-parser-serialization,parser
2026-06-21T05:41:03Z,novelty-ws-collaboration-ui-signals,other
2026-06-21T05:41:03Z,novelty-ws-permissions-auth-locks,auth/locks
2026-06-21T05:41:04Z,novelty-ws-many-user-lifecycle-completion,lifecycle
2026-06-21T05:41:04Z,novelty-ws-many-user-lifecycle,lifecycle
2026-06-21T05:46:49Z,novelty-ws-permissions-auth-locks,auth/locks
2026-06-21T05:46:50Z,novelty-ws-long-session-large-doc,lifecycle
2026-06-21T05:47:10Z,novelty-ws-multi-reload-lifecycle,lifecycle
2026-06-21T05:47:10Z,novelty-http-large-post-lifecycle,lifecycle
2026-06-21T05:47:10Z,novelty-http-title-reload-convergence,lifecycle
2026-06-21T05:47:10Z,novelty-http-same-user-stale-draft,lifecycle
2026-06-21T05:47:10Z,novelty-http-table-stale-snapshot,http
2026-06-21T05:47:10Z,novelty-http-existing-post-crdt-metadata,http
2026-06-21T05:47:10Z,novelty-ws-parser-serialization,parser
2026-06-21T05:47:10Z,novelty-ws-collaboration-ui-signals,other
2026-06-21T05:47:11Z,novelty-ws-permissions-auth-locks,auth/locks
2026-06-21T05:47:11Z,novelty-ws-real-user-coverage-bridge,real-user
2026-06-21T05:47:12Z,novelty-ws-many-user-lifecycle-completion,lifecycle
2026-06-21T05:47:12Z,novelty-ws-many-user-lifecycle,lifecycle
2026-06-21T05:53:07Z,novelty-ws-permissions-auth-locks,auth/locks
2026-06-21T05:53:25Z,novelty-http-large-post-lifecycle,lifecycle
2026-06-21T05:53:25Z,novelty-http-title-reload-convergence,lifecycle
2026-06-21T05:53:25Z,novelty-http-same-user-stale-draft,lifecycle
2026-06-21T05:53:25Z,novelty-http-table-stale-snapshot,http
2026-06-21T05:53:25Z,novelty-ws-parser-serialization,parser
2026-06-21T05:53:25Z,novelty-ws-collaboration-ui-signals,other
2026-06-21T05:53:26Z,novelty-ws-long-session-large-doc,lifecycle
2026-06-21T05:53:26Z,novelty-ws-many-user-lifecycle-completion,lifecycle
2026-06-21T05:53:27Z,novelty-ws-many-user-lifecycle,lifecycle
2026-06-21T05:59:24Z,novelty-ws-permissions-auth-locks,auth/locks
2026-06-21T05:59:27Z,novelty-ws-long-session-large-doc,lifecycle
2026-06-21T05:59:45Z,novelty-http-large-post-lifecycle,lifecycle
2026-06-21T05:59:45Z,novelty-http-title-reload-convergence,lifecycle
2026-06-21T05:59:45Z,novelty-http-same-user-stale-draft,lifecycle
2026-06-21T05:59:45Z,novelty-http-table-stale-snapshot,http
2026-06-21T05:59:45Z,novelty-http-existing-post-crdt-metadata,http
2026-06-21T05:59:45Z,novelty-ws-parser-serialization,parser
2026-06-21T05:59:45Z,novelty-ws-collaboration-ui-signals,other
2026-06-21T05:59:45Z,novelty-http-large-post-lifecycle-completion,lifecycle
2026-06-21T05:59:46Z,novelty-ws-permissions-auth-locks,auth/locks
2026-06-21T05:59:46Z,novelty-ws-real-user-coverage-bridge,real-user
2026-06-21T05:59:47Z,novelty-ws-many-user-lifecycle-completion,lifecycle
2026-06-21T05:59:47Z,novelty-ws-many-user-lifecycle,lifecycle
2026-06-21T06:05:54Z,novelty-ws-permissions-auth-locks,auth/locks
2026-06-21T06:06:09Z,novelty-http-large-post-lifecycle,lifecycle
2026-06-21T06:06:09Z,novelty-http-title-reload-convergence,lifecycle
2026-06-21T06:06:09Z,novelty-http-same-user-stale-draft,lifecycle
2026-06-21T06:06:09Z,novelty-http-table-stale-snapshot,http
2026-06-21T06:06:09Z,novelty-http-existing-post-crdt-metadata,http
2026-06-21T06:06:09Z,novelty-ws-parser-serialization,parser
2026-06-21T06:06:09Z,novelty-ws-collaboration-ui-signals,other
2026-06-21T06:06:10Z,novelty-ws-long-session-large-doc,lifecycle
2026-06-21T06:06:10Z,novelty-ws-many-user-lifecycle-completion,lifecycle
2026-06-21T06:06:10Z,novelty-ws-many-user-lifecycle,lifecycle
2026-06-21T06:12:12Z,novelty-ws-permissions-auth-locks,auth/locks
2026-06-21T06:12:12Z,novelty-ws-long-session-large-doc,lifecycle
2026-06-21T06:12:34Z,novelty-ws-multi-reload-lifecycle,lifecycle
2026-06-21T06:12:34Z,novelty-http-large-post-lifecycle,lifecycle
2026-06-21T06:12:34Z,novelty-http-title-reload-convergence,lifecycle
2026-06-21T06:12:34Z,novelty-http-same-user-stale-draft,lifecycle
2026-06-21T06:12:34Z,novelty-http-table-stale-snapshot,http
2026-06-21T06:12:34Z,novelty-http-existing-post-crdt-metadata,http
2026-06-21T06:12:34Z,novelty-ws-parser-serialization,parser
2026-06-21T06:12:35Z,novelty-ws-permissions-auth-locks,auth/locks
2026-06-21T06:12:35Z,novelty-ws-many-user-lifecycle-completion,lifecycle
2026-06-21T06:12:36Z,novelty-ws-many-user-lifecycle,lifecycle
2026-06-21T06:18:34Z,novelty-ws-permissions-auth-locks,auth/locks
2026-06-21T06:18:37Z,novelty-ws-long-session-large-doc,lifecycle
2026-06-21T06:18:56Z,novelty-http-large-post-lifecycle,lifecycle
2026-06-21T06:18:56Z,novelty-http-title-reload-convergence,lifecycle
2026-06-21T06:18:56Z,novelty-http-same-user-stale-draft,lifecycle
2026-06-21T06:18:56Z,novelty-http-table-stale-snapshot,http
2026-06-21T06:18:56Z,novelty-ws-parser-serialization,parser
2026-06-21T06:18:57Z,novelty-ws-collaboration-ui-signals,other
2026-06-21T06:18:57Z,novelty-ws-permissions-auth-locks,auth/locks
2026-06-21T06:18:58Z,novelty-ws-many-user-lifecycle-completion,lifecycle
2026-06-21T06:18:58Z,novelty-ws-many-user-lifecycle,lifecycle
2026-06-21T06:25:06Z,novelty-ws-permissions-auth-locks,auth/locks
2026-06-21T06:25:06Z,novelty-ws-long-session-large-doc,lifecycle
2026-06-21T06:25:23Z,novelty-ws-multi-reload-lifecycle,lifecycle
2026-06-21T06:25:23Z,novelty-http-large-post-lifecycle,lifecycle
2026-06-21T06:25:23Z,novelty-http-title-reload-convergence,lifecycle
2026-06-21T06:25:23Z,novelty-http-same-user-stale-draft,lifecycle
2026-06-21T06:25:23Z,novelty-http-table-stale-snapshot,http
2026-06-21T06:25:23Z,novelty-http-existing-post-crdt-metadata,http
2026-06-21T06:25:23Z,novelty-ws-collaboration-ui-signals,other
2026-06-21T06:25:24Z,novelty-ws-many-user-lifecycle-completion,lifecycle
2026-06-21T06:25:24Z,novelty-ws-many-user-lifecycle,lifecycle
2026-06-21T06:31:43Z,novelty-ws-long-session-large-doc,lifecycle
2026-06-21T06:31:57Z,novelty-http-title-reload-convergence,lifecycle
2026-06-21T06:31:57Z,novelty-http-same-user-stale-draft,lifecycle
2026-06-21T06:31:57Z,novelty-http-table-stale-snapshot,http
2026-06-21T06:31:57Z,novelty-http-existing-post-crdt-metadata,http
2026-06-21T06:31:57Z,novelty-ws-collaboration-ui-signals,other
2026-06-21T06:31:57Z,novelty-ws-permissions-auth-locks,auth/locks
2026-06-21T06:31:58Z,novelty-ws-many-user-lifecycle-completion,lifecycle
2026-06-21T06:31:59Z,novelty-ws-many-user-lifecycle,lifecycle
2026-06-21T06:38:20Z,novelty-ws-permissions-auth-locks,auth/locks
2026-06-21T06:38:20Z,novelty-ws-long-session-large-doc,lifecycle
2026-06-21T06:38:37Z,novelty-ws-multi-reload-lifecycle,lifecycle
2026-06-21T06:38:37Z,novelty-http-large-post-lifecycle,lifecycle
2026-06-21T06:38:37Z,novelty-http-title-reload-convergence,lifecycle
2026-06-21T06:38:37Z,novelty-http-same-user-stale-draft,lifecycle
2026-06-21T06:38:37Z,novelty-http-table-stale-snapshot,http
2026-06-21T06:38:37Z,novelty-http-existing-post-crdt-metadata,http
2026-06-21T06:38:37Z,novelty-ws-collaboration-ui-signals,other
2026-06-21T06:38:38Z,novelty-ws-many-user-lifecycle-completion,lifecycle
2026-06-21T06:38:39Z,novelty-ws-many-user-lifecycle,lifecycle
2026-06-21T06:44:59Z,novelty-ws-long-session-large-doc,lifecycle
2026-06-21T06:45:15Z,novelty-http-large-post-lifecycle,lifecycle
2026-06-21T06:45:15Z,novelty-http-title-reload-convergence,lifecycle
2026-06-21T06:45:15Z,novelty-http-same-user-stale-draft,lifecycle
2026-06-21T06:45:15Z,novelty-http-table-stale-snapshot,http
2026-06-21T06:45:15Z,novelty-http-existing-post-crdt-metadata,http
2026-06-21T06:45:15Z,novelty-ws-collaboration-ui-signals,other
2026-06-21T06:45:15Z,novelty-ws-permissions-auth-locks,auth/locks
2026-06-21T06:45:16Z,novelty-ws-many-user-lifecycle-completion,lifecycle
2026-06-21T06:45:16Z,novelty-ws-many-user-lifecycle,lifecycle
2026-06-21T06:51:30Z,novelty-ws-permissions-auth-locks,auth/locks
2026-06-21T06:51:31Z,novelty-ws-long-session-large-doc,lifecycle
2026-06-21T06:51:52Z,novelty-http-large-post-lifecycle,lifecycle
2026-06-21T06:51:52Z,novelty-http-title-reload-convergence,lifecycle
2026-06-21T06:51:52Z,novelty-http-same-user-stale-draft,lifecycle
2026-06-21T06:51:52Z,novelty-http-table-stale-snapshot,http
2026-06-21T06:51:52Z,novelty-http-existing-post-crdt-metadata,http
2026-06-21T06:51:52Z,novelty-ws-collaboration-ui-signals,other
2026-06-21T06:51:53Z,novelty-ws-many-user-lifecycle-completion,lifecycle
2026-06-21T06:51:54Z,novelty-ws-many-user-lifecycle,lifecycle
2026-06-21T06:58:15Z,novelty-ws-permissions-auth-locks,auth/locks
2026-06-21T06:58:16Z,novelty-ws-media-cross-entity,async/media
2026-06-21T06:58:29Z,novelty-http-large-post-lifecycle,lifecycle
2026-06-21T06:58:29Z,novelty-http-title-reload-convergence,lifecycle
2026-06-21T06:58:29Z,novelty-http-same-user-stale-draft,lifecycle
2026-06-21T06:58:29Z,novelty-ws-collaboration-ui-signals,other
2026-06-21T06:58:29Z,novelty-ws-media-cross-entity-completion,async/media
2026-06-21T06:58:30Z,novelty-ws-many-user-lifecycle-completion,lifecycle
2026-06-21T06:58:30Z,novelty-ws-many-user-lifecycle,lifecycle
2026-06-21T07:04:46Z,novelty-ws-permissions-auth-locks,auth/locks
2026-06-21T07:04:47Z,novelty-ws-media-cross-entity,async/media
2026-06-21T07:05:09Z,novelty-http-large-post-lifecycle,lifecycle
2026-06-21T07:05:09Z,novelty-http-title-reload-convergence,lifecycle
2026-06-21T07:05:09Z,novelty-http-same-user-stale-draft,lifecycle
2026-06-21T07:05:09Z,novelty-http-table-stale-snapshot,http
2026-06-21T07:05:09Z,novelty-http-existing-post-crdt-metadata,http
2026-06-21T07:05:09Z,novelty-ws-collaboration-ui-signals,other
2026-06-21T07:05:09Z,novelty-http-large-post-lifecycle-completion,lifecycle
2026-06-21T07:05:10Z,novelty-ws-many-user-lifecycle-completion,lifecycle
2026-06-21T07:05:11Z,novelty-ws-many-user-lifecycle,lifecycle
2026-06-21T07:11:39Z,novelty-ws-permissions-auth-locks,auth/locks
2026-06-21T07:11:40Z,novelty-ws-media-cross-entity,async/media
2026-06-21T07:11:52Z,novelty-http-large-post-lifecycle,lifecycle
2026-06-21T07:11:52Z,novelty-http-same-user-stale-draft,lifecycle
2026-06-21T07:11:52Z,novelty-http-table-stale-snapshot,http
2026-06-21T07:11:52Z,novelty-http-existing-post-crdt-metadata,http
2026-06-21T07:11:52Z,novelty-ws-collaboration-ui-signals,other
2026-06-21T07:11:53Z,novelty-http-large-post-lifecycle-completion,lifecycle
2026-06-21T07:11:53Z,novelty-ws-permissions-auth-locks,auth/locks
2026-06-21T07:11:53Z,novelty-ws-many-user-lifecycle-completion,lifecycle
2026-06-21T07:11:56Z,novelty-ws-many-user-lifecycle,lifecycle
2026-06-21T07:18:18Z,novelty-ws-permissions-auth-locks,auth/locks
2026-06-21T07:18:18Z,novelty-ws-media-cross-entity,async/media
2026-06-21T07:18:34Z,novelty-http-large-post-lifecycle,lifecycle
2026-06-21T07:18:34Z,novelty-http-title-reload-convergence,lifecycle
2026-06-21T07:18:34Z,novelty-http-same-user-stale-draft,lifecycle
2026-06-21T07:18:34Z,novelty-http-table-stale-snapshot,http
2026-06-21T07:18:34Z,novelty-ws-collaboration-ui-signals,other
2026-06-21T07:18:35Z,novelty-ws-many-user-lifecycle-completion,lifecycle
2026-06-21T07:18:35Z,novelty-ws-many-user-lifecycle,lifecycle
2026-06-21T07:25:07Z,novelty-ws-permissions-auth-locks,auth/locks
2026-06-21T07:25:08Z,novelty-ws-media-cross-entity,async/media
2026-06-21T07:25:27Z,novelty-http-large-post-lifecycle,lifecycle
2026-06-21T07:25:27Z,novelty-http-title-reload-convergence,lifecycle
2026-06-21T07:25:27Z,novelty-http-same-user-stale-draft,lifecycle
2026-06-21T07:25:27Z,novelty-http-table-stale-snapshot,http
2026-06-21T07:25:27Z,novelty-http-existing-post-crdt-metadata,http
2026-06-21T07:25:27Z,novelty-ws-collaboration-ui-signals,other
2026-06-21T07:25:27Z,novelty-http-large-post-lifecycle-completion,lifecycle
2026-06-21T07:25:28Z,novelty-ws-permissions-auth-locks,auth/locks
2026-06-21T07:25:29Z,novelty-ws-many-user-lifecycle-completion,lifecycle
2026-06-21T07:25:29Z,novelty-ws-many-user-lifecycle,lifecycle
2026-06-21T07:31:54Z,novelty-ws-parser-serialization,parser
2026-06-21T07:31:58Z,novelty-ws-permissions-auth-locks,auth/locks
2026-06-21T07:32:13Z,novelty-http-large-post-lifecycle,lifecycle
2026-06-21T07:32:13Z,novelty-http-title-reload-convergence,lifecycle
2026-06-21T07:32:13Z,novelty-http-same-user-stale-draft,lifecycle
2026-06-21T07:32:13Z,novelty-http-table-stale-snapshot,http
2026-06-21T07:32:13Z,novelty-http-existing-post-crdt-metadata,http
2026-06-21T07:32:14Z,novelty-ws-collaboration-ui-signals,other
2026-06-21T07:32:14Z,novelty-ws-permissions-auth-locks,auth/locks
2026-06-21T07:32:15Z,novelty-ws-many-user-lifecycle-completion,lifecycle
2026-06-21T07:32:15Z,novelty-ws-many-user-lifecycle,lifecycle
2026-06-21T07:38:45Z,novelty-ws-permissions-auth-locks,auth/locks
2026-06-21T07:38:49Z,novelty-ws-media-cross-entity,async/media
2026-06-21T07:39:04Z,novelty-http-large-post-lifecycle,lifecycle
2026-06-21T07:39:04Z,novelty-http-title-reload-convergence,lifecycle
2026-06-21T07:39:04Z,novelty-http-same-user-stale-draft,lifecycle
2026-06-21T07:39:04Z,novelty-http-table-stale-snapshot,http
2026-06-21T07:39:04Z,novelty-http-existing-post-crdt-metadata,http
2026-06-21T07:39:04Z,novelty-ws-collaboration-ui-signals,other
2026-06-21T07:39:04Z,novelty-ws-many-user-lifecycle-completion,lifecycle
2026-06-21T07:39:05Z,novelty-ws-many-user-lifecycle,lifecycle
2026-06-21T07:45:24Z,novelty-ws-parser-serialization,parser
2026-06-21T07:45:25Z,novelty-ws-media-cross-entity-completion,async/media
2026-06-21T07:45:25Z,novelty-ws-permissions-auth-locks,auth/locks
2026-06-21T07:45:49Z,novelty-ws-multi-reload-lifecycle,lifecycle
2026-06-21T07:45:49Z,novelty-http-large-post-lifecycle,lifecycle
2026-06-21T07:45:49Z,novelty-http-title-reload-convergence,lifecycle
2026-06-21T07:45:49Z,novelty-http-same-user-stale-draft,lifecycle
2026-06-21T07:45:49Z,novelty-http-table-stale-snapshot,http
2026-06-21T07:45:49Z,novelty-http-existing-post-crdt-metadata,http
2026-06-21T07:45:49Z,novelty-ws-collaboration-ui-signals,other
2026-06-21T07:45:50Z,novelty-http-large-post-lifecycle-completion,lifecycle
2026-06-21T07:45:50Z,novelty-ws-permissions-auth-locks,auth/locks
2026-06-21T07:45:51Z,novelty-ws-many-user-lifecycle-completion,lifecycle
2026-06-21T07:45:51Z,novelty-ws-many-user-lifecycle,lifecycle
2026-06-21T07:52:07Z,novelty-ws-permissions-auth-locks,auth/locks
2026-06-21T07:52:27Z,novelty-http-large-post-lifecycle,lifecycle
2026-06-21T07:52:27Z,novelty-http-title-reload-convergence,lifecycle
2026-06-21T07:52:27Z,novelty-http-same-user-stale-draft,lifecycle
2026-06-21T07:52:27Z,novelty-http-table-stale-snapshot,http
2026-06-21T07:52:27Z,novelty-ws-collaboration-ui-signals,other
2026-06-21T07:52:31Z,novelty-ws-media-cross-entity-completion,async/media
2026-06-21T07:52:31Z,novelty-ws-many-user-lifecycle-completion,lifecycle
2026-06-21T07:52:32Z,novelty-ws-many-user-lifecycle,lifecycle
2026-06-21T07:59:03Z,novelty-ws-permissions-auth-locks,auth/locks
2026-06-21T07:59:04Z,novelty-ws-media-cross-entity,async/media
2026-06-21T07:59:27Z,novelty-http-large-post-lifecycle,lifecycle
2026-06-21T07:59:27Z,novelty-http-title-reload-convergence,lifecycle
2026-06-21T07:59:27Z,novelty-http-same-user-stale-draft,lifecycle
2026-06-21T07:59:27Z,novelty-http-table-stale-snapshot,http
2026-06-21T07:59:27Z,novelty-http-existing-post-crdt-metadata,http
2026-06-21T07:59:27Z,novelty-ws-collaboration-ui-signals,other
2026-06-21T07:59:27Z,novelty-http-large-post-lifecycle-completion,lifecycle
2026-06-21T07:59:28Z,novelty-ws-many-user-lifecycle-completion,lifecycle
2026-06-21T07:59:29Z,novelty-ws-many-user-lifecycle,lifecycle
2026-06-21T08:06:09Z,novelty-ws-permissions-auth-locks,auth/locks
2026-06-21T08:06:10Z,novelty-ws-media-cross-entity,async/media
2026-06-21T08:06:31Z,novelty-http-large-post-lifecycle,lifecycle
2026-06-21T08:06:31Z,novelty-http-title-reload-convergence,lifecycle
2026-06-21T08:06:31Z,novelty-http-same-user-stale-draft,lifecycle
2026-06-21T08:06:31Z,novelty-http-table-stale-snapshot,http
2026-06-21T08:06:31Z,novelty-http-existing-post-crdt-metadata,http
2026-06-21T08:06:31Z,novelty-ws-collaboration-ui-signals,other
2026-06-21T08:06:32Z,novelty-http-large-post-lifecycle-completion,lifecycle
2026-06-21T08:06:33Z,novelty-ws-permissions-auth-locks,auth/locks
2026-06-21T08:06:33Z,novelty-ws-many-user-lifecycle-completion,lifecycle
2026-06-21T08:06:34Z,novelty-ws-many-user-lifecycle,lifecycle
2026-06-21T08:13:03Z,novelty-ws-real-user-editing,real-user
2026-06-21T08:13:05Z,novelty-ws-many-user-lifecycle-completion,lifecycle
2026-06-21T08:13:09Z,novelty-ws-many-user-lifecycle,lifecycle
2026-06-21T08:20:07Z,novelty-ws-permissions-auth-locks,auth/locks
2026-06-21T08:20:09Z,novelty-ws-media-cross-entity,async/media
2026-06-21T08:20:26Z,novelty-http-large-post-lifecycle,lifecycle
2026-06-21T08:20:26Z,novelty-http-title-reload-convergence,lifecycle
2026-06-21T08:20:26Z,novelty-http-same-user-stale-draft,lifecycle
2026-06-21T08:20:26Z,novelty-http-table-stale-snapshot,http
2026-06-21T08:20:26Z,novelty-http-existing-post-crdt-metadata,http
2026-06-21T08:20:26Z,novelty-ws-collaboration-ui-signals,other
2026-06-21T08:20:27Z,novelty-ws-permissions-auth-locks,auth/locks
2026-06-21T08:20:27Z,novelty-ws-many-user-lifecycle-completion,lifecycle
2026-06-21T08:20:28Z,novelty-ws-many-user-lifecycle,lifecycle
2026-06-21T08:27:07Z,novelty-ws-permissions-auth-locks,auth/locks
2026-06-21T08:27:10Z,novelty-ws-media-cross-entity,async/media
2026-06-21T08:27:28Z,novelty-http-large-post-lifecycle,lifecycle
2026-06-21T08:27:28Z,novelty-http-title-reload-convergence,lifecycle
2026-06-21T08:27:28Z,novelty-http-same-user-stale-draft,lifecycle
2026-06-21T08:27:28Z,novelty-http-table-stale-snapshot,http
2026-06-21T08:27:28Z,novelty-ws-collaboration-ui-signals,other
2026-06-21T08:27:29Z,novelty-ws-many-user-lifecycle-completion,lifecycle
2026-06-21T08:27:30Z,novelty-ws-many-user-lifecycle,lifecycle
2026-06-21T08:34:16Z,novelty-ws-permissions-auth-locks,auth/locks
2026-06-21T08:34:17Z,novelty-ws-media-cross-entity,async/media
2026-06-21T08:34:40Z,novelty-http-large-post-lifecycle,lifecycle
2026-06-21T08:34:40Z,novelty-http-title-reload-convergence,lifecycle
2026-06-21T08:34:40Z,novelty-http-same-user-stale-draft,lifecycle
2026-06-21T08:34:40Z,novelty-http-table-stale-snapshot,http
2026-06-21T08:34:40Z,novelty-http-existing-post-crdt-metadata,http
2026-06-21T08:34:40Z,novelty-ws-collaboration-ui-signals,other
2026-06-21T08:34:41Z,novelty-http-large-post-lifecycle-completion,lifecycle
2026-06-21T08:34:42Z,novelty-ws-permissions-auth-locks,auth/locks
2026-06-21T08:34:43Z,novelty-ws-many-user-lifecycle-completion,lifecycle
2026-06-21T08:34:44Z,novelty-ws-many-user-lifecycle,lifecycle
2026-06-21T08:41:23Z,novelty-ws-real-user-editing,real-user
2026-06-21T08:48:27Z,novelty-ws-permissions-auth-locks,auth/locks
2026-06-21T08:48:31Z,novelty-ws-media-cross-entity,async/media
2026-06-21T08:48:49Z,novelty-http-large-post-lifecycle,lifecycle
2026-06-21T08:48:49Z,novelty-http-title-reload-convergence,lifecycle
2026-06-21T08:48:49Z,novelty-http-same-user-stale-draft,lifecycle
2026-06-21T08:48:49Z,novelty-http-table-stale-snapshot,http
2026-06-21T08:48:50Z,novelty-ws-collaboration-ui-signals,other
2026-06-21T08:48:51Z,novelty-ws-permissions-auth-locks,auth/locks
2026-06-21T08:55:40Z,novelty-ws-permissions-auth-locks,auth/locks
2026-06-21T08:55:41Z,novelty-ws-media-cross-entity,async/media
2026-06-21T08:56:06Z,novelty-http-large-post-lifecycle,lifecycle
2026-06-21T08:56:06Z,novelty-http-title-reload-convergence,lifecycle
2026-06-21T08:56:06Z,novelty-http-same-user-stale-draft,lifecycle
2026-06-21T08:56:06Z,novelty-http-table-stale-snapshot,http
2026-06-21T08:56:06Z,novelty-ws-collaboration-ui-signals,other
2026-06-21T09:02:39Z,novelty-ws-parser-serialization,parser
2026-06-21T09:02:44Z,novelty-ws-permissions-auth-locks,auth/locks
2026-06-21T09:02:48Z,novelty-ws-media-cross-entity,async/media
2026-06-21T09:03:11Z,novelty-http-large-post-lifecycle,lifecycle
2026-06-21T09:03:11Z,novelty-http-title-reload-convergence,lifecycle
2026-06-21T09:03:11Z,novelty-http-same-user-stale-draft,lifecycle
2026-06-21T09:03:11Z,novelty-http-table-stale-snapshot,http
2026-06-21T09:03:11Z,novelty-http-existing-post-crdt-metadata,http
2026-06-21T09:03:11Z,novelty-ws-collaboration-ui-signals,other
2026-06-21T09:03:12Z,novelty-http-large-post-lifecycle-completion,lifecycle
2026-06-21T09:03:12Z,novelty-ws-permissions-auth-locks,auth/locks
2026-06-21T09:09:50Z,novelty-ws-real-user-rich-text,real-user
2026-06-21T09:09:57Z,novelty-ws-real-user-editing,real-user
2026-06-21T11:51:45Z,novelty-ws-real-user-editing,real-user
2026-06-21T11:51:45Z,novelty-ws-three-user-late-join,lifecycle
2026-06-21T11:51:45Z,novelty-ws-media-cross-entity,async/media
2026-06-21T11:51:45Z,novelty-ws-real-user-rich-text,real-user
2026-06-21T11:51:45Z,novelty-ws-revision-recovery,persistence
2026-06-21T11:51:45Z,novelty-http-table-stale-snapshot-completion,http
2026-06-21T11:51:45Z,novelty-ws-real-user-save-reload,real-user
2026-06-21T11:51:45Z,novelty-ws-many-user-lifecycle-completion,lifecycle
2026-06-21T11:51:45Z,novelty-ws-many-user-lifecycle,lifecycle
2026-06-21T11:51:45Z,novelty-ws-thirty-user-lifecycle,lifecycle
2026-06-21T11:51:46Z,novelty-ws-thirty-user-lifecycle-completion,lifecycle
2026-06-21T11:54:02Z,novelty-ws-real-user-editing,real-user
2026-06-21T11:54:02Z,novelty-ws-three-user-late-join,lifecycle
2026-06-21T11:54:02Z,novelty-http-table-stale-snapshot-completion,http
2026-06-21T11:56:56Z,novelty-ws-real-user-editing,real-user
2026-06-21T11:56:56Z,novelty-ws-media-cross-entity,async/media
2026-06-21T11:56:56Z,novelty-ws-real-user-save-reload,real-user
2026-06-21T12:00:06Z,novelty-ws-parser-transform,parser
2026-06-21T12:00:06Z,novelty-ws-many-user-lifecycle,lifecycle
2026-06-21T12:00:06Z,novelty-ws-media-cross-entity-completion,async/media
2026-06-21T12:00:06Z,novelty-ws-media-cross-entity,async/media
2026-06-21T12:00:09Z,novelty-ws-permissions-auth-locks,auth/locks
2026-06-21T12:00:11Z,novelty-ws-long-session-large-doc,lifecycle
2026-06-21T12:00:17Z,novelty-http-large-post-lifecycle,lifecycle
2026-06-21T12:00:17Z,novelty-http-same-user-stale-draft,lifecycle
2026-06-21T12:00:17Z,novelty-http-table-stale-snapshot,http
2026-06-21T12:00:17Z,novelty-ws-multi-reload-lifecycle,lifecycle
2026-06-21T12:00:17Z,novelty-ws-thirty-user-lifecycle,lifecycle
2026-06-21T12:00:17Z,novelty-ws-thirty-user-lifecycle-completion,lifecycle
2026-06-21T12:00:17Z,novelty-ws-many-user-lifecycle-completion,lifecycle
2026-06-21T12:00:17Z,novelty-ws-media-cross-entity-completion,async/media
2026-06-21T12:00:17Z,novelty-ws-permissions-auth-locks,auth/locks
2026-06-21T12:03:50Z,novelty-ws-permissions-auth-locks,auth/locks
2026-06-21T12:03:50Z,novelty-ws-long-session-large-doc,lifecycle
2026-06-21T12:03:57Z,novelty-http-large-post-lifecycle,lifecycle
2026-06-21T12:03:57Z,novelty-http-title-reload-convergence,lifecycle
2026-06-21T12:03:57Z,novelty-http-same-user-stale-draft,lifecycle
2026-06-21T12:03:57Z,novelty-http-table-stale-snapshot,http
2026-06-21T12:03:57Z,novelty-http-existing-post-crdt-metadata,http
2026-06-21T12:03:57Z,novelty-http-persistence-probe,persistence
2026-06-21T12:03:57Z,novelty-ws-parser-serialization,parser
2026-06-21T12:03:57Z,novelty-ws-multi-reload-lifecycle,lifecycle
2026-06-21T12:03:57Z,novelty-ws-thirty-user-lifecycle,lifecycle
2026-06-21T12:03:57Z,novelty-ws-thirty-user-lifecycle-completion,lifecycle
2026-06-21T12:03:57Z,novelty-ws-many-user-lifecycle-completion,lifecycle
2026-06-21T12:03:57Z,novelty-ws-many-user-lifecycle,lifecycle
2026-06-21T12:03:57Z,novelty-ws-media-cross-entity-completion,async/media
2026-06-21T12:03:57Z,novelty-ws-permissions-auth-locks,auth/locks
2026-06-21T12:07:31Z,novelty-ws-permissions-auth-locks,auth/locks
2026-06-21T12:07:32Z,novelty-ws-long-session-large-doc,lifecycle
2026-06-21T12:07:48Z,novelty-http-large-post-lifecycle,lifecycle
2026-06-21T12:07:48Z,novelty-http-title-reload-convergence,lifecycle
2026-06-21T12:07:48Z,novelty-http-same-user-stale-draft,lifecycle
2026-06-21T12:07:48Z,novelty-http-table-stale-snapshot,http
2026-06-21T12:07:48Z,novelty-http-persistence-probe,persistence
2026-06-21T12:07:48Z,novelty-ws-parser-serialization,parser
2026-06-21T12:07:48Z,novelty-ws-multi-reload-lifecycle,lifecycle
2026-06-21T12:07:48Z,novelty-ws-collaboration-ui-signals,other
2026-06-21T12:07:48Z,novelty-ws-thirty-user-lifecycle,lifecycle
2026-06-21T12:07:48Z,novelty-ws-thirty-user-lifecycle-completion,lifecycle
2026-06-21T12:07:48Z,novelty-ws-many-user-lifecycle-completion,lifecycle
2026-06-21T12:07:48Z,novelty-ws-many-user-lifecycle,lifecycle
2026-06-21T12:07:48Z,novelty-ws-media-cross-entity-completion,async/media
2026-06-21T12:07:48Z,novelty-ws-permissions-auth-locks,auth/locks
2026-06-21T12:11:28Z,novelty-ws-permissions-auth-locks,auth/locks
2026-06-21T12:11:29Z,novelty-ws-long-session-large-doc,lifecycle
2026-06-21T12:11:35Z,novelty-http-large-post-lifecycle,lifecycle
2026-06-21T12:11:35Z,novelty-http-title-reload-convergence,lifecycle
2026-06-21T12:11:35Z,novelty-http-same-user-stale-draft,lifecycle
2026-06-21T12:11:35Z,novelty-http-table-stale-snapshot,http
2026-06-21T12:11:35Z,novelty-http-existing-post-crdt-metadata,http
2026-06-21T12:11:35Z,novelty-http-persistence-probe,persistence
2026-06-21T12:11:36Z,novelty-ws-parser-serialization,parser
2026-06-21T12:11:36Z,novelty-ws-multi-reload-lifecycle,lifecycle
2026-06-21T12:11:36Z,novelty-ws-collaboration-ui-signals,other
2026-06-21T12:11:38Z,novelty-http-large-post-lifecycle-completion,lifecycle
2026-06-21T12:11:38Z,novelty-ws-thirty-user-lifecycle,lifecycle
2026-06-21T12:11:38Z,novelty-ws-thirty-user-lifecycle-completion,lifecycle
2026-06-21T12:11:38Z,novelty-ws-many-user-lifecycle-completion,lifecycle
2026-06-21T12:11:38Z,novelty-ws-many-user-lifecycle,lifecycle
2026-06-21T12:11:38Z,novelty-ws-media-cross-entity-completion,async/media
2026-06-21T12:11:38Z,novelty-ws-permissions-auth-locks,auth/locks
2026-06-21T12:15:11Z,novelty-ws-permissions-auth-locks,auth/locks
2026-06-21T12:15:14Z,novelty-ws-long-session-large-doc,lifecycle
2026-06-21T12:15:26Z,novelty-http-large-post-lifecycle,lifecycle
2026-06-21T12:15:26Z,novelty-http-title-reload-convergence,lifecycle
2026-06-21T12:15:26Z,novelty-http-same-user-stale-draft,lifecycle
2026-06-21T12:15:26Z,novelty-http-table-stale-snapshot,http
2026-06-21T12:15:26Z,novelty-http-existing-post-crdt-metadata,http
2026-06-21T12:15:26Z,novelty-http-persistence-probe,persistence
2026-06-21T12:15:26Z,novelty-ws-parser-serialization,parser
2026-06-21T12:15:26Z,novelty-ws-multi-reload-lifecycle,lifecycle
2026-06-21T12:15:26Z,novelty-ws-collaboration-ui-signals,other
2026-06-21T12:15:26Z,novelty-http-large-post-lifecycle-completion,lifecycle
2026-06-21T12:15:26Z,novelty-ws-thirty-user-lifecycle,lifecycle
2026-06-21T12:15:26Z,novelty-ws-thirty-user-lifecycle-completion,lifecycle
2026-06-21T12:15:26Z,novelty-ws-many-user-lifecycle-completion,lifecycle
2026-06-21T12:15:26Z,novelty-ws-many-user-lifecycle,lifecycle
2026-06-21T12:15:26Z,novelty-ws-media-cross-entity-completion,async/media
2026-06-21T12:15:26Z,novelty-ws-permissions-auth-locks,auth/locks
2026-06-21T12:18:51Z,novelty-ws-permissions-auth-locks,auth/locks
2026-06-21T12:18:54Z,novelty-ws-long-session-large-doc,lifecycle
2026-06-21T12:19:05Z,novelty-http-large-post-lifecycle,lifecycle
2026-06-21T12:19:05Z,novelty-http-title-reload-convergence,lifecycle
2026-06-21T12:19:05Z,novelty-http-same-user-stale-draft,lifecycle
2026-06-21T12:19:05Z,novelty-http-table-stale-snapshot,http
2026-06-21T12:19:05Z,novelty-http-existing-post-crdt-metadata,http
2026-06-21T12:19:05Z,novelty-http-persistence-probe,persistence
2026-06-21T12:19:05Z,novelty-ws-parser-serialization,parser
2026-06-21T12:19:05Z,novelty-ws-multi-reload-lifecycle,lifecycle
2026-06-21T12:19:05Z,novelty-ws-collaboration-ui-signals,other
2026-06-21T12:19:05Z,novelty-http-large-post-lifecycle-completion,lifecycle
2026-06-21T12:19:05Z,novelty-ws-thirty-user-lifecycle,lifecycle
2026-06-21T12:19:05Z,novelty-ws-thirty-user-lifecycle-completion,lifecycle
2026-06-21T12:19:05Z,novelty-ws-many-user-lifecycle-completion,lifecycle
2026-06-21T12:19:05Z,novelty-ws-many-user-lifecycle,lifecycle
2026-06-21T12:19:05Z,novelty-ws-media-cross-entity-completion,async/media
2026-06-21T12:19:05Z,novelty-ws-permissions-auth-locks,auth/locks
2026-06-21T12:22:36Z,novelty-ws-permissions-auth-locks,auth/locks
2026-06-21T12:22:37Z,novelty-ws-long-session-large-doc,lifecycle
2026-06-21T12:22:46Z,novelty-http-large-post-lifecycle,lifecycle
2026-06-21T12:22:46Z,novelty-http-title-reload-convergence,lifecycle
2026-06-21T12:22:46Z,novelty-http-same-user-stale-draft,lifecycle
2026-06-21T12:22:46Z,novelty-http-persistence-probe,persistence
2026-06-21T12:22:46Z,novelty-ws-parser-serialization,parser
2026-06-21T12:22:46Z,novelty-ws-multi-reload-lifecycle,lifecycle
2026-06-21T12:22:46Z,novelty-ws-collaboration-ui-signals,other
2026-06-21T12:22:46Z,novelty-ws-thirty-user-lifecycle,lifecycle
2026-06-21T12:22:46Z,novelty-ws-thirty-user-lifecycle-completion,lifecycle
2026-06-21T12:22:46Z,novelty-ws-many-user-lifecycle-completion,lifecycle
2026-06-21T12:22:46Z,novelty-ws-many-user-lifecycle,lifecycle
2026-06-21T12:22:46Z,novelty-ws-media-cross-entity-completion,async/media
2026-06-21T12:22:46Z,novelty-ws-permissions-auth-locks,auth/locks
2026-06-21T12:26:20Z,novelty-ws-permissions-auth-locks,auth/locks
2026-06-21T12:26:20Z,novelty-ws-long-session-large-doc,lifecycle
2026-06-21T12:26:27Z,novelty-http-large-post-lifecycle,lifecycle
2026-06-21T12:26:27Z,novelty-http-title-reload-convergence,lifecycle
2026-06-21T12:26:27Z,novelty-http-same-user-stale-draft,lifecycle
2026-06-21T12:26:27Z,novelty-http-persistence-probe,persistence
2026-06-21T12:26:27Z,novelty-ws-parser-serialization,parser
2026-06-21T12:26:27Z,novelty-ws-multi-reload-lifecycle,lifecycle
2026-06-21T12:26:27Z,novelty-ws-collaboration-ui-signals,other
2026-06-21T12:26:27Z,novelty-ws-thirty-user-lifecycle,lifecycle
2026-06-21T12:26:27Z,novelty-ws-thirty-user-lifecycle-completion,lifecycle
2026-06-21T12:26:27Z,novelty-ws-many-user-lifecycle-completion,lifecycle
2026-06-21T12:26:27Z,novelty-ws-many-user-lifecycle,lifecycle
2026-06-21T12:26:27Z,novelty-ws-media-cross-entity-completion,async/media
2026-06-21T12:26:27Z,novelty-ws-permissions-auth-locks,auth/locks
2026-06-21T12:30:10Z,novelty-http-same-user-stale-draft,lifecycle
2026-06-21T12:30:10Z,novelty-ws-parser-serialization,parser
2026-06-21T12:30:10Z,novelty-ws-multi-reload-lifecycle,lifecycle
2026-06-21T12:30:10Z,novelty-ws-collaboration-ui-signals,other
2026-06-21T12:33:48Z,novelty-ws-permissions-auth-locks,auth/locks
2026-06-21T12:33:51Z,novelty-ws-long-session-large-doc,lifecycle
2026-06-21T12:34:05Z,novelty-http-large-post-lifecycle,lifecycle
2026-06-21T12:34:05Z,novelty-http-title-reload-convergence,lifecycle
2026-06-21T12:34:05Z,novelty-http-same-user-stale-draft,lifecycle
2026-06-21T12:34:05Z,novelty-http-persistence-probe,persistence
2026-06-21T12:34:05Z,novelty-ws-multi-reload-lifecycle,lifecycle
2026-06-21T12:34:08Z,novelty-ws-collaboration-ui-signals,other
2026-06-21T12:34:08Z,novelty-ws-thirty-user-lifecycle,lifecycle
2026-06-21T12:34:08Z,novelty-ws-thirty-user-lifecycle-completion,lifecycle
2026-06-21T12:34:08Z,novelty-ws-many-user-lifecycle-completion,lifecycle
2026-06-21T12:34:08Z,novelty-ws-many-user-lifecycle,lifecycle
2026-06-21T12:34:08Z,novelty-ws-media-cross-entity-completion,async/media
2026-06-21T12:34:08Z,novelty-ws-permissions-auth-locks,auth/locks
2026-06-21T12:37:49Z,novelty-ws-real-user-editing,real-user
2026-06-21T12:37:52Z,novelty-ws-parser-serialization,parser
2026-06-21T12:37:52Z,novelty-ws-thirty-user-lifecycle,lifecycle
2026-06-21T12:37:52Z,novelty-ws-thirty-user-lifecycle-completion,lifecycle
2026-06-21T12:37:52Z,novelty-ws-many-user-lifecycle-completion,lifecycle
2026-06-21T12:37:52Z,novelty-ws-many-user-lifecycle,lifecycle
2026-06-21T12:37:52Z,novelty-ws-real-user-editing,real-user
2026-06-21T12:37:52Z,novelty-ws-async-server-blocks,async/media
2026-06-21T12:37:52Z,novelty-ws-permissions-auth-locks,auth/locks
2026-06-21T12:37:52Z,novelty-ws-long-session-large-doc,lifecycle
2026-06-21T12:37:52Z,novelty-ws-three-user-late-join,lifecycle
2026-06-21T12:41:49Z,novelty-ws-media-cross-entity,async/media
2026-06-21T12:41:49Z,novelty-ws-permissions-auth-locks,auth/locks
2026-06-21T12:41:52Z,novelty-ws-long-session-large-doc,lifecycle
2026-06-21T12:42:07Z,novelty-http-large-post-lifecycle,lifecycle
2026-06-21T12:42:07Z,novelty-http-title-reload-convergence,lifecycle
2026-06-21T12:42:07Z,novelty-http-same-user-stale-draft,lifecycle
2026-06-21T12:42:07Z,novelty-http-persistence-probe,persistence
2026-06-21T12:42:07Z,novelty-ws-parser-serialization,parser
2026-06-21T12:42:07Z,novelty-ws-multi-reload-lifecycle,lifecycle
2026-06-21T12:42:07Z,novelty-ws-collaboration-ui-signals,other
2026-06-21T12:42:07Z,novelty-ws-thirty-user-lifecycle,lifecycle
2026-06-21T12:42:07Z,novelty-ws-thirty-user-lifecycle-completion,lifecycle
2026-06-21T12:42:07Z,novelty-ws-many-user-lifecycle-completion,lifecycle
2026-06-21T12:42:07Z,novelty-ws-many-user-lifecycle,lifecycle
2026-06-21T12:42:07Z,novelty-ws-media-cross-entity-completion,async/media
2026-06-21T12:42:07Z,novelty-ws-permissions-auth-locks,auth/locks
2026-06-21T12:45:57Z,novelty-ws-permissions-auth-locks,auth/locks
2026-06-21T12:45:59Z,novelty-ws-long-session-large-doc,lifecycle
2026-06-21T12:46:16Z,novelty-http-large-post-lifecycle,lifecycle
2026-06-21T12:46:16Z,novelty-http-title-reload-convergence,lifecycle
2026-06-21T12:46:16Z,novelty-http-same-user-stale-draft,lifecycle
2026-06-21T12:46:16Z,novelty-http-persistence-probe,persistence
2026-06-21T12:46:16Z,novelty-ws-parser-serialization,parser
2026-06-21T12:46:16Z,novelty-ws-multi-reload-lifecycle,lifecycle
2026-06-21T12:46:16Z,novelty-ws-collaboration-ui-signals,other
2026-06-21T12:46:16Z,novelty-ws-thirty-user-lifecycle,lifecycle
2026-06-21T12:46:16Z,novelty-ws-thirty-user-lifecycle-completion,lifecycle
2026-06-21T12:46:16Z,novelty-ws-many-user-lifecycle-completion,lifecycle
2026-06-21T12:46:16Z,novelty-ws-many-user-lifecycle,lifecycle
2026-06-21T12:46:16Z,novelty-ws-media-cross-entity-completion,async/media
2026-06-21T12:46:16Z,novelty-ws-permissions-auth-locks,auth/locks
2026-06-21T12:50:03Z,novelty-ws-permissions-auth-locks,auth/locks
2026-06-21T12:50:06Z,novelty-ws-long-session-large-doc,lifecycle
2026-06-21T12:50:17Z,novelty-http-large-post-lifecycle,lifecycle
2026-06-21T12:50:17Z,novelty-http-title-reload-convergence,lifecycle
2026-06-21T12:50:17Z,novelty-http-same-user-stale-draft,lifecycle
2026-06-21T12:50:17Z,novelty-http-persistence-probe,persistence
2026-06-21T12:50:17Z,novelty-ws-parser-serialization,parser
2026-06-21T12:50:17Z,novelty-ws-multi-reload-lifecycle,lifecycle
2026-06-21T12:50:17Z,novelty-ws-collaboration-ui-signals,other
2026-06-21T12:50:17Z,novelty-ws-thirty-user-lifecycle,lifecycle
2026-06-21T12:50:17Z,novelty-ws-thirty-user-lifecycle-completion,lifecycle
2026-06-21T12:50:17Z,novelty-ws-many-user-lifecycle-completion,lifecycle
2026-06-21T12:50:17Z,novelty-ws-many-user-lifecycle,lifecycle
2026-06-21T12:50:17Z,novelty-ws-media-cross-entity-completion,async/media
2026-06-21T12:50:17Z,novelty-ws-permissions-auth-locks,auth/locks
2026-06-21T12:54:17Z,novelty-ws-permissions-auth-locks,auth/locks
2026-06-21T12:54:20Z,novelty-ws-long-session-large-doc,lifecycle
2026-06-21T12:54:37Z,novelty-http-large-post-lifecycle,lifecycle
2026-06-21T12:54:37Z,novelty-http-title-reload-convergence,lifecycle
2026-06-21T12:54:37Z,novelty-http-same-user-stale-draft,lifecycle
2026-06-21T12:54:37Z,novelty-http-table-stale-snapshot,http
2026-06-21T12:54:37Z,novelty-http-existing-post-crdt-metadata,http
2026-06-21T12:54:37Z,novelty-http-persistence-probe,persistence
2026-06-21T12:54:37Z,novelty-ws-parser-serialization,parser
2026-06-21T12:54:37Z,novelty-ws-multi-reload-lifecycle,lifecycle
2026-06-21T12:54:38Z,novelty-ws-collaboration-ui-signals,other
2026-06-21T12:54:38Z,novelty-http-large-post-lifecycle-completion,lifecycle
2026-06-21T12:54:38Z,novelty-ws-thirty-user-lifecycle,lifecycle
2026-06-21T12:54:38Z,novelty-ws-thirty-user-lifecycle-completion,lifecycle
2026-06-21T12:54:38Z,novelty-ws-many-user-lifecycle-completion,lifecycle
2026-06-21T12:54:38Z,novelty-ws-many-user-lifecycle,lifecycle
2026-06-21T12:54:38Z,novelty-ws-media-cross-entity-completion,async/media
2026-06-21T12:54:38Z,novelty-ws-permissions-auth-locks,auth/locks
2026-06-21T12:58:52Z,novelty-ws-permissions-auth-locks,auth/locks
2026-06-21T12:58:55Z,novelty-ws-long-session-large-doc,lifecycle
2026-06-21T12:59:20Z,novelty-http-large-post-lifecycle,lifecycle
2026-06-21T12:59:20Z,novelty-http-title-reload-convergence,lifecycle
2026-06-21T12:59:20Z,novelty-http-same-user-stale-draft,lifecycle
2026-06-21T12:59:20Z,novelty-http-table-stale-snapshot,http
2026-06-21T12:59:20Z,novelty-http-existing-post-crdt-metadata,http
2026-06-21T12:59:20Z,novelty-http-persistence-probe,persistence
2026-06-21T12:59:20Z,novelty-ws-parser-serialization,parser
2026-06-21T12:59:20Z,novelty-ws-multi-reload-lifecycle,lifecycle
2026-06-21T12:59:20Z,novelty-ws-collaboration-ui-signals,other
2026-06-21T12:59:23Z,novelty-http-large-post-lifecycle-completion,lifecycle
2026-06-21T12:59:23Z,novelty-ws-thirty-user-lifecycle,lifecycle
2026-06-21T12:59:23Z,novelty-ws-thirty-user-lifecycle-completion,lifecycle
2026-06-21T12:59:23Z,novelty-ws-many-user-lifecycle-completion,lifecycle
2026-06-21T12:59:23Z,novelty-ws-many-user-lifecycle,lifecycle
2026-06-21T12:59:23Z,novelty-ws-media-cross-entity-completion,async/media
2026-06-21T12:59:23Z,novelty-ws-permissions-auth-locks,auth/locks
2026-06-21T13:03:26Z,novelty-ws-permissions-auth-locks,auth/locks
2026-06-21T13:03:29Z,novelty-ws-long-session-large-doc,lifecycle
2026-06-21T13:03:42Z,novelty-http-large-post-lifecycle,lifecycle
2026-06-21T13:03:42Z,novelty-http-title-reload-convergence,lifecycle
2026-06-21T13:03:42Z,novelty-http-same-user-stale-draft,lifecycle
2026-06-21T13:03:42Z,novelty-http-table-stale-snapshot,http
2026-06-21T13:03:42Z,novelty-http-existing-post-crdt-metadata,http
2026-06-21T13:03:42Z,novelty-http-persistence-probe,persistence
2026-06-21T13:03:42Z,novelty-ws-parser-serialization,parser
2026-06-21T13:03:42Z,novelty-ws-multi-reload-lifecycle,lifecycle
2026-06-21T13:03:42Z,novelty-ws-collaboration-ui-signals,other
2026-06-21T13:03:42Z,novelty-http-large-post-lifecycle-completion,lifecycle
2026-06-21T13:03:42Z,novelty-ws-thirty-user-lifecycle,lifecycle
2026-06-21T13:03:42Z,novelty-ws-thirty-user-lifecycle-completion,lifecycle
2026-06-21T13:03:42Z,novelty-ws-many-user-lifecycle-completion,lifecycle
2026-06-21T13:03:42Z,novelty-ws-many-user-lifecycle,lifecycle
2026-06-21T13:03:42Z,novelty-ws-permissions-auth-locks,auth/locks
2026-06-21T13:03:42Z,novelty-ws-media-cross-entity-completion,async/media
2026-06-21T13:07:35Z,novelty-ws-permissions-auth-locks,auth/locks
2026-06-21T13:07:38Z,novelty-ws-long-session-large-doc,lifecycle
2026-06-21T13:07:52Z,novelty-http-large-post-lifecycle,lifecycle
2026-06-21T13:07:52Z,novelty-http-title-reload-convergence,lifecycle
2026-06-21T13:07:52Z,novelty-http-same-user-stale-draft,lifecycle
2026-06-21T13:07:52Z,novelty-http-table-stale-snapshot,http
2026-06-21T13:07:52Z,novelty-http-existing-post-crdt-metadata,http
2026-06-21T13:07:52Z,novelty-http-persistence-probe,persistence
2026-06-21T13:07:52Z,novelty-ws-parser-serialization,parser
2026-06-21T13:07:52Z,novelty-ws-multi-reload-lifecycle,lifecycle
2026-06-21T13:07:52Z,novelty-ws-collaboration-ui-signals,other
2026-06-21T13:07:52Z,novelty-ws-thirty-user-lifecycle,lifecycle
2026-06-21T13:07:52Z,novelty-ws-thirty-user-lifecycle-completion,lifecycle
2026-06-21T13:07:52Z,novelty-ws-many-user-lifecycle-completion,lifecycle
2026-06-21T13:07:52Z,novelty-ws-many-user-lifecycle,lifecycle
2026-06-21T13:07:52Z,novelty-ws-permissions-auth-locks,auth/locks
2026-06-21T13:07:52Z,novelty-ws-media-cross-entity-completion,async/media
2026-06-21T13:11:49Z,novelty-ws-permissions-auth-locks,auth/locks
2026-06-21T13:11:51Z,novelty-ws-long-session-large-doc,lifecycle
2026-06-21T13:12:07Z,novelty-http-large-post-lifecycle,lifecycle
2026-06-21T13:12:07Z,novelty-http-title-reload-convergence,lifecycle
2026-06-21T13:12:07Z,novelty-http-same-user-stale-draft,lifecycle
2026-06-21T13:12:07Z,novelty-http-persistence-probe,persistence
2026-06-21T13:12:07Z,novelty-ws-parser-serialization,parser
2026-06-21T13:12:07Z,novelty-ws-multi-reload-lifecycle,lifecycle
2026-06-21T13:12:07Z,novelty-ws-collaboration-ui-signals,other
2026-06-21T13:12:07Z,novelty-ws-thirty-user-lifecycle,lifecycle
2026-06-21T13:12:07Z,novelty-ws-thirty-user-lifecycle-completion,lifecycle
2026-06-21T13:12:07Z,novelty-ws-permissions-auth-locks,auth/locks
2026-06-21T13:12:07Z,novelty-ws-media-cross-entity-completion,async/media
2026-06-21T13:12:07Z,novelty-ws-many-user-lifecycle-completion,lifecycle
2026-06-21T13:12:07Z,novelty-ws-many-user-lifecycle,lifecycle
2026-06-21T13:16:12Z,novelty-ws-permissions-auth-locks,auth/locks
2026-06-21T13:16:15Z,novelty-ws-long-session-large-doc,lifecycle
2026-06-21T13:16:25Z,novelty-http-large-post-lifecycle,lifecycle
2026-06-21T13:16:25Z,novelty-http-title-reload-convergence,lifecycle
2026-06-21T13:16:25Z,novelty-http-same-user-stale-draft,lifecycle
2026-06-21T13:16:25Z,novelty-http-persistence-probe,persistence
2026-06-21T13:16:25Z,novelty-ws-parser-serialization,parser
2026-06-21T13:16:25Z,novelty-ws-multi-reload-lifecycle,lifecycle
2026-06-21T13:16:25Z,novelty-ws-collaboration-ui-signals,other
2026-06-21T13:16:25Z,novelty-ws-thirty-user-lifecycle,lifecycle
2026-06-21T13:16:25Z,novelty-ws-thirty-user-lifecycle-completion,lifecycle
2026-06-21T13:16:25Z,novelty-ws-permissions-auth-locks,auth/locks
2026-06-21T13:16:25Z,novelty-ws-media-cross-entity-completion,async/media
2026-06-21T13:16:26Z,novelty-ws-many-user-lifecycle-completion,lifecycle
2026-06-21T13:16:26Z,novelty-ws-many-user-lifecycle,lifecycle
2026-06-21T13:20:21Z,novelty-ws-permissions-auth-locks,auth/locks
2026-06-21T13:20:24Z,novelty-ws-long-session-large-doc,lifecycle
2026-06-21T13:20:40Z,novelty-http-large-post-lifecycle,lifecycle
2026-06-21T13:20:40Z,novelty-http-title-reload-convergence,lifecycle
2026-06-21T13:20:40Z,novelty-http-same-user-stale-draft,lifecycle
2026-06-21T13:20:40Z,novelty-http-table-stale-snapshot,http
2026-06-21T13:20:40Z,novelty-http-existing-post-crdt-metadata,http
2026-06-21T13:20:40Z,novelty-http-persistence-probe,persistence
2026-06-21T13:20:40Z,novelty-ws-parser-serialization,parser
2026-06-21T13:20:40Z,novelty-ws-multi-reload-lifecycle,lifecycle
2026-06-21T13:20:40Z,novelty-ws-collaboration-ui-signals,other
2026-06-21T13:20:40Z,novelty-http-large-post-lifecycle-completion,lifecycle
2026-06-21T13:20:40Z,novelty-ws-thirty-user-lifecycle,lifecycle
2026-06-21T13:20:40Z,novelty-ws-thirty-user-lifecycle-completion,lifecycle
2026-06-21T13:20:40Z,novelty-ws-permissions-auth-locks,auth/locks
2026-06-21T13:20:40Z,novelty-ws-media-cross-entity-completion,async/media
2026-06-21T13:20:41Z,novelty-ws-many-user-lifecycle-completion,lifecycle
2026-06-21T13:20:41Z,novelty-ws-many-user-lifecycle,lifecycle
2026-06-21T13:24:40Z,novelty-ws-permissions-auth-locks,auth/locks
2026-06-21T13:24:42Z,novelty-ws-long-session-large-doc,lifecycle
2026-06-21T13:24:59Z,novelty-http-large-post-lifecycle,lifecycle
2026-06-21T13:24:59Z,novelty-http-title-reload-convergence,lifecycle
2026-06-21T13:24:59Z,novelty-http-same-user-stale-draft,lifecycle
2026-06-21T13:24:59Z,novelty-http-persistence-probe,persistence
2026-06-21T13:24:59Z,novelty-ws-parser-serialization,parser
2026-06-21T13:25:00Z,novelty-ws-multi-reload-lifecycle,lifecycle
2026-06-21T13:25:00Z,novelty-ws-collaboration-ui-signals,other
2026-06-21T13:25:00Z,novelty-ws-thirty-user-lifecycle,lifecycle
2026-06-21T13:25:00Z,novelty-ws-thirty-user-lifecycle-completion,lifecycle
2026-06-21T13:25:00Z,novelty-ws-permissions-auth-locks,auth/locks
2026-06-21T13:25:00Z,novelty-ws-media-cross-entity-completion,async/media
2026-06-21T13:25:00Z,novelty-ws-many-user-lifecycle-completion,lifecycle
2026-06-21T13:25:00Z,novelty-ws-many-user-lifecycle,lifecycle
2026-06-21T13:29:08Z,novelty-ws-permissions-auth-locks,auth/locks
2026-06-21T13:29:10Z,novelty-ws-long-session-large-doc,lifecycle
2026-06-21T13:29:28Z,novelty-http-large-post-lifecycle,lifecycle
2026-06-21T13:29:28Z,novelty-http-title-reload-convergence,lifecycle
2026-06-21T13:29:28Z,novelty-http-same-user-stale-draft,lifecycle
2026-06-21T13:29:28Z,novelty-http-table-stale-snapshot,http
2026-06-21T13:29:28Z,novelty-http-existing-post-crdt-metadata,http
2026-06-21T13:29:28Z,novelty-http-persistence-probe,persistence
2026-06-21T13:29:28Z,novelty-ws-parser-serialization,parser
2026-06-21T13:29:28Z,novelty-ws-multi-reload-lifecycle,lifecycle
2026-06-21T13:29:28Z,novelty-ws-collaboration-ui-signals,other
2026-06-21T13:29:28Z,novelty-http-large-post-lifecycle-completion,lifecycle
2026-06-21T13:29:28Z,novelty-ws-thirty-user-lifecycle,lifecycle
2026-06-21T13:29:28Z,novelty-ws-thirty-user-lifecycle-completion,lifecycle
2026-06-21T13:29:28Z,novelty-ws-permissions-auth-locks,auth/locks
2026-06-21T13:29:28Z,novelty-ws-media-cross-entity-completion,async/media
2026-06-21T13:29:28Z,novelty-ws-many-user-lifecycle-completion,lifecycle
2026-06-21T13:29:28Z,novelty-ws-many-user-lifecycle,lifecycle
2026-06-21T13:33:40Z,novelty-ws-permissions-auth-locks,auth/locks
2026-06-21T13:33:43Z,novelty-ws-long-session-large-doc,lifecycle
2026-06-21T13:33:59Z,novelty-http-large-post-lifecycle,lifecycle
2026-06-21T13:33:59Z,novelty-http-title-reload-convergence,lifecycle
2026-06-21T13:33:59Z,novelty-http-same-user-stale-draft,lifecycle
2026-06-21T13:33:59Z,novelty-http-persistence-probe,persistence
2026-06-21T13:33:59Z,novelty-ws-parser-serialization,parser
2026-06-21T13:34:00Z,novelty-ws-multi-reload-lifecycle,lifecycle
2026-06-21T13:34:01Z,novelty-ws-collaboration-ui-signals,other
2026-06-21T13:34:01Z,novelty-ws-thirty-user-lifecycle,lifecycle
2026-06-21T13:34:01Z,novelty-ws-thirty-user-lifecycle-completion,lifecycle
2026-06-21T13:34:01Z,novelty-ws-permissions-auth-locks,auth/locks
2026-06-21T13:34:01Z,novelty-ws-media-cross-entity-completion,async/media
2026-06-21T13:34:01Z,novelty-ws-many-user-lifecycle-completion,lifecycle
2026-06-21T13:34:01Z,novelty-ws-many-user-lifecycle,lifecycle
2026-06-21T13:38:23Z,novelty-ws-permissions-auth-locks,auth/locks
2026-06-21T13:38:26Z,novelty-ws-long-session-large-doc,lifecycle
2026-06-21T13:38:45Z,novelty-http-large-post-lifecycle,lifecycle
2026-06-21T13:38:45Z,novelty-http-title-reload-convergence,lifecycle
2026-06-21T13:38:45Z,novelty-http-same-user-stale-draft,lifecycle
2026-06-21T13:38:45Z,novelty-http-table-stale-snapshot,http
2026-06-21T13:38:45Z,novelty-http-existing-post-crdt-metadata,http
2026-06-21T13:38:45Z,novelty-http-persistence-probe,persistence
2026-06-21T13:38:45Z,novelty-ws-parser-serialization,parser
2026-06-21T13:38:45Z,novelty-ws-multi-reload-lifecycle,lifecycle
2026-06-21T13:38:45Z,novelty-ws-collaboration-ui-signals,other
2026-06-21T13:38:48Z,novelty-http-large-post-lifecycle-completion,lifecycle
2026-06-21T13:38:48Z,novelty-ws-thirty-user-lifecycle,lifecycle
2026-06-21T13:38:48Z,novelty-ws-thirty-user-lifecycle-completion,lifecycle
2026-06-21T13:38:48Z,novelty-ws-permissions-auth-locks,auth/locks
2026-06-21T13:38:48Z,novelty-ws-media-cross-entity-completion,async/media
2026-06-21T13:38:48Z,novelty-ws-many-user-lifecycle-completion,lifecycle
2026-06-21T13:38:48Z,novelty-ws-many-user-lifecycle,lifecycle
2026-06-21T13:43:16Z,novelty-ws-permissions-auth-locks,auth/locks
2026-06-21T13:43:18Z,novelty-ws-long-session-large-doc,lifecycle
2026-06-21T13:43:28Z,novelty-http-large-post-lifecycle,lifecycle
2026-06-21T13:43:28Z,novelty-http-title-reload-convergence,lifecycle
2026-06-21T13:43:28Z,novelty-http-same-user-stale-draft,lifecycle
2026-06-21T13:43:28Z,novelty-http-persistence-probe,persistence
2026-06-21T13:43:28Z,novelty-ws-parser-serialization,parser
2026-06-21T13:43:28Z,novelty-ws-multi-reload-lifecycle,lifecycle
2026-06-21T13:43:28Z,novelty-ws-collaboration-ui-signals,other
2026-06-21T13:43:28Z,novelty-ws-thirty-user-lifecycle,lifecycle
2026-06-21T13:43:28Z,novelty-ws-thirty-user-lifecycle-completion,lifecycle
2026-06-21T13:43:28Z,novelty-ws-permissions-auth-locks,auth/locks
2026-06-21T13:43:28Z,novelty-ws-media-cross-entity-completion,async/media
2026-06-21T13:43:28Z,novelty-ws-many-user-lifecycle-completion,lifecycle
2026-06-21T13:43:28Z,novelty-ws-many-user-lifecycle,lifecycle
2026-06-21T13:47:50Z,novelty-ws-permissions-auth-locks,auth/locks
2026-06-21T13:47:52Z,novelty-ws-long-session-large-doc,lifecycle
2026-06-21T13:48:08Z,novelty-http-large-post-lifecycle,lifecycle
2026-06-21T13:48:08Z,novelty-http-title-reload-convergence,lifecycle
2026-06-21T13:48:08Z,novelty-http-same-user-stale-draft,lifecycle
2026-06-21T13:48:08Z,novelty-http-persistence-probe,persistence
2026-06-21T13:48:08Z,novelty-ws-parser-serialization,parser
2026-06-21T13:48:08Z,novelty-ws-multi-reload-lifecycle,lifecycle
2026-06-21T13:48:08Z,novelty-ws-collaboration-ui-signals,other
2026-06-21T13:48:08Z,novelty-ws-thirty-user-lifecycle,lifecycle
2026-06-21T13:48:08Z,novelty-ws-thirty-user-lifecycle-completion,lifecycle
2026-06-21T13:48:08Z,novelty-ws-permissions-auth-locks,auth/locks
2026-06-21T13:48:08Z,novelty-ws-media-cross-entity-completion,async/media
2026-06-21T13:48:08Z,novelty-ws-many-user-lifecycle-completion,lifecycle
2026-06-21T13:48:08Z,novelty-ws-many-user-lifecycle,lifecycle
2026-06-21T13:53:06Z,novelty-ws-permissions-auth-locks,auth/locks
2026-06-21T13:53:09Z,novelty-ws-long-session-large-doc,lifecycle
2026-06-21T13:53:29Z,novelty-http-large-post-lifecycle,lifecycle
2026-06-21T13:53:29Z,novelty-http-title-reload-convergence,lifecycle
2026-06-21T13:53:29Z,novelty-http-same-user-stale-draft,lifecycle
2026-06-21T13:53:29Z,novelty-http-persistence-probe,persistence
2026-06-21T13:53:29Z,novelty-ws-parser-serialization,parser
2026-06-21T13:53:29Z,novelty-ws-multi-reload-lifecycle,lifecycle
2026-06-21T13:53:29Z,novelty-ws-collaboration-ui-signals,other
2026-06-21T13:53:29Z,novelty-http-large-post-lifecycle-completion,lifecycle
2026-06-21T13:53:29Z,novelty-ws-thirty-user-lifecycle,lifecycle
2026-06-21T13:53:29Z,novelty-ws-thirty-user-lifecycle-completion,lifecycle
2026-06-21T13:53:30Z,novelty-ws-many-user-lifecycle-completion,lifecycle
2026-06-21T13:53:30Z,novelty-ws-many-user-lifecycle,lifecycle
2026-06-21T13:58:26Z,novelty-http-large-post-lifecycle,lifecycle
2026-06-21T13:58:26Z,novelty-http-title-reload-convergence,lifecycle
2026-06-21T13:58:26Z,novelty-http-same-user-stale-draft,lifecycle
2026-06-21T13:58:26Z,novelty-http-persistence-probe,persistence
2026-06-21T13:58:26Z,novelty-ws-parser-serialization,parser
2026-06-21T13:58:26Z,novelty-ws-multi-reload-lifecycle,lifecycle
2026-06-21T13:58:26Z,novelty-ws-collaboration-ui-signals,other
2026-06-21T13:58:26Z,novelty-ws-thirty-user-lifecycle,lifecycle
2026-06-21T13:58:26Z,novelty-ws-thirty-user-lifecycle-completion,lifecycle
2026-06-21T13:58:27Z,novelty-ws-many-user-lifecycle-completion,lifecycle
2026-06-21T13:58:27Z,novelty-ws-many-user-lifecycle,lifecycle
2026-06-21T14:03:44Z,novelty-http-large-post-lifecycle,lifecycle
2026-06-21T14:03:44Z,novelty-http-persistence-probe,persistence
2026-06-21T14:03:44Z,novelty-ws-parser-serialization,parser
2026-06-21T14:03:44Z,novelty-ws-multi-reload-lifecycle,lifecycle
2026-06-21T14:03:44Z,novelty-ws-collaboration-ui-signals,other
2026-06-21T14:03:44Z,novelty-ws-thirty-user-lifecycle,lifecycle
2026-06-21T14:03:44Z,novelty-ws-thirty-user-lifecycle-completion,lifecycle
2026-06-21T14:03:44Z,novelty-ws-real-user-coverage-bridge,real-user
2026-06-21T14:03:44Z,novelty-ws-many-user-lifecycle-completion,lifecycle
2026-06-21T14:03:44Z,novelty-ws-many-user-lifecycle,lifecycle
2026-06-21T14:08:48Z,novelty-http-large-post-lifecycle,lifecycle
2026-06-21T14:08:48Z,novelty-http-title-reload-convergence,lifecycle
2026-06-21T14:08:48Z,novelty-http-same-user-stale-draft,lifecycle
2026-06-21T14:08:48Z,novelty-http-persistence-probe,persistence
2026-06-21T14:08:48Z,novelty-ws-parser-serialization,parser
2026-06-21T14:08:48Z,novelty-ws-multi-reload-lifecycle,lifecycle
2026-06-21T14:08:48Z,novelty-ws-collaboration-ui-signals,other
2026-06-21T14:08:48Z,novelty-ws-thirty-user-lifecycle,lifecycle
2026-06-21T14:08:48Z,novelty-ws-thirty-user-lifecycle-completion,lifecycle
2026-06-21T14:08:49Z,novelty-ws-many-user-lifecycle-completion,lifecycle
2026-06-21T14:08:49Z,novelty-ws-many-user-lifecycle,lifecycle
2026-06-21T14:13:55Z,novelty-http-large-post-lifecycle,lifecycle
2026-06-21T14:13:55Z,novelty-http-title-reload-convergence,lifecycle
2026-06-21T14:13:55Z,novelty-http-same-user-stale-draft,lifecycle
2026-06-21T14:13:55Z,novelty-http-persistence-probe,persistence
2026-06-21T14:13:55Z,novelty-ws-parser-serialization,parser
2026-06-21T14:13:55Z,novelty-ws-multi-reload-lifecycle,lifecycle
2026-06-21T14:13:55Z,novelty-ws-collaboration-ui-signals,other
2026-06-21T14:13:55Z,novelty-ws-thirty-user-lifecycle,lifecycle
2026-06-21T14:13:55Z,novelty-ws-thirty-user-lifecycle-completion,lifecycle
2026-06-21T14:13:55Z,novelty-ws-many-user-lifecycle-completion,lifecycle
2026-06-21T14:13:55Z,novelty-ws-many-user-lifecycle,lifecycle
2026-06-21T14:18:55Z,novelty-http-large-post-lifecycle,lifecycle
2026-06-21T14:18:55Z,novelty-http-title-reload-convergence,lifecycle
2026-06-21T14:18:55Z,novelty-http-same-user-stale-draft,lifecycle
2026-06-21T14:18:55Z,novelty-http-persistence-probe,persistence
2026-06-21T14:18:55Z,novelty-ws-parser-serialization,parser
2026-06-21T14:18:55Z,novelty-ws-multi-reload-lifecycle,lifecycle
2026-06-21T14:18:55Z,novelty-ws-collaboration-ui-signals,other
2026-06-21T14:18:55Z,novelty-ws-thirty-user-lifecycle,lifecycle
2026-06-21T14:18:55Z,novelty-ws-thirty-user-lifecycle-completion,lifecycle
2026-06-21T14:18:55Z,novelty-ws-many-user-lifecycle-completion,lifecycle
2026-06-21T14:18:55Z,novelty-ws-many-user-lifecycle,lifecycle
2026-06-21T14:23:46Z,novelty-http-large-post-lifecycle,lifecycle
2026-06-21T14:23:46Z,novelty-http-title-reload-convergence,lifecycle
2026-06-21T14:23:46Z,novelty-http-same-user-stale-draft,lifecycle
2026-06-21T14:23:46Z,novelty-http-persistence-probe,persistence
2026-06-21T14:23:46Z,novelty-ws-parser-serialization,parser
2026-06-21T14:23:46Z,novelty-ws-multi-reload-lifecycle,lifecycle
2026-06-21T14:23:46Z,novelty-ws-collaboration-ui-signals,other
2026-06-21T14:23:46Z,novelty-ws-thirty-user-lifecycle,lifecycle
2026-06-21T14:23:46Z,novelty-ws-thirty-user-lifecycle-completion,lifecycle
2026-06-21T14:23:46Z,novelty-ws-many-user-lifecycle-completion,lifecycle
2026-06-21T14:23:46Z,novelty-ws-many-user-lifecycle,lifecycle
2026-06-21T14:28:52Z,novelty-http-large-post-lifecycle,lifecycle
2026-06-21T14:28:52Z,novelty-http-title-reload-convergence,lifecycle
2026-06-21T14:28:52Z,novelty-http-same-user-stale-draft,lifecycle
2026-06-21T14:28:52Z,novelty-http-persistence-probe,persistence
2026-06-21T14:28:52Z,novelty-ws-parser-serialization,parser
2026-06-21T14:28:52Z,novelty-ws-multi-reload-lifecycle,lifecycle
2026-06-21T14:28:52Z,novelty-ws-collaboration-ui-signals,other
2026-06-21T14:28:52Z,novelty-ws-thirty-user-lifecycle,lifecycle
2026-06-21T14:28:52Z,novelty-ws-thirty-user-lifecycle-completion,lifecycle
2026-06-21T14:28:52Z,novelty-ws-many-user-lifecycle-completion,lifecycle
2026-06-21T14:28:52Z,novelty-ws-many-user-lifecycle,lifecycle
2026-06-21T14:33:59Z,novelty-http-large-post-lifecycle,lifecycle
2026-06-21T14:33:59Z,novelty-http-title-reload-convergence,lifecycle
2026-06-21T14:33:59Z,novelty-http-same-user-stale-draft,lifecycle
2026-06-21T14:33:59Z,novelty-http-table-stale-snapshot,http
2026-06-21T14:33:59Z,novelty-http-existing-post-crdt-metadata,http
2026-06-21T14:33:59Z,novelty-http-persistence-probe,persistence
2026-06-21T14:33:59Z,novelty-ws-parser-serialization,parser
2026-06-21T14:33:59Z,novelty-ws-multi-reload-lifecycle,lifecycle
2026-06-21T14:33:59Z,novelty-ws-collaboration-ui-signals,other
2026-06-21T14:33:59Z,novelty-http-large-post-lifecycle-completion,lifecycle
2026-06-21T14:33:59Z,novelty-ws-thirty-user-lifecycle,lifecycle
2026-06-21T14:33:59Z,novelty-ws-thirty-user-lifecycle-completion,lifecycle
2026-06-21T14:33:59Z,novelty-ws-many-user-lifecycle-completion,lifecycle
2026-06-21T14:33:59Z,novelty-ws-many-user-lifecycle,lifecycle
2026-06-21T14:38:54Z,novelty-ws-real-user-editing,real-user
2026-06-21T14:38:57Z,novelty-ws-revision-persistence,persistence
2026-06-21T14:38:57Z,novelty-ws-parser-serialization,parser
2026-06-21T14:38:57Z,novelty-ws-thirty-user-lifecycle,lifecycle
2026-06-21T14:38:57Z,novelty-ws-thirty-user-lifecycle-completion,lifecycle
2026-06-21T14:38:57Z,novelty-ws-real-user-editing,real-user
2026-06-21T14:38:57Z,novelty-ws-async-server-blocks,async/media
2026-06-21T14:38:57Z,novelty-ws-three-user-late-join,lifecycle
2026-06-21T14:38:57Z,novelty-http-table-stale-snapshot-completion,http
2026-06-21T14:38:57Z,novelty-ws-many-user-lifecycle-completion,lifecycle
2026-06-21T14:38:57Z,novelty-ws-many-user-lifecycle,lifecycle
2026-06-21T14:44:31Z,novelty-http-large-post-lifecycle,lifecycle
2026-06-21T14:44:31Z,novelty-http-title-reload-convergence,lifecycle
2026-06-21T14:44:31Z,novelty-http-same-user-stale-draft,lifecycle
2026-06-21T14:44:31Z,novelty-ws-parser-serialization,parser
2026-06-21T14:44:31Z,novelty-ws-multi-reload-lifecycle,lifecycle
2026-06-21T14:44:31Z,novelty-ws-collaboration-ui-signals,other
2026-06-21T14:44:31Z,novelty-http-persistence-probe,persistence
2026-06-21T14:44:31Z,novelty-ws-thirty-user-lifecycle,lifecycle
2026-06-21T14:44:31Z,novelty-ws-thirty-user-lifecycle-completion,lifecycle
2026-06-21T14:44:31Z,novelty-ws-real-user-coverage-bridge,real-user
2026-06-21T14:44:31Z,novelty-ws-many-user-lifecycle-completion,lifecycle
2026-06-21T14:44:31Z,novelty-ws-many-user-lifecycle,lifecycle
2026-06-21T14:49:54Z,novelty-http-large-post-lifecycle,lifecycle
2026-06-21T14:49:54Z,novelty-http-title-reload-convergence,lifecycle
2026-06-21T14:49:54Z,novelty-http-same-user-stale-draft,lifecycle
2026-06-21T14:49:54Z,novelty-ws-parser-serialization,parser
2026-06-21T14:49:54Z,novelty-ws-multi-reload-lifecycle,lifecycle
2026-06-21T14:49:54Z,novelty-ws-collaboration-ui-signals,other
2026-06-21T14:49:54Z,novelty-http-persistence-probe,persistence
2026-06-21T14:49:54Z,novelty-ws-thirty-user-lifecycle,lifecycle
2026-06-21T14:49:54Z,novelty-ws-thirty-user-lifecycle-completion,lifecycle
2026-06-21T14:49:54Z,novelty-ws-many-user-lifecycle-completion,lifecycle
2026-06-21T14:49:54Z,novelty-ws-many-user-lifecycle,lifecycle
2026-06-21T14:55:44Z,novelty-http-large-post-lifecycle,lifecycle
2026-06-21T14:55:44Z,novelty-http-title-reload-convergence,lifecycle
2026-06-21T14:55:44Z,novelty-http-same-user-stale-draft,lifecycle
2026-06-21T14:55:44Z,novelty-ws-parser-serialization,parser
2026-06-21T14:55:44Z,novelty-ws-multi-reload-lifecycle,lifecycle
2026-06-21T14:55:44Z,novelty-ws-collaboration-ui-signals,other
2026-06-21T14:55:44Z,novelty-http-persistence-probe,persistence
2026-06-21T14:55:44Z,novelty-ws-thirty-user-lifecycle,lifecycle
2026-06-21T14:55:44Z,novelty-ws-thirty-user-lifecycle-completion,lifecycle
2026-06-21T14:55:45Z,novelty-ws-many-user-lifecycle-completion,lifecycle
2026-06-21T14:55:45Z,novelty-ws-many-user-lifecycle,lifecycle
2026-06-21T15:01:04Z,novelty-ws-real-user-editing,real-user
2026-06-21T15:01:07Z,novelty-ws-revision-persistence,persistence
2026-06-21T15:01:07Z,novelty-ws-parser-serialization,parser
2026-06-21T15:01:07Z,novelty-ws-thirty-user-lifecycle,lifecycle
2026-06-21T15:01:07Z,novelty-ws-thirty-user-lifecycle-completion,lifecycle
2026-06-21T15:01:07Z,novelty-ws-real-user-editing,real-user
2026-06-21T15:01:07Z,novelty-ws-async-server-blocks,async/media
2026-06-21T15:01:07Z,novelty-ws-three-user-late-join,lifecycle
2026-06-21T15:01:07Z,novelty-http-table-stale-snapshot-completion,http
2026-06-21T15:01:08Z,novelty-ws-many-user-lifecycle-completion,lifecycle
2026-06-21T15:01:08Z,novelty-ws-many-user-lifecycle,lifecycle
2026-06-21T15:07:07Z,novelty-ws-multi-reload-lifecycle,lifecycle
2026-06-21T15:07:07Z,novelty-http-large-post-lifecycle,lifecycle
2026-06-21T15:07:07Z,novelty-http-title-reload-convergence,lifecycle
2026-06-21T15:07:07Z,novelty-http-same-user-stale-draft,lifecycle
2026-06-21T15:07:07Z,novelty-http-table-stale-snapshot,http
2026-06-21T15:07:07Z,novelty-ws-parser-serialization,parser
2026-06-21T15:07:07Z,novelty-ws-collaboration-ui-signals,other
2026-06-21T15:07:07Z,novelty-http-persistence-probe,persistence
2026-06-21T15:07:07Z,novelty-ws-thirty-user-lifecycle,lifecycle
2026-06-21T15:07:07Z,novelty-ws-thirty-user-lifecycle-completion,lifecycle
2026-06-21T15:07:08Z,novelty-ws-real-user-coverage-bridge,real-user
2026-06-21T15:07:08Z,novelty-ws-many-user-lifecycle-completion,lifecycle
2026-06-21T15:07:08Z,novelty-ws-many-user-lifecycle,lifecycle
2026-06-21T15:12:54Z,novelty-http-large-post-lifecycle,lifecycle
2026-06-21T15:12:54Z,novelty-http-title-reload-convergence,lifecycle
2026-06-21T15:12:54Z,novelty-http-same-user-stale-draft,lifecycle
2026-06-21T15:12:54Z,novelty-ws-parser-serialization,parser
2026-06-21T15:12:54Z,novelty-ws-collaboration-ui-signals,other
2026-06-21T15:12:54Z,novelty-http-persistence-probe,persistence
2026-06-21T15:12:54Z,novelty-ws-multi-reload-lifecycle,lifecycle
2026-06-21T15:12:54Z,novelty-ws-thirty-user-lifecycle,lifecycle
2026-06-21T15:12:54Z,novelty-ws-thirty-user-lifecycle-completion,lifecycle
2026-06-21T15:12:54Z,novelty-ws-many-user-lifecycle-completion,lifecycle
2026-06-21T15:12:54Z,novelty-ws-many-user-lifecycle,lifecycle
2026-06-21T15:18:41Z,novelty-http-large-post-lifecycle,lifecycle
2026-06-21T15:18:41Z,novelty-http-title-reload-convergence,lifecycle
2026-06-21T15:18:41Z,novelty-http-same-user-stale-draft,lifecycle
2026-06-21T15:18:41Z,novelty-ws-parser-serialization,parser
2026-06-21T15:18:41Z,novelty-ws-collaboration-ui-signals,other
2026-06-21T15:18:41Z,novelty-http-persistence-probe,persistence
2026-06-21T15:18:41Z,novelty-ws-multi-reload-lifecycle,lifecycle
2026-06-21T15:18:41Z,novelty-ws-thirty-user-lifecycle,lifecycle
2026-06-21T15:18:41Z,novelty-ws-thirty-user-lifecycle-completion,lifecycle
2026-06-21T15:18:42Z,novelty-ws-many-user-lifecycle-completion,lifecycle
2026-06-21T15:18:42Z,novelty-ws-many-user-lifecycle,lifecycle
2026-06-21T15:24:37Z,novelty-http-large-post-lifecycle,lifecycle
2026-06-21T15:24:37Z,novelty-http-title-reload-convergence,lifecycle
2026-06-21T15:24:37Z,novelty-http-same-user-stale-draft,lifecycle
2026-06-21T15:24:37Z,novelty-ws-parser-serialization,parser
2026-06-21T15:24:37Z,novelty-ws-collaboration-ui-signals,other
2026-06-21T15:24:37Z,novelty-http-persistence-probe,persistence
2026-06-21T15:24:37Z,novelty-ws-multi-reload-lifecycle,lifecycle
2026-06-21T15:24:37Z,novelty-ws-thirty-user-lifecycle,lifecycle
2026-06-21T15:24:37Z,novelty-ws-thirty-user-lifecycle-completion,lifecycle
2026-06-21T15:24:37Z,novelty-ws-many-user-lifecycle-completion,lifecycle
2026-06-21T15:24:37Z,novelty-ws-many-user-lifecycle,lifecycle
2026-06-21T15:30:16Z,novelty-ws-real-user-editing,real-user
2026-06-21T15:30:19Z,novelty-ws-revision-persistence,persistence
2026-06-21T15:30:19Z,novelty-ws-parser-serialization,parser
2026-06-21T15:30:19Z,novelty-ws-thirty-user-lifecycle,lifecycle
2026-06-21T15:30:19Z,novelty-ws-thirty-user-lifecycle-completion,lifecycle
2026-06-21T15:30:19Z,novelty-ws-real-user-editing,real-user
2026-06-21T15:30:19Z,novelty-ws-async-server-blocks,async/media
2026-06-21T15:30:19Z,novelty-ws-three-user-late-join,lifecycle
2026-06-21T15:30:19Z,novelty-http-table-stale-snapshot-completion,http
2026-06-21T15:30:20Z,novelty-ws-many-user-lifecycle-completion,lifecycle
2026-06-21T15:30:20Z,novelty-ws-many-user-lifecycle,lifecycle
2026-06-21T15:36:31Z,novelty-http-large-post-lifecycle,lifecycle
2026-06-21T15:36:31Z,novelty-http-title-reload-convergence,lifecycle
2026-06-21T15:36:31Z,novelty-http-same-user-stale-draft,lifecycle
2026-06-21T15:36:31Z,novelty-ws-parser-serialization,parser
2026-06-21T15:36:31Z,novelty-ws-collaboration-ui-signals,other
2026-06-21T15:36:31Z,novelty-http-persistence-probe,persistence
2026-06-21T15:36:31Z,novelty-ws-multi-reload-lifecycle,lifecycle
2026-06-21T15:36:31Z,novelty-ws-thirty-user-lifecycle,lifecycle
2026-06-21T15:36:31Z,novelty-ws-thirty-user-lifecycle-completion,lifecycle
2026-06-21T15:36:31Z,novelty-ws-real-user-coverage-bridge,real-user
2026-06-21T15:36:31Z,novelty-ws-many-user-lifecycle-completion,lifecycle
2026-06-21T15:36:31Z,novelty-ws-many-user-lifecycle,lifecycle
2026-06-21T15:42:42Z,novelty-http-large-post-lifecycle,lifecycle
2026-06-21T15:42:42Z,novelty-http-title-reload-convergence,lifecycle
2026-06-21T15:42:42Z,novelty-http-same-user-stale-draft,lifecycle
2026-06-21T15:42:42Z,novelty-ws-parser-serialization,parser
2026-06-21T15:42:42Z,novelty-ws-collaboration-ui-signals,other
2026-06-21T15:42:42Z,novelty-http-persistence-probe,persistence
2026-06-21T15:42:42Z,novelty-ws-multi-reload-lifecycle,lifecycle
2026-06-21T15:42:42Z,novelty-ws-thirty-user-lifecycle,lifecycle
2026-06-21T15:42:42Z,novelty-ws-thirty-user-lifecycle-completion,lifecycle
2026-06-21T15:42:43Z,novelty-ws-many-user-lifecycle-completion,lifecycle
2026-06-21T15:42:43Z,novelty-ws-many-user-lifecycle,lifecycle
2026-06-21T15:48:42Z,novelty-http-large-post-lifecycle,lifecycle
2026-06-21T15:48:42Z,novelty-http-title-reload-convergence,lifecycle
2026-06-21T15:48:42Z,novelty-http-same-user-stale-draft,lifecycle
2026-06-21T15:48:42Z,novelty-ws-parser-serialization,parser
2026-06-21T15:48:42Z,novelty-ws-collaboration-ui-signals,other
2026-06-21T15:48:43Z,novelty-http-persistence-probe,persistence
2026-06-21T15:48:43Z,novelty-ws-multi-reload-lifecycle,lifecycle
2026-06-21T15:48:43Z,novelty-ws-thirty-user-lifecycle,lifecycle
2026-06-21T15:48:43Z,novelty-ws-thirty-user-lifecycle-completion,lifecycle
2026-06-21T15:48:43Z,novelty-ws-many-user-lifecycle-completion,lifecycle
2026-06-21T15:48:43Z,novelty-ws-many-user-lifecycle,lifecycle
