feature,count,feature_category
profile:plain-editor-product-smoke,8,profile
transport:http,810,transport
transport-profile:http:plain-editor-product-smoke,8,transport
collaborator-mode:distinct-user,4405,collaborator
collaborator-role:editor,4103,collaborator
users:1,8,users
initial:freeform-parser-content,578,initial-content
step-count:1,9,step-count
depth:0,248,other
save-count:0,3007,save
autosave-count:0,4449,autosave
reload-count:0,3200,reload
revision-eligible:false,4107,revision
history:seed:invoke,4484,history
history:plain-editor-product-smoke:invoke,8,history
history:post-new-ui-reference-oracle:invoke,9,history
history:post-new-ui-reference-oracle:fail,1,history
history:plain-editor-product-smoke:fail,1,history
history:seed:fail,3993,history
operation-ledger-mode:off,9,operation-ledger
action:post-new-type-title,8,action
action:post-new-type-paragraph,8,action
action:post-new-save-draft-ui,8,action
action-pair:post-new-type-title->post-new-type-paragraph,8,action-pair
action-pair:post-new-type-paragraph->post-new-save-draft-ui,8,action-pair
history-label:post-new-ui-reference-oracle:post-new-type-title:invoke,8,history
history:post-new-ui-reference-oracle:ok,8,history
history-label:post-new-ui-reference-oracle:post-new-type-title:ok,8,history
history-label:post-new-ui-reference-oracle:post-new-type-paragraph:invoke,8,history
history-label:post-new-ui-reference-oracle:post-new-type-paragraph:ok,8,history
history-label:post-new-ui-reference-oracle:post-new-save-draft-ui:invoke,8,history
history-label:post-new-ui-reference-oracle:post-new-save-draft-ui:ok,8,history
history:plain-editor-product-smoke-reload:invoke,7,history
history:plain-editor-product-smoke-reload:ok,7,history
history:plain-editor-product-smoke-edit-url:invoke,7,history
history:plain-editor-product-smoke-edit-url:ok,7,history
history:plain-editor-product-smoke:ok,7,history
history:seed:ok,491,history
invariant:editor-runtime-error-screen:ok,8,invariant
invariant:editor-canvas-visible:ok,8,invariant
invariant:title-textbox-visible:ok,8,invariant
invariant:wordpress-critical-error-screen:ok,8,invariant
invariant:editable-surface-visible:ok,8,invariant
invariant:white-screen-error-text:ok,8,invariant
initial:base-2,377,initial-content
initial:html-entity-reference,686,initial-content
initial:deprecated-block-content,649,initial-content
initial:validation-fix-content,566,initial-content
initial:equivalent-html-content,559,initial-content
profile:session-lifecycle,155,profile
transport-profile:http:session-lifecycle,155,transport
soft-discovery-bootstrap:true,4039,other
users:3,676,users
initial:base-seeded,381,initial-content
step-count:10,2339,step-count
depth:1,1656,other
save-count:3,165,save
reload-count:3,308,reload
revision-eligible:true,377,revision
block:core/heading,3710,block
block:core/paragraph,4236,block
block:core/search,1137,block
action:edit-title,269,action
action:append-paragraph,1162,action
action:concurrent-paragraphs,749,action
action-pair:edit-title->append-paragraph,91,action-pair
action-pair:append-paragraph->edit-title,93,action-pair
action-pair:edit-title->concurrent-paragraphs,87,action-pair
action-pair:concurrent-paragraphs->edit-title,86,action-pair
fault:delay:delay,1891,fault
lifecycle:lifecycle-reload:users-2,429,lifecycle
lifecycle:late-join:users-3,676,lifecycle
history:create-post:ok,4475,history
history:action:invoke,3617,history
history-label:action:edit-title:invoke,269,history
history:action:ok,3545,history
history-label:action:edit-title:ok,269,history
history:convergence:ok,2513,history
history-label:action:append-paragraph:invoke,1162,history
history-label:action:append-paragraph:ok,1162,history
history:reload:invoke,1351,history
history:reload:ok,1284,history
history:fault:invoke,2641,history
history:save-checkpoint:invoke,1477,history
history:save-checkpoint:ok,1144,history
history-label:action:concurrent-paragraphs:invoke,749,history
history-label:action:concurrent-paragraphs:ok,749,history
history:late-join:invoke,754,history
history:late-join-batch:invoke,754,history
history:late-join-batch:ok,751,history
history:late-join:ok,743,history
history:final-convergence:ok,752,history
history:final-persistence-oracle:invoke,538,history
history:final-persistence-oracle:ok,284,history
history:revision-restore:invoke,498,history
history:revision-restore:ok,483,history
revision-restored:true,362,revision
invariant:editor-ui-usable:ok,854,invariant
invariant:no-post-lock-takeover-ui:ok,854,invariant
invariant:serialize-parse-current-blocks:ok,4235,invariant
invariant:unique-client-ids:ok,4235,invariant
invariant:non-empty-client-ids:ok,4235,invariant
invariant:inner-blocks-are-arrays:ok,4235,invariant
invariant:no-object-object-strings:ok,4235,invariant
invariant:unexpected-invalid-blocks:ok,2512,invariant
invariant:serialize-parse-roundtrip-stable:ok,4235,invariant
invariant:edited-content-matches-block-store:ok,4235,invariant
invariant:cross-page-exact-serialized-content:ok,4235,invariant
invariant:cross-page-canonical-serialized-content:ok,4235,invariant
invariant:cross-page-canonical-edited-content:ok,4235,invariant
invariant:cross-page-exact-edited-content:ok,4128,invariant
invariant:final-persistence-live-canonical-convergence:ok,284,invariant
invariant:final-persistence-canonical-content:ok,284,invariant
invariant:final-persistence-title:ok,284,invariant
invariant:final-persistence-crdt-document-present:ok,284,invariant
operation-ledger-mode:fail,782,operation-ledger
operation-ledger:active,2192,operation-ledger
operation-ledger-created:8,1056,operation-ledger
operation-ledger-live:3,566,operation-ledger
operation-ledger-missing:0,1748,operation-ledger
operation-event:witnessed:title,1222,operation-ledger
operation-event-action:witnessed:edit-title:title,254,operation-ledger
operation-event:assert-ok:any,2513,operation-ledger
operation-event:witnessed:content,2166,operation-ledger
operation-event-action:witnessed:append-paragraph:content,1101,operation-ledger
operation-event:retired:title,563,operation-ledger
operation-event-action:retired:edit-title:title,157,operation-ledger
operation-event-action:witnessed:save-checkpoint:content,1144,operation-ledger
operation-event-action:retired:save-checkpoint:title,554,operation-ledger
operation-event-action:witnessed:save-checkpoint:title,1144,operation-ledger
operation-event-action:witnessed:concurrent-paragraphs:content,726,operation-ledger
operation-event:invalidated:content,1234,operation-ledger
operation-event-action:invalidated:revision-restore:content,291,operation-ledger
operation-event:invalidated:title,362,operation-ledger
operation-event-action:invalidated:revision-restore:title,362,operation-ledger
operation-event-action:witnessed:revision-restore:content,362,operation-ledger
operation-event-action:witnessed:revision-restore:title,362,operation-ledger
invalid-blocks:0,2463,other
total-blocks:16,332,other
serialized-size-log2:11,1688,serialized-size
payload-size-profile:session-lifecycle:11,112,payload-size
payload-size-transport:http:11,295,payload-size
block-depth:core/heading:0,3648,block-depth
block-depth:core/paragraph:0,2234,block-depth
block-depth:core/search:0,1148,block-depth
cdp:9196f9494c77f39b,1,code coverage
collaborator-mode:same-user,79,collaborator
step-count:24,79,step-count
depth:2,2224,other
save-count:2,379,save
block:core/freeform,560,block
block:core/group,2076,block
block:core/table,794,block
action:insert-paragraph,505,action
action:edit-paragraph,599,action
action:insert-heading,693,action
action:edit-nested-paragraph,384,action
action:insert-nested-group,427,action
action:delete-block,569,action
action:edit-table-array-attributes,432,action
action:move-block,731,action
action-pair:insert-paragraph->edit-paragraph,54,action-pair
action-pair:edit-paragraph->insert-heading,44,action-pair
action-pair:insert-heading->edit-nested-paragraph,43,action-pair
action-pair:edit-nested-paragraph->append-paragraph,22,action-pair
action-pair:edit-title->insert-nested-group,21,action-pair
action-pair:insert-nested-group->delete-block,45,action-pair
action-pair:delete-block->insert-paragraph,53,action-pair
action-pair:insert-paragraph->edit-table-array-attributes,32,action-pair
action-pair:edit-table-array-attributes->insert-paragraph,40,action-pair
action-pair:edit-table-array-attributes->edit-title,16,action-pair
action-pair:edit-title->edit-table-array-attributes,11,action-pair
action-pair:edit-table-array-attributes->edit-paragraph,71,action-pair
action-pair:edit-paragraph->concurrent-paragraphs,46,action-pair
action-pair:concurrent-paragraphs->edit-paragraph,184,action-pair
action-pair:edit-paragraph->insert-paragraph,68,action-pair
action-pair:insert-paragraph->insert-heading,29,action-pair
action-pair:insert-heading->delete-block,22,action-pair
action-pair:delete-block->insert-heading,70,action-pair
action-pair:insert-heading->insert-nested-group,28,action-pair
action-pair:insert-nested-group->move-block,54,action-pair
action-pair:move-block->append-paragraph,53,action-pair
fault:fail:500,536,fault
fault:fail:429,605,fault
fault:fail:503,631,fault
lifecycle:lifecycle-reload:users-3,148,lifecycle
history-label:action:insert-paragraph:invoke,505,history
history-label:action:insert-paragraph:ok,505,history
history-label:action:edit-paragraph:invoke,599,history
history-label:action:edit-paragraph:ok,599,history
history-label:action:insert-heading:invoke,693,history
history-label:action:insert-heading:ok,693,history
history-label:action:edit-nested-paragraph:invoke,384,history
history-label:action:edit-nested-paragraph:ok,384,history
history-label:action:insert-nested-group:invoke,427,history
history-label:action:insert-nested-group:ok,427,history
history-label:action:delete-block:invoke,569,history
history-label:action:delete-block:ok,569,history
history-label:action:edit-table-array-attributes:invoke,432,history
history-label:action:edit-table-array-attributes:ok,432,history
history-label:action:move-block:invoke,731,history
history-label:action:move-block:ok,731,history
operation-event-action:witnessed:insert-paragraph:content,477,operation-ledger
operation-event-action:invalidated:edit-paragraph:content,471,operation-ledger
operation-event-action:witnessed:edit-paragraph:content,567,operation-ledger
operation-event-action:witnessed:insert-heading:content,643,operation-ledger
operation-event-action:invalidated:edit-nested-paragraph:content,193,operation-ledger
operation-event-action:witnessed:insert-nested-group:content,378,operation-ledger
operation-event-action:invalidated:delete-block:content,352,operation-ledger
operation-event-action:invalidated:edit-table-array-attributes:content,267,operation-ledger
operation-event-action:witnessed:edit-table-array-attributes:content,408,operation-ledger
total-blocks:26,52,other
block-depth:core/freeform:0,567,block-depth
block-depth:core/heading:1,563,block-depth
block-depth:core/group:0,2107,block-depth
block-depth:core/paragraph:1,2417,block-depth
block-depth:core/table:0,798,block-depth
profile:table-stale-snapshot-http,239,profile
transport-profile:http:table-stale-snapshot-http,239,transport
initial:base-1,91,initial-content
step-count:6,72,step-count
action:table-stale-snapshot-html,235,action
action-pair:table-stale-snapshot-html->append-paragraph,233,action-pair
action-pair:append-paragraph->table-stale-snapshot-html,233,action-pair
history-label:action:table-stale-snapshot-html:invoke,235,history
history:table-stale-snapshot:ok,235,history
history-label:table-stale-snapshot:html:ok,235,history
history-label:action:table-stale-snapshot-html:ok,235,history
operation-ledger-created:5,313,operation-ledger
operation-ledger-live:4,424,operation-ledger
operation-ledger-missing:1,374,operation-ledger
operation-event-action:witnessed:table-stale-snapshot-html:content,235,operation-ledger
operation-event:missing:content,444,operation-ledger
operation-event-action:missing:table-stale-snapshot-html:content,233,operation-ledger
operation-missing:table-stale-snapshot-html:content,233,operation-ledger
total-blocks:5,235,other
serialized-size-log2:9,908,serialized-size
payload-size-profile:table-stale-snapshot-http:9,175,payload-size
payload-size-transport:http:9,230,payload-size
cdp:5cef14350dd97624,1,code coverage
block:core/list,1603,block
block:core/list-item,1603,block
action-pair:append-paragraph->insert-heading,172,action-pair
action-pair:insert-heading->insert-paragraph,54,action-pair
action-pair:insert-paragraph->edit-title,14,action-pair
action-pair:edit-title->insert-paragraph,23,action-pair
action-pair:insert-paragraph->concurrent-paragraphs,35,action-pair
action-pair:concurrent-paragraphs->delete-block,43,action-pair
action-pair:delete-block->append-paragraph,58,action-pair
action-pair:insert-paragraph->insert-nested-group,46,action-pair
action-pair:insert-paragraph->append-paragraph,41,action-pair
action-pair:append-paragraph->edit-paragraph,60,action-pair
history:convergence:fail,1278,history
total-blocks:25,65,other
block-depth:core/list:0,1495,block-depth
block-depth:core/list-item:1,1495,block-depth
block-depth:core/quote:0,1944,block-depth
cdp:0e9e70839f3c54ae,1,code coverage
users:2,3493,users
reload-count:1,817,reload
block:core/quote,1915,block
total-blocks:12,134,other
serialized-size-log2:10,876,serialized-size
payload-size-profile:table-stale-snapshot-http:10,60,payload-size
payload-size-transport:http:10,181,payload-size
cdp:55a0de8fa2649536,1,code coverage
cdp:73bbdcd8c418e5b4,1,code coverage
initial:base-3,85,initial-content
cdp:7b8f0c0355e1e4e9,1,code coverage
profile:persistence-no-title,244,profile
transport-profile:http:persistence-no-title,244,transport
action-pair:insert-heading->concurrent-paragraphs,172,action-pair
action-pair:edit-paragraph->append-paragraph,172,action-pair
total-blocks:21,86,other
payload-size-profile:persistence-no-title:11,115,payload-size
cdp:ccaddf2a3d5ff90b,1,code coverage
cdp:10c0504844bdee3c,1,code coverage
initial:base-0,362,initial-content
cdp:8210c9f14a5b0ead,1,code coverage
cdp:2cf6e1eba25cbe56,1,code coverage
cdp:b33d5b27ae4e825e,1,code coverage
cdp:e36801c5a703faef,1,code coverage
cdp:54385a1e459740bd,1,code coverage
step-count:8,6,step-count
action-pair:insert-heading->append-paragraph,81,action-pair
action-pair:append-paragraph->concurrent-paragraphs,32,action-pair
action-pair:concurrent-paragraphs->insert-paragraph,41,action-pair
total-blocks:14,139,other
cdp:b1789067608ba82a,1,code coverage
cdp:95787b606de82349,1,code coverage
action-pair:append-paragraph->edit-table-array-attributes,47,action-pair
action-pair:edit-table-array-attributes->move-block,53,action-pair
action-pair:move-block->insert-paragraph,48,action-pair
action-pair:concurrent-paragraphs->concurrent-paragraphs,33,action-pair
operation-ledger-live:8,202,operation-ledger
total-blocks:19,87,other
cdp:4a9e9e44a09ce986,1,code coverage
cdp:a637d2fb5ba1eacf,1,code coverage
cdp:fd1825ee15f14d63,1,code coverage
cdp:446568169df8511c,1,code coverage
cdp:6725ee5f4344e52c,1,code coverage
cdp:694222b7676e4675,1,code coverage
cdp:6ef05b4d7c373b47,1,code coverage
cdp:9e5140e763fcdb6a,1,code coverage
cdp:09f211dad0bb019e,1,code coverage
cdp:ee795b238134b1cb,1,code coverage
cdp:24213245b0076b9e,1,code coverage
cdp:8aad65d5d6cfae99,1,code coverage
cdp:c52bc90a89f6bd4c,1,code coverage
cdp:73c545649fcf96c1,1,code coverage
cdp:16fa5a9c660766ba,1,code coverage
cdp:93ee58d1486bec14,1,code coverage
cdp:f29bfc3c315749d4,1,code coverage
cdp:550da1c7123b919c,1,code coverage
cdp:87159525c0feafef,1,code coverage
cdp:83adb52025fdaab5,1,code coverage
cdp:d954e37968bb9a07,1,code coverage
cdp:e9a8cdcda02afc56,1,code coverage
cdp:95af2045069734d2,1,code coverage
cdp:85f76900db6b0d89,1,code coverage
profile:collaboration-ui-signals,203,profile
transport:ws,3674,transport
transport-profile:ws:collaboration-ui-signals,203,transport
save-count:1,933,save
reload-count:2,159,reload
action:assert-presence-list,176,action
action:ui-type-paragraph,150,action
action:assert-selection-cursor,206,action
action:ui-format-paragraph,126,action
action:late-join-post-action,213,action
action:ui-undo-redo-paragraph,291,action
action-pair:assert-presence-list->ui-type-paragraph,118,action-pair
action-pair:ui-type-paragraph->assert-selection-cursor,118,action-pair
action-pair:assert-selection-cursor->ui-format-paragraph,118,action-pair
action-pair:ui-format-paragraph->assert-selection-cursor,119,action-pair
action-pair:assert-selection-cursor->concurrent-paragraphs,121,action-pair
action-pair:concurrent-paragraphs->append-paragraph,174,action-pair
action-pair:append-paragraph->late-join-post-action,130,action-pair
action-pair:late-join-post-action->assert-presence-list,122,action-pair
action-pair:assert-presence-list->ui-undo-redo-paragraph,117,action-pair
action-pair:ui-undo-redo-paragraph->assert-presence-list,117,action-pair
lifecycle:late-join-post-action:users-3,200,lifecycle
history-label:action:assert-presence-list:invoke,176,history
history:presence-list:ok,169,history
history-label:action:assert-presence-list:ok,169,history
history-label:action:ui-type-paragraph:invoke,150,history
history-label:action:ui-type-paragraph:ok,150,history
history-label:action:assert-selection-cursor:invoke,206,history
history:remote-selection-cursor:ok,177,history
history-label:action:assert-selection-cursor:ok,160,history
history-label:action:ui-format-paragraph:invoke,126,history
history-label:action:ui-format-paragraph:ok,126,history
history-label:action:late-join-post-action:invoke,213,history
history-label:action:late-join-post-action:ok,213,history
history-label:action:ui-undo-redo-paragraph:invoke,291,history
history-label:action:ui-undo-redo-paragraph:ok,291,history
operation-ledger-mode:shadow,3693,operation-ledger
operation-event-action:witnessed:ui-type-paragraph:content,144,operation-ledger
operation-event-action:witnessed:assert-selection-cursor:content,160,operation-ledger
operation-event-action:witnessed:ui-format-paragraph:content,125,operation-ledger
operation-event-action:witnessed:late-join-post-action:content,208,operation-ledger
operation-event-action:witnessed:ui-undo-redo-paragraph:content,285,operation-ledger
payload-size-profile:collaboration-ui-signals:10,105,payload-size
payload-size-transport:ws:10,695,payload-size
cdp:2b049a558e7f80a7,1,code coverage
history:action:fail,106,history
history-label:action:assert-presence-list:fail,7,history
total-blocks:10,436,other
payload-size-profile:collaboration-ui-signals:9,28,payload-size
payload-size-transport:ws:9,678,payload-size
cdp:ae8ca23c174949dd,1,code coverage
cdp:8e62e8896bca5fe5,1,code coverage
cdp:8eeea8dc943a7287,1,code coverage
cdp:d1a9aa1f71b50e7f,1,code coverage
payload-size-profile:collaboration-ui-signals:11,56,payload-size
payload-size-transport:ws:11,1393,payload-size
cdp:ba80da008b523875,1,code coverage
cdp:82d19918ac2db2dd,1,code coverage
cdp:b7d4801e5662bc76,1,code coverage
cdp:de456daef5e39eb0,1,code coverage
cdp:c1509eb28361c94d,1,code coverage
cdp:fb0c527e2d95cfc7,1,code coverage
cdp:056f360bd980a6bd,1,code coverage
cdp:fe46e766d2f0f072,1,code coverage
cdp:a9a99fd4d7c6adc7,1,code coverage
cdp:7cb978a2fda3a8ae,1,code coverage
profile:large-post-three-user-http-lifecycle,24,profile
transport-profile:http:large-post-three-user-http-lifecycle,24,transport
step-count:12,519,step-count
real-user-template:body-save-reload,17,real-user
real-user-template:title-save-reload,10,real-user
real-user-action-sequence:ui-type-paragraph>late-join-post-action>ui-type-title>append-paragraph>insert-heading>concurrent-paragraphs,1,real-user
action:ui-type-title,24,action
action-pair:ui-type-paragraph->late-join-post-action,9,action-pair
action-pair:late-join-post-action->ui-type-title,7,action-pair
action-pair:ui-type-title->append-paragraph,6,action-pair
action-pair:concurrent-paragraphs->ui-type-paragraph,2,action-pair
action-pair:ui-type-paragraph->ui-type-title,5,action-pair
history-label:action:ui-type-title:invoke,24,history
history-label:action:ui-type-title:ok,24,history
history:final-ui-witness-sweep:invoke,8,history
history:final-ui-witness-sweep:ok,8,history
history:final-persistence-publish:invoke,2,history
history:publish-ui-readiness:invoke,2,history
history:publish-ui-readiness:ok,2,history
history:final-persistence-publish:ok,2,history
operation-event-action:witnessed:ui-type-title:title,23,operation-ledger
operation-event-action:retired:ui-type-title:title,5,operation-ledger
operation-event-action:witnessed:final-ui-witness-sweep:content,8,operation-ledger
total-blocks:119,1,other
large-document:blocks-50,38,large-document
large-document:blocks-100,36,large-document
serialized-size-log2:13,7,serialized-size
payload-size-profile:large-post-three-user-http-lifecycle:13,1,payload-size
payload-size-transport:http:13,4,payload-size
cdp:00543cb6e84695e9,1,code coverage
cdp:c78ec6dcd30f72c5,1,code coverage
cdp:96afe9230efbe62d,1,code coverage
cdp:777f730fea521cc0,1,code coverage
cdp:c4f1e72e2eeab483,1,code coverage
cdp:f8193ff7e4a94a80,1,code coverage
history:late-join-batch:fail,10,history
operation-ledger-created:2,208,operation-ledger
operation-ledger-live:2,292,operation-ledger
total-blocks:4,268,other
cdp:3ec57251b3e30266,1,code coverage
cdp:2b41621c97f63968,1,code coverage
cdp:7523e84b4013bc17,1,code coverage
cdp:9451c79dc0f1c831,1,code coverage
cdp:b64b08c684c7d5e1,1,code coverage
cdp:02e68902362a9293,1,code coverage
cdp:d20ae2b9e972e3be,1,code coverage
cdp:f74791f16cccba1b,1,code coverage
cdp:41cd83f459e49551,1,code coverage
cdp:09089a2e63032737,1,code coverage
cdp:dfc35bd3e251be34,1,code coverage
cdp:ffb5203f4fb581ab,1,code coverage
cdp:fada84f1e9f6fa5a,1,code coverage
cdp:ccf5af1b282dabea,1,code coverage
total-blocks:23,272,other
cdp:20181e0e8b030c20,1,code coverage
operation-ledger-created:1,290,operation-ledger
operation-ledger-live:1,412,operation-ledger
total-blocks:3,117,other
serialized-size-log2:8,386,serialized-size
payload-size-profile:session-lifecycle:8,7,payload-size
payload-size-transport:http:8,9,payload-size
cdp:15b3d292883df20d,1,code coverage
cdp:8c3d039e506d4736,1,code coverage
cdp:1eec8bd969f11517,1,code coverage
cdp:5899841e30e2307d,1,code coverage
cdp:a35e9da96dde3fca,1,code coverage
cdp:4e437fa11bcd16e4,1,code coverage
cdp:1712982a2969636e,1,code coverage
cdp:82da4df26a57b729,1,code coverage
total-blocks:18,58,other
cdp:4bad065e1ed6d352,1,code coverage
cdp:23a2aa51cd9acaa1,1,code coverage
cdp:171707a1f4fadd38,1,code coverage
cdp:23928a494aa512cd,1,code coverage
cdp:8c1f5ec372700525,1,code coverage
cdp:10f839168122cd67,1,code coverage
cdp:06a39924c86eebb7,1,code coverage
cdp:342b5866b6a2aec3,1,code coverage
cdp:0ff3a655b58ab5ba,1,code coverage
cdp:1082566711f72ce2,1,code coverage
cdp:acf94860ec05ac7e,1,code coverage
history:save-checkpoint:fail,349,history
total-blocks:11,138,other
payload-size-profile:persistence-no-title:10,84,payload-size
cdp:7625eecc9c0780a2,1,code coverage
cdp:02554ab06c859b02,1,code coverage
cdp:8b3ffe9e1f85c4a6,1,code coverage
cdp:a7f0ae9a95abf149,1,code coverage
cdp:ab35e13da7f90b9a,1,code coverage
cdp:78faf83b601d3d38,1,code coverage
cdp:103496765f401857,1,code coverage
cdp:288b77f6fca59704,1,code coverage
total-blocks:17,110,other
cdp:177299712ebeeb57,1,code coverage
cdp:ec8df7e160fa224b,1,code coverage
cdp:bf79f8d7ef9a192b,1,code coverage
cdp:ea365ba0f34cf6d9,1,code coverage
cdp:de6f7c88818e78f8,1,code coverage
cdp:5791aeb750352cde,1,code coverage
cdp:b1346b94a6f17e7f,1,code coverage
cdp:4da9b06577b9330a,1,code coverage
cdp:c6c15e4187a60cf6,1,code coverage
cdp:462f4125ad598984,1,code coverage
total-blocks:20,69,other
cdp:f1f2352bb1eee63c,1,code coverage
history:reload:fail,88,history
operation-ledger-live:6,45,operation-ledger
total-blocks:15,192,other
payload-size-profile:session-lifecycle:10,5,payload-size
cdp:78e24822442ab483,1,code coverage
cdp:4ee9ccceee02d2b3,1,code coverage
cdp:2062ac66af430bb4,1,code coverage
cdp:bf2e876dc9e116d8,1,code coverage
cdp:8298f5f4ad46d119,1,code coverage
cdp:34604596f504b084,1,code coverage
cdp:7756ef45a2958628,1,code coverage
cdp:aa17f2dd06dccf08,1,code coverage
cdp:c7721307d084f9d5,1,code coverage
cdp:4f4a0eee1baa73e1,1,code coverage
cdp:ae55c1781436857e,1,code coverage
action-pair:edit-paragraph->edit-nested-paragraph,33,action-pair
action-pair:edit-paragraph->insert-nested-group,36,action-pair
action-pair:insert-nested-group->edit-title,18,action-pair
action-pair:insert-nested-group->edit-paragraph,45,action-pair
action-pair:edit-paragraph->edit-table-array-attributes,62,action-pair
action-pair:edit-table-array-attributes->edit-nested-paragraph,24,action-pair
total-blocks:33,17,other
serialized-size-log2:12,337,serialized-size
payload-size-profile:session-lifecycle:12,29,payload-size
payload-size-transport:http:12,47,payload-size
action-pair:delete-block->move-block,64,action-pair
action-pair:move-block->edit-paragraph,56,action-pair
invariant:unexpected-invalid-blocks:observed,1770,invariant
invariant-signal:unexpected-invalid-blocks,1772,invariant
operation-ledger-live:0,117,operation-ledger
operation-event-action:missing:edit-paragraph:content,8,operation-ledger
operation-missing:edit-paragraph:content,8,operation-ledger
invalid-blocks:3,620,other
total-blocks:7,86,other
cdp:78a6c85e1c4c21fc,1,code coverage
cdp:d5f9ecf1904992a0,1,code coverage
cdp:116558298a64ef2c,1,code coverage
cdp:f506b3c2010a83d2,1,code coverage
cdp:25537a98fc3b7622,1,code coverage
cdp:23735db1c8aeac4e,1,code coverage
block:core/button,676,block
block:core/buttons,676,block
block:core/image,1745,block
block:core/separator,1171,block
block:core/spacer,607,block
block:core/verse,650,block
action-pair:insert-nested-group->edit-table-array-attributes,17,action-pair
action-pair:move-block->edit-table-array-attributes,56,action-pair
action-pair:edit-table-array-attributes->concurrent-paragraphs,32,action-pair
action-pair:concurrent-paragraphs->insert-heading,23,action-pair
action-pair:insert-heading->insert-heading,75,action-pair
action-pair:insert-heading->move-block,28,action-pair
action-pair:move-block->insert-heading,78,action-pair
action-pair:append-paragraph->delete-block,52,action-pair
action-pair:append-paragraph->insert-nested-group,54,action-pair
action-pair:insert-nested-group->insert-heading,27,action-pair
action-pair:insert-heading->edit-title,25,action-pair
action-pair:edit-nested-paragraph->insert-nested-group,27,action-pair
action-pair:insert-nested-group->insert-paragraph,24,action-pair
invalid-blocks:2,607,other
total-blocks:45,4,other
block-depth:core/separator:0,1179,block-depth
block-depth:core/spacer:0,614,block-depth
block-depth:core/verse:0,656,block-depth
block-depth:core/image:0,1750,block-depth
block-depth:core/buttons:0,684,block-depth
block-depth:core/button:1,684,block-depth
total-blocks:24,66,other
cdp:f830131bde9b5188,1,code coverage
cdp:d033d66a2c173ca0,1,code coverage
cdp:ff4df679ce1b8ee1,1,code coverage
action-pair:delete-block->edit-paragraph,52,action-pair
cdp:6dd6e1d3de81f1db,1,code coverage
cdp:f5fa045f810f2482,1,code coverage
cdp:45b4c807e6c53120,1,code coverage
total-blocks:27,33,other
cdp:593cbf8af860230c,1,code coverage
action-pair:insert-heading->edit-table-array-attributes,44,action-pair
action-pair:edit-title->edit-nested-paragraph,7,action-pair
action-pair:append-paragraph->append-paragraph,62,action-pair
action-pair:append-paragraph->move-block,61,action-pair
action-pair:move-block->delete-block,45,action-pair
action-pair:edit-nested-paragraph->insert-heading,27,action-pair
action-pair:edit-nested-paragraph->delete-block,32,action-pair
action-pair:delete-block->concurrent-paragraphs,49,action-pair
invalid-blocks:1,535,other
total-blocks:32,19,other
cdp:72796231dfb5d13d,1,code coverage
cdp:0e81245ff1e3b05f,1,code coverage
cdp:8a70d0cecfbd793e,1,code coverage
cdp:7ea10c2870fb8e0f,1,code coverage
cdp:515f0053c9acd167,1,code coverage
cdp:2622b5ad1e248e14,1,code coverage
cdp:be41a90ff0a55f8d,1,code coverage
action-pair:edit-table-array-attributes->edit-table-array-attributes,39,action-pair
action-pair:edit-nested-paragraph->edit-title,19,action-pair
action-pair:insert-nested-group->insert-nested-group,34,action-pair
action-pair:edit-table-array-attributes->append-paragraph,52,action-pair
action-pair:edit-title->edit-title,19,action-pair
action-pair:edit-title->edit-paragraph,16,action-pair
action-pair:insert-paragraph->delete-block,71,action-pair
action-pair:delete-block->insert-nested-group,44,action-pair
action-pair:move-block->concurrent-paragraphs,15,action-pair
cdp:71bc20de032d2a0d,1,code coverage
cdp:d674a0c452df22ce,1,code coverage
cdp:2d4e84782b4768d3,1,code coverage
action-pair:edit-paragraph->edit-paragraph,35,action-pair
action-pair:concurrent-paragraphs->move-block,47,action-pair
action-pair:insert-paragraph->edit-nested-paragraph,11,action-pair
action-pair:edit-nested-paragraph->move-block,49,action-pair
action-pair:edit-paragraph->move-block,44,action-pair
action-pair:move-block->edit-title,21,action-pair
action-pair:insert-nested-group->edit-nested-paragraph,26,action-pair
action-pair:edit-nested-paragraph->concurrent-paragraphs,34,action-pair
action-pair:delete-block->edit-table-array-attributes,28,action-pair
cdp:dd360b0fd7178544,1,code coverage
cdp:532abefabc781273,1,code coverage
cdp:b7e215c1a24956ec,1,code coverage
cdp:f7ba0f0d48461355,1,code coverage
cdp:f983a41be960badf,1,code coverage
action-pair:append-paragraph->edit-nested-paragraph,23,action-pair
action-pair:move-block->edit-nested-paragraph,27,action-pair
action-pair:edit-nested-paragraph->edit-table-array-attributes,30,action-pair
cdp:bde2b334fe0ade76,1,code coverage
cdp:4de054670631e3e9,1,code coverage
cdp:63936ccafa3ee788,1,code coverage
action-pair:delete-block->delete-block,51,action-pair
action-pair:insert-nested-group->append-paragraph,44,action-pair
action-pair:edit-nested-paragraph->edit-paragraph,7,action-pair
action-pair:edit-paragraph->delete-block,79,action-pair
total-blocks:40,19,other
cdp:b235bb8422d29176,1,code coverage
cdp:31a797e6fe23c36d,1,code coverage
cdp:f4460b39af3b19b7,1,code coverage
cdp:0e37547bdce76bf0,1,code coverage
cdp:0d627f8b1016e985,1,code coverage
cdp:525e5c9f011ee0a7,1,code coverage
cdp:ea0b0b9981f905f9,1,code coverage
cdp:a98add17721addcd,1,code coverage
cdp:8f016b0355dd4aa2,1,code coverage
cdp:fdb0326516470e8f,1,code coverage
action-pair:concurrent-paragraphs->edit-nested-paragraph,19,action-pair
action-pair:edit-table-array-attributes->delete-block,25,action-pair
action-pair:insert-heading->edit-paragraph,65,action-pair
cdp:b2d1b2ca5212fa62,1,code coverage
cdp:bb660ee4f17cc312,1,code coverage
action-pair:move-block->insert-nested-group,38,action-pair
action-pair:insert-paragraph->insert-paragraph,40,action-pair
total-blocks:30,40,other
cdp:5985657df6e80725,1,code coverage
cdp:7289dc6093d4f03a,1,code coverage
cdp:78dd2393a4b7b457,1,code coverage
cdp:6823d4355733d64b,1,code coverage
cdp:d4b8cc68128c1b3a,1,code coverage
cdp:1a3845f8fdbe8922,1,code coverage
action-pair:move-block->move-block,95,action-pair
action-pair:edit-table-array-attributes->insert-heading,47,action-pair
action-pair:edit-title->delete-block,17,action-pair
action-pair:delete-block->edit-title,8,action-pair
total-blocks:31,14,other
cdp:9fd0211063d08f69,1,code coverage
cdp:ab9e7f54c8e101a9,1,code coverage
cdp:7cc5f654f00c9af0,1,code coverage
cdp:2ee41bb2b4d35bb6,1,code coverage
profile:parser-serialization,464,profile
transport-profile:ws:parser-serialization,464,transport
step-count:9,173,step-count
block:core/code,103,block
action:insert-common-block,325,action
action:reparse-edited-content,160,action
action-pair:insert-common-block->reparse-edited-content,8,action-pair
history-label:action:insert-common-block:invoke,325,history
history-label:action:insert-common-block:ok,325,history
history-label:action:reparse-edited-content:invoke,160,history
history-label:action:reparse-edited-content:ok,160,history
payload-size-profile:parser-serialization:11,196,payload-size
block-depth:core/code:0,103,block-depth
cdp:4b34cb773c56f8de,1,code coverage
cdp:b3b772daa656cda9,1,code coverage
action-pair:insert-paragraph->move-block,48,action-pair
action-pair:concurrent-paragraphs->edit-table-array-attributes,25,action-pair
action-pair:edit-table-array-attributes->insert-nested-group,17,action-pair
cdp:ccfe35f49a48d307,1,code coverage
cdp:6a3b0932c05e5d20,1,code coverage
cdp:7c027a2bae8ebf87,1,code coverage
cdp:b9a5721cad22195f,1,code coverage
action:insert-block-gauntlet-block,204,action
action:assert-selection-cursor-smoke,86,action
action:edit-formatted-paragraph-at-cursor,91,action
action:append-parser-stress-content,194,action
action-pair:edit-title->insert-block-gauntlet-block,9,action-pair
action-pair:insert-block-gauntlet-block->assert-selection-cursor-smoke,2,action-pair
action-pair:assert-selection-cursor-smoke->edit-nested-paragraph,2,action-pair
action-pair:edit-nested-paragraph->edit-formatted-paragraph-at-cursor,4,action-pair
action-pair:edit-formatted-paragraph-at-cursor->append-parser-stress-content,9,action-pair
action-pair:append-parser-stress-content->append-parser-stress-content,9,action-pair
action-pair:append-parser-stress-content->insert-paragraph,7,action-pair
history-label:action:insert-block-gauntlet-block:invoke,204,history
history-label:action:insert-block-gauntlet-block:ok,204,history
history-label:action:assert-selection-cursor-smoke:invoke,86,history
history-label:action:assert-selection-cursor-smoke:ok,34,history
history-label:action:edit-formatted-paragraph-at-cursor:invoke,91,history
history-label:action:edit-formatted-paragraph-at-cursor:ok,91,history
history-label:action:append-parser-stress-content:invoke,194,history
history-label:action:append-parser-stress-content:ok,194,history
operation-event-action:witnessed:assert-selection-cursor-smoke:content,34,operation-ledger
operation-event-action:invalidated:edit-formatted-paragraph-at-cursor:content,34,operation-ledger
operation-event-action:invalidated:append-parser-stress-content:content,38,operation-ledger
total-blocks:35,9,other
payload-size-profile:parser-serialization:12,30,payload-size
payload-size-transport:ws:12,290,payload-size
cdp:e48a55452d13b78e,1,code coverage
payload-size-profile:parser-serialization:8,58,payload-size
payload-size-transport:ws:8,377,payload-size
cdp:d6d346db90f7649d,1,code coverage
cdp:2529eb2c61b38203,1,code coverage
action-pair:delete-block->edit-nested-paragraph,41,action-pair
action-pair:edit-nested-paragraph->edit-nested-paragraph,30,action-pair
action-pair:edit-title->move-block,9,action-pair
cdp:48c54da7301791eb,1,code coverage
action:delete-nested-block,319,action
action-pair:concurrent-paragraphs->append-parser-stress-content,3,action-pair
action-pair:append-parser-stress-content->reparse-edited-content,6,action-pair
action-pair:reparse-edited-content->edit-formatted-paragraph-at-cursor,4,action-pair
action-pair:edit-formatted-paragraph-at-cursor->edit-nested-paragraph,6,action-pair
action-pair:edit-nested-paragraph->delete-nested-block,22,action-pair
action-pair:delete-nested-block->insert-block-gauntlet-block,8,action-pair
history-label:action:delete-nested-block:invoke,319,history
history-label:action:delete-nested-block:ok,319,history
total-blocks:22,71,other
cdp:8d09988984b15e17,1,code coverage
operation-ledger-live:5,91,operation-ledger
cdp:611bbcab04035c9b,1,code coverage
cdp:21ae1be8ff37e802,1,code coverage
block:core/details,19,block
action:edit-block-gauntlet-attributes,376,action
action:insert-media-cross-entity-block,41,action
action-pair:assert-selection-cursor->append-paragraph,6,action-pair
action-pair:append-paragraph->insert-block-gauntlet-block,9,action-pair
action-pair:insert-block-gauntlet-block->edit-paragraph,5,action-pair
action-pair:edit-paragraph->edit-block-gauntlet-attributes,6,action-pair
action-pair:edit-block-gauntlet-attributes->insert-media-cross-entity-block,4,action-pair
action-pair:insert-media-cross-entity-block->reparse-edited-content,4,action-pair
history-label:action:edit-block-gauntlet-attributes:invoke,376,history
history-label:action:edit-block-gauntlet-attributes:ok,376,history
history-label:action:insert-media-cross-entity-block:invoke,41,history
history:media-cross-entity:ok,41,history
history-label:media-cross-entity:media-upload:ok,41,history
media-cross-entity:media-upload,41,media/cross-entity
history-label:media-cross-entity:insert-blocks:ok,41,history
media-cross-entity:insert-blocks,41,media/cross-entity
media-cross-entity-block:core/image,17,media/cross-entity
history-label:media-cross-entity:reusable-block:ok,41,history
media-cross-entity:reusable-block,41,media/cross-entity
history-label:action:insert-media-cross-entity-block:ok,41,history
operation-ledger-created:4,110,operation-ledger
operation-event-action:invalidated:edit-block-gauntlet-attributes:content,159,operation-ledger
operation-event-action:witnessed:insert-media-cross-entity-block:content,33,operation-ledger
operation-event-action:invalidated:reparse-edited-content:content,44,operation-ledger
total-blocks:8,181,other
payload-size-profile:parser-serialization:10,89,payload-size
block-depth:core/details:0,19,block-depth
cdp:0c7e4a1d692c59f9,1,code coverage
cdp:d38d54c0df73c09e,1,code coverage
cdp:ab7a24de1bd78b24,1,code coverage
cdp:4e287c20b6b4d7f1,1,code coverage
action:move-list-item,43,action
action-pair:move-list-item->edit-block-gauntlet-attributes,3,action-pair
action-pair:edit-block-gauntlet-attributes->concurrent-paragraphs,8,action-pair
action-pair:concurrent-paragraphs->move-list-item,2,action-pair
action-pair:move-list-item->delete-block,2,action-pair
action-pair:delete-block->move-list-item,4,action-pair
action-pair:move-list-item->delete-nested-block,2,action-pair
action-pair:delete-nested-block->move-list-item,2,action-pair
action-pair:move-list-item->move-list-item,4,action-pair
history-label:action:move-list-item:invoke,43,history
history:list-item-move:observed,28,history
history-label:list-item-move:move-list-item:observed,28,history
history-label:action:move-list-item:ok,43,history
cdp:d624f1f7084aa935,1,code coverage
total-blocks:6,464,other
payload-size-profile:parser-serialization:9,71,payload-size
cdp:95e5342b3b0bf501,1,code coverage
cdp:6d744a663510f557,1,code coverage
cdp:797909b630e679e5,1,code coverage
cdp:5dc979d1247e08e7,1,code coverage
cdp:5c11d63e14f1aaa6,1,code coverage
block:core/block,162,block
action:insert-async-server-block,535,action
action-pair:insert-nested-group->assert-selection-cursor,7,action-pair
action-pair:assert-selection-cursor->insert-heading,3,action-pair
action-pair:insert-heading->insert-async-server-block,30,action-pair
action-pair:insert-async-server-block->concurrent-paragraphs,28,action-pair
action-pair:concurrent-paragraphs->edit-block-gauntlet-attributes,6,action-pair
action-pair:edit-block-gauntlet-attributes->edit-title,3,action-pair
history-label:action:insert-async-server-block:invoke,535,history
history-label:action:insert-async-server-block:ok,535,history
operation-event-action:missing:insert-async-server-block:content,169,operation-ledger
operation-missing:insert-async-server-block:content,169,operation-ledger
block-depth:core/block:0,163,block-depth
cdp:4b5cf15430e6b579,1,code coverage
cdp:e1d043379f3cc19c,1,code coverage
total-blocks:28,30,other
cdp:86129aa450190797,1,code coverage
cdp:9bd6d675d657052f,1,code coverage
cdp:5cd5a27f933a88d6,1,code coverage
block:core/pullquote,72,block
action:edit-rich-text-pair-block,78,action
action-pair:edit-rich-text-pair-block->insert-nested-group,9,action-pair
action-pair:insert-nested-group->reparse-edited-content,10,action-pair
history-label:action:edit-rich-text-pair-block:invoke,78,history
history-label:action:edit-rich-text-pair-block:ok,78,history
block-depth:core/pullquote:0,74,block-depth
cdp:bbff5e0ec6395002,1,code coverage
cdp:d52c6f054d4d9f2a,1,code coverage
cdp:273ab0bb1b8ae798,1,code coverage
cdp:82b16a326e2fc118,1,code coverage
cdp:d8dc70296e1a04e6,1,code coverage
action-pair:edit-nested-paragraph->insert-common-block,15,action-pair
action-pair:insert-common-block->move-list-item,2,action-pair
action-pair:move-list-item->insert-heading,2,action-pair
cdp:d2a22c7f25be458a,1,code coverage
cdp:6410522a746af7e2,1,code coverage
cdp:e61e41eb3a39f288,1,code coverage
cdp:951915d083fb2eda,1,code coverage
users:0,240,users
block:core/media-text,30,block
action-pair:insert-block-gauntlet-block->edit-block-gauntlet-attributes,9,action-pair
action-pair:edit-block-gauntlet-attributes->append-parser-stress-content,7,action-pair
action-pair:append-parser-stress-content->edit-paragraph,12,action-pair
operation-ledger-created:3,127,operation-ledger
block-depth:core/media-text:0,30,block-depth
cdp:3b18570295dbdf3a,1,code coverage
cdp:0091618e8aee0924,1,code coverage
cdp:f4ece1a2fdb75893,1,code coverage
cdp:aad022e6cb066206,1,code coverage
block:core/query,116,block
action-pair:assert-selection-cursor->assert-selection-cursor-smoke,6,action-pair
action-pair:assert-selection-cursor-smoke->insert-async-server-block,2,action-pair
action-pair:insert-async-server-block->assert-presence-list,2,action-pair
action-pair:assert-presence-list->move-list-item,2,action-pair
action-pair:move-list-item->append-parser-stress-content,4,action-pair
action-pair:append-parser-stress-content->edit-title,5,action-pair
history:list-item-move:ok,15,history
history-label:list-item-move:move-list-item:ok,15,history
operation-event-action:witnessed:insert-async-server-block:content,357,operation-ledger
block-depth:core/query:0,122,block-depth
cdp:7cf48d0b1a61625a,1,code coverage
cdp:892a2b8e58af19ea,1,code coverage
cdp:dd5453f3a1330a10,1,code coverage
cdp:c145c63de53f6704,1,code coverage
profile:multi-reload-lifecycle,230,profile
transport-profile:ws:multi-reload-lifecycle,230,transport
action-pair:edit-table-array-attributes->insert-async-server-block,21,action-pair
action-pair:insert-async-server-block->delete-block,36,action-pair
payload-size-profile:multi-reload-lifecycle:10,55,payload-size
depth:3,143,other
block:core/column,100,block
block:core/columns,100,block
action:edit-common-block-attributes,165,action
action-pair:append-paragraph->edit-common-block-attributes,2,action-pair
action-pair:edit-common-block-attributes->edit-nested-paragraph,14,action-pair
action-pair:insert-paragraph->edit-formatted-paragraph-at-cursor,9,action-pair
action-pair:edit-nested-paragraph->insert-paragraph,34,action-pair
history-label:action:edit-common-block-attributes:invoke,165,history
history-label:action:edit-common-block-attributes:ok,165,history
operation-event-action:invalidated:edit-common-block-attributes:content,63,operation-ledger
block-depth:core/paragraph:2,137,block-depth
block-depth:core/columns:0,101,block-depth
block-depth:core/column:1,101,block-depth
cdp:1fc9e0bbfb16c3b4,1,code coverage
action-pair:reparse-edited-content->insert-media-cross-entity-block,3,action-pair
action-pair:insert-media-cross-entity-block->edit-common-block-attributes,3,action-pair
action-pair:edit-common-block-attributes->delete-block,10,action-pair
action-pair:edit-title->edit-block-gauntlet-attributes,5,action-pair
action-pair:edit-block-gauntlet-attributes->delete-nested-block,12,action-pair
action-pair:delete-nested-block->insert-async-server-block,32,action-pair
cdp:59fd8d0c9ec3ceb7,1,code coverage
cdp:8b0aed59eafd91ab,1,code coverage
cdp:56722995411f6663,1,code coverage
cdp:25a8ef08d4c06d86,1,code coverage
action-pair:delete-nested-block->edit-paragraph,22,action-pair
total-blocks:29,30,other
payload-size-profile:multi-reload-lifecycle:12,13,payload-size
cdp:b0553cd072bd5ab2,1,code coverage
cdp:c944843da4a38b3d,1,code coverage
cdp:3f79c394873dea31,1,code coverage
cdp:1664fbf201e5ce51,1,code coverage
action-pair:concurrent-paragraphs->delete-nested-block,8,action-pair
operation-event-action:invalidated:delete-nested-block:content,174,operation-ledger
action-pair:insert-nested-group->concurrent-paragraphs,31,action-pair
payload-size-profile:multi-reload-lifecycle:11,105,payload-size
block:core/html,22,block
action-pair:assert-selection-cursor-smoke->append-paragraph,3,action-pair
action-pair:edit-paragraph->insert-common-block,2,action-pair
action-pair:insert-common-block->edit-common-block-attributes,5,action-pair
action-pair:edit-common-block-attributes->assert-selection-cursor,2,action-pair
action-pair:assert-selection-cursor->insert-nested-group,2,action-pair
action-pair:insert-nested-group->insert-block-gauntlet-block,13,action-pair
action-pair:insert-block-gauntlet-block->assert-presence-list,2,action-pair
block-depth:core/html:0,22,block-depth
cdp:2410c1400b398b8b,1,code coverage
action:move-block-into-group,301,action
action-pair:delete-block->move-block-into-group,34,action-pair
action-pair:move-block-into-group->reparse-edited-content,4,action-pair
action-pair:reparse-edited-content->assert-presence-list,4,action-pair
history-label:action:move-block-into-group:invoke,301,history
history-label:action:move-block-into-group:ok,301,history
cdp:7df836ceaab4644f,1,code coverage
action-pair:edit-block-gauntlet-attributes->edit-table-array-attributes,5,action-pair
action-pair:append-paragraph->edit-rich-text-pair-block,5,action-pair
action-pair:edit-rich-text-pair-block->assert-selection-cursor-smoke,3,action-pair
action-pair:assert-selection-cursor-smoke->insert-heading,1,action-pair
action-pair:edit-paragraph->edit-rich-text-pair-block,8,action-pair
action-pair:edit-rich-text-pair-block->move-block,3,action-pair
operation-event-action:invalidated:edit-rich-text-pair-block:content,39,operation-ledger
cdp:cc98479c98a480d1,1,code coverage
cdp:4c335fc61ae3a3cd,1,code coverage
cdp:be5dff47dbcc9211,1,code coverage
cdp:b6ccf6ff0b18d338,1,code coverage
cdp:d6495d166cb7dda6,1,code coverage
block:core/social-link,14,block
block:core/social-links,16,block
action-pair:delete-block->insert-block-gauntlet-block,2,action-pair
action-pair:insert-block-gauntlet-block->edit-rich-text-pair-block,2,action-pair
action-pair:assert-selection-cursor-smoke->edit-paragraph,5,action-pair
action-pair:edit-paragraph->edit-common-block-attributes,10,action-pair
action-pair:edit-common-block-attributes->insert-async-server-block,4,action-pair
action-pair:insert-async-server-block->edit-rich-text-pair-block,4,action-pair
block-depth:core/social-links:0,16,block-depth
block-depth:core/social-link:1,16,block-depth
cdp:e9e79c73c48e35df,1,code coverage
cdp:2eec002a0de323c2,1,code coverage
profile:real-world-editor-usability,1,profile
transport-profile:http:real-world-editor-usability,1,transport
collaborator-role:author,1,collaborator
depth:4,213,other
action:real-world-type-title,1,action
action:real-world-type-paragraph,1,action
action:ui-heading-shortcut,5,action
action:ui-list-indent,213,action
action:ui-toolbar-format-paragraph,185,action
action:side-by-side-admin-focus-shared-paragraph,1,action
action:side-by-side-author-focus-shared-paragraph,1,action
action:side-by-side-admin-keyboard-selection,1,action
action:side-by-side-author-keyboard-selection,1,action
action:side-by-side-admin-type-paragraph,1,action
action:real-world-collaborator-paragraph,1,action
action-pair:real-world-type-title->real-world-type-paragraph,1,action-pair
action-pair:real-world-type-paragraph->ui-heading-shortcut,1,action-pair
action-pair:ui-heading-shortcut->ui-list-indent,1,action-pair
action-pair:ui-list-indent->ui-toolbar-format-paragraph,1,action-pair
action-pair:ui-toolbar-format-paragraph->side-by-side-admin-focus-shared-paragraph,1,action-pair
action-pair:side-by-side-admin-focus-shared-paragraph->side-by-side-author-focus-shared-paragraph,1,action-pair
action-pair:side-by-side-author-focus-shared-paragraph->side-by-side-admin-keyboard-selection,1,action-pair
action-pair:side-by-side-admin-keyboard-selection->side-by-side-author-keyboard-selection,1,action-pair
action-pair:side-by-side-author-keyboard-selection->side-by-side-admin-type-paragraph,1,action-pair
action-pair:side-by-side-admin-type-paragraph->real-world-type-title,1,action-pair
action-pair:ui-toolbar-format-paragraph->real-world-collaborator-paragraph,1,action-pair
action-pair:real-world-collaborator-paragraph->post-new-type-title,1,action-pair
action-pair:post-new-save-draft-ui->post-new-type-title,1,action-pair
history:real-world-editor-usability:invoke,1,history
history:real-world-editor-usability-reference:invoke,1,history
history-label:real-world-editor-usability-reference:real-world-type-title:invoke,1,history
history:real-world-editor-usability-reference:ok,1,history
history-label:real-world-editor-usability-reference:real-world-type-title:ok,1,history
history-label:real-world-editor-usability-reference:real-world-type-paragraph:invoke,1,history
history-label:real-world-editor-usability-reference:real-world-type-paragraph:ok,1,history
history-label:real-world-editor-usability-reference:ui-heading-shortcut:invoke,1,history
history-label:real-world-editor-usability-reference:ui-heading-shortcut:ok,1,history
history-label:real-world-editor-usability-reference:ui-list-indent:invoke,1,history
history-label:real-world-editor-usability-reference:ui-list-indent:ok,1,history
history-label:real-world-editor-usability-reference:ui-toolbar-format-paragraph:invoke,1,history
history-label:real-world-editor-usability-reference:ui-toolbar-format-paragraph:ok,1,history
history:real-world-editor-usability-rtc:invoke,1,history
history:real-world-editor-usability-rtc-side-by-side-focused-canvases:invoke,1,history
history-label:real-world-editor-usability-rtc-side-by-side-focused-canvases:side-by-side-admin-focus-shared-paragraph:invoke,1,history
history:real-world-editor-usability-rtc-side-by-side-focused-canvases:ok,1,history
history-label:real-world-editor-usability-rtc-side-by-side-focused-canvases:side-by-side-admin-focus-shared-paragraph:ok,1,history
history-label:real-world-editor-usability-rtc-side-by-side-focused-canvases:side-by-side-author-focus-shared-paragraph:invoke,1,history
history-label:real-world-editor-usability-rtc-side-by-side-focused-canvases:side-by-side-author-focus-shared-paragraph:ok,1,history
history-label:real-world-editor-usability-rtc-side-by-side-focused-canvases:side-by-side-admin-keyboard-selection:invoke,1,history
history-label:real-world-editor-usability-rtc-side-by-side-focused-canvases:side-by-side-admin-keyboard-selection:ok,1,history
history-label:real-world-editor-usability-rtc-side-by-side-focused-canvases:side-by-side-author-keyboard-selection:invoke,1,history
history-label:real-world-editor-usability-rtc-side-by-side-focused-canvases:side-by-side-author-keyboard-selection:ok,1,history
history-label:real-world-editor-usability-rtc-side-by-side-focused-canvases:side-by-side-admin-type-paragraph:invoke,1,history
history-label:real-world-editor-usability-rtc-side-by-side-focused-canvases:side-by-side-admin-type-paragraph:ok,1,history
history-label:real-world-editor-usability-rtc:real-world-type-title:invoke,1,history
history:real-world-editor-usability-rtc:ok,1,history
history-label:real-world-editor-usability-rtc:real-world-type-title:ok,1,history
history-label:real-world-editor-usability-rtc:real-world-type-paragraph:invoke,1,history
history-label:real-world-editor-usability-rtc:real-world-type-paragraph:ok,1,history
history-label:real-world-editor-usability-rtc:ui-heading-shortcut:invoke,1,history
history-label:real-world-editor-usability-rtc:ui-heading-shortcut:ok,1,history
history-label:real-world-editor-usability-rtc:ui-list-indent:invoke,1,history
history-label:real-world-editor-usability-rtc:ui-list-indent:ok,1,history
history-label:real-world-editor-usability-rtc:ui-toolbar-format-paragraph:invoke,1,history
history-label:real-world-editor-usability-rtc:ui-toolbar-format-paragraph:ok,1,history
history-label:real-world-editor-usability-rtc:real-world-collaborator-paragraph:invoke,1,history
history-label:real-world-editor-usability-rtc:real-world-collaborator-paragraph:ok,1,history
history:post-new-ui-rtc-oracle:invoke,1,history
history-label:post-new-ui-rtc-oracle:post-new-type-title:invoke,1,history
history:post-new-ui-rtc-oracle:ok,1,history
history-label:post-new-ui-rtc-oracle:post-new-type-title:ok,1,history
history-label:post-new-ui-rtc-oracle:post-new-type-paragraph:invoke,1,history
history-label:post-new-ui-rtc-oracle:post-new-type-paragraph:ok,1,history
history-label:post-new-ui-rtc-oracle:post-new-save-draft-ui:invoke,1,history
history-label:post-new-ui-rtc-oracle:post-new-save-draft-ui:ok,1,history
history:real-world-editor-usability:ok,1,history
invariant:editor-top-bar-visible:ok,1,invariant
invariant:block-inserter-panel-visible:ok,1,invariant
invariant:document-overview-panel-visible:ok,1,invariant
invariant:editor-settings-sidebar-visible:ok,1,invariant
invariant:rtc-post-lock-takeover-modal-absent:ok,1,invariant
cdp:fe93fea1d2cb52a7,1,code coverage
cdp:224ef84cd4237ffe,1,code coverage
action-pair:delete-block->delete-nested-block,42,action-pair
action-pair:delete-nested-block->insert-nested-group,22,action-pair
block:core/latest-posts,118,block
action-pair:assert-presence-list->edit-block-gauntlet-attributes,3,action-pair
action-pair:edit-block-gauntlet-attributes->delete-block,14,action-pair
action-pair:delete-block->edit-block-gauntlet-attributes,7,action-pair
action-pair:move-list-item->insert-block-gauntlet-block,6,action-pair
action-pair:insert-block-gauntlet-block->edit-nested-paragraph,6,action-pair
action-pair:edit-nested-paragraph->insert-async-server-block,13,action-pair
block-depth:core/latest-posts:0,118,block-depth
cdp:191382efe7015627,1,code coverage
cdp:b7ff19e88f15e6cb,1,code coverage
cdp:17fd40d45e836e32,1,code coverage
cdp:ef51e8aedba5f940,1,code coverage
cdp:96e8a2805041a268,1,code coverage
block:core/embed,145,block
action-pair:edit-paragraph->delete-nested-block,23,action-pair
action-pair:delete-nested-block->delete-block,33,action-pair
action-pair:edit-paragraph->move-block-into-group,11,action-pair
action-pair:move-block-into-group->insert-async-server-block,23,action-pair
block-depth:core/embed:0,146,block-depth
action-pair:move-block-into-group->edit-table-array-attributes,25,action-pair
action-pair:delete-nested-block->edit-nested-paragraph,12,action-pair
action-pair:insert-heading->delete-nested-block,25,action-pair
total-blocks:13,94,other
block-depth:core/quote:1,37,block-depth
block:core/preformatted,96,block
action-pair:edit-formatted-paragraph-at-cursor->insert-heading,7,action-pair
action-pair:edit-table-array-attributes->insert-common-block,5,action-pair
action-pair:insert-common-block->append-parser-stress-content,3,action-pair
invalid-blocks:4,10,other
block-depth:core/preformatted:0,96,block-depth
cdp:c8bcc3fb457d738c,1,code coverage
block:core/file,26,block
action-pair:insert-block-gauntlet-block->insert-heading,6,action-pair
action-pair:insert-heading->assert-presence-list,3,action-pair
action-pair:assert-presence-list->delete-block,3,action-pair
action-pair:delete-block->assert-presence-list,4,action-pair
action-pair:assert-presence-list->edit-rich-text-pair-block,3,action-pair
block-depth:core/file:0,26,block-depth
cdp:67b49344746f810e,1,code coverage
cdp:b89297c10f7ef7c3,1,code coverage
cdp:1ade53dfd072ae81,1,code coverage
cdp:d1baa16bf07df43d,1,code coverage
action-pair:append-paragraph->move-block-into-group,26,action-pair
action-pair:move-block-into-group->edit-paragraph,12,action-pair
cdp:75edc37f42381223,1,code coverage
block:core/gallery,18,block
action-pair:edit-formatted-paragraph-at-cursor->delete-nested-block,4,action-pair
action-pair:delete-nested-block->assert-selection-cursor-smoke,3,action-pair
action-pair:assert-selection-cursor-smoke->move-list-item,2,action-pair
action-pair:append-parser-stress-content->move-block-into-group,3,action-pair
action-pair:move-block-into-group->move-block-into-group,27,action-pair
action-pair:move-block-into-group->insert-common-block,5,action-pair
action-pair:insert-common-block->insert-media-cross-entity-block,1,action-pair
media-cross-entity-block:core/gallery,6,media/cross-entity
block-depth:core/image:1,30,block-depth
block-depth:core/gallery:0,18,block-depth
cdp:50369b8ba13aae83,1,code coverage
cdp:192be4baa34b9b7c,1,code coverage
cdp:a646222262077527,1,code coverage
cdp:bdd67394de005ef9,1,code coverage
action-pair:concurrent-paragraphs->insert-async-server-block,32,action-pair
action-pair:delete-nested-block->insert-heading,17,action-pair
action-pair:append-paragraph->delete-nested-block,27,action-pair
action-pair:delete-nested-block->append-paragraph,16,action-pair
action-pair:insert-nested-group->edit-common-block-attributes,8,action-pair
action-pair:insert-async-server-block->edit-title,5,action-pair
action-pair:edit-title->assert-presence-list,2,action-pair
action-pair:assert-presence-list->concurrent-paragraphs,4,action-pair
action-pair:edit-title->insert-async-server-block,3,action-pair
operation-event-action:missing:concurrent-paragraphs:content,32,operation-ledger
operation-missing:concurrent-paragraphs:content,32,operation-ledger
cdp:50d8b1a2372f2933,1,code coverage
cdp:3842148533586412,1,code coverage
cdp:79f9d867c1c309ac,1,code coverage
cdp:9d4b37c55b1c2514,1,code coverage
action-pair:insert-nested-group->insert-async-server-block,28,action-pair
action-pair:concurrent-paragraphs->insert-nested-group,19,action-pair
operation-ledger-created:7,47,operation-ledger
action-pair:concurrent-paragraphs->edit-rich-text-pair-block,2,action-pair
action-pair:edit-rich-text-pair-block->insert-block-gauntlet-block,4,action-pair
action-pair:insert-block-gauntlet-block->edit-formatted-paragraph-at-cursor,7,action-pair
action-pair:edit-formatted-paragraph-at-cursor->assert-selection-cursor-smoke,8,action-pair
action-pair:assert-selection-cursor-smoke->edit-rich-text-pair-block,4,action-pair
action-pair:edit-rich-text-pair-block->edit-table-array-attributes,6,action-pair
action-pair:insert-common-block->concurrent-paragraphs,3,action-pair
cdp:16ac282cc3c61a99,1,code coverage
action-pair:insert-nested-group->edit-rich-text-pair-block,4,action-pair
action-pair:edit-rich-text-pair-block->edit-nested-paragraph,5,action-pair
action-pair:insert-heading->insert-common-block,8,action-pair
action-pair:insert-common-block->delete-block,7,action-pair
action-pair:delete-block->edit-formatted-paragraph-at-cursor,5,action-pair
action-pair:edit-formatted-paragraph-at-cursor->reparse-edited-content,6,action-pair
action-pair:reparse-edited-content->insert-block-gauntlet-block,5,action-pair
cdp:8d24366eab4bbc2a,1,code coverage
action-pair:concurrent-paragraphs->move-block-into-group,36,action-pair
action-pair:move-block-into-group->edit-block-gauntlet-attributes,10,action-pair
action-pair:edit-block-gauntlet-attributes->move-block-into-group,6,action-pair
cdp:9fbbb0888d63730e,1,code coverage
cdp:c86623687b68b495,1,code coverage
cdp:adf9ec327d6c9f0d,1,code coverage
cdp:bc3c227f2f198bf0,1,code coverage
action-pair:move-block-into-group->edit-common-block-attributes,10,action-pair
action-pair:edit-common-block-attributes->edit-formatted-paragraph-at-cursor,15,action-pair
action-pair:assert-selection-cursor-smoke->insert-common-block,2,action-pair
cdp:25d7cc709f4da5ba,1,code coverage
block:core/cover,22,block
action-pair:move-block->edit-common-block-attributes,10,action-pair
action-pair:edit-common-block-attributes->insert-block-gauntlet-block,8,action-pair
action-pair:edit-formatted-paragraph-at-cursor->move-list-item,2,action-pair
action-pair:move-list-item->insert-media-cross-entity-block,3,action-pair
action-pair:insert-media-cross-entity-block->insert-media-cross-entity-block,2,action-pair
action-pair:insert-media-cross-entity-block->move-block-into-group,4,action-pair
media-cross-entity-block:core/media-text,13,media/cross-entity
media-cross-entity-block:core/paragraph,13,media/cross-entity
invariant:serialize-parse-roundtrip-stable:observed,22,invariant
invariant-signal:serialize-parse-roundtrip-stable,22,invariant
block-depth:core/cover:0,22,block-depth
block-depth:core/search:1,12,block-depth
serialization-roundtrip-changed,22,other
cdp:4eb788a8dceb6246,1,code coverage
cdp:1de3645f3f56d1f6,1,code coverage
cdp:a69dfbf14007f295,1,code coverage
cdp:66e5719477958f24,1,code coverage
action-pair:insert-paragraph->delete-nested-block,25,action-pair
cdp:fa4852882136b54d,1,code coverage
cdp:21eeebf527e0036d,1,code coverage
action-pair:move-block-into-group->insert-paragraph,29,action-pair
action-pair:insert-paragraph->move-block-into-group,30,action-pair
action-pair:move-block-into-group->delete-block,15,action-pair
action-pair:delete-nested-block->move-block,28,action-pair
action-pair:delete-nested-block->assert-presence-list,3,action-pair
action-pair:assert-presence-list->insert-common-block,3,action-pair
action-pair:insert-common-block->assert-presence-list,3,action-pair
action-pair:assert-presence-list->insert-heading,3,action-pair
action-pair:insert-async-server-block->move-block,92,action-pair
cdp:95c44f9752d771fb,1,code coverage
block:core/more,16,block
action-pair:append-parser-stress-content->insert-block-gauntlet-block,2,action-pair
action-pair:insert-block-gauntlet-block->edit-common-block-attributes,11,action-pair
action-pair:edit-common-block-attributes->edit-rich-text-pair-block,6,action-pair
action-pair:edit-rich-text-pair-block->insert-common-block,2,action-pair
action-pair:insert-common-block->edit-title,5,action-pair
action-pair:insert-block-gauntlet-block->concurrent-paragraphs,10,action-pair
block-depth:core/more:0,17,block-depth
cdp:b769898188ac94b5,1,code coverage
cdp:8ea47741f105e6cf,1,code coverage
cdp:a41cb66a6a7f551f,1,code coverage
cdp:fa4f57a76302ffab,1,code coverage
action-pair:insert-nested-group->delete-nested-block,19,action-pair
action-pair:delete-nested-block->move-block-into-group,37,action-pair
action-pair:move-block-into-group->insert-nested-group,32,action-pair
action-pair:delete-nested-block->edit-table-array-attributes,33,action-pair
action-pair:edit-common-block-attributes->edit-common-block-attributes,19,action-pair
cdp:bc62a1ab94814fa0,1,code coverage
cdp:385a3d8de1804126,1,code coverage
cdp:7357bf274d5bf7ea,1,code coverage
cdp:210f679424efbed3,1,code coverage
cdp:bbe3cef58317edcf,1,code coverage
action-pair:edit-table-array-attributes->delete-nested-block,27,action-pair
action-pair:delete-nested-block->concurrent-paragraphs,14,action-pair
action-pair:insert-async-server-block->insert-heading,64,action-pair
action-pair:insert-paragraph->insert-media-cross-entity-block,4,action-pair
cdp:d00e2d6a6dd75117,1,code coverage
cdp:01770d48a1532e1b,1,code coverage
cdp:d70d3783859603d7,1,code coverage
cdp:775af8beb1d0cab9,1,code coverage
cdp:511e65a57cdbd768,1,code coverage
block:core/calendar,113,block
action-pair:insert-nested-group->move-block-into-group,8,action-pair
action-pair:move-block-into-group->concurrent-paragraphs,23,action-pair
action-pair:insert-async-server-block->insert-paragraph,27,action-pair
block-depth:core/freeform:1,8,block-depth
block-depth:core/calendar:0,113,block-depth
cdp:40ffce767b390997,1,code coverage
cdp:c908954a33c278f0,1,code coverage
cdp:aae6f8704e33cdbe,1,code coverage
cdp:a8c78595e8ba53fc,1,code coverage
block-depth:core/list:1,9,block-depth
block-depth:core/list-item:2,9,block-depth
payload-size-profile:multi-reload-lifecycle:9,26,payload-size
cdp:65fc2a7a3a0cbe1a,1,code coverage
cdp:dcabfa466c93de60,1,code coverage
cdp:893e007305b35bb1,1,code coverage
cdp:fae32498ae507a48,1,code coverage
cdp:243ec28b62c26508,1,code coverage
history-label:action:assert-selection-cursor:fail,46,history
cdp:4727182b6252f215,1,code coverage
cdp:f093349ca8618f60,1,code coverage
action-pair:assert-presence-list->assert-selection-cursor-smoke,3,action-pair
action-pair:edit-paragraph->insert-media-cross-entity-block,3,action-pair
action-pair:insert-media-cross-entity-block->assert-selection-cursor,3,action-pair
action-pair:concurrent-paragraphs->edit-formatted-paragraph-at-cursor,4,action-pair
media-cross-entity-block:core/file,11,media/cross-entity
cdp:d13710ca3803f79f,1,code coverage
cdp:ad06b55856762058,1,code coverage
cdp:3a7f0b1373cc0347,1,code coverage
cdp:9683244610b53409,1,code coverage
action-pair:insert-paragraph->insert-async-server-block,26,action-pair
cdp:71d43d71fc84d46a,1,code coverage
cdp:be8c6f9df818f50d,1,code coverage
cdp:0a9cec2bee179375,1,code coverage
cdp:0dabbf5dc9c6dcb6,1,code coverage
action-pair:move-block-into-group->append-paragraph,17,action-pair
block-depth:core/separator:1,10,block-depth
block:core/shortcode,18,block
action-pair:insert-async-server-block->move-list-item,4,action-pair
action-pair:insert-block-gauntlet-block->assert-selection-cursor,4,action-pair
action-pair:assert-selection-cursor->edit-common-block-attributes,4,action-pair
action-pair:edit-common-block-attributes->concurrent-paragraphs,9,action-pair
block-depth:core/shortcode:0,18,block-depth
cdp:799f1348b6e29f84,1,code coverage
cdp:29c1f53442f980d7,1,code coverage
cdp:fe28834308ece5ba,1,code coverage
cdp:4b04955c37db851e,1,code coverage
operation-ledger-live:7,43,operation-ledger
cdp:1ab83a10d6fc5f6d,1,code coverage
action-pair:move-block-into-group->edit-rich-text-pair-block,7,action-pair
action-pair:edit-rich-text-pair-block->append-parser-stress-content,3,action-pair
action-pair:append-parser-stress-content->assert-selection-cursor,2,action-pair
cdp:5e12beca67e3b730,1,code coverage
cdp:7d0b7ebc854c3dce,1,code coverage
cdp:30b4ebd231111db7,1,code coverage
block:core/categories,108,block
action-pair:insert-async-server-block->edit-nested-paragraph,12,action-pair
action-pair:delete-block->insert-async-server-block,16,action-pair
action-pair:insert-async-server-block->insert-nested-group,20,action-pair
block-depth:core/categories:0,114,block-depth
action-pair:move-block-into-group->delete-nested-block,17,action-pair
action-pair:move-block->insert-async-server-block,121,action-pair
action-pair:insert-async-server-block->delete-nested-block,26,action-pair
action-pair:insert-async-server-block->insert-async-server-block,112,action-pair
action-pair:insert-async-server-block->edit-table-array-attributes,36,action-pair
action-pair:edit-table-array-attributes->move-block-into-group,18,action-pair
action-pair:move-block-into-group->edit-nested-paragraph,29,action-pair
action-pair:edit-nested-paragraph->move-block-into-group,23,action-pair
cdp:2f24b7496e8ff1a1,1,code coverage
action-pair:reparse-edited-content->edit-common-block-attributes,10,action-pair
action-pair:edit-common-block-attributes->move-list-item,5,action-pair
action-pair:move-list-item->edit-common-block-attributes,2,action-pair
action-pair:edit-rich-text-pair-block->delete-block,2,action-pair
cdp:ae3b48d0351a136e,1,code coverage
cdp:addee3435656fac7,1,code coverage
cdp:56533be37848d2d5,1,code coverage
cdp:969f15ec43ecd19d,1,code coverage
cdp:90b89e1170e5516a,1,code coverage
action-pair:move-block->edit-rich-text-pair-block,5,action-pair
cdp:5b1793ac48c55088,1,code coverage
cdp:3c580cb9ee137528,1,code coverage
cdp:c0fb3a8e39931c84,1,code coverage
cdp:0e13ec5cac3c5c08,1,code coverage
action-pair:delete-nested-block->delete-nested-block,28,action-pair
action-pair:append-paragraph->insert-common-block,10,action-pair
action-pair:insert-common-block->insert-block-gauntlet-block,10,action-pair
action-pair:insert-block-gauntlet-block->insert-media-cross-entity-block,4,action-pair
action-pair:insert-media-cross-entity-block->append-parser-stress-content,2,action-pair
action-pair:append-parser-stress-content->edit-block-gauntlet-attributes,4,action-pair
action-pair:edit-block-gauntlet-attributes->assert-presence-list,4,action-pair
total-blocks:34,17,other
cdp:2badae41dcc90fd4,1,code coverage
action-pair:append-parser-stress-content->delete-nested-block,4,action-pair
action-pair:delete-nested-block->insert-common-block,3,action-pair
action-pair:insert-common-block->edit-table-array-attributes,4,action-pair
cdp:b52fd8803749f530,1,code coverage
cdp:313caff4156d64d2,1,code coverage
cdp:04d6e9c5b0d2b1e3,1,code coverage
cdp:66ebddc21679259d,1,code coverage
cdp:aa7e7cf37b149732,1,code coverage
cdp:cfcf28bcc05be2ef,1,code coverage
action-pair:insert-common-block->insert-async-server-block,91,action-pair
action-pair:insert-async-server-block->edit-common-block-attributes,3,action-pair
action-pair:edit-common-block-attributes->insert-paragraph,7,action-pair
action-pair:insert-paragraph->edit-rich-text-pair-block,5,action-pair
action-pair:move-block->edit-block-gauntlet-attributes,43,action-pair
action-pair:edit-block-gauntlet-attributes->edit-block-gauntlet-attributes,46,action-pair
cdp:bd56a7c27cfd39bf,1,code coverage
cdp:b86450b8f30244b2,1,code coverage
cdp:688e0e2f89899745,1,code coverage
cdp:b7e7319d66e09b82,1,code coverage
action-pair:edit-nested-paragraph->insert-media-cross-entity-block,4,action-pair
action-pair:insert-media-cross-entity-block->assert-selection-cursor-smoke,3,action-pair
action-pair:assert-selection-cursor-smoke->assert-selection-cursor,3,action-pair
media-cross-entity-block:core/block,3,media/cross-entity
operation-event-action:missing:insert-media-cross-entity-block:content,3,operation-ledger
operation-missing:insert-media-cross-entity-block:content,3,operation-ledger
cdp:cdae8bd0effc0ff7,1,code coverage
cdp:bcc6295c5aaaf5eb,1,code coverage
cdp:872c875cc9096f3b,1,code coverage
cdp:40e95e6461122495,1,code coverage
action-pair:move-block->move-block-into-group,21,action-pair
action-pair:append-paragraph->insert-paragraph,43,action-pair
cdp:94570d5803ad79e6,1,code coverage
action-pair:edit-title->insert-heading,17,action-pair
action-pair:insert-heading->assert-selection-cursor,5,action-pair
action-pair:assert-selection-cursor-smoke->delete-block,4,action-pair
cdp:6d2cefdf33679621,1,code coverage
cdp:fd39a3a2eebd938b,1,code coverage
cdp:fad30f3bb25f00ce,1,code coverage
cdp:f0c4724c84cca621,1,code coverage
cdp:32138fa324161cc4,1,code coverage
action-pair:insert-async-server-block->edit-paragraph,35,action-pair
action-pair:insert-async-server-block->append-paragraph,37,action-pair
operation-ledger-missing:2,45,operation-ledger
action-pair:delete-nested-block->insert-paragraph,17,action-pair
action-pair:move-block->delete-nested-block,22,action-pair
cdp:22e1608138c73f37,1,code coverage
cdp:0ee90d53459a0fcf,1,code coverage
cdp:f011170faaf66cd9,1,code coverage
cdp:95d903f8a03b9e77,1,code coverage
cdp:7da8057b2862493f,1,code coverage
cdp:82bcf70e65265bbe,1,code coverage
cdp:288d82d563a27b34,1,code coverage
cdp:3d4062eeece56fa8,1,code coverage
cdp:bf1bc40019061346,1,code coverage
cdp:fca136423c11ede5,1,code coverage
action-pair:edit-common-block-attributes->edit-block-gauntlet-attributes,5,action-pair
action-pair:edit-block-gauntlet-attributes->assert-selection-cursor,4,action-pair
cdp:d4262ab1b01c9e0e,1,code coverage
action-pair:assert-selection-cursor->delete-nested-block,3,action-pair
cdp:097f335b1ecb7df9,1,code coverage
cdp:7bf2e5db0d942a46,1,code coverage
cdp:eee54922e910206e,1,code coverage
payload-size-profile:multi-reload-lifecycle:8,22,payload-size
action-pair:concurrent-paragraphs->reparse-edited-content,4,action-pair
cdp:e9e76d51d7972020,1,code coverage
cdp:a7372a204f6e8828,1,code coverage
cdp:1ae4dc70ba942c7e,1,code coverage
cdp:090c1befedd4818e,1,code coverage
total-blocks:9,92,other
action-pair:assert-presence-list->insert-block-gauntlet-block,1,action-pair
cdp:7802e2b551013cc9,1,code coverage
cdp:5bd58eadb0f25eea,1,code coverage
cdp:01eb6ee637953cf6,1,code coverage
cdp:aadbd481cb1512e8,1,code coverage
action-pair:insert-common-block->edit-paragraph,2,action-pair
action-pair:edit-paragraph->assert-selection-cursor,2,action-pair
cdp:4e447d68e9210c11,1,code coverage
action-pair:assert-selection-cursor->append-parser-stress-content,1,action-pair
cdp:ff0555675e39e256,1,code coverage
cdp:3074927bde5cc574,1,code coverage
cdp:3bc6ac60e887206e,1,code coverage
cdp:02ba120d6175f002,1,code coverage
operation-ledger-created:6,41,operation-ledger
action-pair:move-list-item->insert-async-server-block,2,action-pair
action-pair:edit-rich-text-pair-block->move-list-item,1,action-pair
cdp:550d23749cef97aa,1,code coverage
cdp:c8777c420c1b2018,1,code coverage
cdp:b151ed5cfc483a85,1,code coverage
cdp:81081259727953d9,1,code coverage
cdp:79575bbd04f402da,1,code coverage
cdp:e1631489f0e86735,1,code coverage
cdp:43b7ce8ee6a13c73,1,code coverage
profile:revision-persistence,334,profile
transport-profile:ws:revision-persistence,334,transport
autosave-count:2,31,autosave
local-autosave:true,35,autosave
history:autosave-checkpoint:invoke,35,history
history:autosave-checkpoint:ok,35,history
operation-event-action:witnessed:autosave-checkpoint:content,35,operation-ledger
payload-size-profile:revision-persistence:10,85,payload-size
action-pair:edit-paragraph->edit-title,7,action-pair
payload-size-profile:revision-persistence:11,110,payload-size
cdp:cf5a539dfdbe8ad9,1,code coverage
cdp:c084d412381a56aa,1,code coverage
cdp:af8916645cad18ac,1,code coverage
action-pair:move-block-into-group->move-block,23,action-pair
action-pair:assert-presence-list->append-parser-stress-content,2,action-pair
action-pair:append-parser-stress-content->insert-media-cross-entity-block,2,action-pair
cdp:b0d9a0d2f1f821f9,1,code coverage
cdp:c6dbd6995b429a55,1,code coverage
cdp:e653c6cf2617a879,1,code coverage
cdp:e3b814d36a6eb309,1,code coverage
action-pair:edit-paragraph->insert-async-server-block,26,action-pair
action-pair:append-paragraph->insert-async-server-block,49,action-pair
action-pair:insert-heading->move-block-into-group,24,action-pair
cdp:9e44167b907f4e38,1,code coverage
cdp:b327079d49ea5684,1,code coverage
cdp:6373f2c84c0411d6,1,code coverage
action-pair:edit-title->assert-selection-cursor-smoke,2,action-pair
action-pair:insert-block-gauntlet-block->move-list-item,1,action-pair
action-pair:insert-media-cross-entity-block->move-block,1,action-pair
action-pair:move-block->insert-block-gauntlet-block,5,action-pair
cdp:37cd3e0659143840,1,code coverage
cdp:f8064549ef8aaffa,1,code coverage
cdp:c142a54bfd534822,1,code coverage
step-count:4,170,step-count
cdp:2e4ad759a818a5a1,1,code coverage
cdp:10ce1f093bfc066f,1,code coverage
cdp:c74b8461f3543625,1,code coverage
cdp:8a0a07bef8ab9e02,1,code coverage
action-pair:append-parser-stress-content->edit-common-block-attributes,2,action-pair
action-pair:edit-common-block-attributes->append-paragraph,7,action-pair
action-pair:append-paragraph->insert-media-cross-entity-block,1,action-pair
action-pair:insert-media-cross-entity-block->edit-paragraph,1,action-pair
action-pair:edit-paragraph->append-parser-stress-content,8,action-pair
action-pair:append-parser-stress-content->insert-heading,6,action-pair
cdp:40a5d2f0eff5bf0c,1,code coverage
action-pair:insert-media-cross-entity-block->edit-block-gauntlet-attributes,1,action-pair
action-pair:edit-block-gauntlet-attributes->edit-rich-text-pair-block,3,action-pair
action-pair:edit-rich-text-pair-block->insert-paragraph,1,action-pair
action-pair:insert-paragraph->assert-presence-list,5,action-pair
action-pair:assert-presence-list->append-paragraph,1,action-pair
action-pair:insert-heading->reparse-edited-content,7,action-pair
action-pair:reparse-edited-content->edit-title,3,action-pair
cdp:52b80768b4fc8412,1,code coverage
cdp:309d82fa7c27f61c,1,code coverage
cdp:e76065632ae0b98c,1,code coverage
cdp:b644197f00debf4c,1,code coverage
cdp:efeb90a85b699403,1,code coverage
cdp:fae89c12b9375afb,1,code coverage
cdp:95caf153f019c18f,1,code coverage
action-pair:concurrent-paragraphs->assert-presence-list,2,action-pair
action-pair:assert-presence-list->insert-media-cross-entity-block,1,action-pair
action-pair:insert-media-cross-entity-block->concurrent-paragraphs,1,action-pair
block-depth:core/buttons:1,2,block-depth
block-depth:core/button:2,2,block-depth
cdp:9e0b94d71fda7b41,1,code coverage
cdp:5de14e5edf76631b,1,code coverage
cdp:3e7d3dfc66fa68e5,1,code coverage
cdp:0cb90a9d8b20c4f6,1,code coverage
cdp:c751ea53ae31ece5,1,code coverage
cdp:7a9328fc18105135,1,code coverage
cdp:ca51da53af5aac82,1,code coverage
cdp:3d65f966e675ee02,1,code coverage
history:revision-restore:fail,15,history
action-pair:insert-paragraph->insert-block-gauntlet-block,12,action-pair
cdp:638b699bf276470f,1,code coverage
cdp:fb8dc48244389251,1,code coverage
cdp:d9a9f59ee8fa0ff9,1,code coverage
cdp:092e1df7a7c2095d,1,code coverage
cdp:107a1982b38cfe78,1,code coverage
cdp:6cc7a9e5a945147a,1,code coverage
action-pair:move-block-into-group->insert-heading,32,action-pair
block-depth:core/table:1,4,block-depth
cdp:e511acde3d1a10c9,1,code coverage
action-pair:assert-selection-cursor-smoke->edit-block-gauntlet-attributes,1,action-pair
action-pair:edit-block-gauntlet-attributes->insert-block-gauntlet-block,8,action-pair
action-pair:insert-block-gauntlet-block->delete-nested-block,5,action-pair
action-pair:delete-block->reparse-edited-content,8,action-pair
action-pair:reparse-edited-content->insert-nested-group,1,action-pair
action-pair:assert-selection-cursor->edit-rich-text-pair-block,1,action-pair
cdp:63c7e4f0a81b4fdf,1,code coverage
cdp:a601486ac0a21fcb,1,code coverage
cdp:149bd839049f99ed,1,code coverage
cdp:666f81e9363f981f,1,code coverage
cdp:389e79b16827ac65,1,code coverage
cdp:c0553767b518f718,1,code coverage
cdp:ca359a513c9e2a76,1,code coverage
cdp:df9162018bf180c1,1,code coverage
cdp:82010c4d8c40335c,1,code coverage
cdp:0b81df4d668f1808,1,code coverage
cdp:c8340449e0cf81f5,1,code coverage
cdp:9ab80925d42217fe,1,code coverage
cdp:d660a7cef2acd75b,1,code coverage
cdp:c78ce151c270e65f,1,code coverage
cdp:4a2be5dcd5177321,1,code coverage
block:core/template-part,82,block
block-depth:core/template-part:0,82,block-depth
action-pair:move-list-item->edit-paragraph,2,action-pair
action-pair:edit-formatted-paragraph-at-cursor->edit-title,6,action-pair
action-pair:insert-heading->insert-block-gauntlet-block,3,action-pair
action-pair:insert-block-gauntlet-block->edit-table-array-attributes,2,action-pair
action-pair:edit-table-array-attributes->edit-common-block-attributes,5,action-pair
cdp:534a1ae47479c5dd,1,code coverage
cdp:d292bb689aa14dc2,1,code coverage
cdp:e62bbdbff0614f58,1,code coverage
cdp:137784f18984e771,1,code coverage
cdp:0e848f45ba414418,1,code coverage
cdp:48030c62bf04000e,1,code coverage
cdp:70d39eca339f7a18,1,code coverage
cdp:ffc72249cf4da07d,1,code coverage
cdp:ba2f74f4f75a06e3,1,code coverage
action-pair:edit-title->delete-nested-block,3,action-pair
action-pair:edit-table-array-attributes->assert-selection-cursor,2,action-pair
action-pair:assert-selection-cursor->edit-formatted-paragraph-at-cursor,2,action-pair
action-pair:edit-formatted-paragraph-at-cursor->insert-block-gauntlet-block,6,action-pair
action-pair:insert-block-gauntlet-block->insert-paragraph,15,action-pair
cdp:a3556a99bf18c4d3,1,code coverage
invariant:cross-page-exact-edited-content:observed,113,invariant
invariant-signal:cross-page-exact-edited-content,136,invariant
cdp:a6ab211188bb1294,1,code coverage
cdp:f6e35825cce24961,1,code coverage
cdp:41c2084941d2844c,1,code coverage
cdp:4357f8647e324ff1,1,code coverage
cdp:f99e80985f0342c7,1,code coverage
cdp:e74f55643a32440a,1,code coverage
cdp:87ac56efb23486cf,1,code coverage
action-pair:edit-rich-text-pair-block->move-block-into-group,1,action-pair
action-pair:edit-common-block-attributes->move-block,13,action-pair
cdp:edea86df97daa8b5,1,code coverage
cdp:20bdd08536b8f58f,1,code coverage
cdp:b1d2e9224948b74c,1,code coverage
cdp:f249bb78d1915228,1,code coverage
cdp:238e34243445ccbb,1,code coverage
cdp:27ad35f6030bdb5d,1,code coverage
cdp:b3a9673f4ee96fc5,1,code coverage
cdp:7416322c644eca55,1,code coverage
profile:real-user-editing,344,profile
transport-profile:ws:real-user-editing,344,transport
real-user-template:undo-redo-canary,160,real-user
real-user-action-sequence:ui-heading-shortcut>ui-type-title>ui-format-paragraph>reload-post-action>ui-undo-redo-paragraph>ui-type-paragraph,2,real-user
action:reload-post-action,210,action
action-pair:ui-heading-shortcut->ui-type-title,4,action-pair
action-pair:ui-type-title->ui-format-paragraph,4,action-pair
action-pair:ui-format-paragraph->reload-post-action,2,action-pair
action-pair:reload-post-action->ui-undo-redo-paragraph,2,action-pair
action-pair:ui-undo-redo-paragraph->ui-type-paragraph,3,action-pair
lifecycle:reload-post-action:users-2,210,lifecycle
history-label:action:ui-heading-shortcut:invoke,4,history
history-label:action:ui-heading-shortcut:ok,4,history
history-label:action:reload-post-action:invoke,210,history
history-label:action:reload-post-action:ok,210,history
history:reload-post-action-save:invoke,108,history
history:reload-post-action-save:ok,2,history
operation-event-action:witnessed:ui-heading-shortcut:content,4,operation-ledger
operation-event-action:retired:reload-post-action:title,2,operation-ledger
operation-event-action:witnessed:reload-post-action:title,2,operation-ledger
payload-size-profile:real-user-editing:10,17,payload-size
cdp:d3c1e94229317b49,1,code coverage
cdp:1b47311a4dea6123,1,code coverage
cdp:b66c5678895ade75,1,code coverage
cdp:8f3a0bd4f2f0b380,1,code coverage
cdp:ea21e1bc25823d64,1,code coverage
real-user-action-sequence:ui-heading-shortcut>ui-type-title>ui-format-paragraph,2,real-user
payload-size-profile:real-user-editing:9,76,payload-size
cdp:288eec5172f070e8,1,code coverage
cdp:f783497aa80181ad,1,code coverage
cdp:fcae68d969ac93fb,1,code coverage
cdp:cec3187be98a1a8f,1,code coverage
cdp:b43ff9046c6460b4,1,code coverage
cdp:b54a0cc8b4f49747,1,code coverage
action-pair:ui-type-paragraph->ui-heading-shortcut,1,action-pair
action-pair:ui-heading-shortcut->reload-post-action,1,action-pair
action-pair:reload-post-action->ui-type-title,1,action-pair
payload-size-profile:real-user-editing:11,197,payload-size
cdp:e6868182177b2b69,1,code coverage
cdp:e01de91f8aeb4fb1,1,code coverage
cdp:baf2a3fd5f1a5c16,1,code coverage
cdp:705092ba271f12a0,1,code coverage
action-pair:insert-block-gauntlet-block->insert-nested-group,4,action-pair
action-pair:insert-nested-group->edit-block-gauntlet-attributes,6,action-pair
cdp:a7060a58bda3b100,1,code coverage
cdp:268b8fc8a7f46708,1,code coverage
cdp:e23e3dd6ce14d12b,1,code coverage
cdp:a9ed88eba8f3757e,1,code coverage
cdp:978f6caf812348f7,1,code coverage
cdp:09dcf7de1ec70e02,1,code coverage
cdp:7ffd9643fd2360db,1,code coverage
cdp:79cc88cec8315ca2,1,code coverage
cdp:5538a5172850a1d7,1,code coverage
cdp:2be40a02d0308cd3,1,code coverage
cdp:9b8b3bbb7a6210a2,1,code coverage
cdp:d231b19147dac490,1,code coverage
cdp:b1a7802468d05e81,1,code coverage
cdp:c0c808a2d9be7f38,1,code coverage
cdp:2c8a7d863514f430,1,code coverage
cdp:df818d33c8d399eb,1,code coverage
cdp:b8d355c1874e45b4,1,code coverage
cdp:e37a2bfeaa26f95f,1,code coverage
cdp:c3bcf403065494e6,1,code coverage
cdp:0fa00958cc6b2542,1,code coverage
cdp:8d412fad617809a0,1,code coverage
action-pair:edit-paragraph->assert-selection-cursor-smoke,2,action-pair
action-pair:assert-selection-cursor-smoke->edit-formatted-paragraph-at-cursor,2,action-pair
action-pair:edit-formatted-paragraph-at-cursor->delete-block,3,action-pair
action-pair:edit-formatted-paragraph-at-cursor->edit-paragraph,1,action-pair
cdp:9ecf7441df06254a,1,code coverage
cdp:74c8ecdc14a9ece3,1,code coverage
cdp:dafc4f77ea4e9808,1,code coverage
cdp:5282fad9732ac99b,1,code coverage
cdp:6c358dae35ff371c,1,code coverage
cdp:e56797b9f60ee54f,1,code coverage
cdp:0236ec741eaf5206,1,code coverage
cdp:9f6c812df9f390c4,1,code coverage
cdp:2ce0f56bf145b1d1,1,code coverage
cdp:fd8b8b24b44bc3d8,1,code coverage
cdp:18a2388aa38b88b0,1,code coverage
cdp:d4349b2985c6bccf,1,code coverage
cdp:26534d1e518b35bb,1,code coverage
cdp:cc8a8e7a2c014a4d,1,code coverage
cdp:5009ea5d805cf756,1,code coverage
cdp:41cac9730da9211b,1,code coverage
cdp:1fa09495b9cc1559,1,code coverage
cdp:cd944c7dafdc394f,1,code coverage
cdp:827a79f9144e679e,1,code coverage
cdp:c82798b6dde27049,1,code coverage
cdp:2ab8611c91f45f62,1,code coverage
cdp:93473688cce4a89b,1,code coverage
cdp:c353b71445f2df6b,1,code coverage
cdp:d95c2b18c131aef9,1,code coverage
cdp:eed800d30a7e42d8,1,code coverage
cdp:d5aad59a61fb2bbf,1,code coverage
cdp:08ea94744bab0936,1,code coverage
cdp:f15e3c3d7d631e7c,1,code coverage
cdp:17d1c9df8b6d6f26,1,code coverage
cdp:a02a0ad2176ad5c4,1,code coverage
cdp:6f56f06f244d97ec,1,code coverage
cdp:64efc4e92716d434,1,code coverage
cdp:43bf13776318106f,1,code coverage
cdp:defbeb795f57be43,1,code coverage
cdp:8121f19bab076291,1,code coverage
cdp:e60c180743046c60,1,code coverage
cdp:6a1df50f54dc6393,1,code coverage
cdp:80422e2d817a2df3,1,code coverage
cdp:f43b1cf669cf29a9,1,code coverage
cdp:e45c2b870a861a39,1,code coverage
cdp:3d88b0b5e90dd2ce,1,code coverage
cdp:e9325ca5ea193ad5,1,code coverage
cdp:d39aa1af0c49ccd6,1,code coverage
cdp:4ffcb886846efd24,1,code coverage
cdp:4086d26c0b98a809,1,code coverage
cdp:44cabc8ab3fd2578,1,code coverage
cdp:a19dbdb27468fb0e,1,code coverage
cdp:5e31313036a2596c,1,code coverage
cdp:7d7066e79e66b507,1,code coverage
cdp:39121f5b5cdbd404,1,code coverage
cdp:ec39fafff12f7865,1,code coverage
cdp:0bc0ac96d80a5b7f,1,code coverage
cdp:f0b97c794698c8fd,1,code coverage
cdp:011d39c5130bad80,1,code coverage
cdp:0d7d98d469d641dd,1,code coverage
cdp:5e4709b044e65afe,1,code coverage
cdp:72e773de154373d2,1,code coverage
cdp:22efdea0c638747d,1,code coverage
cdp:3af0f95438f30648,1,code coverage
cdp:c9b200bfcf3a435e,1,code coverage
cdp:9350d50d145a9bd0,1,code coverage
cdp:763fb6af5ac94bcc,1,code coverage
cdp:06b0b38c77f01e41,1,code coverage
action-pair:insert-media-cross-entity-block->insert-heading,1,action-pair
action-pair:edit-nested-paragraph->edit-block-gauntlet-attributes,8,action-pair
action-pair:edit-table-array-attributes->assert-presence-list,1,action-pair
cdp:23ca2082f465db0f,1,code coverage
cdp:a78a057197630c3f,1,code coverage
cdp:a46ee72e351705a4,1,code coverage
cdp:7b9dab03445402b0,1,code coverage
action-pair:assert-selection-cursor-smoke->edit-common-block-attributes,2,action-pair
action-pair:edit-common-block-attributes->edit-table-array-attributes,4,action-pair
action-pair:edit-table-array-attributes->reparse-edited-content,4,action-pair
action-pair:assert-presence-list->assert-selection-cursor,7,action-pair
cdp:1015162f5de9fd67,1,code coverage
cdp:7efc343b288f7d65,1,code coverage
cdp:b253d4a8a4cd0228,1,code coverage
cdp:6210946965933ba3,1,code coverage
cdp:b8f181eb2bd58912,1,code coverage
cdp:6fa51631a48f6177,1,code coverage
cdp:735ad4a6799ec05e,1,code coverage
cdp:dcb671e0f90f16f9,1,code coverage
cdp:bba833b35c75c9ad,1,code coverage
cdp:d54880b1c8866056,1,code coverage
cdp:6816bffe5919b33d,1,code coverage
cdp:a1e1d2087d4a7647,1,code coverage
cdp:5aa742ca9153c8a9,1,code coverage
action-pair:edit-nested-paragraph->move-list-item,1,action-pair
action-pair:edit-common-block-attributes->edit-title,5,action-pair
cdp:fe77fcbca990e0fc,1,code coverage
action-pair:edit-formatted-paragraph-at-cursor->assert-selection-cursor,2,action-pair
action-pair:assert-selection-cursor->assert-presence-list,2,action-pair
cdp:9bea84e2a37729cf,1,code coverage
cdp:203b59973f0b3d7a,1,code coverage
cdp:d79739452b398ff9,1,code coverage
cdp:5bd477331ada907b,1,code coverage
cdp:03596a697d278c97,1,code coverage
cdp:5e31f029a5921a4e,1,code coverage
cdp:328104f0a40e052c,1,code coverage
cdp:b6111ce57b831b0e,1,code coverage
action-pair:concurrent-paragraphs->edit-common-block-attributes,3,action-pair
action-pair:edit-block-gauntlet-attributes->edit-nested-paragraph,8,action-pair
cdp:ca7812e632406d89,1,code coverage
cdp:431d9ba5fffcf391,1,code coverage
cdp:ee6d4edeb44b7a70,1,code coverage
cdp:86e8e20bf2814bb6,1,code coverage
cdp:48eff0a88a7fa3b6,1,code coverage
cdp:3bdeb0ca702524f1,1,code coverage
cdp:274e842f93e1008d,1,code coverage
cdp:db1769b5cf7b57df,1,code coverage
cdp:ebb069ab47f9096d,1,code coverage
cdp:297b5418998ff63e,1,code coverage
cdp:e3755dcdd5f6f95c,1,code coverage
cdp:76975dc1842e2717,1,code coverage
cdp:2915f74320c71cef,1,code coverage
cdp:5f98de2084de0363,1,code coverage
cdp:2b5fe4100e219ff4,1,code coverage
cdp:a73ce923d90bd18e,1,code coverage
cdp:338dbfbbd5ee3e8a,1,code coverage
action-pair:edit-rich-text-pair-block->edit-title,5,action-pair
action-pair:edit-title->insert-common-block,1,action-pair
cdp:08def13d8b92f152,1,code coverage
cdp:932755ad7d2317c5,1,code coverage
cdp:75f3cdb78b65e945,1,code coverage
cdp:e797c1b1040886b2,1,code coverage
cdp:87a7db4f6ce60be6,1,code coverage
cdp:24cde72923767161,1,code coverage
action-pair:assert-selection-cursor->insert-media-cross-entity-block,1,action-pair
action-pair:insert-media-cross-entity-block->append-paragraph,1,action-pair
cdp:62618071edb10ccf,1,code coverage
cdp:38b1c027dce419be,1,code coverage
cdp:1744899f964929aa,1,code coverage
cdp:b1102743c417d9aa,1,code coverage
action-pair:insert-paragraph->move-list-item,2,action-pair
cdp:d64ec36c4d28ac8c,1,code coverage
cdp:14e8e828b225e942,1,code coverage
cdp:a08072895567b547,1,code coverage
cdp:0047792db8d9cc44,1,code coverage
cdp:f95e154319406ab3,1,code coverage
cdp:f088affa98e5ecc6,1,code coverage
cdp:aca23717165c8d1a,1,code coverage
action-pair:edit-formatted-paragraph-at-cursor->insert-async-server-block,1,action-pair
action-pair:insert-async-server-block->insert-block-gauntlet-block,8,action-pair
cdp:1f216e6e3d136628,1,code coverage
cdp:200fa03523f3bb18,1,code coverage
cdp:16ac0d66865ba75b,1,code coverage
profile:permissions-auth-locks,242,profile
transport-profile:ws:permissions-auth-locks,242,transport
collaborator-role:contributor,242,collaborator
auth-session-expiry-probe:true,242,auth
step-count:16,246,step-count
payload-size-profile:permissions-auth-locks:9,36,payload-size
payload-size-profile:permissions-auth-locks:11,175,payload-size
fault:fail:403,71,fault
action-pair:insert-async-server-block->move-block-into-group,25,action-pair
fault:fail:401,92,fault
payload-size-profile:permissions-auth-locks:10,10,payload-size
block-depth:core/latest-posts:1,6,block-depth
payload-size-profile:permissions-auth-locks:12,17,payload-size
invariant:cross-page-exact-serialized-content:observed,17,invariant
invariant-signal:cross-page-exact-serialized-content,17,invariant
invariant:cross-page-canonical-serialized-content:fail,9,invariant
invariant-signal:cross-page-canonical-serialized-content,17,invariant
invariant:cross-page-canonical-edited-content:fail,9,invariant
invariant-signal:cross-page-canonical-edited-content,17,invariant
invariant:cross-page-exact-edited-content:fail,23,invariant
payload-size-profile:persistence-no-title:9,42,payload-size
step-count:18,721,step-count
real-user-action-sequence:ui-paste-paragraph>ui-link-paragraph>reload-post-action,16,real-user
action:ui-paste-paragraph,349,action
action:ui-link-paragraph,218,action
action-pair:ui-paste-paragraph->ui-link-paragraph,210,action-pair
action-pair:ui-link-paragraph->reload-post-action,19,action-pair
history-label:action:ui-paste-paragraph:invoke,349,history
history-label:action:ui-paste-paragraph:ok,349,history
history-label:action:ui-link-paragraph:invoke,218,history
history-label:action:ui-link-paragraph:ok,218,history
history:reload-post-action:fail,208,history
history-label:reload-post-action:reload-post-action:fail,208,history
operation-event-action:witnessed:ui-paste-paragraph:content,225,operation-ledger
operation-event-action:witnessed:ui-link-paragraph:content,218,operation-ledger
real-user-action-sequence:ui-paste-paragraph,124,real-user
real-user-template:rich-text-editing,199,real-user
real-user-action-sequence:ui-paste-paragraph>ui-link-paragraph>ui-list-indent>ui-composition-paragraph>ui-toolbar-format-paragraph>ui-cut-copy-paragraph,157,real-user
action:ui-composition-paragraph,188,action
action:ui-cut-copy-paragraph,157,action
action:ui-table-cell-edit,163,action
action-pair:ui-link-paragraph->ui-list-indent,195,action-pair
action-pair:ui-list-indent->ui-composition-paragraph,188,action-pair
action-pair:ui-composition-paragraph->ui-toolbar-format-paragraph,174,action-pair
action-pair:ui-toolbar-format-paragraph->ui-cut-copy-paragraph,157,action-pair
action-pair:ui-cut-copy-paragraph->ui-table-cell-edit,150,action-pair
action-pair:ui-table-cell-edit->ui-undo-redo-paragraph,141,action-pair
action-pair:ui-undo-redo-paragraph->ui-paste-paragraph,123,action-pair
action-pair:ui-cut-copy-paragraph->reload-post-action,12,action-pair
history-label:action:ui-list-indent:invoke,212,history
history-label:action:ui-list-indent:ok,212,history
history-label:action:ui-composition-paragraph:invoke,188,history
history-label:action:ui-composition-paragraph:ok,188,history
history-label:action:ui-toolbar-format-paragraph:invoke,184,history
history-label:action:ui-toolbar-format-paragraph:ok,184,history
history-label:action:ui-cut-copy-paragraph:invoke,157,history
history-label:action:ui-cut-copy-paragraph:ok,157,history
history-label:action:ui-table-cell-edit:invoke,163,history
history-label:action:ui-table-cell-edit:ok,163,history
operation-event-action:witnessed:ui-list-indent:content,212,operation-ledger
operation-event-action:witnessed:ui-composition-paragraph:content,188,operation-ledger
operation-event-action:witnessed:ui-toolbar-format-paragraph:content,184,operation-ledger
operation-event-action:witnessed:ui-cut-copy-paragraph:content,157,operation-ledger
operation-event-action:invalidated:ui-table-cell-edit:content,163,operation-ledger
operation-event-action:witnessed:ui-table-cell-edit:content,163,operation-ledger
operation-event-action:witnessed:reload-post-action:content,106,operation-ledger
block-depth:core/list:2,153,block-depth
block-depth:core/list-item:3,153,block-depth
real-user-action-sequence:,6,real-user
action-pair:ui-table-cell-edit->reload-post-action,28,action-pair
action-pair:ui-composition-paragraph->reload-post-action,31,action-pair
payload-size-profile:real-user-editing:12,48,payload-size
block-depth:core/list:3,59,block-depth
block-depth:core/list-item:4,59,block-depth
action-pair:ui-undo-redo-paragraph->reload-post-action,29,action-pair
real-user-action-sequence:ui-paste-paragraph>ui-link-paragraph>ui-list-indent>ui-composition-paragraph>ui-toolbar-format-paragraph>reload-post-action,17,real-user
action-pair:ui-toolbar-format-paragraph->reload-post-action,47,action-pair
total-blocks:38,8,other
total-blocks:39,70,other
real-user-action-sequence:ui-paste-paragraph>ui-link-paragraph>ui-list-indent>reload-post-action,6,real-user
action-pair:ui-list-indent->reload-post-action,14,action-pair
invariant:cross-page-canonical-serialized-content:observed,8,invariant
invariant:cross-page-canonical-edited-content:observed,8,invariant
total-blocks:36,7,other
action-pair:ui-paste-paragraph->reload-post-action,28,action-pair
initial:large-document-175,23,initial-content
step-count:36,23,step-count
real-user-action-sequence:insert-nested-group>late-join-post-action>ui-list-indent>ui-paste-paragraph>ui-undo-redo-paragraph>insert-async-server-block,6,real-user
action-pair:insert-nested-group->late-join-post-action,16,action-pair
action-pair:late-join-post-action->ui-list-indent,10,action-pair
action-pair:ui-list-indent->ui-paste-paragraph,6,action-pair
action-pair:ui-paste-paragraph->ui-undo-redo-paragraph,6,action-pair
action-pair:ui-undo-redo-paragraph->insert-async-server-block,11,action-pair
action-pair:insert-heading->ui-undo-redo-paragraph,10,action-pair
action-pair:ui-undo-redo-paragraph->ui-table-cell-edit,12,action-pair
action-pair:ui-table-cell-edit->ui-toolbar-format-paragraph,6,action-pair
action-pair:ui-toolbar-format-paragraph->move-block,7,action-pair
action-pair:move-block->ui-toolbar-format-paragraph,6,action-pair
action-pair:ui-toolbar-format-paragraph->ui-paste-paragraph,6,action-pair
action-pair:ui-paste-paragraph->ui-list-indent,6,action-pair
action-pair:ui-list-indent->insert-async-server-block,8,action-pair
total-blocks:120,34,other
serialized-size-log2:14,27,serialized-size
payload-size-profile:large-post-three-user-http-lifecycle:14,17,payload-size
payload-size-transport:http:14,17,payload-size
action-pair:edit-table-array-attributes->ui-type-paragraph,4,action-pair
action-pair:ui-type-paragraph->move-block,3,action-pair
action-pair:move-block->ui-type-paragraph,5,action-pair
action-pair:ui-type-paragraph->ui-paste-paragraph,5,action-pair
real-user-action-sequence:ui-link-paragraph>late-join-post-action>ui-undo-redo-paragraph>insert-nested-group>move-block>ui-undo-redo-paragraph,4,real-user
action-pair:ui-link-paragraph->late-join-post-action,5,action-pair
action-pair:late-join-post-action->ui-undo-redo-paragraph,4,action-pair
action-pair:ui-undo-redo-paragraph->insert-nested-group,4,action-pair
action-pair:move-block->ui-undo-redo-paragraph,5,action-pair
action-pair:ui-undo-redo-paragraph->insert-heading,4,action-pair
action-pair:insert-heading->ui-type-paragraph,4,action-pair
action-pair:ui-type-paragraph->ui-list-indent,4,action-pair
action-pair:ui-list-indent->append-paragraph,4,action-pair
action-pair:ui-table-cell-edit->concurrent-paragraphs,6,action-pair
action-pair:move-block->ui-list-indent,6,action-pair
action-pair:ui-list-indent->insert-nested-group,7,action-pair
action-pair:insert-nested-group->ui-list-indent,3,action-pair
action-pair:ui-list-indent->ui-type-paragraph,3,action-pair
action-pair:ui-type-paragraph->concurrent-paragraphs,3,action-pair
action-pair:concurrent-paragraphs->ui-link-paragraph,3,action-pair
action-pair:ui-link-paragraph->move-block-into-group,3,action-pair
serialized-size-log2:15,6,serialized-size
payload-size-profile:large-post-three-user-http-lifecycle:15,6,payload-size
payload-size-transport:http:15,6,payload-size
action-pair:edit-table-array-attributes->ui-link-paragraph,2,action-pair
action-pair:move-block-into-group->ui-list-indent,2,action-pair
action-pair:append-paragraph->ui-undo-redo-paragraph,2,action-pair
action-pair:ui-paste-paragraph->move-block,2,action-pair
profile:block-gauntlet,325,profile
transport-profile:ws:block-gauntlet,325,transport
payload-size-profile:block-gauntlet:9,84,payload-size
payload-size-profile:block-gauntlet:11,102,payload-size
action-pair:insert-block-gauntlet-block->insert-block-gauntlet-block,10,action-pair
payload-size-profile:block-gauntlet:12,5,payload-size
action-pair:insert-block-gauntlet-block->move-block,16,action-pair
payload-size-profile:block-gauntlet:10,69,payload-size
payload-size-profile:block-gauntlet:8,47,payload-size
action-pair:insert-common-block->edit-block-gauntlet-attributes,56,action-pair
block-depth:core/code:1,3,block-depth
action-pair:edit-nested-paragraph->insert-block-gauntlet-block,14,action-pair
action-pair:delete-nested-block->edit-block-gauntlet-attributes,9,action-pair
action-pair:ui-undo-redo-paragraph->late-join-post-action,4,action-pair
action-pair:late-join-post-action->assert-selection-cursor,9,action-pair
payload-size-profile:collaboration-ui-signals:8,13,payload-size
history-label:action:assert-selection-cursor-smoke:fail,52,history
action-pair:concurrent-paragraphs->late-join-post-action,13,action-pair
profile:common-blocks,334,profile
transport-profile:ws:common-blocks,334,transport
payload-size-profile:common-blocks:8,59,payload-size
payload-size-profile:common-blocks:10,118,payload-size
payload-size-profile:common-blocks:9,38,payload-size
payload-size-profile:common-blocks:11,109,payload-size
action-pair:insert-block-gauntlet-block->insert-common-block,14,action-pair
action-pair:edit-block-gauntlet-attributes->move-block,36,action-pair
action-pair:insert-paragraph->edit-common-block-attributes,11,action-pair
action-pair:append-paragraph->edit-block-gauntlet-attributes,5,action-pair
action-pair:edit-block-gauntlet-attributes->append-paragraph,6,action-pair
action-pair:insert-block-gauntlet-block->move-block-into-group,3,action-pair
profile:many-user-lifecycle,150,profile
transport-profile:ws:many-user-lifecycle,150,transport
initial:large-document-25,117,initial-content
step-count:14,117,step-count
payload-size-profile:many-user-lifecycle:12,113,payload-size
total-blocks:46,18,other
users:12,19,users
lifecycle:late-join:users-12,19,lifecycle
total-blocks:47,10,other
action-pair:insert-common-block->append-paragraph,6,action-pair
action-pair:edit-title->move-list-item,4,action-pair
action-pair:move-list-item->move-block-into-group,4,action-pair
action-pair:edit-rich-text-pair-block->edit-formatted-paragraph-at-cursor,3,action-pair
action-pair:edit-formatted-paragraph-at-cursor->move-block,4,action-pair
action-pair:edit-rich-text-pair-block->edit-paragraph,9,action-pair
action-pair:reparse-edited-content->insert-common-block,6,action-pair
action-pair:edit-nested-paragraph->append-parser-stress-content,4,action-pair
action-pair:insert-block-gauntlet-block->reparse-edited-content,6,action-pair
action-pair:reparse-edited-content->delete-nested-block,6,action-pair
action-pair:delete-nested-block->insert-media-cross-entity-block,3,action-pair
action-pair:edit-paragraph->move-list-item,5,action-pair
action-pair:move-list-item->edit-title,5,action-pair
action-pair:edit-rich-text-pair-block->edit-block-gauntlet-attributes,4,action-pair
profile:parser-transform,302,profile
transport-profile:ws:parser-transform,302,transport
payload-size-profile:parser-transform:8,68,payload-size
payload-size-profile:parser-transform:9,66,payload-size
action-pair:reparse-edited-content->append-parser-stress-content,4,action-pair
payload-size-profile:parser-transform:11,104,payload-size
action-pair:insert-heading->append-parser-stress-content,18,action-pair
payload-size-profile:parser-transform:10,51,payload-size
action-pair:delete-block->append-parser-stress-content,10,action-pair
action-pair:edit-paragraph->reparse-edited-content,9,action-pair
action-pair:reparse-edited-content->edit-paragraph,5,action-pair
action-pair:reparse-edited-content->delete-block,11,action-pair
payload-size-profile:revision-persistence:9,71,payload-size
payload-size-profile:revision-persistence:12,2,payload-size
payload-size-profile:revision-persistence:8,54,payload-size
profile:three-user-late-join,206,profile
transport-profile:ws:three-user-late-join,206,transport
action-pair:insert-paragraph->late-join-post-action,4,action-pair
action-pair:late-join-post-action->move-block-into-group,7,action-pair
payload-size-profile:three-user-late-join:10,58,payload-size
payload-size-profile:three-user-late-join:9,40,payload-size
action-pair:delete-nested-block->late-join-post-action,4,action-pair
action-pair:late-join-post-action->delete-nested-block,3,action-pair
payload-size-profile:three-user-late-join:8,36,payload-size
action-pair:late-join-post-action->insert-nested-group,3,action-pair
payload-size-profile:three-user-late-join:11,67,payload-size
profile:full,288,profile
transport-profile:http:full,139,transport
action-pair:edit-block-gauntlet-attributes->reparse-edited-content,9,action-pair
payload-size-profile:full:10,43,payload-size
action-pair:delete-block->edit-common-block-attributes,5,action-pair
payload-size-profile:full:11,80,payload-size
action-pair:move-block->edit-formatted-paragraph-at-cursor,2,action-pair
action-pair:edit-formatted-paragraph-at-cursor->edit-table-array-attributes,5,action-pair
action-pair:edit-table-array-attributes->insert-block-gauntlet-block,3,action-pair
action-pair:insert-heading->edit-formatted-paragraph-at-cursor,3,action-pair
action-pair:insert-paragraph->reparse-edited-content,6,action-pair
action-pair:delete-nested-block->append-parser-stress-content,3,action-pair
action-pair:reparse-edited-content->insert-async-server-block,4,action-pair
action-pair:edit-block-gauntlet-attributes->insert-common-block,40,action-pair
payload-size-profile:full:12,19,payload-size
action-pair:insert-common-block->move-block,53,action-pair
payload-size-profile:full:8,2,payload-size
payload-size-profile:full:9,19,payload-size
action-pair:reparse-edited-content->insert-heading,8,action-pair
action-pair:insert-paragraph->insert-common-block,4,action-pair
action-pair:insert-common-block->edit-nested-paragraph,2,action-pair
action-pair:edit-rich-text-pair-block->edit-common-block-attributes,2,action-pair
action-pair:insert-nested-group->edit-formatted-paragraph-at-cursor,1,action-pair
action-pair:edit-formatted-paragraph-at-cursor->edit-formatted-paragraph-at-cursor,3,action-pair
action-pair:delete-nested-block->edit-title,1,action-pair
action-pair:insert-heading->edit-rich-text-pair-block,2,action-pair
action-pair:edit-rich-text-pair-block->delete-nested-block,3,action-pair
action-pair:reparse-edited-content->move-block-into-group,4,action-pair
action-pair:insert-common-block->edit-formatted-paragraph-at-cursor,3,action-pair
action-pair:append-paragraph->append-parser-stress-content,4,action-pair
action-pair:insert-nested-group->insert-common-block,4,action-pair
action-pair:insert-common-block->delete-nested-block,2,action-pair
action-pair:edit-block-gauntlet-attributes->edit-paragraph,4,action-pair
action-pair:insert-common-block->move-block-into-group,7,action-pair
action-pair:append-parser-stress-content->edit-rich-text-pair-block,2,action-pair
action-pair:edit-rich-text-pair-block->reparse-edited-content,4,action-pair
action-pair:reparse-edited-content->move-block,4,action-pair
action-pair:append-parser-stress-content->delete-block,5,action-pair
action-pair:edit-common-block-attributes->edit-paragraph,7,action-pair
action-pair:insert-paragraph->edit-block-gauntlet-attributes,5,action-pair
action-pair:insert-common-block->edit-rich-text-pair-block,2,action-pair
action-pair:insert-block-gauntlet-block->insert-async-server-block,3,action-pair
action-pair:edit-title->move-block-into-group,2,action-pair
action-pair:edit-common-block-attributes->move-block-into-group,4,action-pair
action-pair:edit-nested-paragraph->edit-common-block-attributes,4,action-pair
action-pair:edit-common-block-attributes->insert-common-block,4,action-pair
action-pair:edit-block-gauntlet-attributes->edit-formatted-paragraph-at-cursor,3,action-pair
action-pair:edit-formatted-paragraph-at-cursor->insert-common-block,4,action-pair
action-pair:insert-common-block->insert-common-block,52,action-pair
action-pair:append-parser-stress-content->insert-common-block,2,action-pair
action-pair:delete-block->edit-rich-text-pair-block,3,action-pair
action-pair:edit-table-array-attributes->edit-block-gauntlet-attributes,3,action-pair
action-pair:edit-block-gauntlet-attributes->insert-async-server-block,100,action-pair
action-pair:insert-block-gauntlet-block->delete-block,10,action-pair
action-pair:edit-common-block-attributes->reparse-edited-content,2,action-pair
action-pair:append-parser-stress-content->edit-table-array-attributes,3,action-pair
payload-size-profile:full:13,3,payload-size
action-pair:edit-table-array-attributes->edit-formatted-paragraph-at-cursor,2,action-pair
action-pair:edit-formatted-paragraph-at-cursor->edit-common-block-attributes,5,action-pair
action-pair:delete-nested-block->edit-common-block-attributes,7,action-pair
action-pair:append-paragraph->edit-formatted-paragraph-at-cursor,2,action-pair
action-pair:insert-async-server-block->reparse-edited-content,2,action-pair
action-pair:edit-common-block-attributes->insert-heading,6,action-pair
action-pair:delete-block->insert-common-block,5,action-pair
action-pair:insert-common-block->insert-paragraph,7,action-pair
action-pair:delete-nested-block->edit-formatted-paragraph-at-cursor,1,action-pair
action-pair:edit-formatted-paragraph-at-cursor->append-paragraph,3,action-pair
action-pair:insert-async-server-block->insert-common-block,84,action-pair
action-pair:delete-nested-block->edit-rich-text-pair-block,2,action-pair
action-pair:edit-formatted-paragraph-at-cursor->edit-rich-text-pair-block,1,action-pair
action-pair:edit-rich-text-pair-block->edit-rich-text-pair-block,2,action-pair
action-pair:insert-nested-group->append-parser-stress-content,3,action-pair
action-pair:append-parser-stress-content->insert-async-server-block,4,action-pair
action-pair:insert-block-gauntlet-block->append-parser-stress-content,2,action-pair
action-pair:edit-title->edit-common-block-attributes,4,action-pair
block-depth:core/block:1,2,block-depth
action-pair:edit-title->append-parser-stress-content,2,action-pair
action-pair:move-block-into-group->edit-formatted-paragraph-at-cursor,3,action-pair
action-pair:edit-table-array-attributes->edit-rich-text-pair-block,1,action-pair
action-pair:insert-async-server-block->edit-block-gauntlet-attributes,103,action-pair
action-pair:insert-heading->edit-common-block-attributes,2,action-pair
action-pair:append-parser-stress-content->append-paragraph,2,action-pair
action-pair:insert-heading->edit-block-gauntlet-attributes,4,action-pair
action-pair:append-parser-stress-content->move-block,1,action-pair
action-pair:move-block-into-group->edit-title,3,action-pair
total-blocks:41,5,other
action-pair:edit-block-gauntlet-attributes->insert-paragraph,5,action-pair
action-pair:insert-paragraph->append-parser-stress-content,3,action-pair
action-pair:append-parser-stress-content->edit-nested-paragraph,4,action-pair
action-pair:edit-block-gauntlet-attributes->edit-common-block-attributes,2,action-pair
total-blocks:37,2,other
action-pair:edit-paragraph->edit-formatted-paragraph-at-cursor,2,action-pair
action-pair:edit-formatted-paragraph-at-cursor->edit-block-gauntlet-attributes,2,action-pair
action-pair:reparse-edited-content->insert-paragraph,11,action-pair
action-pair:insert-async-server-block->append-parser-stress-content,1,action-pair
action-pair:edit-rich-text-pair-block->insert-async-server-block,2,action-pair
block-depth:core/spacer:1,1,block-depth
action-pair:move-block->append-parser-stress-content,2,action-pair
total-blocks:52,1,other
action-pair:concurrent-paragraphs->insert-block-gauntlet-block,2,action-pair
transport-profile:ws:full,149,transport
invariant:unexpected-invalid-blocks:fail,2,invariant
action-pair:insert-common-block->insert-nested-group,1,action-pair
action-pair:edit-block-gauntlet-attributes->insert-heading,1,action-pair
action-pair:edit-title->reparse-edited-content,2,action-pair
profile:async-server-blocks,381,profile
transport-profile:ws:async-server-blocks,381,transport
operation-ledger-missing:4,9,operation-ledger
payload-size-profile:async-server-blocks:11,160,payload-size
payload-size-profile:async-server-blocks:12,61,payload-size
action-pair:move-block->insert-common-block,66,action-pair
payload-size-profile:async-server-blocks:9,136,payload-size
operation-ledger-missing:3,16,operation-ledger
payload-size-profile:async-server-blocks:8,1,payload-size
total-blocks:42,1,other
payload-size-profile:async-server-blocks:10,14,payload-size
profile:long-session-large-doc,10,profile
transport-profile:ws:long-session-large-doc,10,transport
initial:large-document-100,10,initial-content
step-count:48,10,step-count
payload-size-profile:long-session-large-doc:14,10,payload-size
payload-size-transport:ws:14,10,payload-size
block-depth:core/embed:1,3,block-depth
action-pair:move-block-into-group->insert-block-gauntlet-block,4,action-pair
action-pair:late-join-post-action->append-paragraph,6,action-pair
action-pair:append-paragraph->assert-selection-cursor-smoke,3,action-pair
action-pair:assert-presence-list->late-join-post-action,9,action-pair
lifecycle:late-join-post-action:users-12,4,lifecycle
action-pair:insert-heading->late-join-post-action,1,action-pair
action-pair:late-join-post-action->insert-paragraph,3,action-pair
action-pair:edit-nested-paragraph->late-join-post-action,5,action-pair
action-pair:late-join-post-action->edit-paragraph,4,action-pair
action-pair:move-block->reparse-edited-content,2,action-pair
action-pair:late-join-post-action->delete-block,2,action-pair
action-pair:insert-media-cross-entity-block->edit-formatted-paragraph-at-cursor,2,action-pair
action-pair:late-join-post-action->edit-nested-paragraph,1,action-pair
action-pair:late-join-post-action->insert-heading,11,action-pair
real-user-action-sequence:ui-type-title>late-join-post-action>ui-paste-paragraph>ui-table-cell-edit>ui-undo-redo-paragraph>edit-table-array-attributes,2,real-user
action-pair:ui-type-title->late-join-post-action,2,action-pair
action-pair:late-join-post-action->ui-paste-paragraph,2,action-pair
action-pair:ui-paste-paragraph->ui-table-cell-edit,2,action-pair
action-pair:ui-undo-redo-paragraph->edit-table-array-attributes,2,action-pair
action-pair:ui-type-paragraph->ui-type-paragraph,3,action-pair
action-pair:ui-type-paragraph->ui-toolbar-format-paragraph,2,action-pair
action-pair:ui-toolbar-format-paragraph->ui-toolbar-format-paragraph,2,action-pair
action-pair:ui-toolbar-format-paragraph->ui-type-title,2,action-pair
action-pair:ui-type-title->move-block,3,action-pair
action-pair:ui-type-paragraph->ui-table-cell-edit,2,action-pair
action-pair:move-block->ui-table-cell-edit,3,action-pair
action-pair:ui-table-cell-edit->move-block,2,action-pair
action-pair:ui-type-paragraph->ui-link-paragraph,3,action-pair
action-pair:ui-link-paragraph->insert-async-server-block,2,action-pair
action-pair:append-paragraph->ui-format-paragraph,3,action-pair
action-pair:ui-format-paragraph->concurrent-paragraphs,3,action-pair
action-pair:concurrent-paragraphs->ui-format-paragraph,3,action-pair
action-pair:move-block-into-group->assert-selection-cursor-smoke,3,action-pair
block-depth:core/preformatted:1,3,block-depth
users:13,47,users
lifecycle:late-join:users-13,47,lifecycle
payload-size-profile:many-user-lifecycle:8,19,payload-size
action-pair:edit-paragraph->late-join-post-action,1,action-pair
action-pair:assert-selection-cursor->edit-paragraph,4,action-pair
action-pair:append-paragraph->assert-presence-list,4,action-pair
lifecycle:late-join-post-action:users-13,9,lifecycle
payload-size-profile:many-user-lifecycle:10,13,payload-size
autosave-count:4,4,autosave
action-pair:ui-format-paragraph->ui-format-paragraph,1,action-pair
real-user-action-sequence:ui-paste-paragraph>ui-link-paragraph>ui-list-indent>ui-composition-paragraph>reload-post-action,14,real-user
action-pair:late-join-post-action->assert-selection-cursor-smoke,3,action-pair
action-pair:edit-table-array-attributes->late-join-post-action,1,action-pair
cdp:21ccfcf7e80b7416,1,code coverage
action-pair:delete-block->assert-selection-cursor,5,action-pair
cdp:885fea1398dc413d,1,code coverage
cdp:cccb0d58f9ec9089,1,code coverage
cdp:9a0e975aeb0bf0fe,1,code coverage
cdp:aec9cba7a6779a1b,1,code coverage
action-pair:late-join-post-action->ui-format-paragraph,1,action-pair
cdp:5e940c43fcdb1d8a,1,code coverage
cdp:f4e71ce747ab4bf0,1,code coverage
cdp:1a3fb721b764b7e9,1,code coverage
cdp:397e0d9faaaed74c,1,code coverage
cdp:fc5bf5ed59854b36,1,code coverage
real-user-action-sequence:concurrent-paragraphs>late-join-post-action>ui-type-title>append-paragraph>concurrent-paragraphs>ui-undo-redo-paragraph,5,real-user
action-pair:concurrent-paragraphs->ui-undo-redo-paragraph,5,action-pair
action-pair:assert-presence-list->reparse-edited-content,3,action-pair
cdp:ec1046bdeff65de5,1,code coverage
cdp:17875febd1539137,1,code coverage
cdp:ae266dc9a90779f7,1,code coverage
cdp:c402bd5992a4598e,1,code coverage
action-pair:edit-common-block-attributes->append-parser-stress-content,1,action-pair
cdp:9ab51de40936f8fc,1,code coverage
cdp:b57007a8574986eb,1,code coverage
cdp:fdb33b9a117ab50d,1,code coverage
cdp:54f82759014d78c7,1,code coverage
action-pair:insert-async-server-block->late-join-post-action,4,action-pair
cdp:9dd52e7e984f71a1,1,code coverage
cdp:3b3b90da6defb4c7,1,code coverage
cdp:52d4f25be0e4f525,1,code coverage
cdp:d78c0dc40e79a034,1,code coverage
cdp:215a74c6051b5140,1,code coverage
cdp:d8c36c5630ebdae1,1,code coverage
cdp:9e7b347af93256d5,1,code coverage
cdp:02030fa0a03ddeb4,1,code coverage
cdp:049ea57df9875478,1,code coverage
action-pair:move-block->late-join-post-action,5,action-pair
action-pair:late-join-post-action->move-block,3,action-pair
cdp:dd9f22459741ea18,1,code coverage
cdp:83c5c87b94303ff5,1,code coverage
cdp:0cefd0318ea80305,1,code coverage
cdp:a78cab48f16de3bb,1,code coverage
action-pair:concurrent-paragraphs->assert-selection-cursor,1,action-pair
lifecycle:lifecycle-reload:users-13,3,lifecycle
payload-size-profile:many-user-lifecycle:13,3,payload-size
payload-size-transport:ws:13,3,payload-size
action-pair:ui-type-title->insert-heading,2,action-pair
action-pair:insert-heading->assert-selection-cursor-smoke,1,action-pair
action-pair:assert-selection-cursor-smoke->concurrent-paragraphs,1,action-pair
action-pair:ui-type-paragraph->edit-table-array-attributes,1,action-pair
action-pair:move-block->assert-selection-cursor-smoke,1,action-pair
action-pair:assert-selection-cursor-smoke->edit-table-array-attributes,1,action-pair
total-blocks:100,1,other
real-user-action-sequence:append-paragraph>late-join-post-action>insert-heading>ui-paste-paragraph>ui-type-paragraph>ui-paste-paragraph,1,real-user
action-pair:insert-heading->ui-paste-paragraph,1,action-pair
action-pair:ui-paste-paragraph->ui-type-paragraph,5,action-pair
action-pair:ui-paste-paragraph->ui-toolbar-format-paragraph,1,action-pair
action-pair:ui-toolbar-format-paragraph->ui-type-paragraph,1,action-pair
action-pair:ui-type-paragraph->ui-undo-redo-paragraph,1,action-pair
action-pair:ui-undo-redo-paragraph->ui-list-indent,1,action-pair
action-pair:ui-list-indent->move-block-into-group,1,action-pair
action-pair:move-block-into-group->ui-type-paragraph,1,action-pair
action-pair:ui-type-paragraph->insert-async-server-block,1,action-pair
action-pair:insert-async-server-block->ui-type-paragraph,1,action-pair
action-pair:ui-list-indent->ui-type-title,1,action-pair
action-pair:ui-undo-redo-paragraph->concurrent-paragraphs,1,action-pair
action-pair:concurrent-paragraphs->ui-paste-paragraph,1,action-pair
action-pair:ui-paste-paragraph->ui-paste-paragraph,1,action-pair
action-pair:ui-paste-paragraph->insert-nested-group,1,action-pair
action-pair:insert-nested-group->ui-type-paragraph,1,action-pair
action-pair:insert-async-server-block->ui-type-title,1,action-pair
cdp:e88f92d1a2249d20,1,code coverage
cdp:395f1af44b8531c1,1,code coverage
cdp:8f1030dd1dacd367,1,code coverage
real-user-action-sequence:ui-link-paragraph>late-join-post-action>edit-table-array-attributes>ui-toolbar-format-paragraph>move-block>ui-type-paragraph,1,real-user
action-pair:late-join-post-action->edit-table-array-attributes,1,action-pair
action-pair:edit-table-array-attributes->ui-toolbar-format-paragraph,1,action-pair
action-pair:ui-type-paragraph->append-paragraph,1,action-pair
action-pair:ui-list-indent->ui-list-indent,1,action-pair
action-pair:ui-list-indent->ui-undo-redo-paragraph,1,action-pair
action-pair:ui-table-cell-edit->edit-table-array-attributes,1,action-pair
history-label:action:ui-toolbar-format-paragraph:fail,1,history
cdp:139d82988332301b,1,code coverage
cdp:c67c30ff9245134d,1,code coverage
cdp:55e11059d8ce2d4a,1,code coverage
cdp:d939490d5e1adad1,1,code coverage
cdp:36488eb9f1ae789e,1,code coverage
cdp:3a8dc4c281038a88,1,code coverage
cdp:c45167e9883611a3,1,code coverage
cdp:874c14aa89ef8065,1,code coverage
cdp:26ef9aee5b75535c,1,code coverage
cdp:8e4bb21221d2c65f,1,code coverage
cdp:bd44e187362d7fc4,1,code coverage
cdp:e90925e9c50410dc,1,code coverage
action-pair:move-block->assert-presence-list,1,action-pair
total-blocks:81,1,other
real-user-action-sequence:ui-type-paragraph>late-join-post-action>ui-list-indent>insert-nested-group>insert-nested-group>ui-paste-paragraph,4,real-user
action-pair:insert-nested-group->ui-paste-paragraph,4,action-pair
cdp:c7afafb494c1b596,1,code coverage
cdp:488fcdad155f1b7e,1,code coverage
cdp:4266a5211262d52d,1,code coverage
cdp:004dc43f9a5bd553,1,code coverage
users:31,1,users
lifecycle:late-join:users-31,1,lifecycle
cdp:ab421a45dc36bec8,1,code coverage
cdp:c176a8ccce941551,1,code coverage
cdp:3426b0ce7dec0632,1,code coverage
cdp:67becb2c858bfbc3,1,code coverage
