timestamp,campaign,run,group,fuzz_level,transport,profile,lanes,step_count,is_latest,source_path
2026-05-26T21:05:02Z,coverage-guided,run-20260526T210357Z,novelty-http-large-post-lifecycle,browser-e2e,http,large-post-three-user-http-lifecycle,1,36,FALSE,/media/volume/danluu-fuzz-data/rtc-coverage-guided-20260515/run-20260526T210357Z/supervisor-groups.json
2026-05-26T21:05:02Z,coverage-guided,run-20260526T210357Z,novelty-http-title-reload-convergence,browser-e2e,http,session-lifecycle,1,10,FALSE,/media/volume/danluu-fuzz-data/rtc-coverage-guided-20260515/run-20260526T210357Z/supervisor-groups.json
2026-05-26T21:05:02Z,coverage-guided,run-20260526T210357Z,novelty-http-same-user-stale-draft,browser-e2e,http,session-lifecycle,1,24,FALSE,/media/volume/danluu-fuzz-data/rtc-coverage-guided-20260515/run-20260526T210357Z/supervisor-groups.json
2026-05-26T21:05:02Z,coverage-guided,run-20260526T210357Z,novelty-http-table-stale-snapshot,browser-e2e,http,table-stale-snapshot-http,1,6,FALSE,/media/volume/danluu-fuzz-data/rtc-coverage-guided-20260515/run-20260526T210357Z/supervisor-groups.json
2026-05-26T21:05:02Z,coverage-guided,run-20260526T210357Z,novelty-http-existing-post-crdt-metadata,browser-e2e,http,persistence-no-title,1,10,FALSE,/media/volume/danluu-fuzz-data/rtc-coverage-guided-20260515/run-20260526T210357Z/supervisor-groups.json
2026-05-26T21:07:04Z,coverage-guided,run-20260526T210558Z,novelty-http-large-post-lifecycle,browser-e2e,http,large-post-three-user-http-lifecycle,1,36,FALSE,/media/volume/danluu-fuzz-data/rtc-coverage-guided-20260515/run-20260526T210558Z/supervisor-groups.json
2026-05-26T21:07:04Z,coverage-guided,run-20260526T210558Z,novelty-http-title-reload-convergence,browser-e2e,http,session-lifecycle,1,10,FALSE,/media/volume/danluu-fuzz-data/rtc-coverage-guided-20260515/run-20260526T210558Z/supervisor-groups.json
2026-05-26T21:07:04Z,coverage-guided,run-20260526T210558Z,novelty-http-same-user-stale-draft,browser-e2e,http,session-lifecycle,1,24,FALSE,/media/volume/danluu-fuzz-data/rtc-coverage-guided-20260515/run-20260526T210558Z/supervisor-groups.json
2026-05-26T21:07:04Z,coverage-guided,run-20260526T210558Z,novelty-http-table-stale-snapshot,browser-e2e,http,table-stale-snapshot-http,1,6,FALSE,/media/volume/danluu-fuzz-data/rtc-coverage-guided-20260515/run-20260526T210558Z/supervisor-groups.json
2026-05-26T21:07:04Z,coverage-guided,run-20260526T210558Z,novelty-http-existing-post-crdt-metadata,browser-e2e,http,persistence-no-title,1,10,FALSE,/media/volume/danluu-fuzz-data/rtc-coverage-guided-20260515/run-20260526T210558Z/supervisor-groups.json
2026-05-26T21:09:51Z,coverage-guided,run-20260526T210911Z,novelty-http-large-post-lifecycle,browser-e2e,http,large-post-three-user-http-lifecycle,1,36,FALSE,/media/volume/danluu-fuzz-data/rtc-coverage-guided-20260515/run-20260526T210911Z/supervisor-groups.json
2026-05-26T21:09:51Z,coverage-guided,run-20260526T210911Z,novelty-http-title-reload-convergence,browser-e2e,http,session-lifecycle,1,10,FALSE,/media/volume/danluu-fuzz-data/rtc-coverage-guided-20260515/run-20260526T210911Z/supervisor-groups.json
2026-05-26T21:09:51Z,coverage-guided,run-20260526T210911Z,novelty-http-same-user-stale-draft,browser-e2e,http,session-lifecycle,1,24,FALSE,/media/volume/danluu-fuzz-data/rtc-coverage-guided-20260515/run-20260526T210911Z/supervisor-groups.json
2026-05-26T21:09:51Z,coverage-guided,run-20260526T210911Z,novelty-http-table-stale-snapshot,browser-e2e,http,table-stale-snapshot-http,1,6,FALSE,/media/volume/danluu-fuzz-data/rtc-coverage-guided-20260515/run-20260526T210911Z/supervisor-groups.json
2026-05-26T21:09:51Z,coverage-guided,run-20260526T210911Z,novelty-http-existing-post-crdt-metadata,browser-e2e,http,persistence-no-title,1,10,FALSE,/media/volume/danluu-fuzz-data/rtc-coverage-guided-20260515/run-20260526T210911Z/supervisor-groups.json
2026-05-26T21:20:37Z,coverage-guided,run-20260526T211319Z,novelty-http-large-post-lifecycle,browser-e2e,http,large-post-three-user-http-lifecycle,1,36,FALSE,/media/volume/danluu-fuzz-data/rtc-coverage-guided-20260515/run-20260526T211319Z/supervisor-groups.json
2026-05-26T21:20:37Z,coverage-guided,run-20260526T211319Z,novelty-http-title-reload-convergence,browser-e2e,http,session-lifecycle,1,10,FALSE,/media/volume/danluu-fuzz-data/rtc-coverage-guided-20260515/run-20260526T211319Z/supervisor-groups.json
2026-05-26T21:20:37Z,coverage-guided,run-20260526T211319Z,novelty-http-same-user-stale-draft,browser-e2e,http,session-lifecycle,1,24,FALSE,/media/volume/danluu-fuzz-data/rtc-coverage-guided-20260515/run-20260526T211319Z/supervisor-groups.json
2026-05-26T21:20:37Z,coverage-guided,run-20260526T211319Z,novelty-http-table-stale-snapshot,browser-e2e,http,table-stale-snapshot-http,1,6,FALSE,/media/volume/danluu-fuzz-data/rtc-coverage-guided-20260515/run-20260526T211319Z/supervisor-groups.json
2026-05-26T21:20:37Z,coverage-guided,run-20260526T211319Z,novelty-http-existing-post-crdt-metadata,browser-e2e,http,persistence-no-title,1,10,FALSE,/media/volume/danluu-fuzz-data/rtc-coverage-guided-20260515/run-20260526T211319Z/supervisor-groups.json
2026-05-26T21:16:00Z,coverage-guided,run-20260526T211512Z,novelty-http-large-post-lifecycle,browser-e2e,http,large-post-three-user-http-lifecycle,1,36,FALSE,/media/volume/danluu-fuzz-data/rtc-coverage-guided-20260515/run-20260526T211512Z/supervisor-groups.json
2026-05-26T21:16:00Z,coverage-guided,run-20260526T211512Z,novelty-http-title-reload-convergence,browser-e2e,http,session-lifecycle,1,10,FALSE,/media/volume/danluu-fuzz-data/rtc-coverage-guided-20260515/run-20260526T211512Z/supervisor-groups.json
2026-05-26T21:16:00Z,coverage-guided,run-20260526T211512Z,novelty-http-same-user-stale-draft,browser-e2e,http,session-lifecycle,1,24,FALSE,/media/volume/danluu-fuzz-data/rtc-coverage-guided-20260515/run-20260526T211512Z/supervisor-groups.json
2026-05-26T21:16:00Z,coverage-guided,run-20260526T211512Z,novelty-http-table-stale-snapshot,browser-e2e,http,table-stale-snapshot-http,1,6,FALSE,/media/volume/danluu-fuzz-data/rtc-coverage-guided-20260515/run-20260526T211512Z/supervisor-groups.json
2026-05-26T21:16:00Z,coverage-guided,run-20260526T211512Z,novelty-http-existing-post-crdt-metadata,browser-e2e,http,persistence-no-title,1,10,FALSE,/media/volume/danluu-fuzz-data/rtc-coverage-guided-20260515/run-20260526T211512Z/supervisor-groups.json
2026-05-26T21:28:18Z,coverage-guided,run-20260526T212154Z,novelty-http-large-post-lifecycle,browser-e2e,http,large-post-three-user-http-lifecycle,1,36,FALSE,/media/volume/danluu-fuzz-data/rtc-coverage-guided-20260515/run-20260526T212154Z/supervisor-groups.json
2026-05-26T21:28:18Z,coverage-guided,run-20260526T212154Z,novelty-http-large-post-lifecycle-completion,browser-e2e,http,large-post-three-user-http-lifecycle,1,12,FALSE,/media/volume/danluu-fuzz-data/rtc-coverage-guided-20260515/run-20260526T212154Z/supervisor-groups.json
2026-05-26T21:28:18Z,coverage-guided,run-20260526T212154Z,novelty-http-title-reload-convergence,browser-e2e,http,session-lifecycle,1,10,FALSE,/media/volume/danluu-fuzz-data/rtc-coverage-guided-20260515/run-20260526T212154Z/supervisor-groups.json
2026-05-26T21:28:18Z,coverage-guided,run-20260526T212154Z,novelty-http-table-stale-snapshot,browser-e2e,http,table-stale-snapshot-http,1,6,FALSE,/media/volume/danluu-fuzz-data/rtc-coverage-guided-20260515/run-20260526T212154Z/supervisor-groups.json
2026-05-26T21:28:18Z,coverage-guided,run-20260526T212154Z,novelty-ws-collaboration-ui-signals,browser-e2e,ws,collaboration-ui-signals,1,10,FALSE,/media/volume/danluu-fuzz-data/rtc-coverage-guided-20260515/run-20260526T212154Z/supervisor-groups.json
2026-05-26T22:16:27Z,coverage-guided,run-20260526T212347Z,novelty-http-large-post-lifecycle,browser-e2e,http,large-post-three-user-http-lifecycle,1,36,FALSE,/media/volume/danluu-fuzz-data/rtc-coverage-guided-20260515/run-20260526T212347Z/supervisor-groups.json
2026-05-26T22:16:27Z,coverage-guided,run-20260526T212347Z,novelty-http-large-post-lifecycle-completion,browser-e2e,http,large-post-three-user-http-lifecycle,1,12,FALSE,/media/volume/danluu-fuzz-data/rtc-coverage-guided-20260515/run-20260526T212347Z/supervisor-groups.json
2026-05-26T22:16:27Z,coverage-guided,run-20260526T212347Z,novelty-http-title-reload-convergence,browser-e2e,http,session-lifecycle,1,10,FALSE,/media/volume/danluu-fuzz-data/rtc-coverage-guided-20260515/run-20260526T212347Z/supervisor-groups.json
2026-05-26T22:16:27Z,coverage-guided,run-20260526T212347Z,novelty-http-table-stale-snapshot,browser-e2e,http,table-stale-snapshot-http,1,6,FALSE,/media/volume/danluu-fuzz-data/rtc-coverage-guided-20260515/run-20260526T212347Z/supervisor-groups.json
2026-05-26T22:16:27Z,coverage-guided,run-20260526T212347Z,novelty-ws-collaboration-ui-signals,browser-e2e,ws,collaboration-ui-signals,1,10,FALSE,/media/volume/danluu-fuzz-data/rtc-coverage-guided-20260515/run-20260526T212347Z/supervisor-groups.json
2026-05-26T22:23:57Z,coverage-guided,run-20260526T221752Z,novelty-http-large-post-lifecycle,browser-e2e,http,large-post-three-user-http-lifecycle,1,36,FALSE,/media/volume/danluu-fuzz-data/rtc-coverage-guided-20260515/run-20260526T221752Z/supervisor-groups.json
2026-05-26T22:23:57Z,coverage-guided,run-20260526T221752Z,novelty-http-title-reload-convergence,browser-e2e,http,session-lifecycle,1,10,FALSE,/media/volume/danluu-fuzz-data/rtc-coverage-guided-20260515/run-20260526T221752Z/supervisor-groups.json
2026-05-26T22:23:57Z,coverage-guided,run-20260526T221752Z,novelty-http-same-user-stale-draft,browser-e2e,http,session-lifecycle,1,24,FALSE,/media/volume/danluu-fuzz-data/rtc-coverage-guided-20260515/run-20260526T221752Z/supervisor-groups.json
2026-05-26T22:23:57Z,coverage-guided,run-20260526T221752Z,novelty-http-table-stale-snapshot,browser-e2e,http,table-stale-snapshot-http,1,6,FALSE,/media/volume/danluu-fuzz-data/rtc-coverage-guided-20260515/run-20260526T221752Z/supervisor-groups.json
2026-05-26T22:23:57Z,coverage-guided,run-20260526T221752Z,novelty-ws-collaboration-ui-signals,browser-e2e,ws,collaboration-ui-signals,1,10,FALSE,/media/volume/danluu-fuzz-data/rtc-coverage-guided-20260515/run-20260526T221752Z/supervisor-groups.json
2026-05-26T22:27:27Z,coverage-guided,run-20260526T222031Z,novelty-ws-collaboration-ui-signals,browser-e2e,ws,collaboration-ui-signals,1,12,FALSE,/media/volume/danluu-fuzz-data/rtc-coverage-guided-20260515/run-20260526T222031Z/supervisor-groups.json
2026-05-26T22:27:27Z,coverage-guided,run-20260526T222031Z,novelty-http-large-post-lifecycle-completion,browser-e2e,http,large-post-three-user-http-lifecycle,1,12,FALSE,/media/volume/danluu-fuzz-data/rtc-coverage-guided-20260515/run-20260526T222031Z/supervisor-groups.json
2026-05-26T22:27:27Z,coverage-guided,run-20260526T222031Z,novelty-http-large-post-lifecycle,browser-e2e,http,large-post-three-user-http-lifecycle,1,36,FALSE,/media/volume/danluu-fuzz-data/rtc-coverage-guided-20260515/run-20260526T222031Z/supervisor-groups.json
2026-05-26T22:27:27Z,coverage-guided,run-20260526T222031Z,novelty-http-title-reload-convergence,browser-e2e,http,session-lifecycle,1,10,FALSE,/media/volume/danluu-fuzz-data/rtc-coverage-guided-20260515/run-20260526T222031Z/supervisor-groups.json
2026-05-26T22:27:27Z,coverage-guided,run-20260526T222031Z,novelty-http-same-user-stale-draft,browser-e2e,http,session-lifecycle,1,24,FALSE,/media/volume/danluu-fuzz-data/rtc-coverage-guided-20260515/run-20260526T222031Z/supervisor-groups.json
2026-05-26T22:39:12Z,coverage-guided,run-20260526T223203Z,novelty-ws-collaboration-ui-signals,browser-e2e,ws,collaboration-ui-signals,1,12,FALSE,/media/volume/danluu-fuzz-data/rtc-coverage-guided-20260515/run-20260526T223203Z/supervisor-groups.json
2026-05-26T22:39:12Z,coverage-guided,run-20260526T223203Z,novelty-http-large-post-lifecycle-completion,browser-e2e,http,large-post-three-user-http-lifecycle,1,12,FALSE,/media/volume/danluu-fuzz-data/rtc-coverage-guided-20260515/run-20260526T223203Z/supervisor-groups.json
2026-05-26T22:39:12Z,coverage-guided,run-20260526T223203Z,novelty-http-large-post-lifecycle,browser-e2e,http,large-post-three-user-http-lifecycle,1,36,FALSE,/media/volume/danluu-fuzz-data/rtc-coverage-guided-20260515/run-20260526T223203Z/supervisor-groups.json
2026-05-26T22:39:12Z,coverage-guided,run-20260526T223203Z,novelty-http-title-reload-convergence,browser-e2e,http,session-lifecycle,1,10,FALSE,/media/volume/danluu-fuzz-data/rtc-coverage-guided-20260515/run-20260526T223203Z/supervisor-groups.json
2026-05-26T22:39:12Z,coverage-guided,run-20260526T223203Z,novelty-http-same-user-stale-draft,browser-e2e,http,session-lifecycle,1,24,FALSE,/media/volume/danluu-fuzz-data/rtc-coverage-guided-20260515/run-20260526T223203Z/supervisor-groups.json
2026-05-26T22:52:15Z,coverage-guided,run-20260526T224412Z,novelty-ws-collaboration-ui-signals,browser-e2e,ws,collaboration-ui-signals,1,12,FALSE,/media/volume/danluu-fuzz-data/rtc-coverage-guided-20260515/run-20260526T224412Z/supervisor-groups.json
2026-05-26T22:52:15Z,coverage-guided,run-20260526T224412Z,novelty-http-large-post-lifecycle-completion,browser-e2e,http,large-post-three-user-http-lifecycle,1,12,FALSE,/media/volume/danluu-fuzz-data/rtc-coverage-guided-20260515/run-20260526T224412Z/supervisor-groups.json
2026-05-26T22:52:15Z,coverage-guided,run-20260526T224412Z,novelty-http-large-post-lifecycle,browser-e2e,http,large-post-three-user-http-lifecycle,1,36,FALSE,/media/volume/danluu-fuzz-data/rtc-coverage-guided-20260515/run-20260526T224412Z/supervisor-groups.json
2026-05-26T22:52:15Z,coverage-guided,run-20260526T224412Z,novelty-http-title-reload-convergence,browser-e2e,http,session-lifecycle,1,10,FALSE,/media/volume/danluu-fuzz-data/rtc-coverage-guided-20260515/run-20260526T224412Z/supervisor-groups.json
2026-05-26T22:52:15Z,coverage-guided,run-20260526T224412Z,novelty-http-same-user-stale-draft,browser-e2e,http,session-lifecycle,1,24,FALSE,/media/volume/danluu-fuzz-data/rtc-coverage-guided-20260515/run-20260526T224412Z/supervisor-groups.json
2026-05-26T23:00:54Z,coverage-guided,run-20260526T225304Z,novelty-ws-collaboration-ui-signals,browser-e2e,ws,collaboration-ui-signals,1,12,FALSE,/media/volume/danluu-fuzz-data/rtc-coverage-guided-20260515/run-20260526T225304Z/supervisor-groups.json
2026-05-26T23:00:54Z,coverage-guided,run-20260526T225304Z,novelty-http-large-post-lifecycle-completion,browser-e2e,http,large-post-three-user-http-lifecycle,1,12,FALSE,/media/volume/danluu-fuzz-data/rtc-coverage-guided-20260515/run-20260526T225304Z/supervisor-groups.json
2026-05-26T23:00:54Z,coverage-guided,run-20260526T225304Z,novelty-http-large-post-lifecycle,browser-e2e,http,large-post-three-user-http-lifecycle,1,36,FALSE,/media/volume/danluu-fuzz-data/rtc-coverage-guided-20260515/run-20260526T225304Z/supervisor-groups.json
2026-05-26T23:00:54Z,coverage-guided,run-20260526T225304Z,novelty-http-title-reload-convergence,browser-e2e,http,session-lifecycle,1,10,FALSE,/media/volume/danluu-fuzz-data/rtc-coverage-guided-20260515/run-20260526T225304Z/supervisor-groups.json
2026-05-26T23:00:54Z,coverage-guided,run-20260526T225304Z,novelty-http-same-user-stale-draft,browser-e2e,http,session-lifecycle,1,24,FALSE,/media/volume/danluu-fuzz-data/rtc-coverage-guided-20260515/run-20260526T225304Z/supervisor-groups.json
2026-05-26T23:06:48Z,coverage-guided,run-20260526T230601Z,novelty-http-large-post-lifecycle,browser-e2e,http,large-post-three-user-http-lifecycle,1,36,FALSE,/media/volume/danluu-fuzz-data/rtc-coverage-guided-20260515/run-20260526T230601Z/supervisor-groups.json
2026-05-26T23:06:48Z,coverage-guided,run-20260526T230601Z,novelty-http-title-reload-convergence,browser-e2e,http,session-lifecycle,1,10,FALSE,/media/volume/danluu-fuzz-data/rtc-coverage-guided-20260515/run-20260526T230601Z/supervisor-groups.json
2026-05-26T23:06:48Z,coverage-guided,run-20260526T230601Z,novelty-http-same-user-stale-draft,browser-e2e,http,session-lifecycle,1,24,FALSE,/media/volume/danluu-fuzz-data/rtc-coverage-guided-20260515/run-20260526T230601Z/supervisor-groups.json
2026-05-26T23:06:48Z,coverage-guided,run-20260526T230601Z,novelty-http-table-stale-snapshot,browser-e2e,http,table-stale-snapshot-http,1,6,FALSE,/media/volume/danluu-fuzz-data/rtc-coverage-guided-20260515/run-20260526T230601Z/supervisor-groups.json
2026-05-26T23:06:48Z,coverage-guided,run-20260526T230601Z,novelty-http-existing-post-crdt-metadata,browser-e2e,http,persistence-no-title,1,10,FALSE,/media/volume/danluu-fuzz-data/rtc-coverage-guided-20260515/run-20260526T230601Z/supervisor-groups.json
2026-05-26T23:12:12Z,coverage-guided,run-20260526T231126Z,novelty-http-large-post-lifecycle,browser-e2e,http,large-post-three-user-http-lifecycle,1,36,FALSE,/media/volume/danluu-fuzz-data/rtc-coverage-guided-20260515/run-20260526T231126Z/supervisor-groups.json
2026-05-26T23:12:12Z,coverage-guided,run-20260526T231126Z,novelty-http-title-reload-convergence,browser-e2e,http,session-lifecycle,1,10,FALSE,/media/volume/danluu-fuzz-data/rtc-coverage-guided-20260515/run-20260526T231126Z/supervisor-groups.json
2026-05-26T23:12:12Z,coverage-guided,run-20260526T231126Z,novelty-http-same-user-stale-draft,browser-e2e,http,session-lifecycle,1,24,FALSE,/media/volume/danluu-fuzz-data/rtc-coverage-guided-20260515/run-20260526T231126Z/supervisor-groups.json
2026-05-26T23:12:12Z,coverage-guided,run-20260526T231126Z,novelty-http-table-stale-snapshot,browser-e2e,http,table-stale-snapshot-http,1,6,FALSE,/media/volume/danluu-fuzz-data/rtc-coverage-guided-20260515/run-20260526T231126Z/supervisor-groups.json
2026-05-26T23:12:12Z,coverage-guided,run-20260526T231126Z,novelty-http-existing-post-crdt-metadata,browser-e2e,http,persistence-no-title,1,10,FALSE,/media/volume/danluu-fuzz-data/rtc-coverage-guided-20260515/run-20260526T231126Z/supervisor-groups.json
2026-05-26T23:13:19Z,coverage-guided,run-20260526T231212Z,novelty-http-large-post-lifecycle,browser-e2e,http,large-post-three-user-http-lifecycle,1,36,FALSE,/media/volume/danluu-fuzz-data/rtc-coverage-guided-20260515/run-20260526T231212Z/supervisor-groups.json
2026-05-26T23:13:19Z,coverage-guided,run-20260526T231212Z,novelty-http-title-reload-convergence,browser-e2e,http,session-lifecycle,1,10,FALSE,/media/volume/danluu-fuzz-data/rtc-coverage-guided-20260515/run-20260526T231212Z/supervisor-groups.json
2026-05-26T23:13:19Z,coverage-guided,run-20260526T231212Z,novelty-http-same-user-stale-draft,browser-e2e,http,session-lifecycle,1,24,FALSE,/media/volume/danluu-fuzz-data/rtc-coverage-guided-20260515/run-20260526T231212Z/supervisor-groups.json
2026-05-26T23:13:19Z,coverage-guided,run-20260526T231212Z,novelty-http-table-stale-snapshot,browser-e2e,http,table-stale-snapshot-http,1,6,FALSE,/media/volume/danluu-fuzz-data/rtc-coverage-guided-20260515/run-20260526T231212Z/supervisor-groups.json
2026-05-26T23:13:19Z,coverage-guided,run-20260526T231212Z,novelty-http-existing-post-crdt-metadata,browser-e2e,http,persistence-no-title,1,10,FALSE,/media/volume/danluu-fuzz-data/rtc-coverage-guided-20260515/run-20260526T231212Z/supervisor-groups.json
2026-05-26T23:18:01Z,coverage-guided,run-20260526T231705Z,novelty-http-large-post-lifecycle,browser-e2e,http,large-post-three-user-http-lifecycle,1,36,FALSE,/media/volume/danluu-fuzz-data/rtc-coverage-guided-20260515/run-20260526T231705Z/supervisor-groups.json
2026-05-26T23:18:01Z,coverage-guided,run-20260526T231705Z,novelty-http-title-reload-convergence,browser-e2e,http,session-lifecycle,1,10,FALSE,/media/volume/danluu-fuzz-data/rtc-coverage-guided-20260515/run-20260526T231705Z/supervisor-groups.json
2026-05-26T23:18:01Z,coverage-guided,run-20260526T231705Z,novelty-http-same-user-stale-draft,browser-e2e,http,session-lifecycle,1,24,FALSE,/media/volume/danluu-fuzz-data/rtc-coverage-guided-20260515/run-20260526T231705Z/supervisor-groups.json
2026-05-26T23:18:01Z,coverage-guided,run-20260526T231705Z,novelty-http-table-stale-snapshot,browser-e2e,http,table-stale-snapshot-http,1,6,FALSE,/media/volume/danluu-fuzz-data/rtc-coverage-guided-20260515/run-20260526T231705Z/supervisor-groups.json
2026-05-26T23:18:01Z,coverage-guided,run-20260526T231705Z,novelty-http-existing-post-crdt-metadata,browser-e2e,http,persistence-no-title,1,10,FALSE,/media/volume/danluu-fuzz-data/rtc-coverage-guided-20260515/run-20260526T231705Z/supervisor-groups.json
2026-05-26T23:47:29Z,coverage-guided,run-20260526T231844Z,novelty-http-large-post-lifecycle-completion,browser-e2e,http,large-post-three-user-http-lifecycle,1,12,FALSE,/media/volume/danluu-fuzz-data/rtc-coverage-guided-20260515/run-20260526T231844Z/supervisor-groups.json
2026-05-26T23:47:29Z,coverage-guided,run-20260526T231844Z,novelty-http-large-post-lifecycle,browser-e2e,http,large-post-three-user-http-lifecycle,1,36,FALSE,/media/volume/danluu-fuzz-data/rtc-coverage-guided-20260515/run-20260526T231844Z/supervisor-groups.json
2026-05-26T23:47:29Z,coverage-guided,run-20260526T231844Z,novelty-http-title-reload-convergence,browser-e2e,http,session-lifecycle,1,10,FALSE,/media/volume/danluu-fuzz-data/rtc-coverage-guided-20260515/run-20260526T231844Z/supervisor-groups.json
2026-05-26T23:47:29Z,coverage-guided,run-20260526T231844Z,novelty-http-same-user-stale-draft,browser-e2e,http,session-lifecycle,1,24,FALSE,/media/volume/danluu-fuzz-data/rtc-coverage-guided-20260515/run-20260526T231844Z/supervisor-groups.json
2026-05-26T23:47:29Z,coverage-guided,run-20260526T231844Z,novelty-http-table-stale-snapshot,browser-e2e,http,table-stale-snapshot-http,1,6,FALSE,/media/volume/danluu-fuzz-data/rtc-coverage-guided-20260515/run-20260526T231844Z/supervisor-groups.json
2026-05-26T23:47:29Z,coverage-guided,run-20260526T231844Z,novelty-http-existing-post-crdt-metadata,browser-e2e,http,persistence-no-title,1,10,FALSE,/media/volume/danluu-fuzz-data/rtc-coverage-guided-20260515/run-20260526T231844Z/supervisor-groups.json
2026-05-26T23:36:23Z,coverage-guided,run-20260526T233514Z,novelty-http-large-post-lifecycle,browser-e2e,http,large-post-three-user-http-lifecycle,1,36,FALSE,/media/volume/danluu-fuzz-data/rtc-coverage-guided-20260515/run-20260526T233514Z/supervisor-groups.json
2026-05-26T23:36:23Z,coverage-guided,run-20260526T233514Z,novelty-http-title-reload-convergence,browser-e2e,http,session-lifecycle,1,10,FALSE,/media/volume/danluu-fuzz-data/rtc-coverage-guided-20260515/run-20260526T233514Z/supervisor-groups.json
2026-05-26T23:36:23Z,coverage-guided,run-20260526T233514Z,novelty-http-same-user-stale-draft,browser-e2e,http,session-lifecycle,1,24,FALSE,/media/volume/danluu-fuzz-data/rtc-coverage-guided-20260515/run-20260526T233514Z/supervisor-groups.json
2026-05-26T23:36:23Z,coverage-guided,run-20260526T233514Z,novelty-http-table-stale-snapshot,browser-e2e,http,table-stale-snapshot-http,1,6,FALSE,/media/volume/danluu-fuzz-data/rtc-coverage-guided-20260515/run-20260526T233514Z/supervisor-groups.json
2026-05-26T23:36:23Z,coverage-guided,run-20260526T233514Z,novelty-http-existing-post-crdt-metadata,browser-e2e,http,persistence-no-title,1,10,FALSE,/media/volume/danluu-fuzz-data/rtc-coverage-guided-20260515/run-20260526T233514Z/supervisor-groups.json
2026-05-26T23:47:54Z,coverage-guided,run-20260526T234156Z,novelty-http-large-post-lifecycle,browser-e2e,http,large-post-three-user-http-lifecycle,1,36,FALSE,/media/volume/danluu-fuzz-data/rtc-coverage-guided-20260515/run-20260526T234156Z/supervisor-groups.json
2026-05-26T23:47:54Z,coverage-guided,run-20260526T234156Z,novelty-http-title-reload-convergence,browser-e2e,http,session-lifecycle,1,10,FALSE,/media/volume/danluu-fuzz-data/rtc-coverage-guided-20260515/run-20260526T234156Z/supervisor-groups.json
2026-05-26T23:47:54Z,coverage-guided,run-20260526T234156Z,novelty-http-same-user-stale-draft,browser-e2e,http,session-lifecycle,1,24,FALSE,/media/volume/danluu-fuzz-data/rtc-coverage-guided-20260515/run-20260526T234156Z/supervisor-groups.json
2026-05-26T23:47:54Z,coverage-guided,run-20260526T234156Z,novelty-http-table-stale-snapshot,browser-e2e,http,table-stale-snapshot-http,1,6,FALSE,/media/volume/danluu-fuzz-data/rtc-coverage-guided-20260515/run-20260526T234156Z/supervisor-groups.json
2026-05-26T23:47:54Z,coverage-guided,run-20260526T234156Z,novelty-http-existing-post-crdt-metadata,browser-e2e,http,persistence-no-title,1,10,FALSE,/media/volume/danluu-fuzz-data/rtc-coverage-guided-20260515/run-20260526T234156Z/supervisor-groups.json
2026-05-26T23:43:57Z,coverage-guided,run-20260526T234310Z,novelty-http-large-post-lifecycle,browser-e2e,http,large-post-three-user-http-lifecycle,1,36,FALSE,/media/volume/danluu-fuzz-data/rtc-coverage-guided-20260515/run-20260526T234310Z/supervisor-groups.json
2026-05-26T23:43:57Z,coverage-guided,run-20260526T234310Z,novelty-http-title-reload-convergence,browser-e2e,http,session-lifecycle,1,10,FALSE,/media/volume/danluu-fuzz-data/rtc-coverage-guided-20260515/run-20260526T234310Z/supervisor-groups.json
2026-05-26T23:43:57Z,coverage-guided,run-20260526T234310Z,novelty-http-same-user-stale-draft,browser-e2e,http,session-lifecycle,1,24,FALSE,/media/volume/danluu-fuzz-data/rtc-coverage-guided-20260515/run-20260526T234310Z/supervisor-groups.json
2026-05-26T23:43:57Z,coverage-guided,run-20260526T234310Z,novelty-http-table-stale-snapshot,browser-e2e,http,table-stale-snapshot-http,1,6,FALSE,/media/volume/danluu-fuzz-data/rtc-coverage-guided-20260515/run-20260526T234310Z/supervisor-groups.json
2026-05-26T23:43:57Z,coverage-guided,run-20260526T234310Z,novelty-http-existing-post-crdt-metadata,browser-e2e,http,persistence-no-title,1,10,FALSE,/media/volume/danluu-fuzz-data/rtc-coverage-guided-20260515/run-20260526T234310Z/supervisor-groups.json
2026-05-26T23:52:16Z,coverage-guided,run-20260526T234539Z,novelty-http-large-post-lifecycle,browser-e2e,http,large-post-three-user-http-lifecycle,1,36,FALSE,/media/volume/danluu-fuzz-data/rtc-coverage-guided-20260515/run-20260526T234539Z/supervisor-groups.json
2026-05-26T23:52:16Z,coverage-guided,run-20260526T234539Z,novelty-http-title-reload-convergence,browser-e2e,http,session-lifecycle,1,10,FALSE,/media/volume/danluu-fuzz-data/rtc-coverage-guided-20260515/run-20260526T234539Z/supervisor-groups.json
2026-05-26T23:52:16Z,coverage-guided,run-20260526T234539Z,novelty-http-same-user-stale-draft,browser-e2e,http,session-lifecycle,1,24,FALSE,/media/volume/danluu-fuzz-data/rtc-coverage-guided-20260515/run-20260526T234539Z/supervisor-groups.json
2026-05-26T23:52:16Z,coverage-guided,run-20260526T234539Z,novelty-http-table-stale-snapshot,browser-e2e,http,table-stale-snapshot-http,1,6,FALSE,/media/volume/danluu-fuzz-data/rtc-coverage-guided-20260515/run-20260526T234539Z/supervisor-groups.json
2026-05-26T23:52:16Z,coverage-guided,run-20260526T234539Z,novelty-http-existing-post-crdt-metadata,browser-e2e,http,persistence-no-title,1,10,FALSE,/media/volume/danluu-fuzz-data/rtc-coverage-guided-20260515/run-20260526T234539Z/supervisor-groups.json
2026-05-27T00:02:17Z,coverage-guided,run-20260526T235500Z,novelty-http-large-post-lifecycle-completion,browser-e2e,http,large-post-three-user-http-lifecycle,1,12,FALSE,/media/volume/danluu-fuzz-data/rtc-coverage-guided-20260515/run-20260526T235500Z/supervisor-groups.json
2026-05-27T00:02:17Z,coverage-guided,run-20260526T235500Z,novelty-http-large-post-lifecycle,browser-e2e,http,large-post-three-user-http-lifecycle,1,36,FALSE,/media/volume/danluu-fuzz-data/rtc-coverage-guided-20260515/run-20260526T235500Z/supervisor-groups.json
2026-05-27T00:02:17Z,coverage-guided,run-20260526T235500Z,novelty-http-title-reload-convergence,browser-e2e,http,session-lifecycle,1,10,FALSE,/media/volume/danluu-fuzz-data/rtc-coverage-guided-20260515/run-20260526T235500Z/supervisor-groups.json
2026-05-27T00:02:17Z,coverage-guided,run-20260526T235500Z,novelty-http-same-user-stale-draft,browser-e2e,http,session-lifecycle,1,24,FALSE,/media/volume/danluu-fuzz-data/rtc-coverage-guided-20260515/run-20260526T235500Z/supervisor-groups.json
2026-05-27T00:02:17Z,coverage-guided,run-20260526T235500Z,novelty-http-table-stale-snapshot,browser-e2e,http,table-stale-snapshot-http,1,6,FALSE,/media/volume/danluu-fuzz-data/rtc-coverage-guided-20260515/run-20260526T235500Z/supervisor-groups.json
2026-05-27T00:02:17Z,coverage-guided,run-20260526T235500Z,novelty-http-existing-post-crdt-metadata,browser-e2e,http,persistence-no-title,1,10,FALSE,/media/volume/danluu-fuzz-data/rtc-coverage-guided-20260515/run-20260526T235500Z/supervisor-groups.json
2026-05-27T00:07:26Z,coverage-guided,run-20260526T235944Z,novelty-http-large-post-lifecycle,browser-e2e,http,large-post-three-user-http-lifecycle,1,36,FALSE,/media/volume/danluu-fuzz-data/rtc-coverage-guided-20260515/run-20260526T235944Z/supervisor-groups.json
2026-05-27T00:07:26Z,coverage-guided,run-20260526T235944Z,novelty-http-title-reload-convergence,browser-e2e,http,session-lifecycle,1,10,FALSE,/media/volume/danluu-fuzz-data/rtc-coverage-guided-20260515/run-20260526T235944Z/supervisor-groups.json
2026-05-27T00:07:26Z,coverage-guided,run-20260526T235944Z,novelty-http-same-user-stale-draft,browser-e2e,http,session-lifecycle,1,24,FALSE,/media/volume/danluu-fuzz-data/rtc-coverage-guided-20260515/run-20260526T235944Z/supervisor-groups.json
2026-05-27T00:07:26Z,coverage-guided,run-20260526T235944Z,novelty-http-table-stale-snapshot,browser-e2e,http,table-stale-snapshot-http,1,6,FALSE,/media/volume/danluu-fuzz-data/rtc-coverage-guided-20260515/run-20260526T235944Z/supervisor-groups.json
2026-05-27T00:07:26Z,coverage-guided,run-20260526T235944Z,novelty-http-existing-post-crdt-metadata,browser-e2e,http,persistence-no-title,1,10,FALSE,/media/volume/danluu-fuzz-data/rtc-coverage-guided-20260515/run-20260526T235944Z/supervisor-groups.json
2026-05-27T00:16:33Z,coverage-guided,run-20260527T000930Z,novelty-http-large-post-lifecycle,browser-e2e,http,large-post-three-user-http-lifecycle,1,36,FALSE,/media/volume/danluu-fuzz-data/rtc-coverage-guided-20260515/run-20260527T000930Z/supervisor-groups.json
2026-05-27T00:16:33Z,coverage-guided,run-20260527T000930Z,novelty-http-title-reload-convergence,browser-e2e,http,session-lifecycle,1,10,FALSE,/media/volume/danluu-fuzz-data/rtc-coverage-guided-20260515/run-20260527T000930Z/supervisor-groups.json
2026-05-27T00:16:33Z,coverage-guided,run-20260527T000930Z,novelty-http-same-user-stale-draft,browser-e2e,http,session-lifecycle,1,24,FALSE,/media/volume/danluu-fuzz-data/rtc-coverage-guided-20260515/run-20260527T000930Z/supervisor-groups.json
2026-05-27T00:16:33Z,coverage-guided,run-20260527T000930Z,novelty-http-table-stale-snapshot,browser-e2e,http,table-stale-snapshot-http,1,6,FALSE,/media/volume/danluu-fuzz-data/rtc-coverage-guided-20260515/run-20260527T000930Z/supervisor-groups.json
2026-05-27T00:16:33Z,coverage-guided,run-20260527T000930Z,novelty-ws-collaboration-ui-signals,browser-e2e,ws,collaboration-ui-signals,1,12,FALSE,/media/volume/danluu-fuzz-data/rtc-coverage-guided-20260515/run-20260527T000930Z/supervisor-groups.json
2026-05-27T00:23:29Z,coverage-guided,run-20260527T001518Z,novelty-http-large-post-lifecycle,browser-e2e,http,large-post-three-user-http-lifecycle,1,36,FALSE,/media/volume/danluu-fuzz-data/rtc-coverage-guided-20260515/run-20260527T001518Z/supervisor-groups.json
2026-05-27T00:23:29Z,coverage-guided,run-20260527T001518Z,novelty-http-title-reload-convergence,browser-e2e,http,session-lifecycle,1,10,FALSE,/media/volume/danluu-fuzz-data/rtc-coverage-guided-20260515/run-20260527T001518Z/supervisor-groups.json
2026-05-27T00:23:29Z,coverage-guided,run-20260527T001518Z,novelty-http-same-user-stale-draft,browser-e2e,http,session-lifecycle,1,24,FALSE,/media/volume/danluu-fuzz-data/rtc-coverage-guided-20260515/run-20260527T001518Z/supervisor-groups.json
2026-05-27T00:23:29Z,coverage-guided,run-20260527T001518Z,novelty-http-table-stale-snapshot,browser-e2e,http,table-stale-snapshot-http,1,6,FALSE,/media/volume/danluu-fuzz-data/rtc-coverage-guided-20260515/run-20260527T001518Z/supervisor-groups.json
2026-05-27T00:23:29Z,coverage-guided,run-20260527T001518Z,novelty-ws-collaboration-ui-signals,browser-e2e,ws,collaboration-ui-signals,1,12,FALSE,/media/volume/danluu-fuzz-data/rtc-coverage-guided-20260515/run-20260527T001518Z/supervisor-groups.json
2026-05-27T00:37:56Z,coverage-guided,run-20260527T002935Z,novelty-http-large-post-lifecycle,browser-e2e,http,large-post-three-user-http-lifecycle,1,36,FALSE,/media/volume/danluu-fuzz-data/rtc-coverage-guided-20260515/run-20260527T002935Z/supervisor-groups.json
2026-05-27T00:37:56Z,coverage-guided,run-20260527T002935Z,novelty-http-title-reload-convergence,browser-e2e,http,session-lifecycle,1,10,FALSE,/media/volume/danluu-fuzz-data/rtc-coverage-guided-20260515/run-20260527T002935Z/supervisor-groups.json
2026-05-27T00:37:56Z,coverage-guided,run-20260527T002935Z,novelty-http-same-user-stale-draft,browser-e2e,http,session-lifecycle,1,24,FALSE,/media/volume/danluu-fuzz-data/rtc-coverage-guided-20260515/run-20260527T002935Z/supervisor-groups.json
2026-05-27T00:37:56Z,coverage-guided,run-20260527T002935Z,novelty-http-table-stale-snapshot,browser-e2e,http,table-stale-snapshot-http,1,6,FALSE,/media/volume/danluu-fuzz-data/rtc-coverage-guided-20260515/run-20260527T002935Z/supervisor-groups.json
2026-05-27T00:37:56Z,coverage-guided,run-20260527T002935Z,novelty-ws-collaboration-ui-signals,browser-e2e,ws,collaboration-ui-signals,1,12,FALSE,/media/volume/danluu-fuzz-data/rtc-coverage-guided-20260515/run-20260527T002935Z/supervisor-groups.json
2026-05-27T01:13:21Z,coverage-guided,run-20260527T004125Z,novelty-http-large-post-lifecycle,browser-e2e,http,large-post-three-user-http-lifecycle,1,36,FALSE,/media/volume/danluu-fuzz-data/rtc-coverage-guided-20260515/run-20260527T004125Z/supervisor-groups.json
2026-05-27T01:13:21Z,coverage-guided,run-20260527T004125Z,novelty-http-table-stale-snapshot,browser-e2e,http,table-stale-snapshot-http,1,6,FALSE,/media/volume/danluu-fuzz-data/rtc-coverage-guided-20260515/run-20260527T004125Z/supervisor-groups.json
2026-05-27T01:13:21Z,coverage-guided,run-20260527T004125Z,novelty-ws-collaboration-ui-signals,browser-e2e,ws,collaboration-ui-signals,1,12,FALSE,/media/volume/danluu-fuzz-data/rtc-coverage-guided-20260515/run-20260527T004125Z/supervisor-groups.json
2026-05-27T01:13:21Z,coverage-guided,run-20260527T004125Z,novelty-http-existing-post-crdt-metadata,browser-e2e,http,persistence-no-title,1,10,FALSE,/media/volume/danluu-fuzz-data/rtc-coverage-guided-20260515/run-20260527T004125Z/supervisor-groups.json
2026-05-27T01:13:21Z,coverage-guided,run-20260527T004125Z,novelty-ws-parser-serialization,browser-e2e,ws,parser-serialization,1,9,FALSE,/media/volume/danluu-fuzz-data/rtc-coverage-guided-20260515/run-20260527T004125Z/supervisor-groups.json
2026-05-27T01:27:19Z,coverage-guided,run-20260527T012537Z,novelty-http-large-post-lifecycle,browser-e2e,http,large-post-three-user-http-lifecycle,1,36,FALSE,/media/volume/danluu-fuzz-data/rtc-coverage-guided-20260515/run-20260527T012537Z/supervisor-groups.json
2026-05-27T01:27:19Z,coverage-guided,run-20260527T012537Z,novelty-http-table-stale-snapshot,browser-e2e,http,table-stale-snapshot-http,1,6,FALSE,/media/volume/danluu-fuzz-data/rtc-coverage-guided-20260515/run-20260527T012537Z/supervisor-groups.json
2026-05-27T01:27:19Z,coverage-guided,run-20260527T012537Z,novelty-http-large-post-lifecycle-completion,browser-e2e,http,large-post-three-user-http-lifecycle,1,12,FALSE,/media/volume/danluu-fuzz-data/rtc-coverage-guided-20260515/run-20260527T012537Z/supervisor-groups.json
2026-05-27T01:27:19Z,coverage-guided,run-20260527T012537Z,novelty-ws-collaboration-ui-signals-completion,browser-e2e,ws,collaboration-ui-signals,1,8,FALSE,/media/volume/danluu-fuzz-data/rtc-coverage-guided-20260515/run-20260527T012537Z/supervisor-groups.json
2026-05-27T01:27:19Z,coverage-guided,run-20260527T012537Z,novelty-ws-collaboration-ui-signals,browser-e2e,ws,collaboration-ui-signals,1,12,FALSE,/media/volume/danluu-fuzz-data/rtc-coverage-guided-20260515/run-20260527T012537Z/supervisor-groups.json
2026-05-27T01:27:19Z,coverage-guided,run-20260527T012537Z,novelty-ws-many-user-lifecycle-completion,browser-e2e,ws,many-user-lifecycle,1,8,FALSE,/media/volume/danluu-fuzz-data/rtc-coverage-guided-20260515/run-20260527T012537Z/supervisor-groups.json
2026-05-27T01:27:19Z,coverage-guided,run-20260527T012537Z,novelty-ws-many-user-lifecycle,browser-e2e,ws,many-user-lifecycle,1,14,FALSE,/media/volume/danluu-fuzz-data/rtc-coverage-guided-20260515/run-20260527T012537Z/supervisor-groups.json
2026-05-27T01:27:19Z,coverage-guided,run-20260527T012537Z,novelty-ws-thirty-user-lifecycle,browser-e2e,ws,many-user-lifecycle,1,6,FALSE,/media/volume/danluu-fuzz-data/rtc-coverage-guided-20260515/run-20260527T012537Z/supervisor-groups.json
2026-05-27T01:27:19Z,coverage-guided,run-20260527T012537Z,novelty-ws-real-user-rich-text,browser-e2e,ws,real-user-editing,4,14,FALSE,/media/volume/danluu-fuzz-data/rtc-coverage-guided-20260515/run-20260527T012537Z/supervisor-groups.json
2026-05-27T01:27:19Z,coverage-guided,run-20260527T012537Z,novelty-ws-permissions-auth-locks,browser-e2e,ws,permissions-auth-locks,1,10,FALSE,/media/volume/danluu-fuzz-data/rtc-coverage-guided-20260515/run-20260527T012537Z/supervisor-groups.json
2026-05-27T02:07:31Z,coverage-guided,run-20260527T013138Z,novelty-ws-real-user-rich-text,browser-e2e,ws,real-user-editing,4,14,FALSE,/media/volume/danluu-fuzz-data/rtc-coverage-guided-20260515/run-20260527T013138Z/supervisor-groups.json
2026-05-27T02:07:31Z,coverage-guided,run-20260527T013138Z,novelty-ws-permissions-auth-locks,browser-e2e,ws,permissions-auth-locks,1,10,FALSE,/media/volume/danluu-fuzz-data/rtc-coverage-guided-20260515/run-20260527T013138Z/supervisor-groups.json
2026-05-27T02:07:31Z,coverage-guided,run-20260527T013138Z,novelty-ws-many-user-lifecycle-completion,browser-e2e,ws,many-user-lifecycle,1,8,FALSE,/media/volume/danluu-fuzz-data/rtc-coverage-guided-20260515/run-20260527T013138Z/supervisor-groups.json
2026-05-27T02:07:31Z,coverage-guided,run-20260527T013138Z,novelty-ws-many-user-lifecycle,browser-e2e,ws,many-user-lifecycle,1,14,FALSE,/media/volume/danluu-fuzz-data/rtc-coverage-guided-20260515/run-20260527T013138Z/supervisor-groups.json
2026-05-27T02:07:31Z,coverage-guided,run-20260527T013138Z,novelty-http-large-post-lifecycle,browser-e2e,http,large-post-three-user-http-lifecycle,1,36,FALSE,/media/volume/danluu-fuzz-data/rtc-coverage-guided-20260515/run-20260527T013138Z/supervisor-groups.json
2026-05-27T02:07:31Z,coverage-guided,run-20260527T013138Z,novelty-ws-parser-transform,browser-e2e,ws,parser-transform,1,8,FALSE,/media/volume/danluu-fuzz-data/rtc-coverage-guided-20260515/run-20260527T013138Z/supervisor-groups.json
2026-05-27T02:07:31Z,coverage-guided,run-20260527T013138Z,novelty-ws-media-cross-entity,browser-e2e,ws,media-cross-entity,1,10,FALSE,/media/volume/danluu-fuzz-data/rtc-coverage-guided-20260515/run-20260527T013138Z/supervisor-groups.json
2026-05-27T02:17:07Z,coverage-guided,run-20260527T021610Z,novelty-http-large-post-lifecycle,browser-e2e,http,large-post-three-user-http-lifecycle,1,36,FALSE,/media/volume/danluu-fuzz-data/rtc-coverage-guided-20260515/run-20260527T021610Z/supervisor-groups.json
2026-05-27T02:17:07Z,coverage-guided,run-20260527T021610Z,novelty-http-title-reload-convergence,browser-e2e,http,session-lifecycle,1,10,FALSE,/media/volume/danluu-fuzz-data/rtc-coverage-guided-20260515/run-20260527T021610Z/supervisor-groups.json
2026-05-27T02:17:07Z,coverage-guided,run-20260527T021610Z,novelty-http-same-user-stale-draft,browser-e2e,http,session-lifecycle,1,24,FALSE,/media/volume/danluu-fuzz-data/rtc-coverage-guided-20260515/run-20260527T021610Z/supervisor-groups.json
2026-05-27T02:17:07Z,coverage-guided,run-20260527T021610Z,novelty-http-table-stale-snapshot,browser-e2e,http,table-stale-snapshot-http,1,6,FALSE,/media/volume/danluu-fuzz-data/rtc-coverage-guided-20260515/run-20260527T021610Z/supervisor-groups.json
2026-05-27T02:17:07Z,coverage-guided,run-20260527T021610Z,novelty-ws-collaboration-ui-signals,browser-e2e,ws,collaboration-ui-signals,1,12,FALSE,/media/volume/danluu-fuzz-data/rtc-coverage-guided-20260515/run-20260527T021610Z/supervisor-groups.json
2026-05-27T02:36:07Z,coverage-guided,run-20260527T022721Z,novelty-ws-collaboration-ui-signals-completion,browser-e2e,ws,collaboration-ui-signals,1,8,FALSE,/media/volume/danluu-fuzz-data/rtc-coverage-guided-20260515/run-20260527T022721Z/supervisor-groups.json
2026-05-27T02:36:07Z,coverage-guided,run-20260527T022721Z,novelty-ws-collaboration-ui-signals,browser-e2e,ws,collaboration-ui-signals,1,12,FALSE,/media/volume/danluu-fuzz-data/rtc-coverage-guided-20260515/run-20260527T022721Z/supervisor-groups.json
2026-05-27T02:36:07Z,coverage-guided,run-20260527T022721Z,novelty-http-table-stale-snapshot,browser-e2e,http,table-stale-snapshot-http,1,6,FALSE,/media/volume/danluu-fuzz-data/rtc-coverage-guided-20260515/run-20260527T022721Z/supervisor-groups.json
2026-05-27T02:36:07Z,coverage-guided,run-20260527T022721Z,novelty-http-large-post-lifecycle-completion,browser-e2e,http,large-post-three-user-http-lifecycle,1,12,FALSE,/media/volume/danluu-fuzz-data/rtc-coverage-guided-20260515/run-20260527T022721Z/supervisor-groups.json
2026-05-27T02:36:07Z,coverage-guided,run-20260527T022721Z,novelty-http-large-post-lifecycle,browser-e2e,http,large-post-three-user-http-lifecycle,1,36,FALSE,/media/volume/danluu-fuzz-data/rtc-coverage-guided-20260515/run-20260527T022721Z/supervisor-groups.json
2026-05-27T02:36:07Z,coverage-guided,run-20260527T022721Z,novelty-http-title-reload-convergence,browser-e2e,http,session-lifecycle,1,10,FALSE,/media/volume/danluu-fuzz-data/rtc-coverage-guided-20260515/run-20260527T022721Z/supervisor-groups.json
2026-05-27T02:36:07Z,coverage-guided,run-20260527T022721Z,novelty-http-same-user-stale-draft,browser-e2e,http,session-lifecycle,1,24,FALSE,/media/volume/danluu-fuzz-data/rtc-coverage-guided-20260515/run-20260527T022721Z/supervisor-groups.json
2026-05-27T02:36:07Z,coverage-guided,run-20260527T022721Z,novelty-http-existing-post-crdt-metadata,browser-e2e,http,persistence-no-title,1,10,FALSE,/media/volume/danluu-fuzz-data/rtc-coverage-guided-20260515/run-20260527T022721Z/supervisor-groups.json
2026-05-27T02:36:07Z,coverage-guided,run-20260527T022721Z,novelty-http-persistence-probe,browser-e2e,http,persistence-no-title,1,8,FALSE,/media/volume/danluu-fuzz-data/rtc-coverage-guided-20260515/run-20260527T022721Z/supervisor-groups.json
2026-05-27T02:36:07Z,coverage-guided,run-20260527T022721Z,novelty-ws-parser-serialization,browser-e2e,ws,parser-serialization,1,9,FALSE,/media/volume/danluu-fuzz-data/rtc-coverage-guided-20260515/run-20260527T022721Z/supervisor-groups.json
2026-05-27T02:55:18Z,coverage-guided,run-20260527T024558Z,novelty-http-large-post-lifecycle,browser-e2e,http,large-post-three-user-http-lifecycle,1,36,FALSE,/media/volume/danluu-fuzz-data/rtc-coverage-guided-20260515/run-20260527T024558Z/supervisor-groups.json
2026-05-27T02:55:18Z,coverage-guided,run-20260527T024558Z,novelty-http-title-reload-convergence,browser-e2e,http,session-lifecycle,1,10,FALSE,/media/volume/danluu-fuzz-data/rtc-coverage-guided-20260515/run-20260527T024558Z/supervisor-groups.json
2026-05-27T02:55:18Z,coverage-guided,run-20260527T024558Z,novelty-http-same-user-stale-draft,browser-e2e,http,session-lifecycle,1,24,FALSE,/media/volume/danluu-fuzz-data/rtc-coverage-guided-20260515/run-20260527T024558Z/supervisor-groups.json
2026-05-27T02:55:18Z,coverage-guided,run-20260527T024558Z,novelty-http-table-stale-snapshot,browser-e2e,http,table-stale-snapshot-http,1,6,FALSE,/media/volume/danluu-fuzz-data/rtc-coverage-guided-20260515/run-20260527T024558Z/supervisor-groups.json
2026-05-27T02:55:18Z,coverage-guided,run-20260527T024558Z,novelty-http-existing-post-crdt-metadata,browser-e2e,http,persistence-no-title,1,10,FALSE,/media/volume/danluu-fuzz-data/rtc-coverage-guided-20260515/run-20260527T024558Z/supervisor-groups.json
2026-05-27T02:55:18Z,coverage-guided,run-20260527T024558Z,novelty-http-persistence-probe,browser-e2e,http,persistence-no-title,1,8,FALSE,/media/volume/danluu-fuzz-data/rtc-coverage-guided-20260515/run-20260527T024558Z/supervisor-groups.json
2026-05-27T02:55:18Z,coverage-guided,run-20260527T024558Z,novelty-http-large-post-lifecycle-completion,browser-e2e,http,large-post-three-user-http-lifecycle,1,12,FALSE,/media/volume/danluu-fuzz-data/rtc-coverage-guided-20260515/run-20260527T024558Z/supervisor-groups.json
2026-05-27T02:55:18Z,coverage-guided,run-20260527T024558Z,novelty-ws-parser-serialization,browser-e2e,ws,parser-serialization,1,9,FALSE,/media/volume/danluu-fuzz-data/rtc-coverage-guided-20260515/run-20260527T024558Z/supervisor-groups.json
2026-05-27T02:55:18Z,coverage-guided,run-20260527T024558Z,novelty-ws-multi-reload-lifecycle,browser-e2e,ws,multi-reload-lifecycle,1,12,FALSE,/media/volume/danluu-fuzz-data/rtc-coverage-guided-20260515/run-20260527T024558Z/supervisor-groups.json
2026-05-27T02:55:18Z,coverage-guided,run-20260527T024558Z,novelty-ws-collaboration-ui-signals,browser-e2e,ws,collaboration-ui-signals,1,12,FALSE,/media/volume/danluu-fuzz-data/rtc-coverage-guided-20260515/run-20260527T024558Z/supervisor-groups.json
2026-05-27T03:07:42Z,coverage-guided,run-20260527T030102Z,novelty-http-large-post-lifecycle,browser-e2e,http,large-post-three-user-http-lifecycle,1,36,FALSE,/media/volume/danluu-fuzz-data/rtc-coverage-guided-20260515/run-20260527T030102Z/supervisor-groups.json
2026-05-27T03:07:42Z,coverage-guided,run-20260527T030102Z,novelty-http-title-reload-convergence,browser-e2e,http,session-lifecycle,1,10,FALSE,/media/volume/danluu-fuzz-data/rtc-coverage-guided-20260515/run-20260527T030102Z/supervisor-groups.json
2026-05-27T03:07:42Z,coverage-guided,run-20260527T030102Z,novelty-http-same-user-stale-draft,browser-e2e,http,session-lifecycle,1,24,FALSE,/media/volume/danluu-fuzz-data/rtc-coverage-guided-20260515/run-20260527T030102Z/supervisor-groups.json
2026-05-27T03:07:42Z,coverage-guided,run-20260527T030102Z,novelty-http-table-stale-snapshot,browser-e2e,http,table-stale-snapshot-http,1,6,FALSE,/media/volume/danluu-fuzz-data/rtc-coverage-guided-20260515/run-20260527T030102Z/supervisor-groups.json
2026-05-27T03:07:42Z,coverage-guided,run-20260527T030102Z,novelty-http-existing-post-crdt-metadata,browser-e2e,http,persistence-no-title,1,10,FALSE,/media/volume/danluu-fuzz-data/rtc-coverage-guided-20260515/run-20260527T030102Z/supervisor-groups.json
2026-05-27T03:14:47Z,coverage-guided,run-20260527T031254Z,novelty-http-large-post-lifecycle,browser-e2e,http,large-post-three-user-http-lifecycle,1,36,FALSE,/media/volume/danluu-fuzz-data/rtc-coverage-guided-20260515/run-20260527T031254Z/supervisor-groups.json
2026-05-27T03:14:47Z,coverage-guided,run-20260527T031254Z,novelty-http-title-reload-convergence,browser-e2e,http,session-lifecycle,1,10,FALSE,/media/volume/danluu-fuzz-data/rtc-coverage-guided-20260515/run-20260527T031254Z/supervisor-groups.json
2026-05-27T03:14:47Z,coverage-guided,run-20260527T031254Z,novelty-http-same-user-stale-draft,browser-e2e,http,session-lifecycle,1,24,FALSE,/media/volume/danluu-fuzz-data/rtc-coverage-guided-20260515/run-20260527T031254Z/supervisor-groups.json
2026-05-27T03:14:47Z,coverage-guided,run-20260527T031254Z,novelty-http-table-stale-snapshot,browser-e2e,http,table-stale-snapshot-http,1,6,FALSE,/media/volume/danluu-fuzz-data/rtc-coverage-guided-20260515/run-20260527T031254Z/supervisor-groups.json
2026-05-27T03:14:47Z,coverage-guided,run-20260527T031254Z,novelty-http-existing-post-crdt-metadata,browser-e2e,http,persistence-no-title,1,10,FALSE,/media/volume/danluu-fuzz-data/rtc-coverage-guided-20260515/run-20260527T031254Z/supervisor-groups.json
2026-05-27T03:14:47Z,coverage-guided,run-20260527T031254Z,novelty-http-persistence-probe,browser-e2e,http,persistence-no-title,1,8,FALSE,/media/volume/danluu-fuzz-data/rtc-coverage-guided-20260515/run-20260527T031254Z/supervisor-groups.json
2026-05-27T03:14:47Z,coverage-guided,run-20260527T031254Z,novelty-ws-parser-serialization,browser-e2e,ws,parser-serialization,1,9,FALSE,/media/volume/danluu-fuzz-data/rtc-coverage-guided-20260515/run-20260527T031254Z/supervisor-groups.json
2026-05-27T03:14:47Z,coverage-guided,run-20260527T031254Z,novelty-ws-multi-reload-lifecycle,browser-e2e,ws,multi-reload-lifecycle,1,12,FALSE,/media/volume/danluu-fuzz-data/rtc-coverage-guided-20260515/run-20260527T031254Z/supervisor-groups.json
2026-05-27T03:14:47Z,coverage-guided,run-20260527T031254Z,novelty-ws-collaboration-ui-signals,browser-e2e,ws,collaboration-ui-signals,1,12,FALSE,/media/volume/danluu-fuzz-data/rtc-coverage-guided-20260515/run-20260527T031254Z/supervisor-groups.json
2026-05-27T03:14:47Z,coverage-guided,run-20260527T031254Z,novelty-http-large-post-lifecycle-completion,browser-e2e,http,large-post-three-user-http-lifecycle,1,12,FALSE,/media/volume/danluu-fuzz-data/rtc-coverage-guided-20260515/run-20260527T031254Z/supervisor-groups.json
2026-05-27T03:21:43Z,coverage-guided,run-20260527T032050Z,novelty-http-large-post-lifecycle,browser-e2e,http,large-post-three-user-http-lifecycle,1,36,FALSE,/media/volume/danluu-fuzz-data/rtc-coverage-guided-20260515/run-20260527T032050Z/supervisor-groups.json
2026-05-27T03:21:43Z,coverage-guided,run-20260527T032050Z,novelty-http-title-reload-convergence,browser-e2e,http,session-lifecycle,1,10,FALSE,/media/volume/danluu-fuzz-data/rtc-coverage-guided-20260515/run-20260527T032050Z/supervisor-groups.json
2026-05-27T03:21:43Z,coverage-guided,run-20260527T032050Z,novelty-http-same-user-stale-draft,browser-e2e,http,session-lifecycle,1,24,FALSE,/media/volume/danluu-fuzz-data/rtc-coverage-guided-20260515/run-20260527T032050Z/supervisor-groups.json
2026-05-27T03:21:43Z,coverage-guided,run-20260527T032050Z,novelty-http-table-stale-snapshot,browser-e2e,http,table-stale-snapshot-http,1,6,FALSE,/media/volume/danluu-fuzz-data/rtc-coverage-guided-20260515/run-20260527T032050Z/supervisor-groups.json
2026-05-27T03:21:43Z,coverage-guided,run-20260527T032050Z,novelty-ws-collaboration-ui-signals,browser-e2e,ws,collaboration-ui-signals,1,12,FALSE,/media/volume/danluu-fuzz-data/rtc-coverage-guided-20260515/run-20260527T032050Z/supervisor-groups.json
2026-05-27T03:32:22Z,coverage-guided,run-20260527T032204Z,novelty-http-large-post-lifecycle,browser-e2e,http,large-post-three-user-http-lifecycle,1,36,FALSE,/media/volume/danluu-fuzz-data/rtc-coverage-guided-20260515/run-20260527T032204Z/supervisor-groups.json
2026-05-27T03:32:22Z,coverage-guided,run-20260527T032204Z,novelty-http-large-post-lifecycle-completion,browser-e2e,http,large-post-three-user-http-lifecycle,1,12,FALSE,/media/volume/danluu-fuzz-data/rtc-coverage-guided-20260515/run-20260527T032204Z/supervisor-groups.json
2026-05-27T03:32:22Z,coverage-guided,run-20260527T032204Z,novelty-http-title-reload-convergence,browser-e2e,http,session-lifecycle,1,10,FALSE,/media/volume/danluu-fuzz-data/rtc-coverage-guided-20260515/run-20260527T032204Z/supervisor-groups.json
2026-05-27T03:32:22Z,coverage-guided,run-20260527T032204Z,novelty-http-same-user-stale-draft,browser-e2e,http,session-lifecycle,1,24,FALSE,/media/volume/danluu-fuzz-data/rtc-coverage-guided-20260515/run-20260527T032204Z/supervisor-groups.json
2026-05-27T03:32:22Z,coverage-guided,run-20260527T032204Z,novelty-http-table-stale-snapshot,browser-e2e,http,table-stale-snapshot-http,1,6,FALSE,/media/volume/danluu-fuzz-data/rtc-coverage-guided-20260515/run-20260527T032204Z/supervisor-groups.json
2026-05-27T03:32:22Z,coverage-guided,run-20260527T032204Z,novelty-http-existing-post-crdt-metadata,browser-e2e,http,persistence-no-title,1,10,FALSE,/media/volume/danluu-fuzz-data/rtc-coverage-guided-20260515/run-20260527T032204Z/supervisor-groups.json
2026-05-27T03:32:22Z,coverage-guided,run-20260527T032204Z,novelty-http-persistence-probe,browser-e2e,http,persistence-no-title,1,8,FALSE,/media/volume/danluu-fuzz-data/rtc-coverage-guided-20260515/run-20260527T032204Z/supervisor-groups.json
2026-05-27T03:32:22Z,coverage-guided,run-20260527T032204Z,novelty-ws-parser-serialization,browser-e2e,ws,parser-serialization,1,9,FALSE,/media/volume/danluu-fuzz-data/rtc-coverage-guided-20260515/run-20260527T032204Z/supervisor-groups.json
2026-05-27T03:32:22Z,coverage-guided,run-20260527T032204Z,novelty-ws-multi-reload-lifecycle,browser-e2e,ws,multi-reload-lifecycle,1,12,FALSE,/media/volume/danluu-fuzz-data/rtc-coverage-guided-20260515/run-20260527T032204Z/supervisor-groups.json
2026-05-27T03:32:22Z,coverage-guided,run-20260527T032204Z,novelty-ws-collaboration-ui-signals,browser-e2e,ws,collaboration-ui-signals,1,12,FALSE,/media/volume/danluu-fuzz-data/rtc-coverage-guided-20260515/run-20260527T032204Z/supervisor-groups.json
2026-05-27T03:36:10Z,coverage-guided,run-20260527T033514Z,novelty-http-large-post-lifecycle,browser-e2e,http,large-post-three-user-http-lifecycle,1,36,FALSE,/media/volume/danluu-fuzz-data/rtc-coverage-guided-20260515/run-20260527T033514Z/supervisor-groups.json
2026-05-27T03:36:10Z,coverage-guided,run-20260527T033514Z,novelty-http-title-reload-convergence,browser-e2e,http,session-lifecycle,1,10,FALSE,/media/volume/danluu-fuzz-data/rtc-coverage-guided-20260515/run-20260527T033514Z/supervisor-groups.json
2026-05-27T03:36:10Z,coverage-guided,run-20260527T033514Z,novelty-http-same-user-stale-draft,browser-e2e,http,session-lifecycle,1,24,FALSE,/media/volume/danluu-fuzz-data/rtc-coverage-guided-20260515/run-20260527T033514Z/supervisor-groups.json
2026-05-27T03:36:10Z,coverage-guided,run-20260527T033514Z,novelty-http-table-stale-snapshot,browser-e2e,http,table-stale-snapshot-http,1,6,FALSE,/media/volume/danluu-fuzz-data/rtc-coverage-guided-20260515/run-20260527T033514Z/supervisor-groups.json
2026-05-27T03:36:10Z,coverage-guided,run-20260527T033514Z,novelty-ws-collaboration-ui-signals,browser-e2e,ws,collaboration-ui-signals,1,12,FALSE,/media/volume/danluu-fuzz-data/rtc-coverage-guided-20260515/run-20260527T033514Z/supervisor-groups.json
2026-05-27T04:11:37Z,coverage-guided,run-20260527T033701Z,novelty-http-large-post-lifecycle,browser-e2e,http,large-post-three-user-http-lifecycle,1,36,FALSE,/media/volume/danluu-fuzz-data/rtc-coverage-guided-20260515/run-20260527T033701Z/supervisor-groups.json
2026-05-27T04:11:37Z,coverage-guided,run-20260527T033701Z,novelty-ws-real-user-rich-text,browser-e2e,ws,real-user-editing,4,14,FALSE,/media/volume/danluu-fuzz-data/rtc-coverage-guided-20260515/run-20260527T033701Z/supervisor-groups.json
2026-05-27T04:11:37Z,coverage-guided,run-20260527T033701Z,novelty-ws-parser-transform,browser-e2e,ws,parser-transform,1,8,FALSE,/media/volume/danluu-fuzz-data/rtc-coverage-guided-20260515/run-20260527T033701Z/supervisor-groups.json
2026-05-27T04:11:37Z,coverage-guided,run-20260527T033701Z,novelty-ws-media-cross-entity,browser-e2e,ws,media-cross-entity,1,10,FALSE,/media/volume/danluu-fuzz-data/rtc-coverage-guided-20260515/run-20260527T033701Z/supervisor-groups.json
2026-05-27T04:11:37Z,coverage-guided,run-20260527T033701Z,novelty-ws-many-user-lifecycle-completion,browser-e2e,ws,many-user-lifecycle,1,8,FALSE,/media/volume/danluu-fuzz-data/rtc-coverage-guided-20260515/run-20260527T033701Z/supervisor-groups.json
2026-05-27T04:11:37Z,coverage-guided,run-20260527T033701Z,novelty-ws-many-user-lifecycle,browser-e2e,ws,many-user-lifecycle,1,14,FALSE,/media/volume/danluu-fuzz-data/rtc-coverage-guided-20260515/run-20260527T033701Z/supervisor-groups.json
2026-05-27T04:11:37Z,coverage-guided,run-20260527T033701Z,novelty-ws-real-user-save-reload,browser-e2e,ws,real-user-editing,2,5,FALSE,/media/volume/danluu-fuzz-data/rtc-coverage-guided-20260515/run-20260527T033701Z/supervisor-groups.json
2026-05-27T04:11:37Z,coverage-guided,run-20260527T033701Z,novelty-ws-real-user-editing,browser-e2e,ws,real-user-editing,2,10,FALSE,/media/volume/danluu-fuzz-data/rtc-coverage-guided-20260515/run-20260527T033701Z/supervisor-groups.json
2026-05-27T04:11:37Z,coverage-guided,run-20260527T033701Z,novelty-ws-thirty-user-lifecycle,browser-e2e,ws,many-user-lifecycle,1,6,FALSE,/media/volume/danluu-fuzz-data/rtc-coverage-guided-20260515/run-20260527T033701Z/supervisor-groups.json
2026-05-27T05:17:34Z,coverage-guided,run-20260527T042448Z,novelty-http-large-post-lifecycle,browser-e2e,http,large-post-three-user-http-lifecycle,1,36,FALSE,/media/volume/danluu-fuzz-data/rtc-coverage-guided-20260515/run-20260527T042448Z/supervisor-groups.json
2026-05-27T05:17:34Z,coverage-guided,run-20260527T042448Z,novelty-ws-collaboration-ui-signals,browser-e2e,ws,collaboration-ui-signals,1,12,FALSE,/media/volume/danluu-fuzz-data/rtc-coverage-guided-20260515/run-20260527T042448Z/supervisor-groups.json
2026-05-27T05:17:34Z,coverage-guided,run-20260527T042448Z,novelty-http-title-reload-convergence,browser-e2e,http,session-lifecycle,1,10,FALSE,/media/volume/danluu-fuzz-data/rtc-coverage-guided-20260515/run-20260527T042448Z/supervisor-groups.json
2026-05-27T05:17:34Z,coverage-guided,run-20260527T042448Z,novelty-http-table-stale-snapshot,browser-e2e,http,table-stale-snapshot-http,1,6,FALSE,/media/volume/danluu-fuzz-data/rtc-coverage-guided-20260515/run-20260527T042448Z/supervisor-groups.json
2026-05-27T05:17:34Z,coverage-guided,run-20260527T042448Z,novelty-http-existing-post-crdt-metadata,browser-e2e,http,persistence-no-title,1,10,FALSE,/media/volume/danluu-fuzz-data/rtc-coverage-guided-20260515/run-20260527T042448Z/supervisor-groups.json
2026-05-27T05:17:34Z,coverage-guided,run-20260527T042448Z,novelty-ws-multi-reload-lifecycle,browser-e2e,ws,multi-reload-lifecycle,1,12,FALSE,/media/volume/danluu-fuzz-data/rtc-coverage-guided-20260515/run-20260527T042448Z/supervisor-groups.json
2026-05-27T05:17:34Z,coverage-guided,run-20260527T042448Z,novelty-ws-collaboration-ui-signals-completion,browser-e2e,ws,collaboration-ui-signals,1,8,FALSE,/media/volume/danluu-fuzz-data/rtc-coverage-guided-20260515/run-20260527T042448Z/supervisor-groups.json
2026-05-27T05:17:34Z,coverage-guided,run-20260527T042448Z,novelty-ws-many-user-lifecycle-completion,browser-e2e,ws,many-user-lifecycle,1,8,FALSE,/media/volume/danluu-fuzz-data/rtc-coverage-guided-20260515/run-20260527T042448Z/supervisor-groups.json
2026-05-27T05:17:34Z,coverage-guided,run-20260527T042448Z,novelty-ws-media-cross-entity,browser-e2e,ws,media-cross-entity,1,10,FALSE,/media/volume/danluu-fuzz-data/rtc-coverage-guided-20260515/run-20260527T042448Z/supervisor-groups.json
2026-05-27T05:17:34Z,coverage-guided,run-20260527T042448Z,novelty-ws-many-user-lifecycle,browser-e2e,ws,many-user-lifecycle,1,14,FALSE,/media/volume/danluu-fuzz-data/rtc-coverage-guided-20260515/run-20260527T042448Z/supervisor-groups.json
2026-05-27T05:19:43Z,coverage-guided,run-20260527T051734Z,novelty-http-large-post-lifecycle,browser-e2e,http,large-post-three-user-http-lifecycle,1,36,FALSE,/media/volume/danluu-fuzz-data/rtc-coverage-guided-20260515/run-20260527T051734Z/supervisor-groups.json
2026-05-27T05:19:43Z,coverage-guided,run-20260527T051734Z,novelty-http-title-reload-convergence,browser-e2e,http,session-lifecycle,1,10,FALSE,/media/volume/danluu-fuzz-data/rtc-coverage-guided-20260515/run-20260527T051734Z/supervisor-groups.json
2026-05-27T05:19:43Z,coverage-guided,run-20260527T051734Z,novelty-http-same-user-stale-draft,browser-e2e,http,session-lifecycle,1,24,FALSE,/media/volume/danluu-fuzz-data/rtc-coverage-guided-20260515/run-20260527T051734Z/supervisor-groups.json
2026-05-27T05:19:43Z,coverage-guided,run-20260527T051734Z,novelty-http-table-stale-snapshot,browser-e2e,http,table-stale-snapshot-http,1,6,FALSE,/media/volume/danluu-fuzz-data/rtc-coverage-guided-20260515/run-20260527T051734Z/supervisor-groups.json
2026-05-27T05:19:43Z,coverage-guided,run-20260527T051734Z,novelty-http-existing-post-crdt-metadata,browser-e2e,http,persistence-no-title,1,10,FALSE,/media/volume/danluu-fuzz-data/rtc-coverage-guided-20260515/run-20260527T051734Z/supervisor-groups.json
2026-05-27T05:19:43Z,coverage-guided,run-20260527T051734Z,novelty-ws-parser-serialization,browser-e2e,ws,parser-serialization,1,9,FALSE,/media/volume/danluu-fuzz-data/rtc-coverage-guided-20260515/run-20260527T051734Z/supervisor-groups.json
2026-05-27T05:19:43Z,coverage-guided,run-20260527T051734Z,novelty-ws-multi-reload-lifecycle,browser-e2e,ws,multi-reload-lifecycle,1,12,FALSE,/media/volume/danluu-fuzz-data/rtc-coverage-guided-20260515/run-20260527T051734Z/supervisor-groups.json
2026-05-27T05:19:43Z,coverage-guided,run-20260527T051734Z,novelty-ws-collaboration-ui-signals,browser-e2e,ws,collaboration-ui-signals,1,12,FALSE,/media/volume/danluu-fuzz-data/rtc-coverage-guided-20260515/run-20260527T051734Z/supervisor-groups.json
2026-05-27T05:19:43Z,coverage-guided,run-20260527T051734Z,novelty-http-large-post-lifecycle-completion,browser-e2e,http,large-post-three-user-http-lifecycle,1,12,FALSE,/media/volume/danluu-fuzz-data/rtc-coverage-guided-20260515/run-20260527T051734Z/supervisor-groups.json
2026-05-27T05:19:43Z,coverage-guided,run-20260527T051734Z,novelty-http-persistence-probe,browser-e2e,http,persistence-no-title,1,8,FALSE,/media/volume/danluu-fuzz-data/rtc-coverage-guided-20260515/run-20260527T051734Z/supervisor-groups.json
2026-05-27T06:31:31Z,coverage-guided,run-20260527T060739Z,novelty-ws-parser-serialization,browser-e2e,ws,parser-serialization,1,9,FALSE,/media/volume/danluu-fuzz-data/rtc-coverage-guided-20260515/run-20260527T060739Z/supervisor-groups.json
2026-05-27T06:31:31Z,coverage-guided,run-20260527T060739Z,novelty-ws-multi-reload-lifecycle,browser-e2e,ws,multi-reload-lifecycle,1,12,FALSE,/media/volume/danluu-fuzz-data/rtc-coverage-guided-20260515/run-20260527T060739Z/supervisor-groups.json
2026-05-27T06:31:31Z,coverage-guided,run-20260527T060739Z,novelty-ws-many-user-lifecycle-completion,browser-e2e,ws,many-user-lifecycle,1,8,FALSE,/media/volume/danluu-fuzz-data/rtc-coverage-guided-20260515/run-20260527T060739Z/supervisor-groups.json
2026-05-27T06:34:37Z,coverage-guided,run-20260527T063359Z,novelty-ws-real-user-rich-text,browser-e2e,ws,real-user-editing,4,14,FALSE,/media/volume/danluu-fuzz-data/rtc-coverage-guided-20260515/run-20260527T063359Z/supervisor-groups.json
2026-05-27T07:04:50Z,coverage-guided,run-20260527T064102Z,novelty-http-large-post-lifecycle,browser-e2e,http,large-post-three-user-http-lifecycle,1,36,FALSE,/media/volume/danluu-fuzz-data/rtc-coverage-guided-20260515/run-20260527T064102Z/supervisor-groups.json
2026-05-27T07:04:50Z,coverage-guided,run-20260527T064102Z,novelty-http-same-user-stale-draft,browser-e2e,http,session-lifecycle,1,24,FALSE,/media/volume/danluu-fuzz-data/rtc-coverage-guided-20260515/run-20260527T064102Z/supervisor-groups.json
2026-05-27T08:07:05Z,coverage-guided,run-20260527T070552Z,novelty-http-large-post-lifecycle,browser-e2e,http,large-post-three-user-http-lifecycle,1,36,FALSE,/media/volume/danluu-fuzz-data/rtc-coverage-guided-20260515/run-20260527T070552Z/supervisor-groups.json
2026-05-27T08:07:05Z,coverage-guided,run-20260527T070552Z,novelty-http-title-reload-convergence,browser-e2e,http,session-lifecycle,1,10,FALSE,/media/volume/danluu-fuzz-data/rtc-coverage-guided-20260515/run-20260527T070552Z/supervisor-groups.json
2026-05-27T08:07:05Z,coverage-guided,run-20260527T070552Z,novelty-http-same-user-stale-draft,browser-e2e,http,session-lifecycle,1,24,FALSE,/media/volume/danluu-fuzz-data/rtc-coverage-guided-20260515/run-20260527T070552Z/supervisor-groups.json
2026-05-27T08:07:05Z,coverage-guided,run-20260527T070552Z,novelty-http-table-stale-snapshot,browser-e2e,http,table-stale-snapshot-http,1,6,FALSE,/media/volume/danluu-fuzz-data/rtc-coverage-guided-20260515/run-20260527T070552Z/supervisor-groups.json
2026-05-27T08:07:05Z,coverage-guided,run-20260527T070552Z,novelty-http-existing-post-crdt-metadata,browser-e2e,http,persistence-no-title,1,10,FALSE,/media/volume/danluu-fuzz-data/rtc-coverage-guided-20260515/run-20260527T070552Z/supervisor-groups.json
2026-05-27T08:10:26Z,coverage-guided,run-20260527T080832Z,novelty-http-large-post-lifecycle,browser-e2e,http,large-post-three-user-http-lifecycle,1,36,FALSE,/media/volume/danluu-fuzz-data/rtc-coverage-guided-20260515/run-20260527T080832Z/supervisor-groups.json
2026-05-27T08:10:26Z,coverage-guided,run-20260527T080832Z,novelty-http-title-reload-convergence,browser-e2e,http,session-lifecycle,1,10,FALSE,/media/volume/danluu-fuzz-data/rtc-coverage-guided-20260515/run-20260527T080832Z/supervisor-groups.json
2026-05-27T08:10:26Z,coverage-guided,run-20260527T080832Z,novelty-http-same-user-stale-draft,browser-e2e,http,session-lifecycle,1,24,FALSE,/media/volume/danluu-fuzz-data/rtc-coverage-guided-20260515/run-20260527T080832Z/supervisor-groups.json
2026-05-27T08:10:26Z,coverage-guided,run-20260527T080832Z,novelty-http-table-stale-snapshot,browser-e2e,http,table-stale-snapshot-http,1,6,FALSE,/media/volume/danluu-fuzz-data/rtc-coverage-guided-20260515/run-20260527T080832Z/supervisor-groups.json
2026-05-27T08:10:26Z,coverage-guided,run-20260527T080832Z,novelty-http-existing-post-crdt-metadata,browser-e2e,http,persistence-no-title,1,10,FALSE,/media/volume/danluu-fuzz-data/rtc-coverage-guided-20260515/run-20260527T080832Z/supervisor-groups.json
2026-05-27T08:10:26Z,coverage-guided,run-20260527T080832Z,novelty-http-persistence-probe,browser-e2e,http,persistence-no-title,1,8,FALSE,/media/volume/danluu-fuzz-data/rtc-coverage-guided-20260515/run-20260527T080832Z/supervisor-groups.json
2026-05-27T08:10:26Z,coverage-guided,run-20260527T080832Z,novelty-ws-parser-serialization,browser-e2e,ws,parser-serialization,1,9,FALSE,/media/volume/danluu-fuzz-data/rtc-coverage-guided-20260515/run-20260527T080832Z/supervisor-groups.json
2026-05-27T08:10:26Z,coverage-guided,run-20260527T080832Z,novelty-ws-multi-reload-lifecycle,browser-e2e,ws,multi-reload-lifecycle,1,12,FALSE,/media/volume/danluu-fuzz-data/rtc-coverage-guided-20260515/run-20260527T080832Z/supervisor-groups.json
2026-05-27T08:10:26Z,coverage-guided,run-20260527T080832Z,novelty-ws-collaboration-ui-signals,browser-e2e,ws,collaboration-ui-signals,1,12,FALSE,/media/volume/danluu-fuzz-data/rtc-coverage-guided-20260515/run-20260527T080832Z/supervisor-groups.json
2026-05-27T10:00:45Z,coverage-guided,run-20260527T081108Z,novelty-http-large-post-lifecycle,browser-e2e,http,large-post-three-user-http-lifecycle,1,36,FALSE,/media/volume/danluu-fuzz-data/rtc-coverage-guided-20260515/run-20260527T081108Z/supervisor-groups.json
2026-05-27T10:00:45Z,coverage-guided,run-20260527T081108Z,novelty-ws-media-cross-entity,browser-e2e,ws,media-cross-entity,1,10,FALSE,/media/volume/danluu-fuzz-data/rtc-coverage-guided-20260515/run-20260527T081108Z/supervisor-groups.json
2026-05-27T10:00:45Z,coverage-guided,run-20260527T081108Z,novelty-ws-permissions-auth-locks,browser-e2e,ws,permissions-auth-locks,1,10,FALSE,/media/volume/danluu-fuzz-data/rtc-coverage-guided-20260515/run-20260527T081108Z/supervisor-groups.json
2026-05-27T10:08:38Z,coverage-guided,run-20260527T100718Z,novelty-http-large-post-lifecycle,browser-e2e,http,large-post-three-user-http-lifecycle,1,36,FALSE,/media/volume/danluu-fuzz-data/rtc-coverage-guided-20260515/run-20260527T100718Z/supervisor-groups.json
2026-05-27T10:08:38Z,coverage-guided,run-20260527T100718Z,novelty-http-large-post-lifecycle-completion,browser-e2e,http,large-post-three-user-http-lifecycle,1,12,FALSE,/media/volume/danluu-fuzz-data/rtc-coverage-guided-20260515/run-20260527T100718Z/supervisor-groups.json
2026-05-27T10:08:38Z,coverage-guided,run-20260527T100718Z,novelty-http-same-user-stale-draft,browser-e2e,http,session-lifecycle,1,24,FALSE,/media/volume/danluu-fuzz-data/rtc-coverage-guided-20260515/run-20260527T100718Z/supervisor-groups.json
2026-05-27T10:08:38Z,coverage-guided,run-20260527T100718Z,novelty-ws-multi-reload-lifecycle,browser-e2e,ws,multi-reload-lifecycle,1,12,FALSE,/media/volume/danluu-fuzz-data/rtc-coverage-guided-20260515/run-20260527T100718Z/supervisor-groups.json
2026-05-27T10:52:36Z,coverage-guided,run-20260527T101000Z,novelty-http-large-post-lifecycle,browser-e2e,http,large-post-three-user-http-lifecycle,1,36,FALSE,/media/volume/danluu-fuzz-data/rtc-coverage-guided-20260515/run-20260527T101000Z/supervisor-groups.json
2026-05-27T10:52:36Z,coverage-guided,run-20260527T101000Z,novelty-http-title-reload-convergence,browser-e2e,http,session-lifecycle,1,10,FALSE,/media/volume/danluu-fuzz-data/rtc-coverage-guided-20260515/run-20260527T101000Z/supervisor-groups.json
2026-05-27T10:52:36Z,coverage-guided,run-20260527T101000Z,novelty-http-same-user-stale-draft,browser-e2e,http,session-lifecycle,1,24,FALSE,/media/volume/danluu-fuzz-data/rtc-coverage-guided-20260515/run-20260527T101000Z/supervisor-groups.json
2026-05-27T10:52:36Z,coverage-guided,run-20260527T101000Z,novelty-ws-parser-serialization,browser-e2e,ws,parser-serialization,1,9,FALSE,/media/volume/danluu-fuzz-data/rtc-coverage-guided-20260515/run-20260527T101000Z/supervisor-groups.json
2026-05-27T10:52:36Z,coverage-guided,run-20260527T101000Z,novelty-ws-collaboration-ui-signals,browser-e2e,ws,collaboration-ui-signals,1,12,FALSE,/media/volume/danluu-fuzz-data/rtc-coverage-guided-20260515/run-20260527T101000Z/supervisor-groups.json
2026-05-27T10:59:47Z,coverage-guided,run-20260527T105805Z,novelty-http-large-post-lifecycle,browser-e2e,http,large-post-three-user-http-lifecycle,1,36,FALSE,/media/volume/danluu-fuzz-data/rtc-coverage-guided-20260515/run-20260527T105805Z/supervisor-groups.json
2026-05-27T10:59:47Z,coverage-guided,run-20260527T105805Z,novelty-http-title-reload-convergence,browser-e2e,http,session-lifecycle,1,10,FALSE,/media/volume/danluu-fuzz-data/rtc-coverage-guided-20260515/run-20260527T105805Z/supervisor-groups.json
2026-05-27T10:59:47Z,coverage-guided,run-20260527T105805Z,novelty-http-same-user-stale-draft,browser-e2e,http,session-lifecycle,1,24,FALSE,/media/volume/danluu-fuzz-data/rtc-coverage-guided-20260515/run-20260527T105805Z/supervisor-groups.json
2026-05-27T10:59:47Z,coverage-guided,run-20260527T105805Z,novelty-http-table-stale-snapshot,browser-e2e,http,table-stale-snapshot-http,1,6,FALSE,/media/volume/danluu-fuzz-data/rtc-coverage-guided-20260515/run-20260527T105805Z/supervisor-groups.json
2026-05-27T10:59:47Z,coverage-guided,run-20260527T105805Z,novelty-ws-collaboration-ui-signals,browser-e2e,ws,collaboration-ui-signals,1,12,FALSE,/media/volume/danluu-fuzz-data/rtc-coverage-guided-20260515/run-20260527T105805Z/supervisor-groups.json
2026-05-27T10:59:47Z,coverage-guided,run-20260527T105805Z,novelty-http-large-post-lifecycle-completion,browser-e2e,http,large-post-three-user-http-lifecycle,1,12,FALSE,/media/volume/danluu-fuzz-data/rtc-coverage-guided-20260515/run-20260527T105805Z/supervisor-groups.json
2026-05-27T10:59:47Z,coverage-guided,run-20260527T105805Z,novelty-http-existing-post-crdt-metadata,browser-e2e,http,persistence-no-title,1,10,FALSE,/media/volume/danluu-fuzz-data/rtc-coverage-guided-20260515/run-20260527T105805Z/supervisor-groups.json
2026-05-27T10:59:47Z,coverage-guided,run-20260527T105805Z,novelty-ws-parser-serialization,browser-e2e,ws,parser-serialization,1,9,FALSE,/media/volume/danluu-fuzz-data/rtc-coverage-guided-20260515/run-20260527T105805Z/supervisor-groups.json
2026-05-27T12:40:16Z,coverage-guided,run-20260527T110041Z,novelty-http-large-post-lifecycle,browser-e2e,http,large-post-three-user-http-lifecycle,1,36,FALSE,/media/volume/danluu-fuzz-data/rtc-coverage-guided-20260515/run-20260527T110041Z/supervisor-groups.json
2026-05-27T12:40:16Z,coverage-guided,run-20260527T110041Z,novelty-ws-collaboration-ui-signals,browser-e2e,ws,collaboration-ui-signals,1,12,FALSE,/media/volume/danluu-fuzz-data/rtc-coverage-guided-20260515/run-20260527T110041Z/supervisor-groups.json
2026-05-27T12:43:49Z,coverage-guided,run-20260527T124221Z,novelty-http-large-post-lifecycle,browser-e2e,http,large-post-three-user-http-lifecycle,1,36,FALSE,/media/volume/danluu-fuzz-data/rtc-coverage-guided-20260515/run-20260527T124221Z/supervisor-groups.json
2026-05-27T12:43:49Z,coverage-guided,run-20260527T124221Z,novelty-http-title-reload-convergence,browser-e2e,http,session-lifecycle,1,10,FALSE,/media/volume/danluu-fuzz-data/rtc-coverage-guided-20260515/run-20260527T124221Z/supervisor-groups.json
2026-05-27T12:43:49Z,coverage-guided,run-20260527T124221Z,novelty-http-same-user-stale-draft,browser-e2e,http,session-lifecycle,1,24,FALSE,/media/volume/danluu-fuzz-data/rtc-coverage-guided-20260515/run-20260527T124221Z/supervisor-groups.json
2026-05-27T12:43:49Z,coverage-guided,run-20260527T124221Z,novelty-http-table-stale-snapshot,browser-e2e,http,table-stale-snapshot-http,1,6,FALSE,/media/volume/danluu-fuzz-data/rtc-coverage-guided-20260515/run-20260527T124221Z/supervisor-groups.json
2026-05-27T12:43:49Z,coverage-guided,run-20260527T124221Z,novelty-http-existing-post-crdt-metadata,browser-e2e,http,persistence-no-title,1,10,FALSE,/media/volume/danluu-fuzz-data/rtc-coverage-guided-20260515/run-20260527T124221Z/supervisor-groups.json
2026-05-27T13:02:14Z,coverage-guided,run-20260527T124509Z,novelty-http-large-post-lifecycle,browser-e2e,http,large-post-three-user-http-lifecycle,1,36,FALSE,/media/volume/danluu-fuzz-data/rtc-coverage-guided-20260515/run-20260527T124509Z/supervisor-groups.json
2026-05-27T13:02:14Z,coverage-guided,run-20260527T124509Z,novelty-ws-collaboration-ui-signals,browser-e2e,ws,collaboration-ui-signals,1,12,FALSE,/media/volume/danluu-fuzz-data/rtc-coverage-guided-20260515/run-20260527T124509Z/supervisor-groups.json
2026-05-27T13:07:47Z,coverage-guided,run-20260527T130641Z,novelty-http-large-post-lifecycle,browser-e2e,http,large-post-three-user-http-lifecycle,1,36,FALSE,/media/volume/danluu-fuzz-data/rtc-coverage-guided-20260515/run-20260527T130641Z/supervisor-groups.json
2026-05-27T13:07:47Z,coverage-guided,run-20260527T130641Z,novelty-http-title-reload-convergence,browser-e2e,http,session-lifecycle,1,10,FALSE,/media/volume/danluu-fuzz-data/rtc-coverage-guided-20260515/run-20260527T130641Z/supervisor-groups.json
2026-05-27T13:07:47Z,coverage-guided,run-20260527T130641Z,novelty-http-same-user-stale-draft,browser-e2e,http,session-lifecycle,1,24,FALSE,/media/volume/danluu-fuzz-data/rtc-coverage-guided-20260515/run-20260527T130641Z/supervisor-groups.json
2026-05-27T13:07:47Z,coverage-guided,run-20260527T130641Z,novelty-http-table-stale-snapshot,browser-e2e,http,table-stale-snapshot-http,1,6,FALSE,/media/volume/danluu-fuzz-data/rtc-coverage-guided-20260515/run-20260527T130641Z/supervisor-groups.json
2026-05-27T13:07:47Z,coverage-guided,run-20260527T130641Z,novelty-http-existing-post-crdt-metadata,browser-e2e,http,persistence-no-title,1,10,FALSE,/media/volume/danluu-fuzz-data/rtc-coverage-guided-20260515/run-20260527T130641Z/supervisor-groups.json
2026-05-27T13:17:24Z,coverage-guided,run-20260527T130906Z,novelty-http-large-post-lifecycle,browser-e2e,http,large-post-three-user-http-lifecycle,1,36,FALSE,/media/volume/danluu-fuzz-data/rtc-coverage-guided-20260515/run-20260527T130906Z/supervisor-groups.json
2026-05-27T13:17:24Z,coverage-guided,run-20260527T130906Z,novelty-ws-collaboration-ui-signals,browser-e2e,ws,collaboration-ui-signals,1,12,FALSE,/media/volume/danluu-fuzz-data/rtc-coverage-guided-20260515/run-20260527T130906Z/supervisor-groups.json
2026-05-27T13:24:31Z,coverage-guided,run-20260527T132330Z,novelty-http-large-post-lifecycle,browser-e2e,http,large-post-three-user-http-lifecycle,1,36,FALSE,/media/volume/danluu-fuzz-data/rtc-coverage-guided-20260515/run-20260527T132330Z/supervisor-groups.json
2026-05-27T13:24:31Z,coverage-guided,run-20260527T132330Z,novelty-http-title-reload-convergence,browser-e2e,http,session-lifecycle,1,10,FALSE,/media/volume/danluu-fuzz-data/rtc-coverage-guided-20260515/run-20260527T132330Z/supervisor-groups.json
2026-05-27T13:24:31Z,coverage-guided,run-20260527T132330Z,novelty-http-same-user-stale-draft,browser-e2e,http,session-lifecycle,1,24,FALSE,/media/volume/danluu-fuzz-data/rtc-coverage-guided-20260515/run-20260527T132330Z/supervisor-groups.json
2026-05-27T13:24:31Z,coverage-guided,run-20260527T132330Z,novelty-http-table-stale-snapshot,browser-e2e,http,table-stale-snapshot-http,1,6,FALSE,/media/volume/danluu-fuzz-data/rtc-coverage-guided-20260515/run-20260527T132330Z/supervisor-groups.json
2026-05-27T13:24:31Z,coverage-guided,run-20260527T132330Z,novelty-http-existing-post-crdt-metadata,browser-e2e,http,persistence-no-title,1,10,FALSE,/media/volume/danluu-fuzz-data/rtc-coverage-guided-20260515/run-20260527T132330Z/supervisor-groups.json
2026-05-27T13:51:22Z,coverage-guided,run-20260527T132550Z,novelty-http-large-post-lifecycle,browser-e2e,http,large-post-three-user-http-lifecycle,1,36,FALSE,/media/volume/danluu-fuzz-data/rtc-coverage-guided-20260515/run-20260527T132550Z/supervisor-groups.json
2026-05-27T13:51:22Z,coverage-guided,run-20260527T132550Z,novelty-ws-collaboration-ui-signals,browser-e2e,ws,collaboration-ui-signals,1,12,FALSE,/media/volume/danluu-fuzz-data/rtc-coverage-guided-20260515/run-20260527T132550Z/supervisor-groups.json
2026-05-27T13:58:07Z,coverage-guided,run-20260527T135704Z,novelty-http-large-post-lifecycle,browser-e2e,http,large-post-three-user-http-lifecycle,1,36,FALSE,/media/volume/danluu-fuzz-data/rtc-coverage-guided-20260515/run-20260527T135704Z/supervisor-groups.json
2026-05-27T13:58:07Z,coverage-guided,run-20260527T135704Z,novelty-http-title-reload-convergence,browser-e2e,http,session-lifecycle,1,10,FALSE,/media/volume/danluu-fuzz-data/rtc-coverage-guided-20260515/run-20260527T135704Z/supervisor-groups.json
2026-05-27T13:58:07Z,coverage-guided,run-20260527T135704Z,novelty-http-same-user-stale-draft,browser-e2e,http,session-lifecycle,1,24,FALSE,/media/volume/danluu-fuzz-data/rtc-coverage-guided-20260515/run-20260527T135704Z/supervisor-groups.json
2026-05-27T13:58:07Z,coverage-guided,run-20260527T135704Z,novelty-http-table-stale-snapshot,browser-e2e,http,table-stale-snapshot-http,1,6,FALSE,/media/volume/danluu-fuzz-data/rtc-coverage-guided-20260515/run-20260527T135704Z/supervisor-groups.json
2026-05-27T13:58:07Z,coverage-guided,run-20260527T135704Z,novelty-http-existing-post-crdt-metadata,browser-e2e,http,persistence-no-title,1,10,FALSE,/media/volume/danluu-fuzz-data/rtc-coverage-guided-20260515/run-20260527T135704Z/supervisor-groups.json
2026-05-27T14:07:58Z,coverage-guided,run-20260527T135927Z,novelty-http-large-post-lifecycle,browser-e2e,http,large-post-three-user-http-lifecycle,1,36,FALSE,/media/volume/danluu-fuzz-data/rtc-coverage-guided-20260515/run-20260527T135927Z/supervisor-groups.json
2026-05-27T14:07:58Z,coverage-guided,run-20260527T135927Z,novelty-ws-collaboration-ui-signals,browser-e2e,ws,collaboration-ui-signals,1,12,FALSE,/media/volume/danluu-fuzz-data/rtc-coverage-guided-20260515/run-20260527T135927Z/supervisor-groups.json
2026-05-27T14:14:52Z,coverage-guided,run-20260527T141350Z,novelty-http-large-post-lifecycle,browser-e2e,http,large-post-three-user-http-lifecycle,1,36,FALSE,/media/volume/danluu-fuzz-data/rtc-coverage-guided-20260515/run-20260527T141350Z/supervisor-groups.json
2026-05-27T14:14:52Z,coverage-guided,run-20260527T141350Z,novelty-http-title-reload-convergence,browser-e2e,http,session-lifecycle,1,10,FALSE,/media/volume/danluu-fuzz-data/rtc-coverage-guided-20260515/run-20260527T141350Z/supervisor-groups.json
2026-05-27T14:14:52Z,coverage-guided,run-20260527T141350Z,novelty-http-same-user-stale-draft,browser-e2e,http,session-lifecycle,1,24,FALSE,/media/volume/danluu-fuzz-data/rtc-coverage-guided-20260515/run-20260527T141350Z/supervisor-groups.json
2026-05-27T14:14:52Z,coverage-guided,run-20260527T141350Z,novelty-http-table-stale-snapshot,browser-e2e,http,table-stale-snapshot-http,1,6,FALSE,/media/volume/danluu-fuzz-data/rtc-coverage-guided-20260515/run-20260527T141350Z/supervisor-groups.json
2026-05-27T14:14:52Z,coverage-guided,run-20260527T141350Z,novelty-http-existing-post-crdt-metadata,browser-e2e,http,persistence-no-title,1,10,FALSE,/media/volume/danluu-fuzz-data/rtc-coverage-guided-20260515/run-20260527T141350Z/supervisor-groups.json
2026-05-27T15:17:46Z,coverage-guided,run-20260527T141556Z,novelty-http-large-post-lifecycle,browser-e2e,http,large-post-three-user-http-lifecycle,1,36,FALSE,/media/volume/danluu-fuzz-data/rtc-coverage-guided-20260515/run-20260527T141556Z/supervisor-groups.json
2026-05-27T15:17:46Z,coverage-guided,run-20260527T141556Z,novelty-ws-collaboration-ui-signals,browser-e2e,ws,collaboration-ui-signals,1,12,FALSE,/media/volume/danluu-fuzz-data/rtc-coverage-guided-20260515/run-20260527T141556Z/supervisor-groups.json
2026-05-27T15:22:28Z,coverage-guided,run-20260527T152127Z,novelty-http-large-post-lifecycle,browser-e2e,http,large-post-three-user-http-lifecycle,1,36,FALSE,/media/volume/danluu-fuzz-data/rtc-coverage-guided-20260515/run-20260527T152127Z/supervisor-groups.json
2026-05-27T15:22:28Z,coverage-guided,run-20260527T152127Z,novelty-http-title-reload-convergence,browser-e2e,http,session-lifecycle,1,10,FALSE,/media/volume/danluu-fuzz-data/rtc-coverage-guided-20260515/run-20260527T152127Z/supervisor-groups.json
2026-05-27T15:22:28Z,coverage-guided,run-20260527T152127Z,novelty-http-same-user-stale-draft,browser-e2e,http,session-lifecycle,1,24,FALSE,/media/volume/danluu-fuzz-data/rtc-coverage-guided-20260515/run-20260527T152127Z/supervisor-groups.json
2026-05-27T15:22:28Z,coverage-guided,run-20260527T152127Z,novelty-http-table-stale-snapshot,browser-e2e,http,table-stale-snapshot-http,1,6,FALSE,/media/volume/danluu-fuzz-data/rtc-coverage-guided-20260515/run-20260527T152127Z/supervisor-groups.json
2026-05-27T15:22:28Z,coverage-guided,run-20260527T152127Z,novelty-http-existing-post-crdt-metadata,browser-e2e,http,persistence-no-title,1,10,FALSE,/media/volume/danluu-fuzz-data/rtc-coverage-guided-20260515/run-20260527T152127Z/supervisor-groups.json
2026-05-27T17:38:02Z,coverage-guided,run-20260527T152500Z,novelty-http-large-post-lifecycle,browser-e2e,http,large-post-three-user-http-lifecycle,1,36,FALSE,/media/volume/danluu-fuzz-data/rtc-coverage-guided-20260515/run-20260527T152500Z/supervisor-groups.json
2026-05-27T17:38:02Z,coverage-guided,run-20260527T152500Z,novelty-ws-collaboration-ui-signals-completion,browser-e2e,ws,collaboration-ui-signals,1,8,FALSE,/media/volume/danluu-fuzz-data/rtc-coverage-guided-20260515/run-20260527T152500Z/supervisor-groups.json
2026-05-27T18:45:32Z,coverage-guided,run-20260527T173838Z,novelty-http-large-post-lifecycle,browser-e2e,http,large-post-three-user-http-lifecycle,1,36,FALSE,/media/volume/danluu-fuzz-data/rtc-coverage-guided-20260515/run-20260527T173838Z/supervisor-groups.json
2026-05-27T18:45:32Z,coverage-guided,run-20260527T173838Z,novelty-ws-collaboration-ui-signals-completion,browser-e2e,ws,collaboration-ui-signals,1,8,FALSE,/media/volume/danluu-fuzz-data/rtc-coverage-guided-20260515/run-20260527T173838Z/supervisor-groups.json
2026-05-27T18:58:51Z,coverage-guided,run-20260527T185337Z,novelty-http-large-post-lifecycle,browser-e2e,http,large-post-three-user-http-lifecycle,1,36,FALSE,/media/volume/danluu-fuzz-data/rtc-coverage-guided-20260515/run-20260527T185337Z/supervisor-groups.json
2026-05-27T18:58:51Z,coverage-guided,run-20260527T185337Z,novelty-ws-collaboration-ui-signals-completion,browser-e2e,ws,collaboration-ui-signals,1,8,FALSE,/media/volume/danluu-fuzz-data/rtc-coverage-guided-20260515/run-20260527T185337Z/supervisor-groups.json
2026-05-27T20:09:53Z,coverage-guided,run-20260527T185932Z,novelty-http-large-post-lifecycle,browser-e2e,http,large-post-three-user-http-lifecycle,1,36,FALSE,/media/volume/danluu-fuzz-data/rtc-coverage-guided-20260515/run-20260527T185932Z/supervisor-groups.json
2026-05-27T20:09:53Z,coverage-guided,run-20260527T185932Z,novelty-ws-collaboration-ui-signals-completion,browser-e2e,ws,collaboration-ui-signals,1,8,FALSE,/media/volume/danluu-fuzz-data/rtc-coverage-guided-20260515/run-20260527T185932Z/supervisor-groups.json
2026-05-27T22:36:35Z,coverage-guided,run-20260527T201223Z,novelty-http-self-presence-ui-signals,browser-e2e,http,collaboration-ui-signals,1,8,FALSE,/media/volume/danluu-fuzz-data/rtc-coverage-guided-20260515/run-20260527T201223Z/supervisor-groups.json
2026-05-28T10:45:25Z,coverage-guided,run-20260527T223718Z,novelty-http-self-presence-ui-signals,browser-e2e,http,collaboration-ui-signals,1,8,FALSE,/media/volume/danluu-fuzz-data/rtc-coverage-guided-20260515/run-20260527T223718Z/supervisor-groups.json
2026-05-28T19:55:07Z,coverage-guided,run-20260528T104746Z,novelty-ws-parser-transform,browser-e2e,ws,parser-transform,1,8,FALSE,/media/volume/danluu-fuzz-data/rtc-coverage-guided-20260515/run-20260528T104746Z/supervisor-groups.json
2026-05-28T22:02:47Z,coverage-guided,run-20260528T195523Z,novelty-http-self-presence-ui-signals,browser-e2e,http,collaboration-ui-signals,1,8,FALSE,/media/volume/danluu-fuzz-data/rtc-coverage-guided-20260515/run-20260528T195523Z/supervisor-groups.json
2026-05-28T23:54:41Z,coverage-guided,run-20260528T221051Z,novelty-http-self-presence-ui-signals,browser-e2e,http,collaboration-ui-signals,1,8,FALSE,/media/volume/danluu-fuzz-data/rtc-coverage-guided-20260515/run-20260528T221051Z/supervisor-groups.json
2026-05-28T23:54:41Z,coverage-guided,run-20260528T221051Z,novelty-http-large-post-lifecycle,browser-e2e,http,large-post-three-user-http-lifecycle,1,36,FALSE,/media/volume/danluu-fuzz-data/rtc-coverage-guided-20260515/run-20260528T221051Z/supervisor-groups.json
2026-05-28T23:54:41Z,coverage-guided,run-20260528T221051Z,novelty-ws-parser-serialization,browser-e2e,ws,parser-serialization,1,9,FALSE,/media/volume/danluu-fuzz-data/rtc-coverage-guided-20260515/run-20260528T221051Z/supervisor-groups.json
2026-05-29T00:35:56Z,coverage-guided,run-20260528T235624Z,novelty-http-self-presence-ui-signals,browser-e2e,http,collaboration-ui-signals,1,8,FALSE,/media/volume/danluu-fuzz-data/rtc-coverage-guided-20260515/run-20260528T235624Z/supervisor-groups.json
2026-05-29T00:35:56Z,coverage-guided,run-20260528T235624Z,novelty-http-large-post-lifecycle,browser-e2e,http,large-post-three-user-http-lifecycle,1,36,FALSE,/media/volume/danluu-fuzz-data/rtc-coverage-guided-20260515/run-20260528T235624Z/supervisor-groups.json
2026-05-29T01:27:53Z,coverage-guided,run-20260529T004056Z,novelty-http-self-presence-ui-signals,browser-e2e,http,collaboration-ui-signals,1,8,FALSE,/media/volume/danluu-fuzz-data/rtc-coverage-guided-20260515/run-20260529T004056Z/supervisor-groups.json
2026-05-29T01:27:53Z,coverage-guided,run-20260529T004056Z,novelty-http-large-post-lifecycle,browser-e2e,http,large-post-three-user-http-lifecycle,1,36,FALSE,/media/volume/danluu-fuzz-data/rtc-coverage-guided-20260515/run-20260529T004056Z/supervisor-groups.json
2026-05-29T01:27:53Z,coverage-guided,run-20260529T004056Z,novelty-http-title-reload-convergence,browser-e2e,http,session-lifecycle,1,10,FALSE,/media/volume/danluu-fuzz-data/rtc-coverage-guided-20260515/run-20260529T004056Z/supervisor-groups.json
2026-05-29T01:27:53Z,coverage-guided,run-20260529T004056Z,novelty-http-table-stale-snapshot,browser-e2e,http,table-stale-snapshot-http,1,6,FALSE,/media/volume/danluu-fuzz-data/rtc-coverage-guided-20260515/run-20260529T004056Z/supervisor-groups.json
2026-05-29T02:03:54Z,coverage-guided,run-20260529T013102Z,novelty-http-self-presence-ui-signals,browser-e2e,http,collaboration-ui-signals,1,8,FALSE,/media/volume/danluu-fuzz-data/rtc-coverage-guided-20260515/run-20260529T013102Z/supervisor-groups.json
2026-05-29T02:03:54Z,coverage-guided,run-20260529T013102Z,novelty-http-large-post-lifecycle,browser-e2e,http,large-post-three-user-http-lifecycle,1,36,FALSE,/media/volume/danluu-fuzz-data/rtc-coverage-guided-20260515/run-20260529T013102Z/supervisor-groups.json
2026-05-29T02:03:54Z,coverage-guided,run-20260529T013102Z,novelty-ws-real-user-editing,browser-e2e,ws,real-user-editing,2,10,FALSE,/media/volume/danluu-fuzz-data/rtc-coverage-guided-20260515/run-20260529T013102Z/supervisor-groups.json
2026-05-29T02:03:54Z,coverage-guided,run-20260529T013102Z,novelty-ws-parser-transform,browser-e2e,ws,parser-transform,1,8,FALSE,/media/volume/danluu-fuzz-data/rtc-coverage-guided-20260515/run-20260529T013102Z/supervisor-groups.json
2026-05-29T02:03:54Z,coverage-guided,run-20260529T013102Z,novelty-ws-media-cross-entity,browser-e2e,ws,media-cross-entity,1,10,FALSE,/media/volume/danluu-fuzz-data/rtc-coverage-guided-20260515/run-20260529T013102Z/supervisor-groups.json
2026-05-29T04:08:13Z,coverage-guided,run-20260529T022501Z,novelty-http-self-presence-ui-signals,browser-e2e,http,collaboration-ui-signals,1,8,FALSE,/media/volume/danluu-fuzz-data/rtc-coverage-guided-20260515/run-20260529T022501Z/supervisor-groups.json
2026-05-29T04:08:13Z,coverage-guided,run-20260529T022501Z,novelty-http-large-post-lifecycle,browser-e2e,http,large-post-three-user-http-lifecycle,1,36,FALSE,/media/volume/danluu-fuzz-data/rtc-coverage-guided-20260515/run-20260529T022501Z/supervisor-groups.json
2026-05-29T06:23:09Z,coverage-guided,run-20260529T041545Z,novelty-http-self-presence-ui-signals,browser-e2e,http,collaboration-ui-signals,1,8,FALSE,/media/volume/danluu-fuzz-data/rtc-coverage-guided-20260515/run-20260529T041545Z/supervisor-groups.json
2026-05-29T06:23:09Z,coverage-guided,run-20260529T041545Z,novelty-ws-media-cross-entity,browser-e2e,ws,media-cross-entity,1,10,FALSE,/media/volume/danluu-fuzz-data/rtc-coverage-guided-20260515/run-20260529T041545Z/supervisor-groups.json
2026-05-29T06:23:09Z,coverage-guided,run-20260529T041545Z,novelty-ws-collaboration-ui-signals-completion,browser-e2e,ws,collaboration-ui-signals,1,8,FALSE,/media/volume/danluu-fuzz-data/rtc-coverage-guided-20260515/run-20260529T041545Z/supervisor-groups.json
2026-05-29T06:23:09Z,coverage-guided,run-20260529T041545Z,novelty-ws-collaboration-ui-signals,browser-e2e,ws,collaboration-ui-signals,1,12,FALSE,/media/volume/danluu-fuzz-data/rtc-coverage-guided-20260515/run-20260529T041545Z/supervisor-groups.json
2026-05-29T06:23:09Z,coverage-guided,run-20260529T041545Z,novelty-ws-block-gauntlet,browser-e2e,ws,block-gauntlet,1,10,FALSE,/media/volume/danluu-fuzz-data/rtc-coverage-guided-20260515/run-20260529T041545Z/supervisor-groups.json
2026-05-29T08:25:40Z,coverage-guided,run-20260529T082440Z,novelty-http-self-presence-ui-signals,browser-e2e,http,collaboration-ui-signals,1,8,FALSE,/media/volume/danluu-fuzz-data/rtc-coverage-guided-20260515/run-20260529T082440Z/supervisor-groups.json
2026-05-29T08:25:40Z,coverage-guided,run-20260529T082440Z,novelty-http-large-post-lifecycle,browser-e2e,http,large-post-three-user-http-lifecycle,1,36,FALSE,/media/volume/danluu-fuzz-data/rtc-coverage-guided-20260515/run-20260529T082440Z/supervisor-groups.json
2026-05-29T08:25:40Z,coverage-guided,run-20260529T082440Z,novelty-http-persistence-probe,browser-e2e,http,persistence-no-title,1,8,FALSE,/media/volume/danluu-fuzz-data/rtc-coverage-guided-20260515/run-20260529T082440Z/supervisor-groups.json
2026-05-29T08:25:40Z,coverage-guided,run-20260529T082440Z,novelty-ws-parser-serialization,browser-e2e,ws,parser-serialization,1,9,FALSE,/media/volume/danluu-fuzz-data/rtc-coverage-guided-20260515/run-20260529T082440Z/supervisor-groups.json
2026-05-29T08:25:40Z,coverage-guided,run-20260529T082440Z,novelty-http-title-reload-convergence,browser-e2e,http,session-lifecycle,1,10,FALSE,/media/volume/danluu-fuzz-data/rtc-coverage-guided-20260515/run-20260529T082440Z/supervisor-groups.json
2026-05-29T08:44:15Z,coverage-guided,run-20260529T084333Z,novelty-http-self-presence-ui-signals,browser-e2e,http,collaboration-ui-signals,1,8,TRUE,/media/volume/danluu-fuzz-data/rtc-coverage-guided-20260515/run-20260529T084333Z/supervisor-groups.json
2026-05-29T08:44:15Z,coverage-guided,run-20260529T084333Z,novelty-http-large-post-lifecycle,browser-e2e,http,large-post-three-user-http-lifecycle,1,36,TRUE,/media/volume/danluu-fuzz-data/rtc-coverage-guided-20260515/run-20260529T084333Z/supervisor-groups.json
2026-05-29T08:44:15Z,coverage-guided,run-20260529T084333Z,novelty-http-persistence-probe,browser-e2e,http,persistence-no-title,1,8,TRUE,/media/volume/danluu-fuzz-data/rtc-coverage-guided-20260515/run-20260529T084333Z/supervisor-groups.json
2026-05-29T08:44:15Z,coverage-guided,run-20260529T084333Z,novelty-ws-parser-serialization,browser-e2e,ws,parser-serialization,1,9,TRUE,/media/volume/danluu-fuzz-data/rtc-coverage-guided-20260515/run-20260529T084333Z/supervisor-groups.json
2026-05-16T09:37:51Z,coverage-guided-lower-level,coverage-guided-lower-level-20260516T093751Z,coverage-guided-lower-level-rich-text-crdt,coverage-guided-lower-level,in-process,rtc-rich-text-crdt-merge,1,16,FALSE,/media/volume/danluu-fuzz-data/rtc-coverage-guided-lower-level-20260516/runs/coverage-guided-lower-level-20260516T093751Z/supervisor-groups.json
2026-05-16T09:57:53Z,coverage-guided-lower-level,coverage-guided-lower-level-20260516T095753Z,coverage-guided-lower-level-rich-text-crdt,coverage-guided-lower-level,in-process,rtc-rich-text-crdt-merge,1,16,FALSE,/media/volume/danluu-fuzz-data/rtc-coverage-guided-lower-level-20260516/runs/coverage-guided-lower-level-20260516T095753Z/supervisor-groups.json
2026-05-16T16:58:11Z,coverage-guided-lower-level,coverage-guided-lower-level-20260516T165811Z,coverage-guided-lower-level-rich-text-crdt,coverage-guided-lower-level,in-process,rtc-rich-text-crdt-merge,1,16,FALSE,/media/volume/danluu-fuzz-data/rtc-coverage-guided-lower-level-20260516/runs/coverage-guided-lower-level-20260516T165811Z/supervisor-groups.json
2026-05-16T16:58:26Z,coverage-guided-lower-level,coverage-guided-lower-level-20260516T165826Z,coverage-guided-lower-level-rich-text-crdt,coverage-guided-lower-level,in-process,rtc-rich-text-crdt-merge,1,16,FALSE,/media/volume/danluu-fuzz-data/rtc-coverage-guided-lower-level-20260516/runs/coverage-guided-lower-level-20260516T165826Z/supervisor-groups.json
2026-05-16T17:19:48Z,coverage-guided-lower-level,coverage-guided-lower-level-20260516T171947Z,coverage-guided-lower-level-rich-text-crdt,coverage-guided-lower-level,in-process,rtc-rich-text-crdt-merge,1,16,FALSE,/media/volume/danluu-fuzz-data/rtc-coverage-guided-lower-level-20260516/runs/coverage-guided-lower-level-20260516T171947Z/supervisor-groups.json
2026-05-16T17:20:26Z,coverage-guided-lower-level,coverage-guided-lower-level-20260516T172026049636849Z,coverage-guided-lower-level-rich-text-crdt,coverage-guided-lower-level,in-process,rtc-rich-text-crdt-merge,1,16,FALSE,/media/volume/danluu-fuzz-data/rtc-coverage-guided-lower-level-20260516/runs/coverage-guided-lower-level-20260516T172026049636849Z/supervisor-groups.json
2026-05-16T17:20:26Z,coverage-guided-lower-level,coverage-guided-lower-level-20260516T172026193973944Z,coverage-guided-lower-level-rich-text-crdt,coverage-guided-lower-level,in-process,rtc-rich-text-crdt-merge,1,16,FALSE,/media/volume/danluu-fuzz-data/rtc-coverage-guided-lower-level-20260516/runs/coverage-guided-lower-level-20260516T172026193973944Z/supervisor-groups.json
2026-05-16T17:56:22Z,coverage-guided-lower-level,coverage-guided-lower-level-20260516T175622076711058Z,coverage-guided-lower-level-rich-text-crdt,coverage-guided-lower-level,in-process,rtc-rich-text-crdt-merge,1,64,FALSE,/media/volume/danluu-fuzz-data/rtc-coverage-guided-lower-level-20260516/runs/coverage-guided-lower-level-20260516T175622076711058Z/supervisor-groups.json
2026-05-17T00:23:00Z,coverage-guided-lower-level,coverage-guided-lower-level-20260517T002300422311158Z,coverage-guided-lower-level-rich-text-crdt,coverage-guided-lower-level,in-process,rtc-rich-text-crdt-merge,1,64,FALSE,/media/volume/danluu-fuzz-data/rtc-coverage-guided-lower-level-20260516/runs/coverage-guided-lower-level-20260517T002300422311158Z/supervisor-groups.json
2026-05-17T03:56:54Z,coverage-guided-lower-level,coverage-guided-lower-level-20260517T035654358289896Z,coverage-guided-lower-level-rich-text-crdt,coverage-guided-lower-level,in-process,rtc-rich-text-crdt-merge,1,16,FALSE,/media/volume/danluu-fuzz-data/rtc-coverage-guided-lower-level-20260516/runs/coverage-guided-lower-level-20260517T035654358289896Z/supervisor-groups.json
2026-05-17T04:59:18Z,coverage-guided-lower-level,coverage-guided-lower-level-20260517T045918152206159Z,coverage-guided-lower-level-rich-text-crdt,coverage-guided-lower-level,in-process,rtc-rich-text-crdt-merge,1,16,FALSE,/media/volume/danluu-fuzz-data/rtc-coverage-guided-lower-level-20260516/runs/coverage-guided-lower-level-20260517T045918152206159Z/supervisor-groups.json
2026-05-17T06:18:55Z,coverage-guided-lower-level,coverage-guided-lower-level-20260517T061854814114511Z,coverage-guided-lower-level-rich-text-crdt,coverage-guided-lower-level,in-process,rtc-rich-text-crdt-merge,1,32,FALSE,/media/volume/danluu-fuzz-data/rtc-coverage-guided-lower-level-20260516/runs/coverage-guided-lower-level-20260517T061854814114511Z/supervisor-groups.json
2026-05-17T06:24:00Z,coverage-guided-lower-level,coverage-guided-lower-level-20260517T062359815237802Z,coverage-guided-lower-level-rich-text-crdt,coverage-guided-lower-level,in-process,rtc-rich-text-crdt-merge,1,16,FALSE,/media/volume/danluu-fuzz-data/rtc-coverage-guided-lower-level-20260516/runs/coverage-guided-lower-level-20260517T062359815237802Z/supervisor-groups.json
2026-05-18T00:00:16Z,coverage-guided-lower-level,coverage-guided-lower-level-20260518T000011082903982Z,coverage-guided-lower-level-rich-text-crdt,coverage-guided-lower-level,in-process,rtc-rich-text-crdt-merge,1,32,FALSE,/media/volume/danluu-fuzz-data/rtc-coverage-guided-lower-level-20260516/runs/coverage-guided-lower-level-20260518T000011082903982Z/supervisor-groups.json
2026-05-18T00:01:35Z,coverage-guided-lower-level,coverage-guided-lower-level-20260518T000135569678743Z,coverage-guided-lower-level-rich-text-crdt,coverage-guided-lower-level,in-process,rtc-rich-text-crdt-merge,1,32,FALSE,/media/volume/danluu-fuzz-data/rtc-coverage-guided-lower-level-20260516/runs/coverage-guided-lower-level-20260518T000135569678743Z/supervisor-groups.json
2026-05-18T00:48:09Z,coverage-guided-lower-level,coverage-guided-lower-level-20260518T004803210019147Z,coverage-guided-lower-level-rich-text-crdt,coverage-guided-lower-level,in-process,rtc-rich-text-crdt-merge,1,32,FALSE,/media/volume/danluu-fuzz-data/rtc-coverage-guided-lower-level-20260516/runs/coverage-guided-lower-level-20260518T004803210019147Z/supervisor-groups.json
2026-05-19T20:41:03Z,coverage-guided-lower-level,coverage-guided-lower-level-20260519T204059762225772Z,coverage-guided-lower-level-rich-text-crdt,coverage-guided-lower-level,in-process,rtc-block-parser-serialization,1,32,FALSE,/media/volume/danluu-fuzz-data/rtc-coverage-guided-lower-level-20260516/runs/coverage-guided-lower-level-20260519T204059762225772Z/supervisor-groups.json
2026-05-24T06:34:42Z,coverage-guided-lower-level,coverage-guided-lower-level-20260524T063436499538540Z,coverage-guided-lower-level-rich-text-crdt,coverage-guided-lower-level,in-process,rtc-rich-text-crdt,1,8,FALSE,/media/volume/danluu-fuzz-data/rtc-coverage-guided-lower-level-20260516/runs/coverage-guided-lower-level-20260524T063436499538540Z/supervisor-groups.json
2026-05-16T21:30:32Z,coverage-guided-lower-level,coverage-guided-lower-level-review-20260516T213032Z,coverage-guided-lower-level-rich-text-crdt,coverage-guided-lower-level,in-process,rtc-rich-text-crdt-merge,1,2,FALSE,/media/volume/danluu-fuzz-data/rtc-coverage-guided-lower-level-20260516/runs/coverage-guided-lower-level-review-20260516T213032Z/supervisor-groups.json
2026-05-16T09:55:59Z,coverage-guided-lower-level,coverage-guided-lower-level-smoke-20260516T095559Z,coverage-guided-lower-level-rich-text-crdt,coverage-guided-lower-level,in-process,rtc-rich-text-crdt-merge,1,2,FALSE,/media/volume/danluu-fuzz-data/rtc-coverage-guided-lower-level-20260516/runs/coverage-guided-lower-level-smoke-20260516T095559Z/supervisor-groups.json
2026-05-16T14:54:00Z,coverage-guided-lower-level,coverage-guided-lower-level-smoke-20260516T145400Z,coverage-guided-lower-level-rich-text-crdt,coverage-guided-lower-level,in-process,rtc-rich-text-crdt-merge,1,2,FALSE,/media/volume/danluu-fuzz-data/rtc-coverage-guided-lower-level-20260516/runs/coverage-guided-lower-level-smoke-20260516T145400Z/supervisor-groups.json
2026-05-16T16:19:24Z,coverage-guided-lower-level,coverage-guided-lower-level-smoke-20260516T161923Z,coverage-guided-lower-level-rich-text-crdt,coverage-guided-lower-level,in-process,rtc-rich-text-crdt-merge,1,2,FALSE,/media/volume/danluu-fuzz-data/rtc-coverage-guided-lower-level-20260516/runs/coverage-guided-lower-level-smoke-20260516T161923Z/supervisor-groups.json
2026-05-16T18:51:06Z,coverage-guided-lower-level,coverage-guided-lower-level-smoke-20260516T185106587286876Z,coverage-guided-lower-level-rich-text-crdt,coverage-guided-lower-level,in-process,rtc-rich-text-crdt-merge,1,2,FALSE,/media/volume/danluu-fuzz-data/rtc-coverage-guided-lower-level-20260516/runs/coverage-guided-lower-level-smoke-20260516T185106587286876Z/supervisor-groups.json
2026-05-16T20:29:34Z,coverage-guided-lower-level,coverage-guided-lower-level-smoke-20260516T202934167349920Z,coverage-guided-lower-level-rich-text-crdt,coverage-guided-lower-level,in-process,rtc-rich-text-crdt-merge,1,2,FALSE,/media/volume/danluu-fuzz-data/rtc-coverage-guided-lower-level-20260516/runs/coverage-guided-lower-level-smoke-20260516T202934167349920Z/supervisor-groups.json
2026-05-16T21:04:34Z,coverage-guided-lower-level,coverage-guided-lower-level-smoke-20260516T210434406928662Z,coverage-guided-lower-level-rich-text-crdt,coverage-guided-lower-level,in-process,rtc-rich-text-crdt-merge,1,2,FALSE,/media/volume/danluu-fuzz-data/rtc-coverage-guided-lower-level-20260516/runs/coverage-guided-lower-level-smoke-20260516T210434406928662Z/supervisor-groups.json
2026-05-17T00:43:18Z,coverage-guided-lower-level,coverage-guided-lower-level-smoke-20260517T004318097171047Z,coverage-guided-lower-level-rich-text-crdt,coverage-guided-lower-level,in-process,rtc-rich-text-crdt-merge,1,2,FALSE,/media/volume/danluu-fuzz-data/rtc-coverage-guided-lower-level-20260516/runs/coverage-guided-lower-level-smoke-20260517T004318097171047Z/supervisor-groups.json
2026-05-17T01:40:38Z,coverage-guided-lower-level,coverage-guided-lower-level-smoke-20260517T014038880366837Z,coverage-guided-lower-level-rich-text-crdt,coverage-guided-lower-level,in-process,rtc-rich-text-crdt-merge,1,1,FALSE,/media/volume/danluu-fuzz-data/rtc-coverage-guided-lower-level-20260516/runs/coverage-guided-lower-level-smoke-20260517T014038880366837Z/supervisor-groups.json
2026-05-17T01:41:44Z,coverage-guided-lower-level,coverage-guided-lower-level-smoke-20260517T014144000082981Z,coverage-guided-lower-level-rich-text-crdt,coverage-guided-lower-level,in-process,rtc-rich-text-crdt-merge,1,2,FALSE,/media/volume/danluu-fuzz-data/rtc-coverage-guided-lower-level-20260516/runs/coverage-guided-lower-level-smoke-20260517T014144000082981Z/supervisor-groups.json
2026-05-17T02:12:00Z,coverage-guided-lower-level,coverage-guided-lower-level-smoke-20260517T021200682703906Z,coverage-guided-lower-level-rich-text-crdt,coverage-guided-lower-level,in-process,rtc-rich-text-crdt-merge,1,2,FALSE,/media/volume/danluu-fuzz-data/rtc-coverage-guided-lower-level-20260516/runs/coverage-guided-lower-level-smoke-20260517T021200682703906Z/supervisor-groups.json
2026-05-17T02:34:10Z,coverage-guided-lower-level,coverage-guided-lower-level-smoke-20260517T023410344860650Z,coverage-guided-lower-level-rich-text-crdt,coverage-guided-lower-level,in-process,rtc-rich-text-crdt-merge,1,2,FALSE,/media/volume/danluu-fuzz-data/rtc-coverage-guided-lower-level-20260516/runs/coverage-guided-lower-level-smoke-20260517T023410344860650Z/supervisor-groups.json
2026-05-17T03:55:33Z,coverage-guided-lower-level,coverage-guided-lower-level-smoke-20260517T035533377625389Z,coverage-guided-lower-level-rich-text-crdt,coverage-guided-lower-level,in-process,rtc-rich-text-crdt-merge,1,2,FALSE,/media/volume/danluu-fuzz-data/rtc-coverage-guided-lower-level-20260516/runs/coverage-guided-lower-level-smoke-20260517T035533377625389Z/supervisor-groups.json
2026-05-17T03:58:52Z,coverage-guided-lower-level,coverage-guided-lower-level-smoke-20260517T035852731745345Z,coverage-guided-lower-level-rich-text-crdt,coverage-guided-lower-level,in-process,rtc-rich-text-crdt-merge,1,2,FALSE,/media/volume/danluu-fuzz-data/rtc-coverage-guided-lower-level-20260516/runs/coverage-guided-lower-level-smoke-20260517T035852731745345Z/supervisor-groups.json
2026-05-17T04:05:12Z,coverage-guided-lower-level,coverage-guided-lower-level-smoke-20260517T040512553450198Z,coverage-guided-lower-level-rich-text-crdt,coverage-guided-lower-level,in-process,rtc-rich-text-crdt-merge,1,2,FALSE,/media/volume/danluu-fuzz-data/rtc-coverage-guided-lower-level-20260516/runs/coverage-guided-lower-level-smoke-20260517T040512553450198Z/supervisor-groups.json
2026-05-17T04:44:14Z,coverage-guided-lower-level,coverage-guided-lower-level-smoke-20260517T044414748457133Z,coverage-guided-lower-level-rich-text-crdt,coverage-guided-lower-level,in-process,rtc-rich-text-crdt-merge,1,2,FALSE,/media/volume/danluu-fuzz-data/rtc-coverage-guided-lower-level-20260516/runs/coverage-guided-lower-level-smoke-20260517T044414748457133Z/supervisor-groups.json
2026-05-21T11:14:10Z,coverage-guided-lower-level,coverage-guided-lower-level-smoke-20260521T111410775424545Z,coverage-guided-lower-level-rich-text-crdt,coverage-guided-lower-level,in-process,rtc-rich-text-crdt,1,2,FALSE,/media/volume/danluu-fuzz-data/rtc-coverage-guided-lower-level-20260516/runs/coverage-guided-lower-level-smoke-20260521T111410775424545Z/supervisor-groups.json
2026-05-24T11:19:30Z,coverage-guided-lower-level,coverage-guided-lower-level-smoke-20260524T111930267024926Z,coverage-guided-lower-level-rich-text-crdt,coverage-guided-lower-level,in-process,rtc-rich-text-crdt,1,2,FALSE,/media/volume/danluu-fuzz-data/rtc-coverage-guided-lower-level-20260516/runs/coverage-guided-lower-level-smoke-20260524T111930267024926Z/supervisor-groups.json
2026-05-24T13:54:22Z,coverage-guided-lower-level,coverage-guided-lower-level-smoke-20260524T135422538489333Z,coverage-guided-lower-level-rich-text-crdt,coverage-guided-lower-level,in-process,rtc-rich-text-crdt,1,2,FALSE,/media/volume/danluu-fuzz-data/rtc-coverage-guided-lower-level-20260516/runs/coverage-guided-lower-level-smoke-20260524T135422538489333Z/supervisor-groups.json
2026-05-24T14:10:08Z,coverage-guided-lower-level,coverage-guided-lower-level-smoke-20260524T141007940244630Z,coverage-guided-lower-level-rich-text-crdt,coverage-guided-lower-level,in-process,rtc-rich-text-crdt,1,2,FALSE,/media/volume/danluu-fuzz-data/rtc-coverage-guided-lower-level-20260516/runs/coverage-guided-lower-level-smoke-20260524T141007940244630Z/supervisor-groups.json
2026-05-24T18:20:51Z,coverage-guided-lower-level,coverage-guided-lower-level-smoke-20260524T182050987889718Z,coverage-guided-lower-level-rich-text-crdt,coverage-guided-lower-level,in-process,rtc-rich-text-crdt,1,2,FALSE,/media/volume/danluu-fuzz-data/rtc-coverage-guided-lower-level-20260516/runs/coverage-guided-lower-level-smoke-20260524T182050987889718Z/supervisor-groups.json
2026-05-24T19:27:29Z,coverage-guided-lower-level,coverage-guided-lower-level-smoke-20260524T192729874096632Z,coverage-guided-lower-level-rich-text-crdt,coverage-guided-lower-level,in-process,rtc-rich-text-crdt,1,2,FALSE,/media/volume/danluu-fuzz-data/rtc-coverage-guided-lower-level-20260516/runs/coverage-guided-lower-level-smoke-20260524T192729874096632Z/supervisor-groups.json
2026-05-24T20:10:21Z,coverage-guided-lower-level,coverage-guided-lower-level-smoke-20260524T201021489551195Z,coverage-guided-lower-level-rich-text-crdt,coverage-guided-lower-level,in-process,rtc-rich-text-crdt,1,2,FALSE,/media/volume/danluu-fuzz-data/rtc-coverage-guided-lower-level-20260516/runs/coverage-guided-lower-level-smoke-20260524T201021489551195Z/supervisor-groups.json
2026-05-24T20:46:32Z,coverage-guided-lower-level,coverage-guided-lower-level-smoke-20260524T204632088649427Z,coverage-guided-lower-level-rich-text-crdt,coverage-guided-lower-level,in-process,rtc-rich-text-crdt,1,2,FALSE,/media/volume/danluu-fuzz-data/rtc-coverage-guided-lower-level-20260516/runs/coverage-guided-lower-level-smoke-20260524T204632088649427Z/supervisor-groups.json
2026-05-24T21:59:05Z,coverage-guided-lower-level,coverage-guided-lower-level-smoke-20260524T215905280908687Z,coverage-guided-lower-level-rich-text-crdt,coverage-guided-lower-level,in-process,rtc-rich-text-crdt,1,2,TRUE,/media/volume/danluu-fuzz-data/rtc-coverage-guided-lower-level-20260516/runs/coverage-guided-lower-level-smoke-20260524T215905280908687Z/supervisor-groups.json
2026-05-23T12:31:21Z,focused-shards,focused-shards-20260523T123101Z,focused-title-reload-http,browser-e2e,http,session-lifecycle,1,10,FALSE,/media/volume/danluu-fuzz-data/rtc-fuzz-focused-shards-20260515/runs/focused-shards-20260523T123101Z/supervisor-groups.json
2026-05-23T13:35:51Z,focused-shards,focused-shards-20260523T133524Z,focused-existing-post-crdt-http,browser-e2e,http,persistence-no-title,1,10,FALSE,/media/volume/danluu-fuzz-data/rtc-fuzz-focused-shards-20260515/runs/focused-shards-20260523T133524Z/supervisor-groups.json
2026-05-23T14:18:27Z,focused-shards,focused-shards-20260523T141756Z,focused-large-http-readiness,browser-e2e,http,large-post-three-user-http-lifecycle,1,8,FALSE,/media/volume/danluu-fuzz-data/rtc-fuzz-focused-shards-20260515/runs/focused-shards-20260523T141756Z/supervisor-groups.json
2026-05-23T15:40:43Z,focused-shards,focused-shards-20260523T154020Z,focused-same-user-stale-tabs-http,browser-e2e,http,session-lifecycle,1,24,FALSE,/media/volume/danluu-fuzz-data/rtc-fuzz-focused-shards-20260515/runs/focused-shards-20260523T154020Z/supervisor-groups.json
2026-05-24T08:37:56Z,focused-shards,focused-shards-20260524T083528Z,focused-same-user-stale-tabs,browser-e2e,ws,session-lifecycle,1,24,FALSE,/media/volume/danluu-fuzz-data/rtc-fuzz-focused-shards-20260515/runs/focused-shards-20260524T083528Z/supervisor-groups.json
2026-05-24T08:37:56Z,focused-shards,focused-shards-20260524T083528Z,focused-same-user-stale-tabs-http,browser-e2e,http,session-lifecycle,1,24,FALSE,/media/volume/danluu-fuzz-data/rtc-fuzz-focused-shards-20260515/runs/focused-shards-20260524T083528Z/supervisor-groups.json
2026-05-24T08:37:56Z,focused-shards,focused-shards-20260524T083528Z,focused-title-reload-http,browser-e2e,http,session-lifecycle,1,10,FALSE,/media/volume/danluu-fuzz-data/rtc-fuzz-focused-shards-20260515/runs/focused-shards-20260524T083528Z/supervisor-groups.json
2026-05-24T08:37:56Z,focused-shards,focused-shards-20260524T083528Z,focused-existing-post-crdt-http,browser-e2e,http,persistence-no-title,1,10,FALSE,/media/volume/danluu-fuzz-data/rtc-fuzz-focused-shards-20260515/runs/focused-shards-20260524T083528Z/supervisor-groups.json
2026-05-24T08:37:56Z,focused-shards,focused-shards-20260524T083528Z,focused-ws-code-editor-smoke,browser-e2e,ws,parser-transform,1,8,FALSE,/media/volume/danluu-fuzz-data/rtc-fuzz-focused-shards-20260515/runs/focused-shards-20260524T083528Z/supervisor-groups.json
2026-05-24T08:37:56Z,focused-shards,focused-shards-20260524T083528Z,focused-ui-signals,browser-e2e,ws,collaboration-ui-signals,1,10,FALSE,/media/volume/danluu-fuzz-data/rtc-fuzz-focused-shards-20260515/runs/focused-shards-20260524T083528Z/supervisor-groups.json
2026-05-24T08:37:56Z,focused-shards,focused-shards-20260524T083528Z,focused-large-http-lifecycle,browser-e2e,http,large-post-three-user-http-lifecycle,1,12,FALSE,/media/volume/danluu-fuzz-data/rtc-fuzz-focused-shards-20260515/runs/focused-shards-20260524T083528Z/supervisor-groups.json
2026-05-24T08:37:56Z,focused-shards,focused-shards-20260524T083528Z,focused-large-http-readiness,browser-e2e,http,large-post-three-user-http-lifecycle,1,8,FALSE,/media/volume/danluu-fuzz-data/rtc-fuzz-focused-shards-20260515/runs/focused-shards-20260524T083528Z/supervisor-groups.json
2026-05-24T08:42:57Z,focused-shards,focused-shards-20260524T084032Z,focused-same-user-stale-tabs,browser-e2e,ws,session-lifecycle,1,24,FALSE,/media/volume/danluu-fuzz-data/rtc-fuzz-focused-shards-20260515/runs/focused-shards-20260524T084032Z/supervisor-groups.json
2026-05-24T08:42:57Z,focused-shards,focused-shards-20260524T084032Z,focused-same-user-stale-tabs-http,browser-e2e,http,session-lifecycle,1,24,FALSE,/media/volume/danluu-fuzz-data/rtc-fuzz-focused-shards-20260515/runs/focused-shards-20260524T084032Z/supervisor-groups.json
2026-05-24T08:42:57Z,focused-shards,focused-shards-20260524T084032Z,focused-title-reload-http,browser-e2e,http,session-lifecycle,1,10,FALSE,/media/volume/danluu-fuzz-data/rtc-fuzz-focused-shards-20260515/runs/focused-shards-20260524T084032Z/supervisor-groups.json
2026-05-24T08:42:57Z,focused-shards,focused-shards-20260524T084032Z,focused-existing-post-crdt-http,browser-e2e,http,persistence-no-title,1,10,FALSE,/media/volume/danluu-fuzz-data/rtc-fuzz-focused-shards-20260515/runs/focused-shards-20260524T084032Z/supervisor-groups.json
2026-05-24T08:42:57Z,focused-shards,focused-shards-20260524T084032Z,focused-ws-code-editor-smoke,browser-e2e,ws,parser-transform,1,8,FALSE,/media/volume/danluu-fuzz-data/rtc-fuzz-focused-shards-20260515/runs/focused-shards-20260524T084032Z/supervisor-groups.json
2026-05-24T08:42:57Z,focused-shards,focused-shards-20260524T084032Z,focused-ui-signals,browser-e2e,ws,collaboration-ui-signals,1,10,FALSE,/media/volume/danluu-fuzz-data/rtc-fuzz-focused-shards-20260515/runs/focused-shards-20260524T084032Z/supervisor-groups.json
2026-05-24T08:42:57Z,focused-shards,focused-shards-20260524T084032Z,focused-large-http-lifecycle,browser-e2e,http,large-post-three-user-http-lifecycle,1,12,FALSE,/media/volume/danluu-fuzz-data/rtc-fuzz-focused-shards-20260515/runs/focused-shards-20260524T084032Z/supervisor-groups.json
2026-05-24T08:42:57Z,focused-shards,focused-shards-20260524T084032Z,focused-large-http-readiness,browser-e2e,http,large-post-three-user-http-lifecycle,1,8,FALSE,/media/volume/danluu-fuzz-data/rtc-fuzz-focused-shards-20260515/runs/focused-shards-20260524T084032Z/supervisor-groups.json
2026-05-25T01:14:18Z,focused-shards,focused-shards-20260525T011402Z,focused-ws-code-editor-smoke,browser-e2e,ws,parser-transform,1,8,FALSE,/media/volume/danluu-fuzz-data/rtc-fuzz-focused-shards-20260515/runs/focused-shards-20260525T011402Z/supervisor-groups.json
2026-05-25T01:18:03Z,focused-shards,focused-shards-20260525T011748Z,focused-large-http-lifecycle,browser-e2e,http,large-post-three-user-http-lifecycle,1,12,FALSE,/media/volume/danluu-fuzz-data/rtc-fuzz-focused-shards-20260515/runs/focused-shards-20260525T011748Z/supervisor-groups.json
2026-05-25T01:25:05Z,focused-shards,focused-shards-20260525T012452Z,focused-large-http-lifecycle,browser-e2e,http,large-post-three-user-http-lifecycle,1,12,FALSE,/media/volume/danluu-fuzz-data/rtc-fuzz-focused-shards-20260515/runs/focused-shards-20260525T012452Z/supervisor-groups.json
2026-05-25T01:30:10Z,focused-shards,focused-shards-20260525T012955Z,focused-large-http-lifecycle,browser-e2e,http,large-post-three-user-http-lifecycle,1,12,FALSE,/media/volume/danluu-fuzz-data/rtc-fuzz-focused-shards-20260515/runs/focused-shards-20260525T012955Z/supervisor-groups.json
2026-05-25T01:35:26Z,focused-shards,focused-shards-20260525T013505Z,focused-title-reload-http,browser-e2e,http,session-lifecycle,1,10,FALSE,/media/volume/danluu-fuzz-data/rtc-fuzz-focused-shards-20260515/runs/focused-shards-20260525T013505Z/supervisor-groups.json
2026-05-25T01:40:05Z,focused-shards,focused-shards-20260525T013953Z,focused-existing-post-crdt-http,browser-e2e,http,persistence-no-title,1,10,FALSE,/media/volume/danluu-fuzz-data/rtc-fuzz-focused-shards-20260515/runs/focused-shards-20260525T013953Z/supervisor-groups.json
2026-05-25T01:45:13Z,focused-shards,focused-shards-20260525T014458Z,focused-existing-post-crdt-http,browser-e2e,http,persistence-no-title,1,10,FALSE,/media/volume/danluu-fuzz-data/rtc-fuzz-focused-shards-20260515/runs/focused-shards-20260525T014458Z/supervisor-groups.json
2026-05-25T01:50:18Z,focused-shards,focused-shards-20260525T015002Z,focused-existing-post-crdt-http,browser-e2e,http,persistence-no-title,1,10,FALSE,/media/volume/danluu-fuzz-data/rtc-fuzz-focused-shards-20260515/runs/focused-shards-20260525T015002Z/supervisor-groups.json
2026-05-25T01:55:23Z,focused-shards,focused-shards-20260525T015505Z,focused-same-user-stale-tabs-http,browser-e2e,http,session-lifecycle,1,24,FALSE,/media/volume/danluu-fuzz-data/rtc-fuzz-focused-shards-20260515/runs/focused-shards-20260525T015505Z/supervisor-groups.json
2026-05-25T02:05:31Z,focused-shards,focused-shards-20260525T020503Z,focused-ui-signals,browser-e2e,ws,collaboration-ui-signals,1,10,FALSE,/media/volume/danluu-fuzz-data/rtc-fuzz-focused-shards-20260515/runs/focused-shards-20260525T020503Z/supervisor-groups.json
2026-05-25T02:10:24Z,focused-shards,focused-shards-20260525T020959Z,focused-same-user-stale-tabs,browser-e2e,ws,session-lifecycle,1,24,FALSE,/media/volume/danluu-fuzz-data/rtc-fuzz-focused-shards-20260515/runs/focused-shards-20260525T020959Z/supervisor-groups.json
2026-05-25T07:11:22Z,focused-shards,focused-shards-20260525T071036Z,focused-large-http-lifecycle,browser-e2e,http,large-post-three-user-http-lifecycle,1,12,FALSE,/media/volume/danluu-fuzz-data/rtc-fuzz-focused-shards-20260515/runs/focused-shards-20260525T071036Z/supervisor-groups.json
2026-05-25T07:11:46Z,focused-shards,focused-shards-20260525T071126Z,focused-title-reload-http,browser-e2e,http,session-lifecycle,1,10,FALSE,/media/volume/danluu-fuzz-data/rtc-fuzz-focused-shards-20260515/runs/focused-shards-20260525T071126Z/supervisor-groups.json
2026-05-25T07:12:22Z,focused-shards,focused-shards-20260525T071150Z,focused-existing-post-crdt-http,browser-e2e,http,persistence-no-title,1,10,FALSE,/media/volume/danluu-fuzz-data/rtc-fuzz-focused-shards-20260515/runs/focused-shards-20260525T071150Z/supervisor-groups.json
2026-05-25T07:12:59Z,focused-shards,focused-shards-20260525T071226Z,focused-ws-code-editor-smoke,browser-e2e,ws,parser-transform,1,8,FALSE,/media/volume/danluu-fuzz-data/rtc-fuzz-focused-shards-20260515/runs/focused-shards-20260525T071226Z/supervisor-groups.json
2026-05-25T07:35:42Z,focused-shards,focused-shards-20260525T073506Z,focused-large-http-lifecycle,browser-e2e,http,large-post-three-user-http-lifecycle,1,12,FALSE,/media/volume/danluu-fuzz-data/rtc-fuzz-focused-shards-20260515/runs/focused-shards-20260525T073506Z/supervisor-groups.json
2026-05-25T07:36:11Z,focused-shards,focused-shards-20260525T073545Z,focused-ws-code-editor-smoke,browser-e2e,ws,parser-transform,1,8,FALSE,/media/volume/danluu-fuzz-data/rtc-fuzz-focused-shards-20260515/runs/focused-shards-20260525T073545Z/supervisor-groups.json
2026-05-25T08:09:59Z,focused-shards,focused-shards-20260525T080909Z,focused-ws-code-editor-smoke,browser-e2e,ws,parser-transform,1,8,FALSE,/media/volume/danluu-fuzz-data/rtc-fuzz-focused-shards-20260515/runs/focused-shards-20260525T080909Z/supervisor-groups.json
2026-05-25T08:55:39Z,focused-shards,focused-shards-20260525T085457Z,focused-title-reload-http,browser-e2e,http,session-lifecycle,1,10,FALSE,/media/volume/danluu-fuzz-data/rtc-fuzz-focused-shards-20260515/runs/focused-shards-20260525T085457Z/supervisor-groups.json
2026-05-25T08:56:04Z,focused-shards,focused-shards-20260525T085539Z,focused-ws-code-editor-smoke,browser-e2e,ws,parser-transform,1,8,FALSE,/media/volume/danluu-fuzz-data/rtc-fuzz-focused-shards-20260515/runs/focused-shards-20260525T085539Z/supervisor-groups.json
2026-05-25T09:22:36Z,focused-shards,focused-shards-20260525T092152Z,focused-ws-code-editor-smoke,browser-e2e,ws,parser-transform,1,8,FALSE,/media/volume/danluu-fuzz-data/rtc-fuzz-focused-shards-20260515/runs/focused-shards-20260525T092152Z/supervisor-groups.json
2026-05-25T09:55:45Z,focused-shards,focused-shards-20260525T095509Z,focused-ws-code-editor-smoke,browser-e2e,ws,parser-transform,1,8,FALSE,/media/volume/danluu-fuzz-data/rtc-fuzz-focused-shards-20260515/runs/focused-shards-20260525T095509Z/supervisor-groups.json
2026-05-25T10:18:09Z,focused-shards,focused-shards-20260525T101655Z,focused-ws-code-editor-smoke,browser-e2e,ws,parser-transform,1,8,FALSE,/media/volume/danluu-fuzz-data/rtc-fuzz-focused-shards-20260515/runs/focused-shards-20260525T101655Z/supervisor-groups.json
2026-05-25T19:00:36Z,focused-shards,focused-shards-20260525T190023Z,focused-title-reload-http,browser-e2e,http,session-lifecycle,1,10,TRUE,/media/volume/danluu-fuzz-data/rtc-fuzz-focused-shards-20260515/runs/focused-shards-20260525T190023Z/supervisor-groups.json
2026-05-25T19:00:36Z,focused-shards,focused-shards-20260525T190023Z,focused-existing-post-crdt-http,browser-e2e,http,persistence-no-title,1,10,TRUE,/media/volume/danluu-fuzz-data/rtc-fuzz-focused-shards-20260515/runs/focused-shards-20260525T190023Z/supervisor-groups.json
2026-05-25T19:00:36Z,focused-shards,focused-shards-20260525T190023Z,focused-large-http-lifecycle,browser-e2e,http,large-post-three-user-http-lifecycle,1,12,TRUE,/media/volume/danluu-fuzz-data/rtc-fuzz-focused-shards-20260515/runs/focused-shards-20260525T190023Z/supervisor-groups.json
2026-05-22T13:31:52Z,gap-booster,gap-booster-20260522T133147Z,boost-real-user-title-rich-text,browser-e2e,ws,real-user-editing,1,18,FALSE,/media/volume/danluu-fuzz-data/rtc-gap-booster-20260515/runs/gap-booster-20260522T133147Z/supervisor-groups.json
2026-05-22T13:31:52Z,gap-booster,gap-booster-20260522T133147Z,boost-three-user-late-join,browser-e2e,ws,three-user-late-join,1,18,FALSE,/media/volume/danluu-fuzz-data/rtc-gap-booster-20260515/runs/gap-booster-20260522T133147Z/supervisor-groups.json
2026-05-22T13:31:52Z,gap-booster,gap-booster-20260522T133147Z,boost-revision-autosave-recovery,browser-e2e,ws,revision-persistence,1,24,FALSE,/media/volume/danluu-fuzz-data/rtc-gap-booster-20260515/runs/gap-booster-20260522T133147Z/supervisor-groups.json
2026-05-22T13:31:52Z,gap-booster,gap-booster-20260522T133147Z,boost-async-server-blocks-template-parts,browser-e2e,ws,async-server-blocks,1,18,FALSE,/media/volume/danluu-fuzz-data/rtc-gap-booster-20260515/runs/gap-booster-20260522T133147Z/supervisor-groups.json
2026-05-22T13:31:52Z,gap-booster,gap-booster-20260522T133147Z,boost-permissions-auth-locks,browser-e2e,ws,permissions-auth-locks,1,16,FALSE,/media/volume/danluu-fuzz-data/rtc-gap-booster-20260515/runs/gap-booster-20260522T133147Z/supervisor-groups.json
2026-05-22T13:31:52Z,gap-booster,gap-booster-20260522T133147Z,boost-long-session-large-doc,browser-e2e,ws,long-session-large-doc,1,64,FALSE,/media/volume/danluu-fuzz-data/rtc-gap-booster-20260515/runs/gap-booster-20260522T133147Z/supervisor-groups.json
2026-05-22T13:44:25Z,gap-booster,gap-booster-20260522T134421Z,boost-real-user-title-rich-text,browser-e2e,ws,real-user-editing,1,18,FALSE,/media/volume/danluu-fuzz-data/rtc-gap-booster-20260515/runs/gap-booster-20260522T134421Z/supervisor-groups.json
2026-05-22T13:44:25Z,gap-booster,gap-booster-20260522T134421Z,boost-three-user-late-join,browser-e2e,ws,three-user-late-join,1,18,FALSE,/media/volume/danluu-fuzz-data/rtc-gap-booster-20260515/runs/gap-booster-20260522T134421Z/supervisor-groups.json
2026-05-22T13:44:25Z,gap-booster,gap-booster-20260522T134421Z,boost-revision-autosave-recovery,browser-e2e,ws,revision-persistence,1,24,FALSE,/media/volume/danluu-fuzz-data/rtc-gap-booster-20260515/runs/gap-booster-20260522T134421Z/supervisor-groups.json
2026-05-22T13:44:25Z,gap-booster,gap-booster-20260522T134421Z,boost-async-server-blocks-template-parts,browser-e2e,ws,async-server-blocks,1,18,FALSE,/media/volume/danluu-fuzz-data/rtc-gap-booster-20260515/runs/gap-booster-20260522T134421Z/supervisor-groups.json
2026-05-22T13:44:25Z,gap-booster,gap-booster-20260522T134421Z,boost-permissions-auth-locks,browser-e2e,ws,permissions-auth-locks,1,16,FALSE,/media/volume/danluu-fuzz-data/rtc-gap-booster-20260515/runs/gap-booster-20260522T134421Z/supervisor-groups.json
2026-05-22T13:44:25Z,gap-booster,gap-booster-20260522T134421Z,boost-long-session-large-doc,browser-e2e,ws,long-session-large-doc,1,64,FALSE,/media/volume/danluu-fuzz-data/rtc-gap-booster-20260515/runs/gap-booster-20260522T134421Z/supervisor-groups.json
2026-05-22T22:23:18Z,gap-booster,gap-booster-20260522T222314Z,boost-real-user-title-rich-text,browser-e2e,ws,real-user-editing,1,18,FALSE,/media/volume/danluu-fuzz-data/rtc-gap-booster-20260515/runs/gap-booster-20260522T222314Z/supervisor-groups.json
2026-05-22T22:23:18Z,gap-booster,gap-booster-20260522T222314Z,boost-three-user-late-join,browser-e2e,ws,three-user-late-join,1,18,FALSE,/media/volume/danluu-fuzz-data/rtc-gap-booster-20260515/runs/gap-booster-20260522T222314Z/supervisor-groups.json
2026-05-22T22:23:18Z,gap-booster,gap-booster-20260522T222314Z,boost-revision-autosave-recovery,browser-e2e,ws,revision-persistence,1,24,FALSE,/media/volume/danluu-fuzz-data/rtc-gap-booster-20260515/runs/gap-booster-20260522T222314Z/supervisor-groups.json
2026-05-22T22:23:18Z,gap-booster,gap-booster-20260522T222314Z,boost-async-server-blocks-template-parts,browser-e2e,ws,async-server-blocks,1,18,FALSE,/media/volume/danluu-fuzz-data/rtc-gap-booster-20260515/runs/gap-booster-20260522T222314Z/supervisor-groups.json
2026-05-22T22:23:18Z,gap-booster,gap-booster-20260522T222314Z,boost-permissions-auth-locks,browser-e2e,ws,permissions-auth-locks,1,16,FALSE,/media/volume/danluu-fuzz-data/rtc-gap-booster-20260515/runs/gap-booster-20260522T222314Z/supervisor-groups.json
2026-05-22T22:23:18Z,gap-booster,gap-booster-20260522T222314Z,boost-long-session-large-doc,browser-e2e,ws,long-session-large-doc,1,64,FALSE,/media/volume/danluu-fuzz-data/rtc-gap-booster-20260515/runs/gap-booster-20260522T222314Z/supervisor-groups.json
2026-05-23T03:29:24Z,gap-booster,gap-booster-20260523T032920Z,boost-real-user-title-rich-text,browser-e2e,ws,real-user-editing,1,18,FALSE,/media/volume/danluu-fuzz-data/rtc-gap-booster-20260515/runs/gap-booster-20260523T032920Z/supervisor-groups.json
2026-05-23T03:29:24Z,gap-booster,gap-booster-20260523T032920Z,boost-three-user-late-join,browser-e2e,ws,three-user-late-join,1,18,FALSE,/media/volume/danluu-fuzz-data/rtc-gap-booster-20260515/runs/gap-booster-20260523T032920Z/supervisor-groups.json
2026-05-23T03:29:24Z,gap-booster,gap-booster-20260523T032920Z,boost-revision-autosave-recovery,browser-e2e,ws,revision-persistence,1,24,FALSE,/media/volume/danluu-fuzz-data/rtc-gap-booster-20260515/runs/gap-booster-20260523T032920Z/supervisor-groups.json
2026-05-23T03:29:24Z,gap-booster,gap-booster-20260523T032920Z,boost-async-server-blocks-template-parts,browser-e2e,ws,async-server-blocks,1,18,FALSE,/media/volume/danluu-fuzz-data/rtc-gap-booster-20260515/runs/gap-booster-20260523T032920Z/supervisor-groups.json
2026-05-23T03:29:24Z,gap-booster,gap-booster-20260523T032920Z,boost-permissions-auth-locks,browser-e2e,ws,permissions-auth-locks,1,16,FALSE,/media/volume/danluu-fuzz-data/rtc-gap-booster-20260515/runs/gap-booster-20260523T032920Z/supervisor-groups.json
2026-05-23T03:29:24Z,gap-booster,gap-booster-20260523T032920Z,boost-long-session-large-doc,browser-e2e,ws,long-session-large-doc,1,64,FALSE,/media/volume/danluu-fuzz-data/rtc-gap-booster-20260515/runs/gap-booster-20260523T032920Z/supervisor-groups.json
2026-05-23T11:32:58Z,gap-booster,gap-booster-20260523T113244Z,boost-real-user-title-rich-text,browser-e2e,ws,real-user-editing,1,18,FALSE,/media/volume/danluu-fuzz-data/rtc-gap-booster-20260515/runs/gap-booster-20260523T113244Z/supervisor-groups.json
2026-05-23T11:32:58Z,gap-booster,gap-booster-20260523T113244Z,boost-three-user-late-join,browser-e2e,ws,three-user-late-join,1,18,FALSE,/media/volume/danluu-fuzz-data/rtc-gap-booster-20260515/runs/gap-booster-20260523T113244Z/supervisor-groups.json
2026-05-23T11:32:58Z,gap-booster,gap-booster-20260523T113244Z,boost-revision-autosave-recovery,browser-e2e,ws,revision-persistence,1,24,FALSE,/media/volume/danluu-fuzz-data/rtc-gap-booster-20260515/runs/gap-booster-20260523T113244Z/supervisor-groups.json
2026-05-23T11:32:58Z,gap-booster,gap-booster-20260523T113244Z,boost-async-server-blocks-template-parts,browser-e2e,ws,async-server-blocks,1,18,FALSE,/media/volume/danluu-fuzz-data/rtc-gap-booster-20260515/runs/gap-booster-20260523T113244Z/supervisor-groups.json
2026-05-23T11:32:58Z,gap-booster,gap-booster-20260523T113244Z,boost-permissions-auth-locks,browser-e2e,ws,permissions-auth-locks,1,16,FALSE,/media/volume/danluu-fuzz-data/rtc-gap-booster-20260515/runs/gap-booster-20260523T113244Z/supervisor-groups.json
2026-05-23T11:32:58Z,gap-booster,gap-booster-20260523T113244Z,boost-long-session-large-doc,browser-e2e,ws,long-session-large-doc,1,64,FALSE,/media/volume/danluu-fuzz-data/rtc-gap-booster-20260515/runs/gap-booster-20260523T113244Z/supervisor-groups.json
2026-05-23T12:47:07Z,gap-booster,gap-booster-20260523T124703Z,boost-real-user-title-rich-text,browser-e2e,ws,real-user-editing,1,18,TRUE,/media/volume/danluu-fuzz-data/rtc-gap-booster-20260515/runs/gap-booster-20260523T124703Z/supervisor-groups.json
2026-05-23T12:47:07Z,gap-booster,gap-booster-20260523T124703Z,boost-three-user-late-join,browser-e2e,ws,three-user-late-join,1,18,TRUE,/media/volume/danluu-fuzz-data/rtc-gap-booster-20260515/runs/gap-booster-20260523T124703Z/supervisor-groups.json
2026-05-23T12:47:07Z,gap-booster,gap-booster-20260523T124703Z,boost-revision-autosave-recovery,browser-e2e,ws,revision-persistence,1,24,TRUE,/media/volume/danluu-fuzz-data/rtc-gap-booster-20260515/runs/gap-booster-20260523T124703Z/supervisor-groups.json
2026-05-23T12:47:07Z,gap-booster,gap-booster-20260523T124703Z,boost-async-server-blocks-template-parts,browser-e2e,ws,async-server-blocks,1,18,TRUE,/media/volume/danluu-fuzz-data/rtc-gap-booster-20260515/runs/gap-booster-20260523T124703Z/supervisor-groups.json
2026-05-23T12:47:07Z,gap-booster,gap-booster-20260523T124703Z,boost-permissions-auth-locks,browser-e2e,ws,permissions-auth-locks,1,16,TRUE,/media/volume/danluu-fuzz-data/rtc-gap-booster-20260515/runs/gap-booster-20260523T124703Z/supervisor-groups.json
2026-05-23T12:47:07Z,gap-booster,gap-booster-20260523T124703Z,boost-long-session-large-doc,browser-e2e,ws,long-session-large-doc,1,64,TRUE,/media/volume/danluu-fuzz-data/rtc-gap-booster-20260515/runs/gap-booster-20260523T124703Z/supervisor-groups.json
2026-05-27T11:45:40Z,protocol-server,20260527T112057Z,protocol-server-http-polling,protocol-server,http-polling-rest,wp-http-polling-protocol-state-machine,1,0,FALSE,/media/volume/danluu-fuzz-data/rtc-native-assert-protocol-20260516/protocol/runs/20260527T112057Z/supervisor-groups.json
2026-05-27T16:37:15Z,protocol-server,20260527T163612Z,protocol-server-http-polling,protocol-server,http-polling-rest,wp-http-polling-protocol-state-machine,1,0,FALSE,/media/volume/danluu-fuzz-data/rtc-native-assert-protocol-20260516/protocol/runs/20260527T163612Z/supervisor-groups.json
2026-05-27T21:03:32Z,protocol-server,20260527T202609Z,protocol-server-http-polling,protocol-server,http-polling-rest,wp-http-polling-protocol-state-machine,1,0,FALSE,/media/volume/danluu-fuzz-data/rtc-native-assert-protocol-20260516/protocol/runs/20260527T202609Z/supervisor-groups.json
2026-05-27T22:06:58Z,protocol-server,20260527T214627Z,protocol-server-http-polling,protocol-server,http-polling-rest,wp-http-polling-protocol-state-machine,1,0,FALSE,/media/volume/danluu-fuzz-data/rtc-native-assert-protocol-20260516/protocol/runs/20260527T214627Z/supervisor-groups.json
2026-05-27T23:30:32Z,protocol-server,20260527T232915Z,protocol-server-http-polling,protocol-server,http-polling-rest,wp-http-polling-protocol-state-machine,1,0,FALSE,/media/volume/danluu-fuzz-data/rtc-native-assert-protocol-20260516/protocol/runs/20260527T232915Z/supervisor-groups.json
2026-05-28T01:22:12Z,protocol-server,20260528T005805Z,protocol-server-http-polling,protocol-server,http-polling-rest,wp-http-polling-protocol-state-machine,1,0,FALSE,/media/volume/danluu-fuzz-data/rtc-native-assert-protocol-20260516/protocol/runs/20260528T005805Z/supervisor-groups.json
2026-05-28T06:10:27Z,protocol-server,20260528T060916Z,protocol-server-http-polling,protocol-server,http-polling-rest,wp-http-polling-protocol-state-machine,1,0,FALSE,/media/volume/danluu-fuzz-data/rtc-native-assert-protocol-20260516/protocol/runs/20260528T060916Z/supervisor-groups.json
2026-05-28T13:14:27Z,protocol-server,20260528T125145Z,protocol-server-http-polling,protocol-server,http-polling-rest,wp-http-polling-protocol-state-machine,1,0,FALSE,/media/volume/danluu-fuzz-data/rtc-native-assert-protocol-20260516/protocol/runs/20260528T125145Z/supervisor-groups.json
2026-05-28T20:58:28Z,protocol-server,20260528T203832Z,protocol-server-http-polling,protocol-server,http-polling-rest,wp-http-polling-protocol-state-machine,1,0,FALSE,/media/volume/danluu-fuzz-data/rtc-native-assert-protocol-20260516/protocol/runs/20260528T203832Z/supervisor-groups.json
2026-05-29T05:07:54Z,protocol-server,20260529T045024Z,protocol-server-http-polling,protocol-server,http-polling-rest,wp-http-polling-protocol-state-machine,1,0,FALSE,/media/volume/danluu-fuzz-data/rtc-native-assert-protocol-20260516/protocol/runs/20260529T045024Z/supervisor-groups.json
2026-05-28T04:59:14Z,protocol-server,action-20260528T045710Z,protocol-server-http-polling,protocol-server,http-polling-rest,wp-http-polling-protocol-state-machine,1,0,FALSE,/media/volume/danluu-fuzz-data/rtc-native-assert-protocol-20260516/protocol/runs/action-20260528T045710Z/supervisor-groups.json
2026-05-28T23:11:15Z,protocol-server,action-smoke-20260528T231052Z,protocol-server-http-polling,protocol-server,http-polling-rest,wp-http-polling-protocol-state-machine,1,0,FALSE,/media/volume/danluu-fuzz-data/rtc-native-assert-protocol-20260516/protocol/runs/action-smoke-20260528T231052Z/supervisor-groups.json
2026-05-27T16:02:26Z,protocol-server,action-validate-20260527T160226Z,protocol-server-http-polling,protocol-server,http-polling-rest,wp-http-polling-protocol-state-machine,1,0,FALSE,/media/volume/danluu-fuzz-data/rtc-native-assert-protocol-20260516/protocol/runs/action-validate-20260527T160226Z/supervisor-groups.json
2026-05-27T23:55:55Z,protocol-server,action-validation-20260527T235432Z,protocol-server-http-polling,protocol-server,http-polling-rest,wp-http-polling-protocol-state-machine,1,0,FALSE,/media/volume/danluu-fuzz-data/rtc-native-assert-protocol-20260516/protocol/runs/action-validation-20260527T235432Z/supervisor-groups.json
2026-05-27T11:03:25Z,protocol-server,codex-action-validation-20260527T110217Z,protocol-server-http-polling,protocol-server,http-polling-rest,wp-http-polling-protocol-state-machine,1,0,FALSE,/media/volume/danluu-fuzz-data/rtc-native-assert-protocol-20260516/protocol/runs/codex-action-validation-20260527T110217Z/supervisor-groups.json
2026-05-28T16:43:59Z,protocol-server,codex-protocol-server-validate-20260528T164211Z,protocol-server-http-polling,protocol-server,http-polling-rest,wp-http-polling-protocol-state-machine,1,0,FALSE,/media/volume/danluu-fuzz-data/rtc-native-assert-protocol-20260516/protocol/runs/codex-protocol-server-validate-20260528T164211Z/supervisor-groups.json
2026-05-27T13:44:10Z,protocol-server,codex-review-smoke-20260527T000000Z,protocol-server-http-polling,protocol-server,http-polling-rest,wp-http-polling-protocol-state-machine,1,0,FALSE,/media/volume/danluu-fuzz-data/rtc-native-assert-protocol-20260516/protocol/runs/codex-review-smoke-20260527T000000Z/supervisor-groups.json
2026-05-28T08:21:39Z,protocol-server,cycle6-protocol-20260528T082027Z,protocol-server-http-polling,protocol-server,http-polling-rest,wp-http-polling-protocol-state-machine,1,0,FALSE,/media/volume/danluu-fuzz-data/rtc-native-assert-protocol-20260516/protocol/runs/cycle6-protocol-20260528T082027Z/supervisor-groups.json
2026-05-28T08:03:29Z,protocol-server,event-smoke-20260528T080308Z,protocol-server-http-polling,protocol-server,http-polling-rest,wp-http-polling-protocol-state-machine,1,0,FALSE,/media/volume/danluu-fuzz-data/rtc-native-assert-protocol-20260516/protocol/runs/event-smoke-20260528T080308Z/supervisor-groups.json
2026-05-28T04:17:33Z,protocol-server,implementation-validate-20260528T041525Z,protocol-server-http-polling,protocol-server,http-polling-rest,wp-http-polling-protocol-state-machine,1,0,FALSE,/media/volume/danluu-fuzz-data/rtc-native-assert-protocol-20260516/protocol/runs/implementation-validate-20260528T041525Z/supervisor-groups.json
2026-05-29T04:04:27Z,protocol-server,protocol-action-20260529T040247Z,protocol-server-http-polling,protocol-server,http-polling-rest,wp-http-polling-protocol-state-machine,1,0,FALSE,/media/volume/danluu-fuzz-data/rtc-native-assert-protocol-20260516/protocol/runs/protocol-action-20260529T040247Z/supervisor-groups.json
2026-05-29T02:01:35Z,protocol-server,protocol-server-events-20260529T020009Z,protocol-server-http-polling,protocol-server,http-polling-rest,wp-http-polling-protocol-state-machine,1,0,FALSE,/media/volume/danluu-fuzz-data/rtc-native-assert-protocol-20260516/protocol/runs/protocol-server-events-20260529T020009Z/supervisor-groups.json
2026-05-28T22:37:02Z,protocol-server,protocol-server-runner-smoke-20260528T000000Z,protocol-server-http-polling,protocol-server,http-polling-rest,wp-http-polling-protocol-state-machine,1,0,FALSE,/media/volume/danluu-fuzz-data/rtc-native-assert-protocol-20260516/protocol/runs/protocol-server-runner-smoke-20260528T000000Z/supervisor-groups.json
2026-05-27T17:06:48Z,protocol-server,protocol-server-smoke-20260527T170648Z,protocol-server-http-polling,protocol-server,http-polling-rest,wp-http-polling-protocol-state-machine,1,0,FALSE,/media/volume/danluu-fuzz-data/rtc-native-assert-protocol-20260516/protocol/runs/protocol-server-smoke-20260527T170648Z/supervisor-groups.json
2026-05-28T03:07:31Z,protocol-server,protocol-server-smoke-20260528T030710Z,protocol-server-http-polling,protocol-server,http-polling-rest,wp-http-polling-protocol-state-machine,1,0,FALSE,/media/volume/danluu-fuzz-data/rtc-native-assert-protocol-20260516/protocol/runs/protocol-server-smoke-20260528T030710Z/supervisor-groups.json
2026-05-28T17:51:02Z,protocol-server,protocol-server-smoke-20260528T175042Z,protocol-server-http-polling,protocol-server,http-polling-rest,wp-http-polling-protocol-state-machine,1,0,FALSE,/media/volume/danluu-fuzz-data/rtc-native-assert-protocol-20260516/protocol/runs/protocol-server-smoke-20260528T175042Z/supervisor-groups.json
2026-05-28T20:21:42Z,protocol-server,protocol-server-smoke-20260528T202031Z,protocol-server-http-polling,protocol-server,http-polling-rest,wp-http-polling-protocol-state-machine,1,0,FALSE,/media/volume/danluu-fuzz-data/rtc-native-assert-protocol-20260516/protocol/runs/protocol-server-smoke-20260528T202031Z/supervisor-groups.json
2026-05-27T12:57:47Z,protocol-server,protocol-server-validate-20260527T125540Z,protocol-server-http-polling,protocol-server,http-polling-rest,wp-http-polling-protocol-state-machine,1,0,FALSE,/media/volume/danluu-fuzz-data/rtc-native-assert-protocol-20260516/protocol/runs/protocol-server-validate-20260527T125540Z/supervisor-groups.json
2026-05-27T17:16:45Z,protocol-server,protocol-server-validate-20260527T171645Z,protocol-server-http-polling,protocol-server,http-polling-rest,wp-http-polling-protocol-state-machine,1,0,FALSE,/media/volume/danluu-fuzz-data/rtc-native-assert-protocol-20260516/protocol/runs/protocol-server-validate-20260527T171645Z/supervisor-groups.json
2026-05-28T02:27:44Z,protocol-server,protocol-server-validate-20260528T022546Z,protocol-server-http-polling,protocol-server,http-polling-rest,wp-http-polling-protocol-state-machine,1,0,FALSE,/media/volume/danluu-fuzz-data/rtc-native-assert-protocol-20260516/protocol/runs/protocol-server-validate-20260528T022546Z/supervisor-groups.json
2026-05-28T10:25:32Z,protocol-server,protocol-server-validate-20260528T102357Z,protocol-server-http-polling,protocol-server,http-polling-rest,wp-http-polling-protocol-state-machine,1,0,FALSE,/media/volume/danluu-fuzz-data/rtc-native-assert-protocol-20260516/protocol/runs/protocol-server-validate-20260528T102357Z/supervisor-groups.json
2026-05-29T03:26:20Z,protocol-server,protocol-server-validate-20260529T032147Z,protocol-server-http-polling,protocol-server,http-polling-rest,wp-http-polling-protocol-state-machine,1,0,FALSE,/media/volume/danluu-fuzz-data/rtc-native-assert-protocol-20260516/protocol/runs/protocol-server-validate-20260529T032147Z/supervisor-groups.json
2026-05-27T21:51:21Z,protocol-server,review-validation-20260527T000000Z,protocol-server-http-polling,protocol-server,http-polling-rest,wp-http-polling-protocol-state-machine,1,0,FALSE,/media/volume/danluu-fuzz-data/rtc-native-assert-protocol-20260516/protocol/runs/review-validation-20260527T000000Z/supervisor-groups.json
2026-05-29T01:25:13Z,protocol-server,smoke-20260529T010420Z-codex,protocol-server-http-polling,protocol-server,http-polling-rest,wp-http-polling-protocol-state-machine,1,0,FALSE,/media/volume/danluu-fuzz-data/rtc-native-assert-protocol-20260516/protocol/runs/smoke-20260529T010420Z-codex/supervisor-groups.json
2026-05-28T15:33:15Z,protocol-server,smoke-codex-20260528T153254Z,protocol-server-http-polling,protocol-server,http-polling-rest,wp-http-polling-protocol-state-machine,1,0,FALSE,/media/volume/danluu-fuzz-data/rtc-native-assert-protocol-20260516/protocol/runs/smoke-codex-20260528T153254Z/supervisor-groups.json
2026-05-27T10:25:45Z,protocol-server,validate-20260527T102544Z,protocol-server-http-polling,protocol-server,http-polling-rest,wp-http-polling-protocol-state-machine,1,0,FALSE,/media/volume/danluu-fuzz-data/rtc-native-assert-protocol-20260516/protocol/runs/validate-20260527T102544Z/supervisor-groups.json
2026-05-27T13:37:03Z,protocol-server,validate-20260527T133703Z,protocol-server-http-polling,protocol-server,http-polling-rest,wp-http-polling-protocol-state-machine,1,0,FALSE,/media/volume/danluu-fuzz-data/rtc-native-assert-protocol-20260516/protocol/runs/validate-20260527T133703Z/supervisor-groups.json
2026-05-28T00:37:05Z,protocol-server,validate-20260528T003350Z,protocol-server-http-polling,protocol-server,http-polling-rest,wp-http-polling-protocol-state-machine,1,0,FALSE,/media/volume/danluu-fuzz-data/rtc-native-assert-protocol-20260516/protocol/runs/validate-20260528T003350Z/supervisor-groups.json
2026-05-28T08:40:12Z,protocol-server,validate-20260528T083843Z,protocol-server-http-polling,protocol-server,http-polling-rest,wp-http-polling-protocol-state-machine,1,0,FALSE,/media/volume/danluu-fuzz-data/rtc-native-assert-protocol-20260516/protocol/runs/validate-20260528T083843Z/supervisor-groups.json
2026-05-27T13:37:59Z,protocol-server,validate-codex-protocol-server-20260527T133747Z,protocol-server-http-polling,protocol-server,http-polling-rest,wp-http-polling-protocol-state-machine,1,0,FALSE,/media/volume/danluu-fuzz-data/rtc-native-assert-protocol-20260516/protocol/runs/validate-codex-protocol-server-20260527T133747Z/supervisor-groups.json
2026-05-27T16:41:02Z,protocol-server,validate-direct-20260527T164101Z,protocol-server-http-polling,protocol-server,http-polling-rest,wp-http-polling-protocol-state-machine,1,0,FALSE,/media/volume/danluu-fuzz-data/rtc-native-assert-protocol-20260516/protocol/runs/validate-direct-20260527T164101Z/supervisor-groups.json
2026-05-29T00:52:47Z,protocol-server,validate-protocol-server-20260529T005105Z,protocol-server-http-polling,protocol-server,http-polling-rest,wp-http-polling-protocol-state-machine,1,0,FALSE,/media/volume/danluu-fuzz-data/rtc-native-assert-protocol-20260516/protocol/runs/validate-protocol-server-20260529T005105Z/supervisor-groups.json
2026-05-27T19:35:44Z,protocol-server,validate-protocol-server-codex-action-20260527T193435Z,protocol-server-http-polling,protocol-server,http-polling-rest,wp-http-polling-protocol-state-machine,1,0,FALSE,/media/volume/danluu-fuzz-data/rtc-native-assert-protocol-20260516/protocol/runs/validate-protocol-server-codex-action-20260527T193435Z/supervisor-groups.json
2026-05-27T14:13:12Z,protocol-server,validate_20260527T141252Z,protocol-server-http-polling,protocol-server,http-polling-rest,wp-http-polling-protocol-state-machine,1,0,FALSE,/media/volume/danluu-fuzz-data/rtc-native-assert-protocol-20260516/protocol/runs/validate_20260527T141252Z/supervisor-groups.json
2026-05-27T15:24:01Z,protocol-server,validation-20260527T152401Z,protocol-server-http-polling,protocol-server,http-polling-rest,wp-http-polling-protocol-state-machine,1,0,FALSE,/media/volume/danluu-fuzz-data/rtc-native-assert-protocol-20260516/protocol/runs/validation-20260527T152401Z/supervisor-groups.json
2026-05-27T12:22:22Z,protocol-server,validation-action-20260527T122029Z,protocol-server-http-polling,protocol-server,http-polling-rest,wp-http-polling-protocol-state-machine,1,0,FALSE,/media/volume/danluu-fuzz-data/rtc-native-assert-protocol-20260516/protocol/runs/validation-action-20260527T122029Z/supervisor-groups.json
2026-05-27T21:33:11Z,protocol-server,validation-action-20260527T211644Z,protocol-server-http-polling,protocol-server,http-polling-rest,wp-http-polling-protocol-state-machine,1,0,FALSE,/media/volume/danluu-fuzz-data/rtc-native-assert-protocol-20260516/protocol/runs/validation-action-20260527T211644Z/supervisor-groups.json
2026-05-28T01:55:09Z,protocol-server,validation-action-20260528T013639Z,protocol-server-http-polling,protocol-server,http-polling-rest,wp-http-polling-protocol-state-machine,1,0,FALSE,/media/volume/danluu-fuzz-data/rtc-native-assert-protocol-20260516/protocol/runs/validation-action-20260528T013639Z/supervisor-groups.json
2026-05-28T05:35:30Z,protocol-server,validation-action-20260528T053418Z,protocol-server-http-polling,protocol-server,http-polling-rest,wp-http-polling-protocol-state-machine,1,0,FALSE,/media/volume/danluu-fuzz-data/rtc-native-assert-protocol-20260516/protocol/runs/validation-action-20260528T053418Z/supervisor-groups.json
2026-05-28T06:50:52Z,protocol-server,validation-action-20260528T062707Z,protocol-server-http-polling,protocol-server,http-polling-rest,wp-http-polling-protocol-state-machine,1,0,FALSE,/media/volume/danluu-fuzz-data/rtc-native-assert-protocol-20260516/protocol/runs/validation-action-20260528T062707Z/supervisor-groups.json
2026-05-28T09:49:54Z,protocol-server,validation-action-20260528T093155Z,protocol-server-http-polling,protocol-server,http-polling-rest,wp-http-polling-protocol-state-machine,1,0,FALSE,/media/volume/danluu-fuzz-data/rtc-native-assert-protocol-20260516/protocol/runs/validation-action-20260528T093155Z/supervisor-groups.json
2026-05-28T19:38:46Z,protocol-server,validation-action-20260528T193434Z,protocol-server-http-polling,protocol-server,http-polling-rest,wp-http-polling-protocol-state-machine,1,0,FALSE,/media/volume/danluu-fuzz-data/rtc-native-assert-protocol-20260516/protocol/runs/validation-action-20260528T193434Z/supervisor-groups.json
2026-05-28T21:31:11Z,protocol-server,validation-action-20260528T211146Z,protocol-server-http-polling,protocol-server,http-polling-rest,wp-http-polling-protocol-state-machine,1,0,FALSE,/media/volume/danluu-fuzz-data/rtc-native-assert-protocol-20260516/protocol/runs/validation-action-20260528T211146Z/supervisor-groups.json
2026-05-28T22:06:09Z,protocol-server,validation-action-20260528T220000Z,protocol-server-http-polling,protocol-server,http-polling-rest,wp-http-polling-protocol-state-machine,1,0,FALSE,/media/volume/danluu-fuzz-data/rtc-native-assert-protocol-20260516/protocol/runs/validation-action-20260528T220000Z/supervisor-groups.json
2026-05-29T04:36:24Z,protocol-server,validation-action-20260529T043603Z,protocol-server-http-polling,protocol-server,http-polling-rest,wp-http-polling-protocol-state-machine,1,0,FALSE,/media/volume/danluu-fuzz-data/rtc-native-assert-protocol-20260516/protocol/runs/validation-action-20260529T043603Z/supervisor-groups.json
2026-05-27T18:59:29Z,protocol-server,validation-codex-20260527T185929Z,protocol-server-http-polling,protocol-server,http-polling-rest,wp-http-polling-protocol-state-machine,1,0,FALSE,/media/volume/danluu-fuzz-data/rtc-native-assert-protocol-20260516/protocol/runs/validation-codex-20260527T185929Z/supervisor-groups.json
2026-05-27T20:12:40Z,protocol-server,validation-codex-20260527T201117Z,protocol-server-http-polling,protocol-server,http-polling-rest,wp-http-polling-protocol-state-machine,1,0,FALSE,/media/volume/danluu-fuzz-data/rtc-native-assert-protocol-20260516/protocol/runs/validation-codex-20260527T201117Z/supervisor-groups.json
2026-05-27T23:18:43Z,protocol-server,validation-codex-20260527T231843Z,protocol-server-http-polling,protocol-server,http-polling-rest,wp-http-polling-protocol-state-machine,1,0,FALSE,/media/volume/danluu-fuzz-data/rtc-native-assert-protocol-20260516/protocol/runs/validation-codex-20260527T231843Z/supervisor-groups.json
2026-05-28T07:30:36Z,protocol-server,validation-codex-20260528T072226Z,protocol-server-http-polling,protocol-server,http-polling-rest,wp-http-polling-protocol-state-machine,1,0,FALSE,/media/volume/danluu-fuzz-data/rtc-native-assert-protocol-20260516/protocol/runs/validation-codex-20260528T072226Z/supervisor-groups.json
2026-05-28T11:59:18Z,protocol-server,validation-codex-20260528T115727Z,protocol-server-http-polling,protocol-server,http-polling-rest,wp-http-polling-protocol-state-machine,1,0,FALSE,/media/volume/danluu-fuzz-data/rtc-native-assert-protocol-20260516/protocol/runs/validation-codex-20260528T115727Z/supervisor-groups.json
2026-05-28T13:48:25Z,protocol-server,validation-codex-20260528T134720Z,protocol-server-http-polling,protocol-server,http-polling-rest,wp-http-polling-protocol-state-machine,1,0,FALSE,/media/volume/danluu-fuzz-data/rtc-native-assert-protocol-20260516/protocol/runs/validation-codex-20260528T134720Z/supervisor-groups.json
2026-05-28T17:21:35Z,protocol-server,validation-codex-20260528T171957Z,protocol-server-http-polling,protocol-server,http-polling-rest,wp-http-polling-protocol-state-machine,1,0,FALSE,/media/volume/danluu-fuzz-data/rtc-native-assert-protocol-20260516/protocol/runs/validation-codex-20260528T171957Z/supervisor-groups.json
2026-05-29T00:20:07Z,protocol-server,validation-codex-20260529T001810Z,protocol-server-http-polling,protocol-server,http-polling-rest,wp-http-polling-protocol-state-machine,1,0,FALSE,/media/volume/danluu-fuzz-data/rtc-native-assert-protocol-20260516/protocol/runs/validation-codex-20260529T001810Z/supervisor-groups.json
2026-05-28T14:25:51Z,protocol-server,validation-codex-current-20260528T142525Z,protocol-server-http-polling,protocol-server,http-polling-rest,wp-http-polling-protocol-state-machine,1,0,FALSE,/media/volume/danluu-fuzz-data/rtc-native-assert-protocol-20260516/protocol/runs/validation-codex-current-20260528T142525Z/supervisor-groups.json
2026-05-28T23:42:58Z,protocol-server,validation-codex-current-20260528T234045Z,protocol-server-http-polling,protocol-server,http-polling-rest,wp-http-polling-protocol-state-machine,1,0,FALSE,/media/volume/danluu-fuzz-data/rtc-native-assert-protocol-20260516/protocol/runs/validation-codex-current-20260528T234045Z/supervisor-groups.json
2026-05-27T17:50:06Z,protocol-server,validation-current-20260527T174902Z,protocol-server-http-polling,protocol-server,http-polling-rest,wp-http-polling-protocol-state-machine,1,0,FALSE,/media/volume/danluu-fuzz-data/rtc-native-assert-protocol-20260516/protocol/runs/validation-current-20260527T174902Z/supervisor-groups.json
2026-05-28T19:00:15Z,protocol-server,validation-current-20260528T185732Z,protocol-server-http-polling,protocol-server,http-polling-rest,wp-http-polling-protocol-state-machine,1,0,FALSE,/media/volume/danluu-fuzz-data/rtc-native-assert-protocol-20260516/protocol/runs/validation-current-20260528T185732Z/supervisor-groups.json
2026-05-27T14:47:20Z,protocol-server,validation-protocol-server-20260527T144658Z,protocol-server-http-polling,protocol-server,http-polling-rest,wp-http-polling-protocol-state-machine,1,0,FALSE,/media/volume/danluu-fuzz-data/rtc-native-assert-protocol-20260516/protocol/runs/validation-protocol-server-20260527T144658Z/supervisor-groups.json
2026-05-27T18:26:51Z,protocol-server,validation-protocol-server-20260527TLOCAL,protocol-server-http-polling,protocol-server,http-polling-rest,wp-http-polling-protocol-state-machine,1,0,FALSE,/media/volume/danluu-fuzz-data/rtc-native-assert-protocol-20260516/protocol/runs/validation-protocol-server-20260527TLOCAL/supervisor-groups.json
2026-05-27T16:12:21Z,protocol-server,validation-review-kyle-20260527T161221Z,protocol-server-http-polling,protocol-server,http-polling-rest,wp-http-polling-protocol-state-machine,1,0,FALSE,/media/volume/danluu-fuzz-data/rtc-native-assert-protocol-20260516/protocol/runs/validation-review-kyle-20260527T161221Z/supervisor-groups.json
2026-05-27T22:45:12Z,protocol-server,validation-smoke-20260527T224512Z,protocol-server-http-polling,protocol-server,http-polling-rest,wp-http-polling-protocol-state-machine,1,0,FALSE,/media/volume/danluu-fuzz-data/rtc-native-assert-protocol-20260516/protocol/runs/validation-smoke-20260527T224512Z/supervisor-groups.json
2026-05-28T03:48:59Z,protocol-server,validation-smoke-20260528T034756Z,protocol-server-http-polling,protocol-server,http-polling-rest,wp-http-polling-protocol-state-machine,1,0,FALSE,/media/volume/danluu-fuzz-data/rtc-native-assert-protocol-20260516/protocol/runs/validation-smoke-20260528T034756Z/supervisor-groups.json
2026-05-28T09:15:17Z,protocol-server,validation-smoke-20260528T091413Z,protocol-server-http-polling,protocol-server,http-polling-rest,wp-http-polling-protocol-state-machine,1,0,FALSE,/media/volume/danluu-fuzz-data/rtc-native-assert-protocol-20260516/protocol/runs/validation-smoke-20260528T091413Z/supervisor-groups.json
2026-05-28T10:54:39Z,protocol-server,validation-smoke-20260528T105248Z,protocol-server-http-polling,protocol-server,http-polling-rest,wp-http-polling-protocol-state-machine,1,0,FALSE,/media/volume/danluu-fuzz-data/rtc-native-assert-protocol-20260516/protocol/runs/validation-smoke-20260528T105248Z/supervisor-groups.json
2026-05-28T11:28:03Z,protocol-server,validation-smoke-codex-20260528T112614Z,protocol-server-http-polling,protocol-server,http-polling-rest,wp-http-polling-protocol-state-machine,1,0,FALSE,/media/volume/danluu-fuzz-data/rtc-native-assert-protocol-20260516/protocol/runs/validation-smoke-codex-20260528T112614Z/supervisor-groups.json
2026-05-28T12:33:30Z,protocol-server,validation-smoke-codex-current-20260528T123114Z,protocol-server-http-polling,protocol-server,http-polling-rest,wp-http-polling-protocol-state-machine,1,0,FALSE,/media/volume/danluu-fuzz-data/rtc-native-assert-protocol-20260516/protocol/runs/validation-smoke-codex-current-20260528T123114Z/supervisor-groups.json
2026-05-28T18:25:07Z,protocol-server,validation-smoke-local,protocol-server-http-polling,protocol-server,http-polling-rest,wp-http-polling-protocol-state-machine,1,0,FALSE,/media/volume/danluu-fuzz-data/rtc-native-assert-protocol-20260516/protocol/runs/validation-smoke-local/supervisor-groups.json
2026-05-27T19:00:59Z,protocol-server,validation-start-codex-20260527T190038Z,protocol-server-http-polling,protocol-server,http-polling-rest,wp-http-polling-protocol-state-machine,1,0,FALSE,/media/volume/danluu-fuzz-data/rtc-native-assert-protocol-20260516/protocol/runs/validation-start-codex-20260527T190038Z/supervisor-groups.json
2026-05-29T02:44:40Z,protocol-server,validation-task-20260529T024238Z,protocol-server-http-polling,protocol-server,http-polling-rest,wp-http-polling-protocol-state-machine,1,0,FALSE,/media/volume/danluu-fuzz-data/rtc-native-assert-protocol-20260516/protocol/runs/validation-task-20260529T024238Z/supervisor-groups.json
2026-05-29T05:40:31Z,protocol-server,validation-task-current-20260529T053829Z,protocol-server-http-polling,protocol-server,http-polling-rest,wp-http-polling-protocol-state-machine,1,0,TRUE,/media/volume/danluu-fuzz-data/rtc-native-assert-protocol-20260516/protocol/runs/validation-task-current-20260529T053829Z/supervisor-groups.json
2026-05-23T05:50:02Z,strict-expansion,strict-expansion-20260523T055002Z,ws-real-user-editing,browser-e2e,ws,real-user-editing,1,12,FALSE,/media/volume/danluu-fuzz-data/rtc-fuzz-strict-expansion-20260515/runs/strict-expansion-20260523T055002Z/supervisor-groups.json
2026-05-23T05:50:02Z,strict-expansion,strict-expansion-20260523T055002Z,ws-same-user-lifecycle,browser-e2e,ws,session-lifecycle,1,10,FALSE,/media/volume/danluu-fuzz-data/rtc-fuzz-strict-expansion-20260515/runs/strict-expansion-20260523T055002Z/supervisor-groups.json
2026-05-23T05:50:02Z,strict-expansion,strict-expansion-20260523T055002Z,ws-three-user-late-join,browser-e2e,ws,three-user-late-join,1,10,FALSE,/media/volume/danluu-fuzz-data/rtc-fuzz-strict-expansion-20260515/runs/strict-expansion-20260523T055002Z/supervisor-groups.json
2026-05-23T05:50:02Z,strict-expansion,strict-expansion-20260523T055002Z,ws-revision-persistence,browser-e2e,ws,revision-persistence,1,10,FALSE,/media/volume/danluu-fuzz-data/rtc-fuzz-strict-expansion-20260515/runs/strict-expansion-20260523T055002Z/supervisor-groups.json
2026-05-23T05:50:02Z,strict-expansion,strict-expansion-20260523T055002Z,ws-parser-transform,browser-e2e,ws,parser-transform,1,10,FALSE,/media/volume/danluu-fuzz-data/rtc-fuzz-strict-expansion-20260515/runs/strict-expansion-20260523T055002Z/supervisor-groups.json
2026-05-23T05:50:02Z,strict-expansion,strict-expansion-20260523T055002Z,ws-parser-serialization,browser-e2e,ws,parser-serialization,1,10,FALSE,/media/volume/danluu-fuzz-data/rtc-fuzz-strict-expansion-20260515/runs/strict-expansion-20260523T055002Z/supervisor-groups.json
2026-05-23T05:50:02Z,strict-expansion,strict-expansion-20260523T055002Z,ws-block-gauntlet,browser-e2e,ws,block-gauntlet,1,10,FALSE,/media/volume/danluu-fuzz-data/rtc-fuzz-strict-expansion-20260515/runs/strict-expansion-20260523T055002Z/supervisor-groups.json
2026-05-23T05:50:02Z,strict-expansion,strict-expansion-20260523T055002Z,ws-common-blocks,browser-e2e,ws,common-blocks,1,10,FALSE,/media/volume/danluu-fuzz-data/rtc-fuzz-strict-expansion-20260515/runs/strict-expansion-20260523T055002Z/supervisor-groups.json
2026-05-23T05:50:02Z,strict-expansion,strict-expansion-20260523T055002Z,ws-multi-reload-lifecycle,browser-e2e,ws,multi-reload-lifecycle,1,12,FALSE,/media/volume/danluu-fuzz-data/rtc-fuzz-strict-expansion-20260515/runs/strict-expansion-20260523T055002Z/supervisor-groups.json
2026-05-23T05:50:02Z,strict-expansion,strict-expansion-20260523T055002Z,ws-many-user-lifecycle,browser-e2e,ws,many-user-lifecycle,1,14,FALSE,/media/volume/danluu-fuzz-data/rtc-fuzz-strict-expansion-20260515/runs/strict-expansion-20260523T055002Z/supervisor-groups.json
2026-05-23T05:50:02Z,strict-expansion,strict-expansion-20260523T055002Z,ws-collaboration-ui-signals,browser-e2e,ws,collaboration-ui-signals,1,10,FALSE,/media/volume/danluu-fuzz-data/rtc-fuzz-strict-expansion-20260515/runs/strict-expansion-20260523T055002Z/supervisor-groups.json
2026-05-23T05:50:02Z,strict-expansion,strict-expansion-20260523T055002Z,http-persistence-probe,browser-e2e,http,persistence-no-title,1,10,FALSE,/media/volume/danluu-fuzz-data/rtc-fuzz-strict-expansion-20260515/runs/strict-expansion-20260523T055002Z/supervisor-groups.json
2026-05-23T05:50:02Z,strict-expansion,strict-expansion-20260523T055002Z,http-same-user-stale-draft,browser-e2e,http,session-lifecycle,1,24,FALSE,/media/volume/danluu-fuzz-data/rtc-fuzz-strict-expansion-20260515/runs/strict-expansion-20260523T055002Z/supervisor-groups.json
2026-05-23T05:50:02Z,strict-expansion,strict-expansion-20260523T055002Z,http-large-lifecycle,browser-e2e,http,large-post-three-user-http-lifecycle,1,36,FALSE,/media/volume/danluu-fuzz-data/rtc-fuzz-strict-expansion-20260515/runs/strict-expansion-20260523T055002Z/supervisor-groups.json
2026-05-23T08:08:39Z,strict-expansion,strict-expansion-20260523T080839Z,ws-real-user-editing,browser-e2e,ws,real-user-editing,1,12,FALSE,/media/volume/danluu-fuzz-data/rtc-fuzz-strict-expansion-20260515/runs/strict-expansion-20260523T080839Z/supervisor-groups.json
2026-05-23T08:08:39Z,strict-expansion,strict-expansion-20260523T080839Z,ws-same-user-lifecycle,browser-e2e,ws,session-lifecycle,1,10,FALSE,/media/volume/danluu-fuzz-data/rtc-fuzz-strict-expansion-20260515/runs/strict-expansion-20260523T080839Z/supervisor-groups.json
2026-05-23T08:08:39Z,strict-expansion,strict-expansion-20260523T080839Z,ws-three-user-late-join,browser-e2e,ws,three-user-late-join,1,10,FALSE,/media/volume/danluu-fuzz-data/rtc-fuzz-strict-expansion-20260515/runs/strict-expansion-20260523T080839Z/supervisor-groups.json
2026-05-23T08:08:39Z,strict-expansion,strict-expansion-20260523T080839Z,ws-revision-persistence,browser-e2e,ws,revision-persistence,1,10,FALSE,/media/volume/danluu-fuzz-data/rtc-fuzz-strict-expansion-20260515/runs/strict-expansion-20260523T080839Z/supervisor-groups.json
2026-05-23T08:08:39Z,strict-expansion,strict-expansion-20260523T080839Z,ws-parser-transform,browser-e2e,ws,parser-transform,1,10,FALSE,/media/volume/danluu-fuzz-data/rtc-fuzz-strict-expansion-20260515/runs/strict-expansion-20260523T080839Z/supervisor-groups.json
2026-05-23T08:08:39Z,strict-expansion,strict-expansion-20260523T080839Z,ws-parser-serialization,browser-e2e,ws,parser-serialization,1,10,FALSE,/media/volume/danluu-fuzz-data/rtc-fuzz-strict-expansion-20260515/runs/strict-expansion-20260523T080839Z/supervisor-groups.json
2026-05-23T08:08:39Z,strict-expansion,strict-expansion-20260523T080839Z,ws-block-gauntlet,browser-e2e,ws,block-gauntlet,1,10,FALSE,/media/volume/danluu-fuzz-data/rtc-fuzz-strict-expansion-20260515/runs/strict-expansion-20260523T080839Z/supervisor-groups.json
2026-05-23T08:08:39Z,strict-expansion,strict-expansion-20260523T080839Z,ws-common-blocks,browser-e2e,ws,common-blocks,1,10,FALSE,/media/volume/danluu-fuzz-data/rtc-fuzz-strict-expansion-20260515/runs/strict-expansion-20260523T080839Z/supervisor-groups.json
2026-05-23T08:08:39Z,strict-expansion,strict-expansion-20260523T080839Z,ws-multi-reload-lifecycle,browser-e2e,ws,multi-reload-lifecycle,1,12,FALSE,/media/volume/danluu-fuzz-data/rtc-fuzz-strict-expansion-20260515/runs/strict-expansion-20260523T080839Z/supervisor-groups.json
2026-05-23T08:08:39Z,strict-expansion,strict-expansion-20260523T080839Z,ws-many-user-lifecycle,browser-e2e,ws,many-user-lifecycle,1,14,FALSE,/media/volume/danluu-fuzz-data/rtc-fuzz-strict-expansion-20260515/runs/strict-expansion-20260523T080839Z/supervisor-groups.json
2026-05-23T08:08:39Z,strict-expansion,strict-expansion-20260523T080839Z,ws-collaboration-ui-signals,browser-e2e,ws,collaboration-ui-signals,1,10,FALSE,/media/volume/danluu-fuzz-data/rtc-fuzz-strict-expansion-20260515/runs/strict-expansion-20260523T080839Z/supervisor-groups.json
2026-05-23T08:08:39Z,strict-expansion,strict-expansion-20260523T080839Z,http-persistence-probe,browser-e2e,http,persistence-no-title,1,10,FALSE,/media/volume/danluu-fuzz-data/rtc-fuzz-strict-expansion-20260515/runs/strict-expansion-20260523T080839Z/supervisor-groups.json
2026-05-23T08:08:39Z,strict-expansion,strict-expansion-20260523T080839Z,http-same-user-stale-draft,browser-e2e,http,session-lifecycle,1,24,FALSE,/media/volume/danluu-fuzz-data/rtc-fuzz-strict-expansion-20260515/runs/strict-expansion-20260523T080839Z/supervisor-groups.json
2026-05-23T08:08:39Z,strict-expansion,strict-expansion-20260523T080839Z,http-large-lifecycle,browser-e2e,http,large-post-three-user-http-lifecycle,1,36,FALSE,/media/volume/danluu-fuzz-data/rtc-fuzz-strict-expansion-20260515/runs/strict-expansion-20260523T080839Z/supervisor-groups.json
2026-05-23T08:48:56Z,strict-expansion,strict-expansion-20260523T084856Z,ws-real-user-editing,browser-e2e,ws,real-user-editing,1,12,FALSE,/media/volume/danluu-fuzz-data/rtc-fuzz-strict-expansion-20260515/runs/strict-expansion-20260523T084856Z/supervisor-groups.json
2026-05-23T08:48:56Z,strict-expansion,strict-expansion-20260523T084856Z,ws-same-user-lifecycle,browser-e2e,ws,session-lifecycle,1,10,FALSE,/media/volume/danluu-fuzz-data/rtc-fuzz-strict-expansion-20260515/runs/strict-expansion-20260523T084856Z/supervisor-groups.json
2026-05-23T08:48:56Z,strict-expansion,strict-expansion-20260523T084856Z,ws-three-user-late-join,browser-e2e,ws,three-user-late-join,1,10,FALSE,/media/volume/danluu-fuzz-data/rtc-fuzz-strict-expansion-20260515/runs/strict-expansion-20260523T084856Z/supervisor-groups.json
2026-05-23T08:48:56Z,strict-expansion,strict-expansion-20260523T084856Z,ws-revision-persistence,browser-e2e,ws,revision-persistence,1,10,FALSE,/media/volume/danluu-fuzz-data/rtc-fuzz-strict-expansion-20260515/runs/strict-expansion-20260523T084856Z/supervisor-groups.json
2026-05-23T08:48:56Z,strict-expansion,strict-expansion-20260523T084856Z,ws-parser-transform,browser-e2e,ws,parser-transform,1,10,FALSE,/media/volume/danluu-fuzz-data/rtc-fuzz-strict-expansion-20260515/runs/strict-expansion-20260523T084856Z/supervisor-groups.json
2026-05-23T08:48:56Z,strict-expansion,strict-expansion-20260523T084856Z,ws-parser-serialization,browser-e2e,ws,parser-serialization,1,10,FALSE,/media/volume/danluu-fuzz-data/rtc-fuzz-strict-expansion-20260515/runs/strict-expansion-20260523T084856Z/supervisor-groups.json
2026-05-23T08:48:56Z,strict-expansion,strict-expansion-20260523T084856Z,ws-block-gauntlet,browser-e2e,ws,block-gauntlet,1,10,FALSE,/media/volume/danluu-fuzz-data/rtc-fuzz-strict-expansion-20260515/runs/strict-expansion-20260523T084856Z/supervisor-groups.json
2026-05-23T08:48:56Z,strict-expansion,strict-expansion-20260523T084856Z,ws-common-blocks,browser-e2e,ws,common-blocks,1,10,FALSE,/media/volume/danluu-fuzz-data/rtc-fuzz-strict-expansion-20260515/runs/strict-expansion-20260523T084856Z/supervisor-groups.json
2026-05-23T08:48:56Z,strict-expansion,strict-expansion-20260523T084856Z,ws-multi-reload-lifecycle,browser-e2e,ws,multi-reload-lifecycle,1,12,FALSE,/media/volume/danluu-fuzz-data/rtc-fuzz-strict-expansion-20260515/runs/strict-expansion-20260523T084856Z/supervisor-groups.json
2026-05-23T08:48:56Z,strict-expansion,strict-expansion-20260523T084856Z,ws-many-user-lifecycle,browser-e2e,ws,many-user-lifecycle,1,14,FALSE,/media/volume/danluu-fuzz-data/rtc-fuzz-strict-expansion-20260515/runs/strict-expansion-20260523T084856Z/supervisor-groups.json
2026-05-23T08:48:56Z,strict-expansion,strict-expansion-20260523T084856Z,ws-collaboration-ui-signals,browser-e2e,ws,collaboration-ui-signals,1,10,FALSE,/media/volume/danluu-fuzz-data/rtc-fuzz-strict-expansion-20260515/runs/strict-expansion-20260523T084856Z/supervisor-groups.json
2026-05-23T08:48:56Z,strict-expansion,strict-expansion-20260523T084856Z,http-persistence-probe,browser-e2e,http,persistence-no-title,1,10,FALSE,/media/volume/danluu-fuzz-data/rtc-fuzz-strict-expansion-20260515/runs/strict-expansion-20260523T084856Z/supervisor-groups.json
2026-05-23T08:48:56Z,strict-expansion,strict-expansion-20260523T084856Z,http-same-user-stale-draft,browser-e2e,http,session-lifecycle,1,24,FALSE,/media/volume/danluu-fuzz-data/rtc-fuzz-strict-expansion-20260515/runs/strict-expansion-20260523T084856Z/supervisor-groups.json
2026-05-23T08:48:56Z,strict-expansion,strict-expansion-20260523T084856Z,http-large-lifecycle,browser-e2e,http,large-post-three-user-http-lifecycle,1,36,FALSE,/media/volume/danluu-fuzz-data/rtc-fuzz-strict-expansion-20260515/runs/strict-expansion-20260523T084856Z/supervisor-groups.json
2026-05-23T12:42:42Z,strict-expansion,strict-expansion-20260523T124242Z,ws-real-user-editing,browser-e2e,ws,real-user-editing,1,12,FALSE,/media/volume/danluu-fuzz-data/rtc-fuzz-strict-expansion-20260515/runs/strict-expansion-20260523T124242Z/supervisor-groups.json
2026-05-23T12:42:42Z,strict-expansion,strict-expansion-20260523T124242Z,ws-same-user-lifecycle,browser-e2e,ws,session-lifecycle,1,10,FALSE,/media/volume/danluu-fuzz-data/rtc-fuzz-strict-expansion-20260515/runs/strict-expansion-20260523T124242Z/supervisor-groups.json
2026-05-23T12:42:42Z,strict-expansion,strict-expansion-20260523T124242Z,ws-three-user-late-join,browser-e2e,ws,three-user-late-join,1,10,FALSE,/media/volume/danluu-fuzz-data/rtc-fuzz-strict-expansion-20260515/runs/strict-expansion-20260523T124242Z/supervisor-groups.json
2026-05-23T12:42:42Z,strict-expansion,strict-expansion-20260523T124242Z,ws-revision-persistence,browser-e2e,ws,revision-persistence,1,10,FALSE,/media/volume/danluu-fuzz-data/rtc-fuzz-strict-expansion-20260515/runs/strict-expansion-20260523T124242Z/supervisor-groups.json
2026-05-23T12:42:42Z,strict-expansion,strict-expansion-20260523T124242Z,ws-parser-transform,browser-e2e,ws,parser-transform,1,10,FALSE,/media/volume/danluu-fuzz-data/rtc-fuzz-strict-expansion-20260515/runs/strict-expansion-20260523T124242Z/supervisor-groups.json
2026-05-23T12:42:42Z,strict-expansion,strict-expansion-20260523T124242Z,ws-parser-serialization,browser-e2e,ws,parser-serialization,1,10,FALSE,/media/volume/danluu-fuzz-data/rtc-fuzz-strict-expansion-20260515/runs/strict-expansion-20260523T124242Z/supervisor-groups.json
2026-05-23T12:42:42Z,strict-expansion,strict-expansion-20260523T124242Z,ws-block-gauntlet,browser-e2e,ws,block-gauntlet,1,10,FALSE,/media/volume/danluu-fuzz-data/rtc-fuzz-strict-expansion-20260515/runs/strict-expansion-20260523T124242Z/supervisor-groups.json
2026-05-23T12:42:42Z,strict-expansion,strict-expansion-20260523T124242Z,ws-common-blocks,browser-e2e,ws,common-blocks,1,10,FALSE,/media/volume/danluu-fuzz-data/rtc-fuzz-strict-expansion-20260515/runs/strict-expansion-20260523T124242Z/supervisor-groups.json
2026-05-23T12:42:42Z,strict-expansion,strict-expansion-20260523T124242Z,ws-multi-reload-lifecycle,browser-e2e,ws,multi-reload-lifecycle,1,12,FALSE,/media/volume/danluu-fuzz-data/rtc-fuzz-strict-expansion-20260515/runs/strict-expansion-20260523T124242Z/supervisor-groups.json
2026-05-23T12:42:42Z,strict-expansion,strict-expansion-20260523T124242Z,ws-many-user-lifecycle,browser-e2e,ws,many-user-lifecycle,1,14,FALSE,/media/volume/danluu-fuzz-data/rtc-fuzz-strict-expansion-20260515/runs/strict-expansion-20260523T124242Z/supervisor-groups.json
2026-05-23T12:42:42Z,strict-expansion,strict-expansion-20260523T124242Z,ws-collaboration-ui-signals,browser-e2e,ws,collaboration-ui-signals,1,10,FALSE,/media/volume/danluu-fuzz-data/rtc-fuzz-strict-expansion-20260515/runs/strict-expansion-20260523T124242Z/supervisor-groups.json
2026-05-23T12:42:42Z,strict-expansion,strict-expansion-20260523T124242Z,http-persistence-probe,browser-e2e,http,persistence-no-title,1,10,FALSE,/media/volume/danluu-fuzz-data/rtc-fuzz-strict-expansion-20260515/runs/strict-expansion-20260523T124242Z/supervisor-groups.json
2026-05-23T12:42:42Z,strict-expansion,strict-expansion-20260523T124242Z,http-same-user-stale-draft,browser-e2e,http,session-lifecycle,1,24,FALSE,/media/volume/danluu-fuzz-data/rtc-fuzz-strict-expansion-20260515/runs/strict-expansion-20260523T124242Z/supervisor-groups.json
2026-05-23T12:42:42Z,strict-expansion,strict-expansion-20260523T124242Z,http-large-lifecycle,browser-e2e,http,large-post-three-user-http-lifecycle,1,36,FALSE,/media/volume/danluu-fuzz-data/rtc-fuzz-strict-expansion-20260515/runs/strict-expansion-20260523T124242Z/supervisor-groups.json
2026-05-23T14:31:32Z,strict-expansion,strict-expansion-20260523T143132Z,http-large-lifecycle,browser-e2e,http,large-post-three-user-http-lifecycle,1,36,FALSE,/media/volume/danluu-fuzz-data/rtc-fuzz-strict-expansion-20260515/runs/strict-expansion-20260523T143132Z/supervisor-groups.json
2026-05-23T15:52:21Z,strict-expansion,strict-expansion-20260523T155221Z,http-large-lifecycle,browser-e2e,http,large-post-three-user-http-lifecycle,1,36,FALSE,/media/volume/danluu-fuzz-data/rtc-fuzz-strict-expansion-20260515/runs/strict-expansion-20260523T155221Z/supervisor-groups.json
2026-05-25T03:43:35Z,strict-expansion,strict-expansion-20260525T034335Z,ws-real-user-editing,browser-e2e,ws,real-user-editing,1,12,TRUE,/media/volume/danluu-fuzz-data/rtc-fuzz-strict-expansion-20260515/runs/strict-expansion-20260525T034335Z/supervisor-groups.json
2026-05-25T03:43:35Z,strict-expansion,strict-expansion-20260525T034335Z,ws-same-user-lifecycle,browser-e2e,ws,session-lifecycle,1,10,TRUE,/media/volume/danluu-fuzz-data/rtc-fuzz-strict-expansion-20260515/runs/strict-expansion-20260525T034335Z/supervisor-groups.json
2026-05-25T03:43:35Z,strict-expansion,strict-expansion-20260525T034335Z,ws-three-user-late-join,browser-e2e,ws,three-user-late-join,1,10,TRUE,/media/volume/danluu-fuzz-data/rtc-fuzz-strict-expansion-20260515/runs/strict-expansion-20260525T034335Z/supervisor-groups.json
2026-05-25T03:43:35Z,strict-expansion,strict-expansion-20260525T034335Z,ws-revision-persistence,browser-e2e,ws,revision-persistence,1,10,TRUE,/media/volume/danluu-fuzz-data/rtc-fuzz-strict-expansion-20260515/runs/strict-expansion-20260525T034335Z/supervisor-groups.json
2026-05-25T03:43:35Z,strict-expansion,strict-expansion-20260525T034335Z,ws-parser-transform,browser-e2e,ws,parser-transform,1,10,TRUE,/media/volume/danluu-fuzz-data/rtc-fuzz-strict-expansion-20260515/runs/strict-expansion-20260525T034335Z/supervisor-groups.json
2026-05-25T03:43:35Z,strict-expansion,strict-expansion-20260525T034335Z,ws-parser-serialization,browser-e2e,ws,parser-serialization,1,10,TRUE,/media/volume/danluu-fuzz-data/rtc-fuzz-strict-expansion-20260515/runs/strict-expansion-20260525T034335Z/supervisor-groups.json
2026-05-25T03:43:35Z,strict-expansion,strict-expansion-20260525T034335Z,ws-block-gauntlet,browser-e2e,ws,block-gauntlet,1,10,TRUE,/media/volume/danluu-fuzz-data/rtc-fuzz-strict-expansion-20260515/runs/strict-expansion-20260525T034335Z/supervisor-groups.json
2026-05-25T03:43:35Z,strict-expansion,strict-expansion-20260525T034335Z,ws-common-blocks,browser-e2e,ws,common-blocks,1,10,TRUE,/media/volume/danluu-fuzz-data/rtc-fuzz-strict-expansion-20260515/runs/strict-expansion-20260525T034335Z/supervisor-groups.json
2026-05-25T03:43:35Z,strict-expansion,strict-expansion-20260525T034335Z,ws-multi-reload-lifecycle,browser-e2e,ws,multi-reload-lifecycle,1,12,TRUE,/media/volume/danluu-fuzz-data/rtc-fuzz-strict-expansion-20260515/runs/strict-expansion-20260525T034335Z/supervisor-groups.json
2026-05-25T03:43:35Z,strict-expansion,strict-expansion-20260525T034335Z,ws-many-user-lifecycle,browser-e2e,ws,many-user-lifecycle,1,14,TRUE,/media/volume/danluu-fuzz-data/rtc-fuzz-strict-expansion-20260515/runs/strict-expansion-20260525T034335Z/supervisor-groups.json
2026-05-25T03:43:35Z,strict-expansion,strict-expansion-20260525T034335Z,ws-collaboration-ui-signals,browser-e2e,ws,collaboration-ui-signals,1,10,TRUE,/media/volume/danluu-fuzz-data/rtc-fuzz-strict-expansion-20260515/runs/strict-expansion-20260525T034335Z/supervisor-groups.json
2026-05-25T03:43:35Z,strict-expansion,strict-expansion-20260525T034335Z,http-persistence-probe,browser-e2e,http,persistence-no-title,1,10,TRUE,/media/volume/danluu-fuzz-data/rtc-fuzz-strict-expansion-20260515/runs/strict-expansion-20260525T034335Z/supervisor-groups.json
2026-05-25T03:43:35Z,strict-expansion,strict-expansion-20260525T034335Z,http-same-user-stale-draft,browser-e2e,http,session-lifecycle,1,24,TRUE,/media/volume/danluu-fuzz-data/rtc-fuzz-strict-expansion-20260515/runs/strict-expansion-20260525T034335Z/supervisor-groups.json
2026-05-25T03:43:35Z,strict-expansion,strict-expansion-20260525T034335Z,http-large-lifecycle,browser-e2e,http,large-post-three-user-http-lifecycle,1,36,TRUE,/media/volume/danluu-fuzz-data/rtc-fuzz-strict-expansion-20260515/runs/strict-expansion-20260525T034335Z/supervisor-groups.json
2026-05-25T22:16:56Z,unit-property,unit-property-20260525T221656Z,unit-property-http-polling-canary,unit-property,in-process,rtc-http-polling-manager-canary,1,12,FALSE,/media/volume/danluu-fuzz-data/rtc-lower-level-fuzz-20260516/runs/unit-property-20260525T221656Z/supervisor-groups.json
2026-05-25T23:17:24Z,unit-property,unit-property-20260525T231724Z,unit-property-http-polling-canary,unit-property,in-process,rtc-http-polling-manager-canary,1,12,FALSE,/media/volume/danluu-fuzz-data/rtc-lower-level-fuzz-20260516/runs/unit-property-20260525T231724Z/supervisor-groups.json
2026-05-26T00:18:41Z,unit-property,unit-property-20260526T001841Z,unit-property-http-polling-canary,unit-property,in-process,rtc-http-polling-manager-canary,1,12,FALSE,/media/volume/danluu-fuzz-data/rtc-lower-level-fuzz-20260516/runs/unit-property-20260526T001841Z/supervisor-groups.json
2026-05-26T01:19:07Z,unit-property,unit-property-20260526T011906Z,unit-property-http-polling-canary,unit-property,in-process,rtc-http-polling-manager-canary,1,12,FALSE,/media/volume/danluu-fuzz-data/rtc-lower-level-fuzz-20260516/runs/unit-property-20260526T011906Z/supervisor-groups.json
2026-05-26T02:19:33Z,unit-property,unit-property-20260526T021933Z,unit-property-http-polling-canary,unit-property,in-process,rtc-http-polling-manager-canary,1,12,FALSE,/media/volume/danluu-fuzz-data/rtc-lower-level-fuzz-20260516/runs/unit-property-20260526T021933Z/supervisor-groups.json
2026-05-26T03:20:34Z,unit-property,unit-property-20260526T032034Z,unit-property-http-polling-canary,unit-property,in-process,rtc-http-polling-manager-canary,1,12,FALSE,/media/volume/danluu-fuzz-data/rtc-lower-level-fuzz-20260516/runs/unit-property-20260526T032034Z/supervisor-groups.json
2026-05-26T04:21:00Z,unit-property,unit-property-20260526T042059Z,unit-property-http-polling-canary,unit-property,in-process,rtc-http-polling-manager-canary,1,12,FALSE,/media/volume/danluu-fuzz-data/rtc-lower-level-fuzz-20260516/runs/unit-property-20260526T042059Z/supervisor-groups.json
2026-05-26T05:21:27Z,unit-property,unit-property-20260526T052127Z,unit-property-http-polling-canary,unit-property,in-process,rtc-http-polling-manager-canary,1,12,FALSE,/media/volume/danluu-fuzz-data/rtc-lower-level-fuzz-20260516/runs/unit-property-20260526T052127Z/supervisor-groups.json
2026-05-26T06:21:52Z,unit-property,unit-property-20260526T062152Z,unit-property-http-polling-canary,unit-property,in-process,rtc-http-polling-manager-canary,1,12,FALSE,/media/volume/danluu-fuzz-data/rtc-lower-level-fuzz-20260516/runs/unit-property-20260526T062152Z/supervisor-groups.json
2026-05-26T07:22:18Z,unit-property,unit-property-20260526T072218Z,unit-property-http-polling-canary,unit-property,in-process,rtc-http-polling-manager-canary,1,12,FALSE,/media/volume/danluu-fuzz-data/rtc-lower-level-fuzz-20260516/runs/unit-property-20260526T072218Z/supervisor-groups.json
2026-05-26T08:22:42Z,unit-property,unit-property-20260526T082242Z,unit-property-http-polling-canary,unit-property,in-process,rtc-http-polling-manager-canary,1,12,FALSE,/media/volume/danluu-fuzz-data/rtc-lower-level-fuzz-20260516/runs/unit-property-20260526T082242Z/supervisor-groups.json
2026-05-26T09:23:07Z,unit-property,unit-property-20260526T092307Z,unit-property-http-polling-canary,unit-property,in-process,rtc-http-polling-manager-canary,1,12,FALSE,/media/volume/danluu-fuzz-data/rtc-lower-level-fuzz-20260516/runs/unit-property-20260526T092307Z/supervisor-groups.json
2026-05-26T10:23:31Z,unit-property,unit-property-20260526T102331Z,unit-property-http-polling-canary,unit-property,in-process,rtc-http-polling-manager-canary,1,12,FALSE,/media/volume/danluu-fuzz-data/rtc-lower-level-fuzz-20260516/runs/unit-property-20260526T102331Z/supervisor-groups.json
2026-05-26T10:39:38Z,unit-property,unit-property-20260526T103938Z,unit-property-http-polling-canary,unit-property,in-process,rtc-http-polling-manager-canary,1,12,FALSE,/media/volume/danluu-fuzz-data/rtc-lower-level-fuzz-20260516/runs/unit-property-20260526T103938Z/supervisor-groups.json
2026-05-26T11:40:03Z,unit-property,unit-property-20260526T114003Z,unit-property-http-polling-canary,unit-property,in-process,rtc-http-polling-manager-canary,1,12,FALSE,/media/volume/danluu-fuzz-data/rtc-lower-level-fuzz-20260516/runs/unit-property-20260526T114003Z/supervisor-groups.json
2026-05-26T12:40:27Z,unit-property,unit-property-20260526T124027Z,unit-property-http-polling-canary,unit-property,in-process,rtc-http-polling-manager-canary,1,12,FALSE,/media/volume/danluu-fuzz-data/rtc-lower-level-fuzz-20260516/runs/unit-property-20260526T124027Z/supervisor-groups.json
2026-05-26T13:40:52Z,unit-property,unit-property-20260526T134052Z,unit-property-http-polling-canary,unit-property,in-process,rtc-http-polling-manager-canary,1,12,FALSE,/media/volume/danluu-fuzz-data/rtc-lower-level-fuzz-20260516/runs/unit-property-20260526T134052Z/supervisor-groups.json
2026-05-26T14:41:17Z,unit-property,unit-property-20260526T144117Z,unit-property-http-polling-canary,unit-property,in-process,rtc-http-polling-manager-canary,1,12,FALSE,/media/volume/danluu-fuzz-data/rtc-lower-level-fuzz-20260516/runs/unit-property-20260526T144117Z/supervisor-groups.json
2026-05-26T15:41:42Z,unit-property,unit-property-20260526T154142Z,unit-property-http-polling-canary,unit-property,in-process,rtc-http-polling-manager-canary,1,12,FALSE,/media/volume/danluu-fuzz-data/rtc-lower-level-fuzz-20260516/runs/unit-property-20260526T154142Z/supervisor-groups.json
2026-05-26T16:42:07Z,unit-property,unit-property-20260526T164207Z,unit-property-http-polling-canary,unit-property,in-process,rtc-http-polling-manager-canary,1,12,FALSE,/media/volume/danluu-fuzz-data/rtc-lower-level-fuzz-20260516/runs/unit-property-20260526T164207Z/supervisor-groups.json
2026-05-26T17:42:33Z,unit-property,unit-property-20260526T174233Z,unit-property-http-polling-canary,unit-property,in-process,rtc-http-polling-manager-canary,1,12,FALSE,/media/volume/danluu-fuzz-data/rtc-lower-level-fuzz-20260516/runs/unit-property-20260526T174233Z/supervisor-groups.json
2026-05-26T18:42:58Z,unit-property,unit-property-20260526T184258Z,unit-property-http-polling-canary,unit-property,in-process,rtc-http-polling-manager-canary,1,12,FALSE,/media/volume/danluu-fuzz-data/rtc-lower-level-fuzz-20260516/runs/unit-property-20260526T184258Z/supervisor-groups.json
2026-05-26T19:43:24Z,unit-property,unit-property-20260526T194323Z,unit-property-http-polling-canary,unit-property,in-process,rtc-http-polling-manager-canary,1,12,FALSE,/media/volume/danluu-fuzz-data/rtc-lower-level-fuzz-20260516/runs/unit-property-20260526T194323Z/supervisor-groups.json
2026-05-26T20:43:49Z,unit-property,unit-property-20260526T204349Z,unit-property-http-polling-canary,unit-property,in-process,rtc-http-polling-manager-canary,1,12,FALSE,/media/volume/danluu-fuzz-data/rtc-lower-level-fuzz-20260516/runs/unit-property-20260526T204349Z/supervisor-groups.json
2026-05-26T21:44:13Z,unit-property,unit-property-20260526T214413Z,unit-property-http-polling-canary,unit-property,in-process,rtc-http-polling-manager-canary,1,12,FALSE,/media/volume/danluu-fuzz-data/rtc-lower-level-fuzz-20260516/runs/unit-property-20260526T214413Z/supervisor-groups.json
2026-05-26T22:44:51Z,unit-property,unit-property-20260526T224451Z,unit-property-http-polling-canary,unit-property,in-process,rtc-http-polling-manager-canary,1,12,FALSE,/media/volume/danluu-fuzz-data/rtc-lower-level-fuzz-20260516/runs/unit-property-20260526T224451Z/supervisor-groups.json
2026-05-26T23:45:50Z,unit-property,unit-property-20260526T234550Z,unit-property-http-polling-canary,unit-property,in-process,rtc-http-polling-manager-canary,1,12,FALSE,/media/volume/danluu-fuzz-data/rtc-lower-level-fuzz-20260516/runs/unit-property-20260526T234550Z/supervisor-groups.json
2026-05-27T00:46:28Z,unit-property,unit-property-20260527T004628Z,unit-property-http-polling-canary,unit-property,in-process,rtc-http-polling-manager-canary,1,12,FALSE,/media/volume/danluu-fuzz-data/rtc-lower-level-fuzz-20260516/runs/unit-property-20260527T004628Z/supervisor-groups.json
2026-05-27T01:46:59Z,unit-property,unit-property-20260527T014658Z,unit-property-http-polling-canary,unit-property,in-process,rtc-http-polling-manager-canary,1,12,FALSE,/media/volume/danluu-fuzz-data/rtc-lower-level-fuzz-20260516/runs/unit-property-20260527T014658Z/supervisor-groups.json
2026-05-27T02:47:27Z,unit-property,unit-property-20260527T024727Z,unit-property-http-polling-canary,unit-property,in-process,rtc-http-polling-manager-canary,1,12,FALSE,/media/volume/danluu-fuzz-data/rtc-lower-level-fuzz-20260516/runs/unit-property-20260527T024727Z/supervisor-groups.json
2026-05-27T03:48:00Z,unit-property,unit-property-20260527T034800Z,unit-property-http-polling-canary,unit-property,in-process,rtc-http-polling-manager-canary,1,12,FALSE,/media/volume/danluu-fuzz-data/rtc-lower-level-fuzz-20260516/runs/unit-property-20260527T034800Z/supervisor-groups.json
2026-05-27T04:48:33Z,unit-property,unit-property-20260527T044833Z,unit-property-http-polling-canary,unit-property,in-process,rtc-http-polling-manager-canary,1,12,FALSE,/media/volume/danluu-fuzz-data/rtc-lower-level-fuzz-20260516/runs/unit-property-20260527T044833Z/supervisor-groups.json
2026-05-27T05:49:32Z,unit-property,unit-property-20260527T054931Z,unit-property-http-polling-canary,unit-property,in-process,rtc-http-polling-manager-canary,1,12,FALSE,/media/volume/danluu-fuzz-data/rtc-lower-level-fuzz-20260516/runs/unit-property-20260527T054931Z/supervisor-groups.json
2026-05-27T06:50:12Z,unit-property,unit-property-20260527T065012Z,unit-property-http-polling-canary,unit-property,in-process,rtc-http-polling-manager-canary,1,12,FALSE,/media/volume/danluu-fuzz-data/rtc-lower-level-fuzz-20260516/runs/unit-property-20260527T065012Z/supervisor-groups.json
2026-05-27T07:50:42Z,unit-property,unit-property-20260527T075042Z,unit-property-http-polling-canary,unit-property,in-process,rtc-http-polling-manager-canary,1,12,FALSE,/media/volume/danluu-fuzz-data/rtc-lower-level-fuzz-20260516/runs/unit-property-20260527T075042Z/supervisor-groups.json
2026-05-27T08:51:11Z,unit-property,unit-property-20260527T085111Z,unit-property-http-polling-canary,unit-property,in-process,rtc-http-polling-manager-canary,1,12,FALSE,/media/volume/danluu-fuzz-data/rtc-lower-level-fuzz-20260516/runs/unit-property-20260527T085111Z/supervisor-groups.json
2026-05-27T09:51:38Z,unit-property,unit-property-20260527T095138Z,unit-property-http-polling-canary,unit-property,in-process,rtc-http-polling-manager-canary,1,12,FALSE,/media/volume/danluu-fuzz-data/rtc-lower-level-fuzz-20260516/runs/unit-property-20260527T095138Z/supervisor-groups.json
2026-05-27T10:52:08Z,unit-property,unit-property-20260527T105208Z,unit-property-http-polling-canary,unit-property,in-process,rtc-http-polling-manager-canary,1,12,FALSE,/media/volume/danluu-fuzz-data/rtc-lower-level-fuzz-20260516/runs/unit-property-20260527T105208Z/supervisor-groups.json
2026-05-27T11:52:36Z,unit-property,unit-property-20260527T115236Z,unit-property-http-polling-canary,unit-property,in-process,rtc-http-polling-manager-canary,1,12,FALSE,/media/volume/danluu-fuzz-data/rtc-lower-level-fuzz-20260516/runs/unit-property-20260527T115236Z/supervisor-groups.json
2026-05-27T12:53:04Z,unit-property,unit-property-20260527T125304Z,unit-property-http-polling-canary,unit-property,in-process,rtc-http-polling-manager-canary,1,12,FALSE,/media/volume/danluu-fuzz-data/rtc-lower-level-fuzz-20260516/runs/unit-property-20260527T125304Z/supervisor-groups.json
2026-05-27T13:53:29Z,unit-property,unit-property-20260527T135329Z,unit-property-http-polling-canary,unit-property,in-process,rtc-http-polling-manager-canary,1,12,FALSE,/media/volume/danluu-fuzz-data/rtc-lower-level-fuzz-20260516/runs/unit-property-20260527T135329Z/supervisor-groups.json
2026-05-27T14:53:54Z,unit-property,unit-property-20260527T145354Z,unit-property-http-polling-canary,unit-property,in-process,rtc-http-polling-manager-canary,1,12,FALSE,/media/volume/danluu-fuzz-data/rtc-lower-level-fuzz-20260516/runs/unit-property-20260527T145354Z/supervisor-groups.json
2026-05-27T15:54:20Z,unit-property,unit-property-20260527T155420Z,unit-property-http-polling-canary,unit-property,in-process,rtc-http-polling-manager-canary,1,12,FALSE,/media/volume/danluu-fuzz-data/rtc-lower-level-fuzz-20260516/runs/unit-property-20260527T155420Z/supervisor-groups.json
2026-05-27T16:54:46Z,unit-property,unit-property-20260527T165446Z,unit-property-http-polling-canary,unit-property,in-process,rtc-http-polling-manager-canary,1,12,FALSE,/media/volume/danluu-fuzz-data/rtc-lower-level-fuzz-20260516/runs/unit-property-20260527T165446Z/supervisor-groups.json
2026-05-27T17:55:12Z,unit-property,unit-property-20260527T175512Z,unit-property-http-polling-canary,unit-property,in-process,rtc-http-polling-manager-canary,1,12,FALSE,/media/volume/danluu-fuzz-data/rtc-lower-level-fuzz-20260516/runs/unit-property-20260527T175512Z/supervisor-groups.json
2026-05-27T18:55:53Z,unit-property,unit-property-20260527T185553Z,unit-property-http-polling-canary,unit-property,in-process,rtc-http-polling-manager-canary,1,12,FALSE,/media/volume/danluu-fuzz-data/rtc-lower-level-fuzz-20260516/runs/unit-property-20260527T185553Z/supervisor-groups.json
2026-05-27T19:56:21Z,unit-property,unit-property-20260527T195621Z,unit-property-http-polling-canary,unit-property,in-process,rtc-http-polling-manager-canary,1,12,FALSE,/media/volume/danluu-fuzz-data/rtc-lower-level-fuzz-20260516/runs/unit-property-20260527T195621Z/supervisor-groups.json
2026-05-27T20:56:49Z,unit-property,unit-property-20260527T205648Z,unit-property-http-polling-canary,unit-property,in-process,rtc-http-polling-manager-canary,1,12,FALSE,/media/volume/danluu-fuzz-data/rtc-lower-level-fuzz-20260516/runs/unit-property-20260527T205648Z/supervisor-groups.json
2026-05-27T21:57:15Z,unit-property,unit-property-20260527T215715Z,unit-property-http-polling-canary,unit-property,in-process,rtc-http-polling-manager-canary,1,12,FALSE,/media/volume/danluu-fuzz-data/rtc-lower-level-fuzz-20260516/runs/unit-property-20260527T215715Z/supervisor-groups.json
2026-05-27T22:57:41Z,unit-property,unit-property-20260527T225741Z,unit-property-http-polling-canary,unit-property,in-process,rtc-http-polling-manager-canary,1,12,FALSE,/media/volume/danluu-fuzz-data/rtc-lower-level-fuzz-20260516/runs/unit-property-20260527T225741Z/supervisor-groups.json
2026-05-27T23:58:08Z,unit-property,unit-property-20260527T235808Z,unit-property-http-polling-canary,unit-property,in-process,rtc-http-polling-manager-canary,1,12,FALSE,/media/volume/danluu-fuzz-data/rtc-lower-level-fuzz-20260516/runs/unit-property-20260527T235808Z/supervisor-groups.json
2026-05-28T00:58:34Z,unit-property,unit-property-20260528T005834Z,unit-property-http-polling-canary,unit-property,in-process,rtc-http-polling-manager-canary,1,12,FALSE,/media/volume/danluu-fuzz-data/rtc-lower-level-fuzz-20260516/runs/unit-property-20260528T005834Z/supervisor-groups.json
2026-05-28T01:59:00Z,unit-property,unit-property-20260528T015859Z,unit-property-http-polling-canary,unit-property,in-process,rtc-http-polling-manager-canary,1,12,FALSE,/media/volume/danluu-fuzz-data/rtc-lower-level-fuzz-20260516/runs/unit-property-20260528T015859Z/supervisor-groups.json
2026-05-28T02:59:26Z,unit-property,unit-property-20260528T025926Z,unit-property-http-polling-canary,unit-property,in-process,rtc-http-polling-manager-canary,1,12,FALSE,/media/volume/danluu-fuzz-data/rtc-lower-level-fuzz-20260516/runs/unit-property-20260528T025926Z/supervisor-groups.json
2026-05-28T03:59:53Z,unit-property,unit-property-20260528T035953Z,unit-property-http-polling-canary,unit-property,in-process,rtc-http-polling-manager-canary,1,12,FALSE,/media/volume/danluu-fuzz-data/rtc-lower-level-fuzz-20260516/runs/unit-property-20260528T035953Z/supervisor-groups.json
2026-05-28T05:00:20Z,unit-property,unit-property-20260528T050020Z,unit-property-http-polling-canary,unit-property,in-process,rtc-http-polling-manager-canary,1,12,FALSE,/media/volume/danluu-fuzz-data/rtc-lower-level-fuzz-20260516/runs/unit-property-20260528T050020Z/supervisor-groups.json
2026-05-28T06:00:46Z,unit-property,unit-property-20260528T060046Z,unit-property-http-polling-canary,unit-property,in-process,rtc-http-polling-manager-canary,1,12,FALSE,/media/volume/danluu-fuzz-data/rtc-lower-level-fuzz-20260516/runs/unit-property-20260528T060046Z/supervisor-groups.json
2026-05-28T07:01:12Z,unit-property,unit-property-20260528T070112Z,unit-property-http-polling-canary,unit-property,in-process,rtc-http-polling-manager-canary,1,12,FALSE,/media/volume/danluu-fuzz-data/rtc-lower-level-fuzz-20260516/runs/unit-property-20260528T070112Z/supervisor-groups.json
2026-05-28T08:01:39Z,unit-property,unit-property-20260528T080138Z,unit-property-http-polling-canary,unit-property,in-process,rtc-http-polling-manager-canary,1,12,FALSE,/media/volume/danluu-fuzz-data/rtc-lower-level-fuzz-20260516/runs/unit-property-20260528T080138Z/supervisor-groups.json
2026-05-28T09:02:04Z,unit-property,unit-property-20260528T090204Z,unit-property-http-polling-canary,unit-property,in-process,rtc-http-polling-manager-canary,1,12,FALSE,/media/volume/danluu-fuzz-data/rtc-lower-level-fuzz-20260516/runs/unit-property-20260528T090204Z/supervisor-groups.json
2026-05-28T10:02:31Z,unit-property,unit-property-20260528T100230Z,unit-property-http-polling-canary,unit-property,in-process,rtc-http-polling-manager-canary,1,12,FALSE,/media/volume/danluu-fuzz-data/rtc-lower-level-fuzz-20260516/runs/unit-property-20260528T100230Z/supervisor-groups.json
2026-05-28T11:02:57Z,unit-property,unit-property-20260528T110256Z,unit-property-http-polling-canary,unit-property,in-process,rtc-http-polling-manager-canary,1,12,FALSE,/media/volume/danluu-fuzz-data/rtc-lower-level-fuzz-20260516/runs/unit-property-20260528T110256Z/supervisor-groups.json
2026-05-28T12:03:24Z,unit-property,unit-property-20260528T120324Z,unit-property-http-polling-canary,unit-property,in-process,rtc-http-polling-manager-canary,1,12,FALSE,/media/volume/danluu-fuzz-data/rtc-lower-level-fuzz-20260516/runs/unit-property-20260528T120324Z/supervisor-groups.json
2026-05-28T13:03:51Z,unit-property,unit-property-20260528T130351Z,unit-property-http-polling-canary,unit-property,in-process,rtc-http-polling-manager-canary,1,12,FALSE,/media/volume/danluu-fuzz-data/rtc-lower-level-fuzz-20260516/runs/unit-property-20260528T130351Z/supervisor-groups.json
2026-05-28T14:04:17Z,unit-property,unit-property-20260528T140417Z,unit-property-http-polling-canary,unit-property,in-process,rtc-http-polling-manager-canary,1,12,FALSE,/media/volume/danluu-fuzz-data/rtc-lower-level-fuzz-20260516/runs/unit-property-20260528T140417Z/supervisor-groups.json
2026-05-28T15:04:44Z,unit-property,unit-property-20260528T150443Z,unit-property-http-polling-canary,unit-property,in-process,rtc-http-polling-manager-canary,1,12,FALSE,/media/volume/danluu-fuzz-data/rtc-lower-level-fuzz-20260516/runs/unit-property-20260528T150443Z/supervisor-groups.json
2026-05-28T16:11:13Z,unit-property,unit-property-20260528T161113Z,unit-property-http-polling-canary,unit-property,in-process,rtc-http-polling-manager-canary,1,12,FALSE,/media/volume/danluu-fuzz-data/rtc-lower-level-fuzz-20260516/runs/unit-property-20260528T161113Z/supervisor-groups.json
2026-05-28T17:11:40Z,unit-property,unit-property-20260528T171140Z,unit-property-http-polling-canary,unit-property,in-process,rtc-http-polling-manager-canary,1,12,FALSE,/media/volume/danluu-fuzz-data/rtc-lower-level-fuzz-20260516/runs/unit-property-20260528T171140Z/supervisor-groups.json
2026-05-28T18:12:06Z,unit-property,unit-property-20260528T181206Z,unit-property-http-polling-canary,unit-property,in-process,rtc-http-polling-manager-canary,1,12,FALSE,/media/volume/danluu-fuzz-data/rtc-lower-level-fuzz-20260516/runs/unit-property-20260528T181206Z/supervisor-groups.json
2026-05-28T19:12:33Z,unit-property,unit-property-20260528T191233Z,unit-property-http-polling-canary,unit-property,in-process,rtc-http-polling-manager-canary,1,12,FALSE,/media/volume/danluu-fuzz-data/rtc-lower-level-fuzz-20260516/runs/unit-property-20260528T191233Z/supervisor-groups.json
2026-05-28T20:13:31Z,unit-property,unit-property-20260528T201331Z,unit-property-http-polling-canary,unit-property,in-process,rtc-http-polling-manager-canary,1,12,FALSE,/media/volume/danluu-fuzz-data/rtc-lower-level-fuzz-20260516/runs/unit-property-20260528T201331Z/supervisor-groups.json
2026-05-28T21:18:00Z,unit-property,unit-property-20260528T211800Z,unit-property-http-polling-canary,unit-property,in-process,rtc-http-polling-manager-canary,1,12,FALSE,/media/volume/danluu-fuzz-data/rtc-lower-level-fuzz-20260516/runs/unit-property-20260528T211800Z/supervisor-groups.json
2026-05-28T22:20:28Z,unit-property,unit-property-20260528T222028Z,unit-property-http-polling-canary,unit-property,in-process,rtc-http-polling-manager-canary,1,12,FALSE,/media/volume/danluu-fuzz-data/rtc-lower-level-fuzz-20260516/runs/unit-property-20260528T222028Z/supervisor-groups.json
2026-05-28T23:20:57Z,unit-property,unit-property-20260528T232056Z,unit-property-http-polling-canary,unit-property,in-process,rtc-http-polling-manager-canary,1,12,FALSE,/media/volume/danluu-fuzz-data/rtc-lower-level-fuzz-20260516/runs/unit-property-20260528T232056Z/supervisor-groups.json
2026-05-29T00:23:26Z,unit-property,unit-property-20260529T002326Z,unit-property-http-polling-canary,unit-property,in-process,rtc-http-polling-manager-canary,1,12,FALSE,/media/volume/danluu-fuzz-data/rtc-lower-level-fuzz-20260516/runs/unit-property-20260529T002326Z/supervisor-groups.json
2026-05-29T01:28:07Z,unit-property,unit-property-20260529T012807Z,unit-property-http-polling-canary,unit-property,in-process,rtc-http-polling-manager-canary,1,12,FALSE,/media/volume/danluu-fuzz-data/rtc-lower-level-fuzz-20260516/runs/unit-property-20260529T012807Z/supervisor-groups.json
2026-05-29T02:34:39Z,unit-property,unit-property-20260529T023439Z,unit-property-http-polling-canary,unit-property,in-process,rtc-http-polling-manager-canary,1,12,FALSE,/media/volume/danluu-fuzz-data/rtc-lower-level-fuzz-20260516/runs/unit-property-20260529T023439Z/supervisor-groups.json
2026-05-29T03:37:10Z,unit-property,unit-property-20260529T033710Z,unit-property-http-polling-canary,unit-property,in-process,rtc-http-polling-manager-canary,1,12,FALSE,/media/volume/danluu-fuzz-data/rtc-lower-level-fuzz-20260516/runs/unit-property-20260529T033710Z/supervisor-groups.json
2026-05-29T04:39:57Z,unit-property,unit-property-20260529T043957Z,unit-property-http-polling-canary,unit-property,in-process,rtc-http-polling-manager-canary,1,12,FALSE,/media/volume/danluu-fuzz-data/rtc-lower-level-fuzz-20260516/runs/unit-property-20260529T043957Z/supervisor-groups.json
2026-05-29T05:46:29Z,unit-property,unit-property-20260529T054629Z,unit-property-http-polling-canary,unit-property,in-process,rtc-http-polling-manager-canary,1,12,TRUE,/media/volume/danluu-fuzz-data/rtc-lower-level-fuzz-20260516/runs/unit-property-20260529T054629Z/supervisor-groups.json
