bucket,fuzz_level,executions,primary_executions,successful_executions,attempts,failed_attempts,duration_ms,approximate,campaigns,cumulative_executions,cumulative_attempts,cumulative_failed_attempts,runner_hours,cumulative_runner_hours,executions_per_hour
2026-05-16T08:45:00Z,browser-e2e,1212,1212,1212,3,0,35000,TRUE,1,1212,3,0,0.009722222222222222,0.009722222222222222,4848
2026-05-16T09:00:00Z,browser-e2e,10084,10084,4840,21,11,269000,TRUE,1,11296,24,11,0.07472222222222222,0.08444444444444443,40336
2026-05-16T09:15:00Z,browser-e2e,21672,21672,19264,18,2,321000,TRUE,1,32968,42,13,0.08916666666666667,0.1736111111111111,86688
2026-05-16T09:30:00Z,browser-e2e,22876,22876,22876,19,0,357000,TRUE,1,55844,61,13,0.09916666666666667,0.2727777777777778,91504
2026-05-16T09:45:00Z,browser-e2e,22876,22876,22876,19,0,326000,TRUE,1,78720,80,13,0.09055555555555556,0.36333333333333334,91504
2026-05-16T10:00:00Z,browser-e2e,22876,22876,20468,19,2,320000,TRUE,1,101596,99,15,0.08888888888888889,0.45222222222222225,91504
2026-05-16T10:15:00Z,browser-e2e,22876,22876,22876,19,0,336000,TRUE,1,124472,118,15,0.09333333333333334,0.5455555555555556,91504
2026-05-16T10:30:00Z,browser-e2e,22876,22876,20468,19,2,337000,TRUE,1,147348,137,17,0.09361111111111112,0.6391666666666667,91504
2026-05-16T10:45:00Z,browser-e2e,21672,21672,21672,18,0,324000,TRUE,1,169020,155,17,0.09,0.7291666666666666,86688
2026-05-16T11:00:00Z,browser-e2e,22876,22876,22876,19,0,346000,TRUE,1,191896,174,17,0.0961111111111111,0.8252777777777778,91504
2026-05-16T11:15:00Z,browser-e2e,22876,22876,22876,19,0,341000,TRUE,1,214772,193,17,0.09472222222222222,0.92,91504
2026-05-16T11:30:00Z,browser-e2e,22876,22876,22876,19,0,340000,TRUE,1,237648,212,17,0.09444444444444444,1.0144444444444445,91504
2026-05-16T11:45:00Z,browser-e2e,21672,21672,21672,18,0,322000,TRUE,1,259320,230,17,0.08944444444444444,1.103888888888889,86688
2026-05-16T12:00:00Z,browser-e2e,22876,22876,21672,19,1,341000,TRUE,1,282196,249,18,0.09472222222222222,1.198611111111111,91504
2026-05-16T12:15:00Z,browser-e2e,22876,22876,21672,19,1,357000,TRUE,1,305072,268,19,0.09916666666666667,1.2977777777777777,91504
2026-05-16T12:30:00Z,browser-e2e,21672,21672,20468,18,1,336000,TRUE,1,326744,286,20,0.09333333333333334,1.391111111111111,86688
2026-05-16T12:45:00Z,browser-e2e,22876,22876,22876,19,0,352000,TRUE,1,349620,305,20,0.09777777777777778,1.4888888888888887,91504
2026-05-16T13:00:00Z,browser-e2e,21672,21672,21672,18,0,313000,TRUE,1,371292,323,20,0.08694444444444445,1.5758333333333332,86688
2026-05-16T13:15:00Z,browser-e2e,22876,22876,22876,19,0,329000,TRUE,1,394168,342,20,0.0913888888888889,1.6672222222222222,91504
2026-05-16T13:30:00Z,browser-e2e,24080,24080,24080,20,0,335000,TRUE,1,418248,362,20,0.09305555555555556,1.7602777777777776,96320
2026-05-16T13:45:00Z,browser-e2e,22876,22876,22876,19,0,323000,TRUE,1,441124,381,20,0.08972222222222222,1.8499999999999999,91504
2026-05-16T14:00:00Z,browser-e2e,22876,22876,21672,19,1,337000,TRUE,1,464000,400,21,0.09361111111111112,1.943611111111111,91504
2026-05-16T14:15:00Z,browser-e2e,21672,21672,20468,18,1,319000,TRUE,1,485672,418,22,0.08861111111111111,2.032222222222222,86688
2026-05-16T14:30:00Z,browser-e2e,24080,24080,24080,20,0,341000,TRUE,1,509752,438,22,0.09472222222222222,2.1269444444444443,96320
2026-05-16T14:45:00Z,browser-e2e,21672,21672,20468,18,1,319000,TRUE,1,531424,456,23,0.08861111111111111,2.2155555555555555,86688
2026-05-16T15:00:00Z,browser-e2e,22876,22876,22876,19,0,369000,TRUE,1,554300,475,23,0.1025,2.3180555555555555,91504
2026-05-16T15:15:00Z,browser-e2e,20468,20468,20468,17,0,350000,TRUE,1,574768,492,23,0.09722222222222222,2.415277777777778,81872
2026-05-16T15:30:00Z,browser-e2e,22876,22876,22876,19,0,332000,TRUE,1,597644,511,23,0.09222222222222222,2.5075000000000003,91504
2026-05-16T15:45:00Z,browser-e2e,22876,22876,22876,19,0,338000,TRUE,1,620520,530,23,0.09388888888888888,2.601388888888889,91504
2026-05-16T16:00:00Z,browser-e2e,22876,22876,22876,19,0,346000,TRUE,1,643396,549,23,0.0961111111111111,2.6975000000000002,91504
2026-05-16T16:15:00Z,browser-e2e,40960,40960,38148,40,3,669000,TRUE,1,684356,589,26,0.18583333333333332,2.8833333333333337,163840
2026-05-16T16:30:00Z,browser-e2e,54180,54180,50568,45,3,795000,TRUE,1,738536,634,29,0.22083333333333333,3.104166666666667,216720
2026-05-16T16:45:00Z,browser-e2e,50568,50568,49364,42,1,750000,FALSE,1,789104,676,30,0.20833333333333334,3.3125000000000004,202272
2026-05-16T17:00:00Z,browser-e2e,50568,50568,48160,42,2,756000,FALSE,1,839672,718,32,0.21,3.5225000000000004,202272
2026-05-16T17:15:00Z,browser-e2e,52976,52976,50568,44,2,802000,FALSE,1,892648,762,34,0.22277777777777777,3.7452777777777784,211904
2026-05-16T17:30:00Z,browser-e2e,46956,46956,46956,39,0,716000,FALSE,1,939604,801,34,0.1988888888888889,3.9441666666666673,187824
2026-05-16T17:45:00Z,browser-e2e,44548,44548,44548,37,0,679000,FALSE,1,984152,838,34,0.18861111111111112,4.132777777777778,178192
2026-05-16T18:00:00Z,browser-e2e,37324,37324,34916,31,2,574000,FALSE,1,1021476,869,36,0.15944444444444444,4.292222222222223,149296
2026-05-16T18:15:00Z,browser-e2e,38528,38528,37324,32,1,601000,FALSE,1,1060004,901,37,0.16694444444444445,4.459166666666667,154112
2026-05-16T18:30:00Z,browser-e2e,30100,30100,30100,25,0,471000,FALSE,1,1090104,926,37,0.13083333333333333,4.590000000000001,120400
2026-05-16T18:45:00Z,browser-e2e,48160,48160,48160,40,0,747000,FALSE,1,1138264,966,37,0.2075,4.7975,192640
2026-05-16T19:00:00Z,browser-e2e,32508,32508,32508,27,0,516000,FALSE,1,1170772,993,37,0.14333333333333334,4.940833333333334,130032
2026-05-16T19:15:00Z,browser-e2e,43344,43344,40936,36,2,677000,FALSE,1,1214116,1029,39,0.18805555555555556,5.1288888888888895,173376
2026-05-16T19:30:00Z,browser-e2e,36120,36120,34916,30,1,564000,FALSE,1,1250236,1059,40,0.15666666666666668,5.285555555555556,144480
2026-05-16T19:45:00Z,browser-e2e,43344,43344,43344,36,0,669000,FALSE,1,1293580,1095,40,0.18583333333333332,5.471388888888889,173376
2026-05-16T20:00:00Z,browser-e2e,24080,24080,24080,20,0,442000,FALSE,1,1317660,1115,40,0.12277777777777778,5.594166666666666,96320
2026-05-16T20:15:00Z,browser-e2e,44548,44548,44548,37,0,682000,FALSE,1,1362208,1152,40,0.18944444444444444,5.783611111111111,178192
2026-05-16T20:30:00Z,browser-e2e,48160,48160,45752,40,2,751000,FALSE,1,1410368,1192,42,0.2086111111111111,5.992222222222222,192640
2026-05-16T20:45:00Z,browser-e2e,49364,49364,49364,41,0,754000,FALSE,1,1459732,1233,42,0.20944444444444443,6.201666666666666,197456
2026-05-16T21:00:00Z,browser-e2e,52976,52976,51772,44,1,802000,FALSE,1,1512708,1277,43,0.22277777777777777,6.424444444444444,211904
2026-05-16T21:15:00Z,browser-e2e,55384,55384,51772,46,3,808000,FALSE,1,1568092,1323,46,0.22444444444444445,6.648888888888889,221536
2026-05-16T21:30:00Z,browser-e2e,54180,54180,49364,45,4,779000,FALSE,1,1622272,1368,50,0.21638888888888888,6.865277777777778,216720
2026-05-16T21:45:00Z,browser-e2e,58996,58996,55384,49,3,811000,FALSE,1,1681268,1417,53,0.22527777777777777,7.0905555555555555,235984
2026-05-16T22:00:00Z,browser-e2e,52976,52976,42140,44,9,648000,FALSE,1,1734244,1461,62,0.18,7.270555555555555,211904
2026-05-16T22:15:00Z,browser-e2e,54180,54180,49364,45,4,746000,FALSE,1,1788424,1506,66,0.20722222222222222,7.477777777777778,216720
2026-05-16T22:30:00Z,browser-e2e,61404,61404,60200,51,1,874000,FALSE,1,1849828,1557,67,0.2427777777777778,7.720555555555555,245616
2026-05-16T22:45:00Z,browser-e2e,58996,58996,56588,49,2,845000,FALSE,1,1908824,1606,69,0.23472222222222222,7.955277777777778,235984
2026-05-16T23:00:00Z,browser-e2e,63812,63812,63812,53,0,888000,FALSE,1,1972636,1659,69,0.24666666666666667,8.201944444444445,255248
2026-05-16T23:15:00Z,browser-e2e,54180,54180,48160,45,5,745000,FALSE,1,2026816,1704,74,0.20694444444444443,8.408888888888889,216720
2026-05-16T23:30:00Z,browser-e2e,58996,58996,55384,49,3,813000,FALSE,1,2085812,1753,77,0.22583333333333333,8.634722222222223,235984
2026-05-16T23:45:00Z,browser-e2e,56588,56588,52976,47,3,802000,FALSE,1,2142400,1800,80,0.22277777777777777,8.8575,226352
2026-05-17T00:00:00Z,browser-e2e,62608,62608,62608,52,0,897000,FALSE,1,2205008,1852,80,0.24916666666666668,9.106666666666667,250432
2026-05-17T00:15:00Z,browser-e2e,51772,51772,50568,43,1,813000,FALSE,1,2256780,1895,81,0.22583333333333333,9.332500000000001,207088
2026-05-17T00:30:00Z,browser-e2e,28896,28896,26488,24,2,473000,FALSE,1,2285676,1919,83,0.1313888888888889,9.46388888888889,115584
2026-05-17T00:45:00Z,browser-e2e,28896,28896,28896,24,0,512000,FALSE,1,2314572,1943,83,0.14222222222222222,9.606111111111112,115584
2026-05-17T01:00:00Z,browser-e2e,50568,50568,49364,42,1,774000,FALSE,1,2365140,1985,84,0.215,9.821111111111112,202272
2026-05-17T01:15:00Z,browser-e2e,51772,51772,49364,43,2,796000,FALSE,1,2416912,2028,86,0.22111111111111112,10.042222222222223,207088
2026-05-17T01:30:00Z,browser-e2e,42140,42140,38528,35,3,682000,FALSE,1,2459052,2063,89,0.18944444444444444,10.231666666666667,168560
2026-05-17T01:45:00Z,browser-e2e,24080,24080,24080,20,0,459000,FALSE,1,2483132,2083,89,0.1275,10.359166666666667,96320
2026-05-17T02:00:00Z,browser-e2e,45752,45752,44548,38,1,704000,FALSE,1,2528884,2121,90,0.19555555555555557,10.554722222222223,183008
2026-05-17T02:15:00Z,browser-e2e,51772,51772,49364,43,2,817000,FALSE,1,2580656,2164,92,0.22694444444444445,10.781666666666668,207088
2026-05-17T02:30:00Z,browser-e2e,49364,49364,45752,41,3,815000,FALSE,1,2630020,2205,95,0.2263888888888889,11.008055555555558,197456
2026-05-17T02:45:00Z,browser-e2e,43344,43344,42140,36,1,862000,FALSE,1,2673364,2241,96,0.23944444444444443,11.247500000000002,173376
2026-05-17T03:00:00Z,browser-e2e,50568,50568,46956,42,3,797000,FALSE,1,2723932,2283,99,0.22138888888888889,11.468888888888891,202272
2026-05-17T03:15:00Z,browser-e2e,54180,54180,54180,45,0,893000,FALSE,1,2778112,2328,99,0.24805555555555556,11.716944444444447,216720
2026-05-17T03:30:00Z,browser-e2e,48160,48160,46956,40,1,876000,FALSE,1,2826272,2368,100,0.24333333333333335,11.960277777777781,192640
2026-05-17T03:45:00Z,browser-e2e,19264,19264,18060,16,1,852000,FALSE,1,2845536,2384,101,0.23666666666666666,12.196944444444448,77056
2026-05-17T04:00:00Z,browser-e2e,48160,48160,45752,40,2,844000,FALSE,1,2893696,2424,103,0.23444444444444446,12.431388888888891,192640
2026-05-17T04:15:00Z,browser-e2e,45752,45752,43344,38,2,843000,FALSE,1,2939448,2462,105,0.23416666666666666,12.665555555555558,183008
2026-05-17T04:30:00Z,browser-e2e,48160,48160,45752,40,2,835000,FALSE,1,2987608,2502,107,0.23194444444444445,12.897500000000003,192640
2026-05-17T04:45:00Z,browser-e2e,52976,52976,52976,44,0,888000,FALSE,1,3040584,2546,107,0.24666666666666667,13.144166666666669,211904
2026-05-17T05:00:00Z,browser-e2e,61404,61404,61404,51,0,905000,FALSE,1,3101988,2597,107,0.2513888888888889,13.395555555555557,245616
2026-05-17T05:15:00Z,browser-e2e,50568,50568,46956,42,3,789000,FALSE,1,3152556,2639,110,0.21916666666666668,13.614722222222223,202272
2026-05-17T05:30:00Z,browser-e2e,57792,57792,57792,48,0,914000,FALSE,1,3210348,2687,110,0.2538888888888889,13.868611111111113,231168
2026-05-17T05:45:00Z,browser-e2e,56588,56588,56588,47,0,902000,FALSE,1,3266936,2734,110,0.25055555555555553,14.119166666666668,226352
2026-05-17T06:00:00Z,browser-e2e,51772,51772,46956,43,4,785000,FALSE,1,3318708,2777,114,0.21805555555555556,14.337222222222223,207088
2026-05-17T06:15:00Z,browser-e2e,61404,61404,61404,51,0,880000,FALSE,1,3380112,2828,114,0.24444444444444444,14.581666666666667,245616
2026-05-17T06:30:00Z,browser-e2e,66220,66220,66220,55,0,891000,FALSE,1,3446332,2883,114,0.2475,14.829166666666667,264880
2026-05-17T06:45:00Z,browser-e2e,61404,61404,61404,51,0,907000,FALSE,1,3507736,2934,114,0.25194444444444447,15.081111111111111,245616
2026-05-17T07:00:00Z,browser-e2e,58996,58996,58996,49,0,877000,FALSE,1,3566732,2983,114,0.2436111111111111,15.324722222222222,235984
2026-05-17T07:15:00Z,browser-e2e,61404,61404,61404,51,0,913000,FALSE,1,3628136,3034,114,0.2536111111111111,15.578333333333333,245616
2026-05-17T07:30:00Z,browser-e2e,61404,61404,61404,51,0,891000,FALSE,1,3689540,3085,114,0.2475,15.825833333333334,245616
2026-05-17T07:45:00Z,browser-e2e,60200,60200,60200,50,0,896000,FALSE,1,3749740,3135,114,0.24888888888888888,16.074722222222224,240800
2026-05-17T08:00:00Z,browser-e2e,62608,62608,62608,52,0,894000,FALSE,1,3812348,3187,114,0.24833333333333332,16.32305555555556,250432
2026-05-17T08:15:00Z,browser-e2e,66220,66220,66220,55,0,896000,FALSE,1,3878568,3242,114,0.24888888888888888,16.571944444444448,264880
2026-05-17T08:30:00Z,browser-e2e,57792,57792,57792,48,0,886000,FALSE,1,3936360,3290,114,0.24611111111111111,16.81805555555556,231168
2026-05-17T08:45:00Z,browser-e2e,66220,66220,65016,55,1,880000,FALSE,1,4002580,3345,115,0.24444444444444444,17.062500000000004,264880
2026-05-17T09:00:00Z,browser-e2e,58996,58996,58996,49,0,893000,FALSE,1,4061576,3394,115,0.24805555555555556,17.31055555555556,235984
2026-05-17T09:15:00Z,browser-e2e,46956,46956,46956,39,0,872000,FALSE,1,4108532,3433,115,0.24222222222222223,17.55277777777778,187824
2026-05-17T09:30:00Z,browser-e2e,67424,67424,67424,56,0,897000,FALSE,1,4175956,3489,115,0.24916666666666668,17.801944444444448,269696
2026-05-17T09:45:00Z,browser-e2e,66220,66220,66220,55,0,892000,FALSE,1,4242176,3544,115,0.2477777777777778,18.049722222222226,264880
2026-05-17T10:00:00Z,browser-e2e,60200,60200,60200,50,0,893000,FALSE,1,4302376,3594,115,0.24805555555555556,18.29777777777778,240800
2026-05-17T10:15:00Z,browser-e2e,60200,60200,60200,50,0,889000,FALSE,1,4362576,3644,115,0.24694444444444444,18.544722222222227,240800
2026-05-17T10:30:00Z,browser-e2e,61404,61404,61404,51,0,909000,FALSE,1,4423980,3695,115,0.2525,18.797222222222228,245616
2026-05-17T10:45:00Z,browser-e2e,58996,58996,58996,49,0,893000,FALSE,1,4482976,3744,115,0.24805555555555556,19.045277777777784,235984
2026-05-17T11:00:00Z,browser-e2e,58996,58996,58996,49,0,887000,FALSE,1,4541972,3793,115,0.24638888888888888,19.29166666666667,235984
2026-05-17T11:15:00Z,browser-e2e,57792,57792,56588,48,1,876000,FALSE,1,4599764,3841,116,0.24333333333333335,19.535000000000004,231168
2026-05-17T11:30:00Z,browser-e2e,65016,65016,65016,54,0,892000,FALSE,1,4664780,3895,116,0.2477777777777778,19.78277777777778,260064
2026-05-17T11:45:00Z,browser-e2e,41620,41620,41620,92,0,897000,FALSE,1,4706400,3987,116,0.24916666666666668,20.03194444444445,166480
2026-05-17T12:00:00Z,browser-e2e,5632,5632,5632,176,0,879000,FALSE,1,4712032,4163,116,0.24416666666666667,20.276111111111117,22528
2026-05-17T12:15:00Z,browser-e2e,5536,5536,5536,173,0,883000,FALSE,1,4717568,4336,116,0.2452777777777778,20.521388888888893,22144
2026-05-17T12:30:00Z,browser-e2e,5152,5152,5152,161,0,884000,FALSE,1,4722720,4497,116,0.24555555555555555,20.766944444444448,20608
2026-05-17T12:45:00Z,browser-e2e,5344,5344,5344,167,0,879000,FALSE,1,4728064,4664,116,0.24416666666666667,21.011111111111116,21376
2026-05-17T13:00:00Z,browser-e2e,5440,5440,5440,170,0,892000,FALSE,1,4733504,4834,116,0.2477777777777778,21.258888888888894,21760
2026-05-17T13:15:00Z,browser-e2e,2432,2432,1920,76,16,430000,FALSE,1,4735936,4910,132,0.11944444444444445,21.378333333333337,9728
2026-05-17T13:30:00Z,browser-e2e,1760,1760,1120,55,20,305000,FALSE,1,4737696,4965,152,0.08472222222222223,21.46305555555556,7040
2026-05-17T13:45:00Z,browser-e2e,2624,2624,2176,82,14,462000,FALSE,1,4740320,5047,166,0.12833333333333333,21.591388888888893,10496
2026-05-17T14:00:00Z,browser-e2e,2016,2016,1536,63,15,440000,FALSE,1,4742336,5110,181,0.12222222222222222,21.713611111111117,8064
2026-05-17T14:15:00Z,browser-e2e,1984,1984,1376,62,19,317000,FALSE,1,4744320,5172,200,0.08805555555555555,21.801666666666673,7936
2026-05-17T14:30:00Z,browser-e2e,2592,2592,2080,81,16,420000,FALSE,1,4746912,5253,216,0.11666666666666667,21.91833333333334,10368
2026-05-17T14:45:00Z,browser-e2e,2432,2432,1920,76,16,417000,FALSE,1,4749344,5329,232,0.11583333333333333,22.034166666666675,9728
2026-05-17T15:00:00Z,browser-e2e,2368,2368,1888,74,15,444000,FALSE,1,4751712,5403,247,0.12333333333333334,22.15750000000001,9472
2026-05-17T15:15:00Z,browser-e2e,2272,2272,1792,71,15,415000,FALSE,1,4753984,5474,262,0.11527777777777778,22.272777777777787,9088
2026-05-17T15:30:00Z,browser-e2e,1920,1920,1312,60,19,327000,FALSE,1,4755904,5534,281,0.09083333333333334,22.36361111111112,7680
2026-05-17T15:45:00Z,browser-e2e,2720,2720,2272,85,14,505000,FALSE,1,4758624,5619,295,0.14027777777777778,22.5038888888889,10880
2026-05-17T16:00:00Z,browser-e2e,2080,2080,1568,65,16,386000,FALSE,1,4760704,5684,311,0.10722222222222222,22.61111111111112,8320
2026-05-17T16:15:00Z,browser-e2e,2336,2336,1792,73,17,398000,FALSE,1,4763040,5757,328,0.11055555555555556,22.721666666666678,9344
2026-05-17T16:30:00Z,browser-e2e,2176,2176,1632,68,17,369000,FALSE,1,4765216,5825,345,0.1025,22.824166666666677,8704
2026-05-17T16:45:00Z,browser-e2e,2208,2208,1696,69,16,417000,FALSE,1,4767424,5894,361,0.11583333333333333,22.940000000000012,8832
2026-05-17T17:00:00Z,browser-e2e,2144,2144,1600,67,17,387000,FALSE,1,4769568,5961,378,0.1075,23.047500000000014,8576
2026-05-17T17:15:00Z,browser-e2e,2464,2464,1984,77,15,447000,FALSE,1,4772032,6038,393,0.12416666666666666,23.17166666666668,9856
2026-05-17T17:30:00Z,browser-e2e,2624,2624,2144,82,15,457000,FALSE,1,4774656,6120,408,0.12694444444444444,23.298611111111125,10496
2026-05-17T17:45:00Z,browser-e2e,2560,2560,2112,80,14,455000,FALSE,1,4777216,6200,422,0.12638888888888888,23.425000000000015,10240
2026-05-17T18:00:00Z,browser-e2e,2560,2560,2112,80,14,493000,FALSE,1,4779776,6280,436,0.13694444444444445,23.56194444444446,10240
2026-05-17T18:15:00Z,browser-e2e,1952,1952,1408,61,17,363000,FALSE,1,4781728,6341,453,0.10083333333333333,23.662777777777794,7808
2026-05-17T18:30:00Z,browser-e2e,2528,2528,2080,79,14,474000,FALSE,1,4784256,6420,467,0.13166666666666665,23.794444444444462,10112
2026-05-17T18:45:00Z,browser-e2e,2560,2560,2112,80,14,487000,FALSE,1,4786816,6500,481,0.13527777777777777,23.92972222222224,10240
2026-05-17T19:00:00Z,browser-e2e,1984,1984,1440,62,17,374000,FALSE,1,4788800,6562,498,0.10388888888888889,24.033611111111128,7936
2026-05-17T19:15:00Z,browser-e2e,2368,2368,1888,74,15,449000,FALSE,1,4791168,6636,513,0.12472222222222222,24.15833333333335,9472
2026-05-17T19:30:00Z,browser-e2e,2720,2720,2272,85,14,502000,FALSE,1,4793888,6721,527,0.13944444444444445,24.297777777777792,10880
2026-05-17T19:45:00Z,browser-e2e,2496,2496,2080,78,13,482000,FALSE,1,4796384,6799,540,0.1338888888888889,24.431666666666683,9984
2026-05-17T20:00:00Z,browser-e2e,2080,2080,1568,65,16,415000,FALSE,1,4798464,6864,556,0.11527777777777778,24.54694444444446,8320
2026-05-17T20:15:00Z,browser-e2e,1792,1792,1184,56,19,339000,FALSE,1,4800256,6920,575,0.09416666666666666,24.641111111111126,7168
2026-05-17T20:30:00Z,browser-e2e,1984,1984,1472,62,16,385000,FALSE,1,4802240,6982,591,0.10694444444444444,24.74805555555557,7936
2026-05-17T20:45:00Z,browser-e2e,2304,2304,1824,72,15,447000,FALSE,1,4804544,7054,606,0.12416666666666666,24.872222222222238,9216
2026-05-17T21:00:00Z,browser-e2e,2368,2368,1888,74,15,477000,FALSE,1,4806912,7128,621,0.1325,25.004722222222238,9472
2026-05-17T21:15:00Z,browser-e2e,2048,2048,1536,64,16,381000,FALSE,1,4808960,7192,637,0.10583333333333333,25.11055555555557,8192
2026-05-17T21:30:00Z,browser-e2e,2720,2720,2304,85,13,516000,FALSE,1,4811680,7277,650,0.14333333333333334,25.253888888888905,10880
2026-05-17T21:45:00Z,browser-e2e,2496,2496,2080,78,13,495000,FALSE,1,4814176,7355,663,0.1375,25.391388888888905,9984
2026-05-17T22:00:00Z,browser-e2e,2432,2432,1984,76,14,476000,FALSE,1,4816608,7431,677,0.1322222222222222,25.523611111111126,9728
2026-05-17T22:15:00Z,browser-e2e,2144,2144,1632,67,16,409000,FALSE,1,4818752,7498,693,0.11361111111111111,25.63722222222224,8576
2026-05-17T22:30:00Z,browser-e2e,2304,2304,1856,72,14,482000,FALSE,1,4821056,7570,707,0.1338888888888889,25.77111111111113,9216
2026-05-17T22:45:00Z,browser-e2e,2848,2848,2496,89,11,555000,FALSE,1,4823904,7659,718,0.15416666666666667,25.925277777777794,11392
2026-05-17T23:00:00Z,browser-e2e,4320,4320,4320,135,0,880000,FALSE,1,4828224,7794,718,0.24444444444444444,26.169722222222237,17280
2026-05-17T23:15:00Z,browser-e2e,4288,4288,4288,134,0,879000,FALSE,1,4832512,7928,718,0.24416666666666667,26.413888888888906,17152
2026-05-17T23:30:00Z,browser-e2e,4256,4256,4256,133,0,892000,FALSE,1,4836768,8061,718,0.2477777777777778,26.661666666666683,17024
2026-05-17T23:45:00Z,browser-e2e,4832,4832,4832,151,0,888000,FALSE,1,4841600,8212,718,0.24666666666666667,26.90833333333335,19328
2026-05-18T00:00:00Z,browser-e2e,4768,4768,4768,149,0,886000,FALSE,1,4846368,8361,718,0.24611111111111111,27.15444444444446,19072
2026-05-18T00:15:00Z,browser-e2e,4832,4832,4832,151,0,881000,FALSE,1,4851200,8512,718,0.24472222222222223,27.399166666666684,19328
2026-05-18T00:30:00Z,browser-e2e,4832,4832,4832,151,0,886000,FALSE,1,4856032,8663,718,0.24611111111111111,27.645277777777796,19328
2026-05-18T00:45:00Z,browser-e2e,4864,4864,4864,152,0,893000,FALSE,1,4860896,8815,718,0.24805555555555556,27.893333333333352,19456
2026-05-18T01:00:00Z,browser-e2e,4864,4864,4864,152,0,883000,FALSE,1,4865760,8967,718,0.2452777777777778,28.13861111111113,19456
2026-05-18T01:15:00Z,browser-e2e,4832,4832,4832,151,0,888000,FALSE,1,4870592,9118,718,0.24666666666666667,28.385277777777794,19328
2026-05-18T01:30:00Z,browser-e2e,4736,4736,4736,148,0,886000,FALSE,1,4875328,9266,718,0.24611111111111111,28.631388888888907,18944
2026-05-18T01:45:00Z,browser-e2e,4704,4704,4704,147,0,886000,FALSE,1,4880032,9413,718,0.24611111111111111,28.87750000000002,18816
2026-05-18T02:00:00Z,browser-e2e,4640,4640,4640,145,0,883000,FALSE,1,4884672,9558,718,0.2452777777777778,29.122777777777795,18560
2026-05-18T02:15:00Z,browser-e2e,4640,4640,4640,145,0,891000,FALSE,1,4889312,9703,718,0.2475,29.370277777777794,18560
2026-05-18T02:30:00Z,browser-e2e,4672,4672,4672,146,0,888000,FALSE,1,4893984,9849,718,0.24666666666666667,29.61694444444446,18688
2026-05-18T02:45:00Z,browser-e2e,4736,4736,4736,148,0,881000,FALSE,1,4898720,9997,718,0.24472222222222223,29.861666666666682,18944
2026-05-18T03:00:00Z,browser-e2e,4544,4544,4544,142,0,893000,FALSE,1,4903264,10139,718,0.24805555555555556,30.10972222222224,18176
2026-05-18T03:15:00Z,browser-e2e,4704,4704,4704,147,0,885000,FALSE,1,4907968,10286,718,0.24583333333333332,30.355555555555572,18816
2026-05-18T03:30:00Z,browser-e2e,4512,4512,4512,141,0,892000,FALSE,1,4912480,10427,718,0.2477777777777778,30.60333333333335,18048
2026-05-18T03:45:00Z,browser-e2e,4448,4448,4448,139,0,885000,FALSE,1,4916928,10566,718,0.24583333333333332,30.849166666666683,17792
2026-05-18T04:00:00Z,browser-e2e,4416,4416,4416,138,0,891000,FALSE,1,4921344,10704,718,0.2475,31.096666666666682,17664
2026-05-18T04:15:00Z,browser-e2e,4544,4544,4544,142,0,879000,FALSE,1,4925888,10846,718,0.24416666666666667,31.34083333333335,18176
2026-05-18T04:30:00Z,browser-e2e,4448,4448,4448,139,0,884000,FALSE,1,4930336,10985,718,0.24555555555555555,31.586388888888905,17792
2026-05-18T04:45:00Z,browser-e2e,4352,4352,4352,136,0,882000,FALSE,1,4934688,11121,718,0.245,31.831388888888906,17408
2026-05-18T05:00:00Z,browser-e2e,4512,4512,4512,141,0,898000,FALSE,1,4939200,11262,718,0.24944444444444444,32.08083333333335,18048
2026-05-18T05:15:00Z,browser-e2e,4448,4448,4448,139,0,886000,FALSE,1,4943648,11401,718,0.24611111111111111,32.326944444444464,17792
2026-05-18T05:30:00Z,browser-e2e,4352,4352,4352,136,0,888000,FALSE,1,4948000,11537,718,0.24666666666666667,32.573611111111134,17408
2026-05-18T05:45:00Z,browser-e2e,4416,4416,4416,138,0,888000,FALSE,1,4952416,11675,718,0.24666666666666667,32.820277777777804,17664
2026-05-18T06:00:00Z,browser-e2e,4448,4448,4448,139,0,884000,FALSE,1,4956864,11814,718,0.24555555555555555,33.06583333333336,17792
2026-05-18T06:15:00Z,browser-e2e,4576,4576,4576,143,0,889000,FALSE,1,4961440,11957,718,0.24694444444444444,33.312777777777804,18304
2026-05-18T06:30:00Z,browser-e2e,4448,4448,4448,139,0,882000,FALSE,1,4965888,12096,718,0.245,33.5577777777778,17792
2026-05-18T06:45:00Z,browser-e2e,4288,4288,4288,134,0,886000,FALSE,1,4970176,12230,718,0.24611111111111111,33.80388888888891,17152
2026-05-18T07:00:00Z,browser-e2e,4288,4288,4288,134,0,886000,FALSE,1,4974464,12364,718,0.24611111111111111,34.050000000000026,17152
2026-05-18T07:15:00Z,browser-e2e,4160,4160,4160,130,0,883000,FALSE,1,4978624,12494,718,0.2452777777777778,34.295277777777805,16640
2026-05-18T07:30:00Z,browser-e2e,4384,4384,4384,137,0,889000,FALSE,1,4983008,12631,718,0.24694444444444444,34.54222222222225,17536
2026-05-18T07:45:00Z,browser-e2e,4320,4320,4320,135,0,886000,FALSE,1,4987328,12766,718,0.24611111111111111,34.78833333333336,17280
2026-05-18T08:00:00Z,browser-e2e,4192,4192,4192,131,0,891000,FALSE,1,4991520,12897,718,0.2475,35.035833333333365,16768
2026-05-18T08:15:00Z,browser-e2e,4160,4160,4160,130,0,890000,FALSE,1,4995680,13027,718,0.24722222222222223,35.283055555555585,16640
2026-05-18T08:30:00Z,browser-e2e,4064,4064,4064,127,0,881000,FALSE,1,4999744,13154,718,0.24472222222222223,35.52777777777781,16256
2026-05-18T08:45:00Z,browser-e2e,4064,4064,4064,127,0,887000,FALSE,1,5003808,13281,718,0.24638888888888888,35.774166666666694,16256
2026-05-18T09:00:00Z,browser-e2e,4288,4288,4288,134,0,890000,FALSE,1,5008096,13415,718,0.24722222222222223,36.021388888888914,17152
2026-05-18T09:15:00Z,browser-e2e,3904,3904,3904,122,0,882000,FALSE,1,5012000,13537,718,0.245,36.26638888888891,15616
2026-05-18T09:30:00Z,browser-e2e,4032,4032,4032,126,0,895000,FALSE,1,5016032,13663,718,0.24861111111111112,36.51500000000002,16128
2026-05-18T09:45:00Z,browser-e2e,4096,4096,4096,128,0,884000,FALSE,1,5020128,13791,718,0.24555555555555555,36.76055555555558,16384
2026-05-18T10:00:00Z,browser-e2e,4640,4640,4640,145,0,893000,FALSE,1,5024768,13936,718,0.24805555555555556,37.00861111111113,18560
2026-05-18T10:15:00Z,browser-e2e,4256,4256,4256,133,0,887000,FALSE,1,5029024,14069,718,0.24638888888888888,37.25500000000002,17024
2026-05-18T10:30:00Z,browser-e2e,4288,4288,4288,134,0,884000,FALSE,1,5033312,14203,718,0.24555555555555555,37.50055555555557,17152
2026-05-18T10:45:00Z,browser-e2e,4192,4192,4192,131,0,889000,FALSE,1,5037504,14334,718,0.24694444444444444,37.74750000000002,16768
2026-05-18T11:00:00Z,browser-e2e,4224,4224,4224,132,0,888000,FALSE,1,5041728,14466,718,0.24666666666666667,37.994166666666686,16896
2026-05-18T11:15:00Z,browser-e2e,4160,4160,4160,130,0,882000,FALSE,1,5045888,14596,718,0.245,38.239166666666684,16640
2026-05-18T11:30:00Z,browser-e2e,4256,4256,4256,133,0,885000,FALSE,1,5050144,14729,718,0.24583333333333332,38.485000000000014,17024
2026-05-18T11:45:00Z,browser-e2e,4288,4288,4288,134,0,891000,FALSE,1,5054432,14863,718,0.2475,38.732500000000016,17152
2026-05-18T12:00:00Z,browser-e2e,4064,4064,4064,127,0,885000,FALSE,1,5058496,14990,718,0.24583333333333332,38.978333333333346,16256
2026-05-18T12:15:00Z,browser-e2e,4096,4096,4096,128,0,886000,FALSE,1,5062592,15118,718,0.24611111111111111,39.22444444444446,16384
2026-05-18T12:30:00Z,browser-e2e,4096,4096,4096,128,0,891000,FALSE,1,5066688,15246,718,0.2475,39.47194444444446,16384
2026-05-18T12:45:00Z,browser-e2e,4128,4128,4128,129,0,888000,FALSE,1,5070816,15375,718,0.24666666666666667,39.71861111111113,16512
2026-05-18T13:00:00Z,browser-e2e,4192,4192,4192,131,0,884000,FALSE,1,5075008,15506,718,0.24555555555555555,39.964166666666685,16768
2026-05-18T13:15:00Z,browser-e2e,4128,4128,4128,129,0,886000,FALSE,1,5079136,15635,718,0.24611111111111111,40.2102777777778,16512
2026-05-18T13:30:00Z,browser-e2e,4160,4160,4160,130,0,887000,FALSE,1,5083296,15765,718,0.24638888888888888,40.456666666666685,16640
2026-05-18T13:45:00Z,browser-e2e,4288,4288,4288,134,0,888000,FALSE,1,5087584,15899,718,0.24666666666666667,40.703333333333354,17152
2026-05-18T14:00:00Z,browser-e2e,4288,4288,4288,134,0,884000,FALSE,1,5091872,16033,718,0.24555555555555555,40.94888888888891,17152
2026-05-18T14:15:00Z,browser-e2e,4064,4064,4064,127,0,887000,FALSE,1,5095936,16160,718,0.24638888888888888,41.1952777777778,16256
2026-05-18T14:30:00Z,browser-e2e,4096,4096,4096,128,0,883000,FALSE,1,5100032,16288,718,0.2452777777777778,41.44055555555558,16384
2026-05-18T14:45:00Z,browser-e2e,3936,3936,3936,123,0,886000,FALSE,1,5103968,16411,718,0.24611111111111111,41.68666666666669,15744
2026-05-18T15:00:00Z,browser-e2e,4000,4000,4000,125,0,892000,FALSE,1,5107968,16536,718,0.2477777777777778,41.934444444444466,16000
2026-05-18T15:15:00Z,browser-e2e,3968,3968,3968,124,0,890000,FALSE,1,5111936,16660,718,0.24722222222222223,42.181666666666686,15872
2026-05-18T15:30:00Z,browser-e2e,3968,3968,3968,124,0,897000,FALSE,1,5115904,16784,718,0.24916666666666668,42.430833333333354,15872
2026-05-18T15:45:00Z,browser-e2e,3840,3840,3840,120,0,889000,FALSE,1,5119744,16904,718,0.24694444444444444,42.6777777777778,15360
2026-05-18T16:00:00Z,browser-e2e,3936,3936,3936,123,0,884000,FALSE,1,5123680,17027,718,0.24555555555555555,42.92333333333335,15744
2026-05-18T16:15:00Z,browser-e2e,4032,4032,4032,126,0,884000,FALSE,1,5127712,17153,718,0.24555555555555555,43.16888888888891,16128
2026-05-18T16:30:00Z,browser-e2e,3904,3904,3904,122,0,887000,FALSE,1,5131616,17275,718,0.24638888888888888,43.415277777777796,15616
2026-05-18T16:45:00Z,browser-e2e,4352,4352,4352,136,0,890000,FALSE,1,5135968,17411,718,0.24722222222222223,43.662500000000016,17408
2026-05-18T17:00:00Z,browser-e2e,3968,3968,3968,124,0,881000,FALSE,1,5139936,17535,718,0.24472222222222223,43.90722222222224,15872
2026-05-18T17:15:00Z,browser-e2e,4000,4000,4000,125,0,890000,FALSE,1,5143936,17660,718,0.24722222222222223,44.15444444444446,16000
2026-05-18T17:30:00Z,browser-e2e,4064,4064,4064,127,0,888000,FALSE,1,5148000,17787,718,0.24666666666666667,44.40111111111113,16256
2026-05-18T17:45:00Z,browser-e2e,3840,3840,3840,120,0,888000,FALSE,1,5151840,17907,718,0.24666666666666667,44.6477777777778,15360
2026-05-18T18:00:00Z,browser-e2e,4000,4000,4000,125,0,892000,FALSE,1,5155840,18032,718,0.2477777777777778,44.895555555555575,16000
2026-05-18T18:15:00Z,browser-e2e,3840,3840,3840,120,0,890000,FALSE,1,5159680,18152,718,0.24722222222222223,45.142777777777795,15360
2026-05-18T18:30:00Z,browser-e2e,3744,3744,3744,117,0,891000,FALSE,1,5163424,18269,718,0.2475,45.3902777777778,14976
2026-05-18T18:45:00Z,browser-e2e,3808,3808,3808,119,0,891000,FALSE,1,5167232,18388,718,0.2475,45.6377777777778,15232
2026-05-18T19:00:00Z,browser-e2e,3904,3904,3904,122,0,887000,FALSE,1,5171136,18510,718,0.24638888888888888,45.88416666666669,15616
2026-05-18T19:15:00Z,browser-e2e,4128,4128,4128,129,0,888000,FALSE,1,5175264,18639,718,0.24666666666666667,46.130833333333356,16512
2026-05-18T19:30:00Z,browser-e2e,4128,4128,4128,129,0,886000,FALSE,1,5179392,18768,718,0.24611111111111111,46.37694444444447,16512
2026-05-18T19:45:00Z,browser-e2e,3968,3968,3968,124,0,892000,FALSE,1,5183360,18892,718,0.2477777777777778,46.624722222222246,15872
2026-05-18T20:00:00Z,browser-e2e,3936,3936,3936,123,0,885000,FALSE,1,5187296,19015,718,0.24583333333333332,46.870555555555576,15744
2026-05-18T20:15:00Z,browser-e2e,4000,4000,4000,125,0,890000,FALSE,1,5191296,19140,718,0.24722222222222223,47.117777777777796,16000
2026-05-18T20:30:00Z,browser-e2e,3904,3904,3904,122,0,892000,FALSE,1,5195200,19262,718,0.2477777777777778,47.365555555555574,15616
2026-05-18T20:45:00Z,browser-e2e,4032,4032,4032,126,0,896000,FALSE,1,5199232,19388,718,0.24888888888888888,47.614444444444466,16128
2026-05-18T21:00:00Z,browser-e2e,4128,4128,4128,129,0,887000,FALSE,1,5203360,19517,718,0.24638888888888888,47.86083333333335,16512
2026-05-18T21:15:00Z,browser-e2e,4128,4128,4128,129,0,891000,FALSE,1,5207488,19646,718,0.2475,48.108333333333356,16512
2026-05-18T21:30:00Z,browser-e2e,4064,4064,4064,127,0,885000,FALSE,1,5211552,19773,718,0.24583333333333332,48.354166666666686,16256
2026-05-18T21:45:00Z,browser-e2e,4000,4000,4000,125,0,890000,FALSE,1,5215552,19898,718,0.24722222222222223,48.601388888888906,16000
2026-05-18T22:00:00Z,browser-e2e,4032,4032,4032,126,0,897000,FALSE,1,5219584,20024,718,0.24916666666666668,48.85055555555557,16128
2026-05-18T22:15:00Z,browser-e2e,3936,3936,3936,123,0,882000,FALSE,1,5223520,20147,718,0.245,49.09555555555557,15744
2026-05-18T22:30:00Z,browser-e2e,4000,4000,4000,125,0,889000,FALSE,1,5227520,20272,718,0.24694444444444444,49.342500000000015,16000
2026-05-18T22:45:00Z,browser-e2e,3936,3936,3936,123,0,891000,FALSE,1,5231456,20395,718,0.2475,49.59000000000002,15744
2026-05-18T23:00:00Z,browser-e2e,3776,3776,3776,118,0,886000,FALSE,1,5235232,20513,718,0.24611111111111111,49.83611111111113,15104
2026-05-18T23:15:00Z,browser-e2e,3744,3744,3744,117,0,887000,FALSE,1,5238976,20630,718,0.24638888888888888,50.08250000000002,14976
2026-05-18T23:30:00Z,browser-e2e,3872,3872,3872,121,0,889000,FALSE,1,5242848,20751,718,0.24694444444444444,50.32944444444446,15488
2026-05-18T23:45:00Z,browser-e2e,3680,3680,3680,115,0,886000,FALSE,1,5246528,20866,718,0.24611111111111111,50.575555555555574,14720
2026-05-19T00:00:00Z,browser-e2e,3680,3680,3680,115,0,890000,FALSE,1,5250208,20981,718,0.24722222222222223,50.822777777777794,14720
2026-05-19T00:15:00Z,browser-e2e,3680,3680,3680,115,0,888000,FALSE,1,5253888,21096,718,0.24666666666666667,51.069444444444464,14720
2026-05-19T00:30:00Z,browser-e2e,3616,3616,3616,113,0,891000,FALSE,1,5257504,21209,718,0.2475,51.31694444444447,14464
2026-05-19T00:45:00Z,browser-e2e,3680,3680,3680,115,0,892000,FALSE,1,5261184,21324,718,0.2477777777777778,51.564722222222244,14720
2026-05-19T01:00:00Z,browser-e2e,3552,3552,3552,111,0,879000,FALSE,1,5264736,21435,718,0.24416666666666667,51.80888888888891,14208
2026-05-19T01:15:00Z,browser-e2e,3584,3584,3584,112,0,888000,FALSE,1,5268320,21547,718,0.24666666666666667,52.05555555555558,14336
2026-05-19T01:30:00Z,browser-e2e,3776,3776,3776,118,0,889000,FALSE,1,5272096,21665,718,0.24694444444444444,52.30250000000002,15104
2026-05-19T01:45:00Z,browser-e2e,4000,4000,4000,125,0,885000,FALSE,1,5276096,21790,718,0.24583333333333332,52.54833333333335,16000
2026-05-19T02:00:00Z,browser-e2e,3840,3840,3840,120,0,886000,FALSE,1,5279936,21910,718,0.24611111111111111,52.794444444444466,15360
2026-05-19T02:15:00Z,browser-e2e,3744,3744,3744,117,0,884000,FALSE,1,5283680,22027,718,0.24555555555555555,53.04000000000002,14976
2026-05-19T02:30:00Z,browser-e2e,3840,3840,3840,120,0,894000,FALSE,1,5287520,22147,718,0.24833333333333332,53.288333333333355,15360
2026-05-19T02:45:00Z,browser-e2e,3808,3808,3808,119,0,883000,FALSE,1,5291328,22266,718,0.2452777777777778,53.533611111111135,15232
2026-05-19T03:00:00Z,browser-e2e,3776,3776,3776,118,0,892000,FALSE,1,5295104,22384,718,0.2477777777777778,53.78138888888891,15104
2026-05-19T03:15:00Z,browser-e2e,3904,3904,3904,122,0,888000,FALSE,1,5299008,22506,718,0.24666666666666667,54.02805555555558,15616
2026-05-19T03:30:00Z,browser-e2e,3840,3840,3840,120,0,881000,FALSE,1,5302848,22626,718,0.24472222222222223,54.272777777777804,15360
2026-05-19T03:45:00Z,browser-e2e,3744,3744,3744,117,0,889000,FALSE,1,5306592,22743,718,0.24694444444444444,54.51972222222225,14976
2026-05-19T04:00:00Z,browser-e2e,3712,3712,3712,116,0,895000,FALSE,1,5310304,22859,718,0.24861111111111112,54.76833333333336,14848
2026-05-19T04:15:00Z,browser-e2e,3744,3744,3744,117,0,894000,FALSE,1,5314048,22976,718,0.24833333333333332,55.016666666666694,14976
2026-05-19T04:30:00Z,browser-e2e,3648,3648,3648,114,0,882000,FALSE,1,5317696,23090,718,0.245,55.26166666666669,14592
2026-05-19T04:45:00Z,browser-e2e,3712,3712,3712,116,0,887000,FALSE,1,5321408,23206,718,0.24638888888888888,55.50805555555558,14848
2026-05-19T05:00:00Z,browser-e2e,3744,3744,3744,117,0,888000,FALSE,1,5325152,23323,718,0.24666666666666667,55.75472222222225,14976
2026-05-19T05:15:00Z,browser-e2e,3680,3680,3680,115,0,892000,FALSE,1,5328832,23438,718,0.2477777777777778,56.002500000000026,14720
2026-05-19T05:30:00Z,browser-e2e,3552,3552,3552,111,0,887000,FALSE,1,5332384,23549,718,0.24638888888888888,56.248888888888914,14208
2026-05-19T05:45:00Z,browser-e2e,3584,3584,3584,112,0,889000,FALSE,1,5335968,23661,718,0.24694444444444444,56.49583333333336,14336
2026-05-19T06:00:00Z,browser-e2e,3584,3584,3584,112,0,888000,FALSE,1,5339552,23773,718,0.24666666666666667,56.74250000000003,14336
2026-05-19T06:15:00Z,browser-e2e,3680,3680,3680,115,0,888000,FALSE,1,5343232,23888,718,0.24666666666666667,56.9891666666667,14720
2026-05-19T06:30:00Z,browser-e2e,3616,3616,3616,113,0,894000,FALSE,1,5346848,24001,718,0.24833333333333332,57.23750000000003,14464
2026-05-19T06:45:00Z,browser-e2e,3424,3424,3424,107,0,843000,FALSE,1,5350272,24108,718,0.23416666666666666,57.4716666666667,13696
2026-05-19T07:00:00Z,browser-e2e,3616,3616,3616,113,0,885000,FALSE,1,5353888,24221,718,0.24583333333333332,57.71750000000003,14464
2026-05-19T07:15:00Z,browser-e2e,3616,3616,3616,113,0,894000,FALSE,1,5357504,24334,718,0.24833333333333332,57.965833333333364,14464
2026-05-19T07:30:00Z,browser-e2e,3744,3744,3744,117,0,893000,FALSE,1,5361248,24451,718,0.24805555555555556,58.21388888888892,14976
2026-05-19T07:45:00Z,browser-e2e,3712,3712,3712,116,0,889000,FALSE,1,5364960,24567,718,0.24694444444444444,58.46083333333336,14848
2026-05-19T08:00:00Z,browser-e2e,3584,3584,3584,112,0,881000,FALSE,1,5368544,24679,718,0.24472222222222223,58.705555555555584,14336
2026-05-19T08:15:00Z,browser-e2e,3712,3712,3712,116,0,891000,FALSE,1,5372256,24795,718,0.2475,58.953055555555586,14848
2026-05-19T08:30:00Z,browser-e2e,2432,2432,2240,76,6,702000,FALSE,1,5374688,24871,724,0.195,59.14805555555559,9728
2026-05-19T08:45:00Z,browser-e2e,1696,1696,1344,53,11,508000,FALSE,1,5376384,24924,735,0.1411111111111111,59.289166666666695,6784
2026-05-19T09:00:00Z,browser-e2e,3520,3520,3520,110,0,895000,FALSE,1,5379904,25034,735,0.24861111111111112,59.537777777777805,14080
2026-05-19T09:15:00Z,browser-e2e,3072,3072,2816,96,8,848000,FALSE,1,5382976,25130,743,0.23555555555555555,59.77333333333336,12288
2026-05-19T09:30:00Z,browser-e2e,1536,1536,64,48,46,663000,FALSE,1,5384512,25178,789,0.18416666666666667,59.95750000000003,6144
2026-05-19T09:45:00Z,browser-e2e,1568,1568,128,49,45,679000,FALSE,1,5386080,25227,834,0.18861111111111112,60.14611111111114,6272
2026-05-19T10:00:00Z,browser-e2e,1536,1536,96,48,45,675000,FALSE,1,5387616,25275,879,0.1875,60.33361111111114,6144
2026-05-19T10:15:00Z,browser-e2e,1536,1536,64,48,46,662000,FALSE,1,5389152,25323,925,0.18388888888888888,60.51750000000003,6144
2026-05-19T10:30:00Z,browser-e2e,1504,1504,128,47,43,665000,FALSE,1,5390656,25370,968,0.18472222222222223,60.70222222222225,6016
2026-05-19T10:45:00Z,browser-e2e,1536,1536,160,48,43,680000,FALSE,1,5392192,25418,1011,0.18888888888888888,60.89111111111114,6144
2026-05-19T11:00:00Z,browser-e2e,1376,1376,128,43,39,696000,FALSE,1,5393568,25461,1050,0.19333333333333333,61.08444444444447,5504
2026-05-19T11:15:00Z,browser-e2e,1408,1408,0,44,44,689000,FALSE,1,5394976,25505,1094,0.1913888888888889,61.27583333333336,5632
2026-05-19T11:30:00Z,browser-e2e,1408,1408,192,44,38,713000,FALSE,1,5396384,25549,1132,0.19805555555555557,61.473888888888915,5632
2026-05-19T11:45:00Z,browser-e2e,1344,1344,64,42,40,677000,FALSE,1,5397728,25591,1172,0.18805555555555556,61.66194444444447,5376
2026-05-19T12:00:00Z,browser-e2e,1344,1344,32,42,41,693000,FALSE,1,5399072,25633,1213,0.1925,61.854444444444475,5376
2026-05-19T12:15:00Z,browser-e2e,1408,1408,0,44,44,674000,FALSE,1,5400480,25677,1257,0.18722222222222223,62.0416666666667,5632
2026-05-19T12:30:00Z,browser-e2e,1344,1344,64,42,40,699000,FALSE,1,5401824,25719,1297,0.19416666666666665,62.23583333333337,5376
2026-05-19T12:45:00Z,browser-e2e,1472,1472,64,46,44,673000,FALSE,1,5403296,25765,1341,0.18694444444444444,62.42277777777781,5888
2026-05-19T13:00:00Z,browser-e2e,1440,1440,64,45,43,680000,FALSE,1,5404736,25810,1384,0.18888888888888888,62.6116666666667,5760
2026-05-19T13:15:00Z,browser-e2e,1472,1472,96,46,43,696000,FALSE,1,5406208,25856,1427,0.19333333333333333,62.805000000000035,5888
2026-05-19T13:30:00Z,browser-e2e,1440,1440,160,45,40,690000,FALSE,1,5407648,25901,1467,0.19166666666666668,62.996666666666705,5760
2026-05-19T13:45:00Z,browser-e2e,1440,1440,320,45,35,721000,FALSE,1,5409088,25946,1502,0.20027777777777778,63.19694444444448,5760
2026-05-19T14:00:00Z,browser-e2e,1344,1344,192,42,36,716000,FALSE,1,5410432,25988,1538,0.1988888888888889,63.39583333333337,5376
2026-05-19T14:15:00Z,browser-e2e,1344,1344,64,42,40,698000,FALSE,1,5411776,26030,1578,0.1938888888888889,63.58972222222226,5376
2026-05-19T14:30:00Z,browser-e2e,1376,1376,32,43,42,687000,FALSE,1,5413152,26073,1620,0.19083333333333333,63.78055555555559,5504
2026-05-19T14:45:00Z,browser-e2e,1344,1344,32,42,41,691000,FALSE,1,5414496,26115,1661,0.19194444444444445,63.97250000000003,5376
2026-05-19T15:00:00Z,browser-e2e,1344,1344,128,42,38,695000,FALSE,1,5415840,26157,1699,0.19305555555555556,64.16555555555558,5376
2026-05-19T15:15:00Z,browser-e2e,1376,1376,128,43,39,708000,FALSE,1,5417216,26200,1738,0.19666666666666666,64.36222222222226,5504
2026-05-19T15:30:00Z,browser-e2e,1376,1376,32,43,42,680000,FALSE,1,5418592,26243,1780,0.18888888888888888,64.55111111111114,5504
2026-05-19T15:45:00Z,browser-e2e,1408,1408,128,44,40,704000,FALSE,1,5420000,26287,1820,0.19555555555555557,64.7466666666667,5632
2026-05-19T16:00:00Z,browser-e2e,1408,1408,64,44,42,692000,FALSE,1,5421408,26331,1862,0.1922222222222222,64.93888888888893,5632
2026-05-19T16:15:00Z,browser-e2e,1376,1376,0,43,43,674000,FALSE,1,5422784,26374,1905,0.18722222222222223,65.12611111111114,5504
2026-05-19T16:30:00Z,browser-e2e,1408,1408,96,44,41,693000,FALSE,1,5424192,26418,1946,0.1925,65.31861111111114,5632
2026-05-19T16:45:00Z,browser-e2e,1440,1440,192,45,39,690000,FALSE,1,5425632,26463,1985,0.19166666666666668,65.5102777777778,5760
2026-05-19T17:00:00Z,browser-e2e,1440,1440,96,45,42,690000,FALSE,1,5427072,26508,2027,0.19166666666666668,65.70194444444446,5760
2026-05-19T17:15:00Z,browser-e2e,1408,1408,96,44,41,699000,FALSE,1,5428480,26552,2068,0.19416666666666665,65.89611111111113,5632
2026-05-19T17:30:00Z,browser-e2e,1408,1408,160,44,39,696000,FALSE,1,5429888,26596,2107,0.19333333333333333,66.08944444444445,5632
2026-05-19T17:45:00Z,browser-e2e,1440,1440,128,45,41,697000,FALSE,1,5431328,26641,2148,0.19361111111111112,66.28305555555556,5760
2026-05-19T18:00:00Z,browser-e2e,1408,1408,128,44,40,694000,FALSE,1,5432736,26685,2188,0.19277777777777777,66.47583333333334,5632
2026-05-19T18:15:00Z,browser-e2e,1408,1408,128,44,40,696000,FALSE,1,5434144,26729,2228,0.19333333333333333,66.66916666666667,5632
2026-05-19T18:30:00Z,browser-e2e,1344,1344,128,42,38,697000,FALSE,1,5435488,26771,2266,0.19361111111111112,66.86277777777778,5376
2026-05-19T18:45:00Z,browser-e2e,1376,1376,96,43,40,709000,FALSE,1,5436864,26814,2306,0.19694444444444445,67.05972222222222,5504
2026-05-19T19:00:00Z,browser-e2e,1344,1344,192,42,36,710000,FALSE,1,5438208,26856,2342,0.19722222222222222,67.25694444444444,5376
2026-05-19T19:15:00Z,browser-e2e,1504,1504,160,47,42,691000,FALSE,1,5439712,26903,2384,0.19194444444444445,67.44888888888889,6016
2026-05-19T19:30:00Z,browser-e2e,1472,1472,64,46,44,663000,FALSE,1,5441184,26949,2428,0.18416666666666667,67.63305555555556,5888
2026-05-19T19:45:00Z,browser-e2e,1344,1344,64,42,40,705000,FALSE,1,5442528,26991,2468,0.19583333333333333,67.8288888888889,5376
2026-05-19T20:00:00Z,browser-e2e,1376,1376,64,43,41,684000,FALSE,1,5443904,27034,2509,0.19,68.0188888888889,5504
2026-05-19T20:15:00Z,browser-e2e,1440,1440,352,45,34,673000,FALSE,1,5445344,27079,2543,0.18694444444444444,68.20583333333335,5760
2026-05-19T20:30:00Z,browser-e2e,544,544,544,17,0,174000,FALSE,1,5445888,27096,2543,0.04833333333333333,68.25416666666668,2176
2026-05-19T20:45:00Z,browser-e2e,3456,3456,3456,108,0,883000,FALSE,1,5449344,27204,2543,0.2452777777777778,68.49944444444445,13824
2026-05-19T21:00:00Z,browser-e2e,3456,3456,3456,108,0,895000,FALSE,1,5452800,27312,2543,0.24861111111111112,68.74805555555557,13824
2026-05-19T21:15:00Z,browser-e2e,1088,1088,576,34,16,410000,FALSE,1,5453888,27346,2559,0.11388888888888889,68.86194444444446,4352
2026-05-19T21:30:00Z,browser-e2e,672,672,32,21,20,309000,FALSE,1,5454560,27367,2579,0.08583333333333333,68.94777777777779,2688
2026-05-19T21:45:00Z,browser-e2e,640,640,0,20,20,286000,FALSE,1,5455200,27387,2599,0.07944444444444444,69.02722222222224,2560
2026-05-19T22:00:00Z,browser-e2e,736,736,128,23,19,350000,FALSE,1,5455936,27410,2618,0.09722222222222222,69.12444444444446,2944
2026-05-19T22:15:00Z,browser-e2e,640,640,0,20,20,305000,FALSE,1,5456576,27430,2638,0.08472222222222223,69.20916666666669,2560
2026-05-19T22:30:00Z,browser-e2e,640,640,32,20,19,312000,FALSE,1,5457216,27450,2657,0.08666666666666667,69.29583333333336,2560
2026-05-19T22:45:00Z,browser-e2e,672,672,64,21,19,338000,FALSE,1,5457888,27471,2676,0.09388888888888888,69.38972222222225,2688
2026-05-19T23:00:00Z,browser-e2e,608,608,0,19,19,308000,FALSE,1,5458496,27490,2695,0.08555555555555555,69.4752777777778,2432
2026-05-19T23:15:00Z,browser-e2e,640,640,32,20,19,322000,FALSE,1,5459136,27510,2714,0.08944444444444444,69.56472222222224,2560
2026-05-19T23:30:00Z,browser-e2e,672,672,32,21,20,328000,FALSE,1,5459808,27531,2734,0.09111111111111111,69.65583333333335,2688
2026-05-19T23:45:00Z,browser-e2e,640,640,32,20,19,329000,FALSE,1,5460448,27551,2753,0.0913888888888889,69.74722222222223,2560
2026-05-20T00:00:00Z,browser-e2e,640,640,32,20,19,309000,FALSE,1,5461088,27571,2772,0.08583333333333333,69.83305555555556,2560
2026-05-20T00:15:00Z,browser-e2e,704,704,96,22,19,341000,FALSE,1,5461792,27593,2791,0.09472222222222222,69.92777777777778,2816
2026-05-20T00:30:00Z,browser-e2e,672,672,64,21,19,329000,FALSE,1,5462464,27614,2810,0.0913888888888889,70.01916666666666,2688
2026-05-20T00:45:00Z,browser-e2e,608,608,32,19,18,326000,FALSE,1,5463072,27633,2828,0.09055555555555556,70.10972222222222,2432
2026-05-20T01:00:00Z,browser-e2e,640,640,0,20,20,326000,FALSE,1,5463712,27653,2848,0.09055555555555556,70.20027777777777,2560
2026-05-20T01:15:00Z,browser-e2e,704,704,128,22,18,347000,FALSE,1,5464416,27675,2866,0.09638888888888889,70.29666666666667,2816
2026-05-20T01:30:00Z,browser-e2e,640,640,0,20,20,320000,FALSE,1,5465056,27695,2886,0.08888888888888889,70.38555555555556,2560
2026-05-20T01:45:00Z,browser-e2e,608,608,0,19,19,303000,FALSE,1,5465664,27714,2905,0.08416666666666667,70.46972222222222,2432
2026-05-20T02:00:00Z,browser-e2e,704,704,128,22,18,348000,FALSE,1,5466368,27736,2923,0.09666666666666666,70.56638888888888,2816
2026-05-20T02:15:00Z,browser-e2e,672,672,64,21,19,355000,FALSE,1,5467040,27757,2942,0.09861111111111111,70.66499999999999,2688
2026-05-20T02:30:00Z,browser-e2e,640,640,64,20,18,336000,FALSE,1,5467680,27777,2960,0.09333333333333334,70.75833333333333,2560
2026-05-20T02:45:00Z,browser-e2e,608,608,0,19,19,323000,FALSE,1,5468288,27796,2979,0.08972222222222222,70.84805555555555,2432
2026-05-20T03:00:00Z,browser-e2e,608,608,0,19,19,335000,FALSE,1,5468896,27815,2998,0.09305555555555556,70.9411111111111,2432
2026-05-20T03:15:00Z,browser-e2e,640,640,32,20,19,350000,FALSE,1,5469536,27835,3017,0.09722222222222222,71.03833333333333,2560
2026-05-20T03:30:00Z,browser-e2e,608,608,0,19,19,316000,FALSE,1,5470144,27854,3036,0.08777777777777777,71.1261111111111,2432
2026-05-20T03:45:00Z,browser-e2e,640,640,0,20,20,316000,FALSE,1,5470784,27874,3056,0.08777777777777777,71.21388888888887,2560
2026-05-20T04:00:00Z,browser-e2e,608,608,0,19,19,316000,FALSE,1,5471392,27893,3075,0.08777777777777777,71.30166666666665,2432
2026-05-20T04:15:00Z,browser-e2e,640,640,64,20,18,332000,FALSE,1,5472032,27913,3093,0.09222222222222222,71.39388888888887,2560
2026-05-20T04:30:00Z,browser-e2e,640,640,0,20,20,334000,FALSE,1,5472672,27933,3113,0.09277777777777778,71.48666666666665,2560
2026-05-20T04:45:00Z,browser-e2e,608,608,32,19,18,334000,FALSE,1,5473280,27952,3131,0.09277777777777778,71.57944444444443,2432
2026-05-20T05:00:00Z,browser-e2e,640,640,32,20,19,336000,FALSE,1,5473920,27972,3150,0.09333333333333334,71.67277777777777,2560
2026-05-20T05:15:00Z,browser-e2e,640,640,32,20,19,339000,FALSE,1,5474560,27992,3169,0.09416666666666666,71.76694444444443,2560
2026-05-20T05:30:00Z,browser-e2e,608,608,32,19,18,322000,FALSE,1,5475168,28011,3187,0.08944444444444444,71.85638888888887,2432
2026-05-20T05:45:00Z,browser-e2e,640,640,0,20,20,339000,FALSE,1,5475808,28031,3207,0.09416666666666666,71.95055555555554,2560
2026-05-20T06:00:00Z,browser-e2e,608,608,32,19,18,319000,FALSE,1,5476416,28050,3225,0.08861111111111111,72.03916666666665,2432
2026-05-20T06:15:00Z,browser-e2e,672,672,64,21,19,334000,FALSE,1,5477088,28071,3244,0.09277777777777778,72.13194444444443,2688
2026-05-20T06:30:00Z,browser-e2e,736,736,128,23,19,364000,FALSE,1,5477824,28094,3263,0.10111111111111111,72.23305555555554,2944
2026-05-20T06:45:00Z,browser-e2e,672,672,96,21,18,316000,FALSE,1,5478496,28115,3281,0.08777777777777777,72.32083333333331,2688
2026-05-20T07:00:00Z,browser-e2e,704,704,96,22,19,330000,FALSE,1,5479200,28137,3300,0.09166666666666666,72.41249999999998,2816
2026-05-20T07:15:00Z,browser-e2e,800,800,224,25,18,376000,FALSE,1,5480000,28162,3318,0.10444444444444445,72.51694444444442,3200
2026-05-20T07:30:00Z,browser-e2e,736,736,128,23,19,346000,FALSE,1,5480736,28185,3337,0.0961111111111111,72.61305555555553,2944
2026-05-20T07:45:00Z,browser-e2e,608,608,0,19,19,290000,FALSE,1,5481344,28204,3356,0.08055555555555556,72.69361111111108,2432
2026-05-20T08:00:00Z,browser-e2e,704,704,64,22,20,332000,FALSE,1,5482048,28226,3376,0.09222222222222222,72.7858333333333,2816
2026-05-20T08:15:00Z,browser-e2e,608,608,0,19,19,293000,FALSE,1,5482656,28245,3395,0.08138888888888889,72.8672222222222,2432
2026-05-20T08:30:00Z,browser-e2e,640,640,0,20,20,326000,FALSE,1,5483296,28265,3415,0.09055555555555556,72.95777777777775,2560
2026-05-20T08:45:00Z,browser-e2e,640,640,32,20,19,328000,FALSE,1,5483936,28285,3434,0.09111111111111111,73.04888888888885,2560
2026-05-20T09:00:00Z,browser-e2e,640,640,32,20,19,318000,FALSE,1,5484576,28305,3453,0.08833333333333333,73.13722222222219,2560
2026-05-20T09:15:00Z,browser-e2e,608,608,0,19,19,301000,FALSE,1,5485184,28324,3472,0.08361111111111111,73.2208333333333,2432
2026-05-20T09:30:00Z,browser-e2e,704,704,96,22,19,373000,FALSE,1,5485888,28346,3491,0.10361111111111111,73.32444444444441,2816
2026-05-20T09:45:00Z,browser-e2e,608,608,32,19,18,315000,FALSE,1,5486496,28365,3509,0.0875,73.41194444444442,2432
2026-05-20T10:00:00Z,browser-e2e,672,672,64,21,19,365000,FALSE,1,5487168,28386,3528,0.10138888888888889,73.5133333333333,2688
2026-05-20T10:15:00Z,browser-e2e,640,640,64,20,18,338000,FALSE,1,5487808,28406,3546,0.09388888888888888,73.60722222222219,2560
2026-05-20T10:30:00Z,browser-e2e,608,608,0,19,19,308000,FALSE,1,5488416,28425,3565,0.08555555555555555,73.69277777777775,2432
2026-05-20T10:45:00Z,browser-e2e,640,640,32,20,19,331000,FALSE,1,5489056,28445,3584,0.09194444444444444,73.7847222222222,2560
2026-05-20T11:00:00Z,browser-e2e,672,672,32,21,20,333000,FALSE,1,5489728,28466,3604,0.0925,73.8772222222222,2688
2026-05-20T11:15:00Z,browser-e2e,672,672,96,21,18,337000,FALSE,1,5490400,28487,3622,0.09361111111111112,73.97083333333332,2688
2026-05-20T11:30:00Z,browser-e2e,640,640,0,20,20,313000,FALSE,1,5491040,28507,3642,0.08694444444444445,74.05777777777776,2560
2026-05-20T11:45:00Z,browser-e2e,640,640,32,20,19,310000,FALSE,1,5491680,28527,3661,0.08611111111111111,74.14388888888887,2560
2026-05-20T12:00:00Z,browser-e2e,640,640,32,20,19,322000,FALSE,1,5492320,28547,3680,0.08944444444444444,74.2333333333333,2560
2026-05-20T12:15:00Z,browser-e2e,640,640,0,20,20,316000,FALSE,1,5492960,28567,3700,0.08777777777777777,74.32111111111108,2560
2026-05-20T12:30:00Z,browser-e2e,640,640,0,20,20,313000,FALSE,1,5493600,28587,3720,0.08694444444444445,74.40805555555552,2560
2026-05-20T12:45:00Z,browser-e2e,608,608,0,19,19,295000,FALSE,1,5494208,28606,3739,0.08194444444444444,74.48999999999997,2432
2026-05-20T13:00:00Z,browser-e2e,704,704,96,22,19,354000,FALSE,1,5494912,28628,3758,0.09833333333333333,74.5883333333333,2816
2026-05-20T13:15:00Z,browser-e2e,672,672,96,21,18,333000,FALSE,1,5495584,28649,3776,0.0925,74.6808333333333,2688
2026-05-20T13:30:00Z,browser-e2e,704,704,96,22,19,344000,FALSE,1,5496288,28671,3795,0.09555555555555556,74.77638888888885,2816
2026-05-20T13:45:00Z,browser-e2e,672,672,64,21,19,340000,FALSE,1,5496960,28692,3814,0.09444444444444444,74.8708333333333,2688
2026-05-20T14:00:00Z,browser-e2e,640,640,32,20,19,318000,FALSE,1,5497600,28712,3833,0.08833333333333333,74.95916666666663,2560
2026-05-20T14:15:00Z,browser-e2e,608,608,0,19,19,304000,FALSE,1,5498208,28731,3852,0.08444444444444445,75.04361111111108,2432
2026-05-20T14:30:00Z,browser-e2e,672,672,64,21,19,333000,FALSE,1,5498880,28752,3871,0.0925,75.13611111111108,2688
2026-05-20T14:45:00Z,browser-e2e,704,704,96,22,19,351000,FALSE,1,5499584,28774,3890,0.0975,75.23361111111107,2816
2026-05-20T15:00:00Z,browser-e2e,640,640,32,20,19,316000,FALSE,1,5500224,28794,3909,0.08777777777777777,75.32138888888885,2560
2026-05-20T15:15:00Z,browser-e2e,1824,1824,1632,57,6,613000,FALSE,1,5502048,28851,3915,0.17027777777777778,75.49166666666663,7296
2026-05-20T15:30:00Z,browser-e2e,2944,2944,2944,92,0,893000,FALSE,1,5504992,28943,3915,0.24805555555555556,75.73972222222218,11776
2026-05-20T15:45:00Z,browser-e2e,2880,2880,2880,90,0,887000,FALSE,1,5507872,29033,3915,0.24638888888888888,75.98611111111107,11520
2026-05-20T16:00:00Z,browser-e2e,2976,2976,2976,93,0,892000,FALSE,1,5510848,29126,3915,0.2477777777777778,76.23388888888886,11904
2026-05-20T16:15:00Z,browser-e2e,2912,2912,2912,91,0,894000,FALSE,1,5513760,29217,3915,0.24833333333333332,76.48222222222219,11648
2026-05-20T16:30:00Z,browser-e2e,2848,2848,2848,89,0,885000,FALSE,1,5516608,29306,3915,0.24583333333333332,76.72805555555553,11392
2026-05-20T16:45:00Z,browser-e2e,1728,1728,1248,54,15,682000,FALSE,1,5518336,29360,3930,0.18944444444444444,76.91749999999998,6912
2026-05-20T17:00:00Z,browser-e2e,960,960,96,30,27,496000,FALSE,1,5519296,29390,3957,0.13777777777777778,77.05527777777775,3840
2026-05-20T17:15:00Z,browser-e2e,960,960,96,30,27,477000,FALSE,1,5520256,29420,3984,0.1325,77.18777777777774,3840
2026-05-20T17:30:00Z,browser-e2e,928,928,32,29,28,484000,FALSE,1,5521184,29449,4012,0.13444444444444445,77.32222222222218,3712
2026-05-20T17:45:00Z,browser-e2e,864,864,0,27,27,480000,FALSE,1,5522048,29476,4039,0.13333333333333333,77.45555555555552,3456
2026-05-20T18:00:00Z,browser-e2e,928,928,64,29,27,507000,FALSE,1,5522976,29505,4066,0.14083333333333334,77.59638888888885,3712
2026-05-20T18:15:00Z,browser-e2e,896,896,0,28,28,471000,FALSE,1,5523872,29533,4094,0.13083333333333333,77.72722222222218,3584
2026-05-20T18:30:00Z,browser-e2e,960,960,64,30,28,483000,FALSE,1,5524832,29563,4122,0.13416666666666666,77.86138888888885,3840
2026-05-20T18:45:00Z,browser-e2e,128,128,32,4,3,65000,FALSE,1,5524960,29567,4125,0.018055555555555554,77.8794444444444,512
2026-05-20T19:00:00Z,browser-e2e,64,64,64,2,0,18000,FALSE,1,5525024,29569,4125,0.005,77.8844444444444,256
2026-05-20T19:15:00Z,browser-e2e,0,0,0,0,0,0,FALSE,0,5525024,29569,4125,0,77.8844444444444,0
2026-05-20T19:30:00Z,browser-e2e,0,0,0,0,0,0,FALSE,0,5525024,29569,4125,0,77.8844444444444,0
2026-05-20T19:45:00Z,browser-e2e,0,0,0,0,0,0,FALSE,0,5525024,29569,4125,0,77.8844444444444,0
2026-05-20T20:00:00Z,browser-e2e,0,0,0,0,0,0,FALSE,0,5525024,29569,4125,0,77.8844444444444,0
2026-05-20T20:15:00Z,browser-e2e,0,0,0,0,0,0,FALSE,0,5525024,29569,4125,0,77.8844444444444,0
2026-05-20T20:30:00Z,browser-e2e,1120,1120,1120,35,0,304000,FALSE,1,5526144,29604,4125,0.08444444444444445,77.96888888888884,4480
2026-05-20T20:45:00Z,browser-e2e,1952,1952,1952,61,0,504000,FALSE,1,5528096,29665,4125,0.14,78.10888888888884,7808
2026-05-20T21:00:00Z,browser-e2e,2400,2400,2400,75,0,611000,FALSE,1,5530496,29740,4125,0.16972222222222222,78.27861111111106,9600
2026-05-20T21:15:00Z,browser-e2e,2656,2656,2656,83,0,667000,FALSE,1,5533152,29823,4125,0.1852777777777778,78.46388888888885,10624
2026-05-20T21:30:00Z,browser-e2e,3040,3040,3040,95,0,770000,FALSE,1,5536192,29918,4125,0.21388888888888888,78.67777777777773,12160
2026-05-20T21:45:00Z,browser-e2e,2976,2976,2976,93,0,775000,FALSE,1,5539168,30011,4125,0.2152777777777778,78.8930555555555,11904
2026-05-20T22:00:00Z,browser-e2e,3456,3456,3456,108,0,887000,FALSE,1,5542624,30119,4125,0.24638888888888888,79.1394444444444,13824
2026-05-20T22:15:00Z,browser-e2e,2976,2976,2976,93,0,763000,FALSE,1,5545600,30212,4125,0.21194444444444444,79.35138888888883,11904
2026-05-20T22:30:00Z,browser-e2e,2336,2336,2336,73,0,614000,FALSE,1,5547936,30285,4125,0.17055555555555554,79.52194444444439,9344
2026-05-20T22:45:00Z,browser-e2e,3040,3040,3040,95,0,803000,FALSE,1,5550976,30380,4125,0.22305555555555556,79.74499999999995,12160
2026-05-20T23:00:00Z,browser-e2e,2368,2368,2368,74,0,610000,FALSE,1,5553344,30454,4125,0.16944444444444445,79.9144444444444,9472
2026-05-20T23:15:00Z,browser-e2e,2592,2592,2592,81,0,687000,FALSE,1,5555936,30535,4125,0.19083333333333333,80.10527777777773,10368
2026-05-20T23:30:00Z,browser-e2e,3136,3136,3136,98,0,805000,FALSE,1,5559072,30633,4125,0.22361111111111112,80.32888888888884,12544
2026-05-20T23:45:00Z,browser-e2e,1984,1984,1984,62,0,515000,FALSE,1,5561056,30695,4125,0.14305555555555555,80.47194444444439,7936
2026-05-21T00:00:00Z,browser-e2e,2528,2528,2528,79,0,686000,FALSE,1,5563584,30774,4125,0.19055555555555556,80.66249999999995,10112
2026-05-21T00:15:00Z,browser-e2e,1632,1632,1632,51,0,768000,FALSE,1,5565216,30825,4125,0.21333333333333335,80.87583333333329,6528
2026-05-21T00:30:00Z,browser-e2e,2016,2016,2016,63,0,895000,FALSE,1,5567232,30888,4125,0.24861111111111112,81.1244444444444,8064
2026-05-21T00:45:00Z,browser-e2e,1600,1600,1600,50,0,769000,FALSE,1,5568832,30938,4125,0.2136111111111111,81.33805555555551,6400
2026-05-21T01:00:00Z,browser-e2e,1856,1856,1856,58,0,881000,FALSE,1,5570688,30996,4125,0.24472222222222223,81.58277777777774,7424
2026-05-21T01:15:00Z,browser-e2e,1888,1888,1888,59,0,893000,FALSE,1,5572576,31055,4125,0.24805555555555556,81.83083333333329,7552
2026-05-21T01:30:00Z,browser-e2e,1056,1056,1056,33,0,504000,FALSE,1,5573632,31088,4125,0.14,81.97083333333329,4224
2026-05-21T01:45:00Z,browser-e2e,1664,1664,1664,52,0,764000,FALSE,1,5575296,31140,4125,0.21222222222222223,82.18305555555551,6656
2026-05-21T02:00:00Z,browser-e2e,1952,1952,1952,61,0,897000,FALSE,1,5577248,31201,4125,0.24916666666666668,82.43222222222218,7808
2026-05-21T02:15:00Z,browser-e2e,1856,1856,1856,58,0,886000,FALSE,1,5579104,31259,4125,0.24611111111111111,82.67833333333328,7424
2026-05-21T02:30:00Z,browser-e2e,1920,1920,1920,60,0,894000,FALSE,1,5581024,31319,4125,0.24833333333333332,82.92666666666662,7680
2026-05-21T02:45:00Z,browser-e2e,1856,1856,1856,58,0,885000,FALSE,1,5582880,31377,4125,0.24583333333333332,83.17249999999996,7424
2026-05-21T03:00:00Z,browser-e2e,1632,1632,1632,51,0,775000,FALSE,1,5584512,31428,4125,0.2152777777777778,83.38777777777773,6528
2026-05-21T03:15:00Z,browser-e2e,1600,1600,1600,50,0,774000,FALSE,1,5586112,31478,4125,0.215,83.60277777777773,6400
2026-05-21T03:30:00Z,browser-e2e,1312,1312,1312,41,0,624000,FALSE,1,5587424,31519,4125,0.17333333333333334,83.77611111111106,5248
2026-05-21T03:45:00Z,browser-e2e,1888,1888,1696,59,6,623000,FALSE,1,5589312,31578,4131,0.17305555555555555,83.94916666666661,7552
2026-05-21T04:00:00Z,browser-e2e,704,704,96,22,19,334000,FALSE,1,5590016,31600,4150,0.09277777777777778,84.0419444444444,2816
2026-05-21T04:15:00Z,browser-e2e,736,736,160,23,18,343000,FALSE,1,5590752,31623,4168,0.09527777777777778,84.13722222222218,2944
2026-05-21T04:30:00Z,browser-e2e,768,768,160,24,19,362000,FALSE,1,5591520,31647,4187,0.10055555555555555,84.23777777777774,3072
2026-05-21T04:45:00Z,browser-e2e,704,704,128,22,18,343000,FALSE,1,5592224,31669,4205,0.09527777777777778,84.33305555555552,2816
2026-05-21T05:00:00Z,browser-e2e,512,512,64,16,14,247000,FALSE,1,5592736,31685,4219,0.06861111111111111,84.40166666666663,2048
2026-05-21T05:15:00Z,browser-e2e,640,640,0,20,20,300000,FALSE,1,5593376,31705,4239,0.08333333333333333,84.48499999999996,2560
2026-05-21T05:30:00Z,browser-e2e,640,640,64,20,18,316000,FALSE,1,5594016,31725,4257,0.08777777777777777,84.57277777777773,2560
2026-05-21T05:45:00Z,browser-e2e,448,448,0,14,14,227000,FALSE,1,5594464,31739,4271,0.06305555555555556,84.63583333333328,1792
2026-05-21T06:00:00Z,browser-e2e,512,512,0,16,16,237000,FALSE,1,5594976,31755,4287,0.06583333333333333,84.70166666666661,2048
2026-05-21T06:15:00Z,browser-e2e,544,544,32,17,16,258000,FALSE,1,5595520,31772,4303,0.07166666666666667,84.77333333333328,2176
2026-05-21T06:30:00Z,browser-e2e,672,672,32,21,20,332000,FALSE,1,5596192,31793,4323,0.09222222222222222,84.8655555555555,2688
2026-05-21T06:45:00Z,browser-e2e,608,608,0,19,19,300000,FALSE,1,5596800,31812,4342,0.08333333333333333,84.94888888888883,2432
2026-05-21T07:00:00Z,browser-e2e,576,576,32,18,17,284000,FALSE,1,5597376,31830,4359,0.07888888888888888,85.02777777777771,2304
2026-05-21T07:15:00Z,browser-e2e,672,672,64,21,19,319000,FALSE,1,5598048,31851,4378,0.08861111111111111,85.11638888888882,2688
2026-05-21T07:30:00Z,browser-e2e,672,672,64,21,19,324000,FALSE,1,5598720,31872,4397,0.09,85.20638888888882,2688
2026-05-21T07:45:00Z,browser-e2e,576,576,64,18,16,291000,FALSE,1,5599296,31890,4413,0.08083333333333333,85.28722222222216,2304
2026-05-21T08:00:00Z,browser-e2e,416,416,32,13,12,201000,FALSE,1,5599712,31903,4425,0.05583333333333333,85.3430555555555,1664
2026-05-21T08:15:00Z,browser-e2e,640,640,32,20,19,299000,FALSE,1,5600352,31923,4444,0.08305555555555555,85.42611111111106,2560
2026-05-21T08:30:00Z,browser-e2e,640,640,0,20,20,297000,FALSE,1,5600992,31943,4464,0.0825,85.50861111111105,2560
2026-05-21T08:45:00Z,browser-e2e,672,672,32,21,20,316000,FALSE,1,5601664,31964,4484,0.08777777777777777,85.59638888888882,2688
2026-05-21T09:00:00Z,browser-e2e,512,512,96,16,13,240000,FALSE,1,5602176,31980,4497,0.06666666666666667,85.66305555555549,2048
2026-05-21T09:15:00Z,browser-e2e,640,640,0,20,20,294000,FALSE,1,5602816,32000,4517,0.08166666666666667,85.74472222222215,2560
2026-05-21T09:30:00Z,browser-e2e,480,480,0,15,15,232000,FALSE,1,5603296,32015,4532,0.06444444444444444,85.8091666666666,1920
2026-05-21T09:45:00Z,browser-e2e,672,672,64,21,19,309000,FALSE,1,5603968,32036,4551,0.08583333333333333,85.89499999999992,2688
2026-05-21T10:00:00Z,browser-e2e,640,640,0,20,20,301000,FALSE,1,5604608,32056,4571,0.08361111111111111,85.97861111111104,2560
2026-05-21T10:15:00Z,browser-e2e,480,480,0,15,15,237000,FALSE,1,5605088,32071,4586,0.06583333333333333,86.04444444444437,1920
2026-05-21T10:30:00Z,browser-e2e,416,416,0,13,13,202000,FALSE,1,5605504,32084,4599,0.05611111111111111,86.10055555555547,1664
2026-05-21T10:45:00Z,browser-e2e,704,704,64,22,20,322000,FALSE,1,5606208,32106,4619,0.08944444444444444,86.18999999999991,2816
2026-05-21T11:00:00Z,browser-e2e,640,640,64,20,18,313000,FALSE,1,5606848,32126,4637,0.08694444444444445,86.27694444444435,2560
2026-05-21T11:15:00Z,browser-e2e,448,448,64,14,12,220000,FALSE,1,5607296,32140,4649,0.06111111111111111,86.33805555555547,1792
2026-05-21T11:30:00Z,browser-e2e,608,608,96,19,16,277000,FALSE,1,5607904,32159,4665,0.07694444444444444,86.41499999999992,2432
2026-05-21T11:45:00Z,browser-e2e,288,288,64,9,7,132000,FALSE,1,5608192,32168,4672,0.03666666666666667,86.45166666666658,1152
2026-05-21T12:00:00Z,browser-e2e,640,640,0,20,20,295000,FALSE,1,5608832,32188,4692,0.08194444444444444,86.53361111111103,2560
2026-05-21T12:15:00Z,browser-e2e,672,672,32,21,20,323000,FALSE,1,5609504,32209,4712,0.08972222222222222,86.62333333333325,2688
2026-05-21T12:30:00Z,browser-e2e,640,640,0,20,20,308000,FALSE,1,5610144,32229,4732,0.08555555555555555,86.70888888888881,2560
2026-05-21T12:45:00Z,browser-e2e,576,576,64,18,16,274000,FALSE,1,5610720,32247,4748,0.07611111111111112,86.78499999999993,2304
2026-05-21T13:00:00Z,browser-e2e,608,608,96,19,16,305000,FALSE,1,5611328,32266,4764,0.08472222222222223,86.86972222222215,2432
2026-05-21T13:15:00Z,browser-e2e,448,448,0,14,14,221000,FALSE,1,5611776,32280,4778,0.06138888888888889,86.93111111111104,1792
2026-05-21T13:30:00Z,browser-e2e,640,640,128,20,16,300000,FALSE,1,5612416,32300,4794,0.08333333333333333,87.014444444444365,2560
2026-05-21T13:45:00Z,browser-e2e,544,544,0,17,17,262000,FALSE,1,5612960,32317,4811,0.07277777777777777,87.08722222222214,2176
2026-05-21T14:00:00Z,browser-e2e,576,576,64,18,16,283000,FALSE,1,5613536,32335,4827,0.07861111111111112,87.16583333333325,2304
2026-05-21T14:15:00Z,browser-e2e,576,576,64,18,16,279000,FALSE,1,5614112,32353,4843,0.0775,87.24333333333325,2304
2026-05-21T14:30:00Z,browser-e2e,256,256,32,8,7,127000,FALSE,1,5614368,32361,4850,0.035277777777777776,87.27861111111103,1024
2026-05-21T14:45:00Z,browser-e2e,416,416,32,13,12,205000,FALSE,1,5614784,32374,4862,0.05694444444444444,87.33555555555547,1664
2026-05-21T15:00:00Z,browser-e2e,640,640,32,20,19,301000,FALSE,1,5615424,32394,4881,0.08361111111111111,87.41916666666658,2560
2026-05-21T15:15:00Z,browser-e2e,672,672,64,21,19,327000,FALSE,1,5616096,32415,4900,0.09083333333333334,87.50999999999992,2688
2026-05-21T15:30:00Z,browser-e2e,544,544,64,17,15,265000,FALSE,1,5616640,32432,4915,0.07361111111111111,87.58361111111103,2176
2026-05-21T15:45:00Z,browser-e2e,512,512,96,16,13,250000,FALSE,1,5617152,32448,4928,0.06944444444444445,87.65305555555547,2048
2026-05-21T16:00:00Z,browser-e2e,608,608,32,19,18,298000,FALSE,1,5617760,32467,4946,0.08277777777777778,87.73583333333325,2432
2026-05-21T16:15:00Z,browser-e2e,160,160,32,5,4,77000,FALSE,1,5617920,32472,4950,0.021388888888888888,87.75722222222214,640
2026-05-21T16:30:00Z,browser-e2e,0,0,0,0,0,0,FALSE,0,5617920,32472,4950,0,87.75722222222214,0
2026-05-21T16:45:00Z,browser-e2e,0,0,0,0,0,0,FALSE,0,5617920,32472,4950,0,87.75722222222214,0
2026-05-21T17:00:00Z,browser-e2e,0,0,0,0,0,0,FALSE,0,5617920,32472,4950,0,87.75722222222214,0
2026-05-21T17:15:00Z,browser-e2e,0,0,0,0,0,0,FALSE,0,5617920,32472,4950,0,87.75722222222214,0
2026-05-21T17:30:00Z,browser-e2e,0,0,0,0,0,0,FALSE,0,5617920,32472,4950,0,87.75722222222214,0
2026-05-21T17:45:00Z,browser-e2e,0,0,0,0,0,0,FALSE,0,5617920,32472,4950,0,87.75722222222214,0
2026-05-21T18:00:00Z,browser-e2e,0,0,0,0,0,0,FALSE,0,5617920,32472,4950,0,87.75722222222214,0
2026-05-21T18:15:00Z,browser-e2e,0,0,0,0,0,0,FALSE,0,5617920,32472,4950,0,87.75722222222214,0
2026-05-21T18:30:00Z,browser-e2e,0,0,0,0,0,0,FALSE,0,5617920,32472,4950,0,87.75722222222214,0
2026-05-21T18:45:00Z,browser-e2e,0,0,0,0,0,0,FALSE,0,5617920,32472,4950,0,87.75722222222214,0
2026-05-21T19:00:00Z,browser-e2e,0,0,0,0,0,0,FALSE,0,5617920,32472,4950,0,87.75722222222214,0
2026-05-21T19:15:00Z,browser-e2e,0,0,0,0,0,0,FALSE,0,5617920,32472,4950,0,87.75722222222214,0
2026-05-21T19:30:00Z,browser-e2e,0,0,0,0,0,0,FALSE,0,5617920,32472,4950,0,87.75722222222214,0
2026-05-21T19:45:00Z,browser-e2e,0,0,0,0,0,0,FALSE,0,5617920,32472,4950,0,87.75722222222214,0
2026-05-21T20:00:00Z,browser-e2e,0,0,0,0,0,0,FALSE,0,5617920,32472,4950,0,87.75722222222214,0
2026-05-21T20:15:00Z,browser-e2e,0,0,0,0,0,0,FALSE,0,5617920,32472,4950,0,87.75722222222214,0
2026-05-21T20:30:00Z,browser-e2e,0,0,0,0,0,0,FALSE,0,5617920,32472,4950,0,87.75722222222214,0
2026-05-21T20:45:00Z,browser-e2e,0,0,0,0,0,0,FALSE,0,5617920,32472,4950,0,87.75722222222214,0
2026-05-21T21:00:00Z,browser-e2e,0,0,0,0,0,0,FALSE,0,5617920,32472,4950,0,87.75722222222214,0
2026-05-21T21:15:00Z,browser-e2e,0,0,0,0,0,0,FALSE,0,5617920,32472,4950,0,87.75722222222214,0
2026-05-21T21:30:00Z,browser-e2e,0,0,0,0,0,0,FALSE,0,5617920,32472,4950,0,87.75722222222214,0
2026-05-21T21:45:00Z,browser-e2e,0,0,0,0,0,0,FALSE,0,5617920,32472,4950,0,87.75722222222214,0
2026-05-21T22:00:00Z,browser-e2e,576,576,96,18,15,288000,FALSE,1,5618496,32490,4965,0.08,87.83722222222214,2304
2026-05-21T22:15:00Z,browser-e2e,384,384,0,12,12,181000,FALSE,1,5618880,32502,4977,0.050277777777777775,87.88749999999992,1536
2026-05-21T22:30:00Z,browser-e2e,544,544,32,17,16,256000,FALSE,1,5619424,32519,4993,0.07111111111111111,87.95861111111103,2176
2026-05-21T22:45:00Z,browser-e2e,448,448,0,14,14,220000,FALSE,1,5619872,32533,5007,0.06111111111111111,88.01972222222214,1792
2026-05-21T23:00:00Z,browser-e2e,352,352,64,11,9,169000,FALSE,1,5620224,32544,5016,0.04694444444444444,88.06666666666659,1408
2026-05-21T23:15:00Z,browser-e2e,480,480,64,15,13,241000,FALSE,1,5620704,32559,5029,0.06694444444444445,88.13361111111104,1920
2026-05-21T23:30:00Z,browser-e2e,640,640,0,20,20,302000,FALSE,1,5621344,32579,5049,0.08388888888888889,88.21749999999993,2560
2026-05-21T23:45:00Z,browser-e2e,224,224,0,7,7,112000,FALSE,1,5621568,32586,5056,0.03111111111111111,88.24861111111105,896
2026-05-22T00:00:00Z,browser-e2e,352,352,32,11,10,172000,FALSE,1,5621920,32597,5066,0.04777777777777778,88.29638888888883,1408
2026-05-22T00:15:00Z,browser-e2e,704,704,64,22,20,324000,FALSE,1,5622624,32619,5086,0.09,88.38638888888883,2816
2026-05-22T00:30:00Z,browser-e2e,608,608,0,19,19,299000,FALSE,1,5623232,32638,5105,0.08305555555555555,88.46944444444439,2432
2026-05-22T00:45:00Z,browser-e2e,448,448,32,14,13,220000,FALSE,1,5623680,32652,5118,0.06111111111111111,88.53055555555551,1792
2026-05-22T01:00:00Z,browser-e2e,480,480,32,15,14,233000,FALSE,1,5624160,32667,5132,0.06472222222222222,88.59527777777772,1920
2026-05-22T01:15:00Z,browser-e2e,448,448,0,14,14,226000,FALSE,1,5624608,32681,5146,0.06277777777777778,88.6580555555555,1792
2026-05-22T01:30:00Z,browser-e2e,288,288,0,9,9,143000,FALSE,1,5624896,32690,5155,0.03972222222222222,88.69777777777773,1152
2026-05-22T01:45:00Z,browser-e2e,608,608,96,19,16,312000,FALSE,1,5625504,32709,5171,0.08666666666666667,88.7844444444444,2432
2026-05-22T02:00:00Z,browser-e2e,288,288,32,9,8,145000,FALSE,1,5625792,32718,5179,0.04027777777777778,88.82472222222218,1152
2026-05-22T02:15:00Z,browser-e2e,608,608,64,19,17,297000,FALSE,1,5626400,32737,5196,0.0825,88.90722222222217,2432
2026-05-22T02:30:00Z,browser-e2e,320,320,32,10,9,162000,FALSE,1,5626720,32747,5205,0.045,88.95222222222218,1280
2026-05-22T02:45:00Z,browser-e2e,352,352,32,11,10,187000,FALSE,1,5627072,32758,5215,0.051944444444444446,89.00416666666662,1408
2026-05-22T03:00:00Z,browser-e2e,608,608,32,19,18,277000,FALSE,1,5627680,32777,5233,0.07694444444444444,89.08111111111107,2432
2026-05-22T03:15:00Z,browser-e2e,608,608,0,19,19,301000,FALSE,1,5628288,32796,5252,0.08361111111111111,89.16472222222218,2432
2026-05-22T03:30:00Z,browser-e2e,704,704,128,22,18,349000,FALSE,1,5628992,32818,5270,0.09694444444444444,89.26166666666663,2816
2026-05-22T03:45:00Z,browser-e2e,544,544,0,17,17,278000,FALSE,1,5629536,32835,5287,0.07722222222222222,89.33888888888885,2176
2026-05-22T04:00:00Z,browser-e2e,480,480,0,15,15,226000,FALSE,1,5630016,32850,5302,0.06277777777777778,89.40166666666663,1920
2026-05-22T04:15:00Z,browser-e2e,704,704,96,22,19,330000,FALSE,1,5630720,32872,5321,0.09166666666666666,89.4933333333333,2816
2026-05-22T04:30:00Z,browser-e2e,704,704,96,22,19,323000,FALSE,1,5631424,32894,5340,0.08972222222222222,89.58305555555552,2816
2026-05-22T04:45:00Z,browser-e2e,704,704,64,22,20,333000,FALSE,1,5632128,32916,5360,0.0925,89.67555555555552,2816
2026-05-22T05:00:00Z,browser-e2e,608,608,0,19,19,283000,FALSE,1,5632736,32935,5379,0.07861111111111112,89.75416666666663,2432
2026-05-22T05:15:00Z,browser-e2e,640,640,0,20,20,307000,FALSE,1,5633376,32955,5399,0.08527777777777777,89.83944444444441,2560
2026-05-22T05:30:00Z,browser-e2e,672,672,32,21,20,326000,FALSE,1,5634048,32976,5419,0.09055555555555556,89.92999999999996,2688
2026-05-22T05:45:00Z,browser-e2e,960,960,448,30,16,384000,FALSE,1,5635008,33006,5435,0.10666666666666667,90.03666666666663,3840
2026-05-22T06:00:00Z,browser-e2e,2560,2560,2560,80,0,766000,FALSE,1,5637568,33086,5435,0.2127777777777778,90.2494444444444,10240
2026-05-22T06:15:00Z,browser-e2e,1632,1632,1632,51,0,501000,FALSE,1,5639200,33137,5435,0.13916666666666666,90.38861111111108,6528
2026-05-22T06:30:00Z,browser-e2e,2048,2048,2048,64,0,615000,FALSE,1,5641248,33201,5435,0.17083333333333334,90.55944444444441,8192
2026-05-22T06:45:00Z,browser-e2e,2944,2944,2944,92,0,884000,FALSE,1,5644192,33293,5435,0.24555555555555555,90.80499999999996,11776
2026-05-22T07:00:00Z,browser-e2e,2976,2976,2976,93,0,881000,FALSE,1,5647168,33386,5435,0.24472222222222223,91.04972222222219,11904
2026-05-22T07:15:00Z,browser-e2e,2976,2976,2976,93,0,888000,FALSE,1,5650144,33479,5435,0.24666666666666667,91.29638888888886,11904
2026-05-22T07:30:00Z,browser-e2e,2912,2912,2912,91,0,874000,FALSE,1,5653056,33570,5435,0.2427777777777778,91.53916666666663,11648
2026-05-22T07:45:00Z,browser-e2e,2528,2528,2528,79,0,744000,FALSE,1,5655584,33649,5435,0.20666666666666667,91.7458333333333,10112
2026-05-22T08:00:00Z,browser-e2e,2816,2816,2816,88,0,827000,FALSE,1,5658400,33737,5435,0.22972222222222222,91.97555555555552,11264
2026-05-22T08:15:00Z,browser-e2e,320,320,320,10,0,91000,FALSE,1,5658720,33747,5435,0.025277777777777777,92.00083333333329,1280
2026-05-22T08:30:00Z,browser-e2e,2944,2944,2944,92,0,873000,FALSE,1,5661664,33839,5435,0.2425,92.2433333333333,11776
2026-05-22T08:45:00Z,browser-e2e,3008,3008,3008,94,0,884000,FALSE,1,5664672,33933,5435,0.24555555555555555,92.48888888888885,12032
2026-05-22T09:00:00Z,browser-e2e,3040,3040,3040,95,0,886000,FALSE,1,5667712,34028,5435,0.24611111111111111,92.73499999999996,12160
2026-05-22T09:15:00Z,browser-e2e,3008,3008,3008,94,0,885000,FALSE,1,5670720,34122,5435,0.24583333333333332,92.9808333333333,12032
2026-05-22T09:30:00Z,browser-e2e,2944,2944,2944,92,0,880000,FALSE,1,5673664,34214,5435,0.24444444444444444,93.22527777777773,11776
2026-05-22T09:45:00Z,browser-e2e,1600,1600,1600,50,0,471000,FALSE,1,5675264,34264,5435,0.13083333333333333,93.35611111111106,6400
2026-05-22T10:00:00Z,browser-e2e,2432,2432,2432,76,0,740000,FALSE,1,5677696,34340,5435,0.20555555555555555,93.56166666666661,9728
2026-05-22T10:15:00Z,browser-e2e,2816,2816,2816,88,0,880000,FALSE,1,5680512,34428,5435,0.24444444444444444,93.80611111111105,11264
2026-05-22T10:30:00Z,browser-e2e,2272,2272,2272,71,0,723000,FALSE,1,5682784,34499,5435,0.20083333333333334,94.00694444444439,9088
2026-05-22T10:45:00Z,browser-e2e,2848,2848,2848,89,0,882000,FALSE,1,5685632,34588,5435,0.245,94.25194444444439,11392
2026-05-22T11:00:00Z,browser-e2e,2528,2528,2528,79,0,764000,FALSE,1,5688160,34667,5435,0.21222222222222223,94.46416666666661,10112
2026-05-22T11:15:00Z,browser-e2e,2784,2784,2784,87,0,878000,FALSE,1,5690944,34754,5435,0.24388888888888888,94.7080555555555,11136
2026-05-22T11:30:00Z,browser-e2e,2784,2784,2784,87,0,887000,FALSE,1,5693728,34841,5435,0.24638888888888888,94.95444444444439,11136
2026-05-22T11:45:00Z,browser-e2e,2400,2400,2400,75,0,768000,FALSE,1,5696128,34916,5435,0.21333333333333335,95.16777777777773,9600
2026-05-22T12:00:00Z,browser-e2e,3072,3072,3072,96,0,887000,FALSE,1,5699200,35012,5435,0.24638888888888888,95.41416666666662,12288
2026-05-22T12:15:00Z,browser-e2e,3040,3040,3040,95,0,874000,FALSE,1,5702240,35107,5435,0.2427777777777778,95.65694444444439,12160
2026-05-22T12:30:00Z,browser-e2e,2400,2400,2400,75,0,739000,FALSE,1,5704640,35182,5435,0.20527777777777778,95.86222222222217,9600
2026-05-22T12:45:00Z,browser-e2e,3072,3072,3072,96,0,895000,FALSE,1,5707712,35278,5435,0.24861111111111112,96.11083333333329,12288
2026-05-22T13:00:00Z,browser-e2e,2848,2848,2848,89,0,886000,FALSE,1,5710560,35367,5435,0.24611111111111111,96.3569444444444,11392
2026-05-22T13:15:00Z,browser-e2e,2688,2688,2688,84,0,879000,FALSE,1,5713248,35451,5435,0.24416666666666667,96.60111111111107,10752
2026-05-22T13:30:00Z,browser-e2e,2464,2464,2464,77,0,743000,FALSE,1,5715712,35528,5435,0.2063888888888889,96.80749999999996,9856
2026-05-22T13:45:00Z,browser-e2e,3342,3066,2784,645,558,3810340,FALSE,2,5719054,36173,5993,1.0584277777777777,97.86592777777774,13368
2026-05-22T14:00:00Z,browser-e2e,2896,2632,2368,602,528,3970238,FALSE,2,5721950,36775,6521,1.102843888888889,98.96877166666663,11584
2026-05-22T14:15:00Z,browser-e2e,2800,2680,2560,320,240,3970363,FALSE,2,5724750,37095,6761,1.102878611111111,100.07165027777774,11200
2026-05-22T14:30:00Z,browser-e2e,569,461,352,228,217,4119924,FALSE,2,5725319,37323,6978,1.1444233333333333,101.21607361111107,2276
2026-05-22T14:45:00Z,browser-e2e,2394,2381,2368,100,26,3308924,FALSE,2,5727713,37423,7004,0.9191455555555555,102.13521916666663,9576
2026-05-22T15:00:00Z,browser-e2e,2956,2951,2944,104,12,3410856,FALSE,2,5730669,37527,7016,0.94746,103.08267916666664,11824
2026-05-22T15:15:00Z,browser-e2e,2925,2919,2912,104,13,3732237,FALSE,2,5733594,37631,7029,1.0367325,104.11941166666664,11700
2026-05-22T15:30:00Z,browser-e2e,2828,2822,2816,100,12,3511461,FALSE,2,5736422,37731,7041,0.9754058333333333,105.09481749999998,11312
2026-05-22T15:45:00Z,browser-e2e,2732,2726,2720,97,12,3380826,FALSE,2,5739154,37828,7053,0.9391183333333334,106.03393583333332,10928
2026-05-22T16:00:00Z,browser-e2e,2857,2853,2848,98,9,3644307,FALSE,2,5742011,37926,7062,1.0123075,107.04624333333332,11428
2026-05-22T16:15:00Z,browser-e2e,2819,2817,2816,91,3,2648078,FALSE,2,5744830,38017,7065,0.7355772222222222,107.78182055555554,11276
2026-05-22T16:30:00Z,browser-e2e,2790,2787,2784,93,6,4400589,FALSE,2,5747620,38110,7071,1.2223858333333333,109.00420638888887,11160
2026-05-22T16:45:00Z,browser-e2e,2851,2850,2848,92,3,2654746,FALSE,2,5750471,38202,7074,0.7374294444444445,109.74163583333332,11404
2026-05-22T17:00:00Z,browser-e2e,2822,2819,2816,94,6,4391813,FALSE,2,5753293,38296,7080,1.2199480555555555,110.96158388888888,11288
2026-05-22T17:15:00Z,browser-e2e,2852,2850,2848,93,4,3236785,FALSE,2,5756145,38389,7084,0.8991069444444444,111.86069083333332,11408
2026-05-22T17:30:00Z,browser-e2e,2821,2818,2816,93,5,3824988,FALSE,2,5758966,38482,7089,1.0624966666666666,112.92318749999998,11284
2026-05-22T17:45:00Z,browser-e2e,2820,2818,2816,92,4,3237599,FALSE,2,5761786,38574,7093,0.8993330555555555,113.82252055555554,11280
2026-05-22T18:00:00Z,browser-e2e,2885,2883,2880,95,5,3827226,FALSE,2,5764671,38669,7098,1.0631183333333334,114.88563888888888,11540
2026-05-22T18:15:00Z,browser-e2e,2853,2850,2848,94,5,3822312,FALSE,2,5767524,38763,7103,1.0617533333333333,115.9473922222222,11412
2026-05-22T18:30:00Z,browser-e2e,2820,2818,2816,92,4,3245673,FALSE,2,5770344,38855,7107,0.9015758333333334,116.84896805555555,11280
2026-05-22T18:45:00Z,browser-e2e,2854,2851,2848,95,6,4414556,FALSE,2,5773198,38950,7113,1.2262655555555555,118.0752336111111,11416
2026-05-22T19:00:00Z,browser-e2e,2883,2882,2880,93,3,2644295,FALSE,2,5776081,39043,7116,0.7345263888888889,118.80976,11532
2026-05-22T19:15:00Z,browser-e2e,2950,2947,2944,98,6,4406174,FALSE,2,5779031,39141,7122,1.2239372222222222,120.03369722222222,11800
2026-05-22T19:30:00Z,browser-e2e,2883,2881,2880,93,3,2641842,FALSE,2,5781914,39234,7125,0.733845,120.76754222222222,11532
2026-05-22T19:45:00Z,browser-e2e,2822,2819,2816,94,6,4409819,FALSE,2,5784736,39328,7131,1.2249497222222223,121.99249194444444,11288
2026-05-22T20:00:00Z,browser-e2e,2243,2242,2240,73,3,2489892,FALSE,2,5786979,39401,7134,0.6916366666666667,122.6841286111111,8972
2026-05-22T20:15:00Z,browser-e2e,1894,1891,1888,65,6,4147351,FALSE,2,5788873,39466,7140,1.1520419444444445,123.83617055555555,7576
2026-05-22T20:30:00Z,browser-e2e,2563,2561,2432,83,7,2550709,FALSE,2,5791436,39549,7147,0.7085302777777778,124.54470083333334,10252
2026-05-22T20:45:00Z,browser-e2e,1071,1015,0,141,141,1874045,FALSE,2,5792507,39690,7288,0.5205680555555555,125.0652688888889,4284
2026-05-22T21:00:00Z,browser-e2e,864,864,0,27,27,92000,FALSE,1,5793371,39717,7315,0.025555555555555557,125.09082444444445,3456
2026-05-22T21:15:00Z,browser-e2e,1408,1408,960,44,14,435000,FALSE,1,5794779,39761,7329,0.12083333333333333,125.21165777777779,5632
2026-05-22T21:30:00Z,browser-e2e,608,608,0,19,19,340000,FALSE,1,5795387,39780,7348,0.09444444444444444,125.30610222222224,2432
2026-05-22T21:45:00Z,browser-e2e,608,608,32,19,18,335000,FALSE,1,5795995,39799,7366,0.09305555555555556,125.39915777777779,2432
2026-05-22T22:00:00Z,browser-e2e,608,608,0,19,19,330000,FALSE,1,5796603,39818,7385,0.09166666666666666,125.49082444444446,2432
2026-05-22T22:15:00Z,browser-e2e,826,733,32,206,205,1052740,FALSE,2,5797429,40024,7590,0.2924277777777778,125.78325222222223,3304
2026-05-22T22:30:00Z,browser-e2e,1352,1014,0,701,701,3546941,FALSE,2,5798781,40725,8291,0.9852613888888889,126.76851361111112,5408
2026-05-22T22:45:00Z,browser-e2e,1274,943,0,685,685,4691437,FALSE,2,5800055,41410,8976,1.3031769444444445,128.07169055555556,5096
2026-05-22T23:00:00Z,browser-e2e,1368,1019,0,717,717,5447825,FALSE,2,5801423,42127,9693,1.5132847222222223,129.58497527777777,5472
2026-05-22T23:15:00Z,browser-e2e,663,636,32,74,73,3301274,FALSE,2,5802086,42201,9766,0.9170205555555555,130.50199583333332,2652
2026-05-22T23:30:00Z,browser-e2e,526,518,0,30,30,3243034,FALSE,2,5802612,42231,9796,0.9008427777777778,131.4028386111111,2104
2026-05-22T23:45:00Z,browser-e2e,684,678,96,33,30,2953100,FALSE,2,5803296,42264,9826,0.8203055555555555,132.22314416666666,2736
2026-05-23T00:00:00Z,browser-e2e,652,646,32,32,31,2837167,FALSE,2,5803948,42296,9857,0.7881019444444445,133.0112461111111,2608
2026-05-23T00:15:00Z,browser-e2e,302,296,0,23,23,3168517,FALSE,2,5804250,42319,9880,0.8801436111111111,133.89138972222221,1208
2026-05-23T00:30:00Z,browser-e2e,653,647,64,33,31,3133430,FALSE,2,5804903,42352,9911,0.8703972222222223,134.76178694444442,2612
2026-05-23T00:45:00Z,browser-e2e,332,326,0,22,22,2790524,FALSE,2,5805235,42374,9933,0.7751455555555555,135.53693249999998,1328
2026-05-23T01:00:00Z,browser-e2e,620,614,0,31,31,2929008,FALSE,2,5805855,42405,9964,0.8136133333333333,136.3505458333333,2480
2026-05-23T01:15:00Z,browser-e2e,684,678,64,33,31,2940129,FALSE,2,5806539,42438,9995,0.8167025,137.1672483333333,2736
2026-05-23T01:30:00Z,browser-e2e,589,583,0,31,31,3018101,FALSE,2,5807128,42469,10026,0.8383613888888889,138.0056097222222,2356
2026-05-23T01:45:00Z,browser-e2e,449,448,0,15,15,456435,FALSE,2,5807577,42484,10041,0.1267875,138.1323972222222,1796
2026-05-23T02:00:00Z,browser-e2e,576,576,32,18,17,309000,FALSE,1,5808153,42502,10058,0.08583333333333333,138.21823055555555,2304
2026-05-23T02:15:00Z,browser-e2e,672,672,128,21,17,374000,FALSE,1,5808825,42523,10075,0.10388888888888889,138.32211944444444,2688
2026-05-23T02:30:00Z,browser-e2e,608,608,0,19,19,321000,FALSE,1,5809433,42542,10094,0.08916666666666667,138.4112861111111,2432
2026-05-23T02:45:00Z,browser-e2e,672,672,96,21,18,367000,FALSE,1,5810105,42563,10112,0.10194444444444445,138.51323055555557,2688
2026-05-23T03:00:00Z,browser-e2e,608,608,0,19,19,333000,FALSE,1,5810713,42582,10131,0.0925,138.60573055555557,2432
2026-05-23T03:15:00Z,browser-e2e,1312,1312,1056,41,8,488000,FALSE,1,5812025,42623,10139,0.13555555555555557,138.74128611111112,5248
2026-05-23T03:30:00Z,browser-e2e,2495,2370,2240,325,255,2256822,FALSE,2,5814520,42948,10394,0.626895,139.3681811111111,9980
2026-05-23T03:45:00Z,browser-e2e,2720,2720,2720,85,0,887000,FALSE,1,5817240,43033,10394,0.24638888888888888,139.61457000000001,10880
2026-05-23T04:00:00Z,browser-e2e,2720,2720,2720,85,0,886000,FALSE,1,5819960,43118,10394,0.24611111111111111,139.86068111111112,10880
2026-05-23T04:15:00Z,browser-e2e,1312,1312,1312,41,0,413000,FALSE,1,5821272,43159,10394,0.11472222222222223,139.97540333333333,5248
2026-05-23T04:30:00Z,browser-e2e,2752,2752,2752,86,0,880000,FALSE,1,5824024,43245,10394,0.24444444444444444,140.21984777777777,11008
2026-05-23T04:45:00Z,browser-e2e,2464,2464,2464,77,0,886000,FALSE,1,5826488,43322,10394,0.24611111111111111,140.46595888888888,9856
2026-05-23T05:00:00Z,browser-e2e,480,480,480,15,0,158000,FALSE,1,5826968,43337,10394,0.04388888888888889,140.50984777777776,1920
2026-05-23T05:15:00Z,browser-e2e,704,704,704,22,0,248000,FALSE,1,5827672,43359,10394,0.06888888888888889,140.57873666666666,2816
2026-05-23T05:30:00Z,browser-e2e,288,288,288,9,0,95000,FALSE,1,5827960,43368,10394,0.02638888888888889,140.60512555555556,1152
2026-05-23T05:45:00Z,browser-e2e,286,145,0,286,286,1287786,FALSE,1,5828246,43654,10680,0.35771833333333336,140.9628438888889,1144
2026-05-23T06:00:00Z,browser-e2e,811,407,0,811,811,3559529,FALSE,1,5829057,44465,11491,0.9887580555555555,141.95160194444446,3244
2026-05-23T06:15:00Z,browser-e2e,669,334,0,669,669,2600613,FALSE,1,5829726,45134,12160,0.7223925,142.67399444444447,2676
2026-05-23T06:30:00Z,browser-e2e,1315,663,5,1313,1310,6820395,FALSE,2,5831041,46447,13470,1.8945541666666668,144.56854861111114,5260
2026-05-23T06:45:00Z,browser-e2e,667,339,0,667,667,3208863,FALSE,1,5831708,47114,14137,0.8913508333333333,145.45989944444446,2668
2026-05-23T07:00:00Z,browser-e2e,54,27,0,54,54,226153,FALSE,1,5831762,47168,14191,0.06282027777777778,145.52271972222223,216
2026-05-23T07:15:00Z,browser-e2e,3,3,3,1,0,9000,FALSE,1,5831765,47169,14191,0.0025,145.52521972222223,12
2026-05-23T07:30:00Z,browser-e2e,3,3,3,1,0,9000,FALSE,1,5831768,47170,14191,0.0025,145.52771972222223,12
2026-05-23T07:45:00Z,browser-e2e,0,0,0,0,0,0,FALSE,0,5831768,47170,14191,0,145.52771972222223,0
2026-05-23T08:00:00Z,browser-e2e,168,84,0,168,168,709600,FALSE,1,5831936,47338,14359,0.1971111111111111,145.72483083333333,672
2026-05-23T08:15:00Z,browser-e2e,626,313,0,626,626,2601991,FALSE,1,5832562,47964,14985,0.7227752777777777,146.4476061111111,2504
2026-05-23T08:30:00Z,browser-e2e,201,102,0,201,201,853954,FALSE,1,5832763,48165,15186,0.23720944444444444,146.68481555555553,804
2026-05-23T08:45:00Z,browser-e2e,115,59,0,115,115,495670,FALSE,1,5832878,48280,15301,0.13768611111111112,146.82250166666665,460
2026-05-23T09:00:00Z,browser-e2e,968,484,0,968,968,4669364,FALSE,1,5833846,49248,16269,1.2970455555555556,148.1195472222222,3872
2026-05-23T09:15:00Z,browser-e2e,427,214,0,427,427,1735005,FALSE,1,5834273,49675,16696,0.48194583333333335,148.60149305555552,1708
2026-05-23T09:30:00Z,browser-e2e,789,397,1,789,788,4419236,FALSE,1,5835062,50464,17484,1.2275655555555556,149.82905861111107,3156
2026-05-23T09:45:00Z,browser-e2e,597,306,15,586,582,3006574,FALSE,2,5835659,51050,18066,0.8351594444444445,150.66421805555552,2388
2026-05-23T10:00:00Z,browser-e2e,51,25,0,51,51,221239,FALSE,1,5835710,51101,18117,0.061455277777777775,150.7256733333333,204
2026-05-23T10:15:00Z,browser-e2e,0,0,0,0,0,0,FALSE,0,5835710,51101,18117,0,150.7256733333333,0
2026-05-23T10:30:00Z,browser-e2e,0,0,0,0,0,0,FALSE,0,5835710,51101,18117,0,150.7256733333333,0
2026-05-23T10:45:00Z,browser-e2e,0,0,0,0,0,0,FALSE,0,5835710,51101,18117,0,150.7256733333333,0
2026-05-23T11:00:00Z,browser-e2e,0,0,0,0,0,0,FALSE,0,5835710,51101,18117,0,150.7256733333333,0
2026-05-23T11:15:00Z,browser-e2e,0,0,0,0,0,0,FALSE,0,5835710,51101,18117,0,150.7256733333333,0
2026-05-23T11:30:00Z,browser-e2e,204,105,0,204,204,1627854,FALSE,1,5835914,51305,18321,0.45218166666666665,151.17785499999997,816
2026-05-23T11:45:00Z,browser-e2e,387,195,0,387,387,2051324,FALSE,1,5836301,51692,18708,0.5698122222222223,151.7476672222222,1548
2026-05-23T12:00:00Z,browser-e2e,394,198,0,394,394,2216587,FALSE,1,5836695,52086,19102,0.6157186111111111,152.3633858333333,1576
2026-05-23T12:15:00Z,browser-e2e,0,0,0,0,0,0,FALSE,0,5836695,52086,19102,0,152.3633858333333,0
2026-05-23T12:30:00Z,browser-e2e,32,22,11,32,21,746946,FALSE,2,5836727,52118,19123,0.207485,152.5708708333333,128
2026-05-23T12:45:00Z,browser-e2e,1224,625,14,1224,1210,7146305,FALSE,3,5837951,53342,20333,1.9850847222222223,154.5559555555555,4896
2026-05-23T13:00:00Z,browser-e2e,1559,790,13,1559,1546,9292118,FALSE,3,5839510,54901,21879,2.5811438888888887,157.1370994444444,6236
2026-05-23T13:15:00Z,browser-e2e,1119,567,14,1119,1105,5602553,FALSE,3,5840629,56020,22984,1.5562647222222221,158.6933641666666,4476
2026-05-23T13:30:00Z,browser-e2e,1158,593,24,1158,1134,6721061,FALSE,3,5841787,57178,24118,1.866961388888889,160.5603255555555,4632
2026-05-23T13:45:00Z,browser-e2e,911,472,30,911,881,5819913,FALSE,3,5842698,58089,24999,1.6166425,162.1769680555555,3644
2026-05-23T14:00:00Z,browser-e2e,602,313,21,602,581,4056813,FALSE,3,5843300,58691,25580,1.1268925,163.3038605555555,2408
2026-05-23T14:15:00Z,browser-e2e,539,278,12,539,527,3548184,FALSE,2,5843839,59230,26107,0.9856066666666666,164.28946722222216,2156
2026-05-23T14:30:00Z,browser-e2e,119,72,22,119,97,2612746,FALSE,3,5843958,59349,26204,0.7257627777777778,165.01522999999995,476
2026-05-23T14:45:00Z,browser-e2e,119,71,17,119,102,3755623,FALSE,3,5844077,59468,26306,1.043228611111111,166.05845861111106,476
2026-05-23T15:00:00Z,browser-e2e,158,88,23,158,135,5140013,FALSE,3,5844235,59626,26441,1.4277813888888888,167.48623999999995,632
2026-05-23T15:15:00Z,browser-e2e,26,15,4,26,22,1307804,FALSE,3,5844261,59652,26463,0.3632788888888889,167.84951888888884,104
2026-05-23T15:30:00Z,browser-e2e,13,7,1,13,12,1012428,FALSE,2,5844274,59665,26475,0.28123,168.13074888888883,52
2026-05-23T15:45:00Z,browser-e2e,23,15,7,23,16,2200554,FALSE,3,5844297,59688,26491,0.611265,168.74201388888883,92
2026-05-23T16:00:00Z,browser-e2e,22,13,2,22,20,2493418,FALSE,3,5844319,59710,26511,0.6926161111111111,169.43462999999994,88
2026-05-23T16:15:00Z,browser-e2e,24,15,6,24,18,2860642,FALSE,3,5844343,59734,26529,0.7946227777777778,170.22925277777773,96
2026-05-23T16:30:00Z,browser-e2e,21,12,3,21,18,2618123,FALSE,3,5844364,59755,26547,0.7272563888888889,170.95650916666662,84
2026-05-23T16:45:00Z,browser-e2e,23,13,4,23,19,2516975,FALSE,3,5844387,59778,26566,0.6991597222222222,171.65566888888884,92
2026-05-23T17:00:00Z,browser-e2e,25,16,7,25,18,2863876,FALSE,3,5844412,59803,26584,0.7955211111111111,172.45118999999994,100
2026-05-23T17:15:00Z,browser-e2e,23,15,7,23,16,2752067,FALSE,3,5844435,59826,26600,0.7644630555555556,173.2156530555555,92
2026-05-23T17:30:00Z,browser-e2e,27,17,6,27,21,2759193,FALSE,3,5844462,59853,26621,0.7664425,173.9820955555555,108
2026-05-23T17:45:00Z,browser-e2e,23,14,5,23,18,2609329,FALSE,3,5844485,59876,26639,0.7248136111111111,174.7069091666666,92
2026-05-23T18:00:00Z,browser-e2e,24,14,5,24,19,2511717,FALSE,3,5844509,59900,26658,0.6976991666666666,175.40460833333327,96
2026-05-23T18:15:00Z,browser-e2e,25,15,5,25,20,2806560,FALSE,3,5844534,59925,26678,0.7796,176.18420833333326,100
2026-05-23T18:30:00Z,browser-e2e,23,16,8,23,15,2705466,FALSE,3,5844557,59948,26693,0.7515183333333333,176.9357266666666,92
2026-05-23T18:45:00Z,browser-e2e,21,12,4,21,17,2737579,FALSE,3,5844578,59969,26710,0.7604386111111111,177.6961652777777,84
2026-05-23T19:00:00Z,browser-e2e,19,12,3,19,16,2447247,FALSE,3,5844597,59988,26726,0.6797908333333333,178.37595611111104,76
2026-05-23T19:15:00Z,browser-e2e,25,16,7,25,18,3056629,FALSE,3,5844622,60013,26744,0.8490636111111111,179.22501972222216,100
2026-05-23T19:30:00Z,browser-e2e,19,10,2,19,17,2679613,FALSE,3,5844641,60032,26761,0.7443369444444444,179.9693566666666,76
2026-05-23T19:45:00Z,browser-e2e,14,7,0,14,14,1718941,FALSE,2,5844655,60046,26775,0.4774836111111111,180.4468402777777,56
2026-05-23T20:00:00Z,browser-e2e,12,6,0,12,12,936602,FALSE,1,5844667,60058,26787,0.2601672222222222,180.70700749999995,48
2026-05-23T20:15:00Z,browser-e2e,11,5,0,11,11,871614,FALSE,1,5844678,60069,26798,0.242115,180.94912249999996,44
2026-05-23T20:30:00Z,browser-e2e,12,6,0,12,12,945233,FALSE,1,5844690,60081,26810,0.2625647222222222,181.21168722222217,48
2026-05-23T20:45:00Z,browser-e2e,11,6,0,11,11,861538,FALSE,1,5844701,60092,26821,0.23931611111111112,181.4510033333333,44
2026-05-23T21:00:00Z,browser-e2e,11,5,0,11,11,871952,FALSE,1,5844712,60103,26832,0.2422088888888889,181.69321222222217,44
2026-05-23T21:15:00Z,browser-e2e,12,6,0,12,12,937607,FALSE,1,5844724,60115,26844,0.2604463888888889,181.95365861111105,48
2026-05-23T21:30:00Z,browser-e2e,11,6,0,11,11,851245,FALSE,1,5844735,60126,26855,0.23645694444444446,182.1901155555555,44
2026-05-23T21:45:00Z,browser-e2e,12,6,0,12,12,943191,FALSE,1,5844747,60138,26867,0.2619975,182.45211305555551,48
2026-05-23T22:00:00Z,browser-e2e,12,6,0,12,12,915665,FALSE,1,5844759,60150,26879,0.25435138888888886,182.7064644444444,48
2026-05-23T22:15:00Z,browser-e2e,11,6,0,11,11,878387,FALSE,1,5844770,60161,26890,0.2439963888888889,182.9504608333333,44
2026-05-23T22:30:00Z,browser-e2e,11,5,0,11,11,870744,FALSE,1,5844781,60172,26901,0.24187333333333333,183.19233416666663,44
2026-05-23T22:45:00Z,browser-e2e,12,6,0,12,12,953092,FALSE,1,5844793,60184,26913,0.2647477777777778,183.4570819444444,48
2026-05-23T23:00:00Z,browser-e2e,11,6,0,11,11,881251,FALSE,1,5844804,60195,26924,0.24479194444444444,183.70187388888885,44
2026-05-23T23:15:00Z,browser-e2e,11,5,0,11,11,886068,FALSE,1,5844815,60206,26935,0.24613,183.94800388888885,44
2026-05-23T23:30:00Z,browser-e2e,11,6,0,11,11,901382,FALSE,1,5844826,60217,26946,0.2503838888888889,184.19838777777773,44
2026-05-23T23:45:00Z,browser-e2e,9,4,0,9,9,836040,FALSE,1,5844835,60226,26955,0.23223333333333335,184.43062111111107,36
2026-05-24T00:00:00Z,browser-e2e,6,3,0,6,6,809443,FALSE,1,5844841,60232,26961,0.22484527777777777,184.65546638888884,24
2026-05-24T00:15:00Z,browser-e2e,0,0,0,0,0,0,FALSE,0,5844841,60232,26961,0,184.65546638888884,0
2026-05-24T00:30:00Z,browser-e2e,0,0,0,0,0,0,FALSE,0,5844841,60232,26961,0,184.65546638888884,0
2026-05-24T00:45:00Z,browser-e2e,0,0,0,0,0,0,FALSE,0,5844841,60232,26961,0,184.65546638888884,0
2026-05-24T01:00:00Z,browser-e2e,0,0,0,0,0,0,FALSE,0,5844841,60232,26961,0,184.65546638888884,0
2026-05-24T01:15:00Z,browser-e2e,0,0,0,0,0,0,FALSE,0,5844841,60232,26961,0,184.65546638888884,0
2026-05-24T01:30:00Z,browser-e2e,0,0,0,0,0,0,FALSE,0,5844841,60232,26961,0,184.65546638888884,0
2026-05-24T01:45:00Z,browser-e2e,0,0,0,0,0,0,FALSE,0,5844841,60232,26961,0,184.65546638888884,0
2026-05-24T02:00:00Z,browser-e2e,0,0,0,0,0,0,FALSE,0,5844841,60232,26961,0,184.65546638888884,0
2026-05-24T02:15:00Z,browser-e2e,0,0,0,0,0,0,FALSE,0,5844841,60232,26961,0,184.65546638888884,0
2026-05-24T02:30:00Z,browser-e2e,0,0,0,0,0,0,FALSE,0,5844841,60232,26961,0,184.65546638888884,0
2026-05-24T02:45:00Z,browser-e2e,0,0,0,0,0,0,FALSE,0,5844841,60232,26961,0,184.65546638888884,0
2026-05-24T03:00:00Z,browser-e2e,0,0,0,0,0,0,FALSE,0,5844841,60232,26961,0,184.65546638888884,0
2026-05-24T03:15:00Z,browser-e2e,0,0,0,0,0,0,FALSE,0,5844841,60232,26961,0,184.65546638888884,0
2026-05-24T03:30:00Z,browser-e2e,0,0,0,0,0,0,FALSE,0,5844841,60232,26961,0,184.65546638888884,0
2026-05-24T03:45:00Z,browser-e2e,0,0,0,0,0,0,FALSE,0,5844841,60232,26961,0,184.65546638888884,0
2026-05-24T04:00:00Z,browser-e2e,0,0,0,0,0,0,FALSE,0,5844841,60232,26961,0,184.65546638888884,0
2026-05-24T04:15:00Z,browser-e2e,0,0,0,0,0,0,FALSE,0,5844841,60232,26961,0,184.65546638888884,0
2026-05-24T04:30:00Z,browser-e2e,0,0,0,0,0,0,FALSE,0,5844841,60232,26961,0,184.65546638888884,0
2026-05-24T04:45:00Z,browser-e2e,0,0,0,0,0,0,FALSE,0,5844841,60232,26961,0,184.65546638888884,0
2026-05-24T05:00:00Z,browser-e2e,0,0,0,0,0,0,FALSE,0,5844841,60232,26961,0,184.65546638888884,0
2026-05-24T05:15:00Z,browser-e2e,0,0,0,0,0,0,FALSE,0,5844841,60232,26961,0,184.65546638888884,0
2026-05-24T05:30:00Z,browser-e2e,0,0,0,0,0,0,FALSE,0,5844841,60232,26961,0,184.65546638888884,0
2026-05-24T05:45:00Z,browser-e2e,0,0,0,0,0,0,FALSE,0,5844841,60232,26961,0,184.65546638888884,0
2026-05-24T06:00:00Z,browser-e2e,0,0,0,0,0,0,FALSE,0,5844841,60232,26961,0,184.65546638888884,0
2026-05-24T06:15:00Z,browser-e2e,0,0,0,0,0,0,FALSE,0,5844841,60232,26961,0,184.65546638888884,0
2026-05-24T06:30:00Z,browser-e2e,0,0,0,0,0,0,FALSE,0,5844841,60232,26961,0,184.65546638888884,0
2026-05-24T06:45:00Z,browser-e2e,0,0,0,0,0,0,FALSE,0,5844841,60232,26961,0,184.65546638888884,0
2026-05-24T07:00:00Z,browser-e2e,0,0,0,0,0,0,FALSE,0,5844841,60232,26961,0,184.65546638888884,0
2026-05-24T07:15:00Z,browser-e2e,0,0,0,0,0,0,FALSE,0,5844841,60232,26961,0,184.65546638888884,0
2026-05-24T07:30:00Z,browser-e2e,0,0,0,0,0,0,FALSE,0,5844841,60232,26961,0,184.65546638888884,0
2026-05-24T07:45:00Z,browser-e2e,0,0,0,0,0,0,FALSE,0,5844841,60232,26961,0,184.65546638888884,0
2026-05-24T08:00:00Z,browser-e2e,0,0,0,0,0,0,FALSE,0,5844841,60232,26961,0,184.65546638888884,0
2026-05-24T08:15:00Z,browser-e2e,0,0,0,0,0,0,FALSE,0,5844841,60232,26961,0,184.65546638888884,0
2026-05-24T08:30:00Z,browser-e2e,2,2,1,2,1,238185,FALSE,1,5844843,60234,26962,0.0661625,184.72162888888883,8
2026-05-24T08:45:00Z,browser-e2e,66,46,25,66,41,4219931,FALSE,1,5844909,60300,27003,1.1722030555555556,185.89383194444437,264
2026-05-24T09:00:00Z,browser-e2e,0,0,0,0,0,0,FALSE,0,5844909,60300,27003,0,185.89383194444437,0
2026-05-24T09:15:00Z,browser-e2e,0,0,0,0,0,0,FALSE,0,5844909,60300,27003,0,185.89383194444437,0
2026-05-24T09:30:00Z,browser-e2e,0,0,0,0,0,0,FALSE,0,5844909,60300,27003,0,185.89383194444437,0
2026-05-24T09:45:00Z,browser-e2e,0,0,0,0,0,0,FALSE,0,5844909,60300,27003,0,185.89383194444437,0
2026-05-24T10:00:00Z,browser-e2e,0,0,0,0,0,0,FALSE,0,5844909,60300,27003,0,185.89383194444437,0
2026-05-24T10:15:00Z,browser-e2e,0,0,0,0,0,0,FALSE,0,5844909,60300,27003,0,185.89383194444437,0
2026-05-24T10:30:00Z,browser-e2e,0,0,0,0,0,0,FALSE,0,5844909,60300,27003,0,185.89383194444437,0
2026-05-24T10:45:00Z,browser-e2e,47,33,22,47,25,2191176,FALSE,1,5844956,60347,27028,0.60866,186.50249194444436,188
2026-05-24T11:00:00Z,browser-e2e,18,15,10,18,8,863776,FALSE,1,5844974,60365,27036,0.23993777777777778,186.74242972222214,72
2026-05-24T11:15:00Z,browser-e2e,3,3,1,3,2,239031,FALSE,1,5844977,60368,27038,0.0663975,186.80882722222213,12
2026-05-24T11:30:00Z,browser-e2e,0,0,0,0,0,0,FALSE,0,5844977,60368,27038,0,186.80882722222213,0
2026-05-24T11:45:00Z,browser-e2e,0,0,0,0,0,0,FALSE,0,5844977,60368,27038,0,186.80882722222213,0
2026-05-24T12:00:00Z,browser-e2e,0,0,0,0,0,0,FALSE,0,5844977,60368,27038,0,186.80882722222213,0
2026-05-24T12:15:00Z,browser-e2e,0,0,0,0,0,0,FALSE,0,5844977,60368,27038,0,186.80882722222213,0
2026-05-24T12:30:00Z,browser-e2e,0,0,0,0,0,0,FALSE,0,5844977,60368,27038,0,186.80882722222213,0
2026-05-24T12:45:00Z,browser-e2e,0,0,0,0,0,0,FALSE,0,5844977,60368,27038,0,186.80882722222213,0
2026-05-24T13:00:00Z,browser-e2e,0,0,0,0,0,0,FALSE,0,5844977,60368,27038,0,186.80882722222213,0
2026-05-24T13:15:00Z,browser-e2e,0,0,0,0,0,0,FALSE,0,5844977,60368,27038,0,186.80882722222213,0
2026-05-24T13:30:00Z,browser-e2e,0,0,0,0,0,0,FALSE,0,5844977,60368,27038,0,186.80882722222213,0
2026-05-24T13:45:00Z,browser-e2e,0,0,0,0,0,0,FALSE,0,5844977,60368,27038,0,186.80882722222213,0
2026-05-24T14:00:00Z,browser-e2e,0,0,0,0,0,0,FALSE,0,5844977,60368,27038,0,186.80882722222213,0
2026-05-24T14:15:00Z,browser-e2e,0,0,0,0,0,0,FALSE,0,5844977,60368,27038,0,186.80882722222213,0
2026-05-24T14:30:00Z,browser-e2e,0,0,0,0,0,0,FALSE,0,5844977,60368,27038,0,186.80882722222213,0
2026-05-24T14:45:00Z,browser-e2e,0,0,0,0,0,0,FALSE,0,5844977,60368,27038,0,186.80882722222213,0
2026-05-24T15:00:00Z,browser-e2e,0,0,0,0,0,0,FALSE,0,5844977,60368,27038,0,186.80882722222213,0
2026-05-24T15:15:00Z,browser-e2e,0,0,0,0,0,0,FALSE,0,5844977,60368,27038,0,186.80882722222213,0
2026-05-24T15:30:00Z,browser-e2e,0,0,0,0,0,0,FALSE,0,5844977,60368,27038,0,186.80882722222213,0
2026-05-24T15:45:00Z,browser-e2e,0,0,0,0,0,0,FALSE,0,5844977,60368,27038,0,186.80882722222213,0
2026-05-24T16:00:00Z,browser-e2e,0,0,0,0,0,0,FALSE,0,5844977,60368,27038,0,186.80882722222213,0
2026-05-24T16:15:00Z,browser-e2e,0,0,0,0,0,0,FALSE,0,5844977,60368,27038,0,186.80882722222213,0
2026-05-24T16:30:00Z,browser-e2e,0,0,0,0,0,0,FALSE,0,5844977,60368,27038,0,186.80882722222213,0
2026-05-24T16:45:00Z,browser-e2e,0,0,0,0,0,0,FALSE,0,5844977,60368,27038,0,186.80882722222213,0
2026-05-24T17:00:00Z,browser-e2e,12,9,4,12,8,489093,FALSE,1,5844989,60380,27046,0.13585916666666667,186.9446863888888,48
2026-05-24T17:15:00Z,browser-e2e,15,8,0,15,15,1201959,FALSE,1,5845004,60395,27061,0.3338775,187.2785638888888,60
2026-05-24T17:30:00Z,browser-e2e,10,5,0,10,10,962588,FALSE,1,5845014,60405,27071,0.26738555555555554,187.54594944444437,40
2026-05-24T17:45:00Z,browser-e2e,9,4,0,9,9,832778,FALSE,1,5845023,60414,27080,0.2313272222222222,187.7772766666666,36
2026-05-24T18:00:00Z,browser-e2e,11,6,0,11,11,814811,FALSE,1,5845034,60425,27091,0.22633638888888888,188.0036130555555,44
2026-05-24T18:15:00Z,browser-e2e,20,11,0,20,20,1660624,FALSE,1,5845054,60445,27111,0.46128444444444444,188.46489749999992,80
2026-05-24T18:30:00Z,browser-e2e,14,9,1,14,13,1107617,FALSE,1,5845068,60459,27124,0.3076713888888889,188.7725688888888,56
2026-05-24T18:45:00Z,browser-e2e,13,10,7,13,6,939549,FALSE,1,5845081,60472,27130,0.2609858333333333,189.03355472222214,52
2026-05-24T19:00:00Z,browser-e2e,4,2,0,4,4,957436,FALSE,1,5845085,60476,27134,0.26595444444444444,189.29950916666658,16
2026-05-24T19:15:00Z,browser-e2e,3,1,0,3,3,787445,FALSE,1,5845088,60479,27137,0.21873472222222223,189.5182438888888,12
2026-05-24T19:30:00Z,browser-e2e,4,2,0,4,4,913678,FALSE,1,5845092,60483,27141,0.25379944444444447,189.77204333333324,16
2026-05-24T19:45:00Z,browser-e2e,12,10,3,12,9,1629108,FALSE,1,5845104,60495,27150,0.45253,190.22457333333324,48
2026-05-24T20:00:00Z,browser-e2e,16,13,10,16,6,1998060,FALSE,1,5845120,60511,27156,0.5550166666666667,190.7795899999999,64
2026-05-24T20:15:00Z,browser-e2e,4,2,0,4,4,784638,FALSE,1,5845124,60515,27160,0.217955,190.9975449999999,16
2026-05-24T20:30:00Z,browser-e2e,16,14,9,16,7,2013010,FALSE,1,5845140,60531,27167,0.5591694444444445,191.55671444444434,64
2026-05-24T20:45:00Z,browser-e2e,16,11,7,16,9,2001149,FALSE,1,5845156,60547,27176,0.5558747222222222,192.11258916666657,64
2026-05-24T21:00:00Z,browser-e2e,33,20,8,33,25,2067392,FALSE,1,5845189,60580,27201,0.5742755555555555,192.6868647222221,132
2026-05-24T21:15:00Z,browser-e2e,30,18,6,30,24,1815400,FALSE,1,5845219,60610,27225,0.5042777777777778,193.1911424999999,120
2026-05-24T21:30:00Z,browser-e2e,28,16,4,28,24,1769814,FALSE,1,5845247,60638,27249,0.491615,193.6827574999999,112
2026-05-24T21:45:00Z,browser-e2e,30,17,6,30,24,1715809,FALSE,1,5845277,60668,27273,0.4766136111111111,194.159371111111,120
2026-05-24T22:00:00Z,browser-e2e,30,22,14,30,16,1526453,FALSE,1,5845307,60698,27289,0.4240147222222222,194.5833858333332,120
2026-05-24T22:15:00Z,browser-e2e,9,5,0,9,9,870999,FALSE,1,5845316,60707,27298,0.24194416666666665,194.82532999999987,36
2026-05-24T22:30:00Z,browser-e2e,8,4,0,8,8,909616,FALSE,1,5845324,60715,27306,0.2526711111111111,195.07800111111098,32
2026-05-24T22:45:00Z,browser-e2e,5,3,0,5,5,433695,FALSE,1,5845329,60720,27311,0.12047083333333333,195.19847194444432,20
2026-05-24T23:00:00Z,browser-e2e,15,9,4,15,11,1182450,FALSE,1,5845344,60735,27322,0.32845833333333335,195.52693027777767,60
2026-05-24T23:15:00Z,browser-e2e,32,20,5,32,27,1638099,FALSE,1,5845376,60767,27349,0.4550275,195.98195777777767,128
2026-05-24T23:30:00Z,browser-e2e,20,12,1,20,19,1058825,FALSE,1,5845396,60787,27368,0.29411805555555554,196.2760758333332,80
2026-05-24T23:45:00Z,browser-e2e,11,5,0,11,11,897258,FALSE,1,5845407,60798,27379,0.24923833333333334,196.52531416666653,44
2026-05-25T00:00:00Z,browser-e2e,10,5,0,10,10,869535,FALSE,1,5845417,60808,27389,0.2415375,196.76685166666653,40
2026-05-25T00:15:00Z,browser-e2e,9,6,2,9,7,649342,FALSE,1,5845426,60817,27396,0.18037277777777777,196.94722444444432,36
2026-05-25T00:30:00Z,browser-e2e,6,6,5,6,1,476067,FALSE,1,5845432,60823,27397,0.13224083333333334,197.07946527777764,24
2026-05-25T00:45:00Z,browser-e2e,67,52,35,67,32,3473599,FALSE,1,5845499,60890,27429,0.9648886111111111,198.04435388888876,268
2026-05-25T01:00:00Z,browser-e2e,29,20,9,29,20,1685439,FALSE,1,5845528,60919,27449,0.4681775,198.51253138888876,116
2026-05-25T01:15:00Z,browser-e2e,100,76,53,100,47,5133676,FALSE,2,5845628,61019,27496,1.4260211111111112,199.93855249999987,400
2026-05-25T01:30:00Z,browser-e2e,29,20,9,29,20,3144112,FALSE,2,5845657,61048,27516,0.8733644444444445,200.8119169444443,116
2026-05-25T01:45:00Z,browser-e2e,107,78,44,107,63,10429151,FALSE,2,5845764,61155,27579,2.8969863888888887,203.70890333333318,428
2026-05-25T02:00:00Z,browser-e2e,129,93,57,129,72,12759068,FALSE,2,5845893,61284,27651,3.5441855555555555,207.25308888888873,516
2026-05-25T02:15:00Z,browser-e2e,106,77,43,106,63,6916246,FALSE,2,5845999,61390,27714,1.9211794444444446,209.17426833333317,424
2026-05-25T02:30:00Z,browser-e2e,48,31,15,48,33,3708464,FALSE,1,5846047,61438,27747,1.0301288888888889,210.20439722222207,192
2026-05-25T02:45:00Z,browser-e2e,101,65,30,101,71,7083948,FALSE,1,5846148,61539,27818,1.9677633333333333,212.1721605555554,404
2026-05-25T03:00:00Z,browser-e2e,103,76,44,103,59,5647982,FALSE,1,5846251,61642,27877,1.568883888888889,213.74104444444427,412
2026-05-25T03:15:00Z,browser-e2e,49,34,11,49,38,3874648,FALSE,1,5846300,61691,27915,1.076291111111111,214.8173355555554,196
2026-05-25T03:30:00Z,browser-e2e,106,70,34,106,72,8158330,FALSE,2,5846406,61797,27987,2.2662027777777776,217.08353833333317,424
2026-05-25T03:45:00Z,browser-e2e,1342,684,16,1342,1326,9829154,FALSE,2,5847748,63139,29313,2.7303205555555556,219.81385888888872,5368
2026-05-25T04:00:00Z,browser-e2e,1297,671,43,1297,1254,15033885,FALSE,2,5849045,64436,30567,4.176079166666667,223.98993805555537,5188
2026-05-25T04:15:00Z,browser-e2e,754,387,14,754,740,8712157,FALSE,2,5849799,65190,31307,2.420043611111111,226.40998166666648,3016
2026-05-25T04:30:00Z,browser-e2e,468,239,9,468,459,5050314,FALSE,2,5850267,65658,31766,1.402865,227.81284666666647,1872
2026-05-25T04:45:00Z,browser-e2e,508,268,28,508,480,8526973,FALSE,2,5850775,66166,32246,2.3686036111111113,230.18145027777757,2032
2026-05-25T05:00:00Z,browser-e2e,475,244,9,475,466,4491551,FALSE,2,5851250,66641,32712,1.2476530555555556,231.42910333333313,1900
2026-05-25T05:15:00Z,browser-e2e,487,254,25,487,462,7654356,FALSE,2,5851737,67128,33174,2.12621,233.55531333333312,1948
2026-05-25T05:30:00Z,browser-e2e,483,248,13,483,470,5301427,FALSE,2,5852220,67611,33644,1.472618611111111,235.02793194444422,1932
2026-05-25T05:45:00Z,browser-e2e,636,329,18,636,618,6866854,FALSE,2,5852856,68247,34262,1.9074594444444444,236.93539138888866,2544
2026-05-25T06:00:00Z,browser-e2e,727,376,26,727,701,9844109,FALSE,2,5853583,68974,34963,2.734474722222222,239.66986611111088,2908
2026-05-25T06:15:00Z,browser-e2e,481,249,14,481,467,4562301,FALSE,2,5854064,69455,35430,1.2673058333333334,240.9371719444442,1924
2026-05-25T06:30:00Z,browser-e2e,1241,641,37,1241,1204,12460523,FALSE,2,5855305,70696,36634,3.4612563888888888,244.3984283333331,4964
2026-05-25T06:45:00Z,browser-e2e,1802,912,23,1802,1779,14524163,FALSE,2,5857107,72498,38413,4.034489722222222,248.43291805555532,7208
2026-05-25T07:00:00Z,browser-e2e,1353,694,24,1353,1329,12729099,FALSE,2,5858460,73851,39742,3.5358608333333335,251.96877888888866,5412
2026-05-25T07:15:00Z,browser-e2e,1425,727,31,1425,1394,13356917,FALSE,3,5859885,75276,41136,3.7102547222222224,255.6790336111109,5700
2026-05-25T07:30:00Z,browser-e2e,1594,819,41,1594,1553,16537969,FALSE,3,5861479,76870,42689,4.593880277777778,260.2729138888887,6376
2026-05-25T07:45:00Z,browser-e2e,1517,791,57,1517,1460,21004964,FALSE,3,5862996,78387,44149,5.8347122222222225,266.1076261111109,6068
2026-05-25T08:00:00Z,browser-e2e,1738,893,47,1738,1691,17790618,FALSE,3,5864734,80125,45840,4.941838333333333,271.04946444444425,6952
2026-05-25T08:15:00Z,browser-e2e,1624,833,45,1624,1579,19934291,FALSE,3,5866358,81749,47419,5.537303055555555,276.58676749999984,6496
2026-05-25T08:30:00Z,browser-e2e,1693,882,69,1693,1624,19360243,FALSE,3,5868051,83442,49043,5.377845277777777,281.96461277777763,6772
2026-05-25T08:45:00Z,browser-e2e,1681,873,63,1681,1618,16854735,FALSE,3,5869732,85123,50661,4.681870833333333,286.64648361111097,6724
2026-05-25T09:00:00Z,browser-e2e,1805,935,65,1805,1740,17980926,FALSE,3,5871537,86928,52401,4.994701666666667,291.64118527777765,7220
2026-05-25T09:15:00Z,browser-e2e,1658,849,45,1658,1613,16433607,FALSE,3,5873195,88586,54014,4.564890833333333,296.206076111111,6632
2026-05-25T09:30:00Z,browser-e2e,1623,840,52,1623,1571,17905130,FALSE,3,5874818,90209,55585,4.9736472222222226,301.1797233333332,6492
2026-05-25T09:45:00Z,browser-e2e,1716,881,47,1716,1669,18921974,FALSE,3,5876534,91925,57254,5.256103888888889,306.4358272222221,6864
2026-05-25T10:00:00Z,browser-e2e,1735,906,79,1735,1656,19105214,FALSE,3,5878269,93660,58910,5.307003888888889,311.742831111111,6940
2026-05-25T10:15:00Z,browser-e2e,1712,895,76,1712,1636,19281011,FALSE,3,5879981,95372,60546,5.355836388888889,317.0986674999999,6848
2026-05-25T10:30:00Z,browser-e2e,1720,896,66,1720,1654,17438512,FALSE,3,5881701,97092,62200,4.844031111111111,321.94269861111104,6880
2026-05-25T10:45:00Z,browser-e2e,1738,891,51,1738,1687,17022880,FALSE,3,5883439,98830,63887,4.728577777777778,326.6712763888888,6952
2026-05-25T11:00:00Z,browser-e2e,1686,853,19,1686,1667,14287602,FALSE,3,5885125,100516,65554,3.9687783333333333,330.64005472222215,6744
2026-05-25T11:15:00Z,browser-e2e,1635,832,25,1635,1610,14565900,FALSE,3,5886760,102151,67164,4.046083333333334,334.6861380555555,6540
2026-05-25T11:30:00Z,browser-e2e,1725,875,24,1725,1701,14009321,FALSE,2,5888485,103876,68865,3.8914780555555555,338.57761611111107,6900
2026-05-25T11:45:00Z,browser-e2e,1756,889,22,1756,1734,14756725,FALSE,2,5890241,105632,70599,4.099090277777778,342.6767063888889,7024
2026-05-25T12:00:00Z,browser-e2e,1724,877,30,1724,1694,14522268,FALSE,2,5891965,107356,72293,4.033963333333333,346.71066972222224,6896
2026-05-25T12:15:00Z,browser-e2e,1679,848,20,1679,1659,14364739,FALSE,2,5893644,109035,73952,3.9902052777777777,350.700875,6716
2026-05-25T12:30:00Z,browser-e2e,1687,856,21,1687,1666,14615680,FALSE,2,5895331,110722,75618,4.059911111111111,354.7607861111111,6748
2026-05-25T12:45:00Z,browser-e2e,1640,829,17,1640,1623,14702161,FALSE,2,5896971,112362,77241,4.083933611111111,358.8447197222222,6560
2026-05-25T13:00:00Z,browser-e2e,1650,838,24,1650,1626,15077467,FALSE,2,5898621,114012,78867,4.1881852777777775,363.03290499999997,6600
2026-05-25T13:15:00Z,browser-e2e,1668,844,20,1668,1648,14474789,FALSE,2,5900289,115680,80515,4.020774722222222,367.05367972222217,6672
2026-05-25T13:30:00Z,browser-e2e,1683,857,29,1683,1654,14844712,FALSE,2,5901972,117363,82169,4.123531111111111,371.1772108333333,6732
2026-05-25T13:45:00Z,browser-e2e,1754,890,23,1754,1731,14527737,FALSE,2,5903726,119117,83900,4.0354825,375.2126933333333,7016
2026-05-25T14:00:00Z,browser-e2e,1694,860,25,1694,1669,14612061,FALSE,2,5905420,120811,85569,4.058905833333333,379.2715991666666,6776
2026-05-25T14:15:00Z,browser-e2e,1711,874,31,1711,1680,14341523,FALSE,2,5907131,122522,87249,3.9837563888888887,383.25535555555547,6844
2026-05-25T14:30:00Z,browser-e2e,1725,872,23,1725,1702,14807958,FALSE,2,5908856,124247,88951,4.113321666666667,387.3686772222221,6900
2026-05-25T14:45:00Z,browser-e2e,1652,836,24,1652,1628,14804053,FALSE,2,5910508,125899,90579,4.112236944444445,391.48091416666654,6608
2026-05-25T15:00:00Z,browser-e2e,1695,860,22,1695,1673,14525644,FALSE,2,5912203,127594,92252,4.034901111111111,395.5158152777776,6780
2026-05-25T15:15:00Z,browser-e2e,1672,849,24,1672,1648,14133507,FALSE,2,5913875,129266,93900,3.9259741666666668,399.4417894444443,6688
2026-05-25T15:30:00Z,browser-e2e,1677,851,24,1677,1653,14586558,FALSE,2,5915552,130943,95553,4.051821666666667,403.49361111111097,6708
2026-05-25T15:45:00Z,browser-e2e,1664,850,38,1664,1626,15663125,FALSE,2,5917216,132607,97179,4.350868055555556,407.84447916666653,6656
2026-05-25T16:00:00Z,browser-e2e,1635,832,23,1635,1612,14487970,FALSE,2,5918851,134242,98791,4.024436111111111,411.86891527777766,6540
2026-05-25T16:15:00Z,browser-e2e,1615,817,22,1615,1593,15302149,FALSE,2,5920466,135857,100384,4.250596944444444,416.1195122222221,6460
2026-05-25T16:30:00Z,browser-e2e,1664,846,30,1664,1634,14680543,FALSE,2,5922130,137521,102018,4.077928611111111,420.19744083333325,6656
2026-05-25T16:45:00Z,browser-e2e,1666,844,21,1666,1645,15254774,FALSE,2,5923796,139187,103663,4.237437222222222,424.4348780555555,6664
2026-05-25T17:00:00Z,browser-e2e,1742,885,21,1742,1721,14957377,FALSE,2,5925538,140929,105384,4.154826944444444,428.5897049999999,6968
2026-05-25T17:15:00Z,browser-e2e,1748,883,18,1748,1730,15478874,FALSE,2,5927286,142677,107114,4.299687222222222,432.88939222222217,6992
2026-05-25T17:30:00Z,browser-e2e,1818,923,22,1818,1796,15178736,FALSE,2,5929104,144495,108910,4.216315555555555,437.10570777777775,7272
2026-05-25T17:45:00Z,browser-e2e,1745,884,18,1745,1727,13898020,FALSE,2,5930849,146240,110637,3.860561111111111,440.96626888888886,6980
2026-05-25T18:00:00Z,browser-e2e,1799,911,16,1799,1783,14412730,FALSE,2,5932648,148039,112420,4.003536111111111,444.96980499999995,7196
2026-05-25T18:15:00Z,browser-e2e,1798,907,21,1798,1777,14201001,FALSE,2,5934446,149837,114197,3.9447225,448.91452749999996,7192
2026-05-25T18:30:00Z,browser-e2e,1793,907,15,1793,1778,14601700,FALSE,2,5936239,151630,115975,4.056027777777778,452.97055527777775,7172
2026-05-25T18:45:00Z,browser-e2e,1843,926,13,1843,1830,14568582,FALSE,2,5938082,153473,117805,4.046828333333333,457.0173836111111,7372
2026-05-25T19:00:00Z,browser-e2e,1804,926,41,1804,1763,16480485,FALSE,3,5939886,155277,119568,4.5779125,461.5952961111111,7216
2026-05-25T19:15:00Z,browser-e2e,1480,764,49,1480,1431,14277734,FALSE,3,5941366,156757,120999,3.9660372222222224,465.5613333333333,5920
2026-05-25T19:30:00Z,browser-e2e,1833,946,56,1833,1777,16862109,FALSE,3,5943199,158590,122776,4.683919166666667,470.2452525,7332
2026-05-25T19:45:00Z,browser-e2e,1810,926,46,1810,1764,15526880,FALSE,3,5945009,160400,124540,4.313022222222222,474.5582747222222,7240
2026-05-25T20:00:00Z,browser-e2e,1765,909,54,1765,1711,19311603,FALSE,3,5946774,162165,126251,5.364334166666667,479.9226088888889,7060
2026-05-25T20:15:00Z,browser-e2e,1772,912,49,1772,1723,18265196,FALSE,3,5948546,163937,127974,5.073665555555555,484.99627444444445,7088
2026-05-25T20:30:00Z,browser-e2e,1865,960,58,1865,1807,18365147,FALSE,3,5950411,165802,129781,5.101429722222222,490.0977041666667,7460
2026-05-25T20:45:00Z,browser-e2e,1796,926,55,1796,1741,15104038,FALSE,2,5952207,167598,131522,4.195566111111111,494.2932702777778,7184
2026-05-25T21:00:00Z,browser-e2e,1693,865,38,1693,1655,15585291,FALSE,3,5953900,169291,133177,4.3292475,498.62251777777783,6772
2026-05-25T21:15:00Z,browser-e2e,1777,914,47,1777,1730,16649864,FALSE,3,5955677,171068,134907,4.624962222222222,503.24748000000005,7108
2026-05-25T21:30:00Z,browser-e2e,1707,876,48,1707,1659,16975638,FALSE,3,5957384,172775,136566,4.715455,507.9629350000001,6828
2026-05-25T21:45:00Z,browser-e2e,1929,998,66,1929,1863,18692854,FALSE,3,5959313,174704,138429,5.192459444444444,513.1553944444445,7716
2026-05-25T22:00:00Z,browser-e2e,1923,985,48,1923,1875,18752899,FALSE,3,5961236,176627,140304,5.209138611111111,518.3645330555556,7692
2026-05-25T22:15:00Z,browser-e2e,1765,914,58,1765,1707,18013639,FALSE,3,5963001,178392,142011,5.003788611111111,523.3683216666667,7060
2026-05-25T22:30:00Z,browser-e2e,2009,1035,57,2009,1952,18994796,FALSE,3,5965010,180401,143963,5.276332222222222,528.6446538888889,8036
2026-05-25T22:45:00Z,browser-e2e,2070,1065,63,2070,2007,18467329,FALSE,3,5967080,182471,145970,5.1298136111111114,533.7744675,8280
2026-05-25T23:00:00Z,browser-e2e,1976,1000,23,1976,1953,14624533,FALSE,3,5969056,184447,147923,4.062370277777778,537.8368377777778,7904
2026-05-25T23:15:00Z,browser-e2e,1923,975,22,1923,1901,16311057,FALSE,2,5970979,186370,149824,4.530849166666667,542.3676869444445,7692
2026-05-25T23:30:00Z,browser-e2e,1794,905,17,1794,1777,12184758,FALSE,1,5972773,188164,151601,3.384655,545.7523419444444,7176
2026-05-25T23:45:00Z,browser-e2e,2050,1038,22,2050,2028,16229367,FALSE,2,5974823,190214,153629,4.5081575,550.2604994444445,8200
2026-05-26T00:00:00Z,browser-e2e,2140,1080,17,2140,2123,15212328,FALSE,2,5976963,192354,155752,4.225646666666667,554.4861461111111,8560
2026-05-26T00:15:00Z,browser-e2e,2130,1076,18,2130,2112,15554419,FALSE,2,5979093,194484,157864,4.320671944444444,558.8068180555556,8520
2026-05-26T00:30:00Z,browser-e2e,2138,1080,17,2138,2121,14989738,FALSE,2,5981231,196622,159985,4.163816111111111,562.9706341666667,8552
2026-05-26T00:45:00Z,browser-e2e,2087,1052,16,2087,2071,13800027,FALSE,2,5983318,198709,162056,3.833340833333333,566.803975,8348
2026-05-26T01:00:00Z,browser-e2e,2085,1055,25,2085,2060,16066174,FALSE,2,5985403,200794,164116,4.462826111111111,571.2668011111111,8340
2026-05-26T01:15:00Z,browser-e2e,2114,1070,18,2114,2096,15574795,FALSE,2,5987517,202908,166212,4.326331944444444,575.5931330555555,8456
2026-05-26T01:30:00Z,browser-e2e,2165,1092,16,2165,2149,15542881,FALSE,2,5989682,205073,168361,4.317466944444444,579.9105999999999,8660
2026-05-26T01:45:00Z,browser-e2e,2024,1020,13,2024,2011,12944500,FALSE,2,5991706,207097,170372,3.5956944444444443,583.5062944444444,8096
2026-05-26T02:00:00Z,browser-e2e,1871,946,18,1871,1853,15581304,FALSE,2,5993577,208968,172225,4.32814,587.8344344444444,7484
2026-05-26T02:15:00Z,browser-e2e,2071,1047,21,2071,2050,13674938,FALSE,2,5995648,211039,174275,3.798593888888889,591.6330283333333,8284
2026-05-26T02:30:00Z,browser-e2e,2089,1055,20,2089,2069,15115210,FALSE,2,5997737,213128,176344,4.198669444444445,595.8316977777778,8356
2026-05-26T02:45:00Z,browser-e2e,2071,1049,29,2071,2042,14937772,FALSE,2,5999808,215199,178386,4.149381111111111,599.9810788888889,8284
2026-05-26T03:00:00Z,browser-e2e,2091,1067,37,2091,2054,16290464,FALSE,2,6001899,217290,180440,4.525128888888889,604.5062077777777,8364
2026-05-26T03:15:00Z,browser-e2e,2114,1080,48,2114,2066,16325781,FALSE,2,6004013,219404,182506,4.534939166666667,609.0411469444443,8456
2026-05-26T03:30:00Z,browser-e2e,2123,1080,39,2123,2084,16702461,FALSE,2,6006136,221527,184590,4.6395725,613.6807194444443,8492
2026-05-26T03:45:00Z,browser-e2e,2181,1113,43,2181,2138,16628817,FALSE,2,6008317,223708,186728,4.619115833333334,618.2998352777777,8724
2026-05-26T04:00:00Z,browser-e2e,2150,1088,23,2150,2127,15578704,FALSE,2,6010467,225858,188855,4.327417777777778,622.6272530555555,8600
2026-05-26T04:15:00Z,browser-e2e,2094,1057,19,2094,2075,15672509,FALSE,2,6012561,227952,190930,4.353474722222222,626.9807277777777,8376
2026-05-26T04:30:00Z,browser-e2e,2154,1092,22,2154,2132,15861687,FALSE,2,6014715,230106,193062,4.406024166666667,631.3867519444443,8616
2026-05-26T04:45:00Z,browser-e2e,1861,939,16,1861,1845,13669609,FALSE,2,6016576,231967,194907,3.797113611111111,635.1838655555554,7444
2026-05-26T05:00:00Z,browser-e2e,2122,1077,29,2122,2093,15505702,FALSE,2,6018698,234089,197000,4.307139444444444,639.4910049999999,8488
2026-05-26T05:15:00Z,browser-e2e,2135,1081,21,2135,2114,15861635,FALSE,2,6020833,236224,199114,4.4060097222222225,643.8970147222221,8540
2026-05-26T05:30:00Z,browser-e2e,2144,1084,20,2144,2124,15708420,FALSE,2,6022977,238368,201238,4.36345,648.2604647222222,8576
2026-05-26T05:45:00Z,browser-e2e,2107,1069,19,2107,2088,14986277,FALSE,2,6025084,240475,203326,4.162854722222222,652.4233194444445,8428
2026-05-26T06:00:00Z,browser-e2e,2080,1050,21,2080,2059,15736302,FALSE,2,6027164,242555,205385,4.371195,656.7945144444445,8320
2026-05-26T06:15:00Z,browser-e2e,1955,984,14,1955,1941,15320307,FALSE,2,6029119,244510,207326,4.2556408333333335,661.0501552777779,7820
2026-05-26T06:30:00Z,browser-e2e,2018,1018,15,2018,2003,13339435,FALSE,2,6031137,246528,209329,3.7053986111111112,664.755553888889,8072
2026-05-26T06:45:00Z,browser-e2e,2154,1082,11,2154,2143,12252749,FALSE,1,6033291,248682,211472,3.403541388888889,668.159095277778,8616
2026-05-26T07:00:00Z,browser-e2e,2143,1079,11,2143,2132,12612605,FALSE,2,6035434,250825,213604,3.503501388888889,671.6625966666669,8572
2026-05-26T07:15:00Z,browser-e2e,1490,755,20,1490,1470,11187645,FALSE,2,6036924,252315,215074,3.1076791666666668,674.7702758333336,5960
2026-05-26T07:30:00Z,browser-e2e,87,57,26,87,61,6088722,FALSE,2,6037011,252402,215135,1.6913116666666668,676.4615875000003,348
2026-05-26T07:45:00Z,browser-e2e,71,49,22,71,49,5805054,FALSE,2,6037082,252473,215184,1.612515,678.0741025000003,284
2026-05-26T08:00:00Z,browser-e2e,83,53,18,83,65,6469907,FALSE,2,6037165,252556,215249,1.7971963888888889,679.8712988888892,332
2026-05-26T08:15:00Z,browser-e2e,94,61,21,94,73,6758596,FALSE,2,6037259,252650,215322,1.8773877777777779,681.748686666667,376
2026-05-26T08:30:00Z,browser-e2e,83,56,25,83,58,6636799,FALSE,2,6037342,252733,215380,1.8435552777777777,683.5922419444448,332
2026-05-26T08:45:00Z,browser-e2e,86,54,23,86,63,6744797,FALSE,2,6037428,252819,215443,1.8735547222222222,685.4657966666671,344
2026-05-26T09:00:00Z,browser-e2e,94,56,21,94,73,7225431,FALSE,2,6037522,252913,215516,2.007064166666667,687.4728608333337,376
2026-05-26T09:15:00Z,browser-e2e,94,58,21,94,73,7092852,FALSE,2,6037616,253007,215589,1.9702366666666666,689.4430975000004,376
2026-05-26T09:30:00Z,browser-e2e,91,58,20,91,71,6409775,FALSE,2,6037707,253098,215660,1.7804930555555556,691.2235905555559,364
2026-05-26T09:45:00Z,browser-e2e,95,58,21,95,74,6711646,FALSE,2,6037802,253193,215734,1.864346111111111,693.087936666667,380
2026-05-26T10:00:00Z,browser-e2e,92,56,18,92,74,7038701,FALSE,2,6037894,253285,215808,1.9551947222222221,695.0431313888893,368
2026-05-26T10:15:00Z,browser-e2e,91,56,22,91,69,6816269,FALSE,2,6037985,253376,215877,1.8934080555555555,696.9365394444449,364
2026-05-26T10:30:00Z,browser-e2e,88,55,21,88,67,6839883,FALSE,2,6038073,253464,215944,1.8999675,698.8365069444449,352
2026-05-26T10:45:00Z,browser-e2e,81,54,24,81,57,6841360,FALSE,2,6038154,253545,216001,1.9003777777777777,700.7368847222226,324
2026-05-26T11:00:00Z,browser-e2e,88,57,24,88,64,6878107,FALSE,2,6038242,253633,216065,1.9105852777777779,702.6474700000003,352
2026-05-26T11:15:00Z,browser-e2e,80,54,26,80,54,6420514,FALSE,2,6038322,253713,216119,1.783476111111111,704.4309461111114,320
2026-05-26T11:30:00Z,browser-e2e,92,57,21,92,71,7047179,FALSE,2,6038414,253805,216190,1.9575497222222222,706.3884958333336,368
2026-05-26T11:45:00Z,browser-e2e,91,54,17,91,74,6986918,FALSE,2,6038505,253896,216264,1.9408105555555555,708.3293063888892,364
2026-05-26T12:00:00Z,browser-e2e,84,52,21,84,63,6828804,FALSE,2,6038589,253980,216327,1.89689,710.2261963888892,336
2026-05-26T12:15:00Z,browser-e2e,89,55,20,89,69,6801579,FALSE,2,6038678,254069,216396,1.8893275,712.1155238888892,356
2026-05-26T12:30:00Z,browser-e2e,86,54,21,86,65,6646507,FALSE,2,6038764,254155,216461,1.8462519444444445,713.9617758333337,344
2026-05-26T12:45:00Z,browser-e2e,88,54,18,88,70,6878866,FALSE,2,6038852,254243,216531,1.9107961111111111,715.8725719444449,352
2026-05-26T13:00:00Z,browser-e2e,90,55,23,90,67,7009735,FALSE,2,6038942,254333,216598,1.9471486111111111,717.8197205555559,360
2026-05-26T13:15:00Z,browser-e2e,84,52,17,84,67,6858227,FALSE,2,6039026,254417,216665,1.9050630555555557,719.7247836111114,336
2026-05-26T13:30:00Z,browser-e2e,88,52,18,88,70,7174549,FALSE,2,6039114,254505,216735,1.9929302777777778,721.7177138888892,352
2026-05-26T13:45:00Z,browser-e2e,84,53,19,84,65,6493570,FALSE,2,6039198,254589,216800,1.8037694444444445,723.5214833333337,336
2026-05-26T14:00:00Z,browser-e2e,89,54,20,89,69,6882832,FALSE,2,6039287,254678,216869,1.9118977777777777,725.4333811111114,356
2026-05-26T14:15:00Z,browser-e2e,84,52,21,84,63,6722028,FALSE,2,6039371,254762,216932,1.86723,727.3006111111114,336
2026-05-26T14:30:00Z,browser-e2e,84,51,14,84,70,6713217,FALSE,2,6039455,254846,217002,1.8647825,729.1653936111114,336
2026-05-26T14:45:00Z,browser-e2e,82,50,20,82,62,6871932,FALSE,2,6039537,254928,217064,1.90887,731.0742636111114,328
2026-05-26T15:00:00Z,browser-e2e,87,56,20,87,67,6395537,FALSE,2,6039624,255015,217131,1.7765380555555557,732.8508016666669,348
2026-05-26T15:15:00Z,browser-e2e,86,52,17,86,69,6799969,FALSE,2,6039710,255101,217200,1.8888802777777778,734.7396819444447,344
2026-05-26T15:30:00Z,browser-e2e,84,51,16,84,68,6767457,FALSE,2,6039794,255185,217268,1.8798491666666666,736.6195311111113,336
2026-05-26T15:45:00Z,browser-e2e,78,47,18,78,60,6736537,FALSE,2,6039872,255263,217328,1.8712602777777778,738.4907913888891,312
2026-05-26T16:00:00Z,browser-e2e,83,52,20,83,63,7212721,FALSE,2,6039955,255346,217391,2.003533611111111,740.4943250000002,332
2026-05-26T16:15:00Z,browser-e2e,82,48,13,82,69,6674304,FALSE,2,6040037,255428,217460,1.8539733333333333,742.3482983333336,328
2026-05-26T16:30:00Z,browser-e2e,81,51,21,81,60,6619016,FALSE,2,6040118,255509,217520,1.8386155555555554,744.1869138888891,324
2026-05-26T16:45:00Z,browser-e2e,76,45,12,76,64,6741657,FALSE,2,6040194,255585,217584,1.8726825,746.0595963888891,304
2026-05-26T17:00:00Z,browser-e2e,87,52,19,87,68,7177429,FALSE,2,6040281,255672,217652,1.9937302777777777,748.0533266666669,348
2026-05-26T17:15:00Z,browser-e2e,79,49,16,79,63,6410086,FALSE,2,6040360,255751,217715,1.7805794444444445,749.8339061111113,316
2026-05-26T17:30:00Z,browser-e2e,87,51,14,87,73,6874208,FALSE,2,6040447,255838,217788,1.9095022222222222,751.7434083333336,348
2026-05-26T17:45:00Z,browser-e2e,75,45,11,75,64,6676382,FALSE,2,6040522,255913,217852,1.8545505555555555,753.5979588888891,300
2026-05-26T18:00:00Z,browser-e2e,77,48,15,77,62,6467383,FALSE,2,6040599,255990,217914,1.7964952777777778,755.394454166667,308
2026-05-26T18:15:00Z,browser-e2e,71,43,16,71,55,6469409,FALSE,2,6040670,256061,217969,1.7970580555555555,757.1915122222225,284
2026-05-26T18:30:00Z,browser-e2e,76,48,14,76,62,6847716,FALSE,2,6040746,256137,218031,1.9021433333333333,759.0936555555559,304
2026-05-26T18:45:00Z,browser-e2e,78,43,12,78,66,6488264,FALSE,2,6040824,256215,218097,1.8022955555555555,760.8959511111115,312
2026-05-26T19:00:00Z,browser-e2e,79,47,15,79,64,6976793,FALSE,2,6040903,256294,218161,1.9379980555555556,762.833949166667,316
2026-05-26T19:15:00Z,browser-e2e,73,43,14,73,59,6746857,FALSE,2,6040976,256367,218220,1.8741269444444444,764.7080761111115,292
2026-05-26T19:30:00Z,browser-e2e,71,43,11,71,60,6249167,FALSE,2,6041047,256438,218280,1.7358797222222222,766.4439558333337,284
2026-05-26T19:45:00Z,browser-e2e,72,44,15,72,57,5796916,FALSE,2,6041119,256510,218337,1.6102544444444444,768.0542102777781,288
2026-05-26T20:00:00Z,browser-e2e,64,39,15,64,49,5704914,FALSE,2,6041183,256574,218386,1.5846983333333333,769.6389086111114,256
2026-05-26T20:15:00Z,browser-e2e,67,43,16,67,51,5951464,FALSE,2,6041250,256641,218437,1.6531844444444443,771.2920930555559,268
2026-05-26T20:30:00Z,browser-e2e,70,41,15,70,55,6053539,FALSE,2,6041320,256711,218492,1.681538611111111,772.9736316666671,280
2026-05-26T20:45:00Z,browser-e2e,67,41,10,67,57,6034143,FALSE,2,6041387,256778,218549,1.6761508333333333,774.6497825000004,268
2026-05-26T21:00:00Z,browser-e2e,43,26,8,43,35,2636241,FALSE,2,6041430,256821,218584,0.7322891666666667,775.382071666667,172
2026-05-26T21:15:00Z,browser-e2e,40,29,11,40,29,2452896,FALSE,2,6041470,256861,218613,0.68136,776.063431666667,160
2026-05-26T21:30:00Z,browser-e2e,77,45,11,77,66,6189482,FALSE,2,6041547,256938,218679,1.7193005555555556,777.7827322222226,308
2026-05-26T21:45:00Z,browser-e2e,83,43,4,83,79,6528315,FALSE,2,6041630,257021,218758,1.8134208333333333,779.596153055556,332
2026-05-26T22:00:00Z,browser-e2e,590,302,11,590,579,8275085,FALSE,2,6042220,257611,219337,2.2986347222222223,781.8947877777782,2360
2026-05-26T22:15:00Z,browser-e2e,2090,1053,9,2090,2081,13296616,FALSE,2,6044310,259701,221418,3.6935044444444443,785.5882922222227,8360
2026-05-26T22:30:00Z,browser-e2e,2059,1036,11,2059,2048,13526954,FALSE,2,6046369,261760,223466,3.757487222222222,789.3457794444449,8236
2026-05-26T22:45:00Z,browser-e2e,2056,1039,11,2056,2045,12580376,FALSE,2,6048425,263816,225511,3.4945488888888887,792.8403283333338,8224
2026-05-26T23:00:00Z,browser-e2e,2028,1020,12,2028,2016,13011772,FALSE,2,6050453,265844,227527,3.6143811111111113,796.4547094444449,8112
2026-05-26T23:15:00Z,browser-e2e,2024,1019,7,2024,2017,13020966,FALSE,2,6052477,267868,229544,3.616935,800.0716444444449,8096
2026-05-26T23:30:00Z,browser-e2e,2016,1013,11,2016,2005,12860481,FALSE,2,6054493,269884,231549,3.5723558333333334,803.6440002777782,8064
2026-05-26T23:45:00Z,browser-e2e,2029,1023,16,2029,2013,12737083,FALSE,2,6056522,271913,233562,3.538078611111111,807.1820788888894,8116
2026-05-27T00:00:00Z,browser-e2e,2057,1038,12,2057,2045,12025702,FALSE,2,6058579,273970,235607,3.340472777777778,810.5225516666671,8228
2026-05-27T00:15:00Z,browser-e2e,2050,1036,17,2050,2033,14136598,FALSE,2,6060629,276020,237640,3.926832777777778,814.449384444445,8200
2026-05-27T00:30:00Z,browser-e2e,2036,1025,14,2036,2022,13125698,FALSE,2,6062665,278056,239662,3.646027222222222,818.0954116666671,8144
2026-05-27T00:45:00Z,browser-e2e,2064,1041,13,2064,2051,15142680,FALSE,2,6064729,280120,241713,4.2063,822.3017116666672,8256
2026-05-27T01:00:00Z,browser-e2e,2062,1037,14,2062,2048,16155267,FALSE,2,6066791,282182,243761,4.487574166666667,826.7892858333339,8248
2026-05-27T01:15:00Z,browser-e2e,2130,1070,9,2130,2121,11512703,FALSE,1,6068921,284312,245882,3.1979730555555554,829.9872588888894,8520
2026-05-27T01:30:00Z,browser-e2e,2056,1036,10,2056,2046,14613469,FALSE,2,6070977,286368,247928,4.059296944444444,834.0465558333339,8224
2026-05-27T01:45:00Z,browser-e2e,1957,988,17,1957,1940,20391302,FALSE,2,6072934,288325,249868,5.664250555555555,839.7108063888894,7828
2026-05-27T02:00:00Z,browser-e2e,1955,991,17,1955,1938,16713105,FALSE,2,6074889,290280,251806,4.642529166666667,844.3533355555561,7820
2026-05-27T02:15:00Z,browser-e2e,1986,1006,15,1986,1971,13082411,FALSE,2,6076875,292266,253777,3.6340030555555556,847.9873386111117,7944
2026-05-27T02:30:00Z,browser-e2e,1894,955,14,1894,1880,16494968,FALSE,2,6078769,294160,255657,4.581935555555556,852.5692741666672,7576
2026-05-27T02:45:00Z,browser-e2e,1841,934,17,1841,1824,15438783,FALSE,2,6080610,296001,257481,4.288550833333334,856.8578250000006,7364
2026-05-27T03:00:00Z,browser-e2e,1977,996,13,1977,1964,13680469,FALSE,2,6082587,297978,259445,3.800130277777778,860.6579552777783,7908
2026-05-27T03:15:00Z,browser-e2e,1950,983,13,1950,1937,12194231,FALSE,2,6084537,299928,261382,3.387286388888889,864.0452416666673,7800
2026-05-27T03:30:00Z,browser-e2e,1973,1000,14,1973,1959,14278064,FALSE,2,6086510,301901,263341,3.966128888888889,868.0113705555561,7892
2026-05-27T03:45:00Z,browser-e2e,1882,957,37,1882,1845,19901806,FALSE,2,6088392,303783,265186,5.528279444444444,873.5396500000006,7528
2026-05-27T04:00:00Z,browser-e2e,1916,979,36,1916,1880,17305285,FALSE,2,6090308,305699,267066,4.807023611111111,878.3466736111118,7664
2026-05-27T04:15:00Z,browser-e2e,1729,875,12,1729,1717,15847078,FALSE,2,6092037,307428,268783,4.401966111111111,882.748639722223,6916
2026-05-27T04:30:00Z,browser-e2e,1919,970,23,1919,1896,17384930,FALSE,2,6093956,309347,270679,4.829147222222222,887.5777869444452,7676
2026-05-27T04:45:00Z,browser-e2e,1848,946,40,1848,1808,20030245,FALSE,2,6095804,311195,272487,5.5639569444444446,893.1417438888897,7392
2026-05-27T05:00:00Z,browser-e2e,1948,989,28,1948,1920,21150602,FALSE,2,6097752,313143,274407,5.875167222222222,899.0169111111119,7792
2026-05-27T05:15:00Z,browser-e2e,1918,964,10,1918,1908,14056568,FALSE,2,6099670,315061,276315,3.904602222222222,902.9215133333341,7672
2026-05-27T05:30:00Z,browser-e2e,2063,1040,17,2063,2046,13287701,FALSE,2,6101733,317124,278361,3.6910280555555555,906.6125413888897,8252
2026-05-27T05:45:00Z,browser-e2e,2141,1073,3,2141,2138,12653695,FALSE,2,6103874,319265,280499,3.514915277777778,910.1274566666674,8564
2026-05-27T06:00:00Z,browser-e2e,2090,1045,0,2090,2090,13661287,FALSE,2,6105964,321355,282589,3.7948019444444445,913.9222586111118,8360
2026-05-27T06:15:00Z,browser-e2e,2109,1058,2,2109,2107,13185540,FALSE,2,6108073,323464,284696,3.66265,917.5849086111118,8436
2026-05-27T06:30:00Z,browser-e2e,2072,1038,1,2072,2071,13352131,FALSE,2,6110145,325536,286767,3.708925277777778,921.2938338888896,8288
2026-05-27T06:45:00Z,browser-e2e,2084,1052,18,2084,2066,14986665,FALSE,2,6112229,327620,288833,4.1629625,925.4567963888896,8336
2026-05-27T07:00:00Z,browser-e2e,2071,1042,10,2071,2061,13666239,FALSE,2,6114300,329691,290894,3.7961775,929.2529738888896,8284
2026-05-27T07:15:00Z,browser-e2e,1794,912,33,1794,1761,17182700,FALSE,2,6116094,331485,292655,4.772972222222222,934.0259461111118,7176
2026-05-27T07:30:00Z,browser-e2e,2006,1013,19,2006,1987,15411319,FALSE,2,6118100,333491,294642,4.280921944444445,938.3068680555563,8024
2026-05-27T07:45:00Z,browser-e2e,2091,1058,19,2091,2072,16171035,FALSE,2,6120191,335582,296714,4.491954166666667,942.798822222223,8364
2026-05-27T08:00:00Z,browser-e2e,2058,1034,11,2058,2047,13473358,FALSE,2,6122249,337640,298761,3.7425994444444446,946.5414216666674,8232
2026-05-27T08:15:00Z,browser-e2e,2097,1058,10,2097,2087,14380547,FALSE,2,6124346,339737,300848,3.9945963888888887,950.5360180555563,8388
2026-05-27T08:30:00Z,browser-e2e,2067,1047,23,2067,2044,16314683,FALSE,2,6126413,341804,302892,4.5318563888888885,955.0678744444451,8268
2026-05-27T08:45:00Z,browser-e2e,2109,1067,23,2109,2086,15526190,FALSE,2,6128522,343913,304978,4.312830555555555,959.3807050000007,8436
2026-05-27T09:00:00Z,browser-e2e,2079,1049,20,2079,2059,16596249,FALSE,2,6130601,345992,307037,4.610069166666666,963.9907741666674,8316
2026-05-27T09:15:00Z,browser-e2e,2143,1079,9,2143,2134,12812879,FALSE,2,6132744,348135,309171,3.5591330555555554,967.5499072222229,8572
2026-05-27T09:30:00Z,browser-e2e,2068,1044,23,2068,2045,13311045,FALSE,2,6134812,350203,311216,3.6975125,971.247419722223,8272
2026-05-27T09:45:00Z,browser-e2e,2169,1093,11,2169,2158,13149964,FALSE,2,6136981,352372,313374,3.6527677777777776,974.9001875000007,8676
2026-05-27T10:00:00Z,browser-e2e,1972,995,18,1972,1954,11740533,FALSE,2,6138953,354344,315328,3.2612591666666666,978.1614466666674,7888
2026-05-27T10:15:00Z,browser-e2e,2131,1071,7,2131,2124,13828064,FALSE,2,6141084,356475,317452,3.841128888888889,982.0025755555563,8524
2026-05-27T10:30:00Z,browser-e2e,2016,1026,30,2016,1986,17792650,FALSE,2,6143100,358491,319438,4.942402777777778,986.9449783333341,8064
2026-05-27T10:45:00Z,browser-e2e,2031,1025,16,2031,2015,13876002,FALSE,2,6145131,360522,321453,3.854445,990.7994233333342,8124
2026-05-27T11:00:00Z,browser-e2e,2024,1019,8,2024,2016,14244529,FALSE,2,6147155,362546,323469,3.956813611111111,994.7562369444453,8096
2026-05-27T11:15:00Z,browser-e2e,2103,1065,27,2103,2076,16869639,FALSE,2,6149258,364649,325545,4.6860108333333335,999.4422477777786,8412
2026-05-27T11:30:00Z,browser-e2e,2100,1050,1,2100,2099,14191615,FALSE,2,6151358,366749,327644,3.942115277777778,1003.3843630555564,8400
2026-05-27T11:45:00Z,browser-e2e,2053,1033,12,2053,2041,15224264,FALSE,2,6153411,368802,329685,4.228962222222222,1007.6133252777786,8212
2026-05-27T12:00:00Z,browser-e2e,2065,1044,19,2065,2046,15954149,FALSE,2,6155476,370867,331731,4.431708055555555,1012.0450333333341,8260
2026-05-27T12:15:00Z,browser-e2e,2052,1031,6,2052,2046,14376007,FALSE,2,6157528,372919,333777,3.9933352777777777,1016.0383686111119,8208
2026-05-27T12:30:00Z,browser-e2e,2023,1019,13,2023,2010,13412685,FALSE,2,6159551,374942,335787,3.7257458333333333,1019.7641144444452,8092
2026-05-27T12:45:00Z,browser-e2e,2157,1082,2,2157,2155,11159991,FALSE,2,6161708,377099,337942,3.0999975,1022.8641119444452,8628
2026-05-27T13:00:00Z,browser-e2e,2128,1068,3,2128,2125,11865944,FALSE,2,6163836,379227,340067,3.2960955555555556,1026.1602075000008,8512
2026-05-27T13:15:00Z,browser-e2e,2136,1069,0,2136,2136,11728917,FALSE,2,6165972,381363,342203,3.2580325,1029.4182400000007,8544
2026-05-27T13:30:00Z,browser-e2e,2157,1079,0,2157,2157,12417457,FALSE,2,6168129,383520,344360,3.449293611111111,1032.8675336111119,8628
2026-05-27T13:45:00Z,browser-e2e,2150,1075,0,2150,2150,12182464,FALSE,2,6170279,385670,346510,3.384017777777778,1036.2515513888895,8600
2026-05-27T14:00:00Z,browser-e2e,2150,1076,0,2150,2150,11976737,FALSE,2,6172429,387820,348660,3.326871388888889,1039.5784227777783,8600
2026-05-27T14:15:00Z,browser-e2e,2180,1093,0,2180,2180,11853391,FALSE,2,6174609,390000,350840,3.292608611111111,1042.8710313888894,8720
2026-05-27T14:30:00Z,browser-e2e,2145,1071,0,2145,2145,12427808,FALSE,2,6176754,392145,352985,3.452168888888889,1046.3232002777784,8580
2026-05-27T14:45:00Z,browser-e2e,2172,1087,0,2172,2172,12529959,FALSE,2,6178926,394317,355157,3.4805441666666668,1049.803744444445,8688
2026-05-27T15:00:00Z,browser-e2e,2193,1099,0,2193,2193,12376705,FALSE,2,6181119,396510,357350,3.437973611111111,1053.2417180555562,8772
2026-05-27T15:15:00Z,browser-e2e,2141,1071,0,2141,2141,11627272,FALSE,2,6183260,398651,359491,3.2297977777777778,1056.471515833334,8564
2026-05-27T15:30:00Z,browser-e2e,2175,1088,0,2175,2175,12339064,FALSE,2,6185435,400826,361666,3.4275177777777777,1059.8990336111117,8700
2026-05-27T15:45:00Z,browser-e2e,2200,1101,0,2200,2200,12397971,FALSE,2,6187635,403026,363866,3.4438808333333335,1063.3429144444451,8800
2026-05-27T16:00:00Z,browser-e2e,2156,1080,0,2156,2156,12559400,FALSE,2,6189791,405182,366022,3.488722222222222,1066.8316366666672,8624
2026-05-27T16:15:00Z,browser-e2e,2194,1097,0,2194,2194,12614629,FALSE,2,6191985,407376,368216,3.504063611111111,1070.3357002777784,8776
2026-05-27T16:30:00Z,browser-e2e,2168,1085,0,2168,2168,12329189,FALSE,2,6194153,409544,370384,3.4247747222222222,1073.7604750000007,8672
2026-05-27T16:45:00Z,browser-e2e,2168,1086,0,2168,2168,12454529,FALSE,2,6196321,411712,372552,3.4595913888888887,1077.2200663888896,8672
2026-05-27T17:00:00Z,browser-e2e,2187,1092,0,2187,2187,12299494,FALSE,2,6198508,413899,374739,3.416526111111111,1080.6365925000007,8748
2026-05-27T17:15:00Z,browser-e2e,2210,1107,0,2210,2210,12544582,FALSE,2,6200718,416109,376949,3.4846061111111113,1084.1211986111118,8840
2026-05-27T17:30:00Z,browser-e2e,2165,1086,0,2165,2165,11785058,FALSE,2,6202883,418274,379114,3.2736272222222222,1087.3948258333342,8660
2026-05-27T17:45:00Z,browser-e2e,2189,1099,13,2189,2176,12152409,FALSE,2,6205072,420463,381290,3.3756691666666665,1090.770495000001,8756
2026-05-27T18:00:00Z,browser-e2e,2191,1102,9,2191,2182,12492376,FALSE,2,6207263,422654,383472,3.4701044444444444,1094.2405994444453,8764
2026-05-27T18:15:00Z,browser-e2e,2193,1101,6,2193,2187,12480565,FALSE,2,6209456,424847,385659,3.4668236111111113,1097.7074230555563,8772
2026-05-27T18:30:00Z,browser-e2e,2196,1104,15,2196,2181,12272204,FALSE,2,6211652,427043,387840,3.4089455555555555,1101.116368611112,8784
2026-05-27T18:45:00Z,browser-e2e,2099,1049,0,2099,2099,11160501,FALSE,2,6213751,429142,389939,3.1001391666666667,1104.2165077777786,8396
2026-05-27T19:00:00Z,browser-e2e,2085,1051,13,2085,2072,13483600,FALSE,2,6215836,431227,392011,3.7454444444444444,1107.961952222223,8340
2026-05-27T19:15:00Z,browser-e2e,1998,1006,15,1998,1983,14250414,FALSE,2,6217834,433225,393994,3.958448333333333,1111.9204005555564,7992
2026-05-27T19:30:00Z,browser-e2e,1977,1004,24,1977,1953,14282139,FALSE,2,6219811,435202,395947,3.9672608333333335,1115.8876613888897,7908
2026-05-27T19:45:00Z,browser-e2e,2152,1082,12,2152,2140,14255691,FALSE,2,6221963,437354,398087,3.9599141666666666,1119.8475755555564,8608
2026-05-27T20:00:00Z,browser-e2e,2128,1067,6,2128,2122,13188674,FALSE,2,6224091,439482,400209,3.6635205555555554,1123.511096111112,8512
2026-05-27T20:15:00Z,browser-e2e,2143,1079,10,2143,2133,14214498,FALSE,2,6226234,441625,402342,3.948471666666667,1127.4595677777786,8572
2026-05-27T20:30:00Z,browser-e2e,2120,1069,14,2120,2106,13702230,FALSE,2,6228354,443745,404448,3.806175,1131.2657427777785,8480
2026-05-27T20:45:00Z,browser-e2e,2119,1060,4,2119,2115,12128132,FALSE,2,6230473,445864,406563,3.3689255555555557,1134.634668333334,8476
2026-05-27T21:00:00Z,browser-e2e,2149,1078,0,2149,2149,11592882,FALSE,2,6232622,448013,408712,3.220245,1137.854913333334,8596
2026-05-27T21:15:00Z,browser-e2e,2209,1105,0,2209,2209,11558431,FALSE,2,6234831,450222,410921,3.210675277777778,1141.0655886111117,8836
2026-05-27T21:30:00Z,browser-e2e,2138,1070,0,2138,2138,11542404,FALSE,2,6236969,452360,413059,3.2062233333333334,1144.271811944445,8552
2026-05-27T21:45:00Z,browser-e2e,2202,1102,0,2202,2202,11588626,FALSE,2,6239171,454562,415261,3.219062777777778,1147.4908747222228,8808
2026-05-27T22:00:00Z,browser-e2e,2188,1094,0,2188,2188,11437162,FALSE,2,6241359,456750,417449,3.1769894444444446,1150.6678641666672,8752
2026-05-27T22:15:00Z,browser-e2e,2202,1103,0,2202,2202,11639937,FALSE,2,6243561,458952,419651,3.233315833333333,1153.9011800000005,8808
2026-05-27T22:30:00Z,browser-e2e,2110,1056,0,2110,2110,11411721,FALSE,2,6245671,461062,421761,3.1699225,1157.0711025000005,8440
2026-05-27T22:45:00Z,browser-e2e,2145,1074,1,2145,2144,12495312,FALSE,2,6247816,463207,423905,3.47092,1160.5420225000005,8580
2026-05-27T23:00:00Z,browser-e2e,2185,1094,0,2185,2185,11697239,FALSE,2,6250001,465392,426090,3.2492330555555555,1163.791255555556,8740
2026-05-27T23:15:00Z,browser-e2e,2200,1099,0,2200,2200,11368187,FALSE,2,6252201,467592,428290,3.157829722222222,1166.9490852777783,8800
2026-05-27T23:30:00Z,browser-e2e,2188,1096,0,2188,2188,11560238,FALSE,2,6254389,469780,430478,3.211177222222222,1170.1602625000005,8752
2026-05-27T23:45:00Z,browser-e2e,2184,1093,0,2184,2184,11592950,FALSE,2,6256573,471964,432662,3.220263888888889,1173.3805263888894,8736
2026-05-28T00:00:00Z,browser-e2e,2187,1093,0,2187,2187,11634781,FALSE,2,6258760,474151,434849,3.2318836111111113,1176.6124100000004,8748
2026-05-28T00:15:00Z,browser-e2e,2212,1109,0,2212,2212,11378600,FALSE,2,6260972,476363,437061,3.160722222222222,1179.7731322222226,8848
2026-05-28T00:30:00Z,browser-e2e,2202,1101,0,2202,2202,11583746,FALSE,2,6263174,478565,439263,3.2177072222222223,1182.9908394444449,8808
2026-05-28T00:45:00Z,browser-e2e,2216,1110,0,2216,2216,11561032,FALSE,2,6265390,480781,441479,3.2113977777777776,1186.2022372222227,8864
2026-05-28T01:00:00Z,browser-e2e,2205,1102,0,2205,2205,11535468,FALSE,2,6267595,482986,443684,3.2042966666666666,1189.4065338888895,8820
2026-05-28T01:15:00Z,browser-e2e,2177,1090,0,2177,2177,11648461,FALSE,2,6269772,485163,445861,3.235683611111111,1192.6422175000007,8708
2026-05-28T01:30:00Z,browser-e2e,2218,1109,0,2218,2218,11416465,FALSE,2,6271990,487381,448079,3.1712402777777777,1195.8134577777785,8872
2026-05-28T01:45:00Z,browser-e2e,2192,1096,0,2192,2192,11553523,FALSE,2,6274182,489573,450271,3.2093119444444445,1199.0227697222228,8768
2026-05-28T02:00:00Z,browser-e2e,2183,1094,0,2183,2183,11602400,FALSE,2,6276365,491756,452454,3.222888888888889,1202.2456586111118,8732
2026-05-28T02:15:00Z,browser-e2e,2201,1101,0,2201,2201,11547023,FALSE,2,6278566,493957,454655,3.207506388888889,1205.4531650000008,8804
2026-05-28T02:30:00Z,browser-e2e,2188,1094,0,2188,2188,11437645,FALSE,2,6280754,496145,456843,3.177123611111111,1208.6302886111118,8752
2026-05-28T02:45:00Z,browser-e2e,2120,1062,0,2120,2120,11527667,FALSE,2,6282874,498265,458963,3.2021297222222223,1211.832418333334,8480
2026-05-28T03:00:00Z,browser-e2e,2182,1092,0,2182,2182,11531914,FALSE,2,6285056,500447,461145,3.2033094444444443,1215.0357277777784,8728
2026-05-28T03:15:00Z,browser-e2e,2175,1088,0,2175,2175,11660071,FALSE,2,6287231,502622,463320,3.238908611111111,1218.2746363888896,8700
2026-05-28T03:30:00Z,browser-e2e,2175,1088,0,2175,2175,11429338,FALSE,2,6289406,504797,465495,3.1748161111111113,1221.4494525000007,8700
2026-05-28T03:45:00Z,browser-e2e,2159,1080,0,2159,2159,11561691,FALSE,2,6291565,506956,467654,3.2115808333333336,1224.661033333334,8636
2026-05-28T04:00:00Z,browser-e2e,2174,1090,0,2174,2174,11512709,FALSE,2,6293739,509130,469828,3.1979747222222223,1227.8590080555562,8696
2026-05-28T04:15:00Z,browser-e2e,1810,903,0,1810,1810,10095264,FALSE,2,6295549,510940,471638,2.80424,1230.663248055556,7240
2026-05-28T04:30:00Z,browser-e2e,2148,1077,0,2148,2148,11477599,FALSE,2,6297697,513088,473786,3.1882219444444444,1233.8514700000005,8592
2026-05-28T04:45:00Z,browser-e2e,2106,1053,0,2106,2106,11636946,FALSE,2,6299803,515194,475892,3.232485,1237.0839550000005,8424
2026-05-28T05:00:00Z,browser-e2e,2084,1043,0,2084,2084,11359649,FALSE,2,6301887,517278,477976,3.1554580555555556,1240.239413055556,8336
2026-05-28T05:15:00Z,browser-e2e,2147,1072,0,2147,2147,11636989,FALSE,2,6304034,519425,480123,3.2324969444444442,1243.4719100000004,8588
2026-05-28T05:30:00Z,browser-e2e,2072,1038,0,2072,2072,11465889,FALSE,2,6306106,521497,482195,3.184969166666667,1246.656879166667,8288
2026-05-28T05:45:00Z,browser-e2e,2133,1066,0,2133,2133,11663502,FALSE,2,6308239,523630,484328,3.2398616666666666,1249.8967408333338,8532
2026-05-28T06:00:00Z,browser-e2e,2092,1048,0,2092,2092,11407137,FALSE,2,6310331,525722,486420,3.1686491666666665,1253.0653900000004,8368
2026-05-28T06:15:00Z,browser-e2e,2111,1056,0,2111,2111,11602862,FALSE,2,6312442,527833,488531,3.2230172222222224,1256.2884072222228,8444
2026-05-28T06:30:00Z,browser-e2e,2153,1079,0,2153,2153,10806724,FALSE,2,6314595,529986,490684,3.0018677777777776,1259.2902750000005,8612
2026-05-28T06:45:00Z,browser-e2e,2125,1063,0,2125,2125,10775389,FALSE,2,6316720,532111,492809,2.993163611111111,1262.2834386111117,8500
2026-05-28T07:00:00Z,browser-e2e,2155,1078,0,2155,2155,10820950,FALSE,2,6318875,534266,494964,3.0058194444444446,1265.289258055556,8620
2026-05-28T07:15:00Z,browser-e2e,2164,1083,0,2164,2164,10680501,FALSE,2,6321039,536430,497128,2.9668058333333334,1268.2560638888895,8656
2026-05-28T07:30:00Z,browser-e2e,2199,1101,0,2199,2199,10693677,FALSE,2,6323238,538629,499327,2.9704658333333334,1271.2265297222227,8796
2026-05-28T07:45:00Z,browser-e2e,2178,1091,0,2178,2178,10860267,FALSE,2,6325416,540807,501505,3.0167408333333334,1274.2432705555561,8712
2026-05-28T08:00:00Z,browser-e2e,2166,1082,0,2166,2166,10755205,FALSE,2,6327582,542973,503671,2.9875569444444445,1277.2308275000005,8664
2026-05-28T08:15:00Z,browser-e2e,2176,1091,0,2176,2176,10794102,FALSE,2,6329758,545149,505847,2.998361666666667,1280.229189166667,8704
2026-05-28T08:30:00Z,browser-e2e,2155,1079,0,2155,2155,10687842,FALSE,2,6331913,547304,508002,2.968845,1283.1980341666672,8620
2026-05-28T08:45:00Z,browser-e2e,2161,1081,0,2161,2161,10648020,FALSE,2,6334074,549465,510163,2.9577833333333334,1286.1558175000005,8644
2026-05-28T09:00:00Z,browser-e2e,2146,1074,0,2146,2146,10828158,FALSE,2,6336220,551611,512309,3.0078216666666666,1289.163639166667,8584
2026-05-28T09:15:00Z,browser-e2e,2158,1081,0,2158,2158,10846189,FALSE,2,6338378,553769,514467,3.012830277777778,1292.1764694444448,8632
2026-05-28T09:30:00Z,browser-e2e,2193,1097,0,2193,2193,10564086,FALSE,2,6340571,555962,516660,2.9344683333333332,1295.1109377777782,8772
2026-05-28T09:45:00Z,browser-e2e,2164,1082,0,2164,2164,10739290,FALSE,2,6342735,558126,518824,2.983136111111111,1298.0940738888894,8656
2026-05-28T10:00:00Z,browser-e2e,2188,1097,0,2188,2188,10817305,FALSE,2,6344923,560314,521012,3.0048069444444443,1301.0988808333339,8752
2026-05-28T10:15:00Z,browser-e2e,2140,1070,0,2140,2140,10794613,FALSE,2,6347063,562454,523152,2.998503611111111,1304.097384444445,8560
2026-05-28T10:30:00Z,browser-e2e,2188,1097,0,2188,2188,10704646,FALSE,2,6349251,564642,525340,2.9735127777777777,1307.0708972222228,8752
2026-05-28T10:45:00Z,browser-e2e,2050,1028,3,2050,2047,11387712,FALSE,2,6351301,566692,527387,3.1632533333333335,1310.2341505555562,8200
2026-05-28T11:00:00Z,browser-e2e,2088,1050,11,2088,2077,14047560,FALSE,2,6353389,568780,529464,3.9021,1314.1362505555562,8352
2026-05-28T11:15:00Z,browser-e2e,2085,1049,9,2085,2076,13200992,FALSE,2,6355474,570865,531540,3.666942222222222,1317.8031927777783,8340
2026-05-28T11:30:00Z,browser-e2e,2109,1056,2,2109,2107,12553577,FALSE,2,6357583,572974,533647,3.487104722222222,1321.2902975000006,8436
2026-05-28T11:45:00Z,browser-e2e,2116,1059,0,2116,2116,11683472,FALSE,2,6359699,575090,535763,3.245408888888889,1324.5357063888896,8464
2026-05-28T12:00:00Z,browser-e2e,2131,1066,0,2131,2131,11552581,FALSE,2,6361830,577221,537894,3.2090502777777776,1327.7447566666674,8524
2026-05-28T12:15:00Z,browser-e2e,2145,1073,0,2145,2145,11612086,FALSE,2,6363975,579366,540039,3.2255794444444446,1330.970336111112,8580
2026-05-28T12:30:00Z,browser-e2e,2116,1060,1,2116,2115,11656449,FALSE,2,6366091,581482,542154,3.2379025,1334.208238611112,8464
2026-05-28T12:45:00Z,browser-e2e,2167,1086,0,2167,2167,10836631,FALSE,2,6368258,583649,544321,3.010175277777778,1337.2184138888897,8668
2026-05-28T13:00:00Z,browser-e2e,2114,1058,0,2114,2114,10720534,FALSE,2,6370372,585763,546435,2.977926111111111,1340.1963400000009,8456
2026-05-28T13:15:00Z,browser-e2e,2154,1076,0,2154,2154,10632549,FALSE,2,6372526,587917,548589,2.953485833333333,1343.1498258333343,8616
2026-05-28T13:30:00Z,browser-e2e,2144,1075,0,2144,2144,10836141,FALSE,2,6374670,590061,550733,3.0100391666666666,1346.159865000001,8576
2026-05-28T13:45:00Z,browser-e2e,2144,1073,0,2144,2144,10765977,FALSE,2,6376814,592205,552877,2.990549166666667,1349.1504141666676,8576
2026-05-28T14:00:00Z,browser-e2e,2161,1081,0,2161,2161,10646081,FALSE,2,6378975,594366,555038,2.9572447222222222,1352.1076588888898,8644
2026-05-28T14:15:00Z,browser-e2e,2126,1065,0,2126,2126,10884156,FALSE,2,6381101,596492,557164,3.0233766666666666,1355.1310355555565,8504
2026-05-28T14:30:00Z,browser-e2e,2133,1066,0,2133,2133,10654542,FALSE,2,6383234,598625,559297,2.959595,1358.0906305555566,8532
2026-05-28T14:45:00Z,browser-e2e,2161,1083,0,2161,2161,10814568,FALSE,2,6385395,600786,561458,3.0040466666666665,1361.0946772222233,8644
2026-05-28T15:00:00Z,browser-e2e,2130,1066,0,2130,2130,10769301,FALSE,2,6387525,602916,563588,2.9914725,1364.0861497222234,8520
2026-05-28T15:15:00Z,browser-e2e,2174,1088,0,2174,2174,10646538,FALSE,2,6389699,605090,565762,2.9573716666666665,1367.04352138889,8696
2026-05-28T15:30:00Z,browser-e2e,2130,1066,0,2130,2130,10564057,FALSE,2,6391829,607220,567892,2.9344602777777777,1369.9779816666678,8520
2026-05-28T15:45:00Z,browser-e2e,2149,1078,0,2149,2149,10850487,FALSE,2,6393978,609369,570041,3.0140241666666667,1372.9920058333344,8596
2026-05-28T16:00:00Z,browser-e2e,2142,1071,0,2142,2142,10768104,FALSE,2,6396120,611511,572183,2.99114,1375.9831458333344,8568
2026-05-28T16:15:00Z,browser-e2e,1793,897,0,1793,1793,9020068,FALSE,2,6397913,613304,573976,2.5055744444444445,1378.4887202777788,7172
2026-05-28T16:30:00Z,browser-e2e,2119,1062,0,2119,2119,10729161,FALSE,2,6400032,615423,576095,2.9803225,1381.469042777779,8476
2026-05-28T16:45:00Z,browser-e2e,2121,1060,0,2121,2121,10760592,FALSE,2,6402153,617544,578216,2.989053333333333,1384.4580961111121,8484
2026-05-28T17:00:00Z,browser-e2e,2142,1072,0,2142,2142,10834687,FALSE,2,6404295,619686,580358,3.009635277777778,1387.46773138889,8568
2026-05-28T17:15:00Z,browser-e2e,2118,1061,0,2118,2118,10827844,FALSE,2,6406413,621804,582476,3.0077344444444445,1390.4754658333343,8472
2026-05-28T17:30:00Z,browser-e2e,2125,1065,0,2125,2125,10714563,FALSE,2,6408538,623929,584601,2.9762675,1393.4517333333342,8500
2026-05-28T17:45:00Z,browser-e2e,2107,1053,0,2107,2107,10602354,FALSE,2,6410645,626036,586708,2.945098333333333,1396.3968316666676,8428
2026-05-28T18:00:00Z,browser-e2e,2125,1063,0,2125,2125,10770511,FALSE,2,6412770,628161,588833,2.9918086111111113,1399.3886402777787,8500
2026-05-28T18:15:00Z,browser-e2e,2086,1045,0,2086,2086,10836338,FALSE,2,6414856,630247,590919,3.010093888888889,1402.3987341666675,8344
2026-05-28T18:30:00Z,browser-e2e,2123,1062,0,2123,2123,10853091,FALSE,2,6416979,632370,593042,3.0147475,1405.4134816666676,8492
2026-05-28T18:45:00Z,browser-e2e,2099,1053,0,2099,2099,10501286,FALSE,2,6419078,634469,595141,2.917023888888889,1408.3305055555566,8396
2026-05-28T19:00:00Z,browser-e2e,2136,1066,0,2136,2136,10828674,FALSE,2,6421214,636605,597277,3.007965,1411.3384705555566,8544
2026-05-28T19:15:00Z,browser-e2e,2127,1066,0,2127,2127,10873274,FALSE,2,6423341,638732,599404,3.020353888888889,1414.3588244444454,8508
2026-05-28T19:30:00Z,browser-e2e,2121,1062,0,2121,2121,10715860,FALSE,2,6425462,640853,601525,2.976627777777778,1417.3354522222232,8484
2026-05-28T19:45:00Z,browser-e2e,2095,1048,0,2095,2095,10665415,FALSE,2,6427557,642948,603620,2.9626152777777777,1420.298067500001,8380
2026-05-28T20:00:00Z,browser-e2e,2073,1039,0,2073,2073,10526844,FALSE,2,6429630,645021,605693,2.924123333333333,1423.2221908333343,8292
2026-05-28T20:15:00Z,browser-e2e,2038,1020,0,2038,2038,10864012,FALSE,2,6431668,647059,607731,3.0177811111111112,1426.2399719444454,8152
2026-05-28T20:30:00Z,browser-e2e,2090,1046,0,2090,2090,10818444,FALSE,2,6433758,649149,609821,3.005123333333333,1429.2450952777788,8360
2026-05-28T20:45:00Z,browser-e2e,2117,1059,0,2117,2117,10770056,FALSE,2,6435875,651266,611938,2.9916822222222224,1432.236777500001,8468
2026-05-28T21:00:00Z,browser-e2e,2138,1071,0,2138,2138,10728237,FALSE,2,6438013,653404,614076,2.980065833333333,1435.2168433333343,8552
2026-05-28T21:15:00Z,browser-e2e,2111,1057,0,2111,2111,10578454,FALSE,2,6440124,655515,616187,2.9384594444444443,1438.1553027777786,8444
2026-05-28T21:30:00Z,browser-e2e,2126,1065,0,2126,2126,10871262,FALSE,2,6442250,657641,618313,3.019795,1441.1750977777785,8504
2026-05-28T21:45:00Z,browser-e2e,2114,1057,0,2114,2114,10791040,FALSE,2,6444364,659755,620427,2.9975111111111112,1444.1726088888897,8456
2026-05-28T22:00:00Z,browser-e2e,2070,1038,0,2070,2070,10629207,FALSE,2,6446434,661825,622497,2.9525575,1447.1251663888897,8280
2026-05-28T22:15:00Z,browser-e2e,2005,1002,2,2005,2003,11760824,FALSE,2,6448439,663830,624500,3.2668955555555557,1450.3920619444452,8020
2026-05-28T22:30:00Z,browser-e2e,2056,1032,0,2056,2056,11799540,FALSE,2,6450495,665886,626556,3.27765,1453.6697119444452,8224
2026-05-28T22:45:00Z,browser-e2e,1973,987,0,1973,1973,11951539,FALSE,2,6452468,667859,628529,3.3198719444444444,1456.9895838888897,7892
2026-05-28T23:00:00Z,browser-e2e,2065,1035,0,2065,2065,11768131,FALSE,2,6454533,669924,630594,3.268925277777778,1460.2585091666674,8260
2026-05-28T23:15:00Z,browser-e2e,2003,1005,5,2003,1998,13021928,FALSE,2,6456536,671927,632592,3.617202222222222,1463.8757113888896,8012
2026-05-28T23:30:00Z,browser-e2e,2031,1018,11,2031,2020,14286275,FALSE,2,6458567,673958,634612,3.9684097222222223,1467.844121111112,8124
2026-05-28T23:45:00Z,browser-e2e,1964,986,6,1964,1958,13074656,FALSE,2,6460531,675922,636570,3.631848888888889,1471.4759700000009,7856
2026-05-29T00:00:00Z,browser-e2e,1981,998,7,1981,1974,13362428,FALSE,2,6462512,677903,638544,3.7117855555555557,1475.1877555555564,7924
2026-05-29T00:15:00Z,browser-e2e,1994,1003,13,1994,1981,14507403,FALSE,2,6464506,679897,640525,4.029834166666666,1479.217589722223,7976
2026-05-29T00:30:00Z,browser-e2e,2008,1009,6,2008,2002,12297887,FALSE,2,6466514,681905,642527,3.4160797222222223,1482.6336694444453,8032
2026-05-29T00:45:00Z,browser-e2e,1931,970,7,1931,1924,13252756,FALSE,2,6468445,683836,644451,3.681321111111111,1486.3149905555565,7724
2026-05-29T01:00:00Z,browser-e2e,1981,998,14,1981,1967,13847920,FALSE,2,6470426,685817,646418,3.8466444444444443,1490.1616350000008,7924
2026-05-29T01:15:00Z,browser-e2e,1931,974,14,1931,1917,14062597,FALSE,2,6472357,687748,648335,3.9062769444444445,1494.0679119444453,7724
2026-05-29T01:30:00Z,browser-e2e,1982,996,2,1982,1980,12103236,FALSE,2,6474339,689730,650315,3.36201,1497.4299219444454,7928
2026-05-29T01:45:00Z,browser-e2e,1982,1004,23,1982,1959,14147720,FALSE,2,6476321,691712,652274,3.9299222222222223,1501.3598441666677,7928
2026-05-29T02:00:00Z,browser-e2e,1980,1003,22,1980,1958,15200573,FALSE,2,6478301,693692,654232,4.222381388888889,1505.5822255555565,7920
2026-05-29T02:15:00Z,browser-e2e,1968,990,15,1968,1953,13676064,FALSE,2,6480269,695660,656185,3.798906666666667,1509.3811322222232,7872
2026-05-29T02:30:00Z,browser-e2e,2034,1019,0,2034,2034,11738770,FALSE,2,6482303,697694,658219,3.2607694444444446,1512.6419016666675,8136
2026-05-29T02:45:00Z,browser-e2e,1966,988,5,1966,1961,12959828,FALSE,2,6484269,699660,660180,3.5999522222222224,1516.2418538888899,7864
2026-05-29T03:00:00Z,browser-e2e,1991,1003,13,1991,1978,14185546,FALSE,2,6486260,701651,662158,3.9404294444444443,1520.1822833333342,7964
2026-05-29T03:15:00Z,browser-e2e,1989,999,9,1989,1980,14307456,FALSE,2,6488249,703640,664138,3.9742933333333332,1524.1565766666677,7956
2026-05-29T03:30:00Z,browser-e2e,2005,1005,9,2005,1996,14250744,FALSE,2,6490254,705645,666134,3.95854,1528.1151166666677,8020
2026-05-29T03:45:00Z,browser-e2e,2028,1021,10,2028,2018,14094595,FALSE,2,6492282,707673,668152,3.9151652777777777,1532.0302819444455,8112
2026-05-29T04:00:00Z,browser-e2e,1931,968,7,1931,1924,12624788,FALSE,2,6494213,709604,670076,3.5068855555555554,1535.537167500001,7724
2026-05-29T04:15:00Z,browser-e2e,1765,885,0,1765,1765,8924645,FALSE,1,6495978,711369,671841,2.4790680555555555,1538.0162355555565,7060
2026-05-29T04:30:00Z,browser-e2e,1926,973,17,1926,1909,11811136,FALSE,2,6497904,713295,673750,3.2808711111111113,1541.2971066666676,7704
2026-05-29T04:45:00Z,browser-e2e,1939,986,27,1939,1912,12779018,FALSE,2,6499843,715234,675662,3.5497272222222223,1544.8468338888897,7756
2026-05-29T05:00:00Z,browser-e2e,1931,977,28,1931,1903,13104609,FALSE,2,6501774,717165,677565,3.6401691666666665,1548.4870030555564,7724
2026-05-29T05:15:00Z,browser-e2e,2022,1031,35,2022,1987,14239921,FALSE,2,6503796,719187,679552,3.955533611111111,1552.4425366666676,8088
2026-05-29T05:30:00Z,browser-e2e,1984,1010,37,1984,1947,14366576,FALSE,2,6505780,721171,681499,3.9907155555555556,1556.4332522222232,7936
2026-05-29T05:45:00Z,browser-e2e,2015,1025,30,2015,1985,14342597,FALSE,2,6507795,723186,683484,3.984054722222222,1560.4173069444455,8060
2026-05-29T06:00:00Z,browser-e2e,2038,1034,33,2038,2005,14092840,FALSE,2,6509833,725224,685489,3.914677777777778,1564.3319847222233,8152
2026-05-29T06:15:00Z,browser-e2e,2074,1051,30,2074,2044,14290905,FALSE,2,6511907,727298,687533,3.969695833333333,1568.3016805555567,8296
2026-05-29T06:30:00Z,browser-e2e,608,310,11,608,597,4506874,FALSE,2,6512515,727906,688130,1.2519094444444445,1569.5535900000011,2432
2026-05-29T06:45:00Z,browser-e2e,0,0,0,0,0,0,FALSE,0,6512515,727906,688130,0,1569.5535900000011,0
2026-05-29T07:00:00Z,browser-e2e,0,0,0,0,0,0,FALSE,0,6512515,727906,688130,0,1569.5535900000011,0
2026-05-29T07:15:00Z,browser-e2e,0,0,0,0,0,0,FALSE,0,6512515,727906,688130,0,1569.5535900000011,0
2026-05-29T07:30:00Z,browser-e2e,0,0,0,0,0,0,FALSE,0,6512515,727906,688130,0,1569.5535900000011,0
2026-05-29T07:45:00Z,browser-e2e,0,0,0,0,0,0,FALSE,0,6512515,727906,688130,0,1569.5535900000011,0
2026-05-29T08:00:00Z,browser-e2e,0,0,0,0,0,0,FALSE,0,6512515,727906,688130,0,1569.5535900000011,0
2026-05-29T08:15:00Z,browser-e2e,7,6,3,7,4,478101,FALSE,1,6512522,727913,688134,0.13280583333333335,1569.6863958333345,28
2026-05-29T08:30:00Z,browser-e2e,74,57,44,74,30,4159325,FALSE,1,6512596,727987,688164,1.1553680555555557,1570.84176388889,296
2026-05-29T08:45:00Z,browser-e2e,34,29,25,34,9,1694982,FALSE,1,6512630,728021,688173,0.47082833333333335,1571.3125922222234,136
2026-05-16T08:45:00Z,transport-integration,0,0,0,0,0,0,FALSE,0,0,0,0,0,0,0
2026-05-16T09:00:00Z,transport-integration,0,0,0,0,0,0,FALSE,0,0,0,0,0,0,0
2026-05-16T09:15:00Z,transport-integration,0,0,0,0,0,0,FALSE,0,0,0,0,0,0,0
2026-05-16T09:30:00Z,transport-integration,0,0,0,0,0,0,FALSE,0,0,0,0,0,0,0
2026-05-16T09:45:00Z,transport-integration,0,0,0,0,0,0,FALSE,0,0,0,0,0,0,0
2026-05-16T10:00:00Z,transport-integration,0,0,0,0,0,0,FALSE,0,0,0,0,0,0,0
2026-05-16T10:15:00Z,transport-integration,0,0,0,0,0,0,FALSE,0,0,0,0,0,0,0
2026-05-16T10:30:00Z,transport-integration,0,0,0,0,0,0,FALSE,0,0,0,0,0,0,0
2026-05-16T10:45:00Z,transport-integration,0,0,0,0,0,0,FALSE,0,0,0,0,0,0,0
2026-05-16T11:00:00Z,transport-integration,0,0,0,0,0,0,FALSE,0,0,0,0,0,0,0
2026-05-16T11:15:00Z,transport-integration,0,0,0,0,0,0,FALSE,0,0,0,0,0,0,0
2026-05-16T11:30:00Z,transport-integration,0,0,0,0,0,0,FALSE,0,0,0,0,0,0,0
2026-05-16T11:45:00Z,transport-integration,0,0,0,0,0,0,FALSE,0,0,0,0,0,0,0
2026-05-16T12:00:00Z,transport-integration,0,0,0,0,0,0,FALSE,0,0,0,0,0,0,0
2026-05-16T12:15:00Z,transport-integration,0,0,0,0,0,0,FALSE,0,0,0,0,0,0,0
2026-05-16T12:30:00Z,transport-integration,0,0,0,0,0,0,FALSE,0,0,0,0,0,0,0
2026-05-16T12:45:00Z,transport-integration,0,0,0,0,0,0,FALSE,0,0,0,0,0,0,0
2026-05-16T13:00:00Z,transport-integration,0,0,0,0,0,0,FALSE,0,0,0,0,0,0,0
2026-05-16T13:15:00Z,transport-integration,0,0,0,0,0,0,FALSE,0,0,0,0,0,0,0
2026-05-16T13:30:00Z,transport-integration,0,0,0,0,0,0,FALSE,0,0,0,0,0,0,0
2026-05-16T13:45:00Z,transport-integration,0,0,0,0,0,0,FALSE,0,0,0,0,0,0,0
2026-05-16T14:00:00Z,transport-integration,0,0,0,0,0,0,FALSE,0,0,0,0,0,0,0
2026-05-16T14:15:00Z,transport-integration,0,0,0,0,0,0,FALSE,0,0,0,0,0,0,0
2026-05-16T14:30:00Z,transport-integration,0,0,0,0,0,0,FALSE,0,0,0,0,0,0,0
2026-05-16T14:45:00Z,transport-integration,0,0,0,0,0,0,FALSE,0,0,0,0,0,0,0
2026-05-16T15:00:00Z,transport-integration,0,0,0,0,0,0,FALSE,0,0,0,0,0,0,0
2026-05-16T15:15:00Z,transport-integration,0,0,0,0,0,0,FALSE,0,0,0,0,0,0,0
2026-05-16T15:30:00Z,transport-integration,0,0,0,0,0,0,FALSE,0,0,0,0,0,0,0
2026-05-16T15:45:00Z,transport-integration,0,0,0,0,0,0,FALSE,0,0,0,0,0,0,0
2026-05-16T16:00:00Z,transport-integration,0,0,0,0,0,0,FALSE,0,0,0,0,0,0,0
2026-05-16T16:15:00Z,transport-integration,0,0,0,0,0,0,FALSE,0,0,0,0,0,0,0
2026-05-16T16:30:00Z,transport-integration,0,0,0,0,0,0,FALSE,0,0,0,0,0,0,0
2026-05-16T16:45:00Z,transport-integration,0,0,0,0,0,0,FALSE,0,0,0,0,0,0,0
2026-05-16T17:00:00Z,transport-integration,0,0,0,0,0,0,FALSE,0,0,0,0,0,0,0
2026-05-16T17:15:00Z,transport-integration,0,0,0,0,0,0,FALSE,0,0,0,0,0,0,0
2026-05-16T17:30:00Z,transport-integration,0,0,0,0,0,0,FALSE,0,0,0,0,0,0,0
2026-05-16T17:45:00Z,transport-integration,0,0,0,0,0,0,FALSE,0,0,0,0,0,0,0
2026-05-16T18:00:00Z,transport-integration,0,0,0,0,0,0,FALSE,0,0,0,0,0,0,0
2026-05-16T18:15:00Z,transport-integration,0,0,0,0,0,0,FALSE,0,0,0,0,0,0,0
2026-05-16T18:30:00Z,transport-integration,0,0,0,0,0,0,FALSE,0,0,0,0,0,0,0
2026-05-16T18:45:00Z,transport-integration,0,0,0,0,0,0,FALSE,0,0,0,0,0,0,0
2026-05-16T19:00:00Z,transport-integration,0,0,0,0,0,0,FALSE,0,0,0,0,0,0,0
2026-05-16T19:15:00Z,transport-integration,0,0,0,0,0,0,FALSE,0,0,0,0,0,0,0
2026-05-16T19:30:00Z,transport-integration,0,0,0,0,0,0,FALSE,0,0,0,0,0,0,0
2026-05-16T19:45:00Z,transport-integration,0,0,0,0,0,0,FALSE,0,0,0,0,0,0,0
2026-05-16T20:00:00Z,transport-integration,0,0,0,0,0,0,FALSE,0,0,0,0,0,0,0
2026-05-16T20:15:00Z,transport-integration,0,0,0,0,0,0,FALSE,0,0,0,0,0,0,0
2026-05-16T20:30:00Z,transport-integration,0,0,0,0,0,0,FALSE,0,0,0,0,0,0,0
2026-05-16T20:45:00Z,transport-integration,0,0,0,0,0,0,FALSE,0,0,0,0,0,0,0
2026-05-16T21:00:00Z,transport-integration,0,0,0,0,0,0,FALSE,0,0,0,0,0,0,0
2026-05-16T21:15:00Z,transport-integration,0,0,0,0,0,0,FALSE,0,0,0,0,0,0,0
2026-05-16T21:30:00Z,transport-integration,0,0,0,0,0,0,FALSE,0,0,0,0,0,0,0
2026-05-16T21:45:00Z,transport-integration,0,0,0,0,0,0,FALSE,0,0,0,0,0,0,0
2026-05-16T22:00:00Z,transport-integration,0,0,0,0,0,0,FALSE,0,0,0,0,0,0,0
2026-05-16T22:15:00Z,transport-integration,0,0,0,0,0,0,FALSE,0,0,0,0,0,0,0
2026-05-16T22:30:00Z,transport-integration,0,0,0,0,0,0,FALSE,0,0,0,0,0,0,0
2026-05-16T22:45:00Z,transport-integration,0,0,0,0,0,0,FALSE,0,0,0,0,0,0,0
2026-05-16T23:00:00Z,transport-integration,0,0,0,0,0,0,FALSE,0,0,0,0,0,0,0
2026-05-16T23:15:00Z,transport-integration,0,0,0,0,0,0,FALSE,0,0,0,0,0,0,0
2026-05-16T23:30:00Z,transport-integration,0,0,0,0,0,0,FALSE,0,0,0,0,0,0,0
2026-05-16T23:45:00Z,transport-integration,0,0,0,0,0,0,FALSE,0,0,0,0,0,0,0
2026-05-17T00:00:00Z,transport-integration,0,0,0,0,0,0,FALSE,0,0,0,0,0,0,0
2026-05-17T00:15:00Z,transport-integration,0,0,0,0,0,0,FALSE,0,0,0,0,0,0,0
2026-05-17T00:30:00Z,transport-integration,0,0,0,0,0,0,FALSE,0,0,0,0,0,0,0
2026-05-17T00:45:00Z,transport-integration,0,0,0,0,0,0,FALSE,0,0,0,0,0,0,0
2026-05-17T01:00:00Z,transport-integration,0,0,0,0,0,0,FALSE,0,0,0,0,0,0,0
2026-05-17T01:15:00Z,transport-integration,0,0,0,0,0,0,FALSE,0,0,0,0,0,0,0
2026-05-17T01:30:00Z,transport-integration,0,0,0,0,0,0,FALSE,0,0,0,0,0,0,0
2026-05-17T01:45:00Z,transport-integration,0,0,0,0,0,0,FALSE,0,0,0,0,0,0,0
2026-05-17T02:00:00Z,transport-integration,0,0,0,0,0,0,FALSE,0,0,0,0,0,0,0
2026-05-17T02:15:00Z,transport-integration,0,0,0,0,0,0,FALSE,0,0,0,0,0,0,0
2026-05-17T02:30:00Z,transport-integration,0,0,0,0,0,0,FALSE,0,0,0,0,0,0,0
2026-05-17T02:45:00Z,transport-integration,0,0,0,0,0,0,FALSE,0,0,0,0,0,0,0
2026-05-17T03:00:00Z,transport-integration,0,0,0,0,0,0,FALSE,0,0,0,0,0,0,0
2026-05-17T03:15:00Z,transport-integration,0,0,0,0,0,0,FALSE,0,0,0,0,0,0,0
2026-05-17T03:30:00Z,transport-integration,0,0,0,0,0,0,FALSE,0,0,0,0,0,0,0
2026-05-17T03:45:00Z,transport-integration,0,0,0,0,0,0,FALSE,0,0,0,0,0,0,0
2026-05-17T04:00:00Z,transport-integration,0,0,0,0,0,0,FALSE,0,0,0,0,0,0,0
2026-05-17T04:15:00Z,transport-integration,0,0,0,0,0,0,FALSE,0,0,0,0,0,0,0
2026-05-17T04:30:00Z,transport-integration,0,0,0,0,0,0,FALSE,0,0,0,0,0,0,0
2026-05-17T04:45:00Z,transport-integration,0,0,0,0,0,0,FALSE,0,0,0,0,0,0,0
2026-05-17T05:00:00Z,transport-integration,0,0,0,0,0,0,FALSE,0,0,0,0,0,0,0
2026-05-17T05:15:00Z,transport-integration,0,0,0,0,0,0,FALSE,0,0,0,0,0,0,0
2026-05-17T05:30:00Z,transport-integration,0,0,0,0,0,0,FALSE,0,0,0,0,0,0,0
2026-05-17T05:45:00Z,transport-integration,0,0,0,0,0,0,FALSE,0,0,0,0,0,0,0
2026-05-17T06:00:00Z,transport-integration,0,0,0,0,0,0,FALSE,0,0,0,0,0,0,0
2026-05-17T06:15:00Z,transport-integration,0,0,0,0,0,0,FALSE,0,0,0,0,0,0,0
2026-05-17T06:30:00Z,transport-integration,0,0,0,0,0,0,FALSE,0,0,0,0,0,0,0
2026-05-17T06:45:00Z,transport-integration,0,0,0,0,0,0,FALSE,0,0,0,0,0,0,0
2026-05-17T07:00:00Z,transport-integration,0,0,0,0,0,0,FALSE,0,0,0,0,0,0,0
2026-05-17T07:15:00Z,transport-integration,0,0,0,0,0,0,FALSE,0,0,0,0,0,0,0
2026-05-17T07:30:00Z,transport-integration,0,0,0,0,0,0,FALSE,0,0,0,0,0,0,0
2026-05-17T07:45:00Z,transport-integration,0,0,0,0,0,0,FALSE,0,0,0,0,0,0,0
2026-05-17T08:00:00Z,transport-integration,0,0,0,0,0,0,FALSE,0,0,0,0,0,0,0
2026-05-17T08:15:00Z,transport-integration,0,0,0,0,0,0,FALSE,0,0,0,0,0,0,0
2026-05-17T08:30:00Z,transport-integration,0,0,0,0,0,0,FALSE,0,0,0,0,0,0,0
2026-05-17T08:45:00Z,transport-integration,0,0,0,0,0,0,FALSE,0,0,0,0,0,0,0
2026-05-17T09:00:00Z,transport-integration,0,0,0,0,0,0,FALSE,0,0,0,0,0,0,0
2026-05-17T09:15:00Z,transport-integration,0,0,0,0,0,0,FALSE,0,0,0,0,0,0,0
2026-05-17T09:30:00Z,transport-integration,0,0,0,0,0,0,FALSE,0,0,0,0,0,0,0
2026-05-17T09:45:00Z,transport-integration,0,0,0,0,0,0,FALSE,0,0,0,0,0,0,0
2026-05-17T10:00:00Z,transport-integration,0,0,0,0,0,0,FALSE,0,0,0,0,0,0,0
2026-05-17T10:15:00Z,transport-integration,0,0,0,0,0,0,FALSE,0,0,0,0,0,0,0
2026-05-17T10:30:00Z,transport-integration,0,0,0,0,0,0,FALSE,0,0,0,0,0,0,0
2026-05-17T10:45:00Z,transport-integration,0,0,0,0,0,0,FALSE,0,0,0,0,0,0,0
2026-05-17T11:00:00Z,transport-integration,0,0,0,0,0,0,FALSE,0,0,0,0,0,0,0
2026-05-17T11:15:00Z,transport-integration,0,0,0,0,0,0,FALSE,0,0,0,0,0,0,0
2026-05-17T11:30:00Z,transport-integration,0,0,0,0,0,0,FALSE,0,0,0,0,0,0,0
2026-05-17T11:45:00Z,transport-integration,0,0,0,0,0,0,FALSE,0,0,0,0,0,0,0
2026-05-17T12:00:00Z,transport-integration,0,0,0,0,0,0,FALSE,0,0,0,0,0,0,0
2026-05-17T12:15:00Z,transport-integration,0,0,0,0,0,0,FALSE,0,0,0,0,0,0,0
2026-05-17T12:30:00Z,transport-integration,0,0,0,0,0,0,FALSE,0,0,0,0,0,0,0
2026-05-17T12:45:00Z,transport-integration,0,0,0,0,0,0,FALSE,0,0,0,0,0,0,0
2026-05-17T13:00:00Z,transport-integration,0,0,0,0,0,0,FALSE,0,0,0,0,0,0,0
2026-05-17T13:15:00Z,transport-integration,0,0,0,0,0,0,FALSE,0,0,0,0,0,0,0
2026-05-17T13:30:00Z,transport-integration,0,0,0,0,0,0,FALSE,0,0,0,0,0,0,0
2026-05-17T13:45:00Z,transport-integration,0,0,0,0,0,0,FALSE,0,0,0,0,0,0,0
2026-05-17T14:00:00Z,transport-integration,0,0,0,0,0,0,FALSE,0,0,0,0,0,0,0
2026-05-17T14:15:00Z,transport-integration,0,0,0,0,0,0,FALSE,0,0,0,0,0,0,0
2026-05-17T14:30:00Z,transport-integration,0,0,0,0,0,0,FALSE,0,0,0,0,0,0,0
2026-05-17T14:45:00Z,transport-integration,0,0,0,0,0,0,FALSE,0,0,0,0,0,0,0
2026-05-17T15:00:00Z,transport-integration,0,0,0,0,0,0,FALSE,0,0,0,0,0,0,0
2026-05-17T15:15:00Z,transport-integration,0,0,0,0,0,0,FALSE,0,0,0,0,0,0,0
2026-05-17T15:30:00Z,transport-integration,0,0,0,0,0,0,FALSE,0,0,0,0,0,0,0
2026-05-17T15:45:00Z,transport-integration,0,0,0,0,0,0,FALSE,0,0,0,0,0,0,0
2026-05-17T16:00:00Z,transport-integration,0,0,0,0,0,0,FALSE,0,0,0,0,0,0,0
2026-05-17T16:15:00Z,transport-integration,0,0,0,0,0,0,FALSE,0,0,0,0,0,0,0
2026-05-17T16:30:00Z,transport-integration,0,0,0,0,0,0,FALSE,0,0,0,0,0,0,0
2026-05-17T16:45:00Z,transport-integration,0,0,0,0,0,0,FALSE,0,0,0,0,0,0,0
2026-05-17T17:00:00Z,transport-integration,0,0,0,0,0,0,FALSE,0,0,0,0,0,0,0
2026-05-17T17:15:00Z,transport-integration,0,0,0,0,0,0,FALSE,0,0,0,0,0,0,0
2026-05-17T17:30:00Z,transport-integration,0,0,0,0,0,0,FALSE,0,0,0,0,0,0,0
2026-05-17T17:45:00Z,transport-integration,0,0,0,0,0,0,FALSE,0,0,0,0,0,0,0
2026-05-17T18:00:00Z,transport-integration,0,0,0,0,0,0,FALSE,0,0,0,0,0,0,0
2026-05-17T18:15:00Z,transport-integration,0,0,0,0,0,0,FALSE,0,0,0,0,0,0,0
2026-05-17T18:30:00Z,transport-integration,0,0,0,0,0,0,FALSE,0,0,0,0,0,0,0
2026-05-17T18:45:00Z,transport-integration,0,0,0,0,0,0,FALSE,0,0,0,0,0,0,0
2026-05-17T19:00:00Z,transport-integration,0,0,0,0,0,0,FALSE,0,0,0,0,0,0,0
2026-05-17T19:15:00Z,transport-integration,0,0,0,0,0,0,FALSE,0,0,0,0,0,0,0
2026-05-17T19:30:00Z,transport-integration,0,0,0,0,0,0,FALSE,0,0,0,0,0,0,0
2026-05-17T19:45:00Z,transport-integration,0,0,0,0,0,0,FALSE,0,0,0,0,0,0,0
2026-05-17T20:00:00Z,transport-integration,0,0,0,0,0,0,FALSE,0,0,0,0,0,0,0
2026-05-17T20:15:00Z,transport-integration,0,0,0,0,0,0,FALSE,0,0,0,0,0,0,0
2026-05-17T20:30:00Z,transport-integration,0,0,0,0,0,0,FALSE,0,0,0,0,0,0,0
2026-05-17T20:45:00Z,transport-integration,0,0,0,0,0,0,FALSE,0,0,0,0,0,0,0
2026-05-17T21:00:00Z,transport-integration,0,0,0,0,0,0,FALSE,0,0,0,0,0,0,0
2026-05-17T21:15:00Z,transport-integration,0,0,0,0,0,0,FALSE,0,0,0,0,0,0,0
2026-05-17T21:30:00Z,transport-integration,0,0,0,0,0,0,FALSE,0,0,0,0,0,0,0
2026-05-17T21:45:00Z,transport-integration,0,0,0,0,0,0,FALSE,0,0,0,0,0,0,0
2026-05-17T22:00:00Z,transport-integration,0,0,0,0,0,0,FALSE,0,0,0,0,0,0,0
2026-05-17T22:15:00Z,transport-integration,0,0,0,0,0,0,FALSE,0,0,0,0,0,0,0
2026-05-17T22:30:00Z,transport-integration,0,0,0,0,0,0,FALSE,0,0,0,0,0,0,0
2026-05-17T22:45:00Z,transport-integration,0,0,0,0,0,0,FALSE,0,0,0,0,0,0,0
2026-05-17T23:00:00Z,transport-integration,0,0,0,0,0,0,FALSE,0,0,0,0,0,0,0
2026-05-17T23:15:00Z,transport-integration,0,0,0,0,0,0,FALSE,0,0,0,0,0,0,0
2026-05-17T23:30:00Z,transport-integration,0,0,0,0,0,0,FALSE,0,0,0,0,0,0,0
2026-05-17T23:45:00Z,transport-integration,0,0,0,0,0,0,FALSE,0,0,0,0,0,0,0
2026-05-18T00:00:00Z,transport-integration,0,0,0,0,0,0,FALSE,0,0,0,0,0,0,0
2026-05-18T00:15:00Z,transport-integration,0,0,0,0,0,0,FALSE,0,0,0,0,0,0,0
2026-05-18T00:30:00Z,transport-integration,0,0,0,0,0,0,FALSE,0,0,0,0,0,0,0
2026-05-18T00:45:00Z,transport-integration,0,0,0,0,0,0,FALSE,0,0,0,0,0,0,0
2026-05-18T01:00:00Z,transport-integration,0,0,0,0,0,0,FALSE,0,0,0,0,0,0,0
2026-05-18T01:15:00Z,transport-integration,0,0,0,0,0,0,FALSE,0,0,0,0,0,0,0
2026-05-18T01:30:00Z,transport-integration,0,0,0,0,0,0,FALSE,0,0,0,0,0,0,0
2026-05-18T01:45:00Z,transport-integration,0,0,0,0,0,0,FALSE,0,0,0,0,0,0,0
2026-05-18T02:00:00Z,transport-integration,0,0,0,0,0,0,FALSE,0,0,0,0,0,0,0
2026-05-18T02:15:00Z,transport-integration,0,0,0,0,0,0,FALSE,0,0,0,0,0,0,0
2026-05-18T02:30:00Z,transport-integration,0,0,0,0,0,0,FALSE,0,0,0,0,0,0,0
2026-05-18T02:45:00Z,transport-integration,0,0,0,0,0,0,FALSE,0,0,0,0,0,0,0
2026-05-18T03:00:00Z,transport-integration,0,0,0,0,0,0,FALSE,0,0,0,0,0,0,0
2026-05-18T03:15:00Z,transport-integration,0,0,0,0,0,0,FALSE,0,0,0,0,0,0,0
2026-05-18T03:30:00Z,transport-integration,0,0,0,0,0,0,FALSE,0,0,0,0,0,0,0
2026-05-18T03:45:00Z,transport-integration,0,0,0,0,0,0,FALSE,0,0,0,0,0,0,0
2026-05-18T04:00:00Z,transport-integration,0,0,0,0,0,0,FALSE,0,0,0,0,0,0,0
2026-05-18T04:15:00Z,transport-integration,0,0,0,0,0,0,FALSE,0,0,0,0,0,0,0
2026-05-18T04:30:00Z,transport-integration,0,0,0,0,0,0,FALSE,0,0,0,0,0,0,0
2026-05-18T04:45:00Z,transport-integration,0,0,0,0,0,0,FALSE,0,0,0,0,0,0,0
2026-05-18T05:00:00Z,transport-integration,0,0,0,0,0,0,FALSE,0,0,0,0,0,0,0
2026-05-18T05:15:00Z,transport-integration,0,0,0,0,0,0,FALSE,0,0,0,0,0,0,0
2026-05-18T05:30:00Z,transport-integration,0,0,0,0,0,0,FALSE,0,0,0,0,0,0,0
2026-05-18T05:45:00Z,transport-integration,0,0,0,0,0,0,FALSE,0,0,0,0,0,0,0
2026-05-18T06:00:00Z,transport-integration,0,0,0,0,0,0,FALSE,0,0,0,0,0,0,0
2026-05-18T06:15:00Z,transport-integration,0,0,0,0,0,0,FALSE,0,0,0,0,0,0,0
2026-05-18T06:30:00Z,transport-integration,0,0,0,0,0,0,FALSE,0,0,0,0,0,0,0
2026-05-18T06:45:00Z,transport-integration,0,0,0,0,0,0,FALSE,0,0,0,0,0,0,0
2026-05-18T07:00:00Z,transport-integration,0,0,0,0,0,0,FALSE,0,0,0,0,0,0,0
2026-05-18T07:15:00Z,transport-integration,0,0,0,0,0,0,FALSE,0,0,0,0,0,0,0
2026-05-18T07:30:00Z,transport-integration,0,0,0,0,0,0,FALSE,0,0,0,0,0,0,0
2026-05-18T07:45:00Z,transport-integration,0,0,0,0,0,0,FALSE,0,0,0,0,0,0,0
2026-05-18T08:00:00Z,transport-integration,0,0,0,0,0,0,FALSE,0,0,0,0,0,0,0
2026-05-18T08:15:00Z,transport-integration,0,0,0,0,0,0,FALSE,0,0,0,0,0,0,0
2026-05-18T08:30:00Z,transport-integration,0,0,0,0,0,0,FALSE,0,0,0,0,0,0,0
2026-05-18T08:45:00Z,transport-integration,0,0,0,0,0,0,FALSE,0,0,0,0,0,0,0
2026-05-18T09:00:00Z,transport-integration,0,0,0,0,0,0,FALSE,0,0,0,0,0,0,0
2026-05-18T09:15:00Z,transport-integration,0,0,0,0,0,0,FALSE,0,0,0,0,0,0,0
2026-05-18T09:30:00Z,transport-integration,0,0,0,0,0,0,FALSE,0,0,0,0,0,0,0
2026-05-18T09:45:00Z,transport-integration,0,0,0,0,0,0,FALSE,0,0,0,0,0,0,0
2026-05-18T10:00:00Z,transport-integration,0,0,0,0,0,0,FALSE,0,0,0,0,0,0,0
2026-05-18T10:15:00Z,transport-integration,0,0,0,0,0,0,FALSE,0,0,0,0,0,0,0
2026-05-18T10:30:00Z,transport-integration,0,0,0,0,0,0,FALSE,0,0,0,0,0,0,0
2026-05-18T10:45:00Z,transport-integration,0,0,0,0,0,0,FALSE,0,0,0,0,0,0,0
2026-05-18T11:00:00Z,transport-integration,0,0,0,0,0,0,FALSE,0,0,0,0,0,0,0
2026-05-18T11:15:00Z,transport-integration,0,0,0,0,0,0,FALSE,0,0,0,0,0,0,0
2026-05-18T11:30:00Z,transport-integration,0,0,0,0,0,0,FALSE,0,0,0,0,0,0,0
2026-05-18T11:45:00Z,transport-integration,0,0,0,0,0,0,FALSE,0,0,0,0,0,0,0
2026-05-18T12:00:00Z,transport-integration,0,0,0,0,0,0,FALSE,0,0,0,0,0,0,0
2026-05-18T12:15:00Z,transport-integration,0,0,0,0,0,0,FALSE,0,0,0,0,0,0,0
2026-05-18T12:30:00Z,transport-integration,0,0,0,0,0,0,FALSE,0,0,0,0,0,0,0
2026-05-18T12:45:00Z,transport-integration,0,0,0,0,0,0,FALSE,0,0,0,0,0,0,0
2026-05-18T13:00:00Z,transport-integration,0,0,0,0,0,0,FALSE,0,0,0,0,0,0,0
2026-05-18T13:15:00Z,transport-integration,0,0,0,0,0,0,FALSE,0,0,0,0,0,0,0
2026-05-18T13:30:00Z,transport-integration,0,0,0,0,0,0,FALSE,0,0,0,0,0,0,0
2026-05-18T13:45:00Z,transport-integration,0,0,0,0,0,0,FALSE,0,0,0,0,0,0,0
2026-05-18T14:00:00Z,transport-integration,0,0,0,0,0,0,FALSE,0,0,0,0,0,0,0
2026-05-18T14:15:00Z,transport-integration,0,0,0,0,0,0,FALSE,0,0,0,0,0,0,0
2026-05-18T14:30:00Z,transport-integration,0,0,0,0,0,0,FALSE,0,0,0,0,0,0,0
2026-05-18T14:45:00Z,transport-integration,0,0,0,0,0,0,FALSE,0,0,0,0,0,0,0
2026-05-18T15:00:00Z,transport-integration,0,0,0,0,0,0,FALSE,0,0,0,0,0,0,0
2026-05-18T15:15:00Z,transport-integration,0,0,0,0,0,0,FALSE,0,0,0,0,0,0,0
2026-05-18T15:30:00Z,transport-integration,0,0,0,0,0,0,FALSE,0,0,0,0,0,0,0
2026-05-18T15:45:00Z,transport-integration,0,0,0,0,0,0,FALSE,0,0,0,0,0,0,0
2026-05-18T16:00:00Z,transport-integration,0,0,0,0,0,0,FALSE,0,0,0,0,0,0,0
2026-05-18T16:15:00Z,transport-integration,0,0,0,0,0,0,FALSE,0,0,0,0,0,0,0
2026-05-18T16:30:00Z,transport-integration,0,0,0,0,0,0,FALSE,0,0,0,0,0,0,0
2026-05-18T16:45:00Z,transport-integration,0,0,0,0,0,0,FALSE,0,0,0,0,0,0,0
2026-05-18T17:00:00Z,transport-integration,0,0,0,0,0,0,FALSE,0,0,0,0,0,0,0
2026-05-18T17:15:00Z,transport-integration,0,0,0,0,0,0,FALSE,0,0,0,0,0,0,0
2026-05-18T17:30:00Z,transport-integration,0,0,0,0,0,0,FALSE,0,0,0,0,0,0,0
2026-05-18T17:45:00Z,transport-integration,0,0,0,0,0,0,FALSE,0,0,0,0,0,0,0
2026-05-18T18:00:00Z,transport-integration,0,0,0,0,0,0,FALSE,0,0,0,0,0,0,0
2026-05-18T18:15:00Z,transport-integration,0,0,0,0,0,0,FALSE,0,0,0,0,0,0,0
2026-05-18T18:30:00Z,transport-integration,0,0,0,0,0,0,FALSE,0,0,0,0,0,0,0
2026-05-18T18:45:00Z,transport-integration,0,0,0,0,0,0,FALSE,0,0,0,0,0,0,0
2026-05-18T19:00:00Z,transport-integration,0,0,0,0,0,0,FALSE,0,0,0,0,0,0,0
2026-05-18T19:15:00Z,transport-integration,0,0,0,0,0,0,FALSE,0,0,0,0,0,0,0
2026-05-18T19:30:00Z,transport-integration,0,0,0,0,0,0,FALSE,0,0,0,0,0,0,0
2026-05-18T19:45:00Z,transport-integration,0,0,0,0,0,0,FALSE,0,0,0,0,0,0,0
2026-05-18T20:00:00Z,transport-integration,0,0,0,0,0,0,FALSE,0,0,0,0,0,0,0
2026-05-18T20:15:00Z,transport-integration,0,0,0,0,0,0,FALSE,0,0,0,0,0,0,0
2026-05-18T20:30:00Z,transport-integration,0,0,0,0,0,0,FALSE,0,0,0,0,0,0,0
2026-05-18T20:45:00Z,transport-integration,0,0,0,0,0,0,FALSE,0,0,0,0,0,0,0
2026-05-18T21:00:00Z,transport-integration,0,0,0,0,0,0,FALSE,0,0,0,0,0,0,0
2026-05-18T21:15:00Z,transport-integration,0,0,0,0,0,0,FALSE,0,0,0,0,0,0,0
2026-05-18T21:30:00Z,transport-integration,0,0,0,0,0,0,FALSE,0,0,0,0,0,0,0
2026-05-18T21:45:00Z,transport-integration,0,0,0,0,0,0,FALSE,0,0,0,0,0,0,0
2026-05-18T22:00:00Z,transport-integration,0,0,0,0,0,0,FALSE,0,0,0,0,0,0,0
2026-05-18T22:15:00Z,transport-integration,0,0,0,0,0,0,FALSE,0,0,0,0,0,0,0
2026-05-18T22:30:00Z,transport-integration,0,0,0,0,0,0,FALSE,0,0,0,0,0,0,0
2026-05-18T22:45:00Z,transport-integration,0,0,0,0,0,0,FALSE,0,0,0,0,0,0,0
2026-05-18T23:00:00Z,transport-integration,0,0,0,0,0,0,FALSE,0,0,0,0,0,0,0
2026-05-18T23:15:00Z,transport-integration,0,0,0,0,0,0,FALSE,0,0,0,0,0,0,0
2026-05-18T23:30:00Z,transport-integration,0,0,0,0,0,0,FALSE,0,0,0,0,0,0,0
2026-05-18T23:45:00Z,transport-integration,0,0,0,0,0,0,FALSE,0,0,0,0,0,0,0
2026-05-19T00:00:00Z,transport-integration,0,0,0,0,0,0,FALSE,0,0,0,0,0,0,0
2026-05-19T00:15:00Z,transport-integration,0,0,0,0,0,0,FALSE,0,0,0,0,0,0,0
2026-05-19T00:30:00Z,transport-integration,0,0,0,0,0,0,FALSE,0,0,0,0,0,0,0
2026-05-19T00:45:00Z,transport-integration,0,0,0,0,0,0,FALSE,0,0,0,0,0,0,0
2026-05-19T01:00:00Z,transport-integration,0,0,0,0,0,0,FALSE,0,0,0,0,0,0,0
2026-05-19T01:15:00Z,transport-integration,0,0,0,0,0,0,FALSE,0,0,0,0,0,0,0
2026-05-19T01:30:00Z,transport-integration,0,0,0,0,0,0,FALSE,0,0,0,0,0,0,0
2026-05-19T01:45:00Z,transport-integration,0,0,0,0,0,0,FALSE,0,0,0,0,0,0,0
2026-05-19T02:00:00Z,transport-integration,0,0,0,0,0,0,FALSE,0,0,0,0,0,0,0
2026-05-19T02:15:00Z,transport-integration,0,0,0,0,0,0,FALSE,0,0,0,0,0,0,0
2026-05-19T02:30:00Z,transport-integration,0,0,0,0,0,0,FALSE,0,0,0,0,0,0,0
2026-05-19T02:45:00Z,transport-integration,0,0,0,0,0,0,FALSE,0,0,0,0,0,0,0
2026-05-19T03:00:00Z,transport-integration,0,0,0,0,0,0,FALSE,0,0,0,0,0,0,0
2026-05-19T03:15:00Z,transport-integration,0,0,0,0,0,0,FALSE,0,0,0,0,0,0,0
2026-05-19T03:30:00Z,transport-integration,0,0,0,0,0,0,FALSE,0,0,0,0,0,0,0
2026-05-19T03:45:00Z,transport-integration,0,0,0,0,0,0,FALSE,0,0,0,0,0,0,0
2026-05-19T04:00:00Z,transport-integration,0,0,0,0,0,0,FALSE,0,0,0,0,0,0,0
2026-05-19T04:15:00Z,transport-integration,0,0,0,0,0,0,FALSE,0,0,0,0,0,0,0
2026-05-19T04:30:00Z,transport-integration,0,0,0,0,0,0,FALSE,0,0,0,0,0,0,0
2026-05-19T04:45:00Z,transport-integration,0,0,0,0,0,0,FALSE,0,0,0,0,0,0,0
2026-05-19T05:00:00Z,transport-integration,0,0,0,0,0,0,FALSE,0,0,0,0,0,0,0
2026-05-19T05:15:00Z,transport-integration,0,0,0,0,0,0,FALSE,0,0,0,0,0,0,0
2026-05-19T05:30:00Z,transport-integration,0,0,0,0,0,0,FALSE,0,0,0,0,0,0,0
2026-05-19T05:45:00Z,transport-integration,0,0,0,0,0,0,FALSE,0,0,0,0,0,0,0
2026-05-19T06:00:00Z,transport-integration,0,0,0,0,0,0,FALSE,0,0,0,0,0,0,0
2026-05-19T06:15:00Z,transport-integration,0,0,0,0,0,0,FALSE,0,0,0,0,0,0,0
2026-05-19T06:30:00Z,transport-integration,0,0,0,0,0,0,FALSE,0,0,0,0,0,0,0
2026-05-19T06:45:00Z,transport-integration,0,0,0,0,0,0,FALSE,0,0,0,0,0,0,0
2026-05-19T07:00:00Z,transport-integration,0,0,0,0,0,0,FALSE,0,0,0,0,0,0,0
2026-05-19T07:15:00Z,transport-integration,0,0,0,0,0,0,FALSE,0,0,0,0,0,0,0
2026-05-19T07:30:00Z,transport-integration,0,0,0,0,0,0,FALSE,0,0,0,0,0,0,0
2026-05-19T07:45:00Z,transport-integration,0,0,0,0,0,0,FALSE,0,0,0,0,0,0,0
2026-05-19T08:00:00Z,transport-integration,0,0,0,0,0,0,FALSE,0,0,0,0,0,0,0
2026-05-19T08:15:00Z,transport-integration,0,0,0,0,0,0,FALSE,0,0,0,0,0,0,0
2026-05-19T08:30:00Z,transport-integration,0,0,0,0,0,0,FALSE,0,0,0,0,0,0,0
2026-05-19T08:45:00Z,transport-integration,0,0,0,0,0,0,FALSE,0,0,0,0,0,0,0
2026-05-19T09:00:00Z,transport-integration,0,0,0,0,0,0,FALSE,0,0,0,0,0,0,0
2026-05-19T09:15:00Z,transport-integration,0,0,0,0,0,0,FALSE,0,0,0,0,0,0,0
2026-05-19T09:30:00Z,transport-integration,0,0,0,0,0,0,FALSE,0,0,0,0,0,0,0
2026-05-19T09:45:00Z,transport-integration,0,0,0,0,0,0,FALSE,0,0,0,0,0,0,0
2026-05-19T10:00:00Z,transport-integration,0,0,0,0,0,0,FALSE,0,0,0,0,0,0,0
2026-05-19T10:15:00Z,transport-integration,0,0,0,0,0,0,FALSE,0,0,0,0,0,0,0
2026-05-19T10:30:00Z,transport-integration,0,0,0,0,0,0,FALSE,0,0,0,0,0,0,0
2026-05-19T10:45:00Z,transport-integration,0,0,0,0,0,0,FALSE,0,0,0,0,0,0,0
2026-05-19T11:00:00Z,transport-integration,0,0,0,0,0,0,FALSE,0,0,0,0,0,0,0
2026-05-19T11:15:00Z,transport-integration,0,0,0,0,0,0,FALSE,0,0,0,0,0,0,0
2026-05-19T11:30:00Z,transport-integration,0,0,0,0,0,0,FALSE,0,0,0,0,0,0,0
2026-05-19T11:45:00Z,transport-integration,0,0,0,0,0,0,FALSE,0,0,0,0,0,0,0
2026-05-19T12:00:00Z,transport-integration,0,0,0,0,0,0,FALSE,0,0,0,0,0,0,0
2026-05-19T12:15:00Z,transport-integration,0,0,0,0,0,0,FALSE,0,0,0,0,0,0,0
2026-05-19T12:30:00Z,transport-integration,0,0,0,0,0,0,FALSE,0,0,0,0,0,0,0
2026-05-19T12:45:00Z,transport-integration,0,0,0,0,0,0,FALSE,0,0,0,0,0,0,0
2026-05-19T13:00:00Z,transport-integration,0,0,0,0,0,0,FALSE,0,0,0,0,0,0,0
2026-05-19T13:15:00Z,transport-integration,0,0,0,0,0,0,FALSE,0,0,0,0,0,0,0
2026-05-19T13:30:00Z,transport-integration,0,0,0,0,0,0,FALSE,0,0,0,0,0,0,0
2026-05-19T13:45:00Z,transport-integration,0,0,0,0,0,0,FALSE,0,0,0,0,0,0,0
2026-05-19T14:00:00Z,transport-integration,0,0,0,0,0,0,FALSE,0,0,0,0,0,0,0
2026-05-19T14:15:00Z,transport-integration,0,0,0,0,0,0,FALSE,0,0,0,0,0,0,0
2026-05-19T14:30:00Z,transport-integration,0,0,0,0,0,0,FALSE,0,0,0,0,0,0,0
2026-05-19T14:45:00Z,transport-integration,0,0,0,0,0,0,FALSE,0,0,0,0,0,0,0
2026-05-19T15:00:00Z,transport-integration,0,0,0,0,0,0,FALSE,0,0,0,0,0,0,0
2026-05-19T15:15:00Z,transport-integration,0,0,0,0,0,0,FALSE,0,0,0,0,0,0,0
2026-05-19T15:30:00Z,transport-integration,0,0,0,0,0,0,FALSE,0,0,0,0,0,0,0
2026-05-19T15:45:00Z,transport-integration,0,0,0,0,0,0,FALSE,0,0,0,0,0,0,0
2026-05-19T16:00:00Z,transport-integration,0,0,0,0,0,0,FALSE,0,0,0,0,0,0,0
2026-05-19T16:15:00Z,transport-integration,0,0,0,0,0,0,FALSE,0,0,0,0,0,0,0
2026-05-19T16:30:00Z,transport-integration,0,0,0,0,0,0,FALSE,0,0,0,0,0,0,0
2026-05-19T16:45:00Z,transport-integration,0,0,0,0,0,0,FALSE,0,0,0,0,0,0,0
2026-05-19T17:00:00Z,transport-integration,0,0,0,0,0,0,FALSE,0,0,0,0,0,0,0
2026-05-19T17:15:00Z,transport-integration,0,0,0,0,0,0,FALSE,0,0,0,0,0,0,0
2026-05-19T17:30:00Z,transport-integration,0,0,0,0,0,0,FALSE,0,0,0,0,0,0,0
2026-05-19T17:45:00Z,transport-integration,0,0,0,0,0,0,FALSE,0,0,0,0,0,0,0
2026-05-19T18:00:00Z,transport-integration,0,0,0,0,0,0,FALSE,0,0,0,0,0,0,0
2026-05-19T18:15:00Z,transport-integration,0,0,0,0,0,0,FALSE,0,0,0,0,0,0,0
2026-05-19T18:30:00Z,transport-integration,0,0,0,0,0,0,FALSE,0,0,0,0,0,0,0
2026-05-19T18:45:00Z,transport-integration,0,0,0,0,0,0,FALSE,0,0,0,0,0,0,0
2026-05-19T19:00:00Z,transport-integration,0,0,0,0,0,0,FALSE,0,0,0,0,0,0,0
2026-05-19T19:15:00Z,transport-integration,0,0,0,0,0,0,FALSE,0,0,0,0,0,0,0
2026-05-19T19:30:00Z,transport-integration,0,0,0,0,0,0,FALSE,0,0,0,0,0,0,0
2026-05-19T19:45:00Z,transport-integration,0,0,0,0,0,0,FALSE,0,0,0,0,0,0,0
2026-05-19T20:00:00Z,transport-integration,0,0,0,0,0,0,FALSE,0,0,0,0,0,0,0
2026-05-19T20:15:00Z,transport-integration,0,0,0,0,0,0,FALSE,0,0,0,0,0,0,0
2026-05-19T20:30:00Z,transport-integration,0,0,0,0,0,0,FALSE,0,0,0,0,0,0,0
2026-05-19T20:45:00Z,transport-integration,0,0,0,0,0,0,FALSE,0,0,0,0,0,0,0
2026-05-19T21:00:00Z,transport-integration,0,0,0,0,0,0,FALSE,0,0,0,0,0,0,0
2026-05-19T21:15:00Z,transport-integration,0,0,0,0,0,0,FALSE,0,0,0,0,0,0,0
2026-05-19T21:30:00Z,transport-integration,0,0,0,0,0,0,FALSE,0,0,0,0,0,0,0
2026-05-19T21:45:00Z,transport-integration,0,0,0,0,0,0,FALSE,0,0,0,0,0,0,0
2026-05-19T22:00:00Z,transport-integration,0,0,0,0,0,0,FALSE,0,0,0,0,0,0,0
2026-05-19T22:15:00Z,transport-integration,0,0,0,0,0,0,FALSE,0,0,0,0,0,0,0
2026-05-19T22:30:00Z,transport-integration,0,0,0,0,0,0,FALSE,0,0,0,0,0,0,0
2026-05-19T22:45:00Z,transport-integration,0,0,0,0,0,0,FALSE,0,0,0,0,0,0,0
2026-05-19T23:00:00Z,transport-integration,0,0,0,0,0,0,FALSE,0,0,0,0,0,0,0
2026-05-19T23:15:00Z,transport-integration,0,0,0,0,0,0,FALSE,0,0,0,0,0,0,0
2026-05-19T23:30:00Z,transport-integration,0,0,0,0,0,0,FALSE,0,0,0,0,0,0,0
2026-05-19T23:45:00Z,transport-integration,0,0,0,0,0,0,FALSE,0,0,0,0,0,0,0
2026-05-20T00:00:00Z,transport-integration,0,0,0,0,0,0,FALSE,0,0,0,0,0,0,0
2026-05-20T00:15:00Z,transport-integration,0,0,0,0,0,0,FALSE,0,0,0,0,0,0,0
2026-05-20T00:30:00Z,transport-integration,0,0,0,0,0,0,FALSE,0,0,0,0,0,0,0
2026-05-20T00:45:00Z,transport-integration,0,0,0,0,0,0,FALSE,0,0,0,0,0,0,0
2026-05-20T01:00:00Z,transport-integration,0,0,0,0,0,0,FALSE,0,0,0,0,0,0,0
2026-05-20T01:15:00Z,transport-integration,0,0,0,0,0,0,FALSE,0,0,0,0,0,0,0
2026-05-20T01:30:00Z,transport-integration,0,0,0,0,0,0,FALSE,0,0,0,0,0,0,0
2026-05-20T01:45:00Z,transport-integration,0,0,0,0,0,0,FALSE,0,0,0,0,0,0,0
2026-05-20T02:00:00Z,transport-integration,0,0,0,0,0,0,FALSE,0,0,0,0,0,0,0
2026-05-20T02:15:00Z,transport-integration,0,0,0,0,0,0,FALSE,0,0,0,0,0,0,0
2026-05-20T02:30:00Z,transport-integration,0,0,0,0,0,0,FALSE,0,0,0,0,0,0,0
2026-05-20T02:45:00Z,transport-integration,0,0,0,0,0,0,FALSE,0,0,0,0,0,0,0
2026-05-20T03:00:00Z,transport-integration,0,0,0,0,0,0,FALSE,0,0,0,0,0,0,0
2026-05-20T03:15:00Z,transport-integration,0,0,0,0,0,0,FALSE,0,0,0,0,0,0,0
2026-05-20T03:30:00Z,transport-integration,0,0,0,0,0,0,FALSE,0,0,0,0,0,0,0
2026-05-20T03:45:00Z,transport-integration,0,0,0,0,0,0,FALSE,0,0,0,0,0,0,0
2026-05-20T04:00:00Z,transport-integration,0,0,0,0,0,0,FALSE,0,0,0,0,0,0,0
2026-05-20T04:15:00Z,transport-integration,0,0,0,0,0,0,FALSE,0,0,0,0,0,0,0
2026-05-20T04:30:00Z,transport-integration,0,0,0,0,0,0,FALSE,0,0,0,0,0,0,0
2026-05-20T04:45:00Z,transport-integration,0,0,0,0,0,0,FALSE,0,0,0,0,0,0,0
2026-05-20T05:00:00Z,transport-integration,0,0,0,0,0,0,FALSE,0,0,0,0,0,0,0
2026-05-20T05:15:00Z,transport-integration,0,0,0,0,0,0,FALSE,0,0,0,0,0,0,0
2026-05-20T05:30:00Z,transport-integration,0,0,0,0,0,0,FALSE,0,0,0,0,0,0,0
2026-05-20T05:45:00Z,transport-integration,0,0,0,0,0,0,FALSE,0,0,0,0,0,0,0
2026-05-20T06:00:00Z,transport-integration,0,0,0,0,0,0,FALSE,0,0,0,0,0,0,0
2026-05-20T06:15:00Z,transport-integration,0,0,0,0,0,0,FALSE,0,0,0,0,0,0,0
2026-05-20T06:30:00Z,transport-integration,0,0,0,0,0,0,FALSE,0,0,0,0,0,0,0
2026-05-20T06:45:00Z,transport-integration,0,0,0,0,0,0,FALSE,0,0,0,0,0,0,0
2026-05-20T07:00:00Z,transport-integration,0,0,0,0,0,0,FALSE,0,0,0,0,0,0,0
2026-05-20T07:15:00Z,transport-integration,0,0,0,0,0,0,FALSE,0,0,0,0,0,0,0
2026-05-20T07:30:00Z,transport-integration,0,0,0,0,0,0,FALSE,0,0,0,0,0,0,0
2026-05-20T07:45:00Z,transport-integration,0,0,0,0,0,0,FALSE,0,0,0,0,0,0,0
2026-05-20T08:00:00Z,transport-integration,0,0,0,0,0,0,FALSE,0,0,0,0,0,0,0
2026-05-20T08:15:00Z,transport-integration,0,0,0,0,0,0,FALSE,0,0,0,0,0,0,0
2026-05-20T08:30:00Z,transport-integration,0,0,0,0,0,0,FALSE,0,0,0,0,0,0,0
2026-05-20T08:45:00Z,transport-integration,0,0,0,0,0,0,FALSE,0,0,0,0,0,0,0
2026-05-20T09:00:00Z,transport-integration,0,0,0,0,0,0,FALSE,0,0,0,0,0,0,0
2026-05-20T09:15:00Z,transport-integration,0,0,0,0,0,0,FALSE,0,0,0,0,0,0,0
2026-05-20T09:30:00Z,transport-integration,0,0,0,0,0,0,FALSE,0,0,0,0,0,0,0
2026-05-20T09:45:00Z,transport-integration,0,0,0,0,0,0,FALSE,0,0,0,0,0,0,0
2026-05-20T10:00:00Z,transport-integration,0,0,0,0,0,0,FALSE,0,0,0,0,0,0,0
2026-05-20T10:15:00Z,transport-integration,0,0,0,0,0,0,FALSE,0,0,0,0,0,0,0
2026-05-20T10:30:00Z,transport-integration,0,0,0,0,0,0,FALSE,0,0,0,0,0,0,0
2026-05-20T10:45:00Z,transport-integration,0,0,0,0,0,0,FALSE,0,0,0,0,0,0,0
2026-05-20T11:00:00Z,transport-integration,0,0,0,0,0,0,FALSE,0,0,0,0,0,0,0
2026-05-20T11:15:00Z,transport-integration,0,0,0,0,0,0,FALSE,0,0,0,0,0,0,0
2026-05-20T11:30:00Z,transport-integration,0,0,0,0,0,0,FALSE,0,0,0,0,0,0,0
2026-05-20T11:45:00Z,transport-integration,0,0,0,0,0,0,FALSE,0,0,0,0,0,0,0
2026-05-20T12:00:00Z,transport-integration,0,0,0,0,0,0,FALSE,0,0,0,0,0,0,0
2026-05-20T12:15:00Z,transport-integration,0,0,0,0,0,0,FALSE,0,0,0,0,0,0,0
2026-05-20T12:30:00Z,transport-integration,0,0,0,0,0,0,FALSE,0,0,0,0,0,0,0
2026-05-20T12:45:00Z,transport-integration,0,0,0,0,0,0,FALSE,0,0,0,0,0,0,0
2026-05-20T13:00:00Z,transport-integration,0,0,0,0,0,0,FALSE,0,0,0,0,0,0,0
2026-05-20T13:15:00Z,transport-integration,0,0,0,0,0,0,FALSE,0,0,0,0,0,0,0
2026-05-20T13:30:00Z,transport-integration,0,0,0,0,0,0,FALSE,0,0,0,0,0,0,0
2026-05-20T13:45:00Z,transport-integration,0,0,0,0,0,0,FALSE,0,0,0,0,0,0,0
2026-05-20T14:00:00Z,transport-integration,0,0,0,0,0,0,FALSE,0,0,0,0,0,0,0
2026-05-20T14:15:00Z,transport-integration,0,0,0,0,0,0,FALSE,0,0,0,0,0,0,0
2026-05-20T14:30:00Z,transport-integration,0,0,0,0,0,0,FALSE,0,0,0,0,0,0,0
2026-05-20T14:45:00Z,transport-integration,0,0,0,0,0,0,FALSE,0,0,0,0,0,0,0
2026-05-20T15:00:00Z,transport-integration,0,0,0,0,0,0,FALSE,0,0,0,0,0,0,0
2026-05-20T15:15:00Z,transport-integration,0,0,0,0,0,0,FALSE,0,0,0,0,0,0,0
2026-05-20T15:30:00Z,transport-integration,0,0,0,0,0,0,FALSE,0,0,0,0,0,0,0
2026-05-20T15:45:00Z,transport-integration,0,0,0,0,0,0,FALSE,0,0,0,0,0,0,0
2026-05-20T16:00:00Z,transport-integration,0,0,0,0,0,0,FALSE,0,0,0,0,0,0,0
2026-05-20T16:15:00Z,transport-integration,0,0,0,0,0,0,FALSE,0,0,0,0,0,0,0
2026-05-20T16:30:00Z,transport-integration,0,0,0,0,0,0,FALSE,0,0,0,0,0,0,0
2026-05-20T16:45:00Z,transport-integration,0,0,0,0,0,0,FALSE,0,0,0,0,0,0,0
2026-05-20T17:00:00Z,transport-integration,0,0,0,0,0,0,FALSE,0,0,0,0,0,0,0
2026-05-20T17:15:00Z,transport-integration,0,0,0,0,0,0,FALSE,0,0,0,0,0,0,0
2026-05-20T17:30:00Z,transport-integration,0,0,0,0,0,0,FALSE,0,0,0,0,0,0,0
2026-05-20T17:45:00Z,transport-integration,0,0,0,0,0,0,FALSE,0,0,0,0,0,0,0
2026-05-20T18:00:00Z,transport-integration,0,0,0,0,0,0,FALSE,0,0,0,0,0,0,0
2026-05-20T18:15:00Z,transport-integration,0,0,0,0,0,0,FALSE,0,0,0,0,0,0,0
2026-05-20T18:30:00Z,transport-integration,0,0,0,0,0,0,FALSE,0,0,0,0,0,0,0
2026-05-20T18:45:00Z,transport-integration,0,0,0,0,0,0,FALSE,0,0,0,0,0,0,0
2026-05-20T19:00:00Z,transport-integration,0,0,0,0,0,0,FALSE,0,0,0,0,0,0,0
2026-05-20T19:15:00Z,transport-integration,0,0,0,0,0,0,FALSE,0,0,0,0,0,0,0
2026-05-20T19:30:00Z,transport-integration,0,0,0,0,0,0,FALSE,0,0,0,0,0,0,0
2026-05-20T19:45:00Z,transport-integration,0,0,0,0,0,0,FALSE,0,0,0,0,0,0,0
2026-05-20T20:00:00Z,transport-integration,0,0,0,0,0,0,FALSE,0,0,0,0,0,0,0
2026-05-20T20:15:00Z,transport-integration,0,0,0,0,0,0,FALSE,0,0,0,0,0,0,0
2026-05-20T20:30:00Z,transport-integration,0,0,0,0,0,0,FALSE,0,0,0,0,0,0,0
2026-05-20T20:45:00Z,transport-integration,0,0,0,0,0,0,FALSE,0,0,0,0,0,0,0
2026-05-20T21:00:00Z,transport-integration,0,0,0,0,0,0,FALSE,0,0,0,0,0,0,0
2026-05-20T21:15:00Z,transport-integration,0,0,0,0,0,0,FALSE,0,0,0,0,0,0,0
2026-05-20T21:30:00Z,transport-integration,0,0,0,0,0,0,FALSE,0,0,0,0,0,0,0
2026-05-20T21:45:00Z,transport-integration,0,0,0,0,0,0,FALSE,0,0,0,0,0,0,0
2026-05-20T22:00:00Z,transport-integration,0,0,0,0,0,0,FALSE,0,0,0,0,0,0,0
2026-05-20T22:15:00Z,transport-integration,0,0,0,0,0,0,FALSE,0,0,0,0,0,0,0
2026-05-20T22:30:00Z,transport-integration,0,0,0,0,0,0,FALSE,0,0,0,0,0,0,0
2026-05-20T22:45:00Z,transport-integration,0,0,0,0,0,0,FALSE,0,0,0,0,0,0,0
2026-05-20T23:00:00Z,transport-integration,0,0,0,0,0,0,FALSE,0,0,0,0,0,0,0
2026-05-20T23:15:00Z,transport-integration,0,0,0,0,0,0,FALSE,0,0,0,0,0,0,0
2026-05-20T23:30:00Z,transport-integration,0,0,0,0,0,0,FALSE,0,0,0,0,0,0,0
2026-05-20T23:45:00Z,transport-integration,0,0,0,0,0,0,FALSE,0,0,0,0,0,0,0
2026-05-21T00:00:00Z,transport-integration,0,0,0,0,0,0,FALSE,0,0,0,0,0,0,0
2026-05-21T00:15:00Z,transport-integration,0,0,0,0,0,0,FALSE,0,0,0,0,0,0,0
2026-05-21T00:30:00Z,transport-integration,0,0,0,0,0,0,FALSE,0,0,0,0,0,0,0
2026-05-21T00:45:00Z,transport-integration,0,0,0,0,0,0,FALSE,0,0,0,0,0,0,0
2026-05-21T01:00:00Z,transport-integration,0,0,0,0,0,0,FALSE,0,0,0,0,0,0,0
2026-05-21T01:15:00Z,transport-integration,0,0,0,0,0,0,FALSE,0,0,0,0,0,0,0
2026-05-21T01:30:00Z,transport-integration,0,0,0,0,0,0,FALSE,0,0,0,0,0,0,0
2026-05-21T01:45:00Z,transport-integration,0,0,0,0,0,0,FALSE,0,0,0,0,0,0,0
2026-05-21T02:00:00Z,transport-integration,0,0,0,0,0,0,FALSE,0,0,0,0,0,0,0
2026-05-21T02:15:00Z,transport-integration,0,0,0,0,0,0,FALSE,0,0,0,0,0,0,0
2026-05-21T02:30:00Z,transport-integration,0,0,0,0,0,0,FALSE,0,0,0,0,0,0,0
2026-05-21T02:45:00Z,transport-integration,0,0,0,0,0,0,FALSE,0,0,0,0,0,0,0
2026-05-21T03:00:00Z,transport-integration,0,0,0,0,0,0,FALSE,0,0,0,0,0,0,0
2026-05-21T03:15:00Z,transport-integration,0,0,0,0,0,0,FALSE,0,0,0,0,0,0,0
2026-05-21T03:30:00Z,transport-integration,0,0,0,0,0,0,FALSE,0,0,0,0,0,0,0
2026-05-21T03:45:00Z,transport-integration,0,0,0,0,0,0,FALSE,0,0,0,0,0,0,0
2026-05-21T04:00:00Z,transport-integration,0,0,0,0,0,0,FALSE,0,0,0,0,0,0,0
2026-05-21T04:15:00Z,transport-integration,0,0,0,0,0,0,FALSE,0,0,0,0,0,0,0
2026-05-21T04:30:00Z,transport-integration,0,0,0,0,0,0,FALSE,0,0,0,0,0,0,0
2026-05-21T04:45:00Z,transport-integration,0,0,0,0,0,0,FALSE,0,0,0,0,0,0,0
2026-05-21T05:00:00Z,transport-integration,0,0,0,0,0,0,FALSE,0,0,0,0,0,0,0
2026-05-21T05:15:00Z,transport-integration,0,0,0,0,0,0,FALSE,0,0,0,0,0,0,0
2026-05-21T05:30:00Z,transport-integration,0,0,0,0,0,0,FALSE,0,0,0,0,0,0,0
2026-05-21T05:45:00Z,transport-integration,0,0,0,0,0,0,FALSE,0,0,0,0,0,0,0
2026-05-21T06:00:00Z,transport-integration,0,0,0,0,0,0,FALSE,0,0,0,0,0,0,0
2026-05-21T06:15:00Z,transport-integration,0,0,0,0,0,0,FALSE,0,0,0,0,0,0,0
2026-05-21T06:30:00Z,transport-integration,0,0,0,0,0,0,FALSE,0,0,0,0,0,0,0
2026-05-21T06:45:00Z,transport-integration,0,0,0,0,0,0,FALSE,0,0,0,0,0,0,0
2026-05-21T07:00:00Z,transport-integration,0,0,0,0,0,0,FALSE,0,0,0,0,0,0,0
2026-05-21T07:15:00Z,transport-integration,0,0,0,0,0,0,FALSE,0,0,0,0,0,0,0
2026-05-21T07:30:00Z,transport-integration,0,0,0,0,0,0,FALSE,0,0,0,0,0,0,0
2026-05-21T07:45:00Z,transport-integration,0,0,0,0,0,0,FALSE,0,0,0,0,0,0,0
2026-05-21T08:00:00Z,transport-integration,0,0,0,0,0,0,FALSE,0,0,0,0,0,0,0
2026-05-21T08:15:00Z,transport-integration,0,0,0,0,0,0,FALSE,0,0,0,0,0,0,0
2026-05-21T08:30:00Z,transport-integration,0,0,0,0,0,0,FALSE,0,0,0,0,0,0,0
2026-05-21T08:45:00Z,transport-integration,0,0,0,0,0,0,FALSE,0,0,0,0,0,0,0
2026-05-21T09:00:00Z,transport-integration,0,0,0,0,0,0,FALSE,0,0,0,0,0,0,0
2026-05-21T09:15:00Z,transport-integration,0,0,0,0,0,0,FALSE,0,0,0,0,0,0,0
2026-05-21T09:30:00Z,transport-integration,0,0,0,0,0,0,FALSE,0,0,0,0,0,0,0
2026-05-21T09:45:00Z,transport-integration,0,0,0,0,0,0,FALSE,0,0,0,0,0,0,0
2026-05-21T10:00:00Z,transport-integration,0,0,0,0,0,0,FALSE,0,0,0,0,0,0,0
2026-05-21T10:15:00Z,transport-integration,0,0,0,0,0,0,FALSE,0,0,0,0,0,0,0
2026-05-21T10:30:00Z,transport-integration,0,0,0,0,0,0,FALSE,0,0,0,0,0,0,0
2026-05-21T10:45:00Z,transport-integration,0,0,0,0,0,0,FALSE,0,0,0,0,0,0,0
2026-05-21T11:00:00Z,transport-integration,0,0,0,0,0,0,FALSE,0,0,0,0,0,0,0
2026-05-21T11:15:00Z,transport-integration,0,0,0,0,0,0,FALSE,0,0,0,0,0,0,0
2026-05-21T11:30:00Z,transport-integration,0,0,0,0,0,0,FALSE,0,0,0,0,0,0,0
2026-05-21T11:45:00Z,transport-integration,0,0,0,0,0,0,FALSE,0,0,0,0,0,0,0
2026-05-21T12:00:00Z,transport-integration,0,0,0,0,0,0,FALSE,0,0,0,0,0,0,0
2026-05-21T12:15:00Z,transport-integration,0,0,0,0,0,0,FALSE,0,0,0,0,0,0,0
2026-05-21T12:30:00Z,transport-integration,0,0,0,0,0,0,FALSE,0,0,0,0,0,0,0
2026-05-21T12:45:00Z,transport-integration,0,0,0,0,0,0,FALSE,0,0,0,0,0,0,0
2026-05-21T13:00:00Z,transport-integration,0,0,0,0,0,0,FALSE,0,0,0,0,0,0,0
2026-05-21T13:15:00Z,transport-integration,0,0,0,0,0,0,FALSE,0,0,0,0,0,0,0
2026-05-21T13:30:00Z,transport-integration,0,0,0,0,0,0,FALSE,0,0,0,0,0,0,0
2026-05-21T13:45:00Z,transport-integration,0,0,0,0,0,0,FALSE,0,0,0,0,0,0,0
2026-05-21T14:00:00Z,transport-integration,0,0,0,0,0,0,FALSE,0,0,0,0,0,0,0
2026-05-21T14:15:00Z,transport-integration,0,0,0,0,0,0,FALSE,0,0,0,0,0,0,0
2026-05-21T14:30:00Z,transport-integration,0,0,0,0,0,0,FALSE,0,0,0,0,0,0,0
2026-05-21T14:45:00Z,transport-integration,0,0,0,0,0,0,FALSE,0,0,0,0,0,0,0
2026-05-21T15:00:00Z,transport-integration,0,0,0,0,0,0,FALSE,0,0,0,0,0,0,0
2026-05-21T15:15:00Z,transport-integration,0,0,0,0,0,0,FALSE,0,0,0,0,0,0,0
2026-05-21T15:30:00Z,transport-integration,0,0,0,0,0,0,FALSE,0,0,0,0,0,0,0
2026-05-21T15:45:00Z,transport-integration,0,0,0,0,0,0,FALSE,0,0,0,0,0,0,0
2026-05-21T16:00:00Z,transport-integration,0,0,0,0,0,0,FALSE,0,0,0,0,0,0,0
2026-05-21T16:15:00Z,transport-integration,0,0,0,0,0,0,FALSE,0,0,0,0,0,0,0
2026-05-21T16:30:00Z,transport-integration,0,0,0,0,0,0,FALSE,0,0,0,0,0,0,0
2026-05-21T16:45:00Z,transport-integration,0,0,0,0,0,0,FALSE,0,0,0,0,0,0,0
2026-05-21T17:00:00Z,transport-integration,0,0,0,0,0,0,FALSE,0,0,0,0,0,0,0
2026-05-21T17:15:00Z,transport-integration,0,0,0,0,0,0,FALSE,0,0,0,0,0,0,0
2026-05-21T17:30:00Z,transport-integration,0,0,0,0,0,0,FALSE,0,0,0,0,0,0,0
2026-05-21T17:45:00Z,transport-integration,0,0,0,0,0,0,FALSE,0,0,0,0,0,0,0
2026-05-21T18:00:00Z,transport-integration,0,0,0,0,0,0,FALSE,0,0,0,0,0,0,0
2026-05-21T18:15:00Z,transport-integration,0,0,0,0,0,0,FALSE,0,0,0,0,0,0,0
2026-05-21T18:30:00Z,transport-integration,0,0,0,0,0,0,FALSE,0,0,0,0,0,0,0
2026-05-21T18:45:00Z,transport-integration,0,0,0,0,0,0,FALSE,0,0,0,0,0,0,0
2026-05-21T19:00:00Z,transport-integration,0,0,0,0,0,0,FALSE,0,0,0,0,0,0,0
2026-05-21T19:15:00Z,transport-integration,0,0,0,0,0,0,FALSE,0,0,0,0,0,0,0
2026-05-21T19:30:00Z,transport-integration,0,0,0,0,0,0,FALSE,0,0,0,0,0,0,0
2026-05-21T19:45:00Z,transport-integration,0,0,0,0,0,0,FALSE,0,0,0,0,0,0,0
2026-05-21T20:00:00Z,transport-integration,0,0,0,0,0,0,FALSE,0,0,0,0,0,0,0
2026-05-21T20:15:00Z,transport-integration,0,0,0,0,0,0,FALSE,0,0,0,0,0,0,0
2026-05-21T20:30:00Z,transport-integration,0,0,0,0,0,0,FALSE,0,0,0,0,0,0,0
2026-05-21T20:45:00Z,transport-integration,0,0,0,0,0,0,FALSE,0,0,0,0,0,0,0
2026-05-21T21:00:00Z,transport-integration,0,0,0,0,0,0,FALSE,0,0,0,0,0,0,0
2026-05-21T21:15:00Z,transport-integration,0,0,0,0,0,0,FALSE,0,0,0,0,0,0,0
2026-05-21T21:30:00Z,transport-integration,0,0,0,0,0,0,FALSE,0,0,0,0,0,0,0
2026-05-21T21:45:00Z,transport-integration,0,0,0,0,0,0,FALSE,0,0,0,0,0,0,0
2026-05-21T22:00:00Z,transport-integration,0,0,0,0,0,0,FALSE,0,0,0,0,0,0,0
2026-05-21T22:15:00Z,transport-integration,0,0,0,0,0,0,FALSE,0,0,0,0,0,0,0
2026-05-21T22:30:00Z,transport-integration,0,0,0,0,0,0,FALSE,0,0,0,0,0,0,0
2026-05-21T22:45:00Z,transport-integration,0,0,0,0,0,0,FALSE,0,0,0,0,0,0,0
2026-05-21T23:00:00Z,transport-integration,0,0,0,0,0,0,FALSE,0,0,0,0,0,0,0
2026-05-21T23:15:00Z,transport-integration,0,0,0,0,0,0,FALSE,0,0,0,0,0,0,0
2026-05-21T23:30:00Z,transport-integration,0,0,0,0,0,0,FALSE,0,0,0,0,0,0,0
2026-05-21T23:45:00Z,transport-integration,0,0,0,0,0,0,FALSE,0,0,0,0,0,0,0
2026-05-22T00:00:00Z,transport-integration,0,0,0,0,0,0,FALSE,0,0,0,0,0,0,0
2026-05-22T00:15:00Z,transport-integration,0,0,0,0,0,0,FALSE,0,0,0,0,0,0,0
2026-05-22T00:30:00Z,transport-integration,0,0,0,0,0,0,FALSE,0,0,0,0,0,0,0
2026-05-22T00:45:00Z,transport-integration,0,0,0,0,0,0,FALSE,0,0,0,0,0,0,0
2026-05-22T01:00:00Z,transport-integration,0,0,0,0,0,0,FALSE,0,0,0,0,0,0,0
2026-05-22T01:15:00Z,transport-integration,0,0,0,0,0,0,FALSE,0,0,0,0,0,0,0
2026-05-22T01:30:00Z,transport-integration,0,0,0,0,0,0,FALSE,0,0,0,0,0,0,0
2026-05-22T01:45:00Z,transport-integration,0,0,0,0,0,0,FALSE,0,0,0,0,0,0,0
2026-05-22T02:00:00Z,transport-integration,0,0,0,0,0,0,FALSE,0,0,0,0,0,0,0
2026-05-22T02:15:00Z,transport-integration,0,0,0,0,0,0,FALSE,0,0,0,0,0,0,0
2026-05-22T02:30:00Z,transport-integration,0,0,0,0,0,0,FALSE,0,0,0,0,0,0,0
2026-05-22T02:45:00Z,transport-integration,0,0,0,0,0,0,FALSE,0,0,0,0,0,0,0
2026-05-22T03:00:00Z,transport-integration,0,0,0,0,0,0,FALSE,0,0,0,0,0,0,0
2026-05-22T03:15:00Z,transport-integration,0,0,0,0,0,0,FALSE,0,0,0,0,0,0,0
2026-05-22T03:30:00Z,transport-integration,0,0,0,0,0,0,FALSE,0,0,0,0,0,0,0
2026-05-22T03:45:00Z,transport-integration,0,0,0,0,0,0,FALSE,0,0,0,0,0,0,0
2026-05-22T04:00:00Z,transport-integration,0,0,0,0,0,0,FALSE,0,0,0,0,0,0,0
2026-05-22T04:15:00Z,transport-integration,0,0,0,0,0,0,FALSE,0,0,0,0,0,0,0
2026-05-22T04:30:00Z,transport-integration,0,0,0,0,0,0,FALSE,0,0,0,0,0,0,0
2026-05-22T04:45:00Z,transport-integration,0,0,0,0,0,0,FALSE,0,0,0,0,0,0,0
2026-05-22T05:00:00Z,transport-integration,0,0,0,0,0,0,FALSE,0,0,0,0,0,0,0
2026-05-22T05:15:00Z,transport-integration,0,0,0,0,0,0,FALSE,0,0,0,0,0,0,0
2026-05-22T05:30:00Z,transport-integration,0,0,0,0,0,0,FALSE,0,0,0,0,0,0,0
2026-05-22T05:45:00Z,transport-integration,0,0,0,0,0,0,FALSE,0,0,0,0,0,0,0
2026-05-22T06:00:00Z,transport-integration,0,0,0,0,0,0,FALSE,0,0,0,0,0,0,0
2026-05-22T06:15:00Z,transport-integration,0,0,0,0,0,0,FALSE,0,0,0,0,0,0,0
2026-05-22T06:30:00Z,transport-integration,0,0,0,0,0,0,FALSE,0,0,0,0,0,0,0
2026-05-22T06:45:00Z,transport-integration,0,0,0,0,0,0,FALSE,0,0,0,0,0,0,0
2026-05-22T07:00:00Z,transport-integration,0,0,0,0,0,0,FALSE,0,0,0,0,0,0,0
2026-05-22T07:15:00Z,transport-integration,0,0,0,0,0,0,FALSE,0,0,0,0,0,0,0
2026-05-22T07:30:00Z,transport-integration,0,0,0,0,0,0,FALSE,0,0,0,0,0,0,0
2026-05-22T07:45:00Z,transport-integration,0,0,0,0,0,0,FALSE,0,0,0,0,0,0,0
2026-05-22T08:00:00Z,transport-integration,0,0,0,0,0,0,FALSE,0,0,0,0,0,0,0
2026-05-22T08:15:00Z,transport-integration,0,0,0,0,0,0,FALSE,0,0,0,0,0,0,0
2026-05-22T08:30:00Z,transport-integration,0,0,0,0,0,0,FALSE,0,0,0,0,0,0,0
2026-05-22T08:45:00Z,transport-integration,0,0,0,0,0,0,FALSE,0,0,0,0,0,0,0
2026-05-22T09:00:00Z,transport-integration,0,0,0,0,0,0,FALSE,0,0,0,0,0,0,0
2026-05-22T09:15:00Z,transport-integration,0,0,0,0,0,0,FALSE,0,0,0,0,0,0,0
2026-05-22T09:30:00Z,transport-integration,0,0,0,0,0,0,FALSE,0,0,0,0,0,0,0
2026-05-22T09:45:00Z,transport-integration,0,0,0,0,0,0,FALSE,0,0,0,0,0,0,0
2026-05-22T10:00:00Z,transport-integration,0,0,0,0,0,0,FALSE,0,0,0,0,0,0,0
2026-05-22T10:15:00Z,transport-integration,0,0,0,0,0,0,FALSE,0,0,0,0,0,0,0
2026-05-22T10:30:00Z,transport-integration,0,0,0,0,0,0,FALSE,0,0,0,0,0,0,0
2026-05-22T10:45:00Z,transport-integration,0,0,0,0,0,0,FALSE,0,0,0,0,0,0,0
2026-05-22T11:00:00Z,transport-integration,0,0,0,0,0,0,FALSE,0,0,0,0,0,0,0
2026-05-22T11:15:00Z,transport-integration,0,0,0,0,0,0,FALSE,0,0,0,0,0,0,0
2026-05-22T11:30:00Z,transport-integration,0,0,0,0,0,0,FALSE,0,0,0,0,0,0,0
2026-05-22T11:45:00Z,transport-integration,0,0,0,0,0,0,FALSE,0,0,0,0,0,0,0
2026-05-22T12:00:00Z,transport-integration,0,0,0,0,0,0,FALSE,0,0,0,0,0,0,0
2026-05-22T12:15:00Z,transport-integration,0,0,0,0,0,0,FALSE,0,0,0,0,0,0,0
2026-05-22T12:30:00Z,transport-integration,0,0,0,0,0,0,FALSE,0,0,0,0,0,0,0
2026-05-22T12:45:00Z,transport-integration,0,0,0,0,0,0,FALSE,0,0,0,0,0,0,0
2026-05-22T13:00:00Z,transport-integration,0,0,0,0,0,0,FALSE,0,0,0,0,0,0,0
2026-05-22T13:15:00Z,transport-integration,0,0,0,0,0,0,FALSE,0,0,0,0,0,0,0
2026-05-22T13:30:00Z,transport-integration,0,0,0,0,0,0,FALSE,0,0,0,0,0,0,0
2026-05-22T13:45:00Z,transport-integration,0,0,0,0,0,0,FALSE,0,0,0,0,0,0,0
2026-05-22T14:00:00Z,transport-integration,0,0,0,0,0,0,FALSE,0,0,0,0,0,0,0
2026-05-22T14:15:00Z,transport-integration,0,0,0,0,0,0,FALSE,0,0,0,0,0,0,0
2026-05-22T14:30:00Z,transport-integration,0,0,0,0,0,0,FALSE,0,0,0,0,0,0,0
2026-05-22T14:45:00Z,transport-integration,0,0,0,0,0,0,FALSE,0,0,0,0,0,0,0
2026-05-22T15:00:00Z,transport-integration,0,0,0,0,0,0,FALSE,0,0,0,0,0,0,0
2026-05-22T15:15:00Z,transport-integration,0,0,0,0,0,0,FALSE,0,0,0,0,0,0,0
2026-05-22T15:30:00Z,transport-integration,0,0,0,0,0,0,FALSE,0,0,0,0,0,0,0
2026-05-22T15:45:00Z,transport-integration,0,0,0,0,0,0,FALSE,0,0,0,0,0,0,0
2026-05-22T16:00:00Z,transport-integration,0,0,0,0,0,0,FALSE,0,0,0,0,0,0,0
2026-05-22T16:15:00Z,transport-integration,0,0,0,0,0,0,FALSE,0,0,0,0,0,0,0
2026-05-22T16:30:00Z,transport-integration,0,0,0,0,0,0,FALSE,0,0,0,0,0,0,0
2026-05-22T16:45:00Z,transport-integration,0,0,0,0,0,0,FALSE,0,0,0,0,0,0,0
2026-05-22T17:00:00Z,transport-integration,0,0,0,0,0,0,FALSE,0,0,0,0,0,0,0
2026-05-22T17:15:00Z,transport-integration,0,0,0,0,0,0,FALSE,0,0,0,0,0,0,0
2026-05-22T17:30:00Z,transport-integration,0,0,0,0,0,0,FALSE,0,0,0,0,0,0,0
2026-05-22T17:45:00Z,transport-integration,0,0,0,0,0,0,FALSE,0,0,0,0,0,0,0
2026-05-22T18:00:00Z,transport-integration,0,0,0,0,0,0,FALSE,0,0,0,0,0,0,0
2026-05-22T18:15:00Z,transport-integration,0,0,0,0,0,0,FALSE,0,0,0,0,0,0,0
2026-05-22T18:30:00Z,transport-integration,0,0,0,0,0,0,FALSE,0,0,0,0,0,0,0
2026-05-22T18:45:00Z,transport-integration,0,0,0,0,0,0,FALSE,0,0,0,0,0,0,0
2026-05-22T19:00:00Z,transport-integration,0,0,0,0,0,0,FALSE,0,0,0,0,0,0,0
2026-05-22T19:15:00Z,transport-integration,0,0,0,0,0,0,FALSE,0,0,0,0,0,0,0
2026-05-22T19:30:00Z,transport-integration,0,0,0,0,0,0,FALSE,0,0,0,0,0,0,0
2026-05-22T19:45:00Z,transport-integration,0,0,0,0,0,0,FALSE,0,0,0,0,0,0,0
2026-05-22T20:00:00Z,transport-integration,0,0,0,0,0,0,FALSE,0,0,0,0,0,0,0
2026-05-22T20:15:00Z,transport-integration,0,0,0,0,0,0,FALSE,0,0,0,0,0,0,0
2026-05-22T20:30:00Z,transport-integration,0,0,0,0,0,0,FALSE,0,0,0,0,0,0,0
2026-05-22T20:45:00Z,transport-integration,0,0,0,0,0,0,FALSE,0,0,0,0,0,0,0
2026-05-22T21:00:00Z,transport-integration,0,0,0,0,0,0,FALSE,0,0,0,0,0,0,0
2026-05-22T21:15:00Z,transport-integration,0,0,0,0,0,0,FALSE,0,0,0,0,0,0,0
2026-05-22T21:30:00Z,transport-integration,0,0,0,0,0,0,FALSE,0,0,0,0,0,0,0
2026-05-22T21:45:00Z,transport-integration,0,0,0,0,0,0,FALSE,0,0,0,0,0,0,0
2026-05-22T22:00:00Z,transport-integration,0,0,0,0,0,0,FALSE,0,0,0,0,0,0,0
2026-05-22T22:15:00Z,transport-integration,0,0,0,0,0,0,FALSE,0,0,0,0,0,0,0
2026-05-22T22:30:00Z,transport-integration,0,0,0,0,0,0,FALSE,0,0,0,0,0,0,0
2026-05-22T22:45:00Z,transport-integration,0,0,0,0,0,0,FALSE,0,0,0,0,0,0,0
2026-05-22T23:00:00Z,transport-integration,0,0,0,0,0,0,FALSE,0,0,0,0,0,0,0
2026-05-22T23:15:00Z,transport-integration,0,0,0,0,0,0,FALSE,0,0,0,0,0,0,0
2026-05-22T23:30:00Z,transport-integration,0,0,0,0,0,0,FALSE,0,0,0,0,0,0,0
2026-05-22T23:45:00Z,transport-integration,0,0,0,0,0,0,FALSE,0,0,0,0,0,0,0
2026-05-23T00:00:00Z,transport-integration,0,0,0,0,0,0,FALSE,0,0,0,0,0,0,0
2026-05-23T00:15:00Z,transport-integration,0,0,0,0,0,0,FALSE,0,0,0,0,0,0,0
2026-05-23T00:30:00Z,transport-integration,0,0,0,0,0,0,FALSE,0,0,0,0,0,0,0
2026-05-23T00:45:00Z,transport-integration,0,0,0,0,0,0,FALSE,0,0,0,0,0,0,0
2026-05-23T01:00:00Z,transport-integration,0,0,0,0,0,0,FALSE,0,0,0,0,0,0,0
2026-05-23T01:15:00Z,transport-integration,0,0,0,0,0,0,FALSE,0,0,0,0,0,0,0
2026-05-23T01:30:00Z,transport-integration,0,0,0,0,0,0,FALSE,0,0,0,0,0,0,0
2026-05-23T01:45:00Z,transport-integration,0,0,0,0,0,0,FALSE,0,0,0,0,0,0,0
2026-05-23T02:00:00Z,transport-integration,0,0,0,0,0,0,FALSE,0,0,0,0,0,0,0
2026-05-23T02:15:00Z,transport-integration,0,0,0,0,0,0,FALSE,0,0,0,0,0,0,0
2026-05-23T02:30:00Z,transport-integration,0,0,0,0,0,0,FALSE,0,0,0,0,0,0,0
2026-05-23T02:45:00Z,transport-integration,0,0,0,0,0,0,FALSE,0,0,0,0,0,0,0
2026-05-23T03:00:00Z,transport-integration,0,0,0,0,0,0,FALSE,0,0,0,0,0,0,0
2026-05-23T03:15:00Z,transport-integration,0,0,0,0,0,0,FALSE,0,0,0,0,0,0,0
2026-05-23T03:30:00Z,transport-integration,0,0,0,0,0,0,FALSE,0,0,0,0,0,0,0
2026-05-23T03:45:00Z,transport-integration,0,0,0,0,0,0,FALSE,0,0,0,0,0,0,0
2026-05-23T04:00:00Z,transport-integration,0,0,0,0,0,0,FALSE,0,0,0,0,0,0,0
2026-05-23T04:15:00Z,transport-integration,0,0,0,0,0,0,FALSE,0,0,0,0,0,0,0
2026-05-23T04:30:00Z,transport-integration,0,0,0,0,0,0,FALSE,0,0,0,0,0,0,0
2026-05-23T04:45:00Z,transport-integration,0,0,0,0,0,0,FALSE,0,0,0,0,0,0,0
2026-05-23T05:00:00Z,transport-integration,0,0,0,0,0,0,FALSE,0,0,0,0,0,0,0
2026-05-23T05:15:00Z,transport-integration,0,0,0,0,0,0,FALSE,0,0,0,0,0,0,0
2026-05-23T05:30:00Z,transport-integration,0,0,0,0,0,0,FALSE,0,0,0,0,0,0,0
2026-05-23T05:45:00Z,transport-integration,0,0,0,0,0,0,FALSE,0,0,0,0,0,0,0
2026-05-23T06:00:00Z,transport-integration,0,0,0,0,0,0,FALSE,0,0,0,0,0,0,0
2026-05-23T06:15:00Z,transport-integration,0,0,0,0,0,0,FALSE,0,0,0,0,0,0,0
2026-05-23T06:30:00Z,transport-integration,0,0,0,0,0,0,FALSE,0,0,0,0,0,0,0
2026-05-23T06:45:00Z,transport-integration,0,0,0,0,0,0,FALSE,0,0,0,0,0,0,0
2026-05-23T07:00:00Z,transport-integration,0,0,0,0,0,0,FALSE,0,0,0,0,0,0,0
2026-05-23T07:15:00Z,transport-integration,0,0,0,0,0,0,FALSE,0,0,0,0,0,0,0
2026-05-23T07:30:00Z,transport-integration,0,0,0,0,0,0,FALSE,0,0,0,0,0,0,0
2026-05-23T07:45:00Z,transport-integration,0,0,0,0,0,0,FALSE,0,0,0,0,0,0,0
2026-05-23T08:00:00Z,transport-integration,0,0,0,0,0,0,FALSE,0,0,0,0,0,0,0
2026-05-23T08:15:00Z,transport-integration,0,0,0,0,0,0,FALSE,0,0,0,0,0,0,0
2026-05-23T08:30:00Z,transport-integration,0,0,0,0,0,0,FALSE,0,0,0,0,0,0,0
2026-05-23T08:45:00Z,transport-integration,0,0,0,0,0,0,FALSE,0,0,0,0,0,0,0
2026-05-23T09:00:00Z,transport-integration,0,0,0,0,0,0,FALSE,0,0,0,0,0,0,0
2026-05-23T09:15:00Z,transport-integration,0,0,0,0,0,0,FALSE,0,0,0,0,0,0,0
2026-05-23T09:30:00Z,transport-integration,0,0,0,0,0,0,FALSE,0,0,0,0,0,0,0
2026-05-23T09:45:00Z,transport-integration,0,0,0,0,0,0,FALSE,0,0,0,0,0,0,0
2026-05-23T10:00:00Z,transport-integration,0,0,0,0,0,0,FALSE,0,0,0,0,0,0,0
2026-05-23T10:15:00Z,transport-integration,0,0,0,0,0,0,FALSE,0,0,0,0,0,0,0
2026-05-23T10:30:00Z,transport-integration,0,0,0,0,0,0,FALSE,0,0,0,0,0,0,0
2026-05-23T10:45:00Z,transport-integration,0,0,0,0,0,0,FALSE,0,0,0,0,0,0,0
2026-05-23T11:00:00Z,transport-integration,0,0,0,0,0,0,FALSE,0,0,0,0,0,0,0
2026-05-23T11:15:00Z,transport-integration,0,0,0,0,0,0,FALSE,0,0,0,0,0,0,0
2026-05-23T11:30:00Z,transport-integration,0,0,0,0,0,0,FALSE,0,0,0,0,0,0,0
2026-05-23T11:45:00Z,transport-integration,0,0,0,0,0,0,FALSE,0,0,0,0,0,0,0
2026-05-23T12:00:00Z,transport-integration,0,0,0,0,0,0,FALSE,0,0,0,0,0,0,0
2026-05-23T12:15:00Z,transport-integration,0,0,0,0,0,0,FALSE,0,0,0,0,0,0,0
2026-05-23T12:30:00Z,transport-integration,0,0,0,0,0,0,FALSE,0,0,0,0,0,0,0
2026-05-23T12:45:00Z,transport-integration,0,0,0,0,0,0,FALSE,0,0,0,0,0,0,0
2026-05-23T13:00:00Z,transport-integration,0,0,0,0,0,0,FALSE,0,0,0,0,0,0,0
2026-05-23T13:15:00Z,transport-integration,0,0,0,0,0,0,FALSE,0,0,0,0,0,0,0
2026-05-23T13:30:00Z,transport-integration,0,0,0,0,0,0,FALSE,0,0,0,0,0,0,0
2026-05-23T13:45:00Z,transport-integration,0,0,0,0,0,0,FALSE,0,0,0,0,0,0,0
2026-05-23T14:00:00Z,transport-integration,0,0,0,0,0,0,FALSE,0,0,0,0,0,0,0
2026-05-23T14:15:00Z,transport-integration,0,0,0,0,0,0,FALSE,0,0,0,0,0,0,0
2026-05-23T14:30:00Z,transport-integration,0,0,0,0,0,0,FALSE,0,0,0,0,0,0,0
2026-05-23T14:45:00Z,transport-integration,0,0,0,0,0,0,FALSE,0,0,0,0,0,0,0
2026-05-23T15:00:00Z,transport-integration,0,0,0,0,0,0,FALSE,0,0,0,0,0,0,0
2026-05-23T15:15:00Z,transport-integration,0,0,0,0,0,0,FALSE,0,0,0,0,0,0,0
2026-05-23T15:30:00Z,transport-integration,0,0,0,0,0,0,FALSE,0,0,0,0,0,0,0
2026-05-23T15:45:00Z,transport-integration,0,0,0,0,0,0,FALSE,0,0,0,0,0,0,0
2026-05-23T16:00:00Z,transport-integration,0,0,0,0,0,0,FALSE,0,0,0,0,0,0,0
2026-05-23T16:15:00Z,transport-integration,0,0,0,0,0,0,FALSE,0,0,0,0,0,0,0
2026-05-23T16:30:00Z,transport-integration,0,0,0,0,0,0,FALSE,0,0,0,0,0,0,0
2026-05-23T16:45:00Z,transport-integration,0,0,0,0,0,0,FALSE,0,0,0,0,0,0,0
2026-05-23T17:00:00Z,transport-integration,0,0,0,0,0,0,FALSE,0,0,0,0,0,0,0
2026-05-23T17:15:00Z,transport-integration,0,0,0,0,0,0,FALSE,0,0,0,0,0,0,0
2026-05-23T17:30:00Z,transport-integration,0,0,0,0,0,0,FALSE,0,0,0,0,0,0,0
2026-05-23T17:45:00Z,transport-integration,0,0,0,0,0,0,FALSE,0,0,0,0,0,0,0
2026-05-23T18:00:00Z,transport-integration,0,0,0,0,0,0,FALSE,0,0,0,0,0,0,0
2026-05-23T18:15:00Z,transport-integration,0,0,0,0,0,0,FALSE,0,0,0,0,0,0,0
2026-05-23T18:30:00Z,transport-integration,0,0,0,0,0,0,FALSE,0,0,0,0,0,0,0
2026-05-23T18:45:00Z,transport-integration,0,0,0,0,0,0,FALSE,0,0,0,0,0,0,0
2026-05-23T19:00:00Z,transport-integration,0,0,0,0,0,0,FALSE,0,0,0,0,0,0,0
2026-05-23T19:15:00Z,transport-integration,0,0,0,0,0,0,FALSE,0,0,0,0,0,0,0
2026-05-23T19:30:00Z,transport-integration,0,0,0,0,0,0,FALSE,0,0,0,0,0,0,0
2026-05-23T19:45:00Z,transport-integration,0,0,0,0,0,0,FALSE,0,0,0,0,0,0,0
2026-05-23T20:00:00Z,transport-integration,0,0,0,0,0,0,FALSE,0,0,0,0,0,0,0
2026-05-23T20:15:00Z,transport-integration,0,0,0,0,0,0,FALSE,0,0,0,0,0,0,0
2026-05-23T20:30:00Z,transport-integration,0,0,0,0,0,0,FALSE,0,0,0,0,0,0,0
2026-05-23T20:45:00Z,transport-integration,0,0,0,0,0,0,FALSE,0,0,0,0,0,0,0
2026-05-23T21:00:00Z,transport-integration,0,0,0,0,0,0,FALSE,0,0,0,0,0,0,0
2026-05-23T21:15:00Z,transport-integration,0,0,0,0,0,0,FALSE,0,0,0,0,0,0,0
2026-05-23T21:30:00Z,transport-integration,0,0,0,0,0,0,FALSE,0,0,0,0,0,0,0
2026-05-23T21:45:00Z,transport-integration,0,0,0,0,0,0,FALSE,0,0,0,0,0,0,0
2026-05-23T22:00:00Z,transport-integration,0,0,0,0,0,0,FALSE,0,0,0,0,0,0,0
2026-05-23T22:15:00Z,transport-integration,0,0,0,0,0,0,FALSE,0,0,0,0,0,0,0
2026-05-23T22:30:00Z,transport-integration,0,0,0,0,0,0,FALSE,0,0,0,0,0,0,0
2026-05-23T22:45:00Z,transport-integration,0,0,0,0,0,0,FALSE,0,0,0,0,0,0,0
2026-05-23T23:00:00Z,transport-integration,0,0,0,0,0,0,FALSE,0,0,0,0,0,0,0
2026-05-23T23:15:00Z,transport-integration,0,0,0,0,0,0,FALSE,0,0,0,0,0,0,0
2026-05-23T23:30:00Z,transport-integration,0,0,0,0,0,0,FALSE,0,0,0,0,0,0,0
2026-05-23T23:45:00Z,transport-integration,0,0,0,0,0,0,FALSE,0,0,0,0,0,0,0
2026-05-24T00:00:00Z,transport-integration,0,0,0,0,0,0,FALSE,0,0,0,0,0,0,0
2026-05-24T00:15:00Z,transport-integration,0,0,0,0,0,0,FALSE,0,0,0,0,0,0,0
2026-05-24T00:30:00Z,transport-integration,0,0,0,0,0,0,FALSE,0,0,0,0,0,0,0
2026-05-24T00:45:00Z,transport-integration,0,0,0,0,0,0,FALSE,0,0,0,0,0,0,0
2026-05-24T01:00:00Z,transport-integration,0,0,0,0,0,0,FALSE,0,0,0,0,0,0,0
2026-05-24T01:15:00Z,transport-integration,0,0,0,0,0,0,FALSE,0,0,0,0,0,0,0
2026-05-24T01:30:00Z,transport-integration,0,0,0,0,0,0,FALSE,0,0,0,0,0,0,0
2026-05-24T01:45:00Z,transport-integration,0,0,0,0,0,0,FALSE,0,0,0,0,0,0,0
2026-05-24T02:00:00Z,transport-integration,0,0,0,0,0,0,FALSE,0,0,0,0,0,0,0
2026-05-24T02:15:00Z,transport-integration,0,0,0,0,0,0,FALSE,0,0,0,0,0,0,0
2026-05-24T02:30:00Z,transport-integration,0,0,0,0,0,0,FALSE,0,0,0,0,0,0,0
2026-05-24T02:45:00Z,transport-integration,0,0,0,0,0,0,FALSE,0,0,0,0,0,0,0
2026-05-24T03:00:00Z,transport-integration,0,0,0,0,0,0,FALSE,0,0,0,0,0,0,0
2026-05-24T03:15:00Z,transport-integration,0,0,0,0,0,0,FALSE,0,0,0,0,0,0,0
2026-05-24T03:30:00Z,transport-integration,0,0,0,0,0,0,FALSE,0,0,0,0,0,0,0
2026-05-24T03:45:00Z,transport-integration,0,0,0,0,0,0,FALSE,0,0,0,0,0,0,0
2026-05-24T04:00:00Z,transport-integration,0,0,0,0,0,0,FALSE,0,0,0,0,0,0,0
2026-05-24T04:15:00Z,transport-integration,0,0,0,0,0,0,FALSE,0,0,0,0,0,0,0
2026-05-24T04:30:00Z,transport-integration,0,0,0,0,0,0,FALSE,0,0,0,0,0,0,0
2026-05-24T04:45:00Z,transport-integration,0,0,0,0,0,0,FALSE,0,0,0,0,0,0,0
2026-05-24T05:00:00Z,transport-integration,0,0,0,0,0,0,FALSE,0,0,0,0,0,0,0
2026-05-24T05:15:00Z,transport-integration,0,0,0,0,0,0,FALSE,0,0,0,0,0,0,0
2026-05-24T05:30:00Z,transport-integration,0,0,0,0,0,0,FALSE,0,0,0,0,0,0,0
2026-05-24T05:45:00Z,transport-integration,0,0,0,0,0,0,FALSE,0,0,0,0,0,0,0
2026-05-24T06:00:00Z,transport-integration,0,0,0,0,0,0,FALSE,0,0,0,0,0,0,0
2026-05-24T06:15:00Z,transport-integration,0,0,0,0,0,0,FALSE,0,0,0,0,0,0,0
2026-05-24T06:30:00Z,transport-integration,0,0,0,0,0,0,FALSE,0,0,0,0,0,0,0
2026-05-24T06:45:00Z,transport-integration,0,0,0,0,0,0,FALSE,0,0,0,0,0,0,0
2026-05-24T07:00:00Z,transport-integration,0,0,0,0,0,0,FALSE,0,0,0,0,0,0,0
2026-05-24T07:15:00Z,transport-integration,0,0,0,0,0,0,FALSE,0,0,0,0,0,0,0
2026-05-24T07:30:00Z,transport-integration,0,0,0,0,0,0,FALSE,0,0,0,0,0,0,0
2026-05-24T07:45:00Z,transport-integration,0,0,0,0,0,0,FALSE,0,0,0,0,0,0,0
2026-05-24T08:00:00Z,transport-integration,0,0,0,0,0,0,FALSE,0,0,0,0,0,0,0
2026-05-24T08:15:00Z,transport-integration,0,0,0,0,0,0,FALSE,0,0,0,0,0,0,0
2026-05-24T08:30:00Z,transport-integration,0,0,0,0,0,0,FALSE,0,0,0,0,0,0,0
2026-05-24T08:45:00Z,transport-integration,0,0,0,0,0,0,FALSE,0,0,0,0,0,0,0
2026-05-24T09:00:00Z,transport-integration,0,0,0,0,0,0,FALSE,0,0,0,0,0,0,0
2026-05-24T09:15:00Z,transport-integration,0,0,0,0,0,0,FALSE,0,0,0,0,0,0,0
2026-05-24T09:30:00Z,transport-integration,0,0,0,0,0,0,FALSE,0,0,0,0,0,0,0
2026-05-24T09:45:00Z,transport-integration,0,0,0,0,0,0,FALSE,0,0,0,0,0,0,0
2026-05-24T10:00:00Z,transport-integration,0,0,0,0,0,0,FALSE,0,0,0,0,0,0,0
2026-05-24T10:15:00Z,transport-integration,0,0,0,0,0,0,FALSE,0,0,0,0,0,0,0
2026-05-24T10:30:00Z,transport-integration,0,0,0,0,0,0,FALSE,0,0,0,0,0,0,0
2026-05-24T10:45:00Z,transport-integration,0,0,0,0,0,0,FALSE,0,0,0,0,0,0,0
2026-05-24T11:00:00Z,transport-integration,0,0,0,0,0,0,FALSE,0,0,0,0,0,0,0
2026-05-24T11:15:00Z,transport-integration,0,0,0,0,0,0,FALSE,0,0,0,0,0,0,0
2026-05-24T11:30:00Z,transport-integration,0,0,0,0,0,0,FALSE,0,0,0,0,0,0,0
2026-05-24T11:45:00Z,transport-integration,0,0,0,0,0,0,FALSE,0,0,0,0,0,0,0
2026-05-24T12:00:00Z,transport-integration,0,0,0,0,0,0,FALSE,0,0,0,0,0,0,0
2026-05-24T12:15:00Z,transport-integration,0,0,0,0,0,0,FALSE,0,0,0,0,0,0,0
2026-05-24T12:30:00Z,transport-integration,0,0,0,0,0,0,FALSE,0,0,0,0,0,0,0
2026-05-24T12:45:00Z,transport-integration,0,0,0,0,0,0,FALSE,0,0,0,0,0,0,0
2026-05-24T13:00:00Z,transport-integration,0,0,0,0,0,0,FALSE,0,0,0,0,0,0,0
2026-05-24T13:15:00Z,transport-integration,0,0,0,0,0,0,FALSE,0,0,0,0,0,0,0
2026-05-24T13:30:00Z,transport-integration,0,0,0,0,0,0,FALSE,0,0,0,0,0,0,0
2026-05-24T13:45:00Z,transport-integration,0,0,0,0,0,0,FALSE,0,0,0,0,0,0,0
2026-05-24T14:00:00Z,transport-integration,0,0,0,0,0,0,FALSE,0,0,0,0,0,0,0
2026-05-24T14:15:00Z,transport-integration,0,0,0,0,0,0,FALSE,0,0,0,0,0,0,0
2026-05-24T14:30:00Z,transport-integration,0,0,0,0,0,0,FALSE,0,0,0,0,0,0,0
2026-05-24T14:45:00Z,transport-integration,0,0,0,0,0,0,FALSE,0,0,0,0,0,0,0
2026-05-24T15:00:00Z,transport-integration,0,0,0,0,0,0,FALSE,0,0,0,0,0,0,0
2026-05-24T15:15:00Z,transport-integration,0,0,0,0,0,0,FALSE,0,0,0,0,0,0,0
2026-05-24T15:30:00Z,transport-integration,0,0,0,0,0,0,FALSE,0,0,0,0,0,0,0
2026-05-24T15:45:00Z,transport-integration,0,0,0,0,0,0,FALSE,0,0,0,0,0,0,0
2026-05-24T16:00:00Z,transport-integration,0,0,0,0,0,0,FALSE,0,0,0,0,0,0,0
2026-05-24T16:15:00Z,transport-integration,0,0,0,0,0,0,FALSE,0,0,0,0,0,0,0
2026-05-24T16:30:00Z,transport-integration,0,0,0,0,0,0,FALSE,0,0,0,0,0,0,0
2026-05-24T16:45:00Z,transport-integration,0,0,0,0,0,0,FALSE,0,0,0,0,0,0,0
2026-05-24T17:00:00Z,transport-integration,0,0,0,0,0,0,FALSE,0,0,0,0,0,0,0
2026-05-24T17:15:00Z,transport-integration,0,0,0,0,0,0,FALSE,0,0,0,0,0,0,0
2026-05-24T17:30:00Z,transport-integration,0,0,0,0,0,0,FALSE,0,0,0,0,0,0,0
2026-05-24T17:45:00Z,transport-integration,0,0,0,0,0,0,FALSE,0,0,0,0,0,0,0
2026-05-24T18:00:00Z,transport-integration,0,0,0,0,0,0,FALSE,0,0,0,0,0,0,0
2026-05-24T18:15:00Z,transport-integration,0,0,0,0,0,0,FALSE,0,0,0,0,0,0,0
2026-05-24T18:30:00Z,transport-integration,0,0,0,0,0,0,FALSE,0,0,0,0,0,0,0
2026-05-24T18:45:00Z,transport-integration,0,0,0,0,0,0,FALSE,0,0,0,0,0,0,0
2026-05-24T19:00:00Z,transport-integration,0,0,0,0,0,0,FALSE,0,0,0,0,0,0,0
2026-05-24T19:15:00Z,transport-integration,0,0,0,0,0,0,FALSE,0,0,0,0,0,0,0
2026-05-24T19:30:00Z,transport-integration,0,0,0,0,0,0,FALSE,0,0,0,0,0,0,0
2026-05-24T19:45:00Z,transport-integration,0,0,0,0,0,0,FALSE,0,0,0,0,0,0,0
2026-05-24T20:00:00Z,transport-integration,0,0,0,0,0,0,FALSE,0,0,0,0,0,0,0
2026-05-24T20:15:00Z,transport-integration,0,0,0,0,0,0,FALSE,0,0,0,0,0,0,0
2026-05-24T20:30:00Z,transport-integration,0,0,0,0,0,0,FALSE,0,0,0,0,0,0,0
2026-05-24T20:45:00Z,transport-integration,0,0,0,0,0,0,FALSE,0,0,0,0,0,0,0
2026-05-24T21:00:00Z,transport-integration,0,0,0,0,0,0,FALSE,0,0,0,0,0,0,0
2026-05-24T21:15:00Z,transport-integration,0,0,0,0,0,0,FALSE,0,0,0,0,0,0,0
2026-05-24T21:30:00Z,transport-integration,0,0,0,0,0,0,FALSE,0,0,0,0,0,0,0
2026-05-24T21:45:00Z,transport-integration,0,0,0,0,0,0,FALSE,0,0,0,0,0,0,0
2026-05-24T22:00:00Z,transport-integration,0,0,0,0,0,0,FALSE,0,0,0,0,0,0,0
2026-05-24T22:15:00Z,transport-integration,0,0,0,0,0,0,FALSE,0,0,0,0,0,0,0
2026-05-24T22:30:00Z,transport-integration,0,0,0,0,0,0,FALSE,0,0,0,0,0,0,0
2026-05-24T22:45:00Z,transport-integration,0,0,0,0,0,0,FALSE,0,0,0,0,0,0,0
2026-05-24T23:00:00Z,transport-integration,0,0,0,0,0,0,FALSE,0,0,0,0,0,0,0
2026-05-24T23:15:00Z,transport-integration,0,0,0,0,0,0,FALSE,0,0,0,0,0,0,0
2026-05-24T23:30:00Z,transport-integration,0,0,0,0,0,0,FALSE,0,0,0,0,0,0,0
2026-05-24T23:45:00Z,transport-integration,0,0,0,0,0,0,FALSE,0,0,0,0,0,0,0
2026-05-25T00:00:00Z,transport-integration,0,0,0,0,0,0,FALSE,0,0,0,0,0,0,0
2026-05-25T00:15:00Z,transport-integration,0,0,0,0,0,0,FALSE,0,0,0,0,0,0,0
2026-05-25T00:30:00Z,transport-integration,0,0,0,0,0,0,FALSE,0,0,0,0,0,0,0
2026-05-25T00:45:00Z,transport-integration,0,0,0,0,0,0,FALSE,0,0,0,0,0,0,0
2026-05-25T01:00:00Z,transport-integration,0,0,0,0,0,0,FALSE,0,0,0,0,0,0,0
2026-05-25T01:15:00Z,transport-integration,0,0,0,0,0,0,FALSE,0,0,0,0,0,0,0
2026-05-25T01:30:00Z,transport-integration,0,0,0,0,0,0,FALSE,0,0,0,0,0,0,0
2026-05-25T01:45:00Z,transport-integration,0,0,0,0,0,0,FALSE,0,0,0,0,0,0,0
2026-05-25T02:00:00Z,transport-integration,0,0,0,0,0,0,FALSE,0,0,0,0,0,0,0
2026-05-25T02:15:00Z,transport-integration,0,0,0,0,0,0,FALSE,0,0,0,0,0,0,0
2026-05-25T02:30:00Z,transport-integration,0,0,0,0,0,0,FALSE,0,0,0,0,0,0,0
2026-05-25T02:45:00Z,transport-integration,0,0,0,0,0,0,FALSE,0,0,0,0,0,0,0
2026-05-25T03:00:00Z,transport-integration,0,0,0,0,0,0,FALSE,0,0,0,0,0,0,0
2026-05-25T03:15:00Z,transport-integration,0,0,0,0,0,0,FALSE,0,0,0,0,0,0,0
2026-05-25T03:30:00Z,transport-integration,0,0,0,0,0,0,FALSE,0,0,0,0,0,0,0
2026-05-25T03:45:00Z,transport-integration,0,0,0,0,0,0,FALSE,0,0,0,0,0,0,0
2026-05-25T04:00:00Z,transport-integration,0,0,0,0,0,0,FALSE,0,0,0,0,0,0,0
2026-05-25T04:15:00Z,transport-integration,0,0,0,0,0,0,FALSE,0,0,0,0,0,0,0
2026-05-25T04:30:00Z,transport-integration,0,0,0,0,0,0,FALSE,0,0,0,0,0,0,0
2026-05-25T04:45:00Z,transport-integration,0,0,0,0,0,0,FALSE,0,0,0,0,0,0,0
2026-05-25T05:00:00Z,transport-integration,0,0,0,0,0,0,FALSE,0,0,0,0,0,0,0
2026-05-25T05:15:00Z,transport-integration,0,0,0,0,0,0,FALSE,0,0,0,0,0,0,0
2026-05-25T05:30:00Z,transport-integration,0,0,0,0,0,0,FALSE,0,0,0,0,0,0,0
2026-05-25T05:45:00Z,transport-integration,0,0,0,0,0,0,FALSE,0,0,0,0,0,0,0
2026-05-25T06:00:00Z,transport-integration,0,0,0,0,0,0,FALSE,0,0,0,0,0,0,0
2026-05-25T06:15:00Z,transport-integration,0,0,0,0,0,0,FALSE,0,0,0,0,0,0,0
2026-05-25T06:30:00Z,transport-integration,0,0,0,0,0,0,FALSE,0,0,0,0,0,0,0
2026-05-25T06:45:00Z,transport-integration,0,0,0,0,0,0,FALSE,0,0,0,0,0,0,0
2026-05-25T07:00:00Z,transport-integration,0,0,0,0,0,0,FALSE,0,0,0,0,0,0,0
2026-05-25T07:15:00Z,transport-integration,0,0,0,0,0,0,FALSE,0,0,0,0,0,0,0
2026-05-25T07:30:00Z,transport-integration,0,0,0,0,0,0,FALSE,0,0,0,0,0,0,0
2026-05-25T07:45:00Z,transport-integration,0,0,0,0,0,0,FALSE,0,0,0,0,0,0,0
2026-05-25T08:00:00Z,transport-integration,0,0,0,0,0,0,FALSE,0,0,0,0,0,0,0
2026-05-25T08:15:00Z,transport-integration,0,0,0,0,0,0,FALSE,0,0,0,0,0,0,0
2026-05-25T08:30:00Z,transport-integration,0,0,0,0,0,0,FALSE,0,0,0,0,0,0,0
2026-05-25T08:45:00Z,transport-integration,0,0,0,0,0,0,FALSE,0,0,0,0,0,0,0
2026-05-25T09:00:00Z,transport-integration,0,0,0,0,0,0,FALSE,0,0,0,0,0,0,0
2026-05-25T09:15:00Z,transport-integration,0,0,0,0,0,0,FALSE,0,0,0,0,0,0,0
2026-05-25T09:30:00Z,transport-integration,0,0,0,0,0,0,FALSE,0,0,0,0,0,0,0
2026-05-25T09:45:00Z,transport-integration,0,0,0,0,0,0,FALSE,0,0,0,0,0,0,0
2026-05-25T10:00:00Z,transport-integration,0,0,0,0,0,0,FALSE,0,0,0,0,0,0,0
2026-05-25T10:15:00Z,transport-integration,0,0,0,0,0,0,FALSE,0,0,0,0,0,0,0
2026-05-25T10:30:00Z,transport-integration,0,0,0,0,0,0,FALSE,0,0,0,0,0,0,0
2026-05-25T10:45:00Z,transport-integration,0,0,0,0,0,0,FALSE,0,0,0,0,0,0,0
2026-05-25T11:00:00Z,transport-integration,0,0,0,0,0,0,FALSE,0,0,0,0,0,0,0
2026-05-25T11:15:00Z,transport-integration,0,0,0,0,0,0,FALSE,0,0,0,0,0,0,0
2026-05-25T11:30:00Z,transport-integration,0,0,0,0,0,0,FALSE,0,0,0,0,0,0,0
2026-05-25T11:45:00Z,transport-integration,0,0,0,0,0,0,FALSE,0,0,0,0,0,0,0
2026-05-25T12:00:00Z,transport-integration,0,0,0,0,0,0,FALSE,0,0,0,0,0,0,0
2026-05-25T12:15:00Z,transport-integration,0,0,0,0,0,0,FALSE,0,0,0,0,0,0,0
2026-05-25T12:30:00Z,transport-integration,0,0,0,0,0,0,FALSE,0,0,0,0,0,0,0
2026-05-25T12:45:00Z,transport-integration,0,0,0,0,0,0,FALSE,0,0,0,0,0,0,0
2026-05-25T13:00:00Z,transport-integration,0,0,0,0,0,0,FALSE,0,0,0,0,0,0,0
2026-05-25T13:15:00Z,transport-integration,0,0,0,0,0,0,FALSE,0,0,0,0,0,0,0
2026-05-25T13:30:00Z,transport-integration,0,0,0,0,0,0,FALSE,0,0,0,0,0,0,0
2026-05-25T13:45:00Z,transport-integration,0,0,0,0,0,0,FALSE,0,0,0,0,0,0,0
2026-05-25T14:00:00Z,transport-integration,0,0,0,0,0,0,FALSE,0,0,0,0,0,0,0
2026-05-25T14:15:00Z,transport-integration,0,0,0,0,0,0,FALSE,0,0,0,0,0,0,0
2026-05-25T14:30:00Z,transport-integration,0,0,0,0,0,0,FALSE,0,0,0,0,0,0,0
2026-05-25T14:45:00Z,transport-integration,0,0,0,0,0,0,FALSE,0,0,0,0,0,0,0
2026-05-25T15:00:00Z,transport-integration,0,0,0,0,0,0,FALSE,0,0,0,0,0,0,0
2026-05-25T15:15:00Z,transport-integration,0,0,0,0,0,0,FALSE,0,0,0,0,0,0,0
2026-05-25T15:30:00Z,transport-integration,0,0,0,0,0,0,FALSE,0,0,0,0,0,0,0
2026-05-25T15:45:00Z,transport-integration,0,0,0,0,0,0,FALSE,0,0,0,0,0,0,0
2026-05-25T16:00:00Z,transport-integration,0,0,0,0,0,0,FALSE,0,0,0,0,0,0,0
2026-05-25T16:15:00Z,transport-integration,0,0,0,0,0,0,FALSE,0,0,0,0,0,0,0
2026-05-25T16:30:00Z,transport-integration,0,0,0,0,0,0,FALSE,0,0,0,0,0,0,0
2026-05-25T16:45:00Z,transport-integration,0,0,0,0,0,0,FALSE,0,0,0,0,0,0,0
2026-05-25T17:00:00Z,transport-integration,0,0,0,0,0,0,FALSE,0,0,0,0,0,0,0
2026-05-25T17:15:00Z,transport-integration,0,0,0,0,0,0,FALSE,0,0,0,0,0,0,0
2026-05-25T17:30:00Z,transport-integration,0,0,0,0,0,0,FALSE,0,0,0,0,0,0,0
2026-05-25T17:45:00Z,transport-integration,0,0,0,0,0,0,FALSE,0,0,0,0,0,0,0
2026-05-25T18:00:00Z,transport-integration,0,0,0,0,0,0,FALSE,0,0,0,0,0,0,0
2026-05-25T18:15:00Z,transport-integration,0,0,0,0,0,0,FALSE,0,0,0,0,0,0,0
2026-05-25T18:30:00Z,transport-integration,0,0,0,0,0,0,FALSE,0,0,0,0,0,0,0
2026-05-25T18:45:00Z,transport-integration,0,0,0,0,0,0,FALSE,0,0,0,0,0,0,0
2026-05-25T19:00:00Z,transport-integration,0,0,0,0,0,0,FALSE,0,0,0,0,0,0,0
2026-05-25T19:15:00Z,transport-integration,0,0,0,0,0,0,FALSE,0,0,0,0,0,0,0
2026-05-25T19:30:00Z,transport-integration,0,0,0,0,0,0,FALSE,0,0,0,0,0,0,0
2026-05-25T19:45:00Z,transport-integration,0,0,0,0,0,0,FALSE,0,0,0,0,0,0,0
2026-05-25T20:00:00Z,transport-integration,0,0,0,0,0,0,FALSE,0,0,0,0,0,0,0
2026-05-25T20:15:00Z,transport-integration,0,0,0,0,0,0,FALSE,0,0,0,0,0,0,0
2026-05-25T20:30:00Z,transport-integration,0,0,0,0,0,0,FALSE,0,0,0,0,0,0,0
2026-05-25T20:45:00Z,transport-integration,0,0,0,0,0,0,FALSE,0,0,0,0,0,0,0
2026-05-25T21:00:00Z,transport-integration,0,0,0,0,0,0,FALSE,0,0,0,0,0,0,0
2026-05-25T21:15:00Z,transport-integration,0,0,0,0,0,0,FALSE,0,0,0,0,0,0,0
2026-05-25T21:30:00Z,transport-integration,0,0,0,0,0,0,FALSE,0,0,0,0,0,0,0
2026-05-25T21:45:00Z,transport-integration,0,0,0,0,0,0,FALSE,0,0,0,0,0,0,0
2026-05-25T22:00:00Z,transport-integration,0,0,0,0,0,0,FALSE,0,0,0,0,0,0,0
2026-05-25T22:15:00Z,transport-integration,0,0,0,0,0,0,FALSE,0,0,0,0,0,0,0
2026-05-25T22:30:00Z,transport-integration,0,0,0,0,0,0,FALSE,0,0,0,0,0,0,0
2026-05-25T22:45:00Z,transport-integration,0,0,0,0,0,0,FALSE,0,0,0,0,0,0,0
2026-05-25T23:00:00Z,transport-integration,0,0,0,0,0,0,FALSE,0,0,0,0,0,0,0
2026-05-25T23:15:00Z,transport-integration,0,0,0,0,0,0,FALSE,0,0,0,0,0,0,0
2026-05-25T23:30:00Z,transport-integration,0,0,0,0,0,0,FALSE,0,0,0,0,0,0,0
2026-05-25T23:45:00Z,transport-integration,0,0,0,0,0,0,FALSE,0,0,0,0,0,0,0
2026-05-26T00:00:00Z,transport-integration,0,0,0,0,0,0,FALSE,0,0,0,0,0,0,0
2026-05-26T00:15:00Z,transport-integration,0,0,0,0,0,0,FALSE,0,0,0,0,0,0,0
2026-05-26T00:30:00Z,transport-integration,0,0,0,0,0,0,FALSE,0,0,0,0,0,0,0
2026-05-26T00:45:00Z,transport-integration,0,0,0,0,0,0,FALSE,0,0,0,0,0,0,0
2026-05-26T01:00:00Z,transport-integration,0,0,0,0,0,0,FALSE,0,0,0,0,0,0,0
2026-05-26T01:15:00Z,transport-integration,0,0,0,0,0,0,FALSE,0,0,0,0,0,0,0
2026-05-26T01:30:00Z,transport-integration,0,0,0,0,0,0,FALSE,0,0,0,0,0,0,0
2026-05-26T01:45:00Z,transport-integration,0,0,0,0,0,0,FALSE,0,0,0,0,0,0,0
2026-05-26T02:00:00Z,transport-integration,0,0,0,0,0,0,FALSE,0,0,0,0,0,0,0
2026-05-26T02:15:00Z,transport-integration,0,0,0,0,0,0,FALSE,0,0,0,0,0,0,0
2026-05-26T02:30:00Z,transport-integration,0,0,0,0,0,0,FALSE,0,0,0,0,0,0,0
2026-05-26T02:45:00Z,transport-integration,0,0,0,0,0,0,FALSE,0,0,0,0,0,0,0
2026-05-26T03:00:00Z,transport-integration,0,0,0,0,0,0,FALSE,0,0,0,0,0,0,0
2026-05-26T03:15:00Z,transport-integration,0,0,0,0,0,0,FALSE,0,0,0,0,0,0,0
2026-05-26T03:30:00Z,transport-integration,0,0,0,0,0,0,FALSE,0,0,0,0,0,0,0
2026-05-26T03:45:00Z,transport-integration,0,0,0,0,0,0,FALSE,0,0,0,0,0,0,0
2026-05-26T04:00:00Z,transport-integration,0,0,0,0,0,0,FALSE,0,0,0,0,0,0,0
2026-05-26T04:15:00Z,transport-integration,0,0,0,0,0,0,FALSE,0,0,0,0,0,0,0
2026-05-26T04:30:00Z,transport-integration,0,0,0,0,0,0,FALSE,0,0,0,0,0,0,0
2026-05-26T04:45:00Z,transport-integration,0,0,0,0,0,0,FALSE,0,0,0,0,0,0,0
2026-05-26T05:00:00Z,transport-integration,0,0,0,0,0,0,FALSE,0,0,0,0,0,0,0
2026-05-26T05:15:00Z,transport-integration,0,0,0,0,0,0,FALSE,0,0,0,0,0,0,0
2026-05-26T05:30:00Z,transport-integration,0,0,0,0,0,0,FALSE,0,0,0,0,0,0,0
2026-05-26T05:45:00Z,transport-integration,0,0,0,0,0,0,FALSE,0,0,0,0,0,0,0
2026-05-26T06:00:00Z,transport-integration,0,0,0,0,0,0,FALSE,0,0,0,0,0,0,0
2026-05-26T06:15:00Z,transport-integration,0,0,0,0,0,0,FALSE,0,0,0,0,0,0,0
2026-05-26T06:30:00Z,transport-integration,0,0,0,0,0,0,FALSE,0,0,0,0,0,0,0
2026-05-26T06:45:00Z,transport-integration,0,0,0,0,0,0,FALSE,0,0,0,0,0,0,0
2026-05-26T07:00:00Z,transport-integration,0,0,0,0,0,0,FALSE,0,0,0,0,0,0,0
2026-05-26T07:15:00Z,transport-integration,0,0,0,0,0,0,FALSE,0,0,0,0,0,0,0
2026-05-26T07:30:00Z,transport-integration,0,0,0,0,0,0,FALSE,0,0,0,0,0,0,0
2026-05-26T07:45:00Z,transport-integration,0,0,0,0,0,0,FALSE,0,0,0,0,0,0,0
2026-05-26T08:00:00Z,transport-integration,0,0,0,0,0,0,FALSE,0,0,0,0,0,0,0
2026-05-26T08:15:00Z,transport-integration,0,0,0,0,0,0,FALSE,0,0,0,0,0,0,0
2026-05-26T08:30:00Z,transport-integration,0,0,0,0,0,0,FALSE,0,0,0,0,0,0,0
2026-05-26T08:45:00Z,transport-integration,0,0,0,0,0,0,FALSE,0,0,0,0,0,0,0
2026-05-26T09:00:00Z,transport-integration,0,0,0,0,0,0,FALSE,0,0,0,0,0,0,0
2026-05-26T09:15:00Z,transport-integration,0,0,0,0,0,0,FALSE,0,0,0,0,0,0,0
2026-05-26T09:30:00Z,transport-integration,0,0,0,0,0,0,FALSE,0,0,0,0,0,0,0
2026-05-26T09:45:00Z,transport-integration,0,0,0,0,0,0,FALSE,0,0,0,0,0,0,0
2026-05-26T10:00:00Z,transport-integration,0,0,0,0,0,0,FALSE,0,0,0,0,0,0,0
2026-05-26T10:15:00Z,transport-integration,0,0,0,0,0,0,FALSE,0,0,0,0,0,0,0
2026-05-26T10:30:00Z,transport-integration,0,0,0,0,0,0,FALSE,0,0,0,0,0,0,0
2026-05-26T10:45:00Z,transport-integration,0,0,0,0,0,0,FALSE,0,0,0,0,0,0,0
2026-05-26T11:00:00Z,transport-integration,0,0,0,0,0,0,FALSE,0,0,0,0,0,0,0
2026-05-26T11:15:00Z,transport-integration,0,0,0,0,0,0,FALSE,0,0,0,0,0,0,0
2026-05-26T11:30:00Z,transport-integration,0,0,0,0,0,0,FALSE,0,0,0,0,0,0,0
2026-05-26T11:45:00Z,transport-integration,0,0,0,0,0,0,FALSE,0,0,0,0,0,0,0
2026-05-26T12:00:00Z,transport-integration,0,0,0,0,0,0,FALSE,0,0,0,0,0,0,0
2026-05-26T12:15:00Z,transport-integration,0,0,0,0,0,0,FALSE,0,0,0,0,0,0,0
2026-05-26T12:30:00Z,transport-integration,0,0,0,0,0,0,FALSE,0,0,0,0,0,0,0
2026-05-26T12:45:00Z,transport-integration,0,0,0,0,0,0,FALSE,0,0,0,0,0,0,0
2026-05-26T13:00:00Z,transport-integration,0,0,0,0,0,0,FALSE,0,0,0,0,0,0,0
2026-05-26T13:15:00Z,transport-integration,0,0,0,0,0,0,FALSE,0,0,0,0,0,0,0
2026-05-26T13:30:00Z,transport-integration,0,0,0,0,0,0,FALSE,0,0,0,0,0,0,0
2026-05-26T13:45:00Z,transport-integration,0,0,0,0,0,0,FALSE,0,0,0,0,0,0,0
2026-05-26T14:00:00Z,transport-integration,0,0,0,0,0,0,FALSE,0,0,0,0,0,0,0
2026-05-26T14:15:00Z,transport-integration,0,0,0,0,0,0,FALSE,0,0,0,0,0,0,0
2026-05-26T14:30:00Z,transport-integration,0,0,0,0,0,0,FALSE,0,0,0,0,0,0,0
2026-05-26T14:45:00Z,transport-integration,0,0,0,0,0,0,FALSE,0,0,0,0,0,0,0
2026-05-26T15:00:00Z,transport-integration,0,0,0,0,0,0,FALSE,0,0,0,0,0,0,0
2026-05-26T15:15:00Z,transport-integration,0,0,0,0,0,0,FALSE,0,0,0,0,0,0,0
2026-05-26T15:30:00Z,transport-integration,0,0,0,0,0,0,FALSE,0,0,0,0,0,0,0
2026-05-26T15:45:00Z,transport-integration,0,0,0,0,0,0,FALSE,0,0,0,0,0,0,0
2026-05-26T16:00:00Z,transport-integration,0,0,0,0,0,0,FALSE,0,0,0,0,0,0,0
2026-05-26T16:15:00Z,transport-integration,0,0,0,0,0,0,FALSE,0,0,0,0,0,0,0
2026-05-26T16:30:00Z,transport-integration,0,0,0,0,0,0,FALSE,0,0,0,0,0,0,0
2026-05-26T16:45:00Z,transport-integration,0,0,0,0,0,0,FALSE,0,0,0,0,0,0,0
2026-05-26T17:00:00Z,transport-integration,0,0,0,0,0,0,FALSE,0,0,0,0,0,0,0
2026-05-26T17:15:00Z,transport-integration,0,0,0,0,0,0,FALSE,0,0,0,0,0,0,0
2026-05-26T17:30:00Z,transport-integration,0,0,0,0,0,0,FALSE,0,0,0,0,0,0,0
2026-05-26T17:45:00Z,transport-integration,0,0,0,0,0,0,FALSE,0,0,0,0,0,0,0
2026-05-26T18:00:00Z,transport-integration,0,0,0,0,0,0,FALSE,0,0,0,0,0,0,0
2026-05-26T18:15:00Z,transport-integration,0,0,0,0,0,0,FALSE,0,0,0,0,0,0,0
2026-05-26T18:30:00Z,transport-integration,0,0,0,0,0,0,FALSE,0,0,0,0,0,0,0
2026-05-26T18:45:00Z,transport-integration,0,0,0,0,0,0,FALSE,0,0,0,0,0,0,0
2026-05-26T19:00:00Z,transport-integration,0,0,0,0,0,0,FALSE,0,0,0,0,0,0,0
2026-05-26T19:15:00Z,transport-integration,0,0,0,0,0,0,FALSE,0,0,0,0,0,0,0
2026-05-26T19:30:00Z,transport-integration,0,0,0,0,0,0,FALSE,0,0,0,0,0,0,0
2026-05-26T19:45:00Z,transport-integration,0,0,0,0,0,0,FALSE,0,0,0,0,0,0,0
2026-05-26T20:00:00Z,transport-integration,0,0,0,0,0,0,FALSE,0,0,0,0,0,0,0
2026-05-26T20:15:00Z,transport-integration,0,0,0,0,0,0,FALSE,0,0,0,0,0,0,0
2026-05-26T20:30:00Z,transport-integration,0,0,0,0,0,0,FALSE,0,0,0,0,0,0,0
2026-05-26T20:45:00Z,transport-integration,0,0,0,0,0,0,FALSE,0,0,0,0,0,0,0
2026-05-26T21:00:00Z,transport-integration,0,0,0,0,0,0,FALSE,0,0,0,0,0,0,0
2026-05-26T21:15:00Z,transport-integration,0,0,0,0,0,0,FALSE,0,0,0,0,0,0,0
2026-05-26T21:30:00Z,transport-integration,0,0,0,0,0,0,FALSE,0,0,0,0,0,0,0
2026-05-26T21:45:00Z,transport-integration,0,0,0,0,0,0,FALSE,0,0,0,0,0,0,0
2026-05-26T22:00:00Z,transport-integration,0,0,0,0,0,0,FALSE,0,0,0,0,0,0,0
2026-05-26T22:15:00Z,transport-integration,0,0,0,0,0,0,FALSE,0,0,0,0,0,0,0
2026-05-26T22:30:00Z,transport-integration,0,0,0,0,0,0,FALSE,0,0,0,0,0,0,0
2026-05-26T22:45:00Z,transport-integration,0,0,0,0,0,0,FALSE,0,0,0,0,0,0,0
2026-05-26T23:00:00Z,transport-integration,0,0,0,0,0,0,FALSE,0,0,0,0,0,0,0
2026-05-26T23:15:00Z,transport-integration,0,0,0,0,0,0,FALSE,0,0,0,0,0,0,0
2026-05-26T23:30:00Z,transport-integration,0,0,0,0,0,0,FALSE,0,0,0,0,0,0,0
2026-05-26T23:45:00Z,transport-integration,0,0,0,0,0,0,FALSE,0,0,0,0,0,0,0
2026-05-27T00:00:00Z,transport-integration,0,0,0,0,0,0,FALSE,0,0,0,0,0,0,0
2026-05-27T00:15:00Z,transport-integration,0,0,0,0,0,0,FALSE,0,0,0,0,0,0,0
2026-05-27T00:30:00Z,transport-integration,0,0,0,0,0,0,FALSE,0,0,0,0,0,0,0
2026-05-27T00:45:00Z,transport-integration,0,0,0,0,0,0,FALSE,0,0,0,0,0,0,0
2026-05-27T01:00:00Z,transport-integration,0,0,0,0,0,0,FALSE,0,0,0,0,0,0,0
2026-05-27T01:15:00Z,transport-integration,0,0,0,0,0,0,FALSE,0,0,0,0,0,0,0
2026-05-27T01:30:00Z,transport-integration,0,0,0,0,0,0,FALSE,0,0,0,0,0,0,0
2026-05-27T01:45:00Z,transport-integration,0,0,0,0,0,0,FALSE,0,0,0,0,0,0,0
2026-05-27T02:00:00Z,transport-integration,0,0,0,0,0,0,FALSE,0,0,0,0,0,0,0
2026-05-27T02:15:00Z,transport-integration,0,0,0,0,0,0,FALSE,0,0,0,0,0,0,0
2026-05-27T02:30:00Z,transport-integration,0,0,0,0,0,0,FALSE,0,0,0,0,0,0,0
2026-05-27T02:45:00Z,transport-integration,0,0,0,0,0,0,FALSE,0,0,0,0,0,0,0
2026-05-27T03:00:00Z,transport-integration,0,0,0,0,0,0,FALSE,0,0,0,0,0,0,0
2026-05-27T03:15:00Z,transport-integration,0,0,0,0,0,0,FALSE,0,0,0,0,0,0,0
2026-05-27T03:30:00Z,transport-integration,0,0,0,0,0,0,FALSE,0,0,0,0,0,0,0
2026-05-27T03:45:00Z,transport-integration,0,0,0,0,0,0,FALSE,0,0,0,0,0,0,0
2026-05-27T04:00:00Z,transport-integration,0,0,0,0,0,0,FALSE,0,0,0,0,0,0,0
2026-05-27T04:15:00Z,transport-integration,0,0,0,0,0,0,FALSE,0,0,0,0,0,0,0
2026-05-27T04:30:00Z,transport-integration,0,0,0,0,0,0,FALSE,0,0,0,0,0,0,0
2026-05-27T04:45:00Z,transport-integration,0,0,0,0,0,0,FALSE,0,0,0,0,0,0,0
2026-05-27T05:00:00Z,transport-integration,0,0,0,0,0,0,FALSE,0,0,0,0,0,0,0
2026-05-27T05:15:00Z,transport-integration,0,0,0,0,0,0,FALSE,0,0,0,0,0,0,0
2026-05-27T05:30:00Z,transport-integration,0,0,0,0,0,0,FALSE,0,0,0,0,0,0,0
2026-05-27T05:45:00Z,transport-integration,0,0,0,0,0,0,FALSE,0,0,0,0,0,0,0
2026-05-27T06:00:00Z,transport-integration,0,0,0,0,0,0,FALSE,0,0,0,0,0,0,0
2026-05-27T06:15:00Z,transport-integration,0,0,0,0,0,0,FALSE,0,0,0,0,0,0,0
2026-05-27T06:30:00Z,transport-integration,0,0,0,0,0,0,FALSE,0,0,0,0,0,0,0
2026-05-27T06:45:00Z,transport-integration,0,0,0,0,0,0,FALSE,0,0,0,0,0,0,0
2026-05-27T07:00:00Z,transport-integration,0,0,0,0,0,0,FALSE,0,0,0,0,0,0,0
2026-05-27T07:15:00Z,transport-integration,0,0,0,0,0,0,FALSE,0,0,0,0,0,0,0
2026-05-27T07:30:00Z,transport-integration,0,0,0,0,0,0,FALSE,0,0,0,0,0,0,0
2026-05-27T07:45:00Z,transport-integration,0,0,0,0,0,0,FALSE,0,0,0,0,0,0,0
2026-05-27T08:00:00Z,transport-integration,0,0,0,0,0,0,FALSE,0,0,0,0,0,0,0
2026-05-27T08:15:00Z,transport-integration,0,0,0,0,0,0,FALSE,0,0,0,0,0,0,0
2026-05-27T08:30:00Z,transport-integration,0,0,0,0,0,0,FALSE,0,0,0,0,0,0,0
2026-05-27T08:45:00Z,transport-integration,0,0,0,0,0,0,FALSE,0,0,0,0,0,0,0
2026-05-27T09:00:00Z,transport-integration,0,0,0,0,0,0,FALSE,0,0,0,0,0,0,0
2026-05-27T09:15:00Z,transport-integration,0,0,0,0,0,0,FALSE,0,0,0,0,0,0,0
2026-05-27T09:30:00Z,transport-integration,0,0,0,0,0,0,FALSE,0,0,0,0,0,0,0
2026-05-27T09:45:00Z,transport-integration,0,0,0,0,0,0,FALSE,0,0,0,0,0,0,0
2026-05-27T10:00:00Z,transport-integration,0,0,0,0,0,0,FALSE,0,0,0,0,0,0,0
2026-05-27T10:15:00Z,transport-integration,0,0,0,0,0,0,FALSE,0,0,0,0,0,0,0
2026-05-27T10:30:00Z,transport-integration,0,0,0,0,0,0,FALSE,0,0,0,0,0,0,0
2026-05-27T10:45:00Z,transport-integration,0,0,0,0,0,0,FALSE,0,0,0,0,0,0,0
2026-05-27T11:00:00Z,transport-integration,0,0,0,0,0,0,FALSE,0,0,0,0,0,0,0
2026-05-27T11:15:00Z,transport-integration,0,0,0,0,0,0,FALSE,0,0,0,0,0,0,0
2026-05-27T11:30:00Z,transport-integration,0,0,0,0,0,0,FALSE,0,0,0,0,0,0,0
2026-05-27T11:45:00Z,transport-integration,0,0,0,0,0,0,FALSE,0,0,0,0,0,0,0
2026-05-27T12:00:00Z,transport-integration,0,0,0,0,0,0,FALSE,0,0,0,0,0,0,0
2026-05-27T12:15:00Z,transport-integration,0,0,0,0,0,0,FALSE,0,0,0,0,0,0,0
2026-05-27T12:30:00Z,transport-integration,0,0,0,0,0,0,FALSE,0,0,0,0,0,0,0
2026-05-27T12:45:00Z,transport-integration,0,0,0,0,0,0,FALSE,0,0,0,0,0,0,0
2026-05-27T13:00:00Z,transport-integration,0,0,0,0,0,0,FALSE,0,0,0,0,0,0,0
2026-05-27T13:15:00Z,transport-integration,0,0,0,0,0,0,FALSE,0,0,0,0,0,0,0
2026-05-27T13:30:00Z,transport-integration,0,0,0,0,0,0,FALSE,0,0,0,0,0,0,0
2026-05-27T13:45:00Z,transport-integration,0,0,0,0,0,0,FALSE,0,0,0,0,0,0,0
2026-05-27T14:00:00Z,transport-integration,0,0,0,0,0,0,FALSE,0,0,0,0,0,0,0
2026-05-27T14:15:00Z,transport-integration,0,0,0,0,0,0,FALSE,0,0,0,0,0,0,0
2026-05-27T14:30:00Z,transport-integration,0,0,0,0,0,0,FALSE,0,0,0,0,0,0,0
2026-05-27T14:45:00Z,transport-integration,0,0,0,0,0,0,FALSE,0,0,0,0,0,0,0
2026-05-27T15:00:00Z,transport-integration,0,0,0,0,0,0,FALSE,0,0,0,0,0,0,0
2026-05-27T15:15:00Z,transport-integration,0,0,0,0,0,0,FALSE,0,0,0,0,0,0,0
2026-05-27T15:30:00Z,transport-integration,0,0,0,0,0,0,FALSE,0,0,0,0,0,0,0
2026-05-27T15:45:00Z,transport-integration,0,0,0,0,0,0,FALSE,0,0,0,0,0,0,0
2026-05-27T16:00:00Z,transport-integration,0,0,0,0,0,0,FALSE,0,0,0,0,0,0,0
2026-05-27T16:15:00Z,transport-integration,0,0,0,0,0,0,FALSE,0,0,0,0,0,0,0
2026-05-27T16:30:00Z,transport-integration,0,0,0,0,0,0,FALSE,0,0,0,0,0,0,0
2026-05-27T16:45:00Z,transport-integration,0,0,0,0,0,0,FALSE,0,0,0,0,0,0,0
2026-05-27T17:00:00Z,transport-integration,0,0,0,0,0,0,FALSE,0,0,0,0,0,0,0
2026-05-27T17:15:00Z,transport-integration,0,0,0,0,0,0,FALSE,0,0,0,0,0,0,0
2026-05-27T17:30:00Z,transport-integration,0,0,0,0,0,0,FALSE,0,0,0,0,0,0,0
2026-05-27T17:45:00Z,transport-integration,0,0,0,0,0,0,FALSE,0,0,0,0,0,0,0
2026-05-27T18:00:00Z,transport-integration,0,0,0,0,0,0,FALSE,0,0,0,0,0,0,0
2026-05-27T18:15:00Z,transport-integration,0,0,0,0,0,0,FALSE,0,0,0,0,0,0,0
2026-05-27T18:30:00Z,transport-integration,0,0,0,0,0,0,FALSE,0,0,0,0,0,0,0
2026-05-27T18:45:00Z,transport-integration,0,0,0,0,0,0,FALSE,0,0,0,0,0,0,0
2026-05-27T19:00:00Z,transport-integration,0,0,0,0,0,0,FALSE,0,0,0,0,0,0,0
2026-05-27T19:15:00Z,transport-integration,0,0,0,0,0,0,FALSE,0,0,0,0,0,0,0
2026-05-27T19:30:00Z,transport-integration,0,0,0,0,0,0,FALSE,0,0,0,0,0,0,0
2026-05-27T19:45:00Z,transport-integration,0,0,0,0,0,0,FALSE,0,0,0,0,0,0,0
2026-05-27T20:00:00Z,transport-integration,0,0,0,0,0,0,FALSE,0,0,0,0,0,0,0
2026-05-27T20:15:00Z,transport-integration,0,0,0,0,0,0,FALSE,0,0,0,0,0,0,0
2026-05-27T20:30:00Z,transport-integration,0,0,0,0,0,0,FALSE,0,0,0,0,0,0,0
2026-05-27T20:45:00Z,transport-integration,0,0,0,0,0,0,FALSE,0,0,0,0,0,0,0
2026-05-27T21:00:00Z,transport-integration,0,0,0,0,0,0,FALSE,0,0,0,0,0,0,0
2026-05-27T21:15:00Z,transport-integration,0,0,0,0,0,0,FALSE,0,0,0,0,0,0,0
2026-05-27T21:30:00Z,transport-integration,0,0,0,0,0,0,FALSE,0,0,0,0,0,0,0
2026-05-27T21:45:00Z,transport-integration,0,0,0,0,0,0,FALSE,0,0,0,0,0,0,0
2026-05-27T22:00:00Z,transport-integration,0,0,0,0,0,0,FALSE,0,0,0,0,0,0,0
2026-05-27T22:15:00Z,transport-integration,0,0,0,0,0,0,FALSE,0,0,0,0,0,0,0
2026-05-27T22:30:00Z,transport-integration,0,0,0,0,0,0,FALSE,0,0,0,0,0,0,0
2026-05-27T22:45:00Z,transport-integration,0,0,0,0,0,0,FALSE,0,0,0,0,0,0,0
2026-05-27T23:00:00Z,transport-integration,0,0,0,0,0,0,FALSE,0,0,0,0,0,0,0
2026-05-27T23:15:00Z,transport-integration,0,0,0,0,0,0,FALSE,0,0,0,0,0,0,0
2026-05-27T23:30:00Z,transport-integration,0,0,0,0,0,0,FALSE,0,0,0,0,0,0,0
2026-05-27T23:45:00Z,transport-integration,0,0,0,0,0,0,FALSE,0,0,0,0,0,0,0
2026-05-28T00:00:00Z,transport-integration,0,0,0,0,0,0,FALSE,0,0,0,0,0,0,0
2026-05-28T00:15:00Z,transport-integration,0,0,0,0,0,0,FALSE,0,0,0,0,0,0,0
2026-05-28T00:30:00Z,transport-integration,0,0,0,0,0,0,FALSE,0,0,0,0,0,0,0
2026-05-28T00:45:00Z,transport-integration,0,0,0,0,0,0,FALSE,0,0,0,0,0,0,0
2026-05-28T01:00:00Z,transport-integration,0,0,0,0,0,0,FALSE,0,0,0,0,0,0,0
2026-05-28T01:15:00Z,transport-integration,0,0,0,0,0,0,FALSE,0,0,0,0,0,0,0
2026-05-28T01:30:00Z,transport-integration,0,0,0,0,0,0,FALSE,0,0,0,0,0,0,0
2026-05-28T01:45:00Z,transport-integration,0,0,0,0,0,0,FALSE,0,0,0,0,0,0,0
2026-05-28T02:00:00Z,transport-integration,0,0,0,0,0,0,FALSE,0,0,0,0,0,0,0
2026-05-28T02:15:00Z,transport-integration,0,0,0,0,0,0,FALSE,0,0,0,0,0,0,0
2026-05-28T02:30:00Z,transport-integration,0,0,0,0,0,0,FALSE,0,0,0,0,0,0,0
2026-05-28T02:45:00Z,transport-integration,0,0,0,0,0,0,FALSE,0,0,0,0,0,0,0
2026-05-28T03:00:00Z,transport-integration,0,0,0,0,0,0,FALSE,0,0,0,0,0,0,0
2026-05-28T03:15:00Z,transport-integration,0,0,0,0,0,0,FALSE,0,0,0,0,0,0,0
2026-05-28T03:30:00Z,transport-integration,0,0,0,0,0,0,FALSE,0,0,0,0,0,0,0
2026-05-28T03:45:00Z,transport-integration,0,0,0,0,0,0,FALSE,0,0,0,0,0,0,0
2026-05-28T04:00:00Z,transport-integration,0,0,0,0,0,0,FALSE,0,0,0,0,0,0,0
2026-05-28T04:15:00Z,transport-integration,0,0,0,0,0,0,FALSE,0,0,0,0,0,0,0
2026-05-28T04:30:00Z,transport-integration,0,0,0,0,0,0,FALSE,0,0,0,0,0,0,0
2026-05-28T04:45:00Z,transport-integration,0,0,0,0,0,0,FALSE,0,0,0,0,0,0,0
2026-05-28T05:00:00Z,transport-integration,0,0,0,0,0,0,FALSE,0,0,0,0,0,0,0
2026-05-28T05:15:00Z,transport-integration,0,0,0,0,0,0,FALSE,0,0,0,0,0,0,0
2026-05-28T05:30:00Z,transport-integration,0,0,0,0,0,0,FALSE,0,0,0,0,0,0,0
2026-05-28T05:45:00Z,transport-integration,0,0,0,0,0,0,FALSE,0,0,0,0,0,0,0
2026-05-28T06:00:00Z,transport-integration,0,0,0,0,0,0,FALSE,0,0,0,0,0,0,0
2026-05-28T06:15:00Z,transport-integration,0,0,0,0,0,0,FALSE,0,0,0,0,0,0,0
2026-05-28T06:30:00Z,transport-integration,0,0,0,0,0,0,FALSE,0,0,0,0,0,0,0
2026-05-28T06:45:00Z,transport-integration,0,0,0,0,0,0,FALSE,0,0,0,0,0,0,0
2026-05-28T07:00:00Z,transport-integration,0,0,0,0,0,0,FALSE,0,0,0,0,0,0,0
2026-05-28T07:15:00Z,transport-integration,0,0,0,0,0,0,FALSE,0,0,0,0,0,0,0
2026-05-28T07:30:00Z,transport-integration,0,0,0,0,0,0,FALSE,0,0,0,0,0,0,0
2026-05-28T07:45:00Z,transport-integration,0,0,0,0,0,0,FALSE,0,0,0,0,0,0,0
2026-05-28T08:00:00Z,transport-integration,0,0,0,0,0,0,FALSE,0,0,0,0,0,0,0
2026-05-28T08:15:00Z,transport-integration,0,0,0,0,0,0,FALSE,0,0,0,0,0,0,0
2026-05-28T08:30:00Z,transport-integration,0,0,0,0,0,0,FALSE,0,0,0,0,0,0,0
2026-05-28T08:45:00Z,transport-integration,0,0,0,0,0,0,FALSE,0,0,0,0,0,0,0
2026-05-28T09:00:00Z,transport-integration,0,0,0,0,0,0,FALSE,0,0,0,0,0,0,0
2026-05-28T09:15:00Z,transport-integration,0,0,0,0,0,0,FALSE,0,0,0,0,0,0,0
2026-05-28T09:30:00Z,transport-integration,0,0,0,0,0,0,FALSE,0,0,0,0,0,0,0
2026-05-28T09:45:00Z,transport-integration,0,0,0,0,0,0,FALSE,0,0,0,0,0,0,0
2026-05-28T10:00:00Z,transport-integration,0,0,0,0,0,0,FALSE,0,0,0,0,0,0,0
2026-05-28T10:15:00Z,transport-integration,0,0,0,0,0,0,FALSE,0,0,0,0,0,0,0
2026-05-28T10:30:00Z,transport-integration,0,0,0,0,0,0,FALSE,0,0,0,0,0,0,0
2026-05-28T10:45:00Z,transport-integration,0,0,0,0,0,0,FALSE,0,0,0,0,0,0,0
2026-05-28T11:00:00Z,transport-integration,0,0,0,0,0,0,FALSE,0,0,0,0,0,0,0
2026-05-28T11:15:00Z,transport-integration,0,0,0,0,0,0,FALSE,0,0,0,0,0,0,0
2026-05-28T11:30:00Z,transport-integration,0,0,0,0,0,0,FALSE,0,0,0,0,0,0,0
2026-05-28T11:45:00Z,transport-integration,0,0,0,0,0,0,FALSE,0,0,0,0,0,0,0
2026-05-28T12:00:00Z,transport-integration,0,0,0,0,0,0,FALSE,0,0,0,0,0,0,0
2026-05-28T12:15:00Z,transport-integration,0,0,0,0,0,0,FALSE,0,0,0,0,0,0,0
2026-05-28T12:30:00Z,transport-integration,0,0,0,0,0,0,FALSE,0,0,0,0,0,0,0
2026-05-28T12:45:00Z,transport-integration,0,0,0,0,0,0,FALSE,0,0,0,0,0,0,0
2026-05-28T13:00:00Z,transport-integration,0,0,0,0,0,0,FALSE,0,0,0,0,0,0,0
2026-05-28T13:15:00Z,transport-integration,0,0,0,0,0,0,FALSE,0,0,0,0,0,0,0
2026-05-28T13:30:00Z,transport-integration,0,0,0,0,0,0,FALSE,0,0,0,0,0,0,0
2026-05-28T13:45:00Z,transport-integration,0,0,0,0,0,0,FALSE,0,0,0,0,0,0,0
2026-05-28T14:00:00Z,transport-integration,0,0,0,0,0,0,FALSE,0,0,0,0,0,0,0
2026-05-28T14:15:00Z,transport-integration,0,0,0,0,0,0,FALSE,0,0,0,0,0,0,0
2026-05-28T14:30:00Z,transport-integration,0,0,0,0,0,0,FALSE,0,0,0,0,0,0,0
2026-05-28T14:45:00Z,transport-integration,0,0,0,0,0,0,FALSE,0,0,0,0,0,0,0
2026-05-28T15:00:00Z,transport-integration,0,0,0,0,0,0,FALSE,0,0,0,0,0,0,0
2026-05-28T15:15:00Z,transport-integration,0,0,0,0,0,0,FALSE,0,0,0,0,0,0,0
2026-05-28T15:30:00Z,transport-integration,0,0,0,0,0,0,FALSE,0,0,0,0,0,0,0
2026-05-28T15:45:00Z,transport-integration,0,0,0,0,0,0,FALSE,0,0,0,0,0,0,0
2026-05-28T16:00:00Z,transport-integration,0,0,0,0,0,0,FALSE,0,0,0,0,0,0,0
2026-05-28T16:15:00Z,transport-integration,0,0,0,0,0,0,FALSE,0,0,0,0,0,0,0
2026-05-28T16:30:00Z,transport-integration,0,0,0,0,0,0,FALSE,0,0,0,0,0,0,0
2026-05-28T16:45:00Z,transport-integration,0,0,0,0,0,0,FALSE,0,0,0,0,0,0,0
2026-05-28T17:00:00Z,transport-integration,0,0,0,0,0,0,FALSE,0,0,0,0,0,0,0
2026-05-28T17:15:00Z,transport-integration,0,0,0,0,0,0,FALSE,0,0,0,0,0,0,0
2026-05-28T17:30:00Z,transport-integration,0,0,0,0,0,0,FALSE,0,0,0,0,0,0,0
2026-05-28T17:45:00Z,transport-integration,0,0,0,0,0,0,FALSE,0,0,0,0,0,0,0
2026-05-28T18:00:00Z,transport-integration,0,0,0,0,0,0,FALSE,0,0,0,0,0,0,0
2026-05-28T18:15:00Z,transport-integration,0,0,0,0,0,0,FALSE,0,0,0,0,0,0,0
2026-05-28T18:30:00Z,transport-integration,0,0,0,0,0,0,FALSE,0,0,0,0,0,0,0
2026-05-28T18:45:00Z,transport-integration,0,0,0,0,0,0,FALSE,0,0,0,0,0,0,0
2026-05-28T19:00:00Z,transport-integration,0,0,0,0,0,0,FALSE,0,0,0,0,0,0,0
2026-05-28T19:15:00Z,transport-integration,0,0,0,0,0,0,FALSE,0,0,0,0,0,0,0
2026-05-28T19:30:00Z,transport-integration,0,0,0,0,0,0,FALSE,0,0,0,0,0,0,0
2026-05-28T19:45:00Z,transport-integration,0,0,0,0,0,0,FALSE,0,0,0,0,0,0,0
2026-05-28T20:00:00Z,transport-integration,0,0,0,0,0,0,FALSE,0,0,0,0,0,0,0
2026-05-28T20:15:00Z,transport-integration,0,0,0,0,0,0,FALSE,0,0,0,0,0,0,0
2026-05-28T20:30:00Z,transport-integration,0,0,0,0,0,0,FALSE,0,0,0,0,0,0,0
2026-05-28T20:45:00Z,transport-integration,0,0,0,0,0,0,FALSE,0,0,0,0,0,0,0
2026-05-28T21:00:00Z,transport-integration,0,0,0,0,0,0,FALSE,0,0,0,0,0,0,0
2026-05-28T21:15:00Z,transport-integration,0,0,0,0,0,0,FALSE,0,0,0,0,0,0,0
2026-05-28T21:30:00Z,transport-integration,0,0,0,0,0,0,FALSE,0,0,0,0,0,0,0
2026-05-28T21:45:00Z,transport-integration,0,0,0,0,0,0,FALSE,0,0,0,0,0,0,0
2026-05-28T22:00:00Z,transport-integration,0,0,0,0,0,0,FALSE,0,0,0,0,0,0,0
2026-05-28T22:15:00Z,transport-integration,0,0,0,0,0,0,FALSE,0,0,0,0,0,0,0
2026-05-28T22:30:00Z,transport-integration,0,0,0,0,0,0,FALSE,0,0,0,0,0,0,0
2026-05-28T22:45:00Z,transport-integration,0,0,0,0,0,0,FALSE,0,0,0,0,0,0,0
2026-05-28T23:00:00Z,transport-integration,0,0,0,0,0,0,FALSE,0,0,0,0,0,0,0
2026-05-28T23:15:00Z,transport-integration,0,0,0,0,0,0,FALSE,0,0,0,0,0,0,0
2026-05-28T23:30:00Z,transport-integration,0,0,0,0,0,0,FALSE,0,0,0,0,0,0,0
2026-05-28T23:45:00Z,transport-integration,0,0,0,0,0,0,FALSE,0,0,0,0,0,0,0
2026-05-29T00:00:00Z,transport-integration,0,0,0,0,0,0,FALSE,0,0,0,0,0,0,0
2026-05-29T00:15:00Z,transport-integration,0,0,0,0,0,0,FALSE,0,0,0,0,0,0,0
2026-05-29T00:30:00Z,transport-integration,0,0,0,0,0,0,FALSE,0,0,0,0,0,0,0
2026-05-29T00:45:00Z,transport-integration,0,0,0,0,0,0,FALSE,0,0,0,0,0,0,0
2026-05-29T01:00:00Z,transport-integration,0,0,0,0,0,0,FALSE,0,0,0,0,0,0,0
2026-05-29T01:15:00Z,transport-integration,0,0,0,0,0,0,FALSE,0,0,0,0,0,0,0
2026-05-29T01:30:00Z,transport-integration,0,0,0,0,0,0,FALSE,0,0,0,0,0,0,0
2026-05-29T01:45:00Z,transport-integration,0,0,0,0,0,0,FALSE,0,0,0,0,0,0,0
2026-05-29T02:00:00Z,transport-integration,0,0,0,0,0,0,FALSE,0,0,0,0,0,0,0
2026-05-29T02:15:00Z,transport-integration,0,0,0,0,0,0,FALSE,0,0,0,0,0,0,0
2026-05-29T02:30:00Z,transport-integration,0,0,0,0,0,0,FALSE,0,0,0,0,0,0,0
2026-05-29T02:45:00Z,transport-integration,0,0,0,0,0,0,FALSE,0,0,0,0,0,0,0
2026-05-29T03:00:00Z,transport-integration,0,0,0,0,0,0,FALSE,0,0,0,0,0,0,0
2026-05-29T03:15:00Z,transport-integration,0,0,0,0,0,0,FALSE,0,0,0,0,0,0,0
2026-05-29T03:30:00Z,transport-integration,0,0,0,0,0,0,FALSE,0,0,0,0,0,0,0
2026-05-29T03:45:00Z,transport-integration,0,0,0,0,0,0,FALSE,0,0,0,0,0,0,0
2026-05-29T04:00:00Z,transport-integration,0,0,0,0,0,0,FALSE,0,0,0,0,0,0,0
2026-05-29T04:15:00Z,transport-integration,0,0,0,0,0,0,FALSE,0,0,0,0,0,0,0
2026-05-29T04:30:00Z,transport-integration,0,0,0,0,0,0,FALSE,0,0,0,0,0,0,0
2026-05-29T04:45:00Z,transport-integration,0,0,0,0,0,0,FALSE,0,0,0,0,0,0,0
2026-05-29T05:00:00Z,transport-integration,0,0,0,0,0,0,FALSE,0,0,0,0,0,0,0
2026-05-29T05:15:00Z,transport-integration,0,0,0,0,0,0,FALSE,0,0,0,0,0,0,0
2026-05-29T05:30:00Z,transport-integration,0,0,0,0,0,0,FALSE,0,0,0,0,0,0,0
2026-05-29T05:45:00Z,transport-integration,0,0,0,0,0,0,FALSE,0,0,0,0,0,0,0
2026-05-29T06:00:00Z,transport-integration,0,0,0,0,0,0,FALSE,0,0,0,0,0,0,0
2026-05-29T06:15:00Z,transport-integration,0,0,0,0,0,0,FALSE,0,0,0,0,0,0,0
2026-05-29T06:30:00Z,transport-integration,0,0,0,0,0,0,FALSE,0,0,0,0,0,0,0
2026-05-29T06:45:00Z,transport-integration,0,0,0,0,0,0,FALSE,0,0,0,0,0,0,0
2026-05-29T07:00:00Z,transport-integration,0,0,0,0,0,0,FALSE,0,0,0,0,0,0,0
2026-05-29T07:15:00Z,transport-integration,0,0,0,0,0,0,FALSE,0,0,0,0,0,0,0
2026-05-29T07:30:00Z,transport-integration,0,0,0,0,0,0,FALSE,0,0,0,0,0,0,0
2026-05-29T07:45:00Z,transport-integration,0,0,0,0,0,0,FALSE,0,0,0,0,0,0,0
2026-05-29T08:00:00Z,transport-integration,0,0,0,0,0,0,FALSE,0,0,0,0,0,0,0
2026-05-29T08:15:00Z,transport-integration,0,0,0,0,0,0,FALSE,0,0,0,0,0,0,0
2026-05-29T08:30:00Z,transport-integration,0,0,0,0,0,0,FALSE,0,0,0,0,0,0,0
2026-05-29T08:45:00Z,transport-integration,0,0,0,0,0,0,FALSE,0,0,0,0,0,0,0
2026-05-16T08:45:00Z,unit-property,0,0,0,0,0,0,FALSE,0,0,0,0,0,0,0
2026-05-16T09:00:00Z,unit-property,0,0,0,0,0,0,FALSE,0,0,0,0,0,0,0
2026-05-16T09:15:00Z,unit-property,0,0,0,0,0,0,FALSE,0,0,0,0,0,0,0
2026-05-16T09:30:00Z,unit-property,0,0,0,0,0,0,FALSE,0,0,0,0,0,0,0
2026-05-16T09:45:00Z,unit-property,0,0,0,0,0,0,FALSE,0,0,0,0,0,0,0
2026-05-16T10:00:00Z,unit-property,0,0,0,0,0,0,FALSE,0,0,0,0,0,0,0
2026-05-16T10:15:00Z,unit-property,0,0,0,0,0,0,FALSE,0,0,0,0,0,0,0
2026-05-16T10:30:00Z,unit-property,0,0,0,0,0,0,FALSE,0,0,0,0,0,0,0
2026-05-16T10:45:00Z,unit-property,0,0,0,0,0,0,FALSE,0,0,0,0,0,0,0
2026-05-16T11:00:00Z,unit-property,0,0,0,0,0,0,FALSE,0,0,0,0,0,0,0
2026-05-16T11:15:00Z,unit-property,0,0,0,0,0,0,FALSE,0,0,0,0,0,0,0
2026-05-16T11:30:00Z,unit-property,0,0,0,0,0,0,FALSE,0,0,0,0,0,0,0
2026-05-16T11:45:00Z,unit-property,0,0,0,0,0,0,FALSE,0,0,0,0,0,0,0
2026-05-16T12:00:00Z,unit-property,0,0,0,0,0,0,FALSE,0,0,0,0,0,0,0
2026-05-16T12:15:00Z,unit-property,0,0,0,0,0,0,FALSE,0,0,0,0,0,0,0
2026-05-16T12:30:00Z,unit-property,0,0,0,0,0,0,FALSE,0,0,0,0,0,0,0
2026-05-16T12:45:00Z,unit-property,0,0,0,0,0,0,FALSE,0,0,0,0,0,0,0
2026-05-16T13:00:00Z,unit-property,0,0,0,0,0,0,FALSE,0,0,0,0,0,0,0
2026-05-16T13:15:00Z,unit-property,0,0,0,0,0,0,FALSE,0,0,0,0,0,0,0
2026-05-16T13:30:00Z,unit-property,0,0,0,0,0,0,FALSE,0,0,0,0,0,0,0
2026-05-16T13:45:00Z,unit-property,0,0,0,0,0,0,FALSE,0,0,0,0,0,0,0
2026-05-16T14:00:00Z,unit-property,0,0,0,0,0,0,FALSE,0,0,0,0,0,0,0
2026-05-16T14:15:00Z,unit-property,0,0,0,0,0,0,FALSE,0,0,0,0,0,0,0
2026-05-16T14:30:00Z,unit-property,0,0,0,0,0,0,FALSE,0,0,0,0,0,0,0
2026-05-16T14:45:00Z,unit-property,0,0,0,0,0,0,FALSE,0,0,0,0,0,0,0
2026-05-16T15:00:00Z,unit-property,0,0,0,0,0,0,FALSE,0,0,0,0,0,0,0
2026-05-16T15:15:00Z,unit-property,0,0,0,0,0,0,FALSE,0,0,0,0,0,0,0
2026-05-16T15:30:00Z,unit-property,0,0,0,0,0,0,FALSE,0,0,0,0,0,0,0
2026-05-16T15:45:00Z,unit-property,0,0,0,0,0,0,FALSE,0,0,0,0,0,0,0
2026-05-16T16:00:00Z,unit-property,0,0,0,0,0,0,FALSE,0,0,0,0,0,0,0
2026-05-16T16:15:00Z,unit-property,0,0,0,0,0,0,FALSE,0,0,0,0,0,0,0
2026-05-16T16:30:00Z,unit-property,0,0,0,0,0,0,FALSE,0,0,0,0,0,0,0
2026-05-16T16:45:00Z,unit-property,0,0,0,0,0,0,FALSE,0,0,0,0,0,0,0
2026-05-16T17:00:00Z,unit-property,0,0,0,0,0,0,FALSE,0,0,0,0,0,0,0
2026-05-16T17:15:00Z,unit-property,0,0,0,0,0,0,FALSE,0,0,0,0,0,0,0
2026-05-16T17:30:00Z,unit-property,0,0,0,0,0,0,FALSE,0,0,0,0,0,0,0
2026-05-16T17:45:00Z,unit-property,0,0,0,0,0,0,FALSE,0,0,0,0,0,0,0
2026-05-16T18:00:00Z,unit-property,0,0,0,0,0,0,FALSE,0,0,0,0,0,0,0
2026-05-16T18:15:00Z,unit-property,0,0,0,0,0,0,FALSE,0,0,0,0,0,0,0
2026-05-16T18:30:00Z,unit-property,0,0,0,0,0,0,FALSE,0,0,0,0,0,0,0
2026-05-16T18:45:00Z,unit-property,0,0,0,0,0,0,FALSE,0,0,0,0,0,0,0
2026-05-16T19:00:00Z,unit-property,0,0,0,0,0,0,FALSE,0,0,0,0,0,0,0
2026-05-16T19:15:00Z,unit-property,0,0,0,0,0,0,FALSE,0,0,0,0,0,0,0
2026-05-16T19:30:00Z,unit-property,0,0,0,0,0,0,FALSE,0,0,0,0,0,0,0
2026-05-16T19:45:00Z,unit-property,0,0,0,0,0,0,FALSE,0,0,0,0,0,0,0
2026-05-16T20:00:00Z,unit-property,0,0,0,0,0,0,FALSE,0,0,0,0,0,0,0
2026-05-16T20:15:00Z,unit-property,0,0,0,0,0,0,FALSE,0,0,0,0,0,0,0
2026-05-16T20:30:00Z,unit-property,0,0,0,0,0,0,FALSE,0,0,0,0,0,0,0
2026-05-16T20:45:00Z,unit-property,0,0,0,0,0,0,FALSE,0,0,0,0,0,0,0
2026-05-16T21:00:00Z,unit-property,0,0,0,0,0,0,FALSE,0,0,0,0,0,0,0
2026-05-16T21:15:00Z,unit-property,0,0,0,0,0,0,FALSE,0,0,0,0,0,0,0
2026-05-16T21:30:00Z,unit-property,0,0,0,0,0,0,FALSE,0,0,0,0,0,0,0
2026-05-16T21:45:00Z,unit-property,0,0,0,0,0,0,FALSE,0,0,0,0,0,0,0
2026-05-16T22:00:00Z,unit-property,0,0,0,0,0,0,FALSE,0,0,0,0,0,0,0
2026-05-16T22:15:00Z,unit-property,0,0,0,0,0,0,FALSE,0,0,0,0,0,0,0
2026-05-16T22:30:00Z,unit-property,0,0,0,0,0,0,FALSE,0,0,0,0,0,0,0
2026-05-16T22:45:00Z,unit-property,0,0,0,0,0,0,FALSE,0,0,0,0,0,0,0
2026-05-16T23:00:00Z,unit-property,0,0,0,0,0,0,FALSE,0,0,0,0,0,0,0
2026-05-16T23:15:00Z,unit-property,0,0,0,0,0,0,FALSE,0,0,0,0,0,0,0
2026-05-16T23:30:00Z,unit-property,0,0,0,0,0,0,FALSE,0,0,0,0,0,0,0
2026-05-16T23:45:00Z,unit-property,0,0,0,0,0,0,FALSE,0,0,0,0,0,0,0
2026-05-17T00:00:00Z,unit-property,0,0,0,0,0,0,FALSE,0,0,0,0,0,0,0
2026-05-17T00:15:00Z,unit-property,0,0,0,0,0,0,FALSE,0,0,0,0,0,0,0
2026-05-17T00:30:00Z,unit-property,0,0,0,0,0,0,FALSE,0,0,0,0,0,0,0
2026-05-17T00:45:00Z,unit-property,0,0,0,0,0,0,FALSE,0,0,0,0,0,0,0
2026-05-17T01:00:00Z,unit-property,0,0,0,0,0,0,FALSE,0,0,0,0,0,0,0
2026-05-17T01:15:00Z,unit-property,0,0,0,0,0,0,FALSE,0,0,0,0,0,0,0
2026-05-17T01:30:00Z,unit-property,0,0,0,0,0,0,FALSE,0,0,0,0,0,0,0
2026-05-17T01:45:00Z,unit-property,0,0,0,0,0,0,FALSE,0,0,0,0,0,0,0
2026-05-17T02:00:00Z,unit-property,0,0,0,0,0,0,FALSE,0,0,0,0,0,0,0
2026-05-17T02:15:00Z,unit-property,0,0,0,0,0,0,FALSE,0,0,0,0,0,0,0
2026-05-17T02:30:00Z,unit-property,0,0,0,0,0,0,FALSE,0,0,0,0,0,0,0
2026-05-17T02:45:00Z,unit-property,0,0,0,0,0,0,FALSE,0,0,0,0,0,0,0
2026-05-17T03:00:00Z,unit-property,0,0,0,0,0,0,FALSE,0,0,0,0,0,0,0
2026-05-17T03:15:00Z,unit-property,0,0,0,0,0,0,FALSE,0,0,0,0,0,0,0
2026-05-17T03:30:00Z,unit-property,0,0,0,0,0,0,FALSE,0,0,0,0,0,0,0
2026-05-17T03:45:00Z,unit-property,0,0,0,0,0,0,FALSE,0,0,0,0,0,0,0
2026-05-17T04:00:00Z,unit-property,0,0,0,0,0,0,FALSE,0,0,0,0,0,0,0
2026-05-17T04:15:00Z,unit-property,0,0,0,0,0,0,FALSE,0,0,0,0,0,0,0
2026-05-17T04:30:00Z,unit-property,0,0,0,0,0,0,FALSE,0,0,0,0,0,0,0
2026-05-17T04:45:00Z,unit-property,0,0,0,0,0,0,FALSE,0,0,0,0,0,0,0
2026-05-17T05:00:00Z,unit-property,0,0,0,0,0,0,FALSE,0,0,0,0,0,0,0
2026-05-17T05:15:00Z,unit-property,0,0,0,0,0,0,FALSE,0,0,0,0,0,0,0
2026-05-17T05:30:00Z,unit-property,0,0,0,0,0,0,FALSE,0,0,0,0,0,0,0
2026-05-17T05:45:00Z,unit-property,0,0,0,0,0,0,FALSE,0,0,0,0,0,0,0
2026-05-17T06:00:00Z,unit-property,0,0,0,0,0,0,FALSE,0,0,0,0,0,0,0
2026-05-17T06:15:00Z,unit-property,0,0,0,0,0,0,FALSE,0,0,0,0,0,0,0
2026-05-17T06:30:00Z,unit-property,0,0,0,0,0,0,FALSE,0,0,0,0,0,0,0
2026-05-17T06:45:00Z,unit-property,0,0,0,0,0,0,FALSE,0,0,0,0,0,0,0
2026-05-17T07:00:00Z,unit-property,0,0,0,0,0,0,FALSE,0,0,0,0,0,0,0
2026-05-17T07:15:00Z,unit-property,0,0,0,0,0,0,FALSE,0,0,0,0,0,0,0
2026-05-17T07:30:00Z,unit-property,0,0,0,0,0,0,FALSE,0,0,0,0,0,0,0
2026-05-17T07:45:00Z,unit-property,0,0,0,0,0,0,FALSE,0,0,0,0,0,0,0
2026-05-17T08:00:00Z,unit-property,0,0,0,0,0,0,FALSE,0,0,0,0,0,0,0
2026-05-17T08:15:00Z,unit-property,0,0,0,0,0,0,FALSE,0,0,0,0,0,0,0
2026-05-17T08:30:00Z,unit-property,0,0,0,0,0,0,FALSE,0,0,0,0,0,0,0
2026-05-17T08:45:00Z,unit-property,0,0,0,0,0,0,FALSE,0,0,0,0,0,0,0
2026-05-17T09:00:00Z,unit-property,0,0,0,0,0,0,FALSE,0,0,0,0,0,0,0
2026-05-17T09:15:00Z,unit-property,0,0,0,0,0,0,FALSE,0,0,0,0,0,0,0
2026-05-17T09:30:00Z,unit-property,0,0,0,0,0,0,FALSE,0,0,0,0,0,0,0
2026-05-17T09:45:00Z,unit-property,0,0,0,0,0,0,FALSE,0,0,0,0,0,0,0
2026-05-17T10:00:00Z,unit-property,0,0,0,0,0,0,FALSE,0,0,0,0,0,0,0
2026-05-17T10:15:00Z,unit-property,0,0,0,0,0,0,FALSE,0,0,0,0,0,0,0
2026-05-17T10:30:00Z,unit-property,0,0,0,0,0,0,FALSE,0,0,0,0,0,0,0
2026-05-17T10:45:00Z,unit-property,0,0,0,0,0,0,FALSE,0,0,0,0,0,0,0
2026-05-17T11:00:00Z,unit-property,0,0,0,0,0,0,FALSE,0,0,0,0,0,0,0
2026-05-17T11:15:00Z,unit-property,0,0,0,0,0,0,FALSE,0,0,0,0,0,0,0
2026-05-17T11:30:00Z,unit-property,0,0,0,0,0,0,FALSE,0,0,0,0,0,0,0
2026-05-17T11:45:00Z,unit-property,0,0,0,0,0,0,FALSE,0,0,0,0,0,0,0
2026-05-17T12:00:00Z,unit-property,0,0,0,0,0,0,FALSE,0,0,0,0,0,0,0
2026-05-17T12:15:00Z,unit-property,0,0,0,0,0,0,FALSE,0,0,0,0,0,0,0
2026-05-17T12:30:00Z,unit-property,0,0,0,0,0,0,FALSE,0,0,0,0,0,0,0
2026-05-17T12:45:00Z,unit-property,0,0,0,0,0,0,FALSE,0,0,0,0,0,0,0
2026-05-17T13:00:00Z,unit-property,0,0,0,0,0,0,FALSE,0,0,0,0,0,0,0
2026-05-17T13:15:00Z,unit-property,0,0,0,0,0,0,FALSE,0,0,0,0,0,0,0
2026-05-17T13:30:00Z,unit-property,0,0,0,0,0,0,FALSE,0,0,0,0,0,0,0
2026-05-17T13:45:00Z,unit-property,0,0,0,0,0,0,FALSE,0,0,0,0,0,0,0
2026-05-17T14:00:00Z,unit-property,0,0,0,0,0,0,FALSE,0,0,0,0,0,0,0
2026-05-17T14:15:00Z,unit-property,0,0,0,0,0,0,FALSE,0,0,0,0,0,0,0
2026-05-17T14:30:00Z,unit-property,0,0,0,0,0,0,FALSE,0,0,0,0,0,0,0
2026-05-17T14:45:00Z,unit-property,0,0,0,0,0,0,FALSE,0,0,0,0,0,0,0
2026-05-17T15:00:00Z,unit-property,0,0,0,0,0,0,FALSE,0,0,0,0,0,0,0
2026-05-17T15:15:00Z,unit-property,0,0,0,0,0,0,FALSE,0,0,0,0,0,0,0
2026-05-17T15:30:00Z,unit-property,0,0,0,0,0,0,FALSE,0,0,0,0,0,0,0
2026-05-17T15:45:00Z,unit-property,0,0,0,0,0,0,FALSE,0,0,0,0,0,0,0
2026-05-17T16:00:00Z,unit-property,0,0,0,0,0,0,FALSE,0,0,0,0,0,0,0
2026-05-17T16:15:00Z,unit-property,0,0,0,0,0,0,FALSE,0,0,0,0,0,0,0
2026-05-17T16:30:00Z,unit-property,0,0,0,0,0,0,FALSE,0,0,0,0,0,0,0
2026-05-17T16:45:00Z,unit-property,0,0,0,0,0,0,FALSE,0,0,0,0,0,0,0
2026-05-17T17:00:00Z,unit-property,0,0,0,0,0,0,FALSE,0,0,0,0,0,0,0
2026-05-17T17:15:00Z,unit-property,0,0,0,0,0,0,FALSE,0,0,0,0,0,0,0
2026-05-17T17:30:00Z,unit-property,0,0,0,0,0,0,FALSE,0,0,0,0,0,0,0
2026-05-17T17:45:00Z,unit-property,0,0,0,0,0,0,FALSE,0,0,0,0,0,0,0
2026-05-17T18:00:00Z,unit-property,0,0,0,0,0,0,FALSE,0,0,0,0,0,0,0
2026-05-17T18:15:00Z,unit-property,0,0,0,0,0,0,FALSE,0,0,0,0,0,0,0
2026-05-17T18:30:00Z,unit-property,0,0,0,0,0,0,FALSE,0,0,0,0,0,0,0
2026-05-17T18:45:00Z,unit-property,0,0,0,0,0,0,FALSE,0,0,0,0,0,0,0
2026-05-17T19:00:00Z,unit-property,0,0,0,0,0,0,FALSE,0,0,0,0,0,0,0
2026-05-17T19:15:00Z,unit-property,0,0,0,0,0,0,FALSE,0,0,0,0,0,0,0
2026-05-17T19:30:00Z,unit-property,0,0,0,0,0,0,FALSE,0,0,0,0,0,0,0
2026-05-17T19:45:00Z,unit-property,0,0,0,0,0,0,FALSE,0,0,0,0,0,0,0
2026-05-17T20:00:00Z,unit-property,0,0,0,0,0,0,FALSE,0,0,0,0,0,0,0
2026-05-17T20:15:00Z,unit-property,0,0,0,0,0,0,FALSE,0,0,0,0,0,0,0
2026-05-17T20:30:00Z,unit-property,0,0,0,0,0,0,FALSE,0,0,0,0,0,0,0
2026-05-17T20:45:00Z,unit-property,0,0,0,0,0,0,FALSE,0,0,0,0,0,0,0
2026-05-17T21:00:00Z,unit-property,0,0,0,0,0,0,FALSE,0,0,0,0,0,0,0
2026-05-17T21:15:00Z,unit-property,0,0,0,0,0,0,FALSE,0,0,0,0,0,0,0
2026-05-17T21:30:00Z,unit-property,0,0,0,0,0,0,FALSE,0,0,0,0,0,0,0
2026-05-17T21:45:00Z,unit-property,0,0,0,0,0,0,FALSE,0,0,0,0,0,0,0
2026-05-17T22:00:00Z,unit-property,0,0,0,0,0,0,FALSE,0,0,0,0,0,0,0
2026-05-17T22:15:00Z,unit-property,0,0,0,0,0,0,FALSE,0,0,0,0,0,0,0
2026-05-17T22:30:00Z,unit-property,0,0,0,0,0,0,FALSE,0,0,0,0,0,0,0
2026-05-17T22:45:00Z,unit-property,0,0,0,0,0,0,FALSE,0,0,0,0,0,0,0
2026-05-17T23:00:00Z,unit-property,0,0,0,0,0,0,FALSE,0,0,0,0,0,0,0
2026-05-17T23:15:00Z,unit-property,0,0,0,0,0,0,FALSE,0,0,0,0,0,0,0
2026-05-17T23:30:00Z,unit-property,0,0,0,0,0,0,FALSE,0,0,0,0,0,0,0
2026-05-17T23:45:00Z,unit-property,0,0,0,0,0,0,FALSE,0,0,0,0,0,0,0
2026-05-18T00:00:00Z,unit-property,0,0,0,0,0,0,FALSE,0,0,0,0,0,0,0
2026-05-18T00:15:00Z,unit-property,0,0,0,0,0,0,FALSE,0,0,0,0,0,0,0
2026-05-18T00:30:00Z,unit-property,0,0,0,0,0,0,FALSE,0,0,0,0,0,0,0
2026-05-18T00:45:00Z,unit-property,0,0,0,0,0,0,FALSE,0,0,0,0,0,0,0
2026-05-18T01:00:00Z,unit-property,0,0,0,0,0,0,FALSE,0,0,0,0,0,0,0
2026-05-18T01:15:00Z,unit-property,0,0,0,0,0,0,FALSE,0,0,0,0,0,0,0
2026-05-18T01:30:00Z,unit-property,0,0,0,0,0,0,FALSE,0,0,0,0,0,0,0
2026-05-18T01:45:00Z,unit-property,0,0,0,0,0,0,FALSE,0,0,0,0,0,0,0
2026-05-18T02:00:00Z,unit-property,0,0,0,0,0,0,FALSE,0,0,0,0,0,0,0
2026-05-18T02:15:00Z,unit-property,0,0,0,0,0,0,FALSE,0,0,0,0,0,0,0
2026-05-18T02:30:00Z,unit-property,0,0,0,0,0,0,FALSE,0,0,0,0,0,0,0
2026-05-18T02:45:00Z,unit-property,0,0,0,0,0,0,FALSE,0,0,0,0,0,0,0
2026-05-18T03:00:00Z,unit-property,0,0,0,0,0,0,FALSE,0,0,0,0,0,0,0
2026-05-18T03:15:00Z,unit-property,0,0,0,0,0,0,FALSE,0,0,0,0,0,0,0
2026-05-18T03:30:00Z,unit-property,0,0,0,0,0,0,FALSE,0,0,0,0,0,0,0
2026-05-18T03:45:00Z,unit-property,0,0,0,0,0,0,FALSE,0,0,0,0,0,0,0
2026-05-18T04:00:00Z,unit-property,0,0,0,0,0,0,FALSE,0,0,0,0,0,0,0
2026-05-18T04:15:00Z,unit-property,0,0,0,0,0,0,FALSE,0,0,0,0,0,0,0
2026-05-18T04:30:00Z,unit-property,0,0,0,0,0,0,FALSE,0,0,0,0,0,0,0
2026-05-18T04:45:00Z,unit-property,0,0,0,0,0,0,FALSE,0,0,0,0,0,0,0
2026-05-18T05:00:00Z,unit-property,0,0,0,0,0,0,FALSE,0,0,0,0,0,0,0
2026-05-18T05:15:00Z,unit-property,0,0,0,0,0,0,FALSE,0,0,0,0,0,0,0
2026-05-18T05:30:00Z,unit-property,0,0,0,0,0,0,FALSE,0,0,0,0,0,0,0
2026-05-18T05:45:00Z,unit-property,0,0,0,0,0,0,FALSE,0,0,0,0,0,0,0
2026-05-18T06:00:00Z,unit-property,0,0,0,0,0,0,FALSE,0,0,0,0,0,0,0
2026-05-18T06:15:00Z,unit-property,0,0,0,0,0,0,FALSE,0,0,0,0,0,0,0
2026-05-18T06:30:00Z,unit-property,0,0,0,0,0,0,FALSE,0,0,0,0,0,0,0
2026-05-18T06:45:00Z,unit-property,0,0,0,0,0,0,FALSE,0,0,0,0,0,0,0
2026-05-18T07:00:00Z,unit-property,0,0,0,0,0,0,FALSE,0,0,0,0,0,0,0
2026-05-18T07:15:00Z,unit-property,0,0,0,0,0,0,FALSE,0,0,0,0,0,0,0
2026-05-18T07:30:00Z,unit-property,0,0,0,0,0,0,FALSE,0,0,0,0,0,0,0
2026-05-18T07:45:00Z,unit-property,0,0,0,0,0,0,FALSE,0,0,0,0,0,0,0
2026-05-18T08:00:00Z,unit-property,0,0,0,0,0,0,FALSE,0,0,0,0,0,0,0
2026-05-18T08:15:00Z,unit-property,0,0,0,0,0,0,FALSE,0,0,0,0,0,0,0
2026-05-18T08:30:00Z,unit-property,0,0,0,0,0,0,FALSE,0,0,0,0,0,0,0
2026-05-18T08:45:00Z,unit-property,0,0,0,0,0,0,FALSE,0,0,0,0,0,0,0
2026-05-18T09:00:00Z,unit-property,0,0,0,0,0,0,FALSE,0,0,0,0,0,0,0
2026-05-18T09:15:00Z,unit-property,0,0,0,0,0,0,FALSE,0,0,0,0,0,0,0
2026-05-18T09:30:00Z,unit-property,0,0,0,0,0,0,FALSE,0,0,0,0,0,0,0
2026-05-18T09:45:00Z,unit-property,0,0,0,0,0,0,FALSE,0,0,0,0,0,0,0
2026-05-18T10:00:00Z,unit-property,0,0,0,0,0,0,FALSE,0,0,0,0,0,0,0
2026-05-18T10:15:00Z,unit-property,0,0,0,0,0,0,FALSE,0,0,0,0,0,0,0
2026-05-18T10:30:00Z,unit-property,0,0,0,0,0,0,FALSE,0,0,0,0,0,0,0
2026-05-18T10:45:00Z,unit-property,0,0,0,0,0,0,FALSE,0,0,0,0,0,0,0
2026-05-18T11:00:00Z,unit-property,0,0,0,0,0,0,FALSE,0,0,0,0,0,0,0
2026-05-18T11:15:00Z,unit-property,0,0,0,0,0,0,FALSE,0,0,0,0,0,0,0
2026-05-18T11:30:00Z,unit-property,0,0,0,0,0,0,FALSE,0,0,0,0,0,0,0
2026-05-18T11:45:00Z,unit-property,0,0,0,0,0,0,FALSE,0,0,0,0,0,0,0
2026-05-18T12:00:00Z,unit-property,0,0,0,0,0,0,FALSE,0,0,0,0,0,0,0
2026-05-18T12:15:00Z,unit-property,0,0,0,0,0,0,FALSE,0,0,0,0,0,0,0
2026-05-18T12:30:00Z,unit-property,0,0,0,0,0,0,FALSE,0,0,0,0,0,0,0
2026-05-18T12:45:00Z,unit-property,0,0,0,0,0,0,FALSE,0,0,0,0,0,0,0
2026-05-18T13:00:00Z,unit-property,0,0,0,0,0,0,FALSE,0,0,0,0,0,0,0
2026-05-18T13:15:00Z,unit-property,0,0,0,0,0,0,FALSE,0,0,0,0,0,0,0
2026-05-18T13:30:00Z,unit-property,0,0,0,0,0,0,FALSE,0,0,0,0,0,0,0
2026-05-18T13:45:00Z,unit-property,0,0,0,0,0,0,FALSE,0,0,0,0,0,0,0
2026-05-18T14:00:00Z,unit-property,0,0,0,0,0,0,FALSE,0,0,0,0,0,0,0
2026-05-18T14:15:00Z,unit-property,0,0,0,0,0,0,FALSE,0,0,0,0,0,0,0
2026-05-18T14:30:00Z,unit-property,0,0,0,0,0,0,FALSE,0,0,0,0,0,0,0
2026-05-18T14:45:00Z,unit-property,0,0,0,0,0,0,FALSE,0,0,0,0,0,0,0
2026-05-18T15:00:00Z,unit-property,0,0,0,0,0,0,FALSE,0,0,0,0,0,0,0
2026-05-18T15:15:00Z,unit-property,0,0,0,0,0,0,FALSE,0,0,0,0,0,0,0
2026-05-18T15:30:00Z,unit-property,0,0,0,0,0,0,FALSE,0,0,0,0,0,0,0
2026-05-18T15:45:00Z,unit-property,0,0,0,0,0,0,FALSE,0,0,0,0,0,0,0
2026-05-18T16:00:00Z,unit-property,0,0,0,0,0,0,FALSE,0,0,0,0,0,0,0
2026-05-18T16:15:00Z,unit-property,0,0,0,0,0,0,FALSE,0,0,0,0,0,0,0
2026-05-18T16:30:00Z,unit-property,0,0,0,0,0,0,FALSE,0,0,0,0,0,0,0
2026-05-18T16:45:00Z,unit-property,0,0,0,0,0,0,FALSE,0,0,0,0,0,0,0
2026-05-18T17:00:00Z,unit-property,0,0,0,0,0,0,FALSE,0,0,0,0,0,0,0
2026-05-18T17:15:00Z,unit-property,0,0,0,0,0,0,FALSE,0,0,0,0,0,0,0
2026-05-18T17:30:00Z,unit-property,0,0,0,0,0,0,FALSE,0,0,0,0,0,0,0
2026-05-18T17:45:00Z,unit-property,0,0,0,0,0,0,FALSE,0,0,0,0,0,0,0
2026-05-18T18:00:00Z,unit-property,0,0,0,0,0,0,FALSE,0,0,0,0,0,0,0
2026-05-18T18:15:00Z,unit-property,0,0,0,0,0,0,FALSE,0,0,0,0,0,0,0
2026-05-18T18:30:00Z,unit-property,0,0,0,0,0,0,FALSE,0,0,0,0,0,0,0
2026-05-18T18:45:00Z,unit-property,0,0,0,0,0,0,FALSE,0,0,0,0,0,0,0
2026-05-18T19:00:00Z,unit-property,0,0,0,0,0,0,FALSE,0,0,0,0,0,0,0
2026-05-18T19:15:00Z,unit-property,0,0,0,0,0,0,FALSE,0,0,0,0,0,0,0
2026-05-18T19:30:00Z,unit-property,0,0,0,0,0,0,FALSE,0,0,0,0,0,0,0
2026-05-18T19:45:00Z,unit-property,0,0,0,0,0,0,FALSE,0,0,0,0,0,0,0
2026-05-18T20:00:00Z,unit-property,0,0,0,0,0,0,FALSE,0,0,0,0,0,0,0
2026-05-18T20:15:00Z,unit-property,0,0,0,0,0,0,FALSE,0,0,0,0,0,0,0
2026-05-18T20:30:00Z,unit-property,0,0,0,0,0,0,FALSE,0,0,0,0,0,0,0
2026-05-18T20:45:00Z,unit-property,0,0,0,0,0,0,FALSE,0,0,0,0,0,0,0
2026-05-18T21:00:00Z,unit-property,0,0,0,0,0,0,FALSE,0,0,0,0,0,0,0
2026-05-18T21:15:00Z,unit-property,0,0,0,0,0,0,FALSE,0,0,0,0,0,0,0
2026-05-18T21:30:00Z,unit-property,0,0,0,0,0,0,FALSE,0,0,0,0,0,0,0
2026-05-18T21:45:00Z,unit-property,0,0,0,0,0,0,FALSE,0,0,0,0,0,0,0
2026-05-18T22:00:00Z,unit-property,0,0,0,0,0,0,FALSE,0,0,0,0,0,0,0
2026-05-18T22:15:00Z,unit-property,0,0,0,0,0,0,FALSE,0,0,0,0,0,0,0
2026-05-18T22:30:00Z,unit-property,0,0,0,0,0,0,FALSE,0,0,0,0,0,0,0
2026-05-18T22:45:00Z,unit-property,0,0,0,0,0,0,FALSE,0,0,0,0,0,0,0
2026-05-18T23:00:00Z,unit-property,0,0,0,0,0,0,FALSE,0,0,0,0,0,0,0
2026-05-18T23:15:00Z,unit-property,0,0,0,0,0,0,FALSE,0,0,0,0,0,0,0
2026-05-18T23:30:00Z,unit-property,0,0,0,0,0,0,FALSE,0,0,0,0,0,0,0
2026-05-18T23:45:00Z,unit-property,0,0,0,0,0,0,FALSE,0,0,0,0,0,0,0
2026-05-19T00:00:00Z,unit-property,0,0,0,0,0,0,FALSE,0,0,0,0,0,0,0
2026-05-19T00:15:00Z,unit-property,0,0,0,0,0,0,FALSE,0,0,0,0,0,0,0
2026-05-19T00:30:00Z,unit-property,0,0,0,0,0,0,FALSE,0,0,0,0,0,0,0
2026-05-19T00:45:00Z,unit-property,0,0,0,0,0,0,FALSE,0,0,0,0,0,0,0
2026-05-19T01:00:00Z,unit-property,0,0,0,0,0,0,FALSE,0,0,0,0,0,0,0
2026-05-19T01:15:00Z,unit-property,0,0,0,0,0,0,FALSE,0,0,0,0,0,0,0
2026-05-19T01:30:00Z,unit-property,0,0,0,0,0,0,FALSE,0,0,0,0,0,0,0
2026-05-19T01:45:00Z,unit-property,0,0,0,0,0,0,FALSE,0,0,0,0,0,0,0
2026-05-19T02:00:00Z,unit-property,0,0,0,0,0,0,FALSE,0,0,0,0,0,0,0
2026-05-19T02:15:00Z,unit-property,0,0,0,0,0,0,FALSE,0,0,0,0,0,0,0
2026-05-19T02:30:00Z,unit-property,0,0,0,0,0,0,FALSE,0,0,0,0,0,0,0
2026-05-19T02:45:00Z,unit-property,0,0,0,0,0,0,FALSE,0,0,0,0,0,0,0
2026-05-19T03:00:00Z,unit-property,0,0,0,0,0,0,FALSE,0,0,0,0,0,0,0
2026-05-19T03:15:00Z,unit-property,0,0,0,0,0,0,FALSE,0,0,0,0,0,0,0
2026-05-19T03:30:00Z,unit-property,0,0,0,0,0,0,FALSE,0,0,0,0,0,0,0
2026-05-19T03:45:00Z,unit-property,0,0,0,0,0,0,FALSE,0,0,0,0,0,0,0
2026-05-19T04:00:00Z,unit-property,0,0,0,0,0,0,FALSE,0,0,0,0,0,0,0
2026-05-19T04:15:00Z,unit-property,0,0,0,0,0,0,FALSE,0,0,0,0,0,0,0
2026-05-19T04:30:00Z,unit-property,0,0,0,0,0,0,FALSE,0,0,0,0,0,0,0
2026-05-19T04:45:00Z,unit-property,0,0,0,0,0,0,FALSE,0,0,0,0,0,0,0
2026-05-19T05:00:00Z,unit-property,0,0,0,0,0,0,FALSE,0,0,0,0,0,0,0
2026-05-19T05:15:00Z,unit-property,0,0,0,0,0,0,FALSE,0,0,0,0,0,0,0
2026-05-19T05:30:00Z,unit-property,0,0,0,0,0,0,FALSE,0,0,0,0,0,0,0
2026-05-19T05:45:00Z,unit-property,0,0,0,0,0,0,FALSE,0,0,0,0,0,0,0
2026-05-19T06:00:00Z,unit-property,0,0,0,0,0,0,FALSE,0,0,0,0,0,0,0
2026-05-19T06:15:00Z,unit-property,0,0,0,0,0,0,FALSE,0,0,0,0,0,0,0
2026-05-19T06:30:00Z,unit-property,0,0,0,0,0,0,FALSE,0,0,0,0,0,0,0
2026-05-19T06:45:00Z,unit-property,0,0,0,0,0,0,FALSE,0,0,0,0,0,0,0
2026-05-19T07:00:00Z,unit-property,0,0,0,0,0,0,FALSE,0,0,0,0,0,0,0
2026-05-19T07:15:00Z,unit-property,0,0,0,0,0,0,FALSE,0,0,0,0,0,0,0
2026-05-19T07:30:00Z,unit-property,0,0,0,0,0,0,FALSE,0,0,0,0,0,0,0
2026-05-19T07:45:00Z,unit-property,0,0,0,0,0,0,FALSE,0,0,0,0,0,0,0
2026-05-19T08:00:00Z,unit-property,0,0,0,0,0,0,FALSE,0,0,0,0,0,0,0
2026-05-19T08:15:00Z,unit-property,0,0,0,0,0,0,FALSE,0,0,0,0,0,0,0
2026-05-19T08:30:00Z,unit-property,0,0,0,0,0,0,FALSE,0,0,0,0,0,0,0
2026-05-19T08:45:00Z,unit-property,0,0,0,0,0,0,FALSE,0,0,0,0,0,0,0
2026-05-19T09:00:00Z,unit-property,0,0,0,0,0,0,FALSE,0,0,0,0,0,0,0
2026-05-19T09:15:00Z,unit-property,0,0,0,0,0,0,FALSE,0,0,0,0,0,0,0
2026-05-19T09:30:00Z,unit-property,0,0,0,0,0,0,FALSE,0,0,0,0,0,0,0
2026-05-19T09:45:00Z,unit-property,0,0,0,0,0,0,FALSE,0,0,0,0,0,0,0
2026-05-19T10:00:00Z,unit-property,0,0,0,0,0,0,FALSE,0,0,0,0,0,0,0
2026-05-19T10:15:00Z,unit-property,0,0,0,0,0,0,FALSE,0,0,0,0,0,0,0
2026-05-19T10:30:00Z,unit-property,0,0,0,0,0,0,FALSE,0,0,0,0,0,0,0
2026-05-19T10:45:00Z,unit-property,0,0,0,0,0,0,FALSE,0,0,0,0,0,0,0
2026-05-19T11:00:00Z,unit-property,0,0,0,0,0,0,FALSE,0,0,0,0,0,0,0
2026-05-19T11:15:00Z,unit-property,0,0,0,0,0,0,FALSE,0,0,0,0,0,0,0
2026-05-19T11:30:00Z,unit-property,0,0,0,0,0,0,FALSE,0,0,0,0,0,0,0
2026-05-19T11:45:00Z,unit-property,0,0,0,0,0,0,FALSE,0,0,0,0,0,0,0
2026-05-19T12:00:00Z,unit-property,0,0,0,0,0,0,FALSE,0,0,0,0,0,0,0
2026-05-19T12:15:00Z,unit-property,0,0,0,0,0,0,FALSE,0,0,0,0,0,0,0
2026-05-19T12:30:00Z,unit-property,0,0,0,0,0,0,FALSE,0,0,0,0,0,0,0
2026-05-19T12:45:00Z,unit-property,0,0,0,0,0,0,FALSE,0,0,0,0,0,0,0
2026-05-19T13:00:00Z,unit-property,0,0,0,0,0,0,FALSE,0,0,0,0,0,0,0
2026-05-19T13:15:00Z,unit-property,0,0,0,0,0,0,FALSE,0,0,0,0,0,0,0
2026-05-19T13:30:00Z,unit-property,0,0,0,0,0,0,FALSE,0,0,0,0,0,0,0
2026-05-19T13:45:00Z,unit-property,0,0,0,0,0,0,FALSE,0,0,0,0,0,0,0
2026-05-19T14:00:00Z,unit-property,0,0,0,0,0,0,FALSE,0,0,0,0,0,0,0
2026-05-19T14:15:00Z,unit-property,0,0,0,0,0,0,FALSE,0,0,0,0,0,0,0
2026-05-19T14:30:00Z,unit-property,0,0,0,0,0,0,FALSE,0,0,0,0,0,0,0
2026-05-19T14:45:00Z,unit-property,0,0,0,0,0,0,FALSE,0,0,0,0,0,0,0
2026-05-19T15:00:00Z,unit-property,0,0,0,0,0,0,FALSE,0,0,0,0,0,0,0
2026-05-19T15:15:00Z,unit-property,0,0,0,0,0,0,FALSE,0,0,0,0,0,0,0
2026-05-19T15:30:00Z,unit-property,0,0,0,0,0,0,FALSE,0,0,0,0,0,0,0
2026-05-19T15:45:00Z,unit-property,0,0,0,0,0,0,FALSE,0,0,0,0,0,0,0
2026-05-19T16:00:00Z,unit-property,0,0,0,0,0,0,FALSE,0,0,0,0,0,0,0
2026-05-19T16:15:00Z,unit-property,0,0,0,0,0,0,FALSE,0,0,0,0,0,0,0
2026-05-19T16:30:00Z,unit-property,0,0,0,0,0,0,FALSE,0,0,0,0,0,0,0
2026-05-19T16:45:00Z,unit-property,0,0,0,0,0,0,FALSE,0,0,0,0,0,0,0
2026-05-19T17:00:00Z,unit-property,0,0,0,0,0,0,FALSE,0,0,0,0,0,0,0
2026-05-19T17:15:00Z,unit-property,0,0,0,0,0,0,FALSE,0,0,0,0,0,0,0
2026-05-19T17:30:00Z,unit-property,0,0,0,0,0,0,FALSE,0,0,0,0,0,0,0
2026-05-19T17:45:00Z,unit-property,0,0,0,0,0,0,FALSE,0,0,0,0,0,0,0
2026-05-19T18:00:00Z,unit-property,0,0,0,0,0,0,FALSE,0,0,0,0,0,0,0
2026-05-19T18:15:00Z,unit-property,0,0,0,0,0,0,FALSE,0,0,0,0,0,0,0
2026-05-19T18:30:00Z,unit-property,0,0,0,0,0,0,FALSE,0,0,0,0,0,0,0
2026-05-19T18:45:00Z,unit-property,0,0,0,0,0,0,FALSE,0,0,0,0,0,0,0
2026-05-19T19:00:00Z,unit-property,0,0,0,0,0,0,FALSE,0,0,0,0,0,0,0
2026-05-19T19:15:00Z,unit-property,0,0,0,0,0,0,FALSE,0,0,0,0,0,0,0
2026-05-19T19:30:00Z,unit-property,0,0,0,0,0,0,FALSE,0,0,0,0,0,0,0
2026-05-19T19:45:00Z,unit-property,0,0,0,0,0,0,FALSE,0,0,0,0,0,0,0
2026-05-19T20:00:00Z,unit-property,0,0,0,0,0,0,FALSE,0,0,0,0,0,0,0
2026-05-19T20:15:00Z,unit-property,0,0,0,0,0,0,FALSE,0,0,0,0,0,0,0
2026-05-19T20:30:00Z,unit-property,0,0,0,0,0,0,FALSE,0,0,0,0,0,0,0
2026-05-19T20:45:00Z,unit-property,0,0,0,0,0,0,FALSE,0,0,0,0,0,0,0
2026-05-19T21:00:00Z,unit-property,0,0,0,0,0,0,FALSE,0,0,0,0,0,0,0
2026-05-19T21:15:00Z,unit-property,0,0,0,0,0,0,FALSE,0,0,0,0,0,0,0
2026-05-19T21:30:00Z,unit-property,0,0,0,0,0,0,FALSE,0,0,0,0,0,0,0
2026-05-19T21:45:00Z,unit-property,0,0,0,0,0,0,FALSE,0,0,0,0,0,0,0
2026-05-19T22:00:00Z,unit-property,0,0,0,0,0,0,FALSE,0,0,0,0,0,0,0
2026-05-19T22:15:00Z,unit-property,0,0,0,0,0,0,FALSE,0,0,0,0,0,0,0
2026-05-19T22:30:00Z,unit-property,0,0,0,0,0,0,FALSE,0,0,0,0,0,0,0
2026-05-19T22:45:00Z,unit-property,0,0,0,0,0,0,FALSE,0,0,0,0,0,0,0
2026-05-19T23:00:00Z,unit-property,0,0,0,0,0,0,FALSE,0,0,0,0,0,0,0
2026-05-19T23:15:00Z,unit-property,0,0,0,0,0,0,FALSE,0,0,0,0,0,0,0
2026-05-19T23:30:00Z,unit-property,0,0,0,0,0,0,FALSE,0,0,0,0,0,0,0
2026-05-19T23:45:00Z,unit-property,0,0,0,0,0,0,FALSE,0,0,0,0,0,0,0
2026-05-20T00:00:00Z,unit-property,0,0,0,0,0,0,FALSE,0,0,0,0,0,0,0
2026-05-20T00:15:00Z,unit-property,0,0,0,0,0,0,FALSE,0,0,0,0,0,0,0
2026-05-20T00:30:00Z,unit-property,0,0,0,0,0,0,FALSE,0,0,0,0,0,0,0
2026-05-20T00:45:00Z,unit-property,0,0,0,0,0,0,FALSE,0,0,0,0,0,0,0
2026-05-20T01:00:00Z,unit-property,0,0,0,0,0,0,FALSE,0,0,0,0,0,0,0
2026-05-20T01:15:00Z,unit-property,0,0,0,0,0,0,FALSE,0,0,0,0,0,0,0
2026-05-20T01:30:00Z,unit-property,0,0,0,0,0,0,FALSE,0,0,0,0,0,0,0
2026-05-20T01:45:00Z,unit-property,0,0,0,0,0,0,FALSE,0,0,0,0,0,0,0
2026-05-20T02:00:00Z,unit-property,0,0,0,0,0,0,FALSE,0,0,0,0,0,0,0
2026-05-20T02:15:00Z,unit-property,0,0,0,0,0,0,FALSE,0,0,0,0,0,0,0
2026-05-20T02:30:00Z,unit-property,0,0,0,0,0,0,FALSE,0,0,0,0,0,0,0
2026-05-20T02:45:00Z,unit-property,0,0,0,0,0,0,FALSE,0,0,0,0,0,0,0
2026-05-20T03:00:00Z,unit-property,0,0,0,0,0,0,FALSE,0,0,0,0,0,0,0
2026-05-20T03:15:00Z,unit-property,0,0,0,0,0,0,FALSE,0,0,0,0,0,0,0
2026-05-20T03:30:00Z,unit-property,0,0,0,0,0,0,FALSE,0,0,0,0,0,0,0
2026-05-20T03:45:00Z,unit-property,0,0,0,0,0,0,FALSE,0,0,0,0,0,0,0
2026-05-20T04:00:00Z,unit-property,0,0,0,0,0,0,FALSE,0,0,0,0,0,0,0
2026-05-20T04:15:00Z,unit-property,0,0,0,0,0,0,FALSE,0,0,0,0,0,0,0
2026-05-20T04:30:00Z,unit-property,0,0,0,0,0,0,FALSE,0,0,0,0,0,0,0
2026-05-20T04:45:00Z,unit-property,0,0,0,0,0,0,FALSE,0,0,0,0,0,0,0
2026-05-20T05:00:00Z,unit-property,0,0,0,0,0,0,FALSE,0,0,0,0,0,0,0
2026-05-20T05:15:00Z,unit-property,0,0,0,0,0,0,FALSE,0,0,0,0,0,0,0
2026-05-20T05:30:00Z,unit-property,0,0,0,0,0,0,FALSE,0,0,0,0,0,0,0
2026-05-20T05:45:00Z,unit-property,0,0,0,0,0,0,FALSE,0,0,0,0,0,0,0
2026-05-20T06:00:00Z,unit-property,0,0,0,0,0,0,FALSE,0,0,0,0,0,0,0
2026-05-20T06:15:00Z,unit-property,0,0,0,0,0,0,FALSE,0,0,0,0,0,0,0
2026-05-20T06:30:00Z,unit-property,0,0,0,0,0,0,FALSE,0,0,0,0,0,0,0
2026-05-20T06:45:00Z,unit-property,0,0,0,0,0,0,FALSE,0,0,0,0,0,0,0
2026-05-20T07:00:00Z,unit-property,0,0,0,0,0,0,FALSE,0,0,0,0,0,0,0
2026-05-20T07:15:00Z,unit-property,0,0,0,0,0,0,FALSE,0,0,0,0,0,0,0
2026-05-20T07:30:00Z,unit-property,0,0,0,0,0,0,FALSE,0,0,0,0,0,0,0
2026-05-20T07:45:00Z,unit-property,0,0,0,0,0,0,FALSE,0,0,0,0,0,0,0
2026-05-20T08:00:00Z,unit-property,0,0,0,0,0,0,FALSE,0,0,0,0,0,0,0
2026-05-20T08:15:00Z,unit-property,0,0,0,0,0,0,FALSE,0,0,0,0,0,0,0
2026-05-20T08:30:00Z,unit-property,0,0,0,0,0,0,FALSE,0,0,0,0,0,0,0
2026-05-20T08:45:00Z,unit-property,0,0,0,0,0,0,FALSE,0,0,0,0,0,0,0
2026-05-20T09:00:00Z,unit-property,0,0,0,0,0,0,FALSE,0,0,0,0,0,0,0
2026-05-20T09:15:00Z,unit-property,0,0,0,0,0,0,FALSE,0,0,0,0,0,0,0
2026-05-20T09:30:00Z,unit-property,0,0,0,0,0,0,FALSE,0,0,0,0,0,0,0
2026-05-20T09:45:00Z,unit-property,0,0,0,0,0,0,FALSE,0,0,0,0,0,0,0
2026-05-20T10:00:00Z,unit-property,0,0,0,0,0,0,FALSE,0,0,0,0,0,0,0
2026-05-20T10:15:00Z,unit-property,0,0,0,0,0,0,FALSE,0,0,0,0,0,0,0
2026-05-20T10:30:00Z,unit-property,0,0,0,0,0,0,FALSE,0,0,0,0,0,0,0
2026-05-20T10:45:00Z,unit-property,0,0,0,0,0,0,FALSE,0,0,0,0,0,0,0
2026-05-20T11:00:00Z,unit-property,0,0,0,0,0,0,FALSE,0,0,0,0,0,0,0
2026-05-20T11:15:00Z,unit-property,0,0,0,0,0,0,FALSE,0,0,0,0,0,0,0
2026-05-20T11:30:00Z,unit-property,0,0,0,0,0,0,FALSE,0,0,0,0,0,0,0
2026-05-20T11:45:00Z,unit-property,0,0,0,0,0,0,FALSE,0,0,0,0,0,0,0
2026-05-20T12:00:00Z,unit-property,0,0,0,0,0,0,FALSE,0,0,0,0,0,0,0
2026-05-20T12:15:00Z,unit-property,0,0,0,0,0,0,FALSE,0,0,0,0,0,0,0
2026-05-20T12:30:00Z,unit-property,0,0,0,0,0,0,FALSE,0,0,0,0,0,0,0
2026-05-20T12:45:00Z,unit-property,0,0,0,0,0,0,FALSE,0,0,0,0,0,0,0
2026-05-20T13:00:00Z,unit-property,0,0,0,0,0,0,FALSE,0,0,0,0,0,0,0
2026-05-20T13:15:00Z,unit-property,0,0,0,0,0,0,FALSE,0,0,0,0,0,0,0
2026-05-20T13:30:00Z,unit-property,0,0,0,0,0,0,FALSE,0,0,0,0,0,0,0
2026-05-20T13:45:00Z,unit-property,0,0,0,0,0,0,FALSE,0,0,0,0,0,0,0
2026-05-20T14:00:00Z,unit-property,0,0,0,0,0,0,FALSE,0,0,0,0,0,0,0
2026-05-20T14:15:00Z,unit-property,0,0,0,0,0,0,FALSE,0,0,0,0,0,0,0
2026-05-20T14:30:00Z,unit-property,0,0,0,0,0,0,FALSE,0,0,0,0,0,0,0
2026-05-20T14:45:00Z,unit-property,0,0,0,0,0,0,FALSE,0,0,0,0,0,0,0
2026-05-20T15:00:00Z,unit-property,0,0,0,0,0,0,FALSE,0,0,0,0,0,0,0
2026-05-20T15:15:00Z,unit-property,0,0,0,0,0,0,FALSE,0,0,0,0,0,0,0
2026-05-20T15:30:00Z,unit-property,0,0,0,0,0,0,FALSE,0,0,0,0,0,0,0
2026-05-20T15:45:00Z,unit-property,0,0,0,0,0,0,FALSE,0,0,0,0,0,0,0
2026-05-20T16:00:00Z,unit-property,0,0,0,0,0,0,FALSE,0,0,0,0,0,0,0
2026-05-20T16:15:00Z,unit-property,0,0,0,0,0,0,FALSE,0,0,0,0,0,0,0
2026-05-20T16:30:00Z,unit-property,0,0,0,0,0,0,FALSE,0,0,0,0,0,0,0
2026-05-20T16:45:00Z,unit-property,0,0,0,0,0,0,FALSE,0,0,0,0,0,0,0
2026-05-20T17:00:00Z,unit-property,0,0,0,0,0,0,FALSE,0,0,0,0,0,0,0
2026-05-20T17:15:00Z,unit-property,0,0,0,0,0,0,FALSE,0,0,0,0,0,0,0
2026-05-20T17:30:00Z,unit-property,0,0,0,0,0,0,FALSE,0,0,0,0,0,0,0
2026-05-20T17:45:00Z,unit-property,0,0,0,0,0,0,FALSE,0,0,0,0,0,0,0
2026-05-20T18:00:00Z,unit-property,0,0,0,0,0,0,FALSE,0,0,0,0,0,0,0
2026-05-20T18:15:00Z,unit-property,0,0,0,0,0,0,FALSE,0,0,0,0,0,0,0
2026-05-20T18:30:00Z,unit-property,0,0,0,0,0,0,FALSE,0,0,0,0,0,0,0
2026-05-20T18:45:00Z,unit-property,0,0,0,0,0,0,FALSE,0,0,0,0,0,0,0
2026-05-20T19:00:00Z,unit-property,0,0,0,0,0,0,FALSE,0,0,0,0,0,0,0
2026-05-20T19:15:00Z,unit-property,0,0,0,0,0,0,FALSE,0,0,0,0,0,0,0
2026-05-20T19:30:00Z,unit-property,0,0,0,0,0,0,FALSE,0,0,0,0,0,0,0
2026-05-20T19:45:00Z,unit-property,0,0,0,0,0,0,FALSE,0,0,0,0,0,0,0
2026-05-20T20:00:00Z,unit-property,0,0,0,0,0,0,FALSE,0,0,0,0,0,0,0
2026-05-20T20:15:00Z,unit-property,0,0,0,0,0,0,FALSE,0,0,0,0,0,0,0
2026-05-20T20:30:00Z,unit-property,0,0,0,0,0,0,FALSE,0,0,0,0,0,0,0
2026-05-20T20:45:00Z,unit-property,0,0,0,0,0,0,FALSE,0,0,0,0,0,0,0
2026-05-20T21:00:00Z,unit-property,0,0,0,0,0,0,FALSE,0,0,0,0,0,0,0
2026-05-20T21:15:00Z,unit-property,0,0,0,0,0,0,FALSE,0,0,0,0,0,0,0
2026-05-20T21:30:00Z,unit-property,0,0,0,0,0,0,FALSE,0,0,0,0,0,0,0
2026-05-20T21:45:00Z,unit-property,0,0,0,0,0,0,FALSE,0,0,0,0,0,0,0
2026-05-20T22:00:00Z,unit-property,0,0,0,0,0,0,FALSE,0,0,0,0,0,0,0
2026-05-20T22:15:00Z,unit-property,0,0,0,0,0,0,FALSE,0,0,0,0,0,0,0
2026-05-20T22:30:00Z,unit-property,0,0,0,0,0,0,FALSE,0,0,0,0,0,0,0
2026-05-20T22:45:00Z,unit-property,0,0,0,0,0,0,FALSE,0,0,0,0,0,0,0
2026-05-20T23:00:00Z,unit-property,0,0,0,0,0,0,FALSE,0,0,0,0,0,0,0
2026-05-20T23:15:00Z,unit-property,0,0,0,0,0,0,FALSE,0,0,0,0,0,0,0
2026-05-20T23:30:00Z,unit-property,0,0,0,0,0,0,FALSE,0,0,0,0,0,0,0
2026-05-20T23:45:00Z,unit-property,0,0,0,0,0,0,FALSE,0,0,0,0,0,0,0
2026-05-21T00:00:00Z,unit-property,0,0,0,0,0,0,FALSE,0,0,0,0,0,0,0
2026-05-21T00:15:00Z,unit-property,0,0,0,0,0,0,FALSE,0,0,0,0,0,0,0
2026-05-21T00:30:00Z,unit-property,0,0,0,0,0,0,FALSE,0,0,0,0,0,0,0
2026-05-21T00:45:00Z,unit-property,0,0,0,0,0,0,FALSE,0,0,0,0,0,0,0
2026-05-21T01:00:00Z,unit-property,0,0,0,0,0,0,FALSE,0,0,0,0,0,0,0
2026-05-21T01:15:00Z,unit-property,0,0,0,0,0,0,FALSE,0,0,0,0,0,0,0
2026-05-21T01:30:00Z,unit-property,0,0,0,0,0,0,FALSE,0,0,0,0,0,0,0
2026-05-21T01:45:00Z,unit-property,0,0,0,0,0,0,FALSE,0,0,0,0,0,0,0
2026-05-21T02:00:00Z,unit-property,0,0,0,0,0,0,FALSE,0,0,0,0,0,0,0
2026-05-21T02:15:00Z,unit-property,0,0,0,0,0,0,FALSE,0,0,0,0,0,0,0
2026-05-21T02:30:00Z,unit-property,0,0,0,0,0,0,FALSE,0,0,0,0,0,0,0
2026-05-21T02:45:00Z,unit-property,0,0,0,0,0,0,FALSE,0,0,0,0,0,0,0
2026-05-21T03:00:00Z,unit-property,0,0,0,0,0,0,FALSE,0,0,0,0,0,0,0
2026-05-21T03:15:00Z,unit-property,0,0,0,0,0,0,FALSE,0,0,0,0,0,0,0
2026-05-21T03:30:00Z,unit-property,0,0,0,0,0,0,FALSE,0,0,0,0,0,0,0
2026-05-21T03:45:00Z,unit-property,0,0,0,0,0,0,FALSE,0,0,0,0,0,0,0
2026-05-21T04:00:00Z,unit-property,0,0,0,0,0,0,FALSE,0,0,0,0,0,0,0
2026-05-21T04:15:00Z,unit-property,0,0,0,0,0,0,FALSE,0,0,0,0,0,0,0
2026-05-21T04:30:00Z,unit-property,0,0,0,0,0,0,FALSE,0,0,0,0,0,0,0
2026-05-21T04:45:00Z,unit-property,0,0,0,0,0,0,FALSE,0,0,0,0,0,0,0
2026-05-21T05:00:00Z,unit-property,0,0,0,0,0,0,FALSE,0,0,0,0,0,0,0
2026-05-21T05:15:00Z,unit-property,0,0,0,0,0,0,FALSE,0,0,0,0,0,0,0
2026-05-21T05:30:00Z,unit-property,0,0,0,0,0,0,FALSE,0,0,0,0,0,0,0
2026-05-21T05:45:00Z,unit-property,0,0,0,0,0,0,FALSE,0,0,0,0,0,0,0
2026-05-21T06:00:00Z,unit-property,0,0,0,0,0,0,FALSE,0,0,0,0,0,0,0
2026-05-21T06:15:00Z,unit-property,0,0,0,0,0,0,FALSE,0,0,0,0,0,0,0
2026-05-21T06:30:00Z,unit-property,0,0,0,0,0,0,FALSE,0,0,0,0,0,0,0
2026-05-21T06:45:00Z,unit-property,0,0,0,0,0,0,FALSE,0,0,0,0,0,0,0
2026-05-21T07:00:00Z,unit-property,0,0,0,0,0,0,FALSE,0,0,0,0,0,0,0
2026-05-21T07:15:00Z,unit-property,0,0,0,0,0,0,FALSE,0,0,0,0,0,0,0
2026-05-21T07:30:00Z,unit-property,0,0,0,0,0,0,FALSE,0,0,0,0,0,0,0
2026-05-21T07:45:00Z,unit-property,0,0,0,0,0,0,FALSE,0,0,0,0,0,0,0
2026-05-21T08:00:00Z,unit-property,0,0,0,0,0,0,FALSE,0,0,0,0,0,0,0
2026-05-21T08:15:00Z,unit-property,0,0,0,0,0,0,FALSE,0,0,0,0,0,0,0
2026-05-21T08:30:00Z,unit-property,0,0,0,0,0,0,FALSE,0,0,0,0,0,0,0
2026-05-21T08:45:00Z,unit-property,0,0,0,0,0,0,FALSE,0,0,0,0,0,0,0
2026-05-21T09:00:00Z,unit-property,0,0,0,0,0,0,FALSE,0,0,0,0,0,0,0
2026-05-21T09:15:00Z,unit-property,0,0,0,0,0,0,FALSE,0,0,0,0,0,0,0
2026-05-21T09:30:00Z,unit-property,0,0,0,0,0,0,FALSE,0,0,0,0,0,0,0
2026-05-21T09:45:00Z,unit-property,0,0,0,0,0,0,FALSE,0,0,0,0,0,0,0
2026-05-21T10:00:00Z,unit-property,0,0,0,0,0,0,FALSE,0,0,0,0,0,0,0
2026-05-21T10:15:00Z,unit-property,0,0,0,0,0,0,FALSE,0,0,0,0,0,0,0
2026-05-21T10:30:00Z,unit-property,0,0,0,0,0,0,FALSE,0,0,0,0,0,0,0
2026-05-21T10:45:00Z,unit-property,0,0,0,0,0,0,FALSE,0,0,0,0,0,0,0
2026-05-21T11:00:00Z,unit-property,0,0,0,0,0,0,FALSE,0,0,0,0,0,0,0
2026-05-21T11:15:00Z,unit-property,0,0,0,0,0,0,FALSE,0,0,0,0,0,0,0
2026-05-21T11:30:00Z,unit-property,0,0,0,0,0,0,FALSE,0,0,0,0,0,0,0
2026-05-21T11:45:00Z,unit-property,0,0,0,0,0,0,FALSE,0,0,0,0,0,0,0
2026-05-21T12:00:00Z,unit-property,0,0,0,0,0,0,FALSE,0,0,0,0,0,0,0
2026-05-21T12:15:00Z,unit-property,0,0,0,0,0,0,FALSE,0,0,0,0,0,0,0
2026-05-21T12:30:00Z,unit-property,0,0,0,0,0,0,FALSE,0,0,0,0,0,0,0
2026-05-21T12:45:00Z,unit-property,0,0,0,0,0,0,FALSE,0,0,0,0,0,0,0
2026-05-21T13:00:00Z,unit-property,0,0,0,0,0,0,FALSE,0,0,0,0,0,0,0
2026-05-21T13:15:00Z,unit-property,0,0,0,0,0,0,FALSE,0,0,0,0,0,0,0
2026-05-21T13:30:00Z,unit-property,0,0,0,0,0,0,FALSE,0,0,0,0,0,0,0
2026-05-21T13:45:00Z,unit-property,0,0,0,0,0,0,FALSE,0,0,0,0,0,0,0
2026-05-21T14:00:00Z,unit-property,0,0,0,0,0,0,FALSE,0,0,0,0,0,0,0
2026-05-21T14:15:00Z,unit-property,0,0,0,0,0,0,FALSE,0,0,0,0,0,0,0
2026-05-21T14:30:00Z,unit-property,0,0,0,0,0,0,FALSE,0,0,0,0,0,0,0
2026-05-21T14:45:00Z,unit-property,0,0,0,0,0,0,FALSE,0,0,0,0,0,0,0
2026-05-21T15:00:00Z,unit-property,0,0,0,0,0,0,FALSE,0,0,0,0,0,0,0
2026-05-21T15:15:00Z,unit-property,0,0,0,0,0,0,FALSE,0,0,0,0,0,0,0
2026-05-21T15:30:00Z,unit-property,0,0,0,0,0,0,FALSE,0,0,0,0,0,0,0
2026-05-21T15:45:00Z,unit-property,0,0,0,0,0,0,FALSE,0,0,0,0,0,0,0
2026-05-21T16:00:00Z,unit-property,0,0,0,0,0,0,FALSE,0,0,0,0,0,0,0
2026-05-21T16:15:00Z,unit-property,0,0,0,0,0,0,FALSE,0,0,0,0,0,0,0
2026-05-21T16:30:00Z,unit-property,0,0,0,0,0,0,FALSE,0,0,0,0,0,0,0
2026-05-21T16:45:00Z,unit-property,0,0,0,0,0,0,FALSE,0,0,0,0,0,0,0
2026-05-21T17:00:00Z,unit-property,0,0,0,0,0,0,FALSE,0,0,0,0,0,0,0
2026-05-21T17:15:00Z,unit-property,0,0,0,0,0,0,FALSE,0,0,0,0,0,0,0
2026-05-21T17:30:00Z,unit-property,0,0,0,0,0,0,FALSE,0,0,0,0,0,0,0
2026-05-21T17:45:00Z,unit-property,0,0,0,0,0,0,FALSE,0,0,0,0,0,0,0
2026-05-21T18:00:00Z,unit-property,0,0,0,0,0,0,FALSE,0,0,0,0,0,0,0
2026-05-21T18:15:00Z,unit-property,0,0,0,0,0,0,FALSE,0,0,0,0,0,0,0
2026-05-21T18:30:00Z,unit-property,0,0,0,0,0,0,FALSE,0,0,0,0,0,0,0
2026-05-21T18:45:00Z,unit-property,0,0,0,0,0,0,FALSE,0,0,0,0,0,0,0
2026-05-21T19:00:00Z,unit-property,0,0,0,0,0,0,FALSE,0,0,0,0,0,0,0
2026-05-21T19:15:00Z,unit-property,0,0,0,0,0,0,FALSE,0,0,0,0,0,0,0
2026-05-21T19:30:00Z,unit-property,0,0,0,0,0,0,FALSE,0,0,0,0,0,0,0
2026-05-21T19:45:00Z,unit-property,0,0,0,0,0,0,FALSE,0,0,0,0,0,0,0
2026-05-21T20:00:00Z,unit-property,0,0,0,0,0,0,FALSE,0,0,0,0,0,0,0
2026-05-21T20:15:00Z,unit-property,0,0,0,0,0,0,FALSE,0,0,0,0,0,0,0
2026-05-21T20:30:00Z,unit-property,0,0,0,0,0,0,FALSE,0,0,0,0,0,0,0
2026-05-21T20:45:00Z,unit-property,0,0,0,0,0,0,FALSE,0,0,0,0,0,0,0
2026-05-21T21:00:00Z,unit-property,0,0,0,0,0,0,FALSE,0,0,0,0,0,0,0
2026-05-21T21:15:00Z,unit-property,0,0,0,0,0,0,FALSE,0,0,0,0,0,0,0
2026-05-21T21:30:00Z,unit-property,0,0,0,0,0,0,FALSE,0,0,0,0,0,0,0
2026-05-21T21:45:00Z,unit-property,0,0,0,0,0,0,FALSE,0,0,0,0,0,0,0
2026-05-21T22:00:00Z,unit-property,0,0,0,0,0,0,FALSE,0,0,0,0,0,0,0
2026-05-21T22:15:00Z,unit-property,0,0,0,0,0,0,FALSE,0,0,0,0,0,0,0
2026-05-21T22:30:00Z,unit-property,0,0,0,0,0,0,FALSE,0,0,0,0,0,0,0
2026-05-21T22:45:00Z,unit-property,0,0,0,0,0,0,FALSE,0,0,0,0,0,0,0
2026-05-21T23:00:00Z,unit-property,0,0,0,0,0,0,FALSE,0,0,0,0,0,0,0
2026-05-21T23:15:00Z,unit-property,0,0,0,0,0,0,FALSE,0,0,0,0,0,0,0
2026-05-21T23:30:00Z,unit-property,0,0,0,0,0,0,FALSE,0,0,0,0,0,0,0
2026-05-21T23:45:00Z,unit-property,0,0,0,0,0,0,FALSE,0,0,0,0,0,0,0
2026-05-22T00:00:00Z,unit-property,0,0,0,0,0,0,FALSE,0,0,0,0,0,0,0
2026-05-22T00:15:00Z,unit-property,0,0,0,0,0,0,FALSE,0,0,0,0,0,0,0
2026-05-22T00:30:00Z,unit-property,0,0,0,0,0,0,FALSE,0,0,0,0,0,0,0
2026-05-22T00:45:00Z,unit-property,0,0,0,0,0,0,FALSE,0,0,0,0,0,0,0
2026-05-22T01:00:00Z,unit-property,0,0,0,0,0,0,FALSE,0,0,0,0,0,0,0
2026-05-22T01:15:00Z,unit-property,0,0,0,0,0,0,FALSE,0,0,0,0,0,0,0
2026-05-22T01:30:00Z,unit-property,0,0,0,0,0,0,FALSE,0,0,0,0,0,0,0
2026-05-22T01:45:00Z,unit-property,0,0,0,0,0,0,FALSE,0,0,0,0,0,0,0
2026-05-22T02:00:00Z,unit-property,0,0,0,0,0,0,FALSE,0,0,0,0,0,0,0
2026-05-22T02:15:00Z,unit-property,0,0,0,0,0,0,FALSE,0,0,0,0,0,0,0
2026-05-22T02:30:00Z,unit-property,0,0,0,0,0,0,FALSE,0,0,0,0,0,0,0
2026-05-22T02:45:00Z,unit-property,0,0,0,0,0,0,FALSE,0,0,0,0,0,0,0
2026-05-22T03:00:00Z,unit-property,0,0,0,0,0,0,FALSE,0,0,0,0,0,0,0
2026-05-22T03:15:00Z,unit-property,0,0,0,0,0,0,FALSE,0,0,0,0,0,0,0
2026-05-22T03:30:00Z,unit-property,0,0,0,0,0,0,FALSE,0,0,0,0,0,0,0
2026-05-22T03:45:00Z,unit-property,0,0,0,0,0,0,FALSE,0,0,0,0,0,0,0
2026-05-22T04:00:00Z,unit-property,0,0,0,0,0,0,FALSE,0,0,0,0,0,0,0
2026-05-22T04:15:00Z,unit-property,0,0,0,0,0,0,FALSE,0,0,0,0,0,0,0
2026-05-22T04:30:00Z,unit-property,0,0,0,0,0,0,FALSE,0,0,0,0,0,0,0
2026-05-22T04:45:00Z,unit-property,0,0,0,0,0,0,FALSE,0,0,0,0,0,0,0
2026-05-22T05:00:00Z,unit-property,0,0,0,0,0,0,FALSE,0,0,0,0,0,0,0
2026-05-22T05:15:00Z,unit-property,0,0,0,0,0,0,FALSE,0,0,0,0,0,0,0
2026-05-22T05:30:00Z,unit-property,0,0,0,0,0,0,FALSE,0,0,0,0,0,0,0
2026-05-22T05:45:00Z,unit-property,0,0,0,0,0,0,FALSE,0,0,0,0,0,0,0
2026-05-22T06:00:00Z,unit-property,0,0,0,0,0,0,FALSE,0,0,0,0,0,0,0
2026-05-22T06:15:00Z,unit-property,0,0,0,0,0,0,FALSE,0,0,0,0,0,0,0
2026-05-22T06:30:00Z,unit-property,0,0,0,0,0,0,FALSE,0,0,0,0,0,0,0
2026-05-22T06:45:00Z,unit-property,0,0,0,0,0,0,FALSE,0,0,0,0,0,0,0
2026-05-22T07:00:00Z,unit-property,0,0,0,0,0,0,FALSE,0,0,0,0,0,0,0
2026-05-22T07:15:00Z,unit-property,0,0,0,0,0,0,FALSE,0,0,0,0,0,0,0
2026-05-22T07:30:00Z,unit-property,0,0,0,0,0,0,FALSE,0,0,0,0,0,0,0
2026-05-22T07:45:00Z,unit-property,0,0,0,0,0,0,FALSE,0,0,0,0,0,0,0
2026-05-22T08:00:00Z,unit-property,0,0,0,0,0,0,FALSE,0,0,0,0,0,0,0
2026-05-22T08:15:00Z,unit-property,0,0,0,0,0,0,FALSE,0,0,0,0,0,0,0
2026-05-22T08:30:00Z,unit-property,0,0,0,0,0,0,FALSE,0,0,0,0,0,0,0
2026-05-22T08:45:00Z,unit-property,0,0,0,0,0,0,FALSE,0,0,0,0,0,0,0
2026-05-22T09:00:00Z,unit-property,0,0,0,0,0,0,FALSE,0,0,0,0,0,0,0
2026-05-22T09:15:00Z,unit-property,0,0,0,0,0,0,FALSE,0,0,0,0,0,0,0
2026-05-22T09:30:00Z,unit-property,0,0,0,0,0,0,FALSE,0,0,0,0,0,0,0
2026-05-22T09:45:00Z,unit-property,0,0,0,0,0,0,FALSE,0,0,0,0,0,0,0
2026-05-22T10:00:00Z,unit-property,0,0,0,0,0,0,FALSE,0,0,0,0,0,0,0
2026-05-22T10:15:00Z,unit-property,0,0,0,0,0,0,FALSE,0,0,0,0,0,0,0
2026-05-22T10:30:00Z,unit-property,0,0,0,0,0,0,FALSE,0,0,0,0,0,0,0
2026-05-22T10:45:00Z,unit-property,0,0,0,0,0,0,FALSE,0,0,0,0,0,0,0
2026-05-22T11:00:00Z,unit-property,0,0,0,0,0,0,FALSE,0,0,0,0,0,0,0
2026-05-22T11:15:00Z,unit-property,0,0,0,0,0,0,FALSE,0,0,0,0,0,0,0
2026-05-22T11:30:00Z,unit-property,0,0,0,0,0,0,FALSE,0,0,0,0,0,0,0
2026-05-22T11:45:00Z,unit-property,0,0,0,0,0,0,FALSE,0,0,0,0,0,0,0
2026-05-22T12:00:00Z,unit-property,0,0,0,0,0,0,FALSE,0,0,0,0,0,0,0
2026-05-22T12:15:00Z,unit-property,0,0,0,0,0,0,FALSE,0,0,0,0,0,0,0
2026-05-22T12:30:00Z,unit-property,0,0,0,0,0,0,FALSE,0,0,0,0,0,0,0
2026-05-22T12:45:00Z,unit-property,0,0,0,0,0,0,FALSE,0,0,0,0,0,0,0
2026-05-22T13:00:00Z,unit-property,0,0,0,0,0,0,FALSE,0,0,0,0,0,0,0
2026-05-22T13:15:00Z,unit-property,0,0,0,0,0,0,FALSE,0,0,0,0,0,0,0
2026-05-22T13:30:00Z,unit-property,0,0,0,0,0,0,FALSE,0,0,0,0,0,0,0
2026-05-22T13:45:00Z,unit-property,0,0,0,0,0,0,FALSE,0,0,0,0,0,0,0
2026-05-22T14:00:00Z,unit-property,0,0,0,0,0,0,FALSE,0,0,0,0,0,0,0
2026-05-22T14:15:00Z,unit-property,0,0,0,0,0,0,FALSE,0,0,0,0,0,0,0
2026-05-22T14:30:00Z,unit-property,0,0,0,0,0,0,FALSE,0,0,0,0,0,0,0
2026-05-22T14:45:00Z,unit-property,0,0,0,0,0,0,FALSE,0,0,0,0,0,0,0
2026-05-22T15:00:00Z,unit-property,0,0,0,0,0,0,FALSE,0,0,0,0,0,0,0
2026-05-22T15:15:00Z,unit-property,0,0,0,0,0,0,FALSE,0,0,0,0,0,0,0
2026-05-22T15:30:00Z,unit-property,0,0,0,0,0,0,FALSE,0,0,0,0,0,0,0
2026-05-22T15:45:00Z,unit-property,0,0,0,0,0,0,FALSE,0,0,0,0,0,0,0
2026-05-22T16:00:00Z,unit-property,0,0,0,0,0,0,FALSE,0,0,0,0,0,0,0
2026-05-22T16:15:00Z,unit-property,0,0,0,0,0,0,FALSE,0,0,0,0,0,0,0
2026-05-22T16:30:00Z,unit-property,0,0,0,0,0,0,FALSE,0,0,0,0,0,0,0
2026-05-22T16:45:00Z,unit-property,0,0,0,0,0,0,FALSE,0,0,0,0,0,0,0
2026-05-22T17:00:00Z,unit-property,0,0,0,0,0,0,FALSE,0,0,0,0,0,0,0
2026-05-22T17:15:00Z,unit-property,0,0,0,0,0,0,FALSE,0,0,0,0,0,0,0
2026-05-22T17:30:00Z,unit-property,0,0,0,0,0,0,FALSE,0,0,0,0,0,0,0
2026-05-22T17:45:00Z,unit-property,0,0,0,0,0,0,FALSE,0,0,0,0,0,0,0
2026-05-22T18:00:00Z,unit-property,0,0,0,0,0,0,FALSE,0,0,0,0,0,0,0
2026-05-22T18:15:00Z,unit-property,0,0,0,0,0,0,FALSE,0,0,0,0,0,0,0
2026-05-22T18:30:00Z,unit-property,0,0,0,0,0,0,FALSE,0,0,0,0,0,0,0
2026-05-22T18:45:00Z,unit-property,0,0,0,0,0,0,FALSE,0,0,0,0,0,0,0
2026-05-22T19:00:00Z,unit-property,0,0,0,0,0,0,FALSE,0,0,0,0,0,0,0
2026-05-22T19:15:00Z,unit-property,0,0,0,0,0,0,FALSE,0,0,0,0,0,0,0
2026-05-22T19:30:00Z,unit-property,0,0,0,0,0,0,FALSE,0,0,0,0,0,0,0
2026-05-22T19:45:00Z,unit-property,0,0,0,0,0,0,FALSE,0,0,0,0,0,0,0
2026-05-22T20:00:00Z,unit-property,0,0,0,0,0,0,FALSE,0,0,0,0,0,0,0
2026-05-22T20:15:00Z,unit-property,0,0,0,0,0,0,FALSE,0,0,0,0,0,0,0
2026-05-22T20:30:00Z,unit-property,0,0,0,0,0,0,FALSE,0,0,0,0,0,0,0
2026-05-22T20:45:00Z,unit-property,0,0,0,0,0,0,FALSE,0,0,0,0,0,0,0
2026-05-22T21:00:00Z,unit-property,0,0,0,0,0,0,FALSE,0,0,0,0,0,0,0
2026-05-22T21:15:00Z,unit-property,0,0,0,0,0,0,FALSE,0,0,0,0,0,0,0
2026-05-22T21:30:00Z,unit-property,0,0,0,0,0,0,FALSE,0,0,0,0,0,0,0
2026-05-22T21:45:00Z,unit-property,0,0,0,0,0,0,FALSE,0,0,0,0,0,0,0
2026-05-22T22:00:00Z,unit-property,0,0,0,0,0,0,FALSE,0,0,0,0,0,0,0
2026-05-22T22:15:00Z,unit-property,0,0,0,0,0,0,FALSE,0,0,0,0,0,0,0
2026-05-22T22:30:00Z,unit-property,0,0,0,0,0,0,FALSE,0,0,0,0,0,0,0
2026-05-22T22:45:00Z,unit-property,0,0,0,0,0,0,FALSE,0,0,0,0,0,0,0
2026-05-22T23:00:00Z,unit-property,0,0,0,0,0,0,FALSE,0,0,0,0,0,0,0
2026-05-22T23:15:00Z,unit-property,0,0,0,0,0,0,FALSE,0,0,0,0,0,0,0
2026-05-22T23:30:00Z,unit-property,0,0,0,0,0,0,FALSE,0,0,0,0,0,0,0
2026-05-22T23:45:00Z,unit-property,0,0,0,0,0,0,FALSE,0,0,0,0,0,0,0
2026-05-23T00:00:00Z,unit-property,0,0,0,0,0,0,FALSE,0,0,0,0,0,0,0
2026-05-23T00:15:00Z,unit-property,0,0,0,0,0,0,FALSE,0,0,0,0,0,0,0
2026-05-23T00:30:00Z,unit-property,0,0,0,0,0,0,FALSE,0,0,0,0,0,0,0
2026-05-23T00:45:00Z,unit-property,0,0,0,0,0,0,FALSE,0,0,0,0,0,0,0
2026-05-23T01:00:00Z,unit-property,0,0,0,0,0,0,FALSE,0,0,0,0,0,0,0
2026-05-23T01:15:00Z,unit-property,0,0,0,0,0,0,FALSE,0,0,0,0,0,0,0
2026-05-23T01:30:00Z,unit-property,0,0,0,0,0,0,FALSE,0,0,0,0,0,0,0
2026-05-23T01:45:00Z,unit-property,0,0,0,0,0,0,FALSE,0,0,0,0,0,0,0
2026-05-23T02:00:00Z,unit-property,0,0,0,0,0,0,FALSE,0,0,0,0,0,0,0
2026-05-23T02:15:00Z,unit-property,0,0,0,0,0,0,FALSE,0,0,0,0,0,0,0
2026-05-23T02:30:00Z,unit-property,0,0,0,0,0,0,FALSE,0,0,0,0,0,0,0
2026-05-23T02:45:00Z,unit-property,0,0,0,0,0,0,FALSE,0,0,0,0,0,0,0
2026-05-23T03:00:00Z,unit-property,0,0,0,0,0,0,FALSE,0,0,0,0,0,0,0
2026-05-23T03:15:00Z,unit-property,0,0,0,0,0,0,FALSE,0,0,0,0,0,0,0
2026-05-23T03:30:00Z,unit-property,0,0,0,0,0,0,FALSE,0,0,0,0,0,0,0
2026-05-23T03:45:00Z,unit-property,0,0,0,0,0,0,FALSE,0,0,0,0,0,0,0
2026-05-23T04:00:00Z,unit-property,0,0,0,0,0,0,FALSE,0,0,0,0,0,0,0
2026-05-23T04:15:00Z,unit-property,0,0,0,0,0,0,FALSE,0,0,0,0,0,0,0
2026-05-23T04:30:00Z,unit-property,0,0,0,0,0,0,FALSE,0,0,0,0,0,0,0
2026-05-23T04:45:00Z,unit-property,0,0,0,0,0,0,FALSE,0,0,0,0,0,0,0
2026-05-23T05:00:00Z,unit-property,120,120,120,24,0,232000,FALSE,1,120,24,0,0.06444444444444444,0.06444444444444444,480
2026-05-23T05:15:00Z,unit-property,105,105,105,7,0,72000,FALSE,1,225,31,0,0.02,0.08444444444444445,420
2026-05-23T05:30:00Z,unit-property,750,750,750,50,0,531000,FALSE,1,975,81,0,0.1475,0.23194444444444445,3000
2026-05-23T05:45:00Z,unit-property,720,720,720,48,0,541000,FALSE,1,1695,129,0,0.1502777777777778,0.38222222222222224,2880
2026-05-23T06:00:00Z,unit-property,900,900,900,60,0,644000,FALSE,1,2595,189,0,0.17888888888888888,0.5611111111111111,3600
2026-05-23T06:15:00Z,unit-property,1305,1305,1305,87,0,892000,FALSE,1,3900,276,0,0.2477777777777778,0.8088888888888889,5220
2026-05-23T06:30:00Z,unit-property,1200,1200,1200,80,0,878000,FALSE,1,5100,356,0,0.24388888888888888,1.0527777777777778,4800
2026-05-23T06:45:00Z,unit-property,1050,1050,1050,70,0,770000,FALSE,1,6150,426,0,0.21388888888888888,1.2666666666666666,4200
2026-05-23T07:00:00Z,unit-property,1035,1035,1035,69,0,763000,FALSE,1,7185,495,0,0.21194444444444444,1.478611111111111,4140
2026-05-23T07:15:00Z,unit-property,1155,1155,1155,77,0,823000,FALSE,1,8340,572,0,0.2286111111111111,1.7072222222222222,4620
2026-05-23T07:30:00Z,unit-property,990,990,990,66,0,700000,FALSE,1,9330,638,0,0.19444444444444445,1.9016666666666666,3960
2026-05-23T07:45:00Z,unit-property,1170,1170,1170,78,0,832000,FALSE,1,10500,716,0,0.2311111111111111,2.1327777777777777,4680
2026-05-23T08:00:00Z,unit-property,1098,1098,1098,74,0,782000,FALSE,1,11598,790,0,0.21722222222222223,2.35,4392
2026-05-23T08:15:00Z,unit-property,1230,1230,1230,82,0,884000,FALSE,1,12828,872,0,0.24555555555555555,2.595555555555556,4920
2026-05-23T08:30:00Z,unit-property,780,780,780,52,0,558000,FALSE,1,13608,924,0,0.155,2.7505555555555556,3120
2026-05-23T08:45:00Z,unit-property,0,0,0,0,0,0,FALSE,0,13608,924,0,0,2.7505555555555556,0
2026-05-23T09:00:00Z,unit-property,3,3,3,1,0,10000,FALSE,1,13611,925,0,0.002777777777777778,2.7533333333333334,12
2026-05-23T09:15:00Z,unit-property,0,0,0,0,0,0,FALSE,0,13611,925,0,0,2.7533333333333334,0
2026-05-23T09:30:00Z,unit-property,0,0,0,0,0,0,FALSE,0,13611,925,0,0,2.7533333333333334,0
2026-05-23T09:45:00Z,unit-property,0,0,0,0,0,0,FALSE,0,13611,925,0,0,2.7533333333333334,0
2026-05-23T10:00:00Z,unit-property,0,0,0,0,0,0,FALSE,0,13611,925,0,0,2.7533333333333334,0
2026-05-23T10:15:00Z,unit-property,0,0,0,0,0,0,FALSE,0,13611,925,0,0,2.7533333333333334,0
2026-05-23T10:30:00Z,unit-property,0,0,0,0,0,0,FALSE,0,13611,925,0,0,2.7533333333333334,0
2026-05-23T10:45:00Z,unit-property,3,3,3,1,0,10000,FALSE,1,13614,926,0,0.002777777777777778,2.756111111111111,12
2026-05-23T11:00:00Z,unit-property,0,0,0,0,0,0,FALSE,0,13614,926,0,0,2.756111111111111,0
2026-05-23T11:15:00Z,unit-property,12,12,12,1,0,10000,FALSE,1,13626,927,0,0.002777777777777778,2.758888888888889,48
2026-05-23T11:30:00Z,unit-property,0,0,0,0,0,0,FALSE,0,13626,927,0,0,2.758888888888889,0
2026-05-23T11:45:00Z,unit-property,0,0,0,0,0,0,FALSE,0,13626,927,0,0,2.758888888888889,0
2026-05-23T12:00:00Z,unit-property,0,0,0,0,0,0,FALSE,0,13626,927,0,0,2.758888888888889,0
2026-05-23T12:15:00Z,unit-property,3,3,3,1,0,8000,FALSE,1,13629,928,0,0.0022222222222222222,2.761111111111111,12
2026-05-23T12:30:00Z,unit-property,0,0,0,0,0,0,FALSE,0,13629,928,0,0,2.761111111111111,0
2026-05-23T12:45:00Z,unit-property,0,0,0,0,0,0,FALSE,0,13629,928,0,0,2.761111111111111,0
2026-05-23T13:00:00Z,unit-property,0,0,0,0,0,0,FALSE,0,13629,928,0,0,2.761111111111111,0
2026-05-23T13:15:00Z,unit-property,3,3,3,1,0,10000,FALSE,1,13632,929,0,0.002777777777777778,2.763888888888889,12
2026-05-23T13:30:00Z,unit-property,0,0,0,0,0,0,FALSE,0,13632,929,0,0,2.763888888888889,0
2026-05-23T13:45:00Z,unit-property,0,0,0,0,0,0,FALSE,0,13632,929,0,0,2.763888888888889,0
2026-05-23T14:00:00Z,unit-property,0,0,0,0,0,0,FALSE,0,13632,929,0,0,2.763888888888889,0
2026-05-23T14:15:00Z,unit-property,3,3,3,1,0,9000,FALSE,1,13635,930,0,0.0025,2.766388888888889,12
2026-05-23T14:30:00Z,unit-property,0,0,0,0,0,0,FALSE,0,13635,930,0,0,2.766388888888889,0
2026-05-23T14:45:00Z,unit-property,0,0,0,0,0,0,FALSE,0,13635,930,0,0,2.766388888888889,0
2026-05-23T15:00:00Z,unit-property,0,0,0,0,0,0,FALSE,0,13635,930,0,0,2.766388888888889,0
2026-05-23T15:15:00Z,unit-property,0,0,0,0,0,0,FALSE,0,13635,930,0,0,2.766388888888889,0
2026-05-23T15:30:00Z,unit-property,3,3,3,1,0,9000,FALSE,1,13638,931,0,0.0025,2.7688888888888887,12
2026-05-23T15:45:00Z,unit-property,0,0,0,0,0,0,FALSE,0,13638,931,0,0,2.7688888888888887,0
2026-05-23T16:00:00Z,unit-property,0,0,0,0,0,0,FALSE,0,13638,931,0,0,2.7688888888888887,0
2026-05-23T16:15:00Z,unit-property,0,0,0,0,0,0,FALSE,0,13638,931,0,0,2.7688888888888887,0
2026-05-23T16:30:00Z,unit-property,3,3,3,1,0,11000,FALSE,1,13641,932,0,0.0030555555555555557,2.7719444444444443,12
2026-05-23T16:45:00Z,unit-property,0,0,0,0,0,0,FALSE,0,13641,932,0,0,2.7719444444444443,0
2026-05-23T17:00:00Z,unit-property,0,0,0,0,0,0,FALSE,0,13641,932,0,0,2.7719444444444443,0
2026-05-23T17:15:00Z,unit-property,0,0,0,0,0,0,FALSE,0,13641,932,0,0,2.7719444444444443,0
2026-05-23T17:30:00Z,unit-property,3,3,3,1,0,12000,FALSE,1,13644,933,0,0.0033333333333333335,2.7752777777777777,12
2026-05-23T17:45:00Z,unit-property,0,0,0,0,0,0,FALSE,0,13644,933,0,0,2.7752777777777777,0
2026-05-23T18:00:00Z,unit-property,0,0,0,0,0,0,FALSE,0,13644,933,0,0,2.7752777777777777,0
2026-05-23T18:15:00Z,unit-property,0,0,0,0,0,0,FALSE,0,13644,933,0,0,2.7752777777777777,0
2026-05-23T18:30:00Z,unit-property,3,3,3,1,0,11000,FALSE,1,13647,934,0,0.0030555555555555557,2.7783333333333333,12
2026-05-23T18:45:00Z,unit-property,0,0,0,0,0,0,FALSE,0,13647,934,0,0,2.7783333333333333,0
2026-05-23T19:00:00Z,unit-property,0,0,0,0,0,0,FALSE,0,13647,934,0,0,2.7783333333333333,0
2026-05-23T19:15:00Z,unit-property,48,48,48,2,0,33000,FALSE,1,13695,936,0,0.009166666666666667,2.7875,192
2026-05-23T19:30:00Z,unit-property,0,0,0,0,0,0,FALSE,0,13695,936,0,0,2.7875,0
2026-05-23T19:45:00Z,unit-property,0,0,0,0,0,0,FALSE,0,13695,936,0,0,2.7875,0
2026-05-23T20:00:00Z,unit-property,0,0,0,0,0,0,FALSE,0,13695,936,0,0,2.7875,0
2026-05-23T20:15:00Z,unit-property,7,7,3,2,1,21000,FALSE,1,13702,938,1,0.005833333333333334,2.7933333333333334,28
2026-05-23T20:30:00Z,unit-property,0,0,0,0,0,0,FALSE,0,13702,938,1,0,2.7933333333333334,0
2026-05-23T20:45:00Z,unit-property,0,0,0,0,0,0,FALSE,0,13702,938,1,0,2.7933333333333334,0
2026-05-23T21:00:00Z,unit-property,0,0,0,0,0,0,FALSE,0,13702,938,1,0,2.7933333333333334,0
2026-05-23T21:15:00Z,unit-property,32,32,32,1,0,12000,FALSE,1,13734,939,1,0.0033333333333333335,2.796666666666667,128
2026-05-23T21:30:00Z,unit-property,0,0,0,0,0,0,FALSE,0,13734,939,1,0,2.796666666666667,0
2026-05-23T21:45:00Z,unit-property,0,0,0,0,0,0,FALSE,0,13734,939,1,0,2.796666666666667,0
2026-05-23T22:00:00Z,unit-property,0,0,0,0,0,0,FALSE,0,13734,939,1,0,2.796666666666667,0
2026-05-23T22:15:00Z,unit-property,3,3,3,1,0,11000,FALSE,1,13737,940,1,0.0030555555555555557,2.7997222222222224,12
2026-05-23T22:30:00Z,unit-property,0,0,0,0,0,0,FALSE,0,13737,940,1,0,2.7997222222222224,0
2026-05-23T22:45:00Z,unit-property,0,0,0,0,0,0,FALSE,0,13737,940,1,0,2.7997222222222224,0
2026-05-23T23:00:00Z,unit-property,0,0,0,0,0,0,FALSE,0,13737,940,1,0,2.7997222222222224,0
2026-05-23T23:15:00Z,unit-property,3,3,3,1,0,10000,FALSE,1,13740,941,1,0.002777777777777778,2.8025,12
2026-05-23T23:30:00Z,unit-property,0,0,0,0,0,0,FALSE,0,13740,941,1,0,2.8025,0
2026-05-23T23:45:00Z,unit-property,0,0,0,0,0,0,FALSE,0,13740,941,1,0,2.8025,0
2026-05-24T00:00:00Z,unit-property,0,0,0,0,0,0,FALSE,0,13740,941,1,0,2.8025,0
2026-05-24T00:15:00Z,unit-property,3,3,3,1,0,9000,FALSE,1,13743,942,1,0.0025,2.805,12
2026-05-24T00:30:00Z,unit-property,0,0,0,0,0,0,FALSE,0,13743,942,1,0,2.805,0
2026-05-24T00:45:00Z,unit-property,0,0,0,0,0,0,FALSE,0,13743,942,1,0,2.805,0
2026-05-24T01:00:00Z,unit-property,0,0,0,0,0,0,FALSE,0,13743,942,1,0,2.805,0
2026-05-24T01:15:00Z,unit-property,0,0,0,0,0,0,FALSE,0,13743,942,1,0,2.805,0
2026-05-24T01:30:00Z,unit-property,0,0,0,0,0,0,FALSE,0,13743,942,1,0,2.805,0
2026-05-24T01:45:00Z,unit-property,0,0,0,0,0,0,FALSE,0,13743,942,1,0,2.805,0
2026-05-24T02:00:00Z,unit-property,0,0,0,0,0,0,FALSE,0,13743,942,1,0,2.805,0
2026-05-24T02:15:00Z,unit-property,0,0,0,0,0,0,FALSE,0,13743,942,1,0,2.805,0
2026-05-24T02:30:00Z,unit-property,0,0,0,0,0,0,FALSE,0,13743,942,1,0,2.805,0
2026-05-24T02:45:00Z,unit-property,0,0,0,0,0,0,FALSE,0,13743,942,1,0,2.805,0
2026-05-24T03:00:00Z,unit-property,0,0,0,0,0,0,FALSE,0,13743,942,1,0,2.805,0
2026-05-24T03:15:00Z,unit-property,0,0,0,0,0,0,FALSE,0,13743,942,1,0,2.805,0
2026-05-24T03:30:00Z,unit-property,0,0,0,0,0,0,FALSE,0,13743,942,1,0,2.805,0
2026-05-24T03:45:00Z,unit-property,0,0,0,0,0,0,FALSE,0,13743,942,1,0,2.805,0
2026-05-24T04:00:00Z,unit-property,0,0,0,0,0,0,FALSE,0,13743,942,1,0,2.805,0
2026-05-24T04:15:00Z,unit-property,0,0,0,0,0,0,FALSE,0,13743,942,1,0,2.805,0
2026-05-24T04:30:00Z,unit-property,0,0,0,0,0,0,FALSE,0,13743,942,1,0,2.805,0
2026-05-24T04:45:00Z,unit-property,0,0,0,0,0,0,FALSE,0,13743,942,1,0,2.805,0
2026-05-24T05:00:00Z,unit-property,0,0,0,0,0,0,FALSE,0,13743,942,1,0,2.805,0
2026-05-24T05:15:00Z,unit-property,0,0,0,0,0,0,FALSE,0,13743,942,1,0,2.805,0
2026-05-24T05:30:00Z,unit-property,0,0,0,0,0,0,FALSE,0,13743,942,1,0,2.805,0
2026-05-24T05:45:00Z,unit-property,0,0,0,0,0,0,FALSE,0,13743,942,1,0,2.805,0
2026-05-24T06:00:00Z,unit-property,0,0,0,0,0,0,FALSE,0,13743,942,1,0,2.805,0
2026-05-24T06:15:00Z,unit-property,0,0,0,0,0,0,FALSE,0,13743,942,1,0,2.805,0
2026-05-24T06:30:00Z,unit-property,0,0,0,0,0,0,FALSE,0,13743,942,1,0,2.805,0
2026-05-24T06:45:00Z,unit-property,0,0,0,0,0,0,FALSE,0,13743,942,1,0,2.805,0
2026-05-24T07:00:00Z,unit-property,0,0,0,0,0,0,FALSE,0,13743,942,1,0,2.805,0
2026-05-24T07:15:00Z,unit-property,0,0,0,0,0,0,FALSE,0,13743,942,1,0,2.805,0
2026-05-24T07:30:00Z,unit-property,0,0,0,0,0,0,FALSE,0,13743,942,1,0,2.805,0
2026-05-24T07:45:00Z,unit-property,0,0,0,0,0,0,FALSE,0,13743,942,1,0,2.805,0
2026-05-24T08:00:00Z,unit-property,0,0,0,0,0,0,FALSE,0,13743,942,1,0,2.805,0
2026-05-24T08:15:00Z,unit-property,0,0,0,0,0,0,FALSE,0,13743,942,1,0,2.805,0
2026-05-24T08:30:00Z,unit-property,0,0,0,0,0,0,FALSE,0,13743,942,1,0,2.805,0
2026-05-24T08:45:00Z,unit-property,0,0,0,0,0,0,FALSE,0,13743,942,1,0,2.805,0
2026-05-24T09:00:00Z,unit-property,0,0,0,0,0,0,FALSE,0,13743,942,1,0,2.805,0
2026-05-24T09:15:00Z,unit-property,0,0,0,0,0,0,FALSE,0,13743,942,1,0,2.805,0
2026-05-24T09:30:00Z,unit-property,0,0,0,0,0,0,FALSE,0,13743,942,1,0,2.805,0
2026-05-24T09:45:00Z,unit-property,0,0,0,0,0,0,FALSE,0,13743,942,1,0,2.805,0
2026-05-24T10:00:00Z,unit-property,0,0,0,0,0,0,FALSE,0,13743,942,1,0,2.805,0
2026-05-24T10:15:00Z,unit-property,0,0,0,0,0,0,FALSE,0,13743,942,1,0,2.805,0
2026-05-24T10:30:00Z,unit-property,0,0,0,0,0,0,FALSE,0,13743,942,1,0,2.805,0
2026-05-24T10:45:00Z,unit-property,0,0,0,0,0,0,FALSE,0,13743,942,1,0,2.805,0
2026-05-24T11:00:00Z,unit-property,0,0,0,0,0,0,FALSE,0,13743,942,1,0,2.805,0
2026-05-24T11:15:00Z,unit-property,0,0,0,0,0,0,FALSE,0,13743,942,1,0,2.805,0
2026-05-24T11:30:00Z,unit-property,0,0,0,0,0,0,FALSE,0,13743,942,1,0,2.805,0
2026-05-24T11:45:00Z,unit-property,0,0,0,0,0,0,FALSE,0,13743,942,1,0,2.805,0
2026-05-24T12:00:00Z,unit-property,0,0,0,0,0,0,FALSE,0,13743,942,1,0,2.805,0
2026-05-24T12:15:00Z,unit-property,0,0,0,0,0,0,FALSE,0,13743,942,1,0,2.805,0
2026-05-24T12:30:00Z,unit-property,0,0,0,0,0,0,FALSE,0,13743,942,1,0,2.805,0
2026-05-24T12:45:00Z,unit-property,0,0,0,0,0,0,FALSE,0,13743,942,1,0,2.805,0
2026-05-24T13:00:00Z,unit-property,0,0,0,0,0,0,FALSE,0,13743,942,1,0,2.805,0
2026-05-24T13:15:00Z,unit-property,0,0,0,0,0,0,FALSE,0,13743,942,1,0,2.805,0
2026-05-24T13:30:00Z,unit-property,0,0,0,0,0,0,FALSE,0,13743,942,1,0,2.805,0
2026-05-24T13:45:00Z,unit-property,0,0,0,0,0,0,FALSE,0,13743,942,1,0,2.805,0
2026-05-24T14:00:00Z,unit-property,0,0,0,0,0,0,FALSE,0,13743,942,1,0,2.805,0
2026-05-24T14:15:00Z,unit-property,0,0,0,0,0,0,FALSE,0,13743,942,1,0,2.805,0
2026-05-24T14:30:00Z,unit-property,0,0,0,0,0,0,FALSE,0,13743,942,1,0,2.805,0
2026-05-24T14:45:00Z,unit-property,0,0,0,0,0,0,FALSE,0,13743,942,1,0,2.805,0
2026-05-24T15:00:00Z,unit-property,0,0,0,0,0,0,FALSE,0,13743,942,1,0,2.805,0
2026-05-24T15:15:00Z,unit-property,0,0,0,0,0,0,FALSE,0,13743,942,1,0,2.805,0
2026-05-24T15:30:00Z,unit-property,0,0,0,0,0,0,FALSE,0,13743,942,1,0,2.805,0
2026-05-24T15:45:00Z,unit-property,0,0,0,0,0,0,FALSE,0,13743,942,1,0,2.805,0
2026-05-24T16:00:00Z,unit-property,0,0,0,0,0,0,FALSE,0,13743,942,1,0,2.805,0
2026-05-24T16:15:00Z,unit-property,0,0,0,0,0,0,FALSE,0,13743,942,1,0,2.805,0
2026-05-24T16:30:00Z,unit-property,0,0,0,0,0,0,FALSE,0,13743,942,1,0,2.805,0
2026-05-24T16:45:00Z,unit-property,0,0,0,0,0,0,FALSE,0,13743,942,1,0,2.805,0
2026-05-24T17:00:00Z,unit-property,0,0,0,0,0,0,FALSE,0,13743,942,1,0,2.805,0
2026-05-24T17:15:00Z,unit-property,0,0,0,0,0,0,FALSE,0,13743,942,1,0,2.805,0
2026-05-24T17:30:00Z,unit-property,0,0,0,0,0,0,FALSE,0,13743,942,1,0,2.805,0
2026-05-24T17:45:00Z,unit-property,0,0,0,0,0,0,FALSE,0,13743,942,1,0,2.805,0
2026-05-24T18:00:00Z,unit-property,0,0,0,0,0,0,FALSE,0,13743,942,1,0,2.805,0
2026-05-24T18:15:00Z,unit-property,0,0,0,0,0,0,FALSE,0,13743,942,1,0,2.805,0
2026-05-24T18:30:00Z,unit-property,0,0,0,0,0,0,FALSE,0,13743,942,1,0,2.805,0
2026-05-24T18:45:00Z,unit-property,0,0,0,0,0,0,FALSE,0,13743,942,1,0,2.805,0
2026-05-24T19:00:00Z,unit-property,0,0,0,0,0,0,FALSE,0,13743,942,1,0,2.805,0
2026-05-24T19:15:00Z,unit-property,0,0,0,0,0,0,FALSE,0,13743,942,1,0,2.805,0
2026-05-24T19:30:00Z,unit-property,0,0,0,0,0,0,FALSE,0,13743,942,1,0,2.805,0
2026-05-24T19:45:00Z,unit-property,0,0,0,0,0,0,FALSE,0,13743,942,1,0,2.805,0
2026-05-24T20:00:00Z,unit-property,0,0,0,0,0,0,FALSE,0,13743,942,1,0,2.805,0
2026-05-24T20:15:00Z,unit-property,0,0,0,0,0,0,FALSE,0,13743,942,1,0,2.805,0
2026-05-24T20:30:00Z,unit-property,0,0,0,0,0,0,FALSE,0,13743,942,1,0,2.805,0
2026-05-24T20:45:00Z,unit-property,0,0,0,0,0,0,FALSE,0,13743,942,1,0,2.805,0
2026-05-24T21:00:00Z,unit-property,0,0,0,0,0,0,FALSE,0,13743,942,1,0,2.805,0
2026-05-24T21:15:00Z,unit-property,0,0,0,0,0,0,FALSE,0,13743,942,1,0,2.805,0
2026-05-24T21:30:00Z,unit-property,0,0,0,0,0,0,FALSE,0,13743,942,1,0,2.805,0
2026-05-24T21:45:00Z,unit-property,0,0,0,0,0,0,FALSE,0,13743,942,1,0,2.805,0
2026-05-24T22:00:00Z,unit-property,0,0,0,0,0,0,FALSE,0,13743,942,1,0,2.805,0
2026-05-24T22:15:00Z,unit-property,0,0,0,0,0,0,FALSE,0,13743,942,1,0,2.805,0
2026-05-24T22:30:00Z,unit-property,0,0,0,0,0,0,FALSE,0,13743,942,1,0,2.805,0
2026-05-24T22:45:00Z,unit-property,0,0,0,0,0,0,FALSE,0,13743,942,1,0,2.805,0
2026-05-24T23:00:00Z,unit-property,0,0,0,0,0,0,FALSE,0,13743,942,1,0,2.805,0
2026-05-24T23:15:00Z,unit-property,0,0,0,0,0,0,FALSE,0,13743,942,1,0,2.805,0
2026-05-24T23:30:00Z,unit-property,0,0,0,0,0,0,FALSE,0,13743,942,1,0,2.805,0
2026-05-24T23:45:00Z,unit-property,0,0,0,0,0,0,FALSE,0,13743,942,1,0,2.805,0
2026-05-25T00:00:00Z,unit-property,0,0,0,0,0,0,FALSE,0,13743,942,1,0,2.805,0
2026-05-25T00:15:00Z,unit-property,0,0,0,0,0,0,FALSE,0,13743,942,1,0,2.805,0
2026-05-25T00:30:00Z,unit-property,0,0,0,0,0,0,FALSE,0,13743,942,1,0,2.805,0
2026-05-25T00:45:00Z,unit-property,12,12,12,1,0,12000,FALSE,1,13755,943,1,0.0033333333333333335,2.8083333333333336,48
2026-05-25T01:00:00Z,unit-property,0,0,0,0,0,0,FALSE,0,13755,943,1,0,2.8083333333333336,0
2026-05-25T01:15:00Z,unit-property,0,0,0,0,0,0,FALSE,0,13755,943,1,0,2.8083333333333336,0
2026-05-25T01:30:00Z,unit-property,0,0,0,0,0,0,FALSE,0,13755,943,1,0,2.8083333333333336,0
2026-05-25T01:45:00Z,unit-property,0,0,0,0,0,0,FALSE,0,13755,943,1,0,2.8083333333333336,0
2026-05-25T02:00:00Z,unit-property,12,12,12,1,0,10000,FALSE,1,13767,944,1,0.002777777777777778,2.8111111111111113,48
2026-05-25T02:15:00Z,unit-property,0,0,0,0,0,0,FALSE,0,13767,944,1,0,2.8111111111111113,0
2026-05-25T02:30:00Z,unit-property,0,0,0,0,0,0,FALSE,0,13767,944,1,0,2.8111111111111113,0
2026-05-25T02:45:00Z,unit-property,0,0,0,0,0,0,FALSE,0,13767,944,1,0,2.8111111111111113,0
2026-05-25T03:00:00Z,unit-property,12,12,12,1,0,10000,FALSE,1,13779,945,1,0.002777777777777778,2.813888888888889,48
2026-05-25T03:15:00Z,unit-property,0,0,0,0,0,0,FALSE,0,13779,945,1,0,2.813888888888889,0
2026-05-25T03:30:00Z,unit-property,0,0,0,0,0,0,FALSE,0,13779,945,1,0,2.813888888888889,0
2026-05-25T03:45:00Z,unit-property,0,0,0,0,0,0,FALSE,0,13779,945,1,0,2.813888888888889,0
2026-05-25T04:00:00Z,unit-property,12,12,12,1,0,9000,FALSE,1,13791,946,1,0.0025,2.816388888888889,48
2026-05-25T04:15:00Z,unit-property,0,0,0,0,0,0,FALSE,0,13791,946,1,0,2.816388888888889,0
2026-05-25T04:30:00Z,unit-property,0,0,0,0,0,0,FALSE,0,13791,946,1,0,2.816388888888889,0
2026-05-25T04:45:00Z,unit-property,0,0,0,0,0,0,FALSE,0,13791,946,1,0,2.816388888888889,0
2026-05-25T05:00:00Z,unit-property,12,12,12,1,0,8000,FALSE,1,13803,947,1,0.0022222222222222222,2.818611111111111,48
2026-05-25T05:15:00Z,unit-property,0,0,0,0,0,0,FALSE,0,13803,947,1,0,2.818611111111111,0
2026-05-25T05:30:00Z,unit-property,0,0,0,0,0,0,FALSE,0,13803,947,1,0,2.818611111111111,0
2026-05-25T05:45:00Z,unit-property,0,0,0,0,0,0,FALSE,0,13803,947,1,0,2.818611111111111,0
2026-05-25T06:00:00Z,unit-property,12,12,12,1,0,9000,FALSE,1,13815,948,1,0.0025,2.821111111111111,48
2026-05-25T06:15:00Z,unit-property,0,0,0,0,0,0,FALSE,0,13815,948,1,0,2.821111111111111,0
2026-05-25T06:30:00Z,unit-property,0,0,0,0,0,0,FALSE,0,13815,948,1,0,2.821111111111111,0
2026-05-25T06:45:00Z,unit-property,0,0,0,0,0,0,FALSE,0,13815,948,1,0,2.821111111111111,0
2026-05-25T07:00:00Z,unit-property,12,12,12,1,0,9000,FALSE,1,13827,949,1,0.0025,2.823611111111111,48
2026-05-25T07:15:00Z,unit-property,0,0,0,0,0,0,FALSE,0,13827,949,1,0,2.823611111111111,0
2026-05-25T07:30:00Z,unit-property,0,0,0,0,0,0,FALSE,0,13827,949,1,0,2.823611111111111,0
2026-05-25T07:45:00Z,unit-property,0,0,0,0,0,0,FALSE,0,13827,949,1,0,2.823611111111111,0
2026-05-25T08:00:00Z,unit-property,12,12,12,1,0,9000,FALSE,1,13839,950,1,0.0025,2.826111111111111,48
2026-05-25T08:15:00Z,unit-property,0,0,0,0,0,0,FALSE,0,13839,950,1,0,2.826111111111111,0
2026-05-25T08:30:00Z,unit-property,0,0,0,0,0,0,FALSE,0,13839,950,1,0,2.826111111111111,0
2026-05-25T08:45:00Z,unit-property,0,0,0,0,0,0,FALSE,0,13839,950,1,0,2.826111111111111,0
2026-05-25T09:00:00Z,unit-property,12,12,12,1,0,11000,FALSE,1,13851,951,1,0.0030555555555555557,2.8291666666666666,48
2026-05-25T09:15:00Z,unit-property,0,0,0,0,0,0,FALSE,0,13851,951,1,0,2.8291666666666666,0
2026-05-25T09:30:00Z,unit-property,0,0,0,0,0,0,FALSE,0,13851,951,1,0,2.8291666666666666,0
2026-05-25T09:45:00Z,unit-property,0,0,0,0,0,0,FALSE,0,13851,951,1,0,2.8291666666666666,0
2026-05-25T10:00:00Z,unit-property,12,12,12,1,0,10000,FALSE,1,13863,952,1,0.002777777777777778,2.8319444444444444,48
2026-05-25T10:15:00Z,unit-property,0,0,0,0,0,0,FALSE,0,13863,952,1,0,2.8319444444444444,0
2026-05-25T10:30:00Z,unit-property,0,0,0,0,0,0,FALSE,0,13863,952,1,0,2.8319444444444444,0
2026-05-25T10:45:00Z,unit-property,0,0,0,0,0,0,FALSE,0,13863,952,1,0,2.8319444444444444,0
2026-05-25T11:00:00Z,unit-property,12,12,12,1,0,9000,FALSE,1,13875,953,1,0.0025,2.8344444444444443,48
2026-05-25T11:15:00Z,unit-property,0,0,0,0,0,0,FALSE,0,13875,953,1,0,2.8344444444444443,0
2026-05-25T11:30:00Z,unit-property,0,0,0,0,0,0,FALSE,0,13875,953,1,0,2.8344444444444443,0
2026-05-25T11:45:00Z,unit-property,0,0,0,0,0,0,FALSE,0,13875,953,1,0,2.8344444444444443,0
2026-05-25T12:00:00Z,unit-property,12,12,12,1,0,11000,FALSE,1,13887,954,1,0.0030555555555555557,2.8375,48
2026-05-25T12:15:00Z,unit-property,0,0,0,0,0,0,FALSE,0,13887,954,1,0,2.8375,0
2026-05-25T12:30:00Z,unit-property,0,0,0,0,0,0,FALSE,0,13887,954,1,0,2.8375,0
2026-05-25T12:45:00Z,unit-property,0,0,0,0,0,0,FALSE,0,13887,954,1,0,2.8375,0
2026-05-25T13:00:00Z,unit-property,12,12,12,1,0,9000,FALSE,1,13899,955,1,0.0025,2.84,48
2026-05-25T13:15:00Z,unit-property,0,0,0,0,0,0,FALSE,0,13899,955,1,0,2.84,0
2026-05-25T13:30:00Z,unit-property,0,0,0,0,0,0,FALSE,0,13899,955,1,0,2.84,0
2026-05-25T13:45:00Z,unit-property,0,0,0,0,0,0,FALSE,0,13899,955,1,0,2.84,0
2026-05-25T14:00:00Z,unit-property,12,12,12,1,0,10000,FALSE,1,13911,956,1,0.002777777777777778,2.8427777777777776,48
2026-05-25T14:15:00Z,unit-property,0,0,0,0,0,0,FALSE,0,13911,956,1,0,2.8427777777777776,0
2026-05-25T14:30:00Z,unit-property,0,0,0,0,0,0,FALSE,0,13911,956,1,0,2.8427777777777776,0
2026-05-25T14:45:00Z,unit-property,0,0,0,0,0,0,FALSE,0,13911,956,1,0,2.8427777777777776,0
2026-05-25T15:00:00Z,unit-property,12,12,12,1,0,38000,FALSE,1,13923,957,1,0.010555555555555556,2.853333333333333,48
2026-05-25T15:15:00Z,unit-property,0,0,0,0,0,0,FALSE,0,13923,957,1,0,2.853333333333333,0
2026-05-25T15:30:00Z,unit-property,0,0,0,0,0,0,FALSE,0,13923,957,1,0,2.853333333333333,0
2026-05-25T15:45:00Z,unit-property,0,0,0,0,0,0,FALSE,0,13923,957,1,0,2.853333333333333,0
2026-05-25T16:00:00Z,unit-property,12,12,12,1,0,11000,FALSE,1,13935,958,1,0.0030555555555555557,2.8563888888888886,48
2026-05-25T16:15:00Z,unit-property,0,0,0,0,0,0,FALSE,0,13935,958,1,0,2.8563888888888886,0
2026-05-25T16:30:00Z,unit-property,0,0,0,0,0,0,FALSE,0,13935,958,1,0,2.8563888888888886,0
2026-05-25T16:45:00Z,unit-property,0,0,0,0,0,0,FALSE,0,13935,958,1,0,2.8563888888888886,0
2026-05-25T17:00:00Z,unit-property,12,12,12,1,0,11000,FALSE,1,13947,959,1,0.0030555555555555557,2.8594444444444442,48
2026-05-25T17:15:00Z,unit-property,0,0,0,0,0,0,FALSE,0,13947,959,1,0,2.8594444444444442,0
2026-05-25T17:30:00Z,unit-property,0,0,0,0,0,0,FALSE,0,13947,959,1,0,2.8594444444444442,0
2026-05-25T17:45:00Z,unit-property,0,0,0,0,0,0,FALSE,0,13947,959,1,0,2.8594444444444442,0
2026-05-25T18:00:00Z,unit-property,12,12,12,1,0,11000,FALSE,1,13959,960,1,0.0030555555555555557,2.8625,48
2026-05-25T18:15:00Z,unit-property,0,0,0,0,0,0,FALSE,0,13959,960,1,0,2.8625,0
2026-05-25T18:30:00Z,unit-property,0,0,0,0,0,0,FALSE,0,13959,960,1,0,2.8625,0
2026-05-25T18:45:00Z,unit-property,0,0,0,0,0,0,FALSE,0,13959,960,1,0,2.8625,0
2026-05-25T19:00:00Z,unit-property,12,12,12,1,0,11000,FALSE,1,13971,961,1,0.0030555555555555557,2.8655555555555554,48
2026-05-25T19:15:00Z,unit-property,0,0,0,0,0,0,FALSE,0,13971,961,1,0,2.8655555555555554,0
2026-05-25T19:30:00Z,unit-property,0,0,0,0,0,0,FALSE,0,13971,961,1,0,2.8655555555555554,0
2026-05-25T19:45:00Z,unit-property,0,0,0,0,0,0,FALSE,0,13971,961,1,0,2.8655555555555554,0
2026-05-25T20:00:00Z,unit-property,0,0,0,0,0,0,FALSE,0,13971,961,1,0,2.8655555555555554,0
2026-05-25T20:15:00Z,unit-property,12,12,12,1,0,10000,FALSE,1,13983,962,1,0.002777777777777778,2.868333333333333,48
2026-05-25T20:30:00Z,unit-property,0,0,0,0,0,0,FALSE,0,13983,962,1,0,2.868333333333333,0
2026-05-25T20:45:00Z,unit-property,0,0,0,0,0,0,FALSE,0,13983,962,1,0,2.868333333333333,0
2026-05-25T21:00:00Z,unit-property,0,0,0,0,0,0,FALSE,0,13983,962,1,0,2.868333333333333,0
2026-05-25T21:15:00Z,unit-property,12,12,12,1,0,9000,FALSE,1,13995,963,1,0.0025,2.870833333333333,48
2026-05-25T21:30:00Z,unit-property,0,0,0,0,0,0,FALSE,0,13995,963,1,0,2.870833333333333,0
2026-05-25T21:45:00Z,unit-property,0,0,0,0,0,0,FALSE,0,13995,963,1,0,2.870833333333333,0
2026-05-25T22:00:00Z,unit-property,0,0,0,0,0,0,FALSE,0,13995,963,1,0,2.870833333333333,0
2026-05-25T22:15:00Z,unit-property,12,12,12,1,0,11000,FALSE,1,14007,964,1,0.0030555555555555557,2.8738888888888887,48
2026-05-25T22:30:00Z,unit-property,0,0,0,0,0,0,FALSE,0,14007,964,1,0,2.8738888888888887,0
2026-05-25T22:45:00Z,unit-property,0,0,0,0,0,0,FALSE,0,14007,964,1,0,2.8738888888888887,0
2026-05-25T23:00:00Z,unit-property,0,0,0,0,0,0,FALSE,0,14007,964,1,0,2.8738888888888887,0
2026-05-25T23:15:00Z,unit-property,12,12,12,1,0,10000,FALSE,1,14019,965,1,0.002777777777777778,2.8766666666666665,48
2026-05-25T23:30:00Z,unit-property,0,0,0,0,0,0,FALSE,0,14019,965,1,0,2.8766666666666665,0
2026-05-25T23:45:00Z,unit-property,0,0,0,0,0,0,FALSE,0,14019,965,1,0,2.8766666666666665,0
2026-05-26T00:00:00Z,unit-property,0,0,0,0,0,0,FALSE,0,14019,965,1,0,2.8766666666666665,0
2026-05-26T00:15:00Z,unit-property,12,12,12,1,0,9000,FALSE,1,14031,966,1,0.0025,2.8791666666666664,48
2026-05-26T00:30:00Z,unit-property,0,0,0,0,0,0,FALSE,0,14031,966,1,0,2.8791666666666664,0
2026-05-26T00:45:00Z,unit-property,0,0,0,0,0,0,FALSE,0,14031,966,1,0,2.8791666666666664,0
2026-05-26T01:00:00Z,unit-property,0,0,0,0,0,0,FALSE,0,14031,966,1,0,2.8791666666666664,0
2026-05-26T01:15:00Z,unit-property,12,12,12,1,0,9000,FALSE,1,14043,967,1,0.0025,2.8816666666666664,48
2026-05-26T01:30:00Z,unit-property,0,0,0,0,0,0,FALSE,0,14043,967,1,0,2.8816666666666664,0
2026-05-26T01:45:00Z,unit-property,0,0,0,0,0,0,FALSE,0,14043,967,1,0,2.8816666666666664,0
2026-05-26T02:00:00Z,unit-property,0,0,0,0,0,0,FALSE,0,14043,967,1,0,2.8816666666666664,0
2026-05-26T02:15:00Z,unit-property,12,12,12,1,0,9000,FALSE,1,14055,968,1,0.0025,2.8841666666666663,48
2026-05-26T02:30:00Z,unit-property,0,0,0,0,0,0,FALSE,0,14055,968,1,0,2.8841666666666663,0
2026-05-26T02:45:00Z,unit-property,0,0,0,0,0,0,FALSE,0,14055,968,1,0,2.8841666666666663,0
2026-05-26T03:00:00Z,unit-property,0,0,0,0,0,0,FALSE,0,14055,968,1,0,2.8841666666666663,0
2026-05-26T03:15:00Z,unit-property,12,12,12,1,0,9000,FALSE,1,14067,969,1,0.0025,2.8866666666666663,48
2026-05-26T03:30:00Z,unit-property,0,0,0,0,0,0,FALSE,0,14067,969,1,0,2.8866666666666663,0
2026-05-26T03:45:00Z,unit-property,0,0,0,0,0,0,FALSE,0,14067,969,1,0,2.8866666666666663,0
2026-05-26T04:00:00Z,unit-property,0,0,0,0,0,0,FALSE,0,14067,969,1,0,2.8866666666666663,0
2026-05-26T04:15:00Z,unit-property,12,12,12,1,0,10000,FALSE,1,14079,970,1,0.002777777777777778,2.889444444444444,48
2026-05-26T04:30:00Z,unit-property,0,0,0,0,0,0,FALSE,0,14079,970,1,0,2.889444444444444,0
2026-05-26T04:45:00Z,unit-property,0,0,0,0,0,0,FALSE,0,14079,970,1,0,2.889444444444444,0
2026-05-26T05:00:00Z,unit-property,0,0,0,0,0,0,FALSE,0,14079,970,1,0,2.889444444444444,0
2026-05-26T05:15:00Z,unit-property,12,12,12,1,0,11000,FALSE,1,14091,971,1,0.0030555555555555557,2.8924999999999996,48
2026-05-26T05:30:00Z,unit-property,0,0,0,0,0,0,FALSE,0,14091,971,1,0,2.8924999999999996,0
2026-05-26T05:45:00Z,unit-property,0,0,0,0,0,0,FALSE,0,14091,971,1,0,2.8924999999999996,0
2026-05-26T06:00:00Z,unit-property,0,0,0,0,0,0,FALSE,0,14091,971,1,0,2.8924999999999996,0
2026-05-26T06:15:00Z,unit-property,12,12,12,1,0,11000,FALSE,1,14103,972,1,0.0030555555555555557,2.895555555555555,48
2026-05-26T06:30:00Z,unit-property,0,0,0,0,0,0,FALSE,0,14103,972,1,0,2.895555555555555,0
2026-05-26T06:45:00Z,unit-property,0,0,0,0,0,0,FALSE,0,14103,972,1,0,2.895555555555555,0
2026-05-26T07:00:00Z,unit-property,0,0,0,0,0,0,FALSE,0,14103,972,1,0,2.895555555555555,0
2026-05-26T07:15:00Z,unit-property,12,12,12,1,0,11000,FALSE,1,14115,973,1,0.0030555555555555557,2.898611111111111,48
2026-05-26T07:30:00Z,unit-property,0,0,0,0,0,0,FALSE,0,14115,973,1,0,2.898611111111111,0
2026-05-26T07:45:00Z,unit-property,0,0,0,0,0,0,FALSE,0,14115,973,1,0,2.898611111111111,0
2026-05-26T08:00:00Z,unit-property,0,0,0,0,0,0,FALSE,0,14115,973,1,0,2.898611111111111,0
2026-05-26T08:15:00Z,unit-property,12,12,12,1,0,9000,FALSE,1,14127,974,1,0.0025,2.9011111111111108,48
2026-05-26T08:30:00Z,unit-property,0,0,0,0,0,0,FALSE,0,14127,974,1,0,2.9011111111111108,0
2026-05-26T08:45:00Z,unit-property,0,0,0,0,0,0,FALSE,0,14127,974,1,0,2.9011111111111108,0
2026-05-26T09:00:00Z,unit-property,0,0,0,0,0,0,FALSE,0,14127,974,1,0,2.9011111111111108,0
2026-05-26T09:15:00Z,unit-property,12,12,12,1,0,9000,FALSE,1,14139,975,1,0.0025,2.9036111111111107,48
2026-05-26T09:30:00Z,unit-property,0,0,0,0,0,0,FALSE,0,14139,975,1,0,2.9036111111111107,0
2026-05-26T09:45:00Z,unit-property,0,0,0,0,0,0,FALSE,0,14139,975,1,0,2.9036111111111107,0
2026-05-26T10:00:00Z,unit-property,0,0,0,0,0,0,FALSE,0,14139,975,1,0,2.9036111111111107,0
2026-05-26T10:15:00Z,unit-property,0,0,0,0,0,0,FALSE,0,14139,975,1,0,2.9036111111111107,0
2026-05-26T10:30:00Z,unit-property,12,12,12,1,0,8000,FALSE,1,14151,976,1,0.0022222222222222222,2.905833333333333,48
2026-05-26T10:45:00Z,unit-property,0,0,0,0,0,0,FALSE,0,14151,976,1,0,2.905833333333333,0
2026-05-26T11:00:00Z,unit-property,0,0,0,0,0,0,FALSE,0,14151,976,1,0,2.905833333333333,0
2026-05-26T11:15:00Z,unit-property,0,0,0,0,0,0,FALSE,0,14151,976,1,0,2.905833333333333,0
2026-05-26T11:30:00Z,unit-property,12,12,12,1,0,9000,FALSE,1,14163,977,1,0.0025,2.9083333333333328,48
2026-05-26T11:45:00Z,unit-property,0,0,0,0,0,0,FALSE,0,14163,977,1,0,2.9083333333333328,0
2026-05-26T12:00:00Z,unit-property,0,0,0,0,0,0,FALSE,0,14163,977,1,0,2.9083333333333328,0
2026-05-26T12:15:00Z,unit-property,0,0,0,0,0,0,FALSE,0,14163,977,1,0,2.9083333333333328,0
2026-05-26T12:30:00Z,unit-property,12,12,12,1,0,9000,FALSE,1,14175,978,1,0.0025,2.9108333333333327,48
2026-05-26T12:45:00Z,unit-property,0,0,0,0,0,0,FALSE,0,14175,978,1,0,2.9108333333333327,0
2026-05-26T13:00:00Z,unit-property,0,0,0,0,0,0,FALSE,0,14175,978,1,0,2.9108333333333327,0
2026-05-26T13:15:00Z,unit-property,0,0,0,0,0,0,FALSE,0,14175,978,1,0,2.9108333333333327,0
2026-05-26T13:30:00Z,unit-property,12,12,12,1,0,9000,FALSE,1,14187,979,1,0.0025,2.9133333333333327,48
2026-05-26T13:45:00Z,unit-property,0,0,0,0,0,0,FALSE,0,14187,979,1,0,2.9133333333333327,0
2026-05-26T14:00:00Z,unit-property,0,0,0,0,0,0,FALSE,0,14187,979,1,0,2.9133333333333327,0
2026-05-26T14:15:00Z,unit-property,0,0,0,0,0,0,FALSE,0,14187,979,1,0,2.9133333333333327,0
2026-05-26T14:30:00Z,unit-property,12,12,12,1,0,9000,FALSE,1,14199,980,1,0.0025,2.9158333333333326,48
2026-05-26T14:45:00Z,unit-property,0,0,0,0,0,0,FALSE,0,14199,980,1,0,2.9158333333333326,0
2026-05-26T15:00:00Z,unit-property,0,0,0,0,0,0,FALSE,0,14199,980,1,0,2.9158333333333326,0
2026-05-26T15:15:00Z,unit-property,0,0,0,0,0,0,FALSE,0,14199,980,1,0,2.9158333333333326,0
2026-05-26T15:30:00Z,unit-property,12,12,12,1,0,9000,FALSE,1,14211,981,1,0.0025,2.9183333333333326,48
2026-05-26T15:45:00Z,unit-property,0,0,0,0,0,0,FALSE,0,14211,981,1,0,2.9183333333333326,0
2026-05-26T16:00:00Z,unit-property,0,0,0,0,0,0,FALSE,0,14211,981,1,0,2.9183333333333326,0
2026-05-26T16:15:00Z,unit-property,0,0,0,0,0,0,FALSE,0,14211,981,1,0,2.9183333333333326,0
2026-05-26T16:30:00Z,unit-property,12,12,12,1,0,9000,FALSE,1,14223,982,1,0.0025,2.9208333333333325,48
2026-05-26T16:45:00Z,unit-property,0,0,0,0,0,0,FALSE,0,14223,982,1,0,2.9208333333333325,0
2026-05-26T17:00:00Z,unit-property,0,0,0,0,0,0,FALSE,0,14223,982,1,0,2.9208333333333325,0
2026-05-26T17:15:00Z,unit-property,0,0,0,0,0,0,FALSE,0,14223,982,1,0,2.9208333333333325,0
2026-05-26T17:30:00Z,unit-property,12,12,12,1,0,9000,FALSE,1,14235,983,1,0.0025,2.9233333333333325,48
2026-05-26T17:45:00Z,unit-property,0,0,0,0,0,0,FALSE,0,14235,983,1,0,2.9233333333333325,0
2026-05-26T18:00:00Z,unit-property,0,0,0,0,0,0,FALSE,0,14235,983,1,0,2.9233333333333325,0
2026-05-26T18:15:00Z,unit-property,0,0,0,0,0,0,FALSE,0,14235,983,1,0,2.9233333333333325,0
2026-05-26T18:30:00Z,unit-property,12,12,12,1,0,9000,FALSE,1,14247,984,1,0.0025,2.9258333333333324,48
2026-05-26T18:45:00Z,unit-property,0,0,0,0,0,0,FALSE,0,14247,984,1,0,2.9258333333333324,0
2026-05-26T19:00:00Z,unit-property,0,0,0,0,0,0,FALSE,0,14247,984,1,0,2.9258333333333324,0
2026-05-26T19:15:00Z,unit-property,0,0,0,0,0,0,FALSE,0,14247,984,1,0,2.9258333333333324,0
2026-05-26T19:30:00Z,unit-property,12,12,12,1,0,9000,FALSE,1,14259,985,1,0.0025,2.9283333333333323,48
2026-05-26T19:45:00Z,unit-property,0,0,0,0,0,0,FALSE,0,14259,985,1,0,2.9283333333333323,0
2026-05-26T20:00:00Z,unit-property,0,0,0,0,0,0,FALSE,0,14259,985,1,0,2.9283333333333323,0
2026-05-26T20:15:00Z,unit-property,0,0,0,0,0,0,FALSE,0,14259,985,1,0,2.9283333333333323,0
2026-05-26T20:30:00Z,unit-property,12,12,12,1,0,9000,FALSE,1,14271,986,1,0.0025,2.9308333333333323,48
2026-05-26T20:45:00Z,unit-property,0,0,0,0,0,0,FALSE,0,14271,986,1,0,2.9308333333333323,0
2026-05-26T21:00:00Z,unit-property,0,0,0,0,0,0,FALSE,0,14271,986,1,0,2.9308333333333323,0
2026-05-26T21:15:00Z,unit-property,0,0,0,0,0,0,FALSE,0,14271,986,1,0,2.9308333333333323,0
2026-05-26T21:30:00Z,unit-property,12,12,12,1,0,8000,FALSE,1,14283,987,1,0.0022222222222222222,2.9330555555555544,48
2026-05-26T21:45:00Z,unit-property,0,0,0,0,0,0,FALSE,0,14283,987,1,0,2.9330555555555544,0
2026-05-26T22:00:00Z,unit-property,0,0,0,0,0,0,FALSE,0,14283,987,1,0,2.9330555555555544,0
2026-05-26T22:15:00Z,unit-property,0,0,0,0,0,0,FALSE,0,14283,987,1,0,2.9330555555555544,0
2026-05-26T22:30:00Z,unit-property,0,0,0,0,0,0,FALSE,0,14283,987,1,0,2.9330555555555544,0
2026-05-26T22:45:00Z,unit-property,12,12,12,1,0,8000,FALSE,1,14295,988,1,0.0022222222222222222,2.9352777777777765,48
2026-05-26T23:00:00Z,unit-property,0,0,0,0,0,0,FALSE,0,14295,988,1,0,2.9352777777777765,0
2026-05-26T23:15:00Z,unit-property,0,0,0,0,0,0,FALSE,0,14295,988,1,0,2.9352777777777765,0
2026-05-26T23:30:00Z,unit-property,0,0,0,0,0,0,FALSE,0,14295,988,1,0,2.9352777777777765,0
2026-05-26T23:45:00Z,unit-property,12,12,12,1,0,8000,FALSE,1,14307,989,1,0.0022222222222222222,2.9374999999999987,48
2026-05-27T00:00:00Z,unit-property,0,0,0,0,0,0,FALSE,0,14307,989,1,0,2.9374999999999987,0
2026-05-27T00:15:00Z,unit-property,0,0,0,0,0,0,FALSE,0,14307,989,1,0,2.9374999999999987,0
2026-05-27T00:30:00Z,unit-property,0,0,0,0,0,0,FALSE,0,14307,989,1,0,2.9374999999999987,0
2026-05-27T00:45:00Z,unit-property,12,12,12,1,0,9000,FALSE,1,14319,990,1,0.0025,2.9399999999999986,48
2026-05-27T01:00:00Z,unit-property,0,0,0,0,0,0,FALSE,0,14319,990,1,0,2.9399999999999986,0
2026-05-27T01:15:00Z,unit-property,0,0,0,0,0,0,FALSE,0,14319,990,1,0,2.9399999999999986,0
2026-05-27T01:30:00Z,unit-property,0,0,0,0,0,0,FALSE,0,14319,990,1,0,2.9399999999999986,0
2026-05-27T01:45:00Z,unit-property,12,12,12,1,0,9000,FALSE,1,14331,991,1,0.0025,2.9424999999999986,48
2026-05-27T02:00:00Z,unit-property,0,0,0,0,0,0,FALSE,0,14331,991,1,0,2.9424999999999986,0
2026-05-27T02:15:00Z,unit-property,0,0,0,0,0,0,FALSE,0,14331,991,1,0,2.9424999999999986,0
2026-05-27T02:30:00Z,unit-property,0,0,0,0,0,0,FALSE,0,14331,991,1,0,2.9424999999999986,0
2026-05-27T02:45:00Z,unit-property,12,12,12,1,0,9000,FALSE,1,14343,992,1,0.0025,2.9449999999999985,48
2026-05-27T03:00:00Z,unit-property,0,0,0,0,0,0,FALSE,0,14343,992,1,0,2.9449999999999985,0
2026-05-27T03:15:00Z,unit-property,0,0,0,0,0,0,FALSE,0,14343,992,1,0,2.9449999999999985,0
2026-05-27T03:30:00Z,unit-property,0,0,0,0,0,0,FALSE,0,14343,992,1,0,2.9449999999999985,0
2026-05-27T03:45:00Z,unit-property,12,12,12,1,0,8000,FALSE,1,14355,993,1,0.0022222222222222222,2.9472222222222206,48
2026-05-27T04:00:00Z,unit-property,0,0,0,0,0,0,FALSE,0,14355,993,1,0,2.9472222222222206,0
2026-05-27T04:15:00Z,unit-property,0,0,0,0,0,0,FALSE,0,14355,993,1,0,2.9472222222222206,0
2026-05-27T04:30:00Z,unit-property,0,0,0,0,0,0,FALSE,0,14355,993,1,0,2.9472222222222206,0
2026-05-27T04:45:00Z,unit-property,12,12,12,1,0,10000,FALSE,1,14367,994,1,0.002777777777777778,2.9499999999999984,48
2026-05-27T05:00:00Z,unit-property,0,0,0,0,0,0,FALSE,0,14367,994,1,0,2.9499999999999984,0
2026-05-27T05:15:00Z,unit-property,0,0,0,0,0,0,FALSE,0,14367,994,1,0,2.9499999999999984,0
2026-05-27T05:30:00Z,unit-property,0,0,0,0,0,0,FALSE,0,14367,994,1,0,2.9499999999999984,0
2026-05-27T05:45:00Z,unit-property,12,12,12,1,0,9000,FALSE,1,14379,995,1,0.0025,2.9524999999999983,48
2026-05-27T06:00:00Z,unit-property,0,0,0,0,0,0,FALSE,0,14379,995,1,0,2.9524999999999983,0
2026-05-27T06:15:00Z,unit-property,0,0,0,0,0,0,FALSE,0,14379,995,1,0,2.9524999999999983,0
2026-05-27T06:30:00Z,unit-property,0,0,0,0,0,0,FALSE,0,14379,995,1,0,2.9524999999999983,0
2026-05-27T06:45:00Z,unit-property,12,12,12,1,0,8000,FALSE,1,14391,996,1,0.0022222222222222222,2.9547222222222205,48
2026-05-27T07:00:00Z,unit-property,0,0,0,0,0,0,FALSE,0,14391,996,1,0,2.9547222222222205,0
2026-05-27T07:15:00Z,unit-property,0,0,0,0,0,0,FALSE,0,14391,996,1,0,2.9547222222222205,0
2026-05-27T07:30:00Z,unit-property,0,0,0,0,0,0,FALSE,0,14391,996,1,0,2.9547222222222205,0
2026-05-27T07:45:00Z,unit-property,12,12,12,1,0,9000,FALSE,1,14403,997,1,0.0025,2.9572222222222204,48
2026-05-27T08:00:00Z,unit-property,0,0,0,0,0,0,FALSE,0,14403,997,1,0,2.9572222222222204,0
2026-05-27T08:15:00Z,unit-property,0,0,0,0,0,0,FALSE,0,14403,997,1,0,2.9572222222222204,0
2026-05-27T08:30:00Z,unit-property,0,0,0,0,0,0,FALSE,0,14403,997,1,0,2.9572222222222204,0
2026-05-27T08:45:00Z,unit-property,12,12,12,1,0,9000,FALSE,1,14415,998,1,0.0025,2.9597222222222204,48
2026-05-27T09:00:00Z,unit-property,0,0,0,0,0,0,FALSE,0,14415,998,1,0,2.9597222222222204,0
2026-05-27T09:15:00Z,unit-property,0,0,0,0,0,0,FALSE,0,14415,998,1,0,2.9597222222222204,0
2026-05-27T09:30:00Z,unit-property,0,0,0,0,0,0,FALSE,0,14415,998,1,0,2.9597222222222204,0
2026-05-27T09:45:00Z,unit-property,12,12,12,1,0,8000,FALSE,1,14427,999,1,0.0022222222222222222,2.9619444444444425,48
2026-05-27T10:00:00Z,unit-property,0,0,0,0,0,0,FALSE,0,14427,999,1,0,2.9619444444444425,0
2026-05-27T10:15:00Z,unit-property,0,0,0,0,0,0,FALSE,0,14427,999,1,0,2.9619444444444425,0
2026-05-27T10:30:00Z,unit-property,0,0,0,0,0,0,FALSE,0,14427,999,1,0,2.9619444444444425,0
2026-05-27T10:45:00Z,unit-property,12,12,12,1,0,8000,FALSE,1,14439,1000,1,0.0022222222222222222,2.9641666666666646,48
2026-05-27T11:00:00Z,unit-property,0,0,0,0,0,0,FALSE,0,14439,1000,1,0,2.9641666666666646,0
2026-05-27T11:15:00Z,unit-property,0,0,0,0,0,0,FALSE,0,14439,1000,1,0,2.9641666666666646,0
2026-05-27T11:30:00Z,unit-property,0,0,0,0,0,0,FALSE,0,14439,1000,1,0,2.9641666666666646,0
2026-05-27T11:45:00Z,unit-property,12,12,12,1,0,8000,FALSE,1,14451,1001,1,0.0022222222222222222,2.9663888888888867,48
2026-05-27T12:00:00Z,unit-property,0,0,0,0,0,0,FALSE,0,14451,1001,1,0,2.9663888888888867,0
2026-05-27T12:15:00Z,unit-property,0,0,0,0,0,0,FALSE,0,14451,1001,1,0,2.9663888888888867,0
2026-05-27T12:30:00Z,unit-property,0,0,0,0,0,0,FALSE,0,14451,1001,1,0,2.9663888888888867,0
2026-05-27T12:45:00Z,unit-property,12,12,12,1,0,7000,FALSE,1,14463,1002,1,0.0019444444444444444,2.968333333333331,48
2026-05-27T13:00:00Z,unit-property,0,0,0,0,0,0,FALSE,0,14463,1002,1,0,2.968333333333331,0
2026-05-27T13:15:00Z,unit-property,0,0,0,0,0,0,FALSE,0,14463,1002,1,0,2.968333333333331,0
2026-05-27T13:30:00Z,unit-property,0,0,0,0,0,0,FALSE,0,14463,1002,1,0,2.968333333333331,0
2026-05-27T13:45:00Z,unit-property,12,12,12,1,0,10000,FALSE,1,14475,1003,1,0.002777777777777778,2.971111111111109,48
2026-05-27T14:00:00Z,unit-property,0,0,0,0,0,0,FALSE,0,14475,1003,1,0,2.971111111111109,0
2026-05-27T14:15:00Z,unit-property,0,0,0,0,0,0,FALSE,0,14475,1003,1,0,2.971111111111109,0
2026-05-27T14:30:00Z,unit-property,0,0,0,0,0,0,FALSE,0,14475,1003,1,0,2.971111111111109,0
2026-05-27T14:45:00Z,unit-property,12,12,12,1,0,8000,FALSE,1,14487,1004,1,0.0022222222222222222,2.973333333333331,48
2026-05-27T15:00:00Z,unit-property,0,0,0,0,0,0,FALSE,0,14487,1004,1,0,2.973333333333331,0
2026-05-27T15:15:00Z,unit-property,0,0,0,0,0,0,FALSE,0,14487,1004,1,0,2.973333333333331,0
2026-05-27T15:30:00Z,unit-property,0,0,0,0,0,0,FALSE,0,14487,1004,1,0,2.973333333333331,0
2026-05-27T15:45:00Z,unit-property,12,12,12,1,0,8000,FALSE,1,14499,1005,1,0.0022222222222222222,2.975555555555553,48
2026-05-27T16:00:00Z,unit-property,0,0,0,0,0,0,FALSE,0,14499,1005,1,0,2.975555555555553,0
2026-05-27T16:15:00Z,unit-property,0,0,0,0,0,0,FALSE,0,14499,1005,1,0,2.975555555555553,0
2026-05-27T16:30:00Z,unit-property,0,0,0,0,0,0,FALSE,0,14499,1005,1,0,2.975555555555553,0
2026-05-27T16:45:00Z,unit-property,12,12,12,1,0,8000,FALSE,1,14511,1006,1,0.0022222222222222222,2.977777777777775,48
2026-05-27T17:00:00Z,unit-property,0,0,0,0,0,0,FALSE,0,14511,1006,1,0,2.977777777777775,0
2026-05-27T17:15:00Z,unit-property,0,0,0,0,0,0,FALSE,0,14511,1006,1,0,2.977777777777775,0
2026-05-27T17:30:00Z,unit-property,0,0,0,0,0,0,FALSE,0,14511,1006,1,0,2.977777777777775,0
2026-05-27T17:45:00Z,unit-property,12,12,12,1,0,8000,FALSE,1,14523,1007,1,0.0022222222222222222,2.9799999999999973,48
2026-05-27T18:00:00Z,unit-property,0,0,0,0,0,0,FALSE,0,14523,1007,1,0,2.9799999999999973,0
2026-05-27T18:15:00Z,unit-property,0,0,0,0,0,0,FALSE,0,14523,1007,1,0,2.9799999999999973,0
2026-05-27T18:30:00Z,unit-property,0,0,0,0,0,0,FALSE,0,14523,1007,1,0,2.9799999999999973,0
2026-05-27T18:45:00Z,unit-property,12,12,12,1,0,7000,FALSE,1,14535,1008,1,0.0019444444444444444,2.9819444444444416,48
2026-05-27T19:00:00Z,unit-property,0,0,0,0,0,0,FALSE,0,14535,1008,1,0,2.9819444444444416,0
2026-05-27T19:15:00Z,unit-property,0,0,0,0,0,0,FALSE,0,14535,1008,1,0,2.9819444444444416,0
2026-05-27T19:30:00Z,unit-property,0,0,0,0,0,0,FALSE,0,14535,1008,1,0,2.9819444444444416,0
2026-05-27T19:45:00Z,unit-property,12,12,12,1,0,8000,FALSE,1,14547,1009,1,0.0022222222222222222,2.9841666666666637,48
2026-05-27T20:00:00Z,unit-property,0,0,0,0,0,0,FALSE,0,14547,1009,1,0,2.9841666666666637,0
2026-05-27T20:15:00Z,unit-property,0,0,0,0,0,0,FALSE,0,14547,1009,1,0,2.9841666666666637,0
2026-05-27T20:30:00Z,unit-property,0,0,0,0,0,0,FALSE,0,14547,1009,1,0,2.9841666666666637,0
2026-05-27T20:45:00Z,unit-property,12,12,12,1,0,12000,FALSE,1,14559,1010,1,0.0033333333333333335,2.987499999999997,48
2026-05-27T21:00:00Z,unit-property,0,0,0,0,0,0,FALSE,0,14559,1010,1,0,2.987499999999997,0
2026-05-27T21:15:00Z,unit-property,0,0,0,0,0,0,FALSE,0,14559,1010,1,0,2.987499999999997,0
2026-05-27T21:30:00Z,unit-property,0,0,0,0,0,0,FALSE,0,14559,1010,1,0,2.987499999999997,0
2026-05-27T21:45:00Z,unit-property,12,12,12,1,0,8000,FALSE,1,14571,1011,1,0.0022222222222222222,2.9897222222222193,48
2026-05-27T22:00:00Z,unit-property,0,0,0,0,0,0,FALSE,0,14571,1011,1,0,2.9897222222222193,0
2026-05-27T22:15:00Z,unit-property,0,0,0,0,0,0,FALSE,0,14571,1011,1,0,2.9897222222222193,0
2026-05-27T22:30:00Z,unit-property,0,0,0,0,0,0,FALSE,0,14571,1011,1,0,2.9897222222222193,0
2026-05-27T22:45:00Z,unit-property,12,12,12,1,0,8000,FALSE,1,14583,1012,1,0.0022222222222222222,2.9919444444444414,48
2026-05-27T23:00:00Z,unit-property,0,0,0,0,0,0,FALSE,0,14583,1012,1,0,2.9919444444444414,0
2026-05-27T23:15:00Z,unit-property,0,0,0,0,0,0,FALSE,0,14583,1012,1,0,2.9919444444444414,0
2026-05-27T23:30:00Z,unit-property,0,0,0,0,0,0,FALSE,0,14583,1012,1,0,2.9919444444444414,0
2026-05-27T23:45:00Z,unit-property,12,12,12,1,0,8000,FALSE,1,14595,1013,1,0.0022222222222222222,2.9941666666666635,48
2026-05-28T00:00:00Z,unit-property,0,0,0,0,0,0,FALSE,0,14595,1013,1,0,2.9941666666666635,0
2026-05-28T00:15:00Z,unit-property,0,0,0,0,0,0,FALSE,0,14595,1013,1,0,2.9941666666666635,0
2026-05-28T00:30:00Z,unit-property,0,0,0,0,0,0,FALSE,0,14595,1013,1,0,2.9941666666666635,0
2026-05-28T00:45:00Z,unit-property,12,12,12,1,0,8000,FALSE,1,14607,1014,1,0.0022222222222222222,2.9963888888888857,48
2026-05-28T01:00:00Z,unit-property,0,0,0,0,0,0,FALSE,0,14607,1014,1,0,2.9963888888888857,0
2026-05-28T01:15:00Z,unit-property,0,0,0,0,0,0,FALSE,0,14607,1014,1,0,2.9963888888888857,0
2026-05-28T01:30:00Z,unit-property,0,0,0,0,0,0,FALSE,0,14607,1014,1,0,2.9963888888888857,0
2026-05-28T01:45:00Z,unit-property,12,12,12,1,0,7000,FALSE,1,14619,1015,1,0.0019444444444444444,2.99833333333333,48
2026-05-28T02:00:00Z,unit-property,0,0,0,0,0,0,FALSE,0,14619,1015,1,0,2.99833333333333,0
2026-05-28T02:15:00Z,unit-property,0,0,0,0,0,0,FALSE,0,14619,1015,1,0,2.99833333333333,0
2026-05-28T02:30:00Z,unit-property,0,0,0,0,0,0,FALSE,0,14619,1015,1,0,2.99833333333333,0
2026-05-28T02:45:00Z,unit-property,12,12,12,1,0,8000,FALSE,1,14631,1016,1,0.0022222222222222222,3.000555555555552,48
2026-05-28T03:00:00Z,unit-property,0,0,0,0,0,0,FALSE,0,14631,1016,1,0,3.000555555555552,0
2026-05-28T03:15:00Z,unit-property,0,0,0,0,0,0,FALSE,0,14631,1016,1,0,3.000555555555552,0
2026-05-28T03:30:00Z,unit-property,0,0,0,0,0,0,FALSE,0,14631,1016,1,0,3.000555555555552,0
2026-05-28T03:45:00Z,unit-property,0,0,0,0,0,0,FALSE,0,14631,1016,1,0,3.000555555555552,0
2026-05-28T04:00:00Z,unit-property,12,12,12,1,0,8000,FALSE,1,14643,1017,1,0.0022222222222222222,3.002777777777774,48
2026-05-28T04:15:00Z,unit-property,0,0,0,0,0,0,FALSE,0,14643,1017,1,0,3.002777777777774,0
2026-05-28T04:30:00Z,unit-property,0,0,0,0,0,0,FALSE,0,14643,1017,1,0,3.002777777777774,0
2026-05-28T04:45:00Z,unit-property,0,0,0,0,0,0,FALSE,0,14643,1017,1,0,3.002777777777774,0
2026-05-28T05:00:00Z,unit-property,12,12,12,1,0,8000,FALSE,1,14655,1018,1,0.0022222222222222222,3.0049999999999963,48
2026-05-28T05:15:00Z,unit-property,0,0,0,0,0,0,FALSE,0,14655,1018,1,0,3.0049999999999963,0
2026-05-28T05:30:00Z,unit-property,0,0,0,0,0,0,FALSE,0,14655,1018,1,0,3.0049999999999963,0
2026-05-28T05:45:00Z,unit-property,0,0,0,0,0,0,FALSE,0,14655,1018,1,0,3.0049999999999963,0
2026-05-28T06:00:00Z,unit-property,12,12,12,1,0,8000,FALSE,1,14667,1019,1,0.0022222222222222222,3.0072222222222185,48
2026-05-28T06:15:00Z,unit-property,0,0,0,0,0,0,FALSE,0,14667,1019,1,0,3.0072222222222185,0
2026-05-28T06:30:00Z,unit-property,0,0,0,0,0,0,FALSE,0,14667,1019,1,0,3.0072222222222185,0
2026-05-28T06:45:00Z,unit-property,0,0,0,0,0,0,FALSE,0,14667,1019,1,0,3.0072222222222185,0
2026-05-28T07:00:00Z,unit-property,12,12,12,1,0,7000,FALSE,1,14679,1020,1,0.0019444444444444444,3.0091666666666628,48
2026-05-28T07:15:00Z,unit-property,0,0,0,0,0,0,FALSE,0,14679,1020,1,0,3.0091666666666628,0
2026-05-28T07:30:00Z,unit-property,0,0,0,0,0,0,FALSE,0,14679,1020,1,0,3.0091666666666628,0
2026-05-28T07:45:00Z,unit-property,0,0,0,0,0,0,FALSE,0,14679,1020,1,0,3.0091666666666628,0
2026-05-28T08:00:00Z,unit-property,12,12,12,1,0,8000,FALSE,1,14691,1021,1,0.0022222222222222222,3.011388888888885,48
2026-05-28T08:15:00Z,unit-property,0,0,0,0,0,0,FALSE,0,14691,1021,1,0,3.011388888888885,0
2026-05-28T08:30:00Z,unit-property,0,0,0,0,0,0,FALSE,0,14691,1021,1,0,3.011388888888885,0
2026-05-28T08:45:00Z,unit-property,0,0,0,0,0,0,FALSE,0,14691,1021,1,0,3.011388888888885,0
2026-05-28T09:00:00Z,unit-property,12,12,12,1,0,8000,FALSE,1,14703,1022,1,0.0022222222222222222,3.013611111111107,48
2026-05-28T09:15:00Z,unit-property,0,0,0,0,0,0,FALSE,0,14703,1022,1,0,3.013611111111107,0
2026-05-28T09:30:00Z,unit-property,0,0,0,0,0,0,FALSE,0,14703,1022,1,0,3.013611111111107,0
2026-05-28T09:45:00Z,unit-property,0,0,0,0,0,0,FALSE,0,14703,1022,1,0,3.013611111111107,0
2026-05-28T10:00:00Z,unit-property,12,12,12,1,0,7000,FALSE,1,14715,1023,1,0.0019444444444444444,3.0155555555555513,48
2026-05-28T10:15:00Z,unit-property,0,0,0,0,0,0,FALSE,0,14715,1023,1,0,3.0155555555555513,0
2026-05-28T10:30:00Z,unit-property,0,0,0,0,0,0,FALSE,0,14715,1023,1,0,3.0155555555555513,0
2026-05-28T10:45:00Z,unit-property,0,0,0,0,0,0,FALSE,0,14715,1023,1,0,3.0155555555555513,0
2026-05-28T11:00:00Z,unit-property,12,12,12,1,0,7000,FALSE,1,14727,1024,1,0.0019444444444444444,3.0174999999999956,48
2026-05-28T11:15:00Z,unit-property,0,0,0,0,0,0,FALSE,0,14727,1024,1,0,3.0174999999999956,0
2026-05-28T11:30:00Z,unit-property,0,0,0,0,0,0,FALSE,0,14727,1024,1,0,3.0174999999999956,0
2026-05-28T11:45:00Z,unit-property,0,0,0,0,0,0,FALSE,0,14727,1024,1,0,3.0174999999999956,0
2026-05-28T12:00:00Z,unit-property,12,12,12,1,0,8000,FALSE,1,14739,1025,1,0.0022222222222222222,3.0197222222222178,48
2026-05-28T12:15:00Z,unit-property,0,0,0,0,0,0,FALSE,0,14739,1025,1,0,3.0197222222222178,0
2026-05-28T12:30:00Z,unit-property,0,0,0,0,0,0,FALSE,0,14739,1025,1,0,3.0197222222222178,0
2026-05-28T12:45:00Z,unit-property,0,0,0,0,0,0,FALSE,0,14739,1025,1,0,3.0197222222222178,0
2026-05-28T13:00:00Z,unit-property,12,12,12,1,0,7000,FALSE,1,14751,1026,1,0.0019444444444444444,3.021666666666662,48
2026-05-28T13:15:00Z,unit-property,0,0,0,0,0,0,FALSE,0,14751,1026,1,0,3.021666666666662,0
2026-05-28T13:30:00Z,unit-property,0,0,0,0,0,0,FALSE,0,14751,1026,1,0,3.021666666666662,0
2026-05-28T13:45:00Z,unit-property,0,0,0,0,0,0,FALSE,0,14751,1026,1,0,3.021666666666662,0
2026-05-28T14:00:00Z,unit-property,12,12,12,1,0,8000,FALSE,1,14763,1027,1,0.0022222222222222222,3.023888888888884,48
2026-05-28T14:15:00Z,unit-property,0,0,0,0,0,0,FALSE,0,14763,1027,1,0,3.023888888888884,0
2026-05-28T14:30:00Z,unit-property,0,0,0,0,0,0,FALSE,0,14763,1027,1,0,3.023888888888884,0
2026-05-28T14:45:00Z,unit-property,0,0,0,0,0,0,FALSE,0,14763,1027,1,0,3.023888888888884,0
2026-05-28T15:00:00Z,unit-property,12,12,12,1,0,7000,FALSE,1,14775,1028,1,0.0019444444444444444,3.0258333333333285,48
2026-05-28T15:15:00Z,unit-property,0,0,0,0,0,0,FALSE,0,14775,1028,1,0,3.0258333333333285,0
2026-05-28T15:30:00Z,unit-property,0,0,0,0,0,0,FALSE,0,14775,1028,1,0,3.0258333333333285,0
2026-05-28T15:45:00Z,unit-property,0,0,0,0,0,0,FALSE,0,14775,1028,1,0,3.0258333333333285,0
2026-05-28T16:00:00Z,unit-property,12,12,12,1,0,8000,FALSE,1,14787,1029,1,0.0022222222222222222,3.0280555555555506,48
2026-05-28T16:15:00Z,unit-property,0,0,0,0,0,0,FALSE,0,14787,1029,1,0,3.0280555555555506,0
2026-05-28T16:30:00Z,unit-property,0,0,0,0,0,0,FALSE,0,14787,1029,1,0,3.0280555555555506,0
2026-05-28T16:45:00Z,unit-property,0,0,0,0,0,0,FALSE,0,14787,1029,1,0,3.0280555555555506,0
2026-05-28T17:00:00Z,unit-property,12,12,12,1,0,7000,FALSE,1,14799,1030,1,0.0019444444444444444,3.029999999999995,48
2026-05-28T17:15:00Z,unit-property,0,0,0,0,0,0,FALSE,0,14799,1030,1,0,3.029999999999995,0
2026-05-28T17:30:00Z,unit-property,0,0,0,0,0,0,FALSE,0,14799,1030,1,0,3.029999999999995,0
2026-05-28T17:45:00Z,unit-property,0,0,0,0,0,0,FALSE,0,14799,1030,1,0,3.029999999999995,0
2026-05-28T18:00:00Z,unit-property,12,12,12,1,0,7000,FALSE,1,14811,1031,1,0.0019444444444444444,3.0319444444444392,48
2026-05-28T18:15:00Z,unit-property,0,0,0,0,0,0,FALSE,0,14811,1031,1,0,3.0319444444444392,0
2026-05-28T18:30:00Z,unit-property,0,0,0,0,0,0,FALSE,0,14811,1031,1,0,3.0319444444444392,0
2026-05-28T18:45:00Z,unit-property,0,0,0,0,0,0,FALSE,0,14811,1031,1,0,3.0319444444444392,0
2026-05-28T19:00:00Z,unit-property,12,12,12,1,0,7000,FALSE,1,14823,1032,1,0.0019444444444444444,3.0338888888888835,48
2026-05-28T19:15:00Z,unit-property,0,0,0,0,0,0,FALSE,0,14823,1032,1,0,3.0338888888888835,0
2026-05-28T19:30:00Z,unit-property,0,0,0,0,0,0,FALSE,0,14823,1032,1,0,3.0338888888888835,0
2026-05-28T19:45:00Z,unit-property,0,0,0,0,0,0,FALSE,0,14823,1032,1,0,3.0338888888888835,0
2026-05-28T20:00:00Z,unit-property,12,12,12,1,0,7000,FALSE,1,14835,1033,1,0.0019444444444444444,3.035833333333328,48
2026-05-28T20:15:00Z,unit-property,0,0,0,0,0,0,FALSE,0,14835,1033,1,0,3.035833333333328,0
2026-05-28T20:30:00Z,unit-property,0,0,0,0,0,0,FALSE,0,14835,1033,1,0,3.035833333333328,0
2026-05-28T20:45:00Z,unit-property,0,0,0,0,0,0,FALSE,0,14835,1033,1,0,3.035833333333328,0
2026-05-28T21:00:00Z,unit-property,0,0,0,0,0,0,FALSE,0,14835,1033,1,0,3.035833333333328,0
2026-05-28T21:15:00Z,unit-property,12,12,12,1,0,7000,FALSE,1,14847,1034,1,0.0019444444444444444,3.037777777777772,48
2026-05-28T21:30:00Z,unit-property,0,0,0,0,0,0,FALSE,0,14847,1034,1,0,3.037777777777772,0
2026-05-28T21:45:00Z,unit-property,0,0,0,0,0,0,FALSE,0,14847,1034,1,0,3.037777777777772,0
2026-05-28T22:00:00Z,unit-property,0,0,0,0,0,0,FALSE,0,14847,1034,1,0,3.037777777777772,0
2026-05-28T22:15:00Z,unit-property,12,12,12,1,0,7000,FALSE,1,14859,1035,1,0.0019444444444444444,3.0397222222222164,48
2026-05-28T22:30:00Z,unit-property,0,0,0,0,0,0,FALSE,0,14859,1035,1,0,3.0397222222222164,0
2026-05-28T22:45:00Z,unit-property,0,0,0,0,0,0,FALSE,0,14859,1035,1,0,3.0397222222222164,0
2026-05-28T23:00:00Z,unit-property,0,0,0,0,0,0,FALSE,0,14859,1035,1,0,3.0397222222222164,0
2026-05-28T23:15:00Z,unit-property,12,12,12,1,0,7000,FALSE,1,14871,1036,1,0.0019444444444444444,3.0416666666666607,48
2026-05-28T23:30:00Z,unit-property,0,0,0,0,0,0,FALSE,0,14871,1036,1,0,3.0416666666666607,0
2026-05-28T23:45:00Z,unit-property,0,0,0,0,0,0,FALSE,0,14871,1036,1,0,3.0416666666666607,0
2026-05-29T00:00:00Z,unit-property,0,0,0,0,0,0,FALSE,0,14871,1036,1,0,3.0416666666666607,0
2026-05-29T00:15:00Z,unit-property,12,12,12,1,0,8000,FALSE,1,14883,1037,1,0.0022222222222222222,3.043888888888883,48
2026-05-29T00:30:00Z,unit-property,0,0,0,0,0,0,FALSE,0,14883,1037,1,0,3.043888888888883,0
2026-05-29T00:45:00Z,unit-property,0,0,0,0,0,0,FALSE,0,14883,1037,1,0,3.043888888888883,0
2026-05-29T01:00:00Z,unit-property,0,0,0,0,0,0,FALSE,0,14883,1037,1,0,3.043888888888883,0
2026-05-29T01:15:00Z,unit-property,12,12,12,1,0,7000,FALSE,1,14895,1038,1,0.0019444444444444444,3.045833333333327,48
2026-05-29T01:30:00Z,unit-property,0,0,0,0,0,0,FALSE,0,14895,1038,1,0,3.045833333333327,0
2026-05-29T01:45:00Z,unit-property,0,0,0,0,0,0,FALSE,0,14895,1038,1,0,3.045833333333327,0
2026-05-29T02:00:00Z,unit-property,0,0,0,0,0,0,FALSE,0,14895,1038,1,0,3.045833333333327,0
2026-05-29T02:15:00Z,unit-property,0,0,0,0,0,0,FALSE,0,14895,1038,1,0,3.045833333333327,0
2026-05-29T02:30:00Z,unit-property,12,12,12,1,0,7000,FALSE,1,14907,1039,1,0.0019444444444444444,3.0477777777777715,48
2026-05-29T02:45:00Z,unit-property,0,0,0,0,0,0,FALSE,0,14907,1039,1,0,3.0477777777777715,0
2026-05-29T03:00:00Z,unit-property,0,0,0,0,0,0,FALSE,0,14907,1039,1,0,3.0477777777777715,0
2026-05-29T03:15:00Z,unit-property,0,0,0,0,0,0,FALSE,0,14907,1039,1,0,3.0477777777777715,0
2026-05-29T03:30:00Z,unit-property,12,12,12,1,0,8000,FALSE,1,14919,1040,1,0.0022222222222222222,3.0499999999999936,48
2026-05-29T03:45:00Z,unit-property,0,0,0,0,0,0,FALSE,0,14919,1040,1,0,3.0499999999999936,0
2026-05-29T04:00:00Z,unit-property,0,0,0,0,0,0,FALSE,0,14919,1040,1,0,3.0499999999999936,0
2026-05-29T04:15:00Z,unit-property,0,0,0,0,0,0,FALSE,0,14919,1040,1,0,3.0499999999999936,0
2026-05-29T04:30:00Z,unit-property,12,12,12,1,0,8000,FALSE,1,14931,1041,1,0.0022222222222222222,3.0522222222222157,48
2026-05-29T04:45:00Z,unit-property,0,0,0,0,0,0,FALSE,0,14931,1041,1,0,3.0522222222222157,0
2026-05-29T05:00:00Z,unit-property,0,0,0,0,0,0,FALSE,0,14931,1041,1,0,3.0522222222222157,0
2026-05-29T05:15:00Z,unit-property,0,0,0,0,0,0,FALSE,0,14931,1041,1,0,3.0522222222222157,0
2026-05-29T05:30:00Z,unit-property,0,0,0,0,0,0,FALSE,0,14931,1041,1,0,3.0522222222222157,0
2026-05-29T05:45:00Z,unit-property,12,12,12,1,0,8000,FALSE,1,14943,1042,1,0.0022222222222222222,3.054444444444438,48
2026-05-29T06:00:00Z,unit-property,0,0,0,0,0,0,FALSE,0,14943,1042,1,0,3.054444444444438,0
2026-05-29T06:15:00Z,unit-property,0,0,0,0,0,0,FALSE,0,14943,1042,1,0,3.054444444444438,0
2026-05-29T06:30:00Z,unit-property,0,0,0,0,0,0,FALSE,0,14943,1042,1,0,3.054444444444438,0
2026-05-29T06:45:00Z,unit-property,0,0,0,0,0,0,FALSE,0,14943,1042,1,0,3.054444444444438,0
2026-05-29T07:00:00Z,unit-property,0,0,0,0,0,0,FALSE,0,14943,1042,1,0,3.054444444444438,0
2026-05-29T07:15:00Z,unit-property,0,0,0,0,0,0,FALSE,0,14943,1042,1,0,3.054444444444438,0
2026-05-29T07:30:00Z,unit-property,0,0,0,0,0,0,FALSE,0,14943,1042,1,0,3.054444444444438,0
2026-05-29T07:45:00Z,unit-property,0,0,0,0,0,0,FALSE,0,14943,1042,1,0,3.054444444444438,0
2026-05-29T08:00:00Z,unit-property,0,0,0,0,0,0,FALSE,0,14943,1042,1,0,3.054444444444438,0
2026-05-29T08:15:00Z,unit-property,0,0,0,0,0,0,FALSE,0,14943,1042,1,0,3.054444444444438,0
2026-05-29T08:30:00Z,unit-property,0,0,0,0,0,0,FALSE,0,14943,1042,1,0,3.054444444444438,0
2026-05-29T08:45:00Z,unit-property,0,0,0,0,0,0,FALSE,0,14943,1042,1,0,3.054444444444438,0
2026-05-16T08:45:00Z,coverage-guided-lower-level,0,0,0,0,0,0,FALSE,0,0,0,0,0,0,0
2026-05-16T09:00:00Z,coverage-guided-lower-level,0,0,0,0,0,0,FALSE,0,0,0,0,0,0,0
2026-05-16T09:15:00Z,coverage-guided-lower-level,0,0,0,0,0,0,FALSE,0,0,0,0,0,0,0
2026-05-16T09:30:00Z,coverage-guided-lower-level,192,192,192,12,0,65206,FALSE,1,192,12,0,0.018112777777777776,0.018112777777777776,768
2026-05-16T09:45:00Z,coverage-guided-lower-level,434,434,434,28,0,233532,FALSE,1,626,40,0,0.06487,0.08298277777777777,1736
2026-05-16T10:00:00Z,coverage-guided-lower-level,672,672,672,42,0,567093,FALSE,1,1298,82,0,0.15752583333333334,0.2405086111111111,2688
2026-05-16T10:15:00Z,coverage-guided-lower-level,640,640,640,40,0,565461,FALSE,1,1938,122,0,0.1570725,0.3975811111111111,2560
2026-05-16T10:30:00Z,coverage-guided-lower-level,640,640,640,40,0,569832,FALSE,1,2578,162,0,0.15828666666666666,0.5558677777777777,2560
2026-05-16T10:45:00Z,coverage-guided-lower-level,672,672,672,42,0,595266,FALSE,1,3250,204,0,0.16535166666666667,0.7212194444444444,2688
2026-05-16T11:00:00Z,coverage-guided-lower-level,640,640,640,40,0,573668,FALSE,1,3890,244,0,0.15935222222222223,0.8805716666666666,2560
2026-05-16T11:15:00Z,coverage-guided-lower-level,640,640,640,40,0,571550,FALSE,1,4530,284,0,0.1587638888888889,1.0393355555555555,2560
2026-05-16T11:30:00Z,coverage-guided-lower-level,640,640,640,40,0,572011,FALSE,1,5170,324,0,0.15889194444444443,1.1982274999999998,2560
2026-05-16T11:45:00Z,coverage-guided-lower-level,656,656,656,41,0,580266,FALSE,1,5826,365,0,0.161185,1.3594124999999997,2624
2026-05-16T12:00:00Z,coverage-guided-lower-level,656,656,656,41,0,585396,FALSE,1,6482,406,0,0.16261,1.5220224999999996,2624
2026-05-16T12:15:00Z,coverage-guided-lower-level,640,640,640,40,0,585541,FALSE,1,7122,446,0,0.16265027777777777,1.6846727777777775,2560
2026-05-16T12:30:00Z,coverage-guided-lower-level,640,640,640,40,0,587834,FALSE,1,7762,486,0,0.16328722222222222,1.8479599999999996,2560
2026-05-16T12:45:00Z,coverage-guided-lower-level,640,640,640,40,0,587221,FALSE,1,8402,526,0,0.16311694444444444,2.011076944444444,2560
2026-05-16T13:00:00Z,coverage-guided-lower-level,672,672,672,42,0,563808,FALSE,1,9074,568,0,0.15661333333333333,2.1676902777777776,2688
2026-05-16T13:15:00Z,coverage-guided-lower-level,640,640,640,40,0,538615,FALSE,1,9714,608,0,0.14961527777777778,2.3173055555555555,2560
2026-05-16T13:30:00Z,coverage-guided-lower-level,672,672,672,42,0,543339,FALSE,1,10386,650,0,0.1509275,2.4682330555555554,2688
2026-05-16T13:45:00Z,coverage-guided-lower-level,672,672,672,42,0,566757,FALSE,1,11058,692,0,0.1574325,2.6256655555555555,2688
2026-05-16T14:00:00Z,coverage-guided-lower-level,640,640,640,40,0,544439,FALSE,1,11698,732,0,0.15123305555555555,2.776898611111111,2560
2026-05-16T14:15:00Z,coverage-guided-lower-level,656,656,656,41,0,594491,FALSE,1,12354,773,0,0.1651363888888889,2.942035,2624
2026-05-16T14:30:00Z,coverage-guided-lower-level,656,656,656,41,0,550198,FALSE,1,13010,814,0,0.1528327777777778,3.094867777777778,2624
2026-05-16T14:45:00Z,coverage-guided-lower-level,658,658,658,42,0,597102,FALSE,1,13668,856,0,0.16586166666666666,3.260729444444445,2632
2026-05-16T15:00:00Z,coverage-guided-lower-level,624,624,624,39,0,582135,FALSE,1,14292,895,0,0.16170416666666668,3.4224336111111113,2496
2026-05-16T15:15:00Z,coverage-guided-lower-level,624,624,624,39,0,654133,FALSE,1,14916,934,0,0.1817036111111111,3.6041372222222225,2496
2026-05-16T15:30:00Z,coverage-guided-lower-level,656,656,528,41,8,578733,FALSE,1,15572,975,8,0.16075916666666668,3.7648963888888893,2624
2026-05-16T15:45:00Z,coverage-guided-lower-level,640,640,640,40,0,569681,FALSE,1,16212,1015,8,0.15824472222222222,3.9231411111111116,2560
2026-05-16T16:00:00Z,coverage-guided-lower-level,640,640,640,40,0,579896,FALSE,1,16852,1055,8,0.1610822222222222,4.084223333333334,2560
2026-05-16T16:15:00Z,coverage-guided-lower-level,658,658,658,42,0,605365,FALSE,1,17510,1097,8,0.16815694444444446,4.252380277777778,2632
2026-05-16T16:30:00Z,coverage-guided-lower-level,656,656,656,41,0,577918,FALSE,1,18166,1138,8,0.16053277777777777,4.412913055555556,2624
2026-05-16T16:45:00Z,coverage-guided-lower-level,640,640,640,40,0,578478,FALSE,1,18806,1178,8,0.16068833333333332,4.573601388888889,2560
2026-05-16T17:00:00Z,coverage-guided-lower-level,640,640,640,40,0,589418,FALSE,1,19446,1218,8,0.16372722222222222,4.737328611111112,2560
2026-05-16T17:15:00Z,coverage-guided-lower-level,1504,1504,1488,94,1,1366051,FALSE,1,20950,1312,9,0.3794586111111111,5.116787222222223,6016
2026-05-16T17:30:00Z,coverage-guided-lower-level,1936,1936,1936,121,0,1775819,FALSE,1,22886,1433,9,0.49328305555555557,5.610070277777779,7744
2026-05-16T17:45:00Z,coverage-guided-lower-level,2416,2416,2416,112,0,1660145,FALSE,1,25302,1545,9,0.4611513888888889,6.071221666666668,9664
2026-05-16T18:00:00Z,coverage-guided-lower-level,5120,5120,5120,80,0,889983,FALSE,1,30422,1625,9,0.2472175,6.318439166666668,20480
2026-05-16T18:15:00Z,coverage-guided-lower-level,7680,7680,7680,120,0,884116,FALSE,1,38102,1745,9,0.24558777777777777,6.5640269444444455,30720
2026-05-16T18:30:00Z,coverage-guided-lower-level,7616,7616,7616,119,0,886974,FALSE,1,45718,1864,9,0.24638166666666667,6.810408611111112,30464
2026-05-16T18:45:00Z,coverage-guided-lower-level,7810,7810,7810,123,0,896272,FALSE,1,53528,1987,9,0.24896444444444443,7.0593730555555565,31240
2026-05-16T19:00:00Z,coverage-guided-lower-level,7616,7616,7616,119,0,882634,FALSE,1,61144,2106,9,0.24517611111111112,7.304549166666668,30464
2026-05-16T19:15:00Z,coverage-guided-lower-level,7744,7744,7744,121,0,887826,FALSE,1,68888,2227,9,0.24661833333333333,7.551167500000001,30976
2026-05-16T19:30:00Z,coverage-guided-lower-level,7616,7616,7616,119,0,887179,FALSE,1,76504,2346,9,0.24643861111111112,7.797606111111112,30464
2026-05-16T19:45:00Z,coverage-guided-lower-level,7616,7616,7616,119,0,884049,FALSE,1,84120,2465,9,0.24556916666666667,8.04317527777778,30464
2026-05-16T20:00:00Z,coverage-guided-lower-level,5952,5952,5952,93,0,891232,FALSE,1,90072,2558,9,0.24756444444444445,8.290739722222224,23808
2026-05-16T20:15:00Z,coverage-guided-lower-level,7618,7618,7618,120,0,891050,FALSE,1,97690,2678,9,0.2475138888888889,8.538253611111113,30472
2026-05-16T20:30:00Z,coverage-guided-lower-level,7744,7744,7744,121,0,885669,FALSE,1,105434,2799,9,0.24601916666666668,8.78427277777778,30976
2026-05-16T20:45:00Z,coverage-guided-lower-level,7680,7680,7680,120,0,885609,FALSE,1,113114,2919,9,0.2460025,9.030275277777779,30720
2026-05-16T21:00:00Z,coverage-guided-lower-level,7810,7810,7746,123,1,891515,FALSE,1,120924,3042,10,0.24764305555555555,9.277918333333334,31240
2026-05-16T21:15:00Z,coverage-guided-lower-level,8128,8128,7936,127,3,889655,FALSE,1,129052,3169,13,0.24712638888888888,9.525044722222223,32512
2026-05-16T21:30:00Z,coverage-guided-lower-level,8386,8386,8194,132,3,897645,FALSE,1,137438,3301,16,0.24934583333333332,9.774390555555556,33544
2026-05-16T21:45:00Z,coverage-guided-lower-level,9920,9920,7936,155,31,884076,FALSE,1,147358,3456,47,0.24557666666666667,10.019967222222222,39680
2026-05-16T22:00:00Z,coverage-guided-lower-level,12160,12160,8000,190,65,885950,FALSE,1,159518,3646,112,0.24609722222222222,10.266064444444444,48640
2026-05-16T22:15:00Z,coverage-guided-lower-level,10240,10240,7232,160,47,885690,FALSE,1,169758,3806,159,0.246025,10.512089444444443,40960
2026-05-16T22:30:00Z,coverage-guided-lower-level,8320,8320,8320,130,0,887462,FALSE,1,178078,3936,159,0.24651722222222222,10.758606666666665,33280
2026-05-16T22:45:00Z,coverage-guided-lower-level,8320,8320,8320,130,0,884270,FALSE,1,186398,4066,159,0.24563055555555555,11.004237222222221,33280
2026-05-16T23:00:00Z,coverage-guided-lower-level,8896,8896,8896,139,0,890257,FALSE,1,195294,4205,159,0.24729361111111112,11.251530833333332,35584
2026-05-16T23:15:00Z,coverage-guided-lower-level,8768,8768,8768,137,0,879660,FALSE,1,204062,4342,159,0.24435,11.495880833333333,35072
2026-05-16T23:30:00Z,coverage-guided-lower-level,8832,8832,8832,138,0,886498,FALSE,1,212894,4480,159,0.24624944444444444,11.742130277777777,35328
2026-05-16T23:45:00Z,coverage-guided-lower-level,8704,8704,8704,136,0,889732,FALSE,1,221598,4616,159,0.24714777777777777,11.989278055555555,34816
2026-05-17T00:00:00Z,coverage-guided-lower-level,8256,8256,8256,129,0,884006,FALSE,1,229854,4745,159,0.24555722222222223,12.234835277777778,33024
2026-05-17T00:15:00Z,coverage-guided-lower-level,7680,7680,7680,120,0,885923,FALSE,1,237534,4865,159,0.24608972222222222,12.480925000000001,30720
2026-05-17T00:30:00Z,coverage-guided-lower-level,8002,8002,8002,126,0,897477,FALSE,1,245536,4991,159,0.24929916666666666,12.730224166666668,32008
2026-05-17T00:45:00Z,coverage-guided-lower-level,7232,7232,7232,113,0,884593,FALSE,1,252768,5104,159,0.24572027777777777,12.975944444444446,28928
2026-05-17T01:00:00Z,coverage-guided-lower-level,8384,8384,8384,131,0,895408,FALSE,1,261152,5235,159,0.24872444444444444,13.22466888888889,33536
2026-05-17T01:15:00Z,coverage-guided-lower-level,8384,8384,8384,131,0,884722,FALSE,1,269536,5366,159,0.24575611111111112,13.470425000000002,33536
2026-05-17T01:30:00Z,coverage-guided-lower-level,7811,7811,7811,124,0,897154,FALSE,1,277347,5490,159,0.24920944444444446,13.719634444444447,31244
2026-05-17T01:45:00Z,coverage-guided-lower-level,6784,6784,6784,106,0,891729,FALSE,1,284131,5596,159,0.2477025,13.967336944444448,27136
2026-05-17T02:00:00Z,coverage-guided-lower-level,8258,8258,8258,130,0,895700,FALSE,1,292389,5726,159,0.24880555555555556,14.216142500000004,33032
2026-05-17T02:15:00Z,coverage-guided-lower-level,8128,8128,8128,127,0,889147,FALSE,1,300517,5853,159,0.2469852777777778,14.463127777777782,32512
2026-05-17T02:30:00Z,coverage-guided-lower-level,7810,7810,7810,123,0,897550,FALSE,1,308327,5976,159,0.24931944444444445,14.712447222222226,31240
2026-05-17T02:45:00Z,coverage-guided-lower-level,6592,6592,6592,103,0,889351,FALSE,1,314919,6079,159,0.24704194444444444,14.95948916666667,26368
2026-05-17T03:00:00Z,coverage-guided-lower-level,8064,8064,8064,126,0,886757,FALSE,1,322983,6205,159,0.24632138888888888,15.205810555555558,32256
2026-05-17T03:15:00Z,coverage-guided-lower-level,7808,7808,7808,122,0,886601,FALSE,1,330791,6327,159,0.24627805555555554,15.452088611111114,31232
2026-05-17T03:30:00Z,coverage-guided-lower-level,7680,7680,7680,120,0,893275,FALSE,1,338471,6447,159,0.24813194444444445,15.700220555555559,30720
2026-05-17T03:45:00Z,coverage-guided-lower-level,6516,6516,6516,124,0,1108240,FALSE,1,344987,6571,159,0.3078444444444444,16.008065000000002,26064
2026-05-17T04:00:00Z,coverage-guided-lower-level,9890,9890,9890,262,0,1787295,FALSE,1,354877,6833,159,0.4964708333333333,16.504535833333335,39560
2026-05-17T04:15:00Z,coverage-guided-lower-level,9600,9600,9600,252,0,1790587,FALSE,1,364477,7085,159,0.4973852777777778,17.001921111111113,38400
2026-05-17T04:30:00Z,coverage-guided-lower-level,9922,9922,9922,261,0,1804806,FALSE,1,374399,7346,159,0.501335,17.503256111111114,39688
2026-05-17T04:45:00Z,coverage-guided-lower-level,9648,9648,9648,237,0,1618096,FALSE,1,384047,7583,159,0.4494711111111111,17.952727222222226,38592
2026-05-17T05:00:00Z,coverage-guided-lower-level,8960,8960,8960,161,0,1061557,FALSE,1,393007,7744,159,0.29487694444444446,18.24760416666667,35840
2026-05-17T05:15:00Z,coverage-guided-lower-level,8000,8000,8000,125,0,886080,FALSE,1,401007,7869,159,0.24613333333333334,18.4937375,32000
2026-05-17T05:30:00Z,coverage-guided-lower-level,8128,8128,8128,127,0,893332,FALSE,1,409135,7996,159,0.24814777777777777,18.74188527777778,32512
2026-05-17T05:45:00Z,coverage-guided-lower-level,8000,8000,8000,125,0,891915,FALSE,1,417135,8121,159,0.24775416666666666,18.989639444444446,32000
2026-05-17T06:00:00Z,coverage-guided-lower-level,8128,8128,8128,127,0,883975,FALSE,1,425263,8248,159,0.24554861111111112,19.235188055555557,32512
2026-05-17T06:15:00Z,coverage-guided-lower-level,3072,3072,3072,78,0,533613,FALSE,1,428335,8326,159,0.14822583333333333,19.383413888888892,12288
2026-05-17T06:30:00Z,coverage-guided-lower-level,0,0,0,0,0,0,FALSE,0,428335,8326,159,0,19.383413888888892,0
2026-05-17T06:45:00Z,coverage-guided-lower-level,0,0,0,0,0,0,FALSE,0,428335,8326,159,0,19.383413888888892,0
2026-05-17T07:00:00Z,coverage-guided-lower-level,0,0,0,0,0,0,FALSE,0,428335,8326,159,0,19.383413888888892,0
2026-05-17T07:15:00Z,coverage-guided-lower-level,0,0,0,0,0,0,FALSE,0,428335,8326,159,0,19.383413888888892,0
2026-05-17T07:30:00Z,coverage-guided-lower-level,0,0,0,0,0,0,FALSE,0,428335,8326,159,0,19.383413888888892,0
2026-05-17T07:45:00Z,coverage-guided-lower-level,0,0,0,0,0,0,FALSE,0,428335,8326,159,0,19.383413888888892,0
2026-05-17T08:00:00Z,coverage-guided-lower-level,0,0,0,0,0,0,FALSE,0,428335,8326,159,0,19.383413888888892,0
2026-05-17T08:15:00Z,coverage-guided-lower-level,0,0,0,0,0,0,FALSE,0,428335,8326,159,0,19.383413888888892,0
2026-05-17T08:30:00Z,coverage-guided-lower-level,0,0,0,0,0,0,FALSE,0,428335,8326,159,0,19.383413888888892,0
2026-05-17T08:45:00Z,coverage-guided-lower-level,0,0,0,0,0,0,FALSE,0,428335,8326,159,0,19.383413888888892,0
2026-05-17T09:00:00Z,coverage-guided-lower-level,0,0,0,0,0,0,FALSE,0,428335,8326,159,0,19.383413888888892,0
2026-05-17T09:15:00Z,coverage-guided-lower-level,0,0,0,0,0,0,FALSE,0,428335,8326,159,0,19.383413888888892,0
2026-05-17T09:30:00Z,coverage-guided-lower-level,0,0,0,0,0,0,FALSE,0,428335,8326,159,0,19.383413888888892,0
2026-05-17T09:45:00Z,coverage-guided-lower-level,0,0,0,0,0,0,FALSE,0,428335,8326,159,0,19.383413888888892,0
2026-05-17T10:00:00Z,coverage-guided-lower-level,0,0,0,0,0,0,FALSE,0,428335,8326,159,0,19.383413888888892,0
2026-05-17T10:15:00Z,coverage-guided-lower-level,0,0,0,0,0,0,FALSE,0,428335,8326,159,0,19.383413888888892,0
2026-05-17T10:30:00Z,coverage-guided-lower-level,0,0,0,0,0,0,FALSE,0,428335,8326,159,0,19.383413888888892,0
2026-05-17T10:45:00Z,coverage-guided-lower-level,0,0,0,0,0,0,FALSE,0,428335,8326,159,0,19.383413888888892,0
2026-05-17T11:00:00Z,coverage-guided-lower-level,0,0,0,0,0,0,FALSE,0,428335,8326,159,0,19.383413888888892,0
2026-05-17T11:15:00Z,coverage-guided-lower-level,0,0,0,0,0,0,FALSE,0,428335,8326,159,0,19.383413888888892,0
2026-05-17T11:30:00Z,coverage-guided-lower-level,0,0,0,0,0,0,FALSE,0,428335,8326,159,0,19.383413888888892,0
2026-05-17T11:45:00Z,coverage-guided-lower-level,0,0,0,0,0,0,FALSE,0,428335,8326,159,0,19.383413888888892,0
2026-05-17T12:00:00Z,coverage-guided-lower-level,0,0,0,0,0,0,FALSE,0,428335,8326,159,0,19.383413888888892,0
2026-05-17T12:15:00Z,coverage-guided-lower-level,0,0,0,0,0,0,FALSE,0,428335,8326,159,0,19.383413888888892,0
2026-05-17T12:30:00Z,coverage-guided-lower-level,0,0,0,0,0,0,FALSE,0,428335,8326,159,0,19.383413888888892,0
2026-05-17T12:45:00Z,coverage-guided-lower-level,0,0,0,0,0,0,FALSE,0,428335,8326,159,0,19.383413888888892,0
2026-05-17T13:00:00Z,coverage-guided-lower-level,0,0,0,0,0,0,FALSE,0,428335,8326,159,0,19.383413888888892,0
2026-05-17T13:15:00Z,coverage-guided-lower-level,0,0,0,0,0,0,FALSE,0,428335,8326,159,0,19.383413888888892,0
2026-05-17T13:30:00Z,coverage-guided-lower-level,0,0,0,0,0,0,FALSE,0,428335,8326,159,0,19.383413888888892,0
2026-05-17T13:45:00Z,coverage-guided-lower-level,0,0,0,0,0,0,FALSE,0,428335,8326,159,0,19.383413888888892,0
2026-05-17T14:00:00Z,coverage-guided-lower-level,0,0,0,0,0,0,FALSE,0,428335,8326,159,0,19.383413888888892,0
2026-05-17T14:15:00Z,coverage-guided-lower-level,0,0,0,0,0,0,FALSE,0,428335,8326,159,0,19.383413888888892,0
2026-05-17T14:30:00Z,coverage-guided-lower-level,0,0,0,0,0,0,FALSE,0,428335,8326,159,0,19.383413888888892,0
2026-05-17T14:45:00Z,coverage-guided-lower-level,0,0,0,0,0,0,FALSE,0,428335,8326,159,0,19.383413888888892,0
2026-05-17T15:00:00Z,coverage-guided-lower-level,0,0,0,0,0,0,FALSE,0,428335,8326,159,0,19.383413888888892,0
2026-05-17T15:15:00Z,coverage-guided-lower-level,0,0,0,0,0,0,FALSE,0,428335,8326,159,0,19.383413888888892,0
2026-05-17T15:30:00Z,coverage-guided-lower-level,0,0,0,0,0,0,FALSE,0,428335,8326,159,0,19.383413888888892,0
2026-05-17T15:45:00Z,coverage-guided-lower-level,0,0,0,0,0,0,FALSE,0,428335,8326,159,0,19.383413888888892,0
2026-05-17T16:00:00Z,coverage-guided-lower-level,0,0,0,0,0,0,FALSE,0,428335,8326,159,0,19.383413888888892,0
2026-05-17T16:15:00Z,coverage-guided-lower-level,0,0,0,0,0,0,FALSE,0,428335,8326,159,0,19.383413888888892,0
2026-05-17T16:30:00Z,coverage-guided-lower-level,0,0,0,0,0,0,FALSE,0,428335,8326,159,0,19.383413888888892,0
2026-05-17T16:45:00Z,coverage-guided-lower-level,0,0,0,0,0,0,FALSE,0,428335,8326,159,0,19.383413888888892,0
2026-05-17T17:00:00Z,coverage-guided-lower-level,0,0,0,0,0,0,FALSE,0,428335,8326,159,0,19.383413888888892,0
2026-05-17T17:15:00Z,coverage-guided-lower-level,0,0,0,0,0,0,FALSE,0,428335,8326,159,0,19.383413888888892,0
2026-05-17T17:30:00Z,coverage-guided-lower-level,0,0,0,0,0,0,FALSE,0,428335,8326,159,0,19.383413888888892,0
2026-05-17T17:45:00Z,coverage-guided-lower-level,0,0,0,0,0,0,FALSE,0,428335,8326,159,0,19.383413888888892,0
2026-05-17T18:00:00Z,coverage-guided-lower-level,0,0,0,0,0,0,FALSE,0,428335,8326,159,0,19.383413888888892,0
2026-05-17T18:15:00Z,coverage-guided-lower-level,0,0,0,0,0,0,FALSE,0,428335,8326,159,0,19.383413888888892,0
2026-05-17T18:30:00Z,coverage-guided-lower-level,0,0,0,0,0,0,FALSE,0,428335,8326,159,0,19.383413888888892,0
2026-05-17T18:45:00Z,coverage-guided-lower-level,0,0,0,0,0,0,FALSE,0,428335,8326,159,0,19.383413888888892,0
2026-05-17T19:00:00Z,coverage-guided-lower-level,0,0,0,0,0,0,FALSE,0,428335,8326,159,0,19.383413888888892,0
2026-05-17T19:15:00Z,coverage-guided-lower-level,0,0,0,0,0,0,FALSE,0,428335,8326,159,0,19.383413888888892,0
2026-05-17T19:30:00Z,coverage-guided-lower-level,0,0,0,0,0,0,FALSE,0,428335,8326,159,0,19.383413888888892,0
2026-05-17T19:45:00Z,coverage-guided-lower-level,0,0,0,0,0,0,FALSE,0,428335,8326,159,0,19.383413888888892,0
2026-05-17T20:00:00Z,coverage-guided-lower-level,0,0,0,0,0,0,FALSE,0,428335,8326,159,0,19.383413888888892,0
2026-05-17T20:15:00Z,coverage-guided-lower-level,0,0,0,0,0,0,FALSE,0,428335,8326,159,0,19.383413888888892,0
2026-05-17T20:30:00Z,coverage-guided-lower-level,0,0,0,0,0,0,FALSE,0,428335,8326,159,0,19.383413888888892,0
2026-05-17T20:45:00Z,coverage-guided-lower-level,0,0,0,0,0,0,FALSE,0,428335,8326,159,0,19.383413888888892,0
2026-05-17T21:00:00Z,coverage-guided-lower-level,0,0,0,0,0,0,FALSE,0,428335,8326,159,0,19.383413888888892,0
2026-05-17T21:15:00Z,coverage-guided-lower-level,0,0,0,0,0,0,FALSE,0,428335,8326,159,0,19.383413888888892,0
2026-05-17T21:30:00Z,coverage-guided-lower-level,0,0,0,0,0,0,FALSE,0,428335,8326,159,0,19.383413888888892,0
2026-05-17T21:45:00Z,coverage-guided-lower-level,0,0,0,0,0,0,FALSE,0,428335,8326,159,0,19.383413888888892,0
2026-05-17T22:00:00Z,coverage-guided-lower-level,0,0,0,0,0,0,FALSE,0,428335,8326,159,0,19.383413888888892,0
2026-05-17T22:15:00Z,coverage-guided-lower-level,0,0,0,0,0,0,FALSE,0,428335,8326,159,0,19.383413888888892,0
2026-05-17T22:30:00Z,coverage-guided-lower-level,0,0,0,0,0,0,FALSE,0,428335,8326,159,0,19.383413888888892,0
2026-05-17T22:45:00Z,coverage-guided-lower-level,0,0,0,0,0,0,FALSE,0,428335,8326,159,0,19.383413888888892,0
2026-05-17T23:00:00Z,coverage-guided-lower-level,0,0,0,0,0,0,FALSE,0,428335,8326,159,0,19.383413888888892,0
2026-05-17T23:15:00Z,coverage-guided-lower-level,0,0,0,0,0,0,FALSE,0,428335,8326,159,0,19.383413888888892,0
2026-05-17T23:30:00Z,coverage-guided-lower-level,0,0,0,0,0,0,FALSE,0,428335,8326,159,0,19.383413888888892,0
2026-05-17T23:45:00Z,coverage-guided-lower-level,0,0,0,0,0,0,FALSE,0,428335,8326,159,0,19.383413888888892,0
2026-05-18T00:00:00Z,coverage-guided-lower-level,5792,5792,5792,181,0,1681132,FALSE,1,434127,8507,159,0.4669811111111111,19.850395000000002,23168
2026-05-18T00:15:00Z,coverage-guided-lower-level,6336,6336,6336,198,0,1794743,FALSE,1,440463,8705,159,0.4985397222222222,20.348934722222225,25344
2026-05-18T00:30:00Z,coverage-guided-lower-level,6272,6272,6272,196,0,1794151,FALSE,1,446735,8901,159,0.4983752777777778,20.847310000000004,25088
2026-05-18T00:45:00Z,coverage-guided-lower-level,1088,1088,1088,34,0,333916,FALSE,1,447823,8935,159,0.09275444444444444,20.94006444444445,4352
2026-05-18T01:00:00Z,coverage-guided-lower-level,0,0,0,0,0,0,FALSE,0,447823,8935,159,0,20.94006444444445,0
2026-05-18T01:15:00Z,coverage-guided-lower-level,0,0,0,0,0,0,FALSE,0,447823,8935,159,0,20.94006444444445,0
2026-05-18T01:30:00Z,coverage-guided-lower-level,0,0,0,0,0,0,FALSE,0,447823,8935,159,0,20.94006444444445,0
2026-05-18T01:45:00Z,coverage-guided-lower-level,0,0,0,0,0,0,FALSE,0,447823,8935,159,0,20.94006444444445,0
2026-05-18T02:00:00Z,coverage-guided-lower-level,0,0,0,0,0,0,FALSE,0,447823,8935,159,0,20.94006444444445,0
2026-05-18T02:15:00Z,coverage-guided-lower-level,0,0,0,0,0,0,FALSE,0,447823,8935,159,0,20.94006444444445,0
2026-05-18T02:30:00Z,coverage-guided-lower-level,0,0,0,0,0,0,FALSE,0,447823,8935,159,0,20.94006444444445,0
2026-05-18T02:45:00Z,coverage-guided-lower-level,0,0,0,0,0,0,FALSE,0,447823,8935,159,0,20.94006444444445,0
2026-05-18T03:00:00Z,coverage-guided-lower-level,0,0,0,0,0,0,FALSE,0,447823,8935,159,0,20.94006444444445,0
2026-05-18T03:15:00Z,coverage-guided-lower-level,0,0,0,0,0,0,FALSE,0,447823,8935,159,0,20.94006444444445,0
2026-05-18T03:30:00Z,coverage-guided-lower-level,0,0,0,0,0,0,FALSE,0,447823,8935,159,0,20.94006444444445,0
2026-05-18T03:45:00Z,coverage-guided-lower-level,0,0,0,0,0,0,FALSE,0,447823,8935,159,0,20.94006444444445,0
2026-05-18T04:00:00Z,coverage-guided-lower-level,0,0,0,0,0,0,FALSE,0,447823,8935,159,0,20.94006444444445,0
2026-05-18T04:15:00Z,coverage-guided-lower-level,0,0,0,0,0,0,FALSE,0,447823,8935,159,0,20.94006444444445,0
2026-05-18T04:30:00Z,coverage-guided-lower-level,0,0,0,0,0,0,FALSE,0,447823,8935,159,0,20.94006444444445,0
2026-05-18T04:45:00Z,coverage-guided-lower-level,0,0,0,0,0,0,FALSE,0,447823,8935,159,0,20.94006444444445,0
2026-05-18T05:00:00Z,coverage-guided-lower-level,0,0,0,0,0,0,FALSE,0,447823,8935,159,0,20.94006444444445,0
2026-05-18T05:15:00Z,coverage-guided-lower-level,0,0,0,0,0,0,FALSE,0,447823,8935,159,0,20.94006444444445,0
2026-05-18T05:30:00Z,coverage-guided-lower-level,0,0,0,0,0,0,FALSE,0,447823,8935,159,0,20.94006444444445,0
2026-05-18T05:45:00Z,coverage-guided-lower-level,0,0,0,0,0,0,FALSE,0,447823,8935,159,0,20.94006444444445,0
2026-05-18T06:00:00Z,coverage-guided-lower-level,0,0,0,0,0,0,FALSE,0,447823,8935,159,0,20.94006444444445,0
2026-05-18T06:15:00Z,coverage-guided-lower-level,0,0,0,0,0,0,FALSE,0,447823,8935,159,0,20.94006444444445,0
2026-05-18T06:30:00Z,coverage-guided-lower-level,0,0,0,0,0,0,FALSE,0,447823,8935,159,0,20.94006444444445,0
2026-05-18T06:45:00Z,coverage-guided-lower-level,0,0,0,0,0,0,FALSE,0,447823,8935,159,0,20.94006444444445,0
2026-05-18T07:00:00Z,coverage-guided-lower-level,0,0,0,0,0,0,FALSE,0,447823,8935,159,0,20.94006444444445,0
2026-05-18T07:15:00Z,coverage-guided-lower-level,0,0,0,0,0,0,FALSE,0,447823,8935,159,0,20.94006444444445,0
2026-05-18T07:30:00Z,coverage-guided-lower-level,0,0,0,0,0,0,FALSE,0,447823,8935,159,0,20.94006444444445,0
2026-05-18T07:45:00Z,coverage-guided-lower-level,0,0,0,0,0,0,FALSE,0,447823,8935,159,0,20.94006444444445,0
2026-05-18T08:00:00Z,coverage-guided-lower-level,0,0,0,0,0,0,FALSE,0,447823,8935,159,0,20.94006444444445,0
2026-05-18T08:15:00Z,coverage-guided-lower-level,0,0,0,0,0,0,FALSE,0,447823,8935,159,0,20.94006444444445,0
2026-05-18T08:30:00Z,coverage-guided-lower-level,0,0,0,0,0,0,FALSE,0,447823,8935,159,0,20.94006444444445,0
2026-05-18T08:45:00Z,coverage-guided-lower-level,0,0,0,0,0,0,FALSE,0,447823,8935,159,0,20.94006444444445,0
2026-05-18T09:00:00Z,coverage-guided-lower-level,0,0,0,0,0,0,FALSE,0,447823,8935,159,0,20.94006444444445,0
2026-05-18T09:15:00Z,coverage-guided-lower-level,0,0,0,0,0,0,FALSE,0,447823,8935,159,0,20.94006444444445,0
2026-05-18T09:30:00Z,coverage-guided-lower-level,0,0,0,0,0,0,FALSE,0,447823,8935,159,0,20.94006444444445,0
2026-05-18T09:45:00Z,coverage-guided-lower-level,0,0,0,0,0,0,FALSE,0,447823,8935,159,0,20.94006444444445,0
2026-05-18T10:00:00Z,coverage-guided-lower-level,0,0,0,0,0,0,FALSE,0,447823,8935,159,0,20.94006444444445,0
2026-05-18T10:15:00Z,coverage-guided-lower-level,0,0,0,0,0,0,FALSE,0,447823,8935,159,0,20.94006444444445,0
2026-05-18T10:30:00Z,coverage-guided-lower-level,0,0,0,0,0,0,FALSE,0,447823,8935,159,0,20.94006444444445,0
2026-05-18T10:45:00Z,coverage-guided-lower-level,0,0,0,0,0,0,FALSE,0,447823,8935,159,0,20.94006444444445,0
2026-05-18T11:00:00Z,coverage-guided-lower-level,0,0,0,0,0,0,FALSE,0,447823,8935,159,0,20.94006444444445,0
2026-05-18T11:15:00Z,coverage-guided-lower-level,0,0,0,0,0,0,FALSE,0,447823,8935,159,0,20.94006444444445,0
2026-05-18T11:30:00Z,coverage-guided-lower-level,0,0,0,0,0,0,FALSE,0,447823,8935,159,0,20.94006444444445,0
2026-05-18T11:45:00Z,coverage-guided-lower-level,0,0,0,0,0,0,FALSE,0,447823,8935,159,0,20.94006444444445,0
2026-05-18T12:00:00Z,coverage-guided-lower-level,0,0,0,0,0,0,FALSE,0,447823,8935,159,0,20.94006444444445,0
2026-05-18T12:15:00Z,coverage-guided-lower-level,0,0,0,0,0,0,FALSE,0,447823,8935,159,0,20.94006444444445,0
2026-05-18T12:30:00Z,coverage-guided-lower-level,0,0,0,0,0,0,FALSE,0,447823,8935,159,0,20.94006444444445,0
2026-05-18T12:45:00Z,coverage-guided-lower-level,0,0,0,0,0,0,FALSE,0,447823,8935,159,0,20.94006444444445,0
2026-05-18T13:00:00Z,coverage-guided-lower-level,0,0,0,0,0,0,FALSE,0,447823,8935,159,0,20.94006444444445,0
2026-05-18T13:15:00Z,coverage-guided-lower-level,0,0,0,0,0,0,FALSE,0,447823,8935,159,0,20.94006444444445,0
2026-05-18T13:30:00Z,coverage-guided-lower-level,0,0,0,0,0,0,FALSE,0,447823,8935,159,0,20.94006444444445,0
2026-05-18T13:45:00Z,coverage-guided-lower-level,0,0,0,0,0,0,FALSE,0,447823,8935,159,0,20.94006444444445,0
2026-05-18T14:00:00Z,coverage-guided-lower-level,0,0,0,0,0,0,FALSE,0,447823,8935,159,0,20.94006444444445,0
2026-05-18T14:15:00Z,coverage-guided-lower-level,0,0,0,0,0,0,FALSE,0,447823,8935,159,0,20.94006444444445,0
2026-05-18T14:30:00Z,coverage-guided-lower-level,0,0,0,0,0,0,FALSE,0,447823,8935,159,0,20.94006444444445,0
2026-05-18T14:45:00Z,coverage-guided-lower-level,0,0,0,0,0,0,FALSE,0,447823,8935,159,0,20.94006444444445,0
2026-05-18T15:00:00Z,coverage-guided-lower-level,0,0,0,0,0,0,FALSE,0,447823,8935,159,0,20.94006444444445,0
2026-05-18T15:15:00Z,coverage-guided-lower-level,0,0,0,0,0,0,FALSE,0,447823,8935,159,0,20.94006444444445,0
2026-05-18T15:30:00Z,coverage-guided-lower-level,0,0,0,0,0,0,FALSE,0,447823,8935,159,0,20.94006444444445,0
2026-05-18T15:45:00Z,coverage-guided-lower-level,0,0,0,0,0,0,FALSE,0,447823,8935,159,0,20.94006444444445,0
2026-05-18T16:00:00Z,coverage-guided-lower-level,0,0,0,0,0,0,FALSE,0,447823,8935,159,0,20.94006444444445,0
2026-05-18T16:15:00Z,coverage-guided-lower-level,0,0,0,0,0,0,FALSE,0,447823,8935,159,0,20.94006444444445,0
2026-05-18T16:30:00Z,coverage-guided-lower-level,0,0,0,0,0,0,FALSE,0,447823,8935,159,0,20.94006444444445,0
2026-05-18T16:45:00Z,coverage-guided-lower-level,0,0,0,0,0,0,FALSE,0,447823,8935,159,0,20.94006444444445,0
2026-05-18T17:00:00Z,coverage-guided-lower-level,0,0,0,0,0,0,FALSE,0,447823,8935,159,0,20.94006444444445,0
2026-05-18T17:15:00Z,coverage-guided-lower-level,0,0,0,0,0,0,FALSE,0,447823,8935,159,0,20.94006444444445,0
2026-05-18T17:30:00Z,coverage-guided-lower-level,0,0,0,0,0,0,FALSE,0,447823,8935,159,0,20.94006444444445,0
2026-05-18T17:45:00Z,coverage-guided-lower-level,0,0,0,0,0,0,FALSE,0,447823,8935,159,0,20.94006444444445,0
2026-05-18T18:00:00Z,coverage-guided-lower-level,0,0,0,0,0,0,FALSE,0,447823,8935,159,0,20.94006444444445,0
2026-05-18T18:15:00Z,coverage-guided-lower-level,0,0,0,0,0,0,FALSE,0,447823,8935,159,0,20.94006444444445,0
2026-05-18T18:30:00Z,coverage-guided-lower-level,0,0,0,0,0,0,FALSE,0,447823,8935,159,0,20.94006444444445,0
2026-05-18T18:45:00Z,coverage-guided-lower-level,0,0,0,0,0,0,FALSE,0,447823,8935,159,0,20.94006444444445,0
2026-05-18T19:00:00Z,coverage-guided-lower-level,0,0,0,0,0,0,FALSE,0,447823,8935,159,0,20.94006444444445,0
2026-05-18T19:15:00Z,coverage-guided-lower-level,0,0,0,0,0,0,FALSE,0,447823,8935,159,0,20.94006444444445,0
2026-05-18T19:30:00Z,coverage-guided-lower-level,0,0,0,0,0,0,FALSE,0,447823,8935,159,0,20.94006444444445,0
2026-05-18T19:45:00Z,coverage-guided-lower-level,0,0,0,0,0,0,FALSE,0,447823,8935,159,0,20.94006444444445,0
2026-05-18T20:00:00Z,coverage-guided-lower-level,0,0,0,0,0,0,FALSE,0,447823,8935,159,0,20.94006444444445,0
2026-05-18T20:15:00Z,coverage-guided-lower-level,0,0,0,0,0,0,FALSE,0,447823,8935,159,0,20.94006444444445,0
2026-05-18T20:30:00Z,coverage-guided-lower-level,0,0,0,0,0,0,FALSE,0,447823,8935,159,0,20.94006444444445,0
2026-05-18T20:45:00Z,coverage-guided-lower-level,0,0,0,0,0,0,FALSE,0,447823,8935,159,0,20.94006444444445,0
2026-05-18T21:00:00Z,coverage-guided-lower-level,0,0,0,0,0,0,FALSE,0,447823,8935,159,0,20.94006444444445,0
2026-05-18T21:15:00Z,coverage-guided-lower-level,0,0,0,0,0,0,FALSE,0,447823,8935,159,0,20.94006444444445,0
2026-05-18T21:30:00Z,coverage-guided-lower-level,0,0,0,0,0,0,FALSE,0,447823,8935,159,0,20.94006444444445,0
2026-05-18T21:45:00Z,coverage-guided-lower-level,0,0,0,0,0,0,FALSE,0,447823,8935,159,0,20.94006444444445,0
2026-05-18T22:00:00Z,coverage-guided-lower-level,0,0,0,0,0,0,FALSE,0,447823,8935,159,0,20.94006444444445,0
2026-05-18T22:15:00Z,coverage-guided-lower-level,0,0,0,0,0,0,FALSE,0,447823,8935,159,0,20.94006444444445,0
2026-05-18T22:30:00Z,coverage-guided-lower-level,0,0,0,0,0,0,FALSE,0,447823,8935,159,0,20.94006444444445,0
2026-05-18T22:45:00Z,coverage-guided-lower-level,0,0,0,0,0,0,FALSE,0,447823,8935,159,0,20.94006444444445,0
2026-05-18T23:00:00Z,coverage-guided-lower-level,0,0,0,0,0,0,FALSE,0,447823,8935,159,0,20.94006444444445,0
2026-05-18T23:15:00Z,coverage-guided-lower-level,0,0,0,0,0,0,FALSE,0,447823,8935,159,0,20.94006444444445,0
2026-05-18T23:30:00Z,coverage-guided-lower-level,0,0,0,0,0,0,FALSE,0,447823,8935,159,0,20.94006444444445,0
2026-05-18T23:45:00Z,coverage-guided-lower-level,0,0,0,0,0,0,FALSE,0,447823,8935,159,0,20.94006444444445,0
2026-05-19T00:00:00Z,coverage-guided-lower-level,0,0,0,0,0,0,FALSE,0,447823,8935,159,0,20.94006444444445,0
2026-05-19T00:15:00Z,coverage-guided-lower-level,0,0,0,0,0,0,FALSE,0,447823,8935,159,0,20.94006444444445,0
2026-05-19T00:30:00Z,coverage-guided-lower-level,0,0,0,0,0,0,FALSE,0,447823,8935,159,0,20.94006444444445,0
2026-05-19T00:45:00Z,coverage-guided-lower-level,0,0,0,0,0,0,FALSE,0,447823,8935,159,0,20.94006444444445,0
2026-05-19T01:00:00Z,coverage-guided-lower-level,0,0,0,0,0,0,FALSE,0,447823,8935,159,0,20.94006444444445,0
2026-05-19T01:15:00Z,coverage-guided-lower-level,0,0,0,0,0,0,FALSE,0,447823,8935,159,0,20.94006444444445,0
2026-05-19T01:30:00Z,coverage-guided-lower-level,0,0,0,0,0,0,FALSE,0,447823,8935,159,0,20.94006444444445,0
2026-05-19T01:45:00Z,coverage-guided-lower-level,0,0,0,0,0,0,FALSE,0,447823,8935,159,0,20.94006444444445,0
2026-05-19T02:00:00Z,coverage-guided-lower-level,0,0,0,0,0,0,FALSE,0,447823,8935,159,0,20.94006444444445,0
2026-05-19T02:15:00Z,coverage-guided-lower-level,0,0,0,0,0,0,FALSE,0,447823,8935,159,0,20.94006444444445,0
2026-05-19T02:30:00Z,coverage-guided-lower-level,0,0,0,0,0,0,FALSE,0,447823,8935,159,0,20.94006444444445,0
2026-05-19T02:45:00Z,coverage-guided-lower-level,0,0,0,0,0,0,FALSE,0,447823,8935,159,0,20.94006444444445,0
2026-05-19T03:00:00Z,coverage-guided-lower-level,0,0,0,0,0,0,FALSE,0,447823,8935,159,0,20.94006444444445,0
2026-05-19T03:15:00Z,coverage-guided-lower-level,0,0,0,0,0,0,FALSE,0,447823,8935,159,0,20.94006444444445,0
2026-05-19T03:30:00Z,coverage-guided-lower-level,0,0,0,0,0,0,FALSE,0,447823,8935,159,0,20.94006444444445,0
2026-05-19T03:45:00Z,coverage-guided-lower-level,0,0,0,0,0,0,FALSE,0,447823,8935,159,0,20.94006444444445,0
2026-05-19T04:00:00Z,coverage-guided-lower-level,0,0,0,0,0,0,FALSE,0,447823,8935,159,0,20.94006444444445,0
2026-05-19T04:15:00Z,coverage-guided-lower-level,0,0,0,0,0,0,FALSE,0,447823,8935,159,0,20.94006444444445,0
2026-05-19T04:30:00Z,coverage-guided-lower-level,0,0,0,0,0,0,FALSE,0,447823,8935,159,0,20.94006444444445,0
2026-05-19T04:45:00Z,coverage-guided-lower-level,0,0,0,0,0,0,FALSE,0,447823,8935,159,0,20.94006444444445,0
2026-05-19T05:00:00Z,coverage-guided-lower-level,0,0,0,0,0,0,FALSE,0,447823,8935,159,0,20.94006444444445,0
2026-05-19T05:15:00Z,coverage-guided-lower-level,0,0,0,0,0,0,FALSE,0,447823,8935,159,0,20.94006444444445,0
2026-05-19T05:30:00Z,coverage-guided-lower-level,0,0,0,0,0,0,FALSE,0,447823,8935,159,0,20.94006444444445,0
2026-05-19T05:45:00Z,coverage-guided-lower-level,0,0,0,0,0,0,FALSE,0,447823,8935,159,0,20.94006444444445,0
2026-05-19T06:00:00Z,coverage-guided-lower-level,0,0,0,0,0,0,FALSE,0,447823,8935,159,0,20.94006444444445,0
2026-05-19T06:15:00Z,coverage-guided-lower-level,0,0,0,0,0,0,FALSE,0,447823,8935,159,0,20.94006444444445,0
2026-05-19T06:30:00Z,coverage-guided-lower-level,0,0,0,0,0,0,FALSE,0,447823,8935,159,0,20.94006444444445,0
2026-05-19T06:45:00Z,coverage-guided-lower-level,0,0,0,0,0,0,FALSE,0,447823,8935,159,0,20.94006444444445,0
2026-05-19T07:00:00Z,coverage-guided-lower-level,0,0,0,0,0,0,FALSE,0,447823,8935,159,0,20.94006444444445,0
2026-05-19T07:15:00Z,coverage-guided-lower-level,0,0,0,0,0,0,FALSE,0,447823,8935,159,0,20.94006444444445,0
2026-05-19T07:30:00Z,coverage-guided-lower-level,0,0,0,0,0,0,FALSE,0,447823,8935,159,0,20.94006444444445,0
2026-05-19T07:45:00Z,coverage-guided-lower-level,0,0,0,0,0,0,FALSE,0,447823,8935,159,0,20.94006444444445,0
2026-05-19T08:00:00Z,coverage-guided-lower-level,0,0,0,0,0,0,FALSE,0,447823,8935,159,0,20.94006444444445,0
2026-05-19T08:15:00Z,coverage-guided-lower-level,0,0,0,0,0,0,FALSE,0,447823,8935,159,0,20.94006444444445,0
2026-05-19T08:30:00Z,coverage-guided-lower-level,0,0,0,0,0,0,FALSE,0,447823,8935,159,0,20.94006444444445,0
2026-05-19T08:45:00Z,coverage-guided-lower-level,0,0,0,0,0,0,FALSE,0,447823,8935,159,0,20.94006444444445,0
2026-05-19T09:00:00Z,coverage-guided-lower-level,0,0,0,0,0,0,FALSE,0,447823,8935,159,0,20.94006444444445,0
2026-05-19T09:15:00Z,coverage-guided-lower-level,0,0,0,0,0,0,FALSE,0,447823,8935,159,0,20.94006444444445,0
2026-05-19T09:30:00Z,coverage-guided-lower-level,0,0,0,0,0,0,FALSE,0,447823,8935,159,0,20.94006444444445,0
2026-05-19T09:45:00Z,coverage-guided-lower-level,0,0,0,0,0,0,FALSE,0,447823,8935,159,0,20.94006444444445,0
2026-05-19T10:00:00Z,coverage-guided-lower-level,0,0,0,0,0,0,FALSE,0,447823,8935,159,0,20.94006444444445,0
2026-05-19T10:15:00Z,coverage-guided-lower-level,0,0,0,0,0,0,FALSE,0,447823,8935,159,0,20.94006444444445,0
2026-05-19T10:30:00Z,coverage-guided-lower-level,0,0,0,0,0,0,FALSE,0,447823,8935,159,0,20.94006444444445,0
2026-05-19T10:45:00Z,coverage-guided-lower-level,0,0,0,0,0,0,FALSE,0,447823,8935,159,0,20.94006444444445,0
2026-05-19T11:00:00Z,coverage-guided-lower-level,0,0,0,0,0,0,FALSE,0,447823,8935,159,0,20.94006444444445,0
2026-05-19T11:15:00Z,coverage-guided-lower-level,0,0,0,0,0,0,FALSE,0,447823,8935,159,0,20.94006444444445,0
2026-05-19T11:30:00Z,coverage-guided-lower-level,0,0,0,0,0,0,FALSE,0,447823,8935,159,0,20.94006444444445,0
2026-05-19T11:45:00Z,coverage-guided-lower-level,0,0,0,0,0,0,FALSE,0,447823,8935,159,0,20.94006444444445,0
2026-05-19T12:00:00Z,coverage-guided-lower-level,0,0,0,0,0,0,FALSE,0,447823,8935,159,0,20.94006444444445,0
2026-05-19T12:15:00Z,coverage-guided-lower-level,0,0,0,0,0,0,FALSE,0,447823,8935,159,0,20.94006444444445,0
2026-05-19T12:30:00Z,coverage-guided-lower-level,0,0,0,0,0,0,FALSE,0,447823,8935,159,0,20.94006444444445,0
2026-05-19T12:45:00Z,coverage-guided-lower-level,0,0,0,0,0,0,FALSE,0,447823,8935,159,0,20.94006444444445,0
2026-05-19T13:00:00Z,coverage-guided-lower-level,0,0,0,0,0,0,FALSE,0,447823,8935,159,0,20.94006444444445,0
2026-05-19T13:15:00Z,coverage-guided-lower-level,0,0,0,0,0,0,FALSE,0,447823,8935,159,0,20.94006444444445,0
2026-05-19T13:30:00Z,coverage-guided-lower-level,0,0,0,0,0,0,FALSE,0,447823,8935,159,0,20.94006444444445,0
2026-05-19T13:45:00Z,coverage-guided-lower-level,0,0,0,0,0,0,FALSE,0,447823,8935,159,0,20.94006444444445,0
2026-05-19T14:00:00Z,coverage-guided-lower-level,0,0,0,0,0,0,FALSE,0,447823,8935,159,0,20.94006444444445,0
2026-05-19T14:15:00Z,coverage-guided-lower-level,0,0,0,0,0,0,FALSE,0,447823,8935,159,0,20.94006444444445,0
2026-05-19T14:30:00Z,coverage-guided-lower-level,0,0,0,0,0,0,FALSE,0,447823,8935,159,0,20.94006444444445,0
2026-05-19T14:45:00Z,coverage-guided-lower-level,0,0,0,0,0,0,FALSE,0,447823,8935,159,0,20.94006444444445,0
2026-05-19T15:00:00Z,coverage-guided-lower-level,0,0,0,0,0,0,FALSE,0,447823,8935,159,0,20.94006444444445,0
2026-05-19T15:15:00Z,coverage-guided-lower-level,0,0,0,0,0,0,FALSE,0,447823,8935,159,0,20.94006444444445,0
2026-05-19T15:30:00Z,coverage-guided-lower-level,0,0,0,0,0,0,FALSE,0,447823,8935,159,0,20.94006444444445,0
2026-05-19T15:45:00Z,coverage-guided-lower-level,0,0,0,0,0,0,FALSE,0,447823,8935,159,0,20.94006444444445,0
2026-05-19T16:00:00Z,coverage-guided-lower-level,0,0,0,0,0,0,FALSE,0,447823,8935,159,0,20.94006444444445,0
2026-05-19T16:15:00Z,coverage-guided-lower-level,0,0,0,0,0,0,FALSE,0,447823,8935,159,0,20.94006444444445,0
2026-05-19T16:30:00Z,coverage-guided-lower-level,0,0,0,0,0,0,FALSE,0,447823,8935,159,0,20.94006444444445,0
2026-05-19T16:45:00Z,coverage-guided-lower-level,0,0,0,0,0,0,FALSE,0,447823,8935,159,0,20.94006444444445,0
2026-05-19T17:00:00Z,coverage-guided-lower-level,0,0,0,0,0,0,FALSE,0,447823,8935,159,0,20.94006444444445,0
2026-05-19T17:15:00Z,coverage-guided-lower-level,0,0,0,0,0,0,FALSE,0,447823,8935,159,0,20.94006444444445,0
2026-05-19T17:30:00Z,coverage-guided-lower-level,0,0,0,0,0,0,FALSE,0,447823,8935,159,0,20.94006444444445,0
2026-05-19T17:45:00Z,coverage-guided-lower-level,0,0,0,0,0,0,FALSE,0,447823,8935,159,0,20.94006444444445,0
2026-05-19T18:00:00Z,coverage-guided-lower-level,0,0,0,0,0,0,FALSE,0,447823,8935,159,0,20.94006444444445,0
2026-05-19T18:15:00Z,coverage-guided-lower-level,0,0,0,0,0,0,FALSE,0,447823,8935,159,0,20.94006444444445,0
2026-05-19T18:30:00Z,coverage-guided-lower-level,0,0,0,0,0,0,FALSE,0,447823,8935,159,0,20.94006444444445,0
2026-05-19T18:45:00Z,coverage-guided-lower-level,0,0,0,0,0,0,FALSE,0,447823,8935,159,0,20.94006444444445,0
2026-05-19T19:00:00Z,coverage-guided-lower-level,0,0,0,0,0,0,FALSE,0,447823,8935,159,0,20.94006444444445,0
2026-05-19T19:15:00Z,coverage-guided-lower-level,0,0,0,0,0,0,FALSE,0,447823,8935,159,0,20.94006444444445,0
2026-05-19T19:30:00Z,coverage-guided-lower-level,0,0,0,0,0,0,FALSE,0,447823,8935,159,0,20.94006444444445,0
2026-05-19T19:45:00Z,coverage-guided-lower-level,0,0,0,0,0,0,FALSE,0,447823,8935,159,0,20.94006444444445,0
2026-05-19T20:00:00Z,coverage-guided-lower-level,0,0,0,0,0,0,FALSE,0,447823,8935,159,0,20.94006444444445,0
2026-05-19T20:15:00Z,coverage-guided-lower-level,0,0,0,0,0,0,FALSE,0,447823,8935,159,0,20.94006444444445,0
2026-05-19T20:30:00Z,coverage-guided-lower-level,640,640,640,20,0,232828,FALSE,1,448463,8955,159,0.06467444444444445,21.004738888888895,2560
2026-05-19T20:45:00Z,coverage-guided-lower-level,2496,2496,2496,78,0,892171,FALSE,1,450959,9033,159,0.24782527777777777,21.252564166666673,9984
2026-05-19T21:00:00Z,coverage-guided-lower-level,2528,2528,2528,79,0,903351,FALSE,1,453487,9112,159,0.2509308333333333,21.503495000000008,10112
2026-05-19T21:15:00Z,coverage-guided-lower-level,2400,2400,2400,75,0,904001,FALSE,1,455887,9187,159,0.2511113888888889,21.754606388888895,9600
2026-05-19T21:30:00Z,coverage-guided-lower-level,2208,2208,2208,69,0,833697,FALSE,1,458095,9256,159,0.2315825,21.986188888888893,8832
2026-05-19T21:45:00Z,coverage-guided-lower-level,0,0,0,0,0,0,FALSE,0,458095,9256,159,0,21.986188888888893,0
2026-05-19T22:00:00Z,coverage-guided-lower-level,0,0,0,0,0,0,FALSE,0,458095,9256,159,0,21.986188888888893,0
2026-05-19T22:15:00Z,coverage-guided-lower-level,0,0,0,0,0,0,FALSE,0,458095,9256,159,0,21.986188888888893,0
2026-05-19T22:30:00Z,coverage-guided-lower-level,0,0,0,0,0,0,FALSE,0,458095,9256,159,0,21.986188888888893,0
2026-05-19T22:45:00Z,coverage-guided-lower-level,0,0,0,0,0,0,FALSE,0,458095,9256,159,0,21.986188888888893,0
2026-05-19T23:00:00Z,coverage-guided-lower-level,0,0,0,0,0,0,FALSE,0,458095,9256,159,0,21.986188888888893,0
2026-05-19T23:15:00Z,coverage-guided-lower-level,0,0,0,0,0,0,FALSE,0,458095,9256,159,0,21.986188888888893,0
2026-05-19T23:30:00Z,coverage-guided-lower-level,0,0,0,0,0,0,FALSE,0,458095,9256,159,0,21.986188888888893,0
2026-05-19T23:45:00Z,coverage-guided-lower-level,0,0,0,0,0,0,FALSE,0,458095,9256,159,0,21.986188888888893,0
2026-05-20T00:00:00Z,coverage-guided-lower-level,0,0,0,0,0,0,FALSE,0,458095,9256,159,0,21.986188888888893,0
2026-05-20T00:15:00Z,coverage-guided-lower-level,0,0,0,0,0,0,FALSE,0,458095,9256,159,0,21.986188888888893,0
2026-05-20T00:30:00Z,coverage-guided-lower-level,0,0,0,0,0,0,FALSE,0,458095,9256,159,0,21.986188888888893,0
2026-05-20T00:45:00Z,coverage-guided-lower-level,0,0,0,0,0,0,FALSE,0,458095,9256,159,0,21.986188888888893,0
2026-05-20T01:00:00Z,coverage-guided-lower-level,0,0,0,0,0,0,FALSE,0,458095,9256,159,0,21.986188888888893,0
2026-05-20T01:15:00Z,coverage-guided-lower-level,0,0,0,0,0,0,FALSE,0,458095,9256,159,0,21.986188888888893,0
2026-05-20T01:30:00Z,coverage-guided-lower-level,0,0,0,0,0,0,FALSE,0,458095,9256,159,0,21.986188888888893,0
2026-05-20T01:45:00Z,coverage-guided-lower-level,0,0,0,0,0,0,FALSE,0,458095,9256,159,0,21.986188888888893,0
2026-05-20T02:00:00Z,coverage-guided-lower-level,0,0,0,0,0,0,FALSE,0,458095,9256,159,0,21.986188888888893,0
2026-05-20T02:15:00Z,coverage-guided-lower-level,0,0,0,0,0,0,FALSE,0,458095,9256,159,0,21.986188888888893,0
2026-05-20T02:30:00Z,coverage-guided-lower-level,0,0,0,0,0,0,FALSE,0,458095,9256,159,0,21.986188888888893,0
2026-05-20T02:45:00Z,coverage-guided-lower-level,0,0,0,0,0,0,FALSE,0,458095,9256,159,0,21.986188888888893,0
2026-05-20T03:00:00Z,coverage-guided-lower-level,0,0,0,0,0,0,FALSE,0,458095,9256,159,0,21.986188888888893,0
2026-05-20T03:15:00Z,coverage-guided-lower-level,0,0,0,0,0,0,FALSE,0,458095,9256,159,0,21.986188888888893,0
2026-05-20T03:30:00Z,coverage-guided-lower-level,0,0,0,0,0,0,FALSE,0,458095,9256,159,0,21.986188888888893,0
2026-05-20T03:45:00Z,coverage-guided-lower-level,0,0,0,0,0,0,FALSE,0,458095,9256,159,0,21.986188888888893,0
2026-05-20T04:00:00Z,coverage-guided-lower-level,0,0,0,0,0,0,FALSE,0,458095,9256,159,0,21.986188888888893,0
2026-05-20T04:15:00Z,coverage-guided-lower-level,0,0,0,0,0,0,FALSE,0,458095,9256,159,0,21.986188888888893,0
2026-05-20T04:30:00Z,coverage-guided-lower-level,0,0,0,0,0,0,FALSE,0,458095,9256,159,0,21.986188888888893,0
2026-05-20T04:45:00Z,coverage-guided-lower-level,0,0,0,0,0,0,FALSE,0,458095,9256,159,0,21.986188888888893,0
2026-05-20T05:00:00Z,coverage-guided-lower-level,0,0,0,0,0,0,FALSE,0,458095,9256,159,0,21.986188888888893,0
2026-05-20T05:15:00Z,coverage-guided-lower-level,0,0,0,0,0,0,FALSE,0,458095,9256,159,0,21.986188888888893,0
2026-05-20T05:30:00Z,coverage-guided-lower-level,0,0,0,0,0,0,FALSE,0,458095,9256,159,0,21.986188888888893,0
2026-05-20T05:45:00Z,coverage-guided-lower-level,0,0,0,0,0,0,FALSE,0,458095,9256,159,0,21.986188888888893,0
2026-05-20T06:00:00Z,coverage-guided-lower-level,0,0,0,0,0,0,FALSE,0,458095,9256,159,0,21.986188888888893,0
2026-05-20T06:15:00Z,coverage-guided-lower-level,0,0,0,0,0,0,FALSE,0,458095,9256,159,0,21.986188888888893,0
2026-05-20T06:30:00Z,coverage-guided-lower-level,0,0,0,0,0,0,FALSE,0,458095,9256,159,0,21.986188888888893,0
2026-05-20T06:45:00Z,coverage-guided-lower-level,0,0,0,0,0,0,FALSE,0,458095,9256,159,0,21.986188888888893,0
2026-05-20T07:00:00Z,coverage-guided-lower-level,0,0,0,0,0,0,FALSE,0,458095,9256,159,0,21.986188888888893,0
2026-05-20T07:15:00Z,coverage-guided-lower-level,0,0,0,0,0,0,FALSE,0,458095,9256,159,0,21.986188888888893,0
2026-05-20T07:30:00Z,coverage-guided-lower-level,0,0,0,0,0,0,FALSE,0,458095,9256,159,0,21.986188888888893,0
2026-05-20T07:45:00Z,coverage-guided-lower-level,0,0,0,0,0,0,FALSE,0,458095,9256,159,0,21.986188888888893,0
2026-05-20T08:00:00Z,coverage-guided-lower-level,0,0,0,0,0,0,FALSE,0,458095,9256,159,0,21.986188888888893,0
2026-05-20T08:15:00Z,coverage-guided-lower-level,0,0,0,0,0,0,FALSE,0,458095,9256,159,0,21.986188888888893,0
2026-05-20T08:30:00Z,coverage-guided-lower-level,0,0,0,0,0,0,FALSE,0,458095,9256,159,0,21.986188888888893,0
2026-05-20T08:45:00Z,coverage-guided-lower-level,0,0,0,0,0,0,FALSE,0,458095,9256,159,0,21.986188888888893,0
2026-05-20T09:00:00Z,coverage-guided-lower-level,0,0,0,0,0,0,FALSE,0,458095,9256,159,0,21.986188888888893,0
2026-05-20T09:15:00Z,coverage-guided-lower-level,0,0,0,0,0,0,FALSE,0,458095,9256,159,0,21.986188888888893,0
2026-05-20T09:30:00Z,coverage-guided-lower-level,0,0,0,0,0,0,FALSE,0,458095,9256,159,0,21.986188888888893,0
2026-05-20T09:45:00Z,coverage-guided-lower-level,0,0,0,0,0,0,FALSE,0,458095,9256,159,0,21.986188888888893,0
2026-05-20T10:00:00Z,coverage-guided-lower-level,0,0,0,0,0,0,FALSE,0,458095,9256,159,0,21.986188888888893,0
2026-05-20T10:15:00Z,coverage-guided-lower-level,0,0,0,0,0,0,FALSE,0,458095,9256,159,0,21.986188888888893,0
2026-05-20T10:30:00Z,coverage-guided-lower-level,0,0,0,0,0,0,FALSE,0,458095,9256,159,0,21.986188888888893,0
2026-05-20T10:45:00Z,coverage-guided-lower-level,0,0,0,0,0,0,FALSE,0,458095,9256,159,0,21.986188888888893,0
2026-05-20T11:00:00Z,coverage-guided-lower-level,0,0,0,0,0,0,FALSE,0,458095,9256,159,0,21.986188888888893,0
2026-05-20T11:15:00Z,coverage-guided-lower-level,0,0,0,0,0,0,FALSE,0,458095,9256,159,0,21.986188888888893,0
2026-05-20T11:30:00Z,coverage-guided-lower-level,0,0,0,0,0,0,FALSE,0,458095,9256,159,0,21.986188888888893,0
2026-05-20T11:45:00Z,coverage-guided-lower-level,0,0,0,0,0,0,FALSE,0,458095,9256,159,0,21.986188888888893,0
2026-05-20T12:00:00Z,coverage-guided-lower-level,0,0,0,0,0,0,FALSE,0,458095,9256,159,0,21.986188888888893,0
2026-05-20T12:15:00Z,coverage-guided-lower-level,0,0,0,0,0,0,FALSE,0,458095,9256,159,0,21.986188888888893,0
2026-05-20T12:30:00Z,coverage-guided-lower-level,0,0,0,0,0,0,FALSE,0,458095,9256,159,0,21.986188888888893,0
2026-05-20T12:45:00Z,coverage-guided-lower-level,0,0,0,0,0,0,FALSE,0,458095,9256,159,0,21.986188888888893,0
2026-05-20T13:00:00Z,coverage-guided-lower-level,0,0,0,0,0,0,FALSE,0,458095,9256,159,0,21.986188888888893,0
2026-05-20T13:15:00Z,coverage-guided-lower-level,0,0,0,0,0,0,FALSE,0,458095,9256,159,0,21.986188888888893,0
2026-05-20T13:30:00Z,coverage-guided-lower-level,0,0,0,0,0,0,FALSE,0,458095,9256,159,0,21.986188888888893,0
2026-05-20T13:45:00Z,coverage-guided-lower-level,0,0,0,0,0,0,FALSE,0,458095,9256,159,0,21.986188888888893,0
2026-05-20T14:00:00Z,coverage-guided-lower-level,0,0,0,0,0,0,FALSE,0,458095,9256,159,0,21.986188888888893,0
2026-05-20T14:15:00Z,coverage-guided-lower-level,0,0,0,0,0,0,FALSE,0,458095,9256,159,0,21.986188888888893,0
2026-05-20T14:30:00Z,coverage-guided-lower-level,0,0,0,0,0,0,FALSE,0,458095,9256,159,0,21.986188888888893,0
2026-05-20T14:45:00Z,coverage-guided-lower-level,0,0,0,0,0,0,FALSE,0,458095,9256,159,0,21.986188888888893,0
2026-05-20T15:00:00Z,coverage-guided-lower-level,0,0,0,0,0,0,FALSE,0,458095,9256,159,0,21.986188888888893,0
2026-05-20T15:15:00Z,coverage-guided-lower-level,0,0,0,0,0,0,FALSE,0,458095,9256,159,0,21.986188888888893,0
2026-05-20T15:30:00Z,coverage-guided-lower-level,0,0,0,0,0,0,FALSE,0,458095,9256,159,0,21.986188888888893,0
2026-05-20T15:45:00Z,coverage-guided-lower-level,0,0,0,0,0,0,FALSE,0,458095,9256,159,0,21.986188888888893,0
2026-05-20T16:00:00Z,coverage-guided-lower-level,0,0,0,0,0,0,FALSE,0,458095,9256,159,0,21.986188888888893,0
2026-05-20T16:15:00Z,coverage-guided-lower-level,0,0,0,0,0,0,FALSE,0,458095,9256,159,0,21.986188888888893,0
2026-05-20T16:30:00Z,coverage-guided-lower-level,0,0,0,0,0,0,FALSE,0,458095,9256,159,0,21.986188888888893,0
2026-05-20T16:45:00Z,coverage-guided-lower-level,0,0,0,0,0,0,FALSE,0,458095,9256,159,0,21.986188888888893,0
2026-05-20T17:00:00Z,coverage-guided-lower-level,0,0,0,0,0,0,FALSE,0,458095,9256,159,0,21.986188888888893,0
2026-05-20T17:15:00Z,coverage-guided-lower-level,0,0,0,0,0,0,FALSE,0,458095,9256,159,0,21.986188888888893,0
2026-05-20T17:30:00Z,coverage-guided-lower-level,0,0,0,0,0,0,FALSE,0,458095,9256,159,0,21.986188888888893,0
2026-05-20T17:45:00Z,coverage-guided-lower-level,0,0,0,0,0,0,FALSE,0,458095,9256,159,0,21.986188888888893,0
2026-05-20T18:00:00Z,coverage-guided-lower-level,0,0,0,0,0,0,FALSE,0,458095,9256,159,0,21.986188888888893,0
2026-05-20T18:15:00Z,coverage-guided-lower-level,0,0,0,0,0,0,FALSE,0,458095,9256,159,0,21.986188888888893,0
2026-05-20T18:30:00Z,coverage-guided-lower-level,0,0,0,0,0,0,FALSE,0,458095,9256,159,0,21.986188888888893,0
2026-05-20T18:45:00Z,coverage-guided-lower-level,0,0,0,0,0,0,FALSE,0,458095,9256,159,0,21.986188888888893,0
2026-05-20T19:00:00Z,coverage-guided-lower-level,0,0,0,0,0,0,FALSE,0,458095,9256,159,0,21.986188888888893,0
2026-05-20T19:15:00Z,coverage-guided-lower-level,0,0,0,0,0,0,FALSE,0,458095,9256,159,0,21.986188888888893,0
2026-05-20T19:30:00Z,coverage-guided-lower-level,0,0,0,0,0,0,FALSE,0,458095,9256,159,0,21.986188888888893,0
2026-05-20T19:45:00Z,coverage-guided-lower-level,0,0,0,0,0,0,FALSE,0,458095,9256,159,0,21.986188888888893,0
2026-05-20T20:00:00Z,coverage-guided-lower-level,0,0,0,0,0,0,FALSE,0,458095,9256,159,0,21.986188888888893,0
2026-05-20T20:15:00Z,coverage-guided-lower-level,0,0,0,0,0,0,FALSE,0,458095,9256,159,0,21.986188888888893,0
2026-05-20T20:30:00Z,coverage-guided-lower-level,0,0,0,0,0,0,FALSE,0,458095,9256,159,0,21.986188888888893,0
2026-05-20T20:45:00Z,coverage-guided-lower-level,0,0,0,0,0,0,FALSE,0,458095,9256,159,0,21.986188888888893,0
2026-05-20T21:00:00Z,coverage-guided-lower-level,0,0,0,0,0,0,FALSE,0,458095,9256,159,0,21.986188888888893,0
2026-05-20T21:15:00Z,coverage-guided-lower-level,0,0,0,0,0,0,FALSE,0,458095,9256,159,0,21.986188888888893,0
2026-05-20T21:30:00Z,coverage-guided-lower-level,0,0,0,0,0,0,FALSE,0,458095,9256,159,0,21.986188888888893,0
2026-05-20T21:45:00Z,coverage-guided-lower-level,0,0,0,0,0,0,FALSE,0,458095,9256,159,0,21.986188888888893,0
2026-05-20T22:00:00Z,coverage-guided-lower-level,0,0,0,0,0,0,FALSE,0,458095,9256,159,0,21.986188888888893,0
2026-05-20T22:15:00Z,coverage-guided-lower-level,0,0,0,0,0,0,FALSE,0,458095,9256,159,0,21.986188888888893,0
2026-05-20T22:30:00Z,coverage-guided-lower-level,0,0,0,0,0,0,FALSE,0,458095,9256,159,0,21.986188888888893,0
2026-05-20T22:45:00Z,coverage-guided-lower-level,0,0,0,0,0,0,FALSE,0,458095,9256,159,0,21.986188888888893,0
2026-05-20T23:00:00Z,coverage-guided-lower-level,0,0,0,0,0,0,FALSE,0,458095,9256,159,0,21.986188888888893,0
2026-05-20T23:15:00Z,coverage-guided-lower-level,0,0,0,0,0,0,FALSE,0,458095,9256,159,0,21.986188888888893,0
2026-05-20T23:30:00Z,coverage-guided-lower-level,0,0,0,0,0,0,FALSE,0,458095,9256,159,0,21.986188888888893,0
2026-05-20T23:45:00Z,coverage-guided-lower-level,0,0,0,0,0,0,FALSE,0,458095,9256,159,0,21.986188888888893,0
2026-05-21T00:00:00Z,coverage-guided-lower-level,0,0,0,0,0,0,FALSE,0,458095,9256,159,0,21.986188888888893,0
2026-05-21T00:15:00Z,coverage-guided-lower-level,0,0,0,0,0,0,FALSE,0,458095,9256,159,0,21.986188888888893,0
2026-05-21T00:30:00Z,coverage-guided-lower-level,0,0,0,0,0,0,FALSE,0,458095,9256,159,0,21.986188888888893,0
2026-05-21T00:45:00Z,coverage-guided-lower-level,0,0,0,0,0,0,FALSE,0,458095,9256,159,0,21.986188888888893,0
2026-05-21T01:00:00Z,coverage-guided-lower-level,0,0,0,0,0,0,FALSE,0,458095,9256,159,0,21.986188888888893,0
2026-05-21T01:15:00Z,coverage-guided-lower-level,0,0,0,0,0,0,FALSE,0,458095,9256,159,0,21.986188888888893,0
2026-05-21T01:30:00Z,coverage-guided-lower-level,0,0,0,0,0,0,FALSE,0,458095,9256,159,0,21.986188888888893,0
2026-05-21T01:45:00Z,coverage-guided-lower-level,0,0,0,0,0,0,FALSE,0,458095,9256,159,0,21.986188888888893,0
2026-05-21T02:00:00Z,coverage-guided-lower-level,0,0,0,0,0,0,FALSE,0,458095,9256,159,0,21.986188888888893,0
2026-05-21T02:15:00Z,coverage-guided-lower-level,0,0,0,0,0,0,FALSE,0,458095,9256,159,0,21.986188888888893,0
2026-05-21T02:30:00Z,coverage-guided-lower-level,0,0,0,0,0,0,FALSE,0,458095,9256,159,0,21.986188888888893,0
2026-05-21T02:45:00Z,coverage-guided-lower-level,0,0,0,0,0,0,FALSE,0,458095,9256,159,0,21.986188888888893,0
2026-05-21T03:00:00Z,coverage-guided-lower-level,0,0,0,0,0,0,FALSE,0,458095,9256,159,0,21.986188888888893,0
2026-05-21T03:15:00Z,coverage-guided-lower-level,0,0,0,0,0,0,FALSE,0,458095,9256,159,0,21.986188888888893,0
2026-05-21T03:30:00Z,coverage-guided-lower-level,0,0,0,0,0,0,FALSE,0,458095,9256,159,0,21.986188888888893,0
2026-05-21T03:45:00Z,coverage-guided-lower-level,0,0,0,0,0,0,FALSE,0,458095,9256,159,0,21.986188888888893,0
2026-05-21T04:00:00Z,coverage-guided-lower-level,0,0,0,0,0,0,FALSE,0,458095,9256,159,0,21.986188888888893,0
2026-05-21T04:15:00Z,coverage-guided-lower-level,0,0,0,0,0,0,FALSE,0,458095,9256,159,0,21.986188888888893,0
2026-05-21T04:30:00Z,coverage-guided-lower-level,0,0,0,0,0,0,FALSE,0,458095,9256,159,0,21.986188888888893,0
2026-05-21T04:45:00Z,coverage-guided-lower-level,0,0,0,0,0,0,FALSE,0,458095,9256,159,0,21.986188888888893,0
2026-05-21T05:00:00Z,coverage-guided-lower-level,0,0,0,0,0,0,FALSE,0,458095,9256,159,0,21.986188888888893,0
2026-05-21T05:15:00Z,coverage-guided-lower-level,0,0,0,0,0,0,FALSE,0,458095,9256,159,0,21.986188888888893,0
2026-05-21T05:30:00Z,coverage-guided-lower-level,0,0,0,0,0,0,FALSE,0,458095,9256,159,0,21.986188888888893,0
2026-05-21T05:45:00Z,coverage-guided-lower-level,0,0,0,0,0,0,FALSE,0,458095,9256,159,0,21.986188888888893,0
2026-05-21T06:00:00Z,coverage-guided-lower-level,0,0,0,0,0,0,FALSE,0,458095,9256,159,0,21.986188888888893,0
2026-05-21T06:15:00Z,coverage-guided-lower-level,0,0,0,0,0,0,FALSE,0,458095,9256,159,0,21.986188888888893,0
2026-05-21T06:30:00Z,coverage-guided-lower-level,0,0,0,0,0,0,FALSE,0,458095,9256,159,0,21.986188888888893,0
2026-05-21T06:45:00Z,coverage-guided-lower-level,0,0,0,0,0,0,FALSE,0,458095,9256,159,0,21.986188888888893,0
2026-05-21T07:00:00Z,coverage-guided-lower-level,0,0,0,0,0,0,FALSE,0,458095,9256,159,0,21.986188888888893,0
2026-05-21T07:15:00Z,coverage-guided-lower-level,0,0,0,0,0,0,FALSE,0,458095,9256,159,0,21.986188888888893,0
2026-05-21T07:30:00Z,coverage-guided-lower-level,0,0,0,0,0,0,FALSE,0,458095,9256,159,0,21.986188888888893,0
2026-05-21T07:45:00Z,coverage-guided-lower-level,0,0,0,0,0,0,FALSE,0,458095,9256,159,0,21.986188888888893,0
2026-05-21T08:00:00Z,coverage-guided-lower-level,0,0,0,0,0,0,FALSE,0,458095,9256,159,0,21.986188888888893,0
2026-05-21T08:15:00Z,coverage-guided-lower-level,0,0,0,0,0,0,FALSE,0,458095,9256,159,0,21.986188888888893,0
2026-05-21T08:30:00Z,coverage-guided-lower-level,0,0,0,0,0,0,FALSE,0,458095,9256,159,0,21.986188888888893,0
2026-05-21T08:45:00Z,coverage-guided-lower-level,0,0,0,0,0,0,FALSE,0,458095,9256,159,0,21.986188888888893,0
2026-05-21T09:00:00Z,coverage-guided-lower-level,0,0,0,0,0,0,FALSE,0,458095,9256,159,0,21.986188888888893,0
2026-05-21T09:15:00Z,coverage-guided-lower-level,0,0,0,0,0,0,FALSE,0,458095,9256,159,0,21.986188888888893,0
2026-05-21T09:30:00Z,coverage-guided-lower-level,0,0,0,0,0,0,FALSE,0,458095,9256,159,0,21.986188888888893,0
2026-05-21T09:45:00Z,coverage-guided-lower-level,0,0,0,0,0,0,FALSE,0,458095,9256,159,0,21.986188888888893,0
2026-05-21T10:00:00Z,coverage-guided-lower-level,0,0,0,0,0,0,FALSE,0,458095,9256,159,0,21.986188888888893,0
2026-05-21T10:15:00Z,coverage-guided-lower-level,0,0,0,0,0,0,FALSE,0,458095,9256,159,0,21.986188888888893,0
2026-05-21T10:30:00Z,coverage-guided-lower-level,0,0,0,0,0,0,FALSE,0,458095,9256,159,0,21.986188888888893,0
2026-05-21T10:45:00Z,coverage-guided-lower-level,0,0,0,0,0,0,FALSE,0,458095,9256,159,0,21.986188888888893,0
2026-05-21T11:00:00Z,coverage-guided-lower-level,2,2,2,1,0,27377,FALSE,1,458097,9257,159,0.007604722222222222,21.993793611111116,8
2026-05-21T11:15:00Z,coverage-guided-lower-level,0,0,0,0,0,0,FALSE,0,458097,9257,159,0,21.993793611111116,0
2026-05-21T11:30:00Z,coverage-guided-lower-level,0,0,0,0,0,0,FALSE,0,458097,9257,159,0,21.993793611111116,0
2026-05-21T11:45:00Z,coverage-guided-lower-level,0,0,0,0,0,0,FALSE,0,458097,9257,159,0,21.993793611111116,0
2026-05-21T12:00:00Z,coverage-guided-lower-level,0,0,0,0,0,0,FALSE,0,458097,9257,159,0,21.993793611111116,0
2026-05-21T12:15:00Z,coverage-guided-lower-level,0,0,0,0,0,0,FALSE,0,458097,9257,159,0,21.993793611111116,0
2026-05-21T12:30:00Z,coverage-guided-lower-level,0,0,0,0,0,0,FALSE,0,458097,9257,159,0,21.993793611111116,0
2026-05-21T12:45:00Z,coverage-guided-lower-level,0,0,0,0,0,0,FALSE,0,458097,9257,159,0,21.993793611111116,0
2026-05-21T13:00:00Z,coverage-guided-lower-level,0,0,0,0,0,0,FALSE,0,458097,9257,159,0,21.993793611111116,0
2026-05-21T13:15:00Z,coverage-guided-lower-level,0,0,0,0,0,0,FALSE,0,458097,9257,159,0,21.993793611111116,0
2026-05-21T13:30:00Z,coverage-guided-lower-level,0,0,0,0,0,0,FALSE,0,458097,9257,159,0,21.993793611111116,0
2026-05-21T13:45:00Z,coverage-guided-lower-level,0,0,0,0,0,0,FALSE,0,458097,9257,159,0,21.993793611111116,0
2026-05-21T14:00:00Z,coverage-guided-lower-level,0,0,0,0,0,0,FALSE,0,458097,9257,159,0,21.993793611111116,0
2026-05-21T14:15:00Z,coverage-guided-lower-level,0,0,0,0,0,0,FALSE,0,458097,9257,159,0,21.993793611111116,0
2026-05-21T14:30:00Z,coverage-guided-lower-level,0,0,0,0,0,0,FALSE,0,458097,9257,159,0,21.993793611111116,0
2026-05-21T14:45:00Z,coverage-guided-lower-level,0,0,0,0,0,0,FALSE,0,458097,9257,159,0,21.993793611111116,0
2026-05-21T15:00:00Z,coverage-guided-lower-level,0,0,0,0,0,0,FALSE,0,458097,9257,159,0,21.993793611111116,0
2026-05-21T15:15:00Z,coverage-guided-lower-level,0,0,0,0,0,0,FALSE,0,458097,9257,159,0,21.993793611111116,0
2026-05-21T15:30:00Z,coverage-guided-lower-level,0,0,0,0,0,0,FALSE,0,458097,9257,159,0,21.993793611111116,0
2026-05-21T15:45:00Z,coverage-guided-lower-level,0,0,0,0,0,0,FALSE,0,458097,9257,159,0,21.993793611111116,0
2026-05-21T16:00:00Z,coverage-guided-lower-level,0,0,0,0,0,0,FALSE,0,458097,9257,159,0,21.993793611111116,0
2026-05-21T16:15:00Z,coverage-guided-lower-level,0,0,0,0,0,0,FALSE,0,458097,9257,159,0,21.993793611111116,0
2026-05-21T16:30:00Z,coverage-guided-lower-level,0,0,0,0,0,0,FALSE,0,458097,9257,159,0,21.993793611111116,0
2026-05-21T16:45:00Z,coverage-guided-lower-level,0,0,0,0,0,0,FALSE,0,458097,9257,159,0,21.993793611111116,0
2026-05-21T17:00:00Z,coverage-guided-lower-level,0,0,0,0,0,0,FALSE,0,458097,9257,159,0,21.993793611111116,0
2026-05-21T17:15:00Z,coverage-guided-lower-level,0,0,0,0,0,0,FALSE,0,458097,9257,159,0,21.993793611111116,0
2026-05-21T17:30:00Z,coverage-guided-lower-level,0,0,0,0,0,0,FALSE,0,458097,9257,159,0,21.993793611111116,0
2026-05-21T17:45:00Z,coverage-guided-lower-level,0,0,0,0,0,0,FALSE,0,458097,9257,159,0,21.993793611111116,0
2026-05-21T18:00:00Z,coverage-guided-lower-level,0,0,0,0,0,0,FALSE,0,458097,9257,159,0,21.993793611111116,0
2026-05-21T18:15:00Z,coverage-guided-lower-level,0,0,0,0,0,0,FALSE,0,458097,9257,159,0,21.993793611111116,0
2026-05-21T18:30:00Z,coverage-guided-lower-level,0,0,0,0,0,0,FALSE,0,458097,9257,159,0,21.993793611111116,0
2026-05-21T18:45:00Z,coverage-guided-lower-level,0,0,0,0,0,0,FALSE,0,458097,9257,159,0,21.993793611111116,0
2026-05-21T19:00:00Z,coverage-guided-lower-level,0,0,0,0,0,0,FALSE,0,458097,9257,159,0,21.993793611111116,0
2026-05-21T19:15:00Z,coverage-guided-lower-level,0,0,0,0,0,0,FALSE,0,458097,9257,159,0,21.993793611111116,0
2026-05-21T19:30:00Z,coverage-guided-lower-level,0,0,0,0,0,0,FALSE,0,458097,9257,159,0,21.993793611111116,0
2026-05-21T19:45:00Z,coverage-guided-lower-level,0,0,0,0,0,0,FALSE,0,458097,9257,159,0,21.993793611111116,0
2026-05-21T20:00:00Z,coverage-guided-lower-level,0,0,0,0,0,0,FALSE,0,458097,9257,159,0,21.993793611111116,0
2026-05-21T20:15:00Z,coverage-guided-lower-level,0,0,0,0,0,0,FALSE,0,458097,9257,159,0,21.993793611111116,0
2026-05-21T20:30:00Z,coverage-guided-lower-level,0,0,0,0,0,0,FALSE,0,458097,9257,159,0,21.993793611111116,0
2026-05-21T20:45:00Z,coverage-guided-lower-level,0,0,0,0,0,0,FALSE,0,458097,9257,159,0,21.993793611111116,0
2026-05-21T21:00:00Z,coverage-guided-lower-level,0,0,0,0,0,0,FALSE,0,458097,9257,159,0,21.993793611111116,0
2026-05-21T21:15:00Z,coverage-guided-lower-level,0,0,0,0,0,0,FALSE,0,458097,9257,159,0,21.993793611111116,0
2026-05-21T21:30:00Z,coverage-guided-lower-level,0,0,0,0,0,0,FALSE,0,458097,9257,159,0,21.993793611111116,0
2026-05-21T21:45:00Z,coverage-guided-lower-level,0,0,0,0,0,0,FALSE,0,458097,9257,159,0,21.993793611111116,0
2026-05-21T22:00:00Z,coverage-guided-lower-level,0,0,0,0,0,0,FALSE,0,458097,9257,159,0,21.993793611111116,0
2026-05-21T22:15:00Z,coverage-guided-lower-level,0,0,0,0,0,0,FALSE,0,458097,9257,159,0,21.993793611111116,0
2026-05-21T22:30:00Z,coverage-guided-lower-level,0,0,0,0,0,0,FALSE,0,458097,9257,159,0,21.993793611111116,0
2026-05-21T22:45:00Z,coverage-guided-lower-level,0,0,0,0,0,0,FALSE,0,458097,9257,159,0,21.993793611111116,0
2026-05-21T23:00:00Z,coverage-guided-lower-level,0,0,0,0,0,0,FALSE,0,458097,9257,159,0,21.993793611111116,0
2026-05-21T23:15:00Z,coverage-guided-lower-level,0,0,0,0,0,0,FALSE,0,458097,9257,159,0,21.993793611111116,0
2026-05-21T23:30:00Z,coverage-guided-lower-level,0,0,0,0,0,0,FALSE,0,458097,9257,159,0,21.993793611111116,0
2026-05-21T23:45:00Z,coverage-guided-lower-level,0,0,0,0,0,0,FALSE,0,458097,9257,159,0,21.993793611111116,0
2026-05-22T00:00:00Z,coverage-guided-lower-level,0,0,0,0,0,0,FALSE,0,458097,9257,159,0,21.993793611111116,0
2026-05-22T00:15:00Z,coverage-guided-lower-level,0,0,0,0,0,0,FALSE,0,458097,9257,159,0,21.993793611111116,0
2026-05-22T00:30:00Z,coverage-guided-lower-level,0,0,0,0,0,0,FALSE,0,458097,9257,159,0,21.993793611111116,0
2026-05-22T00:45:00Z,coverage-guided-lower-level,0,0,0,0,0,0,FALSE,0,458097,9257,159,0,21.993793611111116,0
2026-05-22T01:00:00Z,coverage-guided-lower-level,0,0,0,0,0,0,FALSE,0,458097,9257,159,0,21.993793611111116,0
2026-05-22T01:15:00Z,coverage-guided-lower-level,0,0,0,0,0,0,FALSE,0,458097,9257,159,0,21.993793611111116,0
2026-05-22T01:30:00Z,coverage-guided-lower-level,0,0,0,0,0,0,FALSE,0,458097,9257,159,0,21.993793611111116,0
2026-05-22T01:45:00Z,coverage-guided-lower-level,0,0,0,0,0,0,FALSE,0,458097,9257,159,0,21.993793611111116,0
2026-05-22T02:00:00Z,coverage-guided-lower-level,0,0,0,0,0,0,FALSE,0,458097,9257,159,0,21.993793611111116,0
2026-05-22T02:15:00Z,coverage-guided-lower-level,0,0,0,0,0,0,FALSE,0,458097,9257,159,0,21.993793611111116,0
2026-05-22T02:30:00Z,coverage-guided-lower-level,0,0,0,0,0,0,FALSE,0,458097,9257,159,0,21.993793611111116,0
2026-05-22T02:45:00Z,coverage-guided-lower-level,0,0,0,0,0,0,FALSE,0,458097,9257,159,0,21.993793611111116,0
2026-05-22T03:00:00Z,coverage-guided-lower-level,0,0,0,0,0,0,FALSE,0,458097,9257,159,0,21.993793611111116,0
2026-05-22T03:15:00Z,coverage-guided-lower-level,0,0,0,0,0,0,FALSE,0,458097,9257,159,0,21.993793611111116,0
2026-05-22T03:30:00Z,coverage-guided-lower-level,0,0,0,0,0,0,FALSE,0,458097,9257,159,0,21.993793611111116,0
2026-05-22T03:45:00Z,coverage-guided-lower-level,0,0,0,0,0,0,FALSE,0,458097,9257,159,0,21.993793611111116,0
2026-05-22T04:00:00Z,coverage-guided-lower-level,0,0,0,0,0,0,FALSE,0,458097,9257,159,0,21.993793611111116,0
2026-05-22T04:15:00Z,coverage-guided-lower-level,0,0,0,0,0,0,FALSE,0,458097,9257,159,0,21.993793611111116,0
2026-05-22T04:30:00Z,coverage-guided-lower-level,0,0,0,0,0,0,FALSE,0,458097,9257,159,0,21.993793611111116,0
2026-05-22T04:45:00Z,coverage-guided-lower-level,0,0,0,0,0,0,FALSE,0,458097,9257,159,0,21.993793611111116,0
2026-05-22T05:00:00Z,coverage-guided-lower-level,0,0,0,0,0,0,FALSE,0,458097,9257,159,0,21.993793611111116,0
2026-05-22T05:15:00Z,coverage-guided-lower-level,0,0,0,0,0,0,FALSE,0,458097,9257,159,0,21.993793611111116,0
2026-05-22T05:30:00Z,coverage-guided-lower-level,0,0,0,0,0,0,FALSE,0,458097,9257,159,0,21.993793611111116,0
2026-05-22T05:45:00Z,coverage-guided-lower-level,0,0,0,0,0,0,FALSE,0,458097,9257,159,0,21.993793611111116,0
2026-05-22T06:00:00Z,coverage-guided-lower-level,0,0,0,0,0,0,FALSE,0,458097,9257,159,0,21.993793611111116,0
2026-05-22T06:15:00Z,coverage-guided-lower-level,0,0,0,0,0,0,FALSE,0,458097,9257,159,0,21.993793611111116,0
2026-05-22T06:30:00Z,coverage-guided-lower-level,0,0,0,0,0,0,FALSE,0,458097,9257,159,0,21.993793611111116,0
2026-05-22T06:45:00Z,coverage-guided-lower-level,0,0,0,0,0,0,FALSE,0,458097,9257,159,0,21.993793611111116,0
2026-05-22T07:00:00Z,coverage-guided-lower-level,0,0,0,0,0,0,FALSE,0,458097,9257,159,0,21.993793611111116,0
2026-05-22T07:15:00Z,coverage-guided-lower-level,0,0,0,0,0,0,FALSE,0,458097,9257,159,0,21.993793611111116,0
2026-05-22T07:30:00Z,coverage-guided-lower-level,0,0,0,0,0,0,FALSE,0,458097,9257,159,0,21.993793611111116,0
2026-05-22T07:45:00Z,coverage-guided-lower-level,0,0,0,0,0,0,FALSE,0,458097,9257,159,0,21.993793611111116,0
2026-05-22T08:00:00Z,coverage-guided-lower-level,0,0,0,0,0,0,FALSE,0,458097,9257,159,0,21.993793611111116,0
2026-05-22T08:15:00Z,coverage-guided-lower-level,0,0,0,0,0,0,FALSE,0,458097,9257,159,0,21.993793611111116,0
2026-05-22T08:30:00Z,coverage-guided-lower-level,0,0,0,0,0,0,FALSE,0,458097,9257,159,0,21.993793611111116,0
2026-05-22T08:45:00Z,coverage-guided-lower-level,0,0,0,0,0,0,FALSE,0,458097,9257,159,0,21.993793611111116,0
2026-05-22T09:00:00Z,coverage-guided-lower-level,0,0,0,0,0,0,FALSE,0,458097,9257,159,0,21.993793611111116,0
2026-05-22T09:15:00Z,coverage-guided-lower-level,0,0,0,0,0,0,FALSE,0,458097,9257,159,0,21.993793611111116,0
2026-05-22T09:30:00Z,coverage-guided-lower-level,0,0,0,0,0,0,FALSE,0,458097,9257,159,0,21.993793611111116,0
2026-05-22T09:45:00Z,coverage-guided-lower-level,0,0,0,0,0,0,FALSE,0,458097,9257,159,0,21.993793611111116,0
2026-05-22T10:00:00Z,coverage-guided-lower-level,0,0,0,0,0,0,FALSE,0,458097,9257,159,0,21.993793611111116,0
2026-05-22T10:15:00Z,coverage-guided-lower-level,0,0,0,0,0,0,FALSE,0,458097,9257,159,0,21.993793611111116,0
2026-05-22T10:30:00Z,coverage-guided-lower-level,0,0,0,0,0,0,FALSE,0,458097,9257,159,0,21.993793611111116,0
2026-05-22T10:45:00Z,coverage-guided-lower-level,0,0,0,0,0,0,FALSE,0,458097,9257,159,0,21.993793611111116,0
2026-05-22T11:00:00Z,coverage-guided-lower-level,0,0,0,0,0,0,FALSE,0,458097,9257,159,0,21.993793611111116,0
2026-05-22T11:15:00Z,coverage-guided-lower-level,0,0,0,0,0,0,FALSE,0,458097,9257,159,0,21.993793611111116,0
2026-05-22T11:30:00Z,coverage-guided-lower-level,0,0,0,0,0,0,FALSE,0,458097,9257,159,0,21.993793611111116,0
2026-05-22T11:45:00Z,coverage-guided-lower-level,0,0,0,0,0,0,FALSE,0,458097,9257,159,0,21.993793611111116,0
2026-05-22T12:00:00Z,coverage-guided-lower-level,0,0,0,0,0,0,FALSE,0,458097,9257,159,0,21.993793611111116,0
2026-05-22T12:15:00Z,coverage-guided-lower-level,0,0,0,0,0,0,FALSE,0,458097,9257,159,0,21.993793611111116,0
2026-05-22T12:30:00Z,coverage-guided-lower-level,0,0,0,0,0,0,FALSE,0,458097,9257,159,0,21.993793611111116,0
2026-05-22T12:45:00Z,coverage-guided-lower-level,0,0,0,0,0,0,FALSE,0,458097,9257,159,0,21.993793611111116,0
2026-05-22T13:00:00Z,coverage-guided-lower-level,0,0,0,0,0,0,FALSE,0,458097,9257,159,0,21.993793611111116,0
2026-05-22T13:15:00Z,coverage-guided-lower-level,0,0,0,0,0,0,FALSE,0,458097,9257,159,0,21.993793611111116,0
2026-05-22T13:30:00Z,coverage-guided-lower-level,0,0,0,0,0,0,FALSE,0,458097,9257,159,0,21.993793611111116,0
2026-05-22T13:45:00Z,coverage-guided-lower-level,0,0,0,0,0,0,FALSE,0,458097,9257,159,0,21.993793611111116,0
2026-05-22T14:00:00Z,coverage-guided-lower-level,0,0,0,0,0,0,FALSE,0,458097,9257,159,0,21.993793611111116,0
2026-05-22T14:15:00Z,coverage-guided-lower-level,0,0,0,0,0,0,FALSE,0,458097,9257,159,0,21.993793611111116,0
2026-05-22T14:30:00Z,coverage-guided-lower-level,0,0,0,0,0,0,FALSE,0,458097,9257,159,0,21.993793611111116,0
2026-05-22T14:45:00Z,coverage-guided-lower-level,0,0,0,0,0,0,FALSE,0,458097,9257,159,0,21.993793611111116,0
2026-05-22T15:00:00Z,coverage-guided-lower-level,0,0,0,0,0,0,FALSE,0,458097,9257,159,0,21.993793611111116,0
2026-05-22T15:15:00Z,coverage-guided-lower-level,0,0,0,0,0,0,FALSE,0,458097,9257,159,0,21.993793611111116,0
2026-05-22T15:30:00Z,coverage-guided-lower-level,0,0,0,0,0,0,FALSE,0,458097,9257,159,0,21.993793611111116,0
2026-05-22T15:45:00Z,coverage-guided-lower-level,0,0,0,0,0,0,FALSE,0,458097,9257,159,0,21.993793611111116,0
2026-05-22T16:00:00Z,coverage-guided-lower-level,0,0,0,0,0,0,FALSE,0,458097,9257,159,0,21.993793611111116,0
2026-05-22T16:15:00Z,coverage-guided-lower-level,0,0,0,0,0,0,FALSE,0,458097,9257,159,0,21.993793611111116,0
2026-05-22T16:30:00Z,coverage-guided-lower-level,0,0,0,0,0,0,FALSE,0,458097,9257,159,0,21.993793611111116,0
2026-05-22T16:45:00Z,coverage-guided-lower-level,0,0,0,0,0,0,FALSE,0,458097,9257,159,0,21.993793611111116,0
2026-05-22T17:00:00Z,coverage-guided-lower-level,0,0,0,0,0,0,FALSE,0,458097,9257,159,0,21.993793611111116,0
2026-05-22T17:15:00Z,coverage-guided-lower-level,0,0,0,0,0,0,FALSE,0,458097,9257,159,0,21.993793611111116,0
2026-05-22T17:30:00Z,coverage-guided-lower-level,0,0,0,0,0,0,FALSE,0,458097,9257,159,0,21.993793611111116,0
2026-05-22T17:45:00Z,coverage-guided-lower-level,0,0,0,0,0,0,FALSE,0,458097,9257,159,0,21.993793611111116,0
2026-05-22T18:00:00Z,coverage-guided-lower-level,0,0,0,0,0,0,FALSE,0,458097,9257,159,0,21.993793611111116,0
2026-05-22T18:15:00Z,coverage-guided-lower-level,0,0,0,0,0,0,FALSE,0,458097,9257,159,0,21.993793611111116,0
2026-05-22T18:30:00Z,coverage-guided-lower-level,0,0,0,0,0,0,FALSE,0,458097,9257,159,0,21.993793611111116,0
2026-05-22T18:45:00Z,coverage-guided-lower-level,0,0,0,0,0,0,FALSE,0,458097,9257,159,0,21.993793611111116,0
2026-05-22T19:00:00Z,coverage-guided-lower-level,0,0,0,0,0,0,FALSE,0,458097,9257,159,0,21.993793611111116,0
2026-05-22T19:15:00Z,coverage-guided-lower-level,0,0,0,0,0,0,FALSE,0,458097,9257,159,0,21.993793611111116,0
2026-05-22T19:30:00Z,coverage-guided-lower-level,0,0,0,0,0,0,FALSE,0,458097,9257,159,0,21.993793611111116,0
2026-05-22T19:45:00Z,coverage-guided-lower-level,0,0,0,0,0,0,FALSE,0,458097,9257,159,0,21.993793611111116,0
2026-05-22T20:00:00Z,coverage-guided-lower-level,0,0,0,0,0,0,FALSE,0,458097,9257,159,0,21.993793611111116,0
2026-05-22T20:15:00Z,coverage-guided-lower-level,0,0,0,0,0,0,FALSE,0,458097,9257,159,0,21.993793611111116,0
2026-05-22T20:30:00Z,coverage-guided-lower-level,0,0,0,0,0,0,FALSE,0,458097,9257,159,0,21.993793611111116,0
2026-05-22T20:45:00Z,coverage-guided-lower-level,0,0,0,0,0,0,FALSE,0,458097,9257,159,0,21.993793611111116,0
2026-05-22T21:00:00Z,coverage-guided-lower-level,0,0,0,0,0,0,FALSE,0,458097,9257,159,0,21.993793611111116,0
2026-05-22T21:15:00Z,coverage-guided-lower-level,0,0,0,0,0,0,FALSE,0,458097,9257,159,0,21.993793611111116,0
2026-05-22T21:30:00Z,coverage-guided-lower-level,0,0,0,0,0,0,FALSE,0,458097,9257,159,0,21.993793611111116,0
2026-05-22T21:45:00Z,coverage-guided-lower-level,0,0,0,0,0,0,FALSE,0,458097,9257,159,0,21.993793611111116,0
2026-05-22T22:00:00Z,coverage-guided-lower-level,0,0,0,0,0,0,FALSE,0,458097,9257,159,0,21.993793611111116,0
2026-05-22T22:15:00Z,coverage-guided-lower-level,0,0,0,0,0,0,FALSE,0,458097,9257,159,0,21.993793611111116,0
2026-05-22T22:30:00Z,coverage-guided-lower-level,0,0,0,0,0,0,FALSE,0,458097,9257,159,0,21.993793611111116,0
2026-05-22T22:45:00Z,coverage-guided-lower-level,0,0,0,0,0,0,FALSE,0,458097,9257,159,0,21.993793611111116,0
2026-05-22T23:00:00Z,coverage-guided-lower-level,0,0,0,0,0,0,FALSE,0,458097,9257,159,0,21.993793611111116,0
2026-05-22T23:15:00Z,coverage-guided-lower-level,0,0,0,0,0,0,FALSE,0,458097,9257,159,0,21.993793611111116,0
2026-05-22T23:30:00Z,coverage-guided-lower-level,0,0,0,0,0,0,FALSE,0,458097,9257,159,0,21.993793611111116,0
2026-05-22T23:45:00Z,coverage-guided-lower-level,0,0,0,0,0,0,FALSE,0,458097,9257,159,0,21.993793611111116,0
2026-05-23T00:00:00Z,coverage-guided-lower-level,0,0,0,0,0,0,FALSE,0,458097,9257,159,0,21.993793611111116,0
2026-05-23T00:15:00Z,coverage-guided-lower-level,0,0,0,0,0,0,FALSE,0,458097,9257,159,0,21.993793611111116,0
2026-05-23T00:30:00Z,coverage-guided-lower-level,0,0,0,0,0,0,FALSE,0,458097,9257,159,0,21.993793611111116,0
2026-05-23T00:45:00Z,coverage-guided-lower-level,0,0,0,0,0,0,FALSE,0,458097,9257,159,0,21.993793611111116,0
2026-05-23T01:00:00Z,coverage-guided-lower-level,0,0,0,0,0,0,FALSE,0,458097,9257,159,0,21.993793611111116,0
2026-05-23T01:15:00Z,coverage-guided-lower-level,0,0,0,0,0,0,FALSE,0,458097,9257,159,0,21.993793611111116,0
2026-05-23T01:30:00Z,coverage-guided-lower-level,0,0,0,0,0,0,FALSE,0,458097,9257,159,0,21.993793611111116,0
2026-05-23T01:45:00Z,coverage-guided-lower-level,0,0,0,0,0,0,FALSE,0,458097,9257,159,0,21.993793611111116,0
2026-05-23T02:00:00Z,coverage-guided-lower-level,0,0,0,0,0,0,FALSE,0,458097,9257,159,0,21.993793611111116,0
2026-05-23T02:15:00Z,coverage-guided-lower-level,0,0,0,0,0,0,FALSE,0,458097,9257,159,0,21.993793611111116,0
2026-05-23T02:30:00Z,coverage-guided-lower-level,0,0,0,0,0,0,FALSE,0,458097,9257,159,0,21.993793611111116,0
2026-05-23T02:45:00Z,coverage-guided-lower-level,0,0,0,0,0,0,FALSE,0,458097,9257,159,0,21.993793611111116,0
2026-05-23T03:00:00Z,coverage-guided-lower-level,0,0,0,0,0,0,FALSE,0,458097,9257,159,0,21.993793611111116,0
2026-05-23T03:15:00Z,coverage-guided-lower-level,0,0,0,0,0,0,FALSE,0,458097,9257,159,0,21.993793611111116,0
2026-05-23T03:30:00Z,coverage-guided-lower-level,0,0,0,0,0,0,FALSE,0,458097,9257,159,0,21.993793611111116,0
2026-05-23T03:45:00Z,coverage-guided-lower-level,0,0,0,0,0,0,FALSE,0,458097,9257,159,0,21.993793611111116,0
2026-05-23T04:00:00Z,coverage-guided-lower-level,0,0,0,0,0,0,FALSE,0,458097,9257,159,0,21.993793611111116,0
2026-05-23T04:15:00Z,coverage-guided-lower-level,0,0,0,0,0,0,FALSE,0,458097,9257,159,0,21.993793611111116,0
2026-05-23T04:30:00Z,coverage-guided-lower-level,0,0,0,0,0,0,FALSE,0,458097,9257,159,0,21.993793611111116,0
2026-05-23T04:45:00Z,coverage-guided-lower-level,0,0,0,0,0,0,FALSE,0,458097,9257,159,0,21.993793611111116,0
2026-05-23T05:00:00Z,coverage-guided-lower-level,0,0,0,0,0,0,FALSE,0,458097,9257,159,0,21.993793611111116,0
2026-05-23T05:15:00Z,coverage-guided-lower-level,0,0,0,0,0,0,FALSE,0,458097,9257,159,0,21.993793611111116,0
2026-05-23T05:30:00Z,coverage-guided-lower-level,0,0,0,0,0,0,FALSE,0,458097,9257,159,0,21.993793611111116,0
2026-05-23T05:45:00Z,coverage-guided-lower-level,0,0,0,0,0,0,FALSE,0,458097,9257,159,0,21.993793611111116,0
2026-05-23T06:00:00Z,coverage-guided-lower-level,0,0,0,0,0,0,FALSE,0,458097,9257,159,0,21.993793611111116,0
2026-05-23T06:15:00Z,coverage-guided-lower-level,0,0,0,0,0,0,FALSE,0,458097,9257,159,0,21.993793611111116,0
2026-05-23T06:30:00Z,coverage-guided-lower-level,0,0,0,0,0,0,FALSE,0,458097,9257,159,0,21.993793611111116,0
2026-05-23T06:45:00Z,coverage-guided-lower-level,0,0,0,0,0,0,FALSE,0,458097,9257,159,0,21.993793611111116,0
2026-05-23T07:00:00Z,coverage-guided-lower-level,0,0,0,0,0,0,FALSE,0,458097,9257,159,0,21.993793611111116,0
2026-05-23T07:15:00Z,coverage-guided-lower-level,0,0,0,0,0,0,FALSE,0,458097,9257,159,0,21.993793611111116,0
2026-05-23T07:30:00Z,coverage-guided-lower-level,0,0,0,0,0,0,FALSE,0,458097,9257,159,0,21.993793611111116,0
2026-05-23T07:45:00Z,coverage-guided-lower-level,0,0,0,0,0,0,FALSE,0,458097,9257,159,0,21.993793611111116,0
2026-05-23T08:00:00Z,coverage-guided-lower-level,0,0,0,0,0,0,FALSE,0,458097,9257,159,0,21.993793611111116,0
2026-05-23T08:15:00Z,coverage-guided-lower-level,0,0,0,0,0,0,FALSE,0,458097,9257,159,0,21.993793611111116,0
2026-05-23T08:30:00Z,coverage-guided-lower-level,0,0,0,0,0,0,FALSE,0,458097,9257,159,0,21.993793611111116,0
2026-05-23T08:45:00Z,coverage-guided-lower-level,0,0,0,0,0,0,FALSE,0,458097,9257,159,0,21.993793611111116,0
2026-05-23T09:00:00Z,coverage-guided-lower-level,0,0,0,0,0,0,FALSE,0,458097,9257,159,0,21.993793611111116,0
2026-05-23T09:15:00Z,coverage-guided-lower-level,0,0,0,0,0,0,FALSE,0,458097,9257,159,0,21.993793611111116,0
2026-05-23T09:30:00Z,coverage-guided-lower-level,0,0,0,0,0,0,FALSE,0,458097,9257,159,0,21.993793611111116,0
2026-05-23T09:45:00Z,coverage-guided-lower-level,0,0,0,0,0,0,FALSE,0,458097,9257,159,0,21.993793611111116,0
2026-05-23T10:00:00Z,coverage-guided-lower-level,0,0,0,0,0,0,FALSE,0,458097,9257,159,0,21.993793611111116,0
2026-05-23T10:15:00Z,coverage-guided-lower-level,0,0,0,0,0,0,FALSE,0,458097,9257,159,0,21.993793611111116,0
2026-05-23T10:30:00Z,coverage-guided-lower-level,0,0,0,0,0,0,FALSE,0,458097,9257,159,0,21.993793611111116,0
2026-05-23T10:45:00Z,coverage-guided-lower-level,0,0,0,0,0,0,FALSE,0,458097,9257,159,0,21.993793611111116,0
2026-05-23T11:00:00Z,coverage-guided-lower-level,0,0,0,0,0,0,FALSE,0,458097,9257,159,0,21.993793611111116,0
2026-05-23T11:15:00Z,coverage-guided-lower-level,0,0,0,0,0,0,FALSE,0,458097,9257,159,0,21.993793611111116,0
2026-05-23T11:30:00Z,coverage-guided-lower-level,0,0,0,0,0,0,FALSE,0,458097,9257,159,0,21.993793611111116,0
2026-05-23T11:45:00Z,coverage-guided-lower-level,0,0,0,0,0,0,FALSE,0,458097,9257,159,0,21.993793611111116,0
2026-05-23T12:00:00Z,coverage-guided-lower-level,0,0,0,0,0,0,FALSE,0,458097,9257,159,0,21.993793611111116,0
2026-05-23T12:15:00Z,coverage-guided-lower-level,0,0,0,0,0,0,FALSE,0,458097,9257,159,0,21.993793611111116,0
2026-05-23T12:30:00Z,coverage-guided-lower-level,0,0,0,0,0,0,FALSE,0,458097,9257,159,0,21.993793611111116,0
2026-05-23T12:45:00Z,coverage-guided-lower-level,0,0,0,0,0,0,FALSE,0,458097,9257,159,0,21.993793611111116,0
2026-05-23T13:00:00Z,coverage-guided-lower-level,0,0,0,0,0,0,FALSE,0,458097,9257,159,0,21.993793611111116,0
2026-05-23T13:15:00Z,coverage-guided-lower-level,0,0,0,0,0,0,FALSE,0,458097,9257,159,0,21.993793611111116,0
2026-05-23T13:30:00Z,coverage-guided-lower-level,0,0,0,0,0,0,FALSE,0,458097,9257,159,0,21.993793611111116,0
2026-05-23T13:45:00Z,coverage-guided-lower-level,0,0,0,0,0,0,FALSE,0,458097,9257,159,0,21.993793611111116,0
2026-05-23T14:00:00Z,coverage-guided-lower-level,0,0,0,0,0,0,FALSE,0,458097,9257,159,0,21.993793611111116,0
2026-05-23T14:15:00Z,coverage-guided-lower-level,0,0,0,0,0,0,FALSE,0,458097,9257,159,0,21.993793611111116,0
2026-05-23T14:30:00Z,coverage-guided-lower-level,0,0,0,0,0,0,FALSE,0,458097,9257,159,0,21.993793611111116,0
2026-05-23T14:45:00Z,coverage-guided-lower-level,0,0,0,0,0,0,FALSE,0,458097,9257,159,0,21.993793611111116,0
2026-05-23T15:00:00Z,coverage-guided-lower-level,0,0,0,0,0,0,FALSE,0,458097,9257,159,0,21.993793611111116,0
2026-05-23T15:15:00Z,coverage-guided-lower-level,0,0,0,0,0,0,FALSE,0,458097,9257,159,0,21.993793611111116,0
2026-05-23T15:30:00Z,coverage-guided-lower-level,0,0,0,0,0,0,FALSE,0,458097,9257,159,0,21.993793611111116,0
2026-05-23T15:45:00Z,coverage-guided-lower-level,0,0,0,0,0,0,FALSE,0,458097,9257,159,0,21.993793611111116,0
2026-05-23T16:00:00Z,coverage-guided-lower-level,0,0,0,0,0,0,FALSE,0,458097,9257,159,0,21.993793611111116,0
2026-05-23T16:15:00Z,coverage-guided-lower-level,0,0,0,0,0,0,FALSE,0,458097,9257,159,0,21.993793611111116,0
2026-05-23T16:30:00Z,coverage-guided-lower-level,0,0,0,0,0,0,FALSE,0,458097,9257,159,0,21.993793611111116,0
2026-05-23T16:45:00Z,coverage-guided-lower-level,0,0,0,0,0,0,FALSE,0,458097,9257,159,0,21.993793611111116,0
2026-05-23T17:00:00Z,coverage-guided-lower-level,0,0,0,0,0,0,FALSE,0,458097,9257,159,0,21.993793611111116,0
2026-05-23T17:15:00Z,coverage-guided-lower-level,0,0,0,0,0,0,FALSE,0,458097,9257,159,0,21.993793611111116,0
2026-05-23T17:30:00Z,coverage-guided-lower-level,0,0,0,0,0,0,FALSE,0,458097,9257,159,0,21.993793611111116,0
2026-05-23T17:45:00Z,coverage-guided-lower-level,0,0,0,0,0,0,FALSE,0,458097,9257,159,0,21.993793611111116,0
2026-05-23T18:00:00Z,coverage-guided-lower-level,0,0,0,0,0,0,FALSE,0,458097,9257,159,0,21.993793611111116,0
2026-05-23T18:15:00Z,coverage-guided-lower-level,0,0,0,0,0,0,FALSE,0,458097,9257,159,0,21.993793611111116,0
2026-05-23T18:30:00Z,coverage-guided-lower-level,0,0,0,0,0,0,FALSE,0,458097,9257,159,0,21.993793611111116,0
2026-05-23T18:45:00Z,coverage-guided-lower-level,0,0,0,0,0,0,FALSE,0,458097,9257,159,0,21.993793611111116,0
2026-05-23T19:00:00Z,coverage-guided-lower-level,0,0,0,0,0,0,FALSE,0,458097,9257,159,0,21.993793611111116,0
2026-05-23T19:15:00Z,coverage-guided-lower-level,0,0,0,0,0,0,FALSE,0,458097,9257,159,0,21.993793611111116,0
2026-05-23T19:30:00Z,coverage-guided-lower-level,0,0,0,0,0,0,FALSE,0,458097,9257,159,0,21.993793611111116,0
2026-05-23T19:45:00Z,coverage-guided-lower-level,0,0,0,0,0,0,FALSE,0,458097,9257,159,0,21.993793611111116,0
2026-05-23T20:00:00Z,coverage-guided-lower-level,0,0,0,0,0,0,FALSE,0,458097,9257,159,0,21.993793611111116,0
2026-05-23T20:15:00Z,coverage-guided-lower-level,0,0,0,0,0,0,FALSE,0,458097,9257,159,0,21.993793611111116,0
2026-05-23T20:30:00Z,coverage-guided-lower-level,0,0,0,0,0,0,FALSE,0,458097,9257,159,0,21.993793611111116,0
2026-05-23T20:45:00Z,coverage-guided-lower-level,0,0,0,0,0,0,FALSE,0,458097,9257,159,0,21.993793611111116,0
2026-05-23T21:00:00Z,coverage-guided-lower-level,0,0,0,0,0,0,FALSE,0,458097,9257,159,0,21.993793611111116,0
2026-05-23T21:15:00Z,coverage-guided-lower-level,0,0,0,0,0,0,FALSE,0,458097,9257,159,0,21.993793611111116,0
2026-05-23T21:30:00Z,coverage-guided-lower-level,0,0,0,0,0,0,FALSE,0,458097,9257,159,0,21.993793611111116,0
2026-05-23T21:45:00Z,coverage-guided-lower-level,0,0,0,0,0,0,FALSE,0,458097,9257,159,0,21.993793611111116,0
2026-05-23T22:00:00Z,coverage-guided-lower-level,0,0,0,0,0,0,FALSE,0,458097,9257,159,0,21.993793611111116,0
2026-05-23T22:15:00Z,coverage-guided-lower-level,0,0,0,0,0,0,FALSE,0,458097,9257,159,0,21.993793611111116,0
2026-05-23T22:30:00Z,coverage-guided-lower-level,0,0,0,0,0,0,FALSE,0,458097,9257,159,0,21.993793611111116,0
2026-05-23T22:45:00Z,coverage-guided-lower-level,0,0,0,0,0,0,FALSE,0,458097,9257,159,0,21.993793611111116,0
2026-05-23T23:00:00Z,coverage-guided-lower-level,0,0,0,0,0,0,FALSE,0,458097,9257,159,0,21.993793611111116,0
2026-05-23T23:15:00Z,coverage-guided-lower-level,0,0,0,0,0,0,FALSE,0,458097,9257,159,0,21.993793611111116,0
2026-05-23T23:30:00Z,coverage-guided-lower-level,0,0,0,0,0,0,FALSE,0,458097,9257,159,0,21.993793611111116,0
2026-05-23T23:45:00Z,coverage-guided-lower-level,0,0,0,0,0,0,FALSE,0,458097,9257,159,0,21.993793611111116,0
2026-05-24T00:00:00Z,coverage-guided-lower-level,0,0,0,0,0,0,FALSE,0,458097,9257,159,0,21.993793611111116,0
2026-05-24T00:15:00Z,coverage-guided-lower-level,0,0,0,0,0,0,FALSE,0,458097,9257,159,0,21.993793611111116,0
2026-05-24T00:30:00Z,coverage-guided-lower-level,0,0,0,0,0,0,FALSE,0,458097,9257,159,0,21.993793611111116,0
2026-05-24T00:45:00Z,coverage-guided-lower-level,0,0,0,0,0,0,FALSE,0,458097,9257,159,0,21.993793611111116,0
2026-05-24T01:00:00Z,coverage-guided-lower-level,0,0,0,0,0,0,FALSE,0,458097,9257,159,0,21.993793611111116,0
2026-05-24T01:15:00Z,coverage-guided-lower-level,0,0,0,0,0,0,FALSE,0,458097,9257,159,0,21.993793611111116,0
2026-05-24T01:30:00Z,coverage-guided-lower-level,0,0,0,0,0,0,FALSE,0,458097,9257,159,0,21.993793611111116,0
2026-05-24T01:45:00Z,coverage-guided-lower-level,0,0,0,0,0,0,FALSE,0,458097,9257,159,0,21.993793611111116,0
2026-05-24T02:00:00Z,coverage-guided-lower-level,0,0,0,0,0,0,FALSE,0,458097,9257,159,0,21.993793611111116,0
2026-05-24T02:15:00Z,coverage-guided-lower-level,0,0,0,0,0,0,FALSE,0,458097,9257,159,0,21.993793611111116,0
2026-05-24T02:30:00Z,coverage-guided-lower-level,0,0,0,0,0,0,FALSE,0,458097,9257,159,0,21.993793611111116,0
2026-05-24T02:45:00Z,coverage-guided-lower-level,0,0,0,0,0,0,FALSE,0,458097,9257,159,0,21.993793611111116,0
2026-05-24T03:00:00Z,coverage-guided-lower-level,0,0,0,0,0,0,FALSE,0,458097,9257,159,0,21.993793611111116,0
2026-05-24T03:15:00Z,coverage-guided-lower-level,0,0,0,0,0,0,FALSE,0,458097,9257,159,0,21.993793611111116,0
2026-05-24T03:30:00Z,coverage-guided-lower-level,0,0,0,0,0,0,FALSE,0,458097,9257,159,0,21.993793611111116,0
2026-05-24T03:45:00Z,coverage-guided-lower-level,0,0,0,0,0,0,FALSE,0,458097,9257,159,0,21.993793611111116,0
2026-05-24T04:00:00Z,coverage-guided-lower-level,0,0,0,0,0,0,FALSE,0,458097,9257,159,0,21.993793611111116,0
2026-05-24T04:15:00Z,coverage-guided-lower-level,0,0,0,0,0,0,FALSE,0,458097,9257,159,0,21.993793611111116,0
2026-05-24T04:30:00Z,coverage-guided-lower-level,0,0,0,0,0,0,FALSE,0,458097,9257,159,0,21.993793611111116,0
2026-05-24T04:45:00Z,coverage-guided-lower-level,0,0,0,0,0,0,FALSE,0,458097,9257,159,0,21.993793611111116,0
2026-05-24T05:00:00Z,coverage-guided-lower-level,0,0,0,0,0,0,FALSE,0,458097,9257,159,0,21.993793611111116,0
2026-05-24T05:15:00Z,coverage-guided-lower-level,0,0,0,0,0,0,FALSE,0,458097,9257,159,0,21.993793611111116,0
2026-05-24T05:30:00Z,coverage-guided-lower-level,0,0,0,0,0,0,FALSE,0,458097,9257,159,0,21.993793611111116,0
2026-05-24T05:45:00Z,coverage-guided-lower-level,0,0,0,0,0,0,FALSE,0,458097,9257,159,0,21.993793611111116,0
2026-05-24T06:00:00Z,coverage-guided-lower-level,0,0,0,0,0,0,FALSE,0,458097,9257,159,0,21.993793611111116,0
2026-05-24T06:15:00Z,coverage-guided-lower-level,0,0,0,0,0,0,FALSE,0,458097,9257,159,0,21.993793611111116,0
2026-05-24T06:30:00Z,coverage-guided-lower-level,320,320,320,40,0,602474,FALSE,1,458417,9297,159,0.16735388888888889,22.161147500000006,1280
2026-05-24T06:45:00Z,coverage-guided-lower-level,112,112,112,14,0,206263,FALSE,1,458529,9311,159,0.05729527777777778,22.218442777777785,448
2026-05-24T07:00:00Z,coverage-guided-lower-level,80,80,80,10,0,148446,FALSE,1,458609,9321,159,0.041235,22.259677777777785,320
2026-05-24T07:15:00Z,coverage-guided-lower-level,0,0,0,0,0,0,FALSE,0,458609,9321,159,0,22.259677777777785,0
2026-05-24T07:30:00Z,coverage-guided-lower-level,0,0,0,0,0,0,FALSE,0,458609,9321,159,0,22.259677777777785,0
2026-05-24T07:45:00Z,coverage-guided-lower-level,0,0,0,0,0,0,FALSE,0,458609,9321,159,0,22.259677777777785,0
2026-05-24T08:00:00Z,coverage-guided-lower-level,0,0,0,0,0,0,FALSE,0,458609,9321,159,0,22.259677777777785,0
2026-05-24T08:15:00Z,coverage-guided-lower-level,0,0,0,0,0,0,FALSE,0,458609,9321,159,0,22.259677777777785,0
2026-05-24T08:30:00Z,coverage-guided-lower-level,0,0,0,0,0,0,FALSE,0,458609,9321,159,0,22.259677777777785,0
2026-05-24T08:45:00Z,coverage-guided-lower-level,0,0,0,0,0,0,FALSE,0,458609,9321,159,0,22.259677777777785,0
2026-05-24T09:00:00Z,coverage-guided-lower-level,0,0,0,0,0,0,FALSE,0,458609,9321,159,0,22.259677777777785,0
2026-05-24T09:15:00Z,coverage-guided-lower-level,0,0,0,0,0,0,FALSE,0,458609,9321,159,0,22.259677777777785,0
2026-05-24T09:30:00Z,coverage-guided-lower-level,0,0,0,0,0,0,FALSE,0,458609,9321,159,0,22.259677777777785,0
2026-05-24T09:45:00Z,coverage-guided-lower-level,0,0,0,0,0,0,FALSE,0,458609,9321,159,0,22.259677777777785,0
2026-05-24T10:00:00Z,coverage-guided-lower-level,0,0,0,0,0,0,FALSE,0,458609,9321,159,0,22.259677777777785,0
2026-05-24T10:15:00Z,coverage-guided-lower-level,0,0,0,0,0,0,FALSE,0,458609,9321,159,0,22.259677777777785,0
2026-05-24T10:30:00Z,coverage-guided-lower-level,0,0,0,0,0,0,FALSE,0,458609,9321,159,0,22.259677777777785,0
2026-05-24T10:45:00Z,coverage-guided-lower-level,0,0,0,0,0,0,FALSE,0,458609,9321,159,0,22.259677777777785,0
2026-05-24T11:00:00Z,coverage-guided-lower-level,0,0,0,0,0,0,FALSE,0,458609,9321,159,0,22.259677777777785,0
2026-05-24T11:15:00Z,coverage-guided-lower-level,2,2,2,1,0,23858,FALSE,1,458611,9322,159,0.006627222222222222,22.266305000000006,8
2026-05-24T11:30:00Z,coverage-guided-lower-level,0,0,0,0,0,0,FALSE,0,458611,9322,159,0,22.266305000000006,0
2026-05-24T11:45:00Z,coverage-guided-lower-level,0,0,0,0,0,0,FALSE,0,458611,9322,159,0,22.266305000000006,0
2026-05-24T12:00:00Z,coverage-guided-lower-level,0,0,0,0,0,0,FALSE,0,458611,9322,159,0,22.266305000000006,0
2026-05-24T12:15:00Z,coverage-guided-lower-level,0,0,0,0,0,0,FALSE,0,458611,9322,159,0,22.266305000000006,0
2026-05-24T12:30:00Z,coverage-guided-lower-level,0,0,0,0,0,0,FALSE,0,458611,9322,159,0,22.266305000000006,0
2026-05-24T12:45:00Z,coverage-guided-lower-level,0,0,0,0,0,0,FALSE,0,458611,9322,159,0,22.266305000000006,0
2026-05-24T13:00:00Z,coverage-guided-lower-level,0,0,0,0,0,0,FALSE,0,458611,9322,159,0,22.266305000000006,0
2026-05-24T13:15:00Z,coverage-guided-lower-level,0,0,0,0,0,0,FALSE,0,458611,9322,159,0,22.266305000000006,0
2026-05-24T13:30:00Z,coverage-guided-lower-level,0,0,0,0,0,0,FALSE,0,458611,9322,159,0,22.266305000000006,0
2026-05-24T13:45:00Z,coverage-guided-lower-level,2,2,2,1,0,24317,FALSE,1,458613,9323,159,0.006754722222222222,22.27305972222223,8
2026-05-24T14:00:00Z,coverage-guided-lower-level,2,2,2,1,0,24572,FALSE,1,458615,9324,159,0.006825555555555555,22.279885277777783,8
2026-05-24T14:15:00Z,coverage-guided-lower-level,0,0,0,0,0,0,FALSE,0,458615,9324,159,0,22.279885277777783,0
2026-05-24T14:30:00Z,coverage-guided-lower-level,0,0,0,0,0,0,FALSE,0,458615,9324,159,0,22.279885277777783,0
2026-05-24T14:45:00Z,coverage-guided-lower-level,0,0,0,0,0,0,FALSE,0,458615,9324,159,0,22.279885277777783,0
2026-05-24T15:00:00Z,coverage-guided-lower-level,0,0,0,0,0,0,FALSE,0,458615,9324,159,0,22.279885277777783,0
2026-05-24T15:15:00Z,coverage-guided-lower-level,0,0,0,0,0,0,FALSE,0,458615,9324,159,0,22.279885277777783,0
2026-05-24T15:30:00Z,coverage-guided-lower-level,0,0,0,0,0,0,FALSE,0,458615,9324,159,0,22.279885277777783,0
2026-05-24T15:45:00Z,coverage-guided-lower-level,0,0,0,0,0,0,FALSE,0,458615,9324,159,0,22.279885277777783,0
2026-05-24T16:00:00Z,coverage-guided-lower-level,0,0,0,0,0,0,FALSE,0,458615,9324,159,0,22.279885277777783,0
2026-05-24T16:15:00Z,coverage-guided-lower-level,0,0,0,0,0,0,FALSE,0,458615,9324,159,0,22.279885277777783,0
2026-05-24T16:30:00Z,coverage-guided-lower-level,0,0,0,0,0,0,FALSE,0,458615,9324,159,0,22.279885277777783,0
2026-05-24T16:45:00Z,coverage-guided-lower-level,0,0,0,0,0,0,FALSE,0,458615,9324,159,0,22.279885277777783,0
2026-05-24T17:00:00Z,coverage-guided-lower-level,0,0,0,0,0,0,FALSE,0,458615,9324,159,0,22.279885277777783,0
2026-05-24T17:15:00Z,coverage-guided-lower-level,0,0,0,0,0,0,FALSE,0,458615,9324,159,0,22.279885277777783,0
2026-05-24T17:30:00Z,coverage-guided-lower-level,0,0,0,0,0,0,FALSE,0,458615,9324,159,0,22.279885277777783,0
2026-05-24T17:45:00Z,coverage-guided-lower-level,0,0,0,0,0,0,FALSE,0,458615,9324,159,0,22.279885277777783,0
2026-05-24T18:00:00Z,coverage-guided-lower-level,0,0,0,0,0,0,FALSE,0,458615,9324,159,0,22.279885277777783,0
2026-05-24T18:15:00Z,coverage-guided-lower-level,2,2,2,1,0,25681,FALSE,1,458617,9325,159,0.007133611111111111,22.287018888888895,8
2026-05-24T18:30:00Z,coverage-guided-lower-level,0,0,0,0,0,0,FALSE,0,458617,9325,159,0,22.287018888888895,0
2026-05-24T18:45:00Z,coverage-guided-lower-level,0,0,0,0,0,0,FALSE,0,458617,9325,159,0,22.287018888888895,0
2026-05-24T19:00:00Z,coverage-guided-lower-level,0,0,0,0,0,0,FALSE,0,458617,9325,159,0,22.287018888888895,0
2026-05-24T19:15:00Z,coverage-guided-lower-level,2,2,2,1,0,24335,FALSE,1,458619,9326,159,0.0067597222222222225,22.29377861111112,8
2026-05-24T19:30:00Z,coverage-guided-lower-level,0,0,0,0,0,0,FALSE,0,458619,9326,159,0,22.29377861111112,0
2026-05-24T19:45:00Z,coverage-guided-lower-level,0,0,0,0,0,0,FALSE,0,458619,9326,159,0,22.29377861111112,0
2026-05-24T20:00:00Z,coverage-guided-lower-level,2,2,2,1,0,25573,FALSE,1,458621,9327,159,0.007103611111111111,22.30088222222223,8
2026-05-24T20:15:00Z,coverage-guided-lower-level,0,0,0,0,0,0,FALSE,0,458621,9327,159,0,22.30088222222223,0
2026-05-24T20:30:00Z,coverage-guided-lower-level,0,0,0,0,0,0,FALSE,0,458621,9327,159,0,22.30088222222223,0
2026-05-24T20:45:00Z,coverage-guided-lower-level,2,2,2,1,0,26822,FALSE,1,458623,9328,159,0.007450555555555556,22.308332777777785,8
2026-05-24T21:00:00Z,coverage-guided-lower-level,0,0,0,0,0,0,FALSE,0,458623,9328,159,0,22.308332777777785,0
2026-05-24T21:15:00Z,coverage-guided-lower-level,0,0,0,0,0,0,FALSE,0,458623,9328,159,0,22.308332777777785,0
2026-05-24T21:30:00Z,coverage-guided-lower-level,0,0,0,0,0,0,FALSE,0,458623,9328,159,0,22.308332777777785,0
2026-05-24T21:45:00Z,coverage-guided-lower-level,2,2,2,1,0,23907,FALSE,1,458625,9329,159,0.006640833333333334,22.314973611111117,8
2026-05-24T22:00:00Z,coverage-guided-lower-level,0,0,0,0,0,0,FALSE,0,458625,9329,159,0,22.314973611111117,0
2026-05-24T22:15:00Z,coverage-guided-lower-level,0,0,0,0,0,0,FALSE,0,458625,9329,159,0,22.314973611111117,0
2026-05-24T22:30:00Z,coverage-guided-lower-level,0,0,0,0,0,0,FALSE,0,458625,9329,159,0,22.314973611111117,0
2026-05-24T22:45:00Z,coverage-guided-lower-level,0,0,0,0,0,0,FALSE,0,458625,9329,159,0,22.314973611111117,0
2026-05-24T23:00:00Z,coverage-guided-lower-level,0,0,0,0,0,0,FALSE,0,458625,9329,159,0,22.314973611111117,0
2026-05-24T23:15:00Z,coverage-guided-lower-level,0,0,0,0,0,0,FALSE,0,458625,9329,159,0,22.314973611111117,0
2026-05-24T23:30:00Z,coverage-guided-lower-level,0,0,0,0,0,0,FALSE,0,458625,9329,159,0,22.314973611111117,0
2026-05-24T23:45:00Z,coverage-guided-lower-level,0,0,0,0,0,0,FALSE,0,458625,9329,159,0,22.314973611111117,0
2026-05-25T00:00:00Z,coverage-guided-lower-level,0,0,0,0,0,0,FALSE,0,458625,9329,159,0,22.314973611111117,0
2026-05-25T00:15:00Z,coverage-guided-lower-level,0,0,0,0,0,0,FALSE,0,458625,9329,159,0,22.314973611111117,0
2026-05-25T00:30:00Z,coverage-guided-lower-level,0,0,0,0,0,0,FALSE,0,458625,9329,159,0,22.314973611111117,0
2026-05-25T00:45:00Z,coverage-guided-lower-level,0,0,0,0,0,0,FALSE,0,458625,9329,159,0,22.314973611111117,0
2026-05-25T01:00:00Z,coverage-guided-lower-level,0,0,0,0,0,0,FALSE,0,458625,9329,159,0,22.314973611111117,0
2026-05-25T01:15:00Z,coverage-guided-lower-level,0,0,0,0,0,0,FALSE,0,458625,9329,159,0,22.314973611111117,0
2026-05-25T01:30:00Z,coverage-guided-lower-level,0,0,0,0,0,0,FALSE,0,458625,9329,159,0,22.314973611111117,0
2026-05-25T01:45:00Z,coverage-guided-lower-level,0,0,0,0,0,0,FALSE,0,458625,9329,159,0,22.314973611111117,0
2026-05-25T02:00:00Z,coverage-guided-lower-level,0,0,0,0,0,0,FALSE,0,458625,9329,159,0,22.314973611111117,0
2026-05-25T02:15:00Z,coverage-guided-lower-level,0,0,0,0,0,0,FALSE,0,458625,9329,159,0,22.314973611111117,0
2026-05-25T02:30:00Z,coverage-guided-lower-level,0,0,0,0,0,0,FALSE,0,458625,9329,159,0,22.314973611111117,0
2026-05-25T02:45:00Z,coverage-guided-lower-level,0,0,0,0,0,0,FALSE,0,458625,9329,159,0,22.314973611111117,0
2026-05-25T03:00:00Z,coverage-guided-lower-level,0,0,0,0,0,0,FALSE,0,458625,9329,159,0,22.314973611111117,0
2026-05-25T03:15:00Z,coverage-guided-lower-level,0,0,0,0,0,0,FALSE,0,458625,9329,159,0,22.314973611111117,0
2026-05-25T03:30:00Z,coverage-guided-lower-level,0,0,0,0,0,0,FALSE,0,458625,9329,159,0,22.314973611111117,0
2026-05-25T03:45:00Z,coverage-guided-lower-level,0,0,0,0,0,0,FALSE,0,458625,9329,159,0,22.314973611111117,0
2026-05-25T04:00:00Z,coverage-guided-lower-level,0,0,0,0,0,0,FALSE,0,458625,9329,159,0,22.314973611111117,0
2026-05-25T04:15:00Z,coverage-guided-lower-level,0,0,0,0,0,0,FALSE,0,458625,9329,159,0,22.314973611111117,0
2026-05-25T04:30:00Z,coverage-guided-lower-level,0,0,0,0,0,0,FALSE,0,458625,9329,159,0,22.314973611111117,0
2026-05-25T04:45:00Z,coverage-guided-lower-level,0,0,0,0,0,0,FALSE,0,458625,9329,159,0,22.314973611111117,0
2026-05-25T05:00:00Z,coverage-guided-lower-level,0,0,0,0,0,0,FALSE,0,458625,9329,159,0,22.314973611111117,0
2026-05-25T05:15:00Z,coverage-guided-lower-level,0,0,0,0,0,0,FALSE,0,458625,9329,159,0,22.314973611111117,0
2026-05-25T05:30:00Z,coverage-guided-lower-level,0,0,0,0,0,0,FALSE,0,458625,9329,159,0,22.314973611111117,0
2026-05-25T05:45:00Z,coverage-guided-lower-level,0,0,0,0,0,0,FALSE,0,458625,9329,159,0,22.314973611111117,0
2026-05-25T06:00:00Z,coverage-guided-lower-level,0,0,0,0,0,0,FALSE,0,458625,9329,159,0,22.314973611111117,0
2026-05-25T06:15:00Z,coverage-guided-lower-level,0,0,0,0,0,0,FALSE,0,458625,9329,159,0,22.314973611111117,0
2026-05-25T06:30:00Z,coverage-guided-lower-level,0,0,0,0,0,0,FALSE,0,458625,9329,159,0,22.314973611111117,0
2026-05-25T06:45:00Z,coverage-guided-lower-level,0,0,0,0,0,0,FALSE,0,458625,9329,159,0,22.314973611111117,0
2026-05-25T07:00:00Z,coverage-guided-lower-level,0,0,0,0,0,0,FALSE,0,458625,9329,159,0,22.314973611111117,0
2026-05-25T07:15:00Z,coverage-guided-lower-level,0,0,0,0,0,0,FALSE,0,458625,9329,159,0,22.314973611111117,0
2026-05-25T07:30:00Z,coverage-guided-lower-level,0,0,0,0,0,0,FALSE,0,458625,9329,159,0,22.314973611111117,0
2026-05-25T07:45:00Z,coverage-guided-lower-level,0,0,0,0,0,0,FALSE,0,458625,9329,159,0,22.314973611111117,0
2026-05-25T08:00:00Z,coverage-guided-lower-level,0,0,0,0,0,0,FALSE,0,458625,9329,159,0,22.314973611111117,0
2026-05-25T08:15:00Z,coverage-guided-lower-level,0,0,0,0,0,0,FALSE,0,458625,9329,159,0,22.314973611111117,0
2026-05-25T08:30:00Z,coverage-guided-lower-level,0,0,0,0,0,0,FALSE,0,458625,9329,159,0,22.314973611111117,0
2026-05-25T08:45:00Z,coverage-guided-lower-level,0,0,0,0,0,0,FALSE,0,458625,9329,159,0,22.314973611111117,0
2026-05-25T09:00:00Z,coverage-guided-lower-level,0,0,0,0,0,0,FALSE,0,458625,9329,159,0,22.314973611111117,0
2026-05-25T09:15:00Z,coverage-guided-lower-level,0,0,0,0,0,0,FALSE,0,458625,9329,159,0,22.314973611111117,0
2026-05-25T09:30:00Z,coverage-guided-lower-level,0,0,0,0,0,0,FALSE,0,458625,9329,159,0,22.314973611111117,0
2026-05-25T09:45:00Z,coverage-guided-lower-level,0,0,0,0,0,0,FALSE,0,458625,9329,159,0,22.314973611111117,0
2026-05-25T10:00:00Z,coverage-guided-lower-level,0,0,0,0,0,0,FALSE,0,458625,9329,159,0,22.314973611111117,0
2026-05-25T10:15:00Z,coverage-guided-lower-level,0,0,0,0,0,0,FALSE,0,458625,9329,159,0,22.314973611111117,0
2026-05-25T10:30:00Z,coverage-guided-lower-level,0,0,0,0,0,0,FALSE,0,458625,9329,159,0,22.314973611111117,0
2026-05-25T10:45:00Z,coverage-guided-lower-level,0,0,0,0,0,0,FALSE,0,458625,9329,159,0,22.314973611111117,0
2026-05-25T11:00:00Z,coverage-guided-lower-level,0,0,0,0,0,0,FALSE,0,458625,9329,159,0,22.314973611111117,0
2026-05-25T11:15:00Z,coverage-guided-lower-level,0,0,0,0,0,0,FALSE,0,458625,9329,159,0,22.314973611111117,0
2026-05-25T11:30:00Z,coverage-guided-lower-level,0,0,0,0,0,0,FALSE,0,458625,9329,159,0,22.314973611111117,0
2026-05-25T11:45:00Z,coverage-guided-lower-level,0,0,0,0,0,0,FALSE,0,458625,9329,159,0,22.314973611111117,0
2026-05-25T12:00:00Z,coverage-guided-lower-level,0,0,0,0,0,0,FALSE,0,458625,9329,159,0,22.314973611111117,0
2026-05-25T12:15:00Z,coverage-guided-lower-level,0,0,0,0,0,0,FALSE,0,458625,9329,159,0,22.314973611111117,0
2026-05-25T12:30:00Z,coverage-guided-lower-level,0,0,0,0,0,0,FALSE,0,458625,9329,159,0,22.314973611111117,0
2026-05-25T12:45:00Z,coverage-guided-lower-level,0,0,0,0,0,0,FALSE,0,458625,9329,159,0,22.314973611111117,0
2026-05-25T13:00:00Z,coverage-guided-lower-level,0,0,0,0,0,0,FALSE,0,458625,9329,159,0,22.314973611111117,0
2026-05-25T13:15:00Z,coverage-guided-lower-level,0,0,0,0,0,0,FALSE,0,458625,9329,159,0,22.314973611111117,0
2026-05-25T13:30:00Z,coverage-guided-lower-level,0,0,0,0,0,0,FALSE,0,458625,9329,159,0,22.314973611111117,0
2026-05-25T13:45:00Z,coverage-guided-lower-level,0,0,0,0,0,0,FALSE,0,458625,9329,159,0,22.314973611111117,0
2026-05-25T14:00:00Z,coverage-guided-lower-level,0,0,0,0,0,0,FALSE,0,458625,9329,159,0,22.314973611111117,0
2026-05-25T14:15:00Z,coverage-guided-lower-level,0,0,0,0,0,0,FALSE,0,458625,9329,159,0,22.314973611111117,0
2026-05-25T14:30:00Z,coverage-guided-lower-level,0,0,0,0,0,0,FALSE,0,458625,9329,159,0,22.314973611111117,0
2026-05-25T14:45:00Z,coverage-guided-lower-level,0,0,0,0,0,0,FALSE,0,458625,9329,159,0,22.314973611111117,0
2026-05-25T15:00:00Z,coverage-guided-lower-level,0,0,0,0,0,0,FALSE,0,458625,9329,159,0,22.314973611111117,0
2026-05-25T15:15:00Z,coverage-guided-lower-level,0,0,0,0,0,0,FALSE,0,458625,9329,159,0,22.314973611111117,0
2026-05-25T15:30:00Z,coverage-guided-lower-level,0,0,0,0,0,0,FALSE,0,458625,9329,159,0,22.314973611111117,0
2026-05-25T15:45:00Z,coverage-guided-lower-level,0,0,0,0,0,0,FALSE,0,458625,9329,159,0,22.314973611111117,0
2026-05-25T16:00:00Z,coverage-guided-lower-level,0,0,0,0,0,0,FALSE,0,458625,9329,159,0,22.314973611111117,0
2026-05-25T16:15:00Z,coverage-guided-lower-level,0,0,0,0,0,0,FALSE,0,458625,9329,159,0,22.314973611111117,0
2026-05-25T16:30:00Z,coverage-guided-lower-level,0,0,0,0,0,0,FALSE,0,458625,9329,159,0,22.314973611111117,0
2026-05-25T16:45:00Z,coverage-guided-lower-level,0,0,0,0,0,0,FALSE,0,458625,9329,159,0,22.314973611111117,0
2026-05-25T17:00:00Z,coverage-guided-lower-level,0,0,0,0,0,0,FALSE,0,458625,9329,159,0,22.314973611111117,0
2026-05-25T17:15:00Z,coverage-guided-lower-level,0,0,0,0,0,0,FALSE,0,458625,9329,159,0,22.314973611111117,0
2026-05-25T17:30:00Z,coverage-guided-lower-level,0,0,0,0,0,0,FALSE,0,458625,9329,159,0,22.314973611111117,0
2026-05-25T17:45:00Z,coverage-guided-lower-level,0,0,0,0,0,0,FALSE,0,458625,9329,159,0,22.314973611111117,0
2026-05-25T18:00:00Z,coverage-guided-lower-level,0,0,0,0,0,0,FALSE,0,458625,9329,159,0,22.314973611111117,0
2026-05-25T18:15:00Z,coverage-guided-lower-level,0,0,0,0,0,0,FALSE,0,458625,9329,159,0,22.314973611111117,0
2026-05-25T18:30:00Z,coverage-guided-lower-level,0,0,0,0,0,0,FALSE,0,458625,9329,159,0,22.314973611111117,0
2026-05-25T18:45:00Z,coverage-guided-lower-level,0,0,0,0,0,0,FALSE,0,458625,9329,159,0,22.314973611111117,0
2026-05-25T19:00:00Z,coverage-guided-lower-level,0,0,0,0,0,0,FALSE,0,458625,9329,159,0,22.314973611111117,0
2026-05-25T19:15:00Z,coverage-guided-lower-level,0,0,0,0,0,0,FALSE,0,458625,9329,159,0,22.314973611111117,0
2026-05-25T19:30:00Z,coverage-guided-lower-level,0,0,0,0,0,0,FALSE,0,458625,9329,159,0,22.314973611111117,0
2026-05-25T19:45:00Z,coverage-guided-lower-level,0,0,0,0,0,0,FALSE,0,458625,9329,159,0,22.314973611111117,0
2026-05-25T20:00:00Z,coverage-guided-lower-level,0,0,0,0,0,0,FALSE,0,458625,9329,159,0,22.314973611111117,0
2026-05-25T20:15:00Z,coverage-guided-lower-level,0,0,0,0,0,0,FALSE,0,458625,9329,159,0,22.314973611111117,0
2026-05-25T20:30:00Z,coverage-guided-lower-level,0,0,0,0,0,0,FALSE,0,458625,9329,159,0,22.314973611111117,0
2026-05-25T20:45:00Z,coverage-guided-lower-level,0,0,0,0,0,0,FALSE,0,458625,9329,159,0,22.314973611111117,0
2026-05-25T21:00:00Z,coverage-guided-lower-level,0,0,0,0,0,0,FALSE,0,458625,9329,159,0,22.314973611111117,0
2026-05-25T21:15:00Z,coverage-guided-lower-level,0,0,0,0,0,0,FALSE,0,458625,9329,159,0,22.314973611111117,0
2026-05-25T21:30:00Z,coverage-guided-lower-level,0,0,0,0,0,0,FALSE,0,458625,9329,159,0,22.314973611111117,0
2026-05-25T21:45:00Z,coverage-guided-lower-level,0,0,0,0,0,0,FALSE,0,458625,9329,159,0,22.314973611111117,0
2026-05-25T22:00:00Z,coverage-guided-lower-level,0,0,0,0,0,0,FALSE,0,458625,9329,159,0,22.314973611111117,0
2026-05-25T22:15:00Z,coverage-guided-lower-level,0,0,0,0,0,0,FALSE,0,458625,9329,159,0,22.314973611111117,0
2026-05-25T22:30:00Z,coverage-guided-lower-level,0,0,0,0,0,0,FALSE,0,458625,9329,159,0,22.314973611111117,0
2026-05-25T22:45:00Z,coverage-guided-lower-level,0,0,0,0,0,0,FALSE,0,458625,9329,159,0,22.314973611111117,0
2026-05-25T23:00:00Z,coverage-guided-lower-level,0,0,0,0,0,0,FALSE,0,458625,9329,159,0,22.314973611111117,0
2026-05-25T23:15:00Z,coverage-guided-lower-level,0,0,0,0,0,0,FALSE,0,458625,9329,159,0,22.314973611111117,0
2026-05-25T23:30:00Z,coverage-guided-lower-level,0,0,0,0,0,0,FALSE,0,458625,9329,159,0,22.314973611111117,0
2026-05-25T23:45:00Z,coverage-guided-lower-level,0,0,0,0,0,0,FALSE,0,458625,9329,159,0,22.314973611111117,0
2026-05-26T00:00:00Z,coverage-guided-lower-level,0,0,0,0,0,0,FALSE,0,458625,9329,159,0,22.314973611111117,0
2026-05-26T00:15:00Z,coverage-guided-lower-level,0,0,0,0,0,0,FALSE,0,458625,9329,159,0,22.314973611111117,0
2026-05-26T00:30:00Z,coverage-guided-lower-level,0,0,0,0,0,0,FALSE,0,458625,9329,159,0,22.314973611111117,0
2026-05-26T00:45:00Z,coverage-guided-lower-level,0,0,0,0,0,0,FALSE,0,458625,9329,159,0,22.314973611111117,0
2026-05-26T01:00:00Z,coverage-guided-lower-level,0,0,0,0,0,0,FALSE,0,458625,9329,159,0,22.314973611111117,0
2026-05-26T01:15:00Z,coverage-guided-lower-level,0,0,0,0,0,0,FALSE,0,458625,9329,159,0,22.314973611111117,0
2026-05-26T01:30:00Z,coverage-guided-lower-level,0,0,0,0,0,0,FALSE,0,458625,9329,159,0,22.314973611111117,0
2026-05-26T01:45:00Z,coverage-guided-lower-level,0,0,0,0,0,0,FALSE,0,458625,9329,159,0,22.314973611111117,0
2026-05-26T02:00:00Z,coverage-guided-lower-level,0,0,0,0,0,0,FALSE,0,458625,9329,159,0,22.314973611111117,0
2026-05-26T02:15:00Z,coverage-guided-lower-level,0,0,0,0,0,0,FALSE,0,458625,9329,159,0,22.314973611111117,0
2026-05-26T02:30:00Z,coverage-guided-lower-level,0,0,0,0,0,0,FALSE,0,458625,9329,159,0,22.314973611111117,0
2026-05-26T02:45:00Z,coverage-guided-lower-level,0,0,0,0,0,0,FALSE,0,458625,9329,159,0,22.314973611111117,0
2026-05-26T03:00:00Z,coverage-guided-lower-level,0,0,0,0,0,0,FALSE,0,458625,9329,159,0,22.314973611111117,0
2026-05-26T03:15:00Z,coverage-guided-lower-level,0,0,0,0,0,0,FALSE,0,458625,9329,159,0,22.314973611111117,0
2026-05-26T03:30:00Z,coverage-guided-lower-level,0,0,0,0,0,0,FALSE,0,458625,9329,159,0,22.314973611111117,0
2026-05-26T03:45:00Z,coverage-guided-lower-level,0,0,0,0,0,0,FALSE,0,458625,9329,159,0,22.314973611111117,0
2026-05-26T04:00:00Z,coverage-guided-lower-level,0,0,0,0,0,0,FALSE,0,458625,9329,159,0,22.314973611111117,0
2026-05-26T04:15:00Z,coverage-guided-lower-level,0,0,0,0,0,0,FALSE,0,458625,9329,159,0,22.314973611111117,0
2026-05-26T04:30:00Z,coverage-guided-lower-level,0,0,0,0,0,0,FALSE,0,458625,9329,159,0,22.314973611111117,0
2026-05-26T04:45:00Z,coverage-guided-lower-level,0,0,0,0,0,0,FALSE,0,458625,9329,159,0,22.314973611111117,0
2026-05-26T05:00:00Z,coverage-guided-lower-level,0,0,0,0,0,0,FALSE,0,458625,9329,159,0,22.314973611111117,0
2026-05-26T05:15:00Z,coverage-guided-lower-level,0,0,0,0,0,0,FALSE,0,458625,9329,159,0,22.314973611111117,0
2026-05-26T05:30:00Z,coverage-guided-lower-level,0,0,0,0,0,0,FALSE,0,458625,9329,159,0,22.314973611111117,0
2026-05-26T05:45:00Z,coverage-guided-lower-level,0,0,0,0,0,0,FALSE,0,458625,9329,159,0,22.314973611111117,0
2026-05-26T06:00:00Z,coverage-guided-lower-level,0,0,0,0,0,0,FALSE,0,458625,9329,159,0,22.314973611111117,0
2026-05-26T06:15:00Z,coverage-guided-lower-level,0,0,0,0,0,0,FALSE,0,458625,9329,159,0,22.314973611111117,0
2026-05-26T06:30:00Z,coverage-guided-lower-level,0,0,0,0,0,0,FALSE,0,458625,9329,159,0,22.314973611111117,0
2026-05-26T06:45:00Z,coverage-guided-lower-level,0,0,0,0,0,0,FALSE,0,458625,9329,159,0,22.314973611111117,0
2026-05-26T07:00:00Z,coverage-guided-lower-level,0,0,0,0,0,0,FALSE,0,458625,9329,159,0,22.314973611111117,0
2026-05-26T07:15:00Z,coverage-guided-lower-level,0,0,0,0,0,0,FALSE,0,458625,9329,159,0,22.314973611111117,0
2026-05-26T07:30:00Z,coverage-guided-lower-level,0,0,0,0,0,0,FALSE,0,458625,9329,159,0,22.314973611111117,0
2026-05-26T07:45:00Z,coverage-guided-lower-level,0,0,0,0,0,0,FALSE,0,458625,9329,159,0,22.314973611111117,0
2026-05-26T08:00:00Z,coverage-guided-lower-level,0,0,0,0,0,0,FALSE,0,458625,9329,159,0,22.314973611111117,0
2026-05-26T08:15:00Z,coverage-guided-lower-level,0,0,0,0,0,0,FALSE,0,458625,9329,159,0,22.314973611111117,0
2026-05-26T08:30:00Z,coverage-guided-lower-level,0,0,0,0,0,0,FALSE,0,458625,9329,159,0,22.314973611111117,0
2026-05-26T08:45:00Z,coverage-guided-lower-level,0,0,0,0,0,0,FALSE,0,458625,9329,159,0,22.314973611111117,0
2026-05-26T09:00:00Z,coverage-guided-lower-level,0,0,0,0,0,0,FALSE,0,458625,9329,159,0,22.314973611111117,0
2026-05-26T09:15:00Z,coverage-guided-lower-level,0,0,0,0,0,0,FALSE,0,458625,9329,159,0,22.314973611111117,0
2026-05-26T09:30:00Z,coverage-guided-lower-level,0,0,0,0,0,0,FALSE,0,458625,9329,159,0,22.314973611111117,0
2026-05-26T09:45:00Z,coverage-guided-lower-level,0,0,0,0,0,0,FALSE,0,458625,9329,159,0,22.314973611111117,0
2026-05-26T10:00:00Z,coverage-guided-lower-level,0,0,0,0,0,0,FALSE,0,458625,9329,159,0,22.314973611111117,0
2026-05-26T10:15:00Z,coverage-guided-lower-level,0,0,0,0,0,0,FALSE,0,458625,9329,159,0,22.314973611111117,0
2026-05-26T10:30:00Z,coverage-guided-lower-level,0,0,0,0,0,0,FALSE,0,458625,9329,159,0,22.314973611111117,0
2026-05-26T10:45:00Z,coverage-guided-lower-level,0,0,0,0,0,0,FALSE,0,458625,9329,159,0,22.314973611111117,0
2026-05-26T11:00:00Z,coverage-guided-lower-level,0,0,0,0,0,0,FALSE,0,458625,9329,159,0,22.314973611111117,0
2026-05-26T11:15:00Z,coverage-guided-lower-level,0,0,0,0,0,0,FALSE,0,458625,9329,159,0,22.314973611111117,0
2026-05-26T11:30:00Z,coverage-guided-lower-level,0,0,0,0,0,0,FALSE,0,458625,9329,159,0,22.314973611111117,0
2026-05-26T11:45:00Z,coverage-guided-lower-level,0,0,0,0,0,0,FALSE,0,458625,9329,159,0,22.314973611111117,0
2026-05-26T12:00:00Z,coverage-guided-lower-level,0,0,0,0,0,0,FALSE,0,458625,9329,159,0,22.314973611111117,0
2026-05-26T12:15:00Z,coverage-guided-lower-level,0,0,0,0,0,0,FALSE,0,458625,9329,159,0,22.314973611111117,0
2026-05-26T12:30:00Z,coverage-guided-lower-level,0,0,0,0,0,0,FALSE,0,458625,9329,159,0,22.314973611111117,0
2026-05-26T12:45:00Z,coverage-guided-lower-level,0,0,0,0,0,0,FALSE,0,458625,9329,159,0,22.314973611111117,0
2026-05-26T13:00:00Z,coverage-guided-lower-level,0,0,0,0,0,0,FALSE,0,458625,9329,159,0,22.314973611111117,0
2026-05-26T13:15:00Z,coverage-guided-lower-level,0,0,0,0,0,0,FALSE,0,458625,9329,159,0,22.314973611111117,0
2026-05-26T13:30:00Z,coverage-guided-lower-level,0,0,0,0,0,0,FALSE,0,458625,9329,159,0,22.314973611111117,0
2026-05-26T13:45:00Z,coverage-guided-lower-level,0,0,0,0,0,0,FALSE,0,458625,9329,159,0,22.314973611111117,0
2026-05-26T14:00:00Z,coverage-guided-lower-level,0,0,0,0,0,0,FALSE,0,458625,9329,159,0,22.314973611111117,0
2026-05-26T14:15:00Z,coverage-guided-lower-level,0,0,0,0,0,0,FALSE,0,458625,9329,159,0,22.314973611111117,0
2026-05-26T14:30:00Z,coverage-guided-lower-level,0,0,0,0,0,0,FALSE,0,458625,9329,159,0,22.314973611111117,0
2026-05-26T14:45:00Z,coverage-guided-lower-level,0,0,0,0,0,0,FALSE,0,458625,9329,159,0,22.314973611111117,0
2026-05-26T15:00:00Z,coverage-guided-lower-level,0,0,0,0,0,0,FALSE,0,458625,9329,159,0,22.314973611111117,0
2026-05-26T15:15:00Z,coverage-guided-lower-level,0,0,0,0,0,0,FALSE,0,458625,9329,159,0,22.314973611111117,0
2026-05-26T15:30:00Z,coverage-guided-lower-level,0,0,0,0,0,0,FALSE,0,458625,9329,159,0,22.314973611111117,0
2026-05-26T15:45:00Z,coverage-guided-lower-level,0,0,0,0,0,0,FALSE,0,458625,9329,159,0,22.314973611111117,0
2026-05-26T16:00:00Z,coverage-guided-lower-level,0,0,0,0,0,0,FALSE,0,458625,9329,159,0,22.314973611111117,0
2026-05-26T16:15:00Z,coverage-guided-lower-level,0,0,0,0,0,0,FALSE,0,458625,9329,159,0,22.314973611111117,0
2026-05-26T16:30:00Z,coverage-guided-lower-level,0,0,0,0,0,0,FALSE,0,458625,9329,159,0,22.314973611111117,0
2026-05-26T16:45:00Z,coverage-guided-lower-level,0,0,0,0,0,0,FALSE,0,458625,9329,159,0,22.314973611111117,0
2026-05-26T17:00:00Z,coverage-guided-lower-level,0,0,0,0,0,0,FALSE,0,458625,9329,159,0,22.314973611111117,0
2026-05-26T17:15:00Z,coverage-guided-lower-level,0,0,0,0,0,0,FALSE,0,458625,9329,159,0,22.314973611111117,0
2026-05-26T17:30:00Z,coverage-guided-lower-level,0,0,0,0,0,0,FALSE,0,458625,9329,159,0,22.314973611111117,0
2026-05-26T17:45:00Z,coverage-guided-lower-level,0,0,0,0,0,0,FALSE,0,458625,9329,159,0,22.314973611111117,0
2026-05-26T18:00:00Z,coverage-guided-lower-level,0,0,0,0,0,0,FALSE,0,458625,9329,159,0,22.314973611111117,0
2026-05-26T18:15:00Z,coverage-guided-lower-level,0,0,0,0,0,0,FALSE,0,458625,9329,159,0,22.314973611111117,0
2026-05-26T18:30:00Z,coverage-guided-lower-level,0,0,0,0,0,0,FALSE,0,458625,9329,159,0,22.314973611111117,0
2026-05-26T18:45:00Z,coverage-guided-lower-level,0,0,0,0,0,0,FALSE,0,458625,9329,159,0,22.314973611111117,0
2026-05-26T19:00:00Z,coverage-guided-lower-level,0,0,0,0,0,0,FALSE,0,458625,9329,159,0,22.314973611111117,0
2026-05-26T19:15:00Z,coverage-guided-lower-level,0,0,0,0,0,0,FALSE,0,458625,9329,159,0,22.314973611111117,0
2026-05-26T19:30:00Z,coverage-guided-lower-level,0,0,0,0,0,0,FALSE,0,458625,9329,159,0,22.314973611111117,0
2026-05-26T19:45:00Z,coverage-guided-lower-level,0,0,0,0,0,0,FALSE,0,458625,9329,159,0,22.314973611111117,0
2026-05-26T20:00:00Z,coverage-guided-lower-level,0,0,0,0,0,0,FALSE,0,458625,9329,159,0,22.314973611111117,0
2026-05-26T20:15:00Z,coverage-guided-lower-level,0,0,0,0,0,0,FALSE,0,458625,9329,159,0,22.314973611111117,0
2026-05-26T20:30:00Z,coverage-guided-lower-level,0,0,0,0,0,0,FALSE,0,458625,9329,159,0,22.314973611111117,0
2026-05-26T20:45:00Z,coverage-guided-lower-level,0,0,0,0,0,0,FALSE,0,458625,9329,159,0,22.314973611111117,0
2026-05-26T21:00:00Z,coverage-guided-lower-level,0,0,0,0,0,0,FALSE,0,458625,9329,159,0,22.314973611111117,0
2026-05-26T21:15:00Z,coverage-guided-lower-level,0,0,0,0,0,0,FALSE,0,458625,9329,159,0,22.314973611111117,0
2026-05-26T21:30:00Z,coverage-guided-lower-level,0,0,0,0,0,0,FALSE,0,458625,9329,159,0,22.314973611111117,0
2026-05-26T21:45:00Z,coverage-guided-lower-level,0,0,0,0,0,0,FALSE,0,458625,9329,159,0,22.314973611111117,0
2026-05-26T22:00:00Z,coverage-guided-lower-level,0,0,0,0,0,0,FALSE,0,458625,9329,159,0,22.314973611111117,0
2026-05-26T22:15:00Z,coverage-guided-lower-level,0,0,0,0,0,0,FALSE,0,458625,9329,159,0,22.314973611111117,0
2026-05-26T22:30:00Z,coverage-guided-lower-level,0,0,0,0,0,0,FALSE,0,458625,9329,159,0,22.314973611111117,0
2026-05-26T22:45:00Z,coverage-guided-lower-level,0,0,0,0,0,0,FALSE,0,458625,9329,159,0,22.314973611111117,0
2026-05-26T23:00:00Z,coverage-guided-lower-level,0,0,0,0,0,0,FALSE,0,458625,9329,159,0,22.314973611111117,0
2026-05-26T23:15:00Z,coverage-guided-lower-level,0,0,0,0,0,0,FALSE,0,458625,9329,159,0,22.314973611111117,0
2026-05-26T23:30:00Z,coverage-guided-lower-level,0,0,0,0,0,0,FALSE,0,458625,9329,159,0,22.314973611111117,0
2026-05-26T23:45:00Z,coverage-guided-lower-level,0,0,0,0,0,0,FALSE,0,458625,9329,159,0,22.314973611111117,0
2026-05-27T00:00:00Z,coverage-guided-lower-level,0,0,0,0,0,0,FALSE,0,458625,9329,159,0,22.314973611111117,0
2026-05-27T00:15:00Z,coverage-guided-lower-level,0,0,0,0,0,0,FALSE,0,458625,9329,159,0,22.314973611111117,0
2026-05-27T00:30:00Z,coverage-guided-lower-level,0,0,0,0,0,0,FALSE,0,458625,9329,159,0,22.314973611111117,0
2026-05-27T00:45:00Z,coverage-guided-lower-level,0,0,0,0,0,0,FALSE,0,458625,9329,159,0,22.314973611111117,0
2026-05-27T01:00:00Z,coverage-guided-lower-level,0,0,0,0,0,0,FALSE,0,458625,9329,159,0,22.314973611111117,0
2026-05-27T01:15:00Z,coverage-guided-lower-level,0,0,0,0,0,0,FALSE,0,458625,9329,159,0,22.314973611111117,0
2026-05-27T01:30:00Z,coverage-guided-lower-level,0,0,0,0,0,0,FALSE,0,458625,9329,159,0,22.314973611111117,0
2026-05-27T01:45:00Z,coverage-guided-lower-level,0,0,0,0,0,0,FALSE,0,458625,9329,159,0,22.314973611111117,0
2026-05-27T02:00:00Z,coverage-guided-lower-level,0,0,0,0,0,0,FALSE,0,458625,9329,159,0,22.314973611111117,0
2026-05-27T02:15:00Z,coverage-guided-lower-level,0,0,0,0,0,0,FALSE,0,458625,9329,159,0,22.314973611111117,0
2026-05-27T02:30:00Z,coverage-guided-lower-level,0,0,0,0,0,0,FALSE,0,458625,9329,159,0,22.314973611111117,0
2026-05-27T02:45:00Z,coverage-guided-lower-level,0,0,0,0,0,0,FALSE,0,458625,9329,159,0,22.314973611111117,0
2026-05-27T03:00:00Z,coverage-guided-lower-level,0,0,0,0,0,0,FALSE,0,458625,9329,159,0,22.314973611111117,0
2026-05-27T03:15:00Z,coverage-guided-lower-level,0,0,0,0,0,0,FALSE,0,458625,9329,159,0,22.314973611111117,0
2026-05-27T03:30:00Z,coverage-guided-lower-level,0,0,0,0,0,0,FALSE,0,458625,9329,159,0,22.314973611111117,0
2026-05-27T03:45:00Z,coverage-guided-lower-level,0,0,0,0,0,0,FALSE,0,458625,9329,159,0,22.314973611111117,0
2026-05-27T04:00:00Z,coverage-guided-lower-level,0,0,0,0,0,0,FALSE,0,458625,9329,159,0,22.314973611111117,0
2026-05-27T04:15:00Z,coverage-guided-lower-level,0,0,0,0,0,0,FALSE,0,458625,9329,159,0,22.314973611111117,0
2026-05-27T04:30:00Z,coverage-guided-lower-level,0,0,0,0,0,0,FALSE,0,458625,9329,159,0,22.314973611111117,0
2026-05-27T04:45:00Z,coverage-guided-lower-level,0,0,0,0,0,0,FALSE,0,458625,9329,159,0,22.314973611111117,0
2026-05-27T05:00:00Z,coverage-guided-lower-level,0,0,0,0,0,0,FALSE,0,458625,9329,159,0,22.314973611111117,0
2026-05-27T05:15:00Z,coverage-guided-lower-level,0,0,0,0,0,0,FALSE,0,458625,9329,159,0,22.314973611111117,0
2026-05-27T05:30:00Z,coverage-guided-lower-level,0,0,0,0,0,0,FALSE,0,458625,9329,159,0,22.314973611111117,0
2026-05-27T05:45:00Z,coverage-guided-lower-level,0,0,0,0,0,0,FALSE,0,458625,9329,159,0,22.314973611111117,0
2026-05-27T06:00:00Z,coverage-guided-lower-level,0,0,0,0,0,0,FALSE,0,458625,9329,159,0,22.314973611111117,0
2026-05-27T06:15:00Z,coverage-guided-lower-level,0,0,0,0,0,0,FALSE,0,458625,9329,159,0,22.314973611111117,0
2026-05-27T06:30:00Z,coverage-guided-lower-level,0,0,0,0,0,0,FALSE,0,458625,9329,159,0,22.314973611111117,0
2026-05-27T06:45:00Z,coverage-guided-lower-level,0,0,0,0,0,0,FALSE,0,458625,9329,159,0,22.314973611111117,0
2026-05-27T07:00:00Z,coverage-guided-lower-level,0,0,0,0,0,0,FALSE,0,458625,9329,159,0,22.314973611111117,0
2026-05-27T07:15:00Z,coverage-guided-lower-level,0,0,0,0,0,0,FALSE,0,458625,9329,159,0,22.314973611111117,0
2026-05-27T07:30:00Z,coverage-guided-lower-level,0,0,0,0,0,0,FALSE,0,458625,9329,159,0,22.314973611111117,0
2026-05-27T07:45:00Z,coverage-guided-lower-level,0,0,0,0,0,0,FALSE,0,458625,9329,159,0,22.314973611111117,0
2026-05-27T08:00:00Z,coverage-guided-lower-level,0,0,0,0,0,0,FALSE,0,458625,9329,159,0,22.314973611111117,0
2026-05-27T08:15:00Z,coverage-guided-lower-level,0,0,0,0,0,0,FALSE,0,458625,9329,159,0,22.314973611111117,0
2026-05-27T08:30:00Z,coverage-guided-lower-level,0,0,0,0,0,0,FALSE,0,458625,9329,159,0,22.314973611111117,0
2026-05-27T08:45:00Z,coverage-guided-lower-level,0,0,0,0,0,0,FALSE,0,458625,9329,159,0,22.314973611111117,0
2026-05-27T09:00:00Z,coverage-guided-lower-level,0,0,0,0,0,0,FALSE,0,458625,9329,159,0,22.314973611111117,0
2026-05-27T09:15:00Z,coverage-guided-lower-level,0,0,0,0,0,0,FALSE,0,458625,9329,159,0,22.314973611111117,0
2026-05-27T09:30:00Z,coverage-guided-lower-level,0,0,0,0,0,0,FALSE,0,458625,9329,159,0,22.314973611111117,0
2026-05-27T09:45:00Z,coverage-guided-lower-level,0,0,0,0,0,0,FALSE,0,458625,9329,159,0,22.314973611111117,0
2026-05-27T10:00:00Z,coverage-guided-lower-level,0,0,0,0,0,0,FALSE,0,458625,9329,159,0,22.314973611111117,0
2026-05-27T10:15:00Z,coverage-guided-lower-level,0,0,0,0,0,0,FALSE,0,458625,9329,159,0,22.314973611111117,0
2026-05-27T10:30:00Z,coverage-guided-lower-level,0,0,0,0,0,0,FALSE,0,458625,9329,159,0,22.314973611111117,0
2026-05-27T10:45:00Z,coverage-guided-lower-level,0,0,0,0,0,0,FALSE,0,458625,9329,159,0,22.314973611111117,0
2026-05-27T11:00:00Z,coverage-guided-lower-level,0,0,0,0,0,0,FALSE,0,458625,9329,159,0,22.314973611111117,0
2026-05-27T11:15:00Z,coverage-guided-lower-level,0,0,0,0,0,0,FALSE,0,458625,9329,159,0,22.314973611111117,0
2026-05-27T11:30:00Z,coverage-guided-lower-level,0,0,0,0,0,0,FALSE,0,458625,9329,159,0,22.314973611111117,0
2026-05-27T11:45:00Z,coverage-guided-lower-level,0,0,0,0,0,0,FALSE,0,458625,9329,159,0,22.314973611111117,0
2026-05-27T12:00:00Z,coverage-guided-lower-level,0,0,0,0,0,0,FALSE,0,458625,9329,159,0,22.314973611111117,0
2026-05-27T12:15:00Z,coverage-guided-lower-level,0,0,0,0,0,0,FALSE,0,458625,9329,159,0,22.314973611111117,0
2026-05-27T12:30:00Z,coverage-guided-lower-level,0,0,0,0,0,0,FALSE,0,458625,9329,159,0,22.314973611111117,0
2026-05-27T12:45:00Z,coverage-guided-lower-level,0,0,0,0,0,0,FALSE,0,458625,9329,159,0,22.314973611111117,0
2026-05-27T13:00:00Z,coverage-guided-lower-level,0,0,0,0,0,0,FALSE,0,458625,9329,159,0,22.314973611111117,0
2026-05-27T13:15:00Z,coverage-guided-lower-level,0,0,0,0,0,0,FALSE,0,458625,9329,159,0,22.314973611111117,0
2026-05-27T13:30:00Z,coverage-guided-lower-level,0,0,0,0,0,0,FALSE,0,458625,9329,159,0,22.314973611111117,0
2026-05-27T13:45:00Z,coverage-guided-lower-level,0,0,0,0,0,0,FALSE,0,458625,9329,159,0,22.314973611111117,0
2026-05-27T14:00:00Z,coverage-guided-lower-level,0,0,0,0,0,0,FALSE,0,458625,9329,159,0,22.314973611111117,0
2026-05-27T14:15:00Z,coverage-guided-lower-level,0,0,0,0,0,0,FALSE,0,458625,9329,159,0,22.314973611111117,0
2026-05-27T14:30:00Z,coverage-guided-lower-level,0,0,0,0,0,0,FALSE,0,458625,9329,159,0,22.314973611111117,0
2026-05-27T14:45:00Z,coverage-guided-lower-level,0,0,0,0,0,0,FALSE,0,458625,9329,159,0,22.314973611111117,0
2026-05-27T15:00:00Z,coverage-guided-lower-level,0,0,0,0,0,0,FALSE,0,458625,9329,159,0,22.314973611111117,0
2026-05-27T15:15:00Z,coverage-guided-lower-level,0,0,0,0,0,0,FALSE,0,458625,9329,159,0,22.314973611111117,0
2026-05-27T15:30:00Z,coverage-guided-lower-level,0,0,0,0,0,0,FALSE,0,458625,9329,159,0,22.314973611111117,0
2026-05-27T15:45:00Z,coverage-guided-lower-level,0,0,0,0,0,0,FALSE,0,458625,9329,159,0,22.314973611111117,0
2026-05-27T16:00:00Z,coverage-guided-lower-level,0,0,0,0,0,0,FALSE,0,458625,9329,159,0,22.314973611111117,0
2026-05-27T16:15:00Z,coverage-guided-lower-level,0,0,0,0,0,0,FALSE,0,458625,9329,159,0,22.314973611111117,0
2026-05-27T16:30:00Z,coverage-guided-lower-level,0,0,0,0,0,0,FALSE,0,458625,9329,159,0,22.314973611111117,0
2026-05-27T16:45:00Z,coverage-guided-lower-level,0,0,0,0,0,0,FALSE,0,458625,9329,159,0,22.314973611111117,0
2026-05-27T17:00:00Z,coverage-guided-lower-level,0,0,0,0,0,0,FALSE,0,458625,9329,159,0,22.314973611111117,0
2026-05-27T17:15:00Z,coverage-guided-lower-level,0,0,0,0,0,0,FALSE,0,458625,9329,159,0,22.314973611111117,0
2026-05-27T17:30:00Z,coverage-guided-lower-level,0,0,0,0,0,0,FALSE,0,458625,9329,159,0,22.314973611111117,0
2026-05-27T17:45:00Z,coverage-guided-lower-level,0,0,0,0,0,0,FALSE,0,458625,9329,159,0,22.314973611111117,0
2026-05-27T18:00:00Z,coverage-guided-lower-level,0,0,0,0,0,0,FALSE,0,458625,9329,159,0,22.314973611111117,0
2026-05-27T18:15:00Z,coverage-guided-lower-level,0,0,0,0,0,0,FALSE,0,458625,9329,159,0,22.314973611111117,0
2026-05-27T18:30:00Z,coverage-guided-lower-level,0,0,0,0,0,0,FALSE,0,458625,9329,159,0,22.314973611111117,0
2026-05-27T18:45:00Z,coverage-guided-lower-level,0,0,0,0,0,0,FALSE,0,458625,9329,159,0,22.314973611111117,0
2026-05-27T19:00:00Z,coverage-guided-lower-level,0,0,0,0,0,0,FALSE,0,458625,9329,159,0,22.314973611111117,0
2026-05-27T19:15:00Z,coverage-guided-lower-level,0,0,0,0,0,0,FALSE,0,458625,9329,159,0,22.314973611111117,0
2026-05-27T19:30:00Z,coverage-guided-lower-level,0,0,0,0,0,0,FALSE,0,458625,9329,159,0,22.314973611111117,0
2026-05-27T19:45:00Z,coverage-guided-lower-level,0,0,0,0,0,0,FALSE,0,458625,9329,159,0,22.314973611111117,0
2026-05-27T20:00:00Z,coverage-guided-lower-level,0,0,0,0,0,0,FALSE,0,458625,9329,159,0,22.314973611111117,0
2026-05-27T20:15:00Z,coverage-guided-lower-level,0,0,0,0,0,0,FALSE,0,458625,9329,159,0,22.314973611111117,0
2026-05-27T20:30:00Z,coverage-guided-lower-level,0,0,0,0,0,0,FALSE,0,458625,9329,159,0,22.314973611111117,0
2026-05-27T20:45:00Z,coverage-guided-lower-level,0,0,0,0,0,0,FALSE,0,458625,9329,159,0,22.314973611111117,0
2026-05-27T21:00:00Z,coverage-guided-lower-level,0,0,0,0,0,0,FALSE,0,458625,9329,159,0,22.314973611111117,0
2026-05-27T21:15:00Z,coverage-guided-lower-level,0,0,0,0,0,0,FALSE,0,458625,9329,159,0,22.314973611111117,0
2026-05-27T21:30:00Z,coverage-guided-lower-level,0,0,0,0,0,0,FALSE,0,458625,9329,159,0,22.314973611111117,0
2026-05-27T21:45:00Z,coverage-guided-lower-level,0,0,0,0,0,0,FALSE,0,458625,9329,159,0,22.314973611111117,0
2026-05-27T22:00:00Z,coverage-guided-lower-level,0,0,0,0,0,0,FALSE,0,458625,9329,159,0,22.314973611111117,0
2026-05-27T22:15:00Z,coverage-guided-lower-level,0,0,0,0,0,0,FALSE,0,458625,9329,159,0,22.314973611111117,0
2026-05-27T22:30:00Z,coverage-guided-lower-level,0,0,0,0,0,0,FALSE,0,458625,9329,159,0,22.314973611111117,0
2026-05-27T22:45:00Z,coverage-guided-lower-level,0,0,0,0,0,0,FALSE,0,458625,9329,159,0,22.314973611111117,0
2026-05-27T23:00:00Z,coverage-guided-lower-level,0,0,0,0,0,0,FALSE,0,458625,9329,159,0,22.314973611111117,0
2026-05-27T23:15:00Z,coverage-guided-lower-level,0,0,0,0,0,0,FALSE,0,458625,9329,159,0,22.314973611111117,0
2026-05-27T23:30:00Z,coverage-guided-lower-level,0,0,0,0,0,0,FALSE,0,458625,9329,159,0,22.314973611111117,0
2026-05-27T23:45:00Z,coverage-guided-lower-level,0,0,0,0,0,0,FALSE,0,458625,9329,159,0,22.314973611111117,0
2026-05-28T00:00:00Z,coverage-guided-lower-level,0,0,0,0,0,0,FALSE,0,458625,9329,159,0,22.314973611111117,0
2026-05-28T00:15:00Z,coverage-guided-lower-level,0,0,0,0,0,0,FALSE,0,458625,9329,159,0,22.314973611111117,0
2026-05-28T00:30:00Z,coverage-guided-lower-level,0,0,0,0,0,0,FALSE,0,458625,9329,159,0,22.314973611111117,0
2026-05-28T00:45:00Z,coverage-guided-lower-level,0,0,0,0,0,0,FALSE,0,458625,9329,159,0,22.314973611111117,0
2026-05-28T01:00:00Z,coverage-guided-lower-level,0,0,0,0,0,0,FALSE,0,458625,9329,159,0,22.314973611111117,0
2026-05-28T01:15:00Z,coverage-guided-lower-level,0,0,0,0,0,0,FALSE,0,458625,9329,159,0,22.314973611111117,0
2026-05-28T01:30:00Z,coverage-guided-lower-level,0,0,0,0,0,0,FALSE,0,458625,9329,159,0,22.314973611111117,0
2026-05-28T01:45:00Z,coverage-guided-lower-level,0,0,0,0,0,0,FALSE,0,458625,9329,159,0,22.314973611111117,0
2026-05-28T02:00:00Z,coverage-guided-lower-level,0,0,0,0,0,0,FALSE,0,458625,9329,159,0,22.314973611111117,0
2026-05-28T02:15:00Z,coverage-guided-lower-level,0,0,0,0,0,0,FALSE,0,458625,9329,159,0,22.314973611111117,0
2026-05-28T02:30:00Z,coverage-guided-lower-level,0,0,0,0,0,0,FALSE,0,458625,9329,159,0,22.314973611111117,0
2026-05-28T02:45:00Z,coverage-guided-lower-level,0,0,0,0,0,0,FALSE,0,458625,9329,159,0,22.314973611111117,0
2026-05-28T03:00:00Z,coverage-guided-lower-level,0,0,0,0,0,0,FALSE,0,458625,9329,159,0,22.314973611111117,0
2026-05-28T03:15:00Z,coverage-guided-lower-level,0,0,0,0,0,0,FALSE,0,458625,9329,159,0,22.314973611111117,0
2026-05-28T03:30:00Z,coverage-guided-lower-level,0,0,0,0,0,0,FALSE,0,458625,9329,159,0,22.314973611111117,0
2026-05-28T03:45:00Z,coverage-guided-lower-level,0,0,0,0,0,0,FALSE,0,458625,9329,159,0,22.314973611111117,0
2026-05-28T04:00:00Z,coverage-guided-lower-level,0,0,0,0,0,0,FALSE,0,458625,9329,159,0,22.314973611111117,0
2026-05-28T04:15:00Z,coverage-guided-lower-level,0,0,0,0,0,0,FALSE,0,458625,9329,159,0,22.314973611111117,0
2026-05-28T04:30:00Z,coverage-guided-lower-level,0,0,0,0,0,0,FALSE,0,458625,9329,159,0,22.314973611111117,0
2026-05-28T04:45:00Z,coverage-guided-lower-level,0,0,0,0,0,0,FALSE,0,458625,9329,159,0,22.314973611111117,0
2026-05-28T05:00:00Z,coverage-guided-lower-level,0,0,0,0,0,0,FALSE,0,458625,9329,159,0,22.314973611111117,0
2026-05-28T05:15:00Z,coverage-guided-lower-level,0,0,0,0,0,0,FALSE,0,458625,9329,159,0,22.314973611111117,0
2026-05-28T05:30:00Z,coverage-guided-lower-level,0,0,0,0,0,0,FALSE,0,458625,9329,159,0,22.314973611111117,0
2026-05-28T05:45:00Z,coverage-guided-lower-level,0,0,0,0,0,0,FALSE,0,458625,9329,159,0,22.314973611111117,0
2026-05-28T06:00:00Z,coverage-guided-lower-level,0,0,0,0,0,0,FALSE,0,458625,9329,159,0,22.314973611111117,0
2026-05-28T06:15:00Z,coverage-guided-lower-level,0,0,0,0,0,0,FALSE,0,458625,9329,159,0,22.314973611111117,0
2026-05-28T06:30:00Z,coverage-guided-lower-level,0,0,0,0,0,0,FALSE,0,458625,9329,159,0,22.314973611111117,0
2026-05-28T06:45:00Z,coverage-guided-lower-level,0,0,0,0,0,0,FALSE,0,458625,9329,159,0,22.314973611111117,0
2026-05-28T07:00:00Z,coverage-guided-lower-level,0,0,0,0,0,0,FALSE,0,458625,9329,159,0,22.314973611111117,0
2026-05-28T07:15:00Z,coverage-guided-lower-level,0,0,0,0,0,0,FALSE,0,458625,9329,159,0,22.314973611111117,0
2026-05-28T07:30:00Z,coverage-guided-lower-level,0,0,0,0,0,0,FALSE,0,458625,9329,159,0,22.314973611111117,0
2026-05-28T07:45:00Z,coverage-guided-lower-level,0,0,0,0,0,0,FALSE,0,458625,9329,159,0,22.314973611111117,0
2026-05-28T08:00:00Z,coverage-guided-lower-level,0,0,0,0,0,0,FALSE,0,458625,9329,159,0,22.314973611111117,0
2026-05-28T08:15:00Z,coverage-guided-lower-level,0,0,0,0,0,0,FALSE,0,458625,9329,159,0,22.314973611111117,0
2026-05-28T08:30:00Z,coverage-guided-lower-level,0,0,0,0,0,0,FALSE,0,458625,9329,159,0,22.314973611111117,0
2026-05-28T08:45:00Z,coverage-guided-lower-level,0,0,0,0,0,0,FALSE,0,458625,9329,159,0,22.314973611111117,0
2026-05-28T09:00:00Z,coverage-guided-lower-level,0,0,0,0,0,0,FALSE,0,458625,9329,159,0,22.314973611111117,0
2026-05-28T09:15:00Z,coverage-guided-lower-level,0,0,0,0,0,0,FALSE,0,458625,9329,159,0,22.314973611111117,0
2026-05-28T09:30:00Z,coverage-guided-lower-level,0,0,0,0,0,0,FALSE,0,458625,9329,159,0,22.314973611111117,0
2026-05-28T09:45:00Z,coverage-guided-lower-level,0,0,0,0,0,0,FALSE,0,458625,9329,159,0,22.314973611111117,0
2026-05-28T10:00:00Z,coverage-guided-lower-level,0,0,0,0,0,0,FALSE,0,458625,9329,159,0,22.314973611111117,0
2026-05-28T10:15:00Z,coverage-guided-lower-level,0,0,0,0,0,0,FALSE,0,458625,9329,159,0,22.314973611111117,0
2026-05-28T10:30:00Z,coverage-guided-lower-level,0,0,0,0,0,0,FALSE,0,458625,9329,159,0,22.314973611111117,0
2026-05-28T10:45:00Z,coverage-guided-lower-level,0,0,0,0,0,0,FALSE,0,458625,9329,159,0,22.314973611111117,0
2026-05-28T11:00:00Z,coverage-guided-lower-level,0,0,0,0,0,0,FALSE,0,458625,9329,159,0,22.314973611111117,0
2026-05-28T11:15:00Z,coverage-guided-lower-level,0,0,0,0,0,0,FALSE,0,458625,9329,159,0,22.314973611111117,0
2026-05-28T11:30:00Z,coverage-guided-lower-level,0,0,0,0,0,0,FALSE,0,458625,9329,159,0,22.314973611111117,0
2026-05-28T11:45:00Z,coverage-guided-lower-level,0,0,0,0,0,0,FALSE,0,458625,9329,159,0,22.314973611111117,0
2026-05-28T12:00:00Z,coverage-guided-lower-level,0,0,0,0,0,0,FALSE,0,458625,9329,159,0,22.314973611111117,0
2026-05-28T12:15:00Z,coverage-guided-lower-level,0,0,0,0,0,0,FALSE,0,458625,9329,159,0,22.314973611111117,0
2026-05-28T12:30:00Z,coverage-guided-lower-level,0,0,0,0,0,0,FALSE,0,458625,9329,159,0,22.314973611111117,0
2026-05-28T12:45:00Z,coverage-guided-lower-level,0,0,0,0,0,0,FALSE,0,458625,9329,159,0,22.314973611111117,0
2026-05-28T13:00:00Z,coverage-guided-lower-level,0,0,0,0,0,0,FALSE,0,458625,9329,159,0,22.314973611111117,0
2026-05-28T13:15:00Z,coverage-guided-lower-level,0,0,0,0,0,0,FALSE,0,458625,9329,159,0,22.314973611111117,0
2026-05-28T13:30:00Z,coverage-guided-lower-level,0,0,0,0,0,0,FALSE,0,458625,9329,159,0,22.314973611111117,0
2026-05-28T13:45:00Z,coverage-guided-lower-level,0,0,0,0,0,0,FALSE,0,458625,9329,159,0,22.314973611111117,0
2026-05-28T14:00:00Z,coverage-guided-lower-level,0,0,0,0,0,0,FALSE,0,458625,9329,159,0,22.314973611111117,0
2026-05-28T14:15:00Z,coverage-guided-lower-level,0,0,0,0,0,0,FALSE,0,458625,9329,159,0,22.314973611111117,0
2026-05-28T14:30:00Z,coverage-guided-lower-level,0,0,0,0,0,0,FALSE,0,458625,9329,159,0,22.314973611111117,0
2026-05-28T14:45:00Z,coverage-guided-lower-level,0,0,0,0,0,0,FALSE,0,458625,9329,159,0,22.314973611111117,0
2026-05-28T15:00:00Z,coverage-guided-lower-level,0,0,0,0,0,0,FALSE,0,458625,9329,159,0,22.314973611111117,0
2026-05-28T15:15:00Z,coverage-guided-lower-level,0,0,0,0,0,0,FALSE,0,458625,9329,159,0,22.314973611111117,0
2026-05-28T15:30:00Z,coverage-guided-lower-level,0,0,0,0,0,0,FALSE,0,458625,9329,159,0,22.314973611111117,0
2026-05-28T15:45:00Z,coverage-guided-lower-level,0,0,0,0,0,0,FALSE,0,458625,9329,159,0,22.314973611111117,0
2026-05-28T16:00:00Z,coverage-guided-lower-level,0,0,0,0,0,0,FALSE,0,458625,9329,159,0,22.314973611111117,0
2026-05-28T16:15:00Z,coverage-guided-lower-level,0,0,0,0,0,0,FALSE,0,458625,9329,159,0,22.314973611111117,0
2026-05-28T16:30:00Z,coverage-guided-lower-level,0,0,0,0,0,0,FALSE,0,458625,9329,159,0,22.314973611111117,0
2026-05-28T16:45:00Z,coverage-guided-lower-level,0,0,0,0,0,0,FALSE,0,458625,9329,159,0,22.314973611111117,0
2026-05-28T17:00:00Z,coverage-guided-lower-level,0,0,0,0,0,0,FALSE,0,458625,9329,159,0,22.314973611111117,0
2026-05-28T17:15:00Z,coverage-guided-lower-level,0,0,0,0,0,0,FALSE,0,458625,9329,159,0,22.314973611111117,0
2026-05-28T17:30:00Z,coverage-guided-lower-level,0,0,0,0,0,0,FALSE,0,458625,9329,159,0,22.314973611111117,0
2026-05-28T17:45:00Z,coverage-guided-lower-level,0,0,0,0,0,0,FALSE,0,458625,9329,159,0,22.314973611111117,0
2026-05-28T18:00:00Z,coverage-guided-lower-level,0,0,0,0,0,0,FALSE,0,458625,9329,159,0,22.314973611111117,0
2026-05-28T18:15:00Z,coverage-guided-lower-level,0,0,0,0,0,0,FALSE,0,458625,9329,159,0,22.314973611111117,0
2026-05-28T18:30:00Z,coverage-guided-lower-level,0,0,0,0,0,0,FALSE,0,458625,9329,159,0,22.314973611111117,0
2026-05-28T18:45:00Z,coverage-guided-lower-level,0,0,0,0,0,0,FALSE,0,458625,9329,159,0,22.314973611111117,0
2026-05-28T19:00:00Z,coverage-guided-lower-level,0,0,0,0,0,0,FALSE,0,458625,9329,159,0,22.314973611111117,0
2026-05-28T19:15:00Z,coverage-guided-lower-level,0,0,0,0,0,0,FALSE,0,458625,9329,159,0,22.314973611111117,0
2026-05-28T19:30:00Z,coverage-guided-lower-level,0,0,0,0,0,0,FALSE,0,458625,9329,159,0,22.314973611111117,0
2026-05-28T19:45:00Z,coverage-guided-lower-level,0,0,0,0,0,0,FALSE,0,458625,9329,159,0,22.314973611111117,0
2026-05-28T20:00:00Z,coverage-guided-lower-level,0,0,0,0,0,0,FALSE,0,458625,9329,159,0,22.314973611111117,0
2026-05-28T20:15:00Z,coverage-guided-lower-level,0,0,0,0,0,0,FALSE,0,458625,9329,159,0,22.314973611111117,0
2026-05-28T20:30:00Z,coverage-guided-lower-level,0,0,0,0,0,0,FALSE,0,458625,9329,159,0,22.314973611111117,0
2026-05-28T20:45:00Z,coverage-guided-lower-level,0,0,0,0,0,0,FALSE,0,458625,9329,159,0,22.314973611111117,0
2026-05-28T21:00:00Z,coverage-guided-lower-level,0,0,0,0,0,0,FALSE,0,458625,9329,159,0,22.314973611111117,0
2026-05-28T21:15:00Z,coverage-guided-lower-level,0,0,0,0,0,0,FALSE,0,458625,9329,159,0,22.314973611111117,0
2026-05-28T21:30:00Z,coverage-guided-lower-level,0,0,0,0,0,0,FALSE,0,458625,9329,159,0,22.314973611111117,0
2026-05-28T21:45:00Z,coverage-guided-lower-level,0,0,0,0,0,0,FALSE,0,458625,9329,159,0,22.314973611111117,0
2026-05-28T22:00:00Z,coverage-guided-lower-level,0,0,0,0,0,0,FALSE,0,458625,9329,159,0,22.314973611111117,0
2026-05-28T22:15:00Z,coverage-guided-lower-level,0,0,0,0,0,0,FALSE,0,458625,9329,159,0,22.314973611111117,0
2026-05-28T22:30:00Z,coverage-guided-lower-level,0,0,0,0,0,0,FALSE,0,458625,9329,159,0,22.314973611111117,0
2026-05-28T22:45:00Z,coverage-guided-lower-level,0,0,0,0,0,0,FALSE,0,458625,9329,159,0,22.314973611111117,0
2026-05-28T23:00:00Z,coverage-guided-lower-level,0,0,0,0,0,0,FALSE,0,458625,9329,159,0,22.314973611111117,0
2026-05-28T23:15:00Z,coverage-guided-lower-level,0,0,0,0,0,0,FALSE,0,458625,9329,159,0,22.314973611111117,0
2026-05-28T23:30:00Z,coverage-guided-lower-level,0,0,0,0,0,0,FALSE,0,458625,9329,159,0,22.314973611111117,0
2026-05-28T23:45:00Z,coverage-guided-lower-level,0,0,0,0,0,0,FALSE,0,458625,9329,159,0,22.314973611111117,0
2026-05-29T00:00:00Z,coverage-guided-lower-level,0,0,0,0,0,0,FALSE,0,458625,9329,159,0,22.314973611111117,0
2026-05-29T00:15:00Z,coverage-guided-lower-level,0,0,0,0,0,0,FALSE,0,458625,9329,159,0,22.314973611111117,0
2026-05-29T00:30:00Z,coverage-guided-lower-level,0,0,0,0,0,0,FALSE,0,458625,9329,159,0,22.314973611111117,0
2026-05-29T00:45:00Z,coverage-guided-lower-level,0,0,0,0,0,0,FALSE,0,458625,9329,159,0,22.314973611111117,0
2026-05-29T01:00:00Z,coverage-guided-lower-level,0,0,0,0,0,0,FALSE,0,458625,9329,159,0,22.314973611111117,0
2026-05-29T01:15:00Z,coverage-guided-lower-level,0,0,0,0,0,0,FALSE,0,458625,9329,159,0,22.314973611111117,0
2026-05-29T01:30:00Z,coverage-guided-lower-level,0,0,0,0,0,0,FALSE,0,458625,9329,159,0,22.314973611111117,0
2026-05-29T01:45:00Z,coverage-guided-lower-level,0,0,0,0,0,0,FALSE,0,458625,9329,159,0,22.314973611111117,0
2026-05-29T02:00:00Z,coverage-guided-lower-level,0,0,0,0,0,0,FALSE,0,458625,9329,159,0,22.314973611111117,0
2026-05-29T02:15:00Z,coverage-guided-lower-level,0,0,0,0,0,0,FALSE,0,458625,9329,159,0,22.314973611111117,0
2026-05-29T02:30:00Z,coverage-guided-lower-level,0,0,0,0,0,0,FALSE,0,458625,9329,159,0,22.314973611111117,0
2026-05-29T02:45:00Z,coverage-guided-lower-level,0,0,0,0,0,0,FALSE,0,458625,9329,159,0,22.314973611111117,0
2026-05-29T03:00:00Z,coverage-guided-lower-level,0,0,0,0,0,0,FALSE,0,458625,9329,159,0,22.314973611111117,0
2026-05-29T03:15:00Z,coverage-guided-lower-level,0,0,0,0,0,0,FALSE,0,458625,9329,159,0,22.314973611111117,0
2026-05-29T03:30:00Z,coverage-guided-lower-level,0,0,0,0,0,0,FALSE,0,458625,9329,159,0,22.314973611111117,0
2026-05-29T03:45:00Z,coverage-guided-lower-level,0,0,0,0,0,0,FALSE,0,458625,9329,159,0,22.314973611111117,0
2026-05-29T04:00:00Z,coverage-guided-lower-level,0,0,0,0,0,0,FALSE,0,458625,9329,159,0,22.314973611111117,0
2026-05-29T04:15:00Z,coverage-guided-lower-level,0,0,0,0,0,0,FALSE,0,458625,9329,159,0,22.314973611111117,0
2026-05-29T04:30:00Z,coverage-guided-lower-level,0,0,0,0,0,0,FALSE,0,458625,9329,159,0,22.314973611111117,0
2026-05-29T04:45:00Z,coverage-guided-lower-level,0,0,0,0,0,0,FALSE,0,458625,9329,159,0,22.314973611111117,0
2026-05-29T05:00:00Z,coverage-guided-lower-level,0,0,0,0,0,0,FALSE,0,458625,9329,159,0,22.314973611111117,0
2026-05-29T05:15:00Z,coverage-guided-lower-level,0,0,0,0,0,0,FALSE,0,458625,9329,159,0,22.314973611111117,0
2026-05-29T05:30:00Z,coverage-guided-lower-level,0,0,0,0,0,0,FALSE,0,458625,9329,159,0,22.314973611111117,0
2026-05-29T05:45:00Z,coverage-guided-lower-level,0,0,0,0,0,0,FALSE,0,458625,9329,159,0,22.314973611111117,0
2026-05-29T06:00:00Z,coverage-guided-lower-level,0,0,0,0,0,0,FALSE,0,458625,9329,159,0,22.314973611111117,0
2026-05-29T06:15:00Z,coverage-guided-lower-level,0,0,0,0,0,0,FALSE,0,458625,9329,159,0,22.314973611111117,0
2026-05-29T06:30:00Z,coverage-guided-lower-level,0,0,0,0,0,0,FALSE,0,458625,9329,159,0,22.314973611111117,0
2026-05-29T06:45:00Z,coverage-guided-lower-level,0,0,0,0,0,0,FALSE,0,458625,9329,159,0,22.314973611111117,0
2026-05-29T07:00:00Z,coverage-guided-lower-level,0,0,0,0,0,0,FALSE,0,458625,9329,159,0,22.314973611111117,0
2026-05-29T07:15:00Z,coverage-guided-lower-level,0,0,0,0,0,0,FALSE,0,458625,9329,159,0,22.314973611111117,0
2026-05-29T07:30:00Z,coverage-guided-lower-level,0,0,0,0,0,0,FALSE,0,458625,9329,159,0,22.314973611111117,0
2026-05-29T07:45:00Z,coverage-guided-lower-level,0,0,0,0,0,0,FALSE,0,458625,9329,159,0,22.314973611111117,0
2026-05-29T08:00:00Z,coverage-guided-lower-level,0,0,0,0,0,0,FALSE,0,458625,9329,159,0,22.314973611111117,0
2026-05-29T08:15:00Z,coverage-guided-lower-level,0,0,0,0,0,0,FALSE,0,458625,9329,159,0,22.314973611111117,0
2026-05-29T08:30:00Z,coverage-guided-lower-level,0,0,0,0,0,0,FALSE,0,458625,9329,159,0,22.314973611111117,0
2026-05-29T08:45:00Z,coverage-guided-lower-level,0,0,0,0,0,0,FALSE,0,458625,9329,159,0,22.314973611111117,0
2026-05-16T08:45:00Z,backend-api,0,0,0,0,0,0,FALSE,0,0,0,0,0,0,0
2026-05-16T09:00:00Z,backend-api,0,0,0,0,0,0,FALSE,0,0,0,0,0,0,0
2026-05-16T09:15:00Z,backend-api,0,0,0,0,0,0,FALSE,0,0,0,0,0,0,0
2026-05-16T09:30:00Z,backend-api,0,0,0,0,0,0,FALSE,0,0,0,0,0,0,0
2026-05-16T09:45:00Z,backend-api,0,0,0,0,0,0,FALSE,0,0,0,0,0,0,0
2026-05-16T10:00:00Z,backend-api,0,0,0,0,0,0,FALSE,0,0,0,0,0,0,0
2026-05-16T10:15:00Z,backend-api,0,0,0,0,0,0,FALSE,0,0,0,0,0,0,0
2026-05-16T10:30:00Z,backend-api,0,0,0,0,0,0,FALSE,0,0,0,0,0,0,0
2026-05-16T10:45:00Z,backend-api,0,0,0,0,0,0,FALSE,0,0,0,0,0,0,0
2026-05-16T11:00:00Z,backend-api,0,0,0,0,0,0,FALSE,0,0,0,0,0,0,0
2026-05-16T11:15:00Z,backend-api,0,0,0,0,0,0,FALSE,0,0,0,0,0,0,0
2026-05-16T11:30:00Z,backend-api,0,0,0,0,0,0,FALSE,0,0,0,0,0,0,0
2026-05-16T11:45:00Z,backend-api,0,0,0,0,0,0,FALSE,0,0,0,0,0,0,0
2026-05-16T12:00:00Z,backend-api,0,0,0,0,0,0,FALSE,0,0,0,0,0,0,0
2026-05-16T12:15:00Z,backend-api,0,0,0,0,0,0,FALSE,0,0,0,0,0,0,0
2026-05-16T12:30:00Z,backend-api,0,0,0,0,0,0,FALSE,0,0,0,0,0,0,0
2026-05-16T12:45:00Z,backend-api,0,0,0,0,0,0,FALSE,0,0,0,0,0,0,0
2026-05-16T13:00:00Z,backend-api,0,0,0,0,0,0,FALSE,0,0,0,0,0,0,0
2026-05-16T13:15:00Z,backend-api,0,0,0,0,0,0,FALSE,0,0,0,0,0,0,0
2026-05-16T13:30:00Z,backend-api,0,0,0,0,0,0,FALSE,0,0,0,0,0,0,0
2026-05-16T13:45:00Z,backend-api,0,0,0,0,0,0,FALSE,0,0,0,0,0,0,0
2026-05-16T14:00:00Z,backend-api,0,0,0,0,0,0,FALSE,0,0,0,0,0,0,0
2026-05-16T14:15:00Z,backend-api,0,0,0,0,0,0,FALSE,0,0,0,0,0,0,0
2026-05-16T14:30:00Z,backend-api,0,0,0,0,0,0,FALSE,0,0,0,0,0,0,0
2026-05-16T14:45:00Z,backend-api,0,0,0,0,0,0,FALSE,0,0,0,0,0,0,0
2026-05-16T15:00:00Z,backend-api,0,0,0,0,0,0,FALSE,0,0,0,0,0,0,0
2026-05-16T15:15:00Z,backend-api,0,0,0,0,0,0,FALSE,0,0,0,0,0,0,0
2026-05-16T15:30:00Z,backend-api,0,0,0,0,0,0,FALSE,0,0,0,0,0,0,0
2026-05-16T15:45:00Z,backend-api,0,0,0,0,0,0,FALSE,0,0,0,0,0,0,0
2026-05-16T16:00:00Z,backend-api,0,0,0,0,0,0,FALSE,0,0,0,0,0,0,0
2026-05-16T16:15:00Z,backend-api,0,0,0,0,0,0,FALSE,0,0,0,0,0,0,0
2026-05-16T16:30:00Z,backend-api,0,0,0,0,0,0,FALSE,0,0,0,0,0,0,0
2026-05-16T16:45:00Z,backend-api,0,0,0,0,0,0,FALSE,0,0,0,0,0,0,0
2026-05-16T17:00:00Z,backend-api,0,0,0,0,0,0,FALSE,0,0,0,0,0,0,0
2026-05-16T17:15:00Z,backend-api,0,0,0,0,0,0,FALSE,0,0,0,0,0,0,0
2026-05-16T17:30:00Z,backend-api,0,0,0,0,0,0,FALSE,0,0,0,0,0,0,0
2026-05-16T17:45:00Z,backend-api,0,0,0,0,0,0,FALSE,0,0,0,0,0,0,0
2026-05-16T18:00:00Z,backend-api,0,0,0,0,0,0,FALSE,0,0,0,0,0,0,0
2026-05-16T18:15:00Z,backend-api,0,0,0,0,0,0,FALSE,0,0,0,0,0,0,0
2026-05-16T18:30:00Z,backend-api,0,0,0,0,0,0,FALSE,0,0,0,0,0,0,0
2026-05-16T18:45:00Z,backend-api,0,0,0,0,0,0,FALSE,0,0,0,0,0,0,0
2026-05-16T19:00:00Z,backend-api,0,0,0,0,0,0,FALSE,0,0,0,0,0,0,0
2026-05-16T19:15:00Z,backend-api,0,0,0,0,0,0,FALSE,0,0,0,0,0,0,0
2026-05-16T19:30:00Z,backend-api,0,0,0,0,0,0,FALSE,0,0,0,0,0,0,0
2026-05-16T19:45:00Z,backend-api,0,0,0,0,0,0,FALSE,0,0,0,0,0,0,0
2026-05-16T20:00:00Z,backend-api,0,0,0,0,0,0,FALSE,0,0,0,0,0,0,0
2026-05-16T20:15:00Z,backend-api,0,0,0,0,0,0,FALSE,0,0,0,0,0,0,0
2026-05-16T20:30:00Z,backend-api,0,0,0,0,0,0,FALSE,0,0,0,0,0,0,0
2026-05-16T20:45:00Z,backend-api,0,0,0,0,0,0,FALSE,0,0,0,0,0,0,0
2026-05-16T21:00:00Z,backend-api,0,0,0,0,0,0,FALSE,0,0,0,0,0,0,0
2026-05-16T21:15:00Z,backend-api,0,0,0,0,0,0,FALSE,0,0,0,0,0,0,0
2026-05-16T21:30:00Z,backend-api,0,0,0,0,0,0,FALSE,0,0,0,0,0,0,0
2026-05-16T21:45:00Z,backend-api,0,0,0,0,0,0,FALSE,0,0,0,0,0,0,0
2026-05-16T22:00:00Z,backend-api,0,0,0,0,0,0,FALSE,0,0,0,0,0,0,0
2026-05-16T22:15:00Z,backend-api,0,0,0,0,0,0,FALSE,0,0,0,0,0,0,0
2026-05-16T22:30:00Z,backend-api,0,0,0,0,0,0,FALSE,0,0,0,0,0,0,0
2026-05-16T22:45:00Z,backend-api,0,0,0,0,0,0,FALSE,0,0,0,0,0,0,0
2026-05-16T23:00:00Z,backend-api,0,0,0,0,0,0,FALSE,0,0,0,0,0,0,0
2026-05-16T23:15:00Z,backend-api,0,0,0,0,0,0,FALSE,0,0,0,0,0,0,0
2026-05-16T23:30:00Z,backend-api,0,0,0,0,0,0,FALSE,0,0,0,0,0,0,0
2026-05-16T23:45:00Z,backend-api,0,0,0,0,0,0,FALSE,0,0,0,0,0,0,0
2026-05-17T00:00:00Z,backend-api,0,0,0,0,0,0,FALSE,0,0,0,0,0,0,0
2026-05-17T00:15:00Z,backend-api,0,0,0,0,0,0,FALSE,0,0,0,0,0,0,0
2026-05-17T00:30:00Z,backend-api,0,0,0,0,0,0,FALSE,0,0,0,0,0,0,0
2026-05-17T00:45:00Z,backend-api,0,0,0,0,0,0,FALSE,0,0,0,0,0,0,0
2026-05-17T01:00:00Z,backend-api,0,0,0,0,0,0,FALSE,0,0,0,0,0,0,0
2026-05-17T01:15:00Z,backend-api,0,0,0,0,0,0,FALSE,0,0,0,0,0,0,0
2026-05-17T01:30:00Z,backend-api,0,0,0,0,0,0,FALSE,0,0,0,0,0,0,0
2026-05-17T01:45:00Z,backend-api,0,0,0,0,0,0,FALSE,0,0,0,0,0,0,0
2026-05-17T02:00:00Z,backend-api,0,0,0,0,0,0,FALSE,0,0,0,0,0,0,0
2026-05-17T02:15:00Z,backend-api,0,0,0,0,0,0,FALSE,0,0,0,0,0,0,0
2026-05-17T02:30:00Z,backend-api,0,0,0,0,0,0,FALSE,0,0,0,0,0,0,0
2026-05-17T02:45:00Z,backend-api,0,0,0,0,0,0,FALSE,0,0,0,0,0,0,0
2026-05-17T03:00:00Z,backend-api,0,0,0,0,0,0,FALSE,0,0,0,0,0,0,0
2026-05-17T03:15:00Z,backend-api,0,0,0,0,0,0,FALSE,0,0,0,0,0,0,0
2026-05-17T03:30:00Z,backend-api,0,0,0,0,0,0,FALSE,0,0,0,0,0,0,0
2026-05-17T03:45:00Z,backend-api,0,0,0,0,0,0,FALSE,0,0,0,0,0,0,0
2026-05-17T04:00:00Z,backend-api,0,0,0,0,0,0,FALSE,0,0,0,0,0,0,0
2026-05-17T04:15:00Z,backend-api,0,0,0,0,0,0,FALSE,0,0,0,0,0,0,0
2026-05-17T04:30:00Z,backend-api,0,0,0,0,0,0,FALSE,0,0,0,0,0,0,0
2026-05-17T04:45:00Z,backend-api,0,0,0,0,0,0,FALSE,0,0,0,0,0,0,0
2026-05-17T05:00:00Z,backend-api,0,0,0,0,0,0,FALSE,0,0,0,0,0,0,0
2026-05-17T05:15:00Z,backend-api,0,0,0,0,0,0,FALSE,0,0,0,0,0,0,0
2026-05-17T05:30:00Z,backend-api,0,0,0,0,0,0,FALSE,0,0,0,0,0,0,0
2026-05-17T05:45:00Z,backend-api,0,0,0,0,0,0,FALSE,0,0,0,0,0,0,0
2026-05-17T06:00:00Z,backend-api,0,0,0,0,0,0,FALSE,0,0,0,0,0,0,0
2026-05-17T06:15:00Z,backend-api,0,0,0,0,0,0,FALSE,0,0,0,0,0,0,0
2026-05-17T06:30:00Z,backend-api,0,0,0,0,0,0,FALSE,0,0,0,0,0,0,0
2026-05-17T06:45:00Z,backend-api,0,0,0,0,0,0,FALSE,0,0,0,0,0,0,0
2026-05-17T07:00:00Z,backend-api,0,0,0,0,0,0,FALSE,0,0,0,0,0,0,0
2026-05-17T07:15:00Z,backend-api,0,0,0,0,0,0,FALSE,0,0,0,0,0,0,0
2026-05-17T07:30:00Z,backend-api,0,0,0,0,0,0,FALSE,0,0,0,0,0,0,0
2026-05-17T07:45:00Z,backend-api,0,0,0,0,0,0,FALSE,0,0,0,0,0,0,0
2026-05-17T08:00:00Z,backend-api,0,0,0,0,0,0,FALSE,0,0,0,0,0,0,0
2026-05-17T08:15:00Z,backend-api,0,0,0,0,0,0,FALSE,0,0,0,0,0,0,0
2026-05-17T08:30:00Z,backend-api,0,0,0,0,0,0,FALSE,0,0,0,0,0,0,0
2026-05-17T08:45:00Z,backend-api,0,0,0,0,0,0,FALSE,0,0,0,0,0,0,0
2026-05-17T09:00:00Z,backend-api,0,0,0,0,0,0,FALSE,0,0,0,0,0,0,0
2026-05-17T09:15:00Z,backend-api,0,0,0,0,0,0,FALSE,0,0,0,0,0,0,0
2026-05-17T09:30:00Z,backend-api,0,0,0,0,0,0,FALSE,0,0,0,0,0,0,0
2026-05-17T09:45:00Z,backend-api,0,0,0,0,0,0,FALSE,0,0,0,0,0,0,0
2026-05-17T10:00:00Z,backend-api,0,0,0,0,0,0,FALSE,0,0,0,0,0,0,0
2026-05-17T10:15:00Z,backend-api,0,0,0,0,0,0,FALSE,0,0,0,0,0,0,0
2026-05-17T10:30:00Z,backend-api,0,0,0,0,0,0,FALSE,0,0,0,0,0,0,0
2026-05-17T10:45:00Z,backend-api,0,0,0,0,0,0,FALSE,0,0,0,0,0,0,0
2026-05-17T11:00:00Z,backend-api,0,0,0,0,0,0,FALSE,0,0,0,0,0,0,0
2026-05-17T11:15:00Z,backend-api,0,0,0,0,0,0,FALSE,0,0,0,0,0,0,0
2026-05-17T11:30:00Z,backend-api,0,0,0,0,0,0,FALSE,0,0,0,0,0,0,0
2026-05-17T11:45:00Z,backend-api,0,0,0,0,0,0,FALSE,0,0,0,0,0,0,0
2026-05-17T12:00:00Z,backend-api,0,0,0,0,0,0,FALSE,0,0,0,0,0,0,0
2026-05-17T12:15:00Z,backend-api,0,0,0,0,0,0,FALSE,0,0,0,0,0,0,0
2026-05-17T12:30:00Z,backend-api,0,0,0,0,0,0,FALSE,0,0,0,0,0,0,0
2026-05-17T12:45:00Z,backend-api,0,0,0,0,0,0,FALSE,0,0,0,0,0,0,0
2026-05-17T13:00:00Z,backend-api,0,0,0,0,0,0,FALSE,0,0,0,0,0,0,0
2026-05-17T13:15:00Z,backend-api,0,0,0,0,0,0,FALSE,0,0,0,0,0,0,0
2026-05-17T13:30:00Z,backend-api,0,0,0,0,0,0,FALSE,0,0,0,0,0,0,0
2026-05-17T13:45:00Z,backend-api,0,0,0,0,0,0,FALSE,0,0,0,0,0,0,0
2026-05-17T14:00:00Z,backend-api,0,0,0,0,0,0,FALSE,0,0,0,0,0,0,0
2026-05-17T14:15:00Z,backend-api,0,0,0,0,0,0,FALSE,0,0,0,0,0,0,0
2026-05-17T14:30:00Z,backend-api,0,0,0,0,0,0,FALSE,0,0,0,0,0,0,0
2026-05-17T14:45:00Z,backend-api,0,0,0,0,0,0,FALSE,0,0,0,0,0,0,0
2026-05-17T15:00:00Z,backend-api,0,0,0,0,0,0,FALSE,0,0,0,0,0,0,0
2026-05-17T15:15:00Z,backend-api,0,0,0,0,0,0,FALSE,0,0,0,0,0,0,0
2026-05-17T15:30:00Z,backend-api,0,0,0,0,0,0,FALSE,0,0,0,0,0,0,0
2026-05-17T15:45:00Z,backend-api,0,0,0,0,0,0,FALSE,0,0,0,0,0,0,0
2026-05-17T16:00:00Z,backend-api,0,0,0,0,0,0,FALSE,0,0,0,0,0,0,0
2026-05-17T16:15:00Z,backend-api,0,0,0,0,0,0,FALSE,0,0,0,0,0,0,0
2026-05-17T16:30:00Z,backend-api,0,0,0,0,0,0,FALSE,0,0,0,0,0,0,0
2026-05-17T16:45:00Z,backend-api,0,0,0,0,0,0,FALSE,0,0,0,0,0,0,0
2026-05-17T17:00:00Z,backend-api,0,0,0,0,0,0,FALSE,0,0,0,0,0,0,0
2026-05-17T17:15:00Z,backend-api,0,0,0,0,0,0,FALSE,0,0,0,0,0,0,0
2026-05-17T17:30:00Z,backend-api,0,0,0,0,0,0,FALSE,0,0,0,0,0,0,0
2026-05-17T17:45:00Z,backend-api,0,0,0,0,0,0,FALSE,0,0,0,0,0,0,0
2026-05-17T18:00:00Z,backend-api,0,0,0,0,0,0,FALSE,0,0,0,0,0,0,0
2026-05-17T18:15:00Z,backend-api,0,0,0,0,0,0,FALSE,0,0,0,0,0,0,0
2026-05-17T18:30:00Z,backend-api,0,0,0,0,0,0,FALSE,0,0,0,0,0,0,0
2026-05-17T18:45:00Z,backend-api,0,0,0,0,0,0,FALSE,0,0,0,0,0,0,0
2026-05-17T19:00:00Z,backend-api,0,0,0,0,0,0,FALSE,0,0,0,0,0,0,0
2026-05-17T19:15:00Z,backend-api,0,0,0,0,0,0,FALSE,0,0,0,0,0,0,0
2026-05-17T19:30:00Z,backend-api,0,0,0,0,0,0,FALSE,0,0,0,0,0,0,0
2026-05-17T19:45:00Z,backend-api,0,0,0,0,0,0,FALSE,0,0,0,0,0,0,0
2026-05-17T20:00:00Z,backend-api,0,0,0,0,0,0,FALSE,0,0,0,0,0,0,0
2026-05-17T20:15:00Z,backend-api,0,0,0,0,0,0,FALSE,0,0,0,0,0,0,0
2026-05-17T20:30:00Z,backend-api,0,0,0,0,0,0,FALSE,0,0,0,0,0,0,0
2026-05-17T20:45:00Z,backend-api,0,0,0,0,0,0,FALSE,0,0,0,0,0,0,0
2026-05-17T21:00:00Z,backend-api,0,0,0,0,0,0,FALSE,0,0,0,0,0,0,0
2026-05-17T21:15:00Z,backend-api,0,0,0,0,0,0,FALSE,0,0,0,0,0,0,0
2026-05-17T21:30:00Z,backend-api,0,0,0,0,0,0,FALSE,0,0,0,0,0,0,0
2026-05-17T21:45:00Z,backend-api,0,0,0,0,0,0,FALSE,0,0,0,0,0,0,0
2026-05-17T22:00:00Z,backend-api,0,0,0,0,0,0,FALSE,0,0,0,0,0,0,0
2026-05-17T22:15:00Z,backend-api,0,0,0,0,0,0,FALSE,0,0,0,0,0,0,0
2026-05-17T22:30:00Z,backend-api,0,0,0,0,0,0,FALSE,0,0,0,0,0,0,0
2026-05-17T22:45:00Z,backend-api,0,0,0,0,0,0,FALSE,0,0,0,0,0,0,0
2026-05-17T23:00:00Z,backend-api,0,0,0,0,0,0,FALSE,0,0,0,0,0,0,0
2026-05-17T23:15:00Z,backend-api,0,0,0,0,0,0,FALSE,0,0,0,0,0,0,0
2026-05-17T23:30:00Z,backend-api,0,0,0,0,0,0,FALSE,0,0,0,0,0,0,0
2026-05-17T23:45:00Z,backend-api,0,0,0,0,0,0,FALSE,0,0,0,0,0,0,0
2026-05-18T00:00:00Z,backend-api,0,0,0,0,0,0,FALSE,0,0,0,0,0,0,0
2026-05-18T00:15:00Z,backend-api,0,0,0,0,0,0,FALSE,0,0,0,0,0,0,0
2026-05-18T00:30:00Z,backend-api,0,0,0,0,0,0,FALSE,0,0,0,0,0,0,0
2026-05-18T00:45:00Z,backend-api,0,0,0,0,0,0,FALSE,0,0,0,0,0,0,0
2026-05-18T01:00:00Z,backend-api,0,0,0,0,0,0,FALSE,0,0,0,0,0,0,0
2026-05-18T01:15:00Z,backend-api,0,0,0,0,0,0,FALSE,0,0,0,0,0,0,0
2026-05-18T01:30:00Z,backend-api,0,0,0,0,0,0,FALSE,0,0,0,0,0,0,0
2026-05-18T01:45:00Z,backend-api,0,0,0,0,0,0,FALSE,0,0,0,0,0,0,0
2026-05-18T02:00:00Z,backend-api,0,0,0,0,0,0,FALSE,0,0,0,0,0,0,0
2026-05-18T02:15:00Z,backend-api,0,0,0,0,0,0,FALSE,0,0,0,0,0,0,0
2026-05-18T02:30:00Z,backend-api,0,0,0,0,0,0,FALSE,0,0,0,0,0,0,0
2026-05-18T02:45:00Z,backend-api,0,0,0,0,0,0,FALSE,0,0,0,0,0,0,0
2026-05-18T03:00:00Z,backend-api,0,0,0,0,0,0,FALSE,0,0,0,0,0,0,0
2026-05-18T03:15:00Z,backend-api,0,0,0,0,0,0,FALSE,0,0,0,0,0,0,0
2026-05-18T03:30:00Z,backend-api,0,0,0,0,0,0,FALSE,0,0,0,0,0,0,0
2026-05-18T03:45:00Z,backend-api,0,0,0,0,0,0,FALSE,0,0,0,0,0,0,0
2026-05-18T04:00:00Z,backend-api,0,0,0,0,0,0,FALSE,0,0,0,0,0,0,0
2026-05-18T04:15:00Z,backend-api,0,0,0,0,0,0,FALSE,0,0,0,0,0,0,0
2026-05-18T04:30:00Z,backend-api,0,0,0,0,0,0,FALSE,0,0,0,0,0,0,0
2026-05-18T04:45:00Z,backend-api,0,0,0,0,0,0,FALSE,0,0,0,0,0,0,0
2026-05-18T05:00:00Z,backend-api,0,0,0,0,0,0,FALSE,0,0,0,0,0,0,0
2026-05-18T05:15:00Z,backend-api,0,0,0,0,0,0,FALSE,0,0,0,0,0,0,0
2026-05-18T05:30:00Z,backend-api,0,0,0,0,0,0,FALSE,0,0,0,0,0,0,0
2026-05-18T05:45:00Z,backend-api,0,0,0,0,0,0,FALSE,0,0,0,0,0,0,0
2026-05-18T06:00:00Z,backend-api,0,0,0,0,0,0,FALSE,0,0,0,0,0,0,0
2026-05-18T06:15:00Z,backend-api,0,0,0,0,0,0,FALSE,0,0,0,0,0,0,0
2026-05-18T06:30:00Z,backend-api,0,0,0,0,0,0,FALSE,0,0,0,0,0,0,0
2026-05-18T06:45:00Z,backend-api,0,0,0,0,0,0,FALSE,0,0,0,0,0,0,0
2026-05-18T07:00:00Z,backend-api,0,0,0,0,0,0,FALSE,0,0,0,0,0,0,0
2026-05-18T07:15:00Z,backend-api,0,0,0,0,0,0,FALSE,0,0,0,0,0,0,0
2026-05-18T07:30:00Z,backend-api,0,0,0,0,0,0,FALSE,0,0,0,0,0,0,0
2026-05-18T07:45:00Z,backend-api,0,0,0,0,0,0,FALSE,0,0,0,0,0,0,0
2026-05-18T08:00:00Z,backend-api,0,0,0,0,0,0,FALSE,0,0,0,0,0,0,0
2026-05-18T08:15:00Z,backend-api,0,0,0,0,0,0,FALSE,0,0,0,0,0,0,0
2026-05-18T08:30:00Z,backend-api,0,0,0,0,0,0,FALSE,0,0,0,0,0,0,0
2026-05-18T08:45:00Z,backend-api,0,0,0,0,0,0,FALSE,0,0,0,0,0,0,0
2026-05-18T09:00:00Z,backend-api,0,0,0,0,0,0,FALSE,0,0,0,0,0,0,0
2026-05-18T09:15:00Z,backend-api,0,0,0,0,0,0,FALSE,0,0,0,0,0,0,0
2026-05-18T09:30:00Z,backend-api,0,0,0,0,0,0,FALSE,0,0,0,0,0,0,0
2026-05-18T09:45:00Z,backend-api,0,0,0,0,0,0,FALSE,0,0,0,0,0,0,0
2026-05-18T10:00:00Z,backend-api,0,0,0,0,0,0,FALSE,0,0,0,0,0,0,0
2026-05-18T10:15:00Z,backend-api,0,0,0,0,0,0,FALSE,0,0,0,0,0,0,0
2026-05-18T10:30:00Z,backend-api,0,0,0,0,0,0,FALSE,0,0,0,0,0,0,0
2026-05-18T10:45:00Z,backend-api,0,0,0,0,0,0,FALSE,0,0,0,0,0,0,0
2026-05-18T11:00:00Z,backend-api,0,0,0,0,0,0,FALSE,0,0,0,0,0,0,0
2026-05-18T11:15:00Z,backend-api,0,0,0,0,0,0,FALSE,0,0,0,0,0,0,0
2026-05-18T11:30:00Z,backend-api,0,0,0,0,0,0,FALSE,0,0,0,0,0,0,0
2026-05-18T11:45:00Z,backend-api,0,0,0,0,0,0,FALSE,0,0,0,0,0,0,0
2026-05-18T12:00:00Z,backend-api,0,0,0,0,0,0,FALSE,0,0,0,0,0,0,0
2026-05-18T12:15:00Z,backend-api,0,0,0,0,0,0,FALSE,0,0,0,0,0,0,0
2026-05-18T12:30:00Z,backend-api,0,0,0,0,0,0,FALSE,0,0,0,0,0,0,0
2026-05-18T12:45:00Z,backend-api,0,0,0,0,0,0,FALSE,0,0,0,0,0,0,0
2026-05-18T13:00:00Z,backend-api,0,0,0,0,0,0,FALSE,0,0,0,0,0,0,0
2026-05-18T13:15:00Z,backend-api,0,0,0,0,0,0,FALSE,0,0,0,0,0,0,0
2026-05-18T13:30:00Z,backend-api,0,0,0,0,0,0,FALSE,0,0,0,0,0,0,0
2026-05-18T13:45:00Z,backend-api,0,0,0,0,0,0,FALSE,0,0,0,0,0,0,0
2026-05-18T14:00:00Z,backend-api,0,0,0,0,0,0,FALSE,0,0,0,0,0,0,0
2026-05-18T14:15:00Z,backend-api,0,0,0,0,0,0,FALSE,0,0,0,0,0,0,0
2026-05-18T14:30:00Z,backend-api,0,0,0,0,0,0,FALSE,0,0,0,0,0,0,0
2026-05-18T14:45:00Z,backend-api,0,0,0,0,0,0,FALSE,0,0,0,0,0,0,0
2026-05-18T15:00:00Z,backend-api,0,0,0,0,0,0,FALSE,0,0,0,0,0,0,0
2026-05-18T15:15:00Z,backend-api,0,0,0,0,0,0,FALSE,0,0,0,0,0,0,0
2026-05-18T15:30:00Z,backend-api,0,0,0,0,0,0,FALSE,0,0,0,0,0,0,0
2026-05-18T15:45:00Z,backend-api,0,0,0,0,0,0,FALSE,0,0,0,0,0,0,0
2026-05-18T16:00:00Z,backend-api,0,0,0,0,0,0,FALSE,0,0,0,0,0,0,0
2026-05-18T16:15:00Z,backend-api,0,0,0,0,0,0,FALSE,0,0,0,0,0,0,0
2026-05-18T16:30:00Z,backend-api,0,0,0,0,0,0,FALSE,0,0,0,0,0,0,0
2026-05-18T16:45:00Z,backend-api,0,0,0,0,0,0,FALSE,0,0,0,0,0,0,0
2026-05-18T17:00:00Z,backend-api,0,0,0,0,0,0,FALSE,0,0,0,0,0,0,0
2026-05-18T17:15:00Z,backend-api,0,0,0,0,0,0,FALSE,0,0,0,0,0,0,0
2026-05-18T17:30:00Z,backend-api,0,0,0,0,0,0,FALSE,0,0,0,0,0,0,0
2026-05-18T17:45:00Z,backend-api,0,0,0,0,0,0,FALSE,0,0,0,0,0,0,0
2026-05-18T18:00:00Z,backend-api,0,0,0,0,0,0,FALSE,0,0,0,0,0,0,0
2026-05-18T18:15:00Z,backend-api,0,0,0,0,0,0,FALSE,0,0,0,0,0,0,0
2026-05-18T18:30:00Z,backend-api,0,0,0,0,0,0,FALSE,0,0,0,0,0,0,0
2026-05-18T18:45:00Z,backend-api,0,0,0,0,0,0,FALSE,0,0,0,0,0,0,0
2026-05-18T19:00:00Z,backend-api,0,0,0,0,0,0,FALSE,0,0,0,0,0,0,0
2026-05-18T19:15:00Z,backend-api,0,0,0,0,0,0,FALSE,0,0,0,0,0,0,0
2026-05-18T19:30:00Z,backend-api,0,0,0,0,0,0,FALSE,0,0,0,0,0,0,0
2026-05-18T19:45:00Z,backend-api,0,0,0,0,0,0,FALSE,0,0,0,0,0,0,0
2026-05-18T20:00:00Z,backend-api,0,0,0,0,0,0,FALSE,0,0,0,0,0,0,0
2026-05-18T20:15:00Z,backend-api,0,0,0,0,0,0,FALSE,0,0,0,0,0,0,0
2026-05-18T20:30:00Z,backend-api,0,0,0,0,0,0,FALSE,0,0,0,0,0,0,0
2026-05-18T20:45:00Z,backend-api,0,0,0,0,0,0,FALSE,0,0,0,0,0,0,0
2026-05-18T21:00:00Z,backend-api,0,0,0,0,0,0,FALSE,0,0,0,0,0,0,0
2026-05-18T21:15:00Z,backend-api,0,0,0,0,0,0,FALSE,0,0,0,0,0,0,0
2026-05-18T21:30:00Z,backend-api,0,0,0,0,0,0,FALSE,0,0,0,0,0,0,0
2026-05-18T21:45:00Z,backend-api,0,0,0,0,0,0,FALSE,0,0,0,0,0,0,0
2026-05-18T22:00:00Z,backend-api,0,0,0,0,0,0,FALSE,0,0,0,0,0,0,0
2026-05-18T22:15:00Z,backend-api,0,0,0,0,0,0,FALSE,0,0,0,0,0,0,0
2026-05-18T22:30:00Z,backend-api,0,0,0,0,0,0,FALSE,0,0,0,0,0,0,0
2026-05-18T22:45:00Z,backend-api,0,0,0,0,0,0,FALSE,0,0,0,0,0,0,0
2026-05-18T23:00:00Z,backend-api,0,0,0,0,0,0,FALSE,0,0,0,0,0,0,0
2026-05-18T23:15:00Z,backend-api,0,0,0,0,0,0,FALSE,0,0,0,0,0,0,0
2026-05-18T23:30:00Z,backend-api,0,0,0,0,0,0,FALSE,0,0,0,0,0,0,0
2026-05-18T23:45:00Z,backend-api,0,0,0,0,0,0,FALSE,0,0,0,0,0,0,0
2026-05-19T00:00:00Z,backend-api,0,0,0,0,0,0,FALSE,0,0,0,0,0,0,0
2026-05-19T00:15:00Z,backend-api,0,0,0,0,0,0,FALSE,0,0,0,0,0,0,0
2026-05-19T00:30:00Z,backend-api,0,0,0,0,0,0,FALSE,0,0,0,0,0,0,0
2026-05-19T00:45:00Z,backend-api,0,0,0,0,0,0,FALSE,0,0,0,0,0,0,0
2026-05-19T01:00:00Z,backend-api,0,0,0,0,0,0,FALSE,0,0,0,0,0,0,0
2026-05-19T01:15:00Z,backend-api,0,0,0,0,0,0,FALSE,0,0,0,0,0,0,0
2026-05-19T01:30:00Z,backend-api,0,0,0,0,0,0,FALSE,0,0,0,0,0,0,0
2026-05-19T01:45:00Z,backend-api,0,0,0,0,0,0,FALSE,0,0,0,0,0,0,0
2026-05-19T02:00:00Z,backend-api,0,0,0,0,0,0,FALSE,0,0,0,0,0,0,0
2026-05-19T02:15:00Z,backend-api,0,0,0,0,0,0,FALSE,0,0,0,0,0,0,0
2026-05-19T02:30:00Z,backend-api,0,0,0,0,0,0,FALSE,0,0,0,0,0,0,0
2026-05-19T02:45:00Z,backend-api,0,0,0,0,0,0,FALSE,0,0,0,0,0,0,0
2026-05-19T03:00:00Z,backend-api,0,0,0,0,0,0,FALSE,0,0,0,0,0,0,0
2026-05-19T03:15:00Z,backend-api,0,0,0,0,0,0,FALSE,0,0,0,0,0,0,0
2026-05-19T03:30:00Z,backend-api,0,0,0,0,0,0,FALSE,0,0,0,0,0,0,0
2026-05-19T03:45:00Z,backend-api,0,0,0,0,0,0,FALSE,0,0,0,0,0,0,0
2026-05-19T04:00:00Z,backend-api,0,0,0,0,0,0,FALSE,0,0,0,0,0,0,0
2026-05-19T04:15:00Z,backend-api,0,0,0,0,0,0,FALSE,0,0,0,0,0,0,0
2026-05-19T04:30:00Z,backend-api,0,0,0,0,0,0,FALSE,0,0,0,0,0,0,0
2026-05-19T04:45:00Z,backend-api,0,0,0,0,0,0,FALSE,0,0,0,0,0,0,0
2026-05-19T05:00:00Z,backend-api,0,0,0,0,0,0,FALSE,0,0,0,0,0,0,0
2026-05-19T05:15:00Z,backend-api,0,0,0,0,0,0,FALSE,0,0,0,0,0,0,0
2026-05-19T05:30:00Z,backend-api,0,0,0,0,0,0,FALSE,0,0,0,0,0,0,0
2026-05-19T05:45:00Z,backend-api,0,0,0,0,0,0,FALSE,0,0,0,0,0,0,0
2026-05-19T06:00:00Z,backend-api,0,0,0,0,0,0,FALSE,0,0,0,0,0,0,0
2026-05-19T06:15:00Z,backend-api,0,0,0,0,0,0,FALSE,0,0,0,0,0,0,0
2026-05-19T06:30:00Z,backend-api,0,0,0,0,0,0,FALSE,0,0,0,0,0,0,0
2026-05-19T06:45:00Z,backend-api,0,0,0,0,0,0,FALSE,0,0,0,0,0,0,0
2026-05-19T07:00:00Z,backend-api,0,0,0,0,0,0,FALSE,0,0,0,0,0,0,0
2026-05-19T07:15:00Z,backend-api,0,0,0,0,0,0,FALSE,0,0,0,0,0,0,0
2026-05-19T07:30:00Z,backend-api,0,0,0,0,0,0,FALSE,0,0,0,0,0,0,0
2026-05-19T07:45:00Z,backend-api,0,0,0,0,0,0,FALSE,0,0,0,0,0,0,0
2026-05-19T08:00:00Z,backend-api,0,0,0,0,0,0,FALSE,0,0,0,0,0,0,0
2026-05-19T08:15:00Z,backend-api,0,0,0,0,0,0,FALSE,0,0,0,0,0,0,0
2026-05-19T08:30:00Z,backend-api,0,0,0,0,0,0,FALSE,0,0,0,0,0,0,0
2026-05-19T08:45:00Z,backend-api,0,0,0,0,0,0,FALSE,0,0,0,0,0,0,0
2026-05-19T09:00:00Z,backend-api,0,0,0,0,0,0,FALSE,0,0,0,0,0,0,0
2026-05-19T09:15:00Z,backend-api,0,0,0,0,0,0,FALSE,0,0,0,0,0,0,0
2026-05-19T09:30:00Z,backend-api,0,0,0,0,0,0,FALSE,0,0,0,0,0,0,0
2026-05-19T09:45:00Z,backend-api,0,0,0,0,0,0,FALSE,0,0,0,0,0,0,0
2026-05-19T10:00:00Z,backend-api,0,0,0,0,0,0,FALSE,0,0,0,0,0,0,0
2026-05-19T10:15:00Z,backend-api,0,0,0,0,0,0,FALSE,0,0,0,0,0,0,0
2026-05-19T10:30:00Z,backend-api,0,0,0,0,0,0,FALSE,0,0,0,0,0,0,0
2026-05-19T10:45:00Z,backend-api,0,0,0,0,0,0,FALSE,0,0,0,0,0,0,0
2026-05-19T11:00:00Z,backend-api,0,0,0,0,0,0,FALSE,0,0,0,0,0,0,0
2026-05-19T11:15:00Z,backend-api,0,0,0,0,0,0,FALSE,0,0,0,0,0,0,0
2026-05-19T11:30:00Z,backend-api,0,0,0,0,0,0,FALSE,0,0,0,0,0,0,0
2026-05-19T11:45:00Z,backend-api,0,0,0,0,0,0,FALSE,0,0,0,0,0,0,0
2026-05-19T12:00:00Z,backend-api,0,0,0,0,0,0,FALSE,0,0,0,0,0,0,0
2026-05-19T12:15:00Z,backend-api,0,0,0,0,0,0,FALSE,0,0,0,0,0,0,0
2026-05-19T12:30:00Z,backend-api,0,0,0,0,0,0,FALSE,0,0,0,0,0,0,0
2026-05-19T12:45:00Z,backend-api,0,0,0,0,0,0,FALSE,0,0,0,0,0,0,0
2026-05-19T13:00:00Z,backend-api,0,0,0,0,0,0,FALSE,0,0,0,0,0,0,0
2026-05-19T13:15:00Z,backend-api,0,0,0,0,0,0,FALSE,0,0,0,0,0,0,0
2026-05-19T13:30:00Z,backend-api,0,0,0,0,0,0,FALSE,0,0,0,0,0,0,0
2026-05-19T13:45:00Z,backend-api,0,0,0,0,0,0,FALSE,0,0,0,0,0,0,0
2026-05-19T14:00:00Z,backend-api,0,0,0,0,0,0,FALSE,0,0,0,0,0,0,0
2026-05-19T14:15:00Z,backend-api,0,0,0,0,0,0,FALSE,0,0,0,0,0,0,0
2026-05-19T14:30:00Z,backend-api,0,0,0,0,0,0,FALSE,0,0,0,0,0,0,0
2026-05-19T14:45:00Z,backend-api,0,0,0,0,0,0,FALSE,0,0,0,0,0,0,0
2026-05-19T15:00:00Z,backend-api,0,0,0,0,0,0,FALSE,0,0,0,0,0,0,0
2026-05-19T15:15:00Z,backend-api,0,0,0,0,0,0,FALSE,0,0,0,0,0,0,0
2026-05-19T15:30:00Z,backend-api,0,0,0,0,0,0,FALSE,0,0,0,0,0,0,0
2026-05-19T15:45:00Z,backend-api,0,0,0,0,0,0,FALSE,0,0,0,0,0,0,0
2026-05-19T16:00:00Z,backend-api,0,0,0,0,0,0,FALSE,0,0,0,0,0,0,0
2026-05-19T16:15:00Z,backend-api,0,0,0,0,0,0,FALSE,0,0,0,0,0,0,0
2026-05-19T16:30:00Z,backend-api,0,0,0,0,0,0,FALSE,0,0,0,0,0,0,0
2026-05-19T16:45:00Z,backend-api,0,0,0,0,0,0,FALSE,0,0,0,0,0,0,0
2026-05-19T17:00:00Z,backend-api,0,0,0,0,0,0,FALSE,0,0,0,0,0,0,0
2026-05-19T17:15:00Z,backend-api,0,0,0,0,0,0,FALSE,0,0,0,0,0,0,0
2026-05-19T17:30:00Z,backend-api,0,0,0,0,0,0,FALSE,0,0,0,0,0,0,0
2026-05-19T17:45:00Z,backend-api,0,0,0,0,0,0,FALSE,0,0,0,0,0,0,0
2026-05-19T18:00:00Z,backend-api,0,0,0,0,0,0,FALSE,0,0,0,0,0,0,0
2026-05-19T18:15:00Z,backend-api,0,0,0,0,0,0,FALSE,0,0,0,0,0,0,0
2026-05-19T18:30:00Z,backend-api,0,0,0,0,0,0,FALSE,0,0,0,0,0,0,0
2026-05-19T18:45:00Z,backend-api,0,0,0,0,0,0,FALSE,0,0,0,0,0,0,0
2026-05-19T19:00:00Z,backend-api,0,0,0,0,0,0,FALSE,0,0,0,0,0,0,0
2026-05-19T19:15:00Z,backend-api,0,0,0,0,0,0,FALSE,0,0,0,0,0,0,0
2026-05-19T19:30:00Z,backend-api,0,0,0,0,0,0,FALSE,0,0,0,0,0,0,0
2026-05-19T19:45:00Z,backend-api,0,0,0,0,0,0,FALSE,0,0,0,0,0,0,0
2026-05-19T20:00:00Z,backend-api,0,0,0,0,0,0,FALSE,0,0,0,0,0,0,0
2026-05-19T20:15:00Z,backend-api,0,0,0,0,0,0,FALSE,0,0,0,0,0,0,0
2026-05-19T20:30:00Z,backend-api,0,0,0,0,0,0,FALSE,0,0,0,0,0,0,0
2026-05-19T20:45:00Z,backend-api,0,0,0,0,0,0,FALSE,0,0,0,0,0,0,0
2026-05-19T21:00:00Z,backend-api,0,0,0,0,0,0,FALSE,0,0,0,0,0,0,0
2026-05-19T21:15:00Z,backend-api,0,0,0,0,0,0,FALSE,0,0,0,0,0,0,0
2026-05-19T21:30:00Z,backend-api,0,0,0,0,0,0,FALSE,0,0,0,0,0,0,0
2026-05-19T21:45:00Z,backend-api,0,0,0,0,0,0,FALSE,0,0,0,0,0,0,0
2026-05-19T22:00:00Z,backend-api,0,0,0,0,0,0,FALSE,0,0,0,0,0,0,0
2026-05-19T22:15:00Z,backend-api,0,0,0,0,0,0,FALSE,0,0,0,0,0,0,0
2026-05-19T22:30:00Z,backend-api,0,0,0,0,0,0,FALSE,0,0,0,0,0,0,0
2026-05-19T22:45:00Z,backend-api,0,0,0,0,0,0,FALSE,0,0,0,0,0,0,0
2026-05-19T23:00:00Z,backend-api,0,0,0,0,0,0,FALSE,0,0,0,0,0,0,0
2026-05-19T23:15:00Z,backend-api,0,0,0,0,0,0,FALSE,0,0,0,0,0,0,0
2026-05-19T23:30:00Z,backend-api,0,0,0,0,0,0,FALSE,0,0,0,0,0,0,0
2026-05-19T23:45:00Z,backend-api,0,0,0,0,0,0,FALSE,0,0,0,0,0,0,0
2026-05-20T00:00:00Z,backend-api,0,0,0,0,0,0,FALSE,0,0,0,0,0,0,0
2026-05-20T00:15:00Z,backend-api,0,0,0,0,0,0,FALSE,0,0,0,0,0,0,0
2026-05-20T00:30:00Z,backend-api,0,0,0,0,0,0,FALSE,0,0,0,0,0,0,0
2026-05-20T00:45:00Z,backend-api,0,0,0,0,0,0,FALSE,0,0,0,0,0,0,0
2026-05-20T01:00:00Z,backend-api,0,0,0,0,0,0,FALSE,0,0,0,0,0,0,0
2026-05-20T01:15:00Z,backend-api,0,0,0,0,0,0,FALSE,0,0,0,0,0,0,0
2026-05-20T01:30:00Z,backend-api,0,0,0,0,0,0,FALSE,0,0,0,0,0,0,0
2026-05-20T01:45:00Z,backend-api,0,0,0,0,0,0,FALSE,0,0,0,0,0,0,0
2026-05-20T02:00:00Z,backend-api,0,0,0,0,0,0,FALSE,0,0,0,0,0,0,0
2026-05-20T02:15:00Z,backend-api,0,0,0,0,0,0,FALSE,0,0,0,0,0,0,0
2026-05-20T02:30:00Z,backend-api,0,0,0,0,0,0,FALSE,0,0,0,0,0,0,0
2026-05-20T02:45:00Z,backend-api,0,0,0,0,0,0,FALSE,0,0,0,0,0,0,0
2026-05-20T03:00:00Z,backend-api,0,0,0,0,0,0,FALSE,0,0,0,0,0,0,0
2026-05-20T03:15:00Z,backend-api,0,0,0,0,0,0,FALSE,0,0,0,0,0,0,0
2026-05-20T03:30:00Z,backend-api,0,0,0,0,0,0,FALSE,0,0,0,0,0,0,0
2026-05-20T03:45:00Z,backend-api,0,0,0,0,0,0,FALSE,0,0,0,0,0,0,0
2026-05-20T04:00:00Z,backend-api,0,0,0,0,0,0,FALSE,0,0,0,0,0,0,0
2026-05-20T04:15:00Z,backend-api,0,0,0,0,0,0,FALSE,0,0,0,0,0,0,0
2026-05-20T04:30:00Z,backend-api,0,0,0,0,0,0,FALSE,0,0,0,0,0,0,0
2026-05-20T04:45:00Z,backend-api,0,0,0,0,0,0,FALSE,0,0,0,0,0,0,0
2026-05-20T05:00:00Z,backend-api,0,0,0,0,0,0,FALSE,0,0,0,0,0,0,0
2026-05-20T05:15:00Z,backend-api,0,0,0,0,0,0,FALSE,0,0,0,0,0,0,0
2026-05-20T05:30:00Z,backend-api,0,0,0,0,0,0,FALSE,0,0,0,0,0,0,0
2026-05-20T05:45:00Z,backend-api,0,0,0,0,0,0,FALSE,0,0,0,0,0,0,0
2026-05-20T06:00:00Z,backend-api,0,0,0,0,0,0,FALSE,0,0,0,0,0,0,0
2026-05-20T06:15:00Z,backend-api,0,0,0,0,0,0,FALSE,0,0,0,0,0,0,0
2026-05-20T06:30:00Z,backend-api,0,0,0,0,0,0,FALSE,0,0,0,0,0,0,0
2026-05-20T06:45:00Z,backend-api,0,0,0,0,0,0,FALSE,0,0,0,0,0,0,0
2026-05-20T07:00:00Z,backend-api,0,0,0,0,0,0,FALSE,0,0,0,0,0,0,0
2026-05-20T07:15:00Z,backend-api,0,0,0,0,0,0,FALSE,0,0,0,0,0,0,0
2026-05-20T07:30:00Z,backend-api,0,0,0,0,0,0,FALSE,0,0,0,0,0,0,0
2026-05-20T07:45:00Z,backend-api,0,0,0,0,0,0,FALSE,0,0,0,0,0,0,0
2026-05-20T08:00:00Z,backend-api,0,0,0,0,0,0,FALSE,0,0,0,0,0,0,0
2026-05-20T08:15:00Z,backend-api,0,0,0,0,0,0,FALSE,0,0,0,0,0,0,0
2026-05-20T08:30:00Z,backend-api,0,0,0,0,0,0,FALSE,0,0,0,0,0,0,0
2026-05-20T08:45:00Z,backend-api,0,0,0,0,0,0,FALSE,0,0,0,0,0,0,0
2026-05-20T09:00:00Z,backend-api,0,0,0,0,0,0,FALSE,0,0,0,0,0,0,0
2026-05-20T09:15:00Z,backend-api,0,0,0,0,0,0,FALSE,0,0,0,0,0,0,0
2026-05-20T09:30:00Z,backend-api,0,0,0,0,0,0,FALSE,0,0,0,0,0,0,0
2026-05-20T09:45:00Z,backend-api,0,0,0,0,0,0,FALSE,0,0,0,0,0,0,0
2026-05-20T10:00:00Z,backend-api,0,0,0,0,0,0,FALSE,0,0,0,0,0,0,0
2026-05-20T10:15:00Z,backend-api,0,0,0,0,0,0,FALSE,0,0,0,0,0,0,0
2026-05-20T10:30:00Z,backend-api,0,0,0,0,0,0,FALSE,0,0,0,0,0,0,0
2026-05-20T10:45:00Z,backend-api,0,0,0,0,0,0,FALSE,0,0,0,0,0,0,0
2026-05-20T11:00:00Z,backend-api,0,0,0,0,0,0,FALSE,0,0,0,0,0,0,0
2026-05-20T11:15:00Z,backend-api,0,0,0,0,0,0,FALSE,0,0,0,0,0,0,0
2026-05-20T11:30:00Z,backend-api,0,0,0,0,0,0,FALSE,0,0,0,0,0,0,0
2026-05-20T11:45:00Z,backend-api,0,0,0,0,0,0,FALSE,0,0,0,0,0,0,0
2026-05-20T12:00:00Z,backend-api,0,0,0,0,0,0,FALSE,0,0,0,0,0,0,0
2026-05-20T12:15:00Z,backend-api,0,0,0,0,0,0,FALSE,0,0,0,0,0,0,0
2026-05-20T12:30:00Z,backend-api,0,0,0,0,0,0,FALSE,0,0,0,0,0,0,0
2026-05-20T12:45:00Z,backend-api,0,0,0,0,0,0,FALSE,0,0,0,0,0,0,0
2026-05-20T13:00:00Z,backend-api,0,0,0,0,0,0,FALSE,0,0,0,0,0,0,0
2026-05-20T13:15:00Z,backend-api,0,0,0,0,0,0,FALSE,0,0,0,0,0,0,0
2026-05-20T13:30:00Z,backend-api,0,0,0,0,0,0,FALSE,0,0,0,0,0,0,0
2026-05-20T13:45:00Z,backend-api,0,0,0,0,0,0,FALSE,0,0,0,0,0,0,0
2026-05-20T14:00:00Z,backend-api,0,0,0,0,0,0,FALSE,0,0,0,0,0,0,0
2026-05-20T14:15:00Z,backend-api,0,0,0,0,0,0,FALSE,0,0,0,0,0,0,0
2026-05-20T14:30:00Z,backend-api,0,0,0,0,0,0,FALSE,0,0,0,0,0,0,0
2026-05-20T14:45:00Z,backend-api,0,0,0,0,0,0,FALSE,0,0,0,0,0,0,0
2026-05-20T15:00:00Z,backend-api,0,0,0,0,0,0,FALSE,0,0,0,0,0,0,0
2026-05-20T15:15:00Z,backend-api,0,0,0,0,0,0,FALSE,0,0,0,0,0,0,0
2026-05-20T15:30:00Z,backend-api,0,0,0,0,0,0,FALSE,0,0,0,0,0,0,0
2026-05-20T15:45:00Z,backend-api,0,0,0,0,0,0,FALSE,0,0,0,0,0,0,0
2026-05-20T16:00:00Z,backend-api,0,0,0,0,0,0,FALSE,0,0,0,0,0,0,0
2026-05-20T16:15:00Z,backend-api,0,0,0,0,0,0,FALSE,0,0,0,0,0,0,0
2026-05-20T16:30:00Z,backend-api,0,0,0,0,0,0,FALSE,0,0,0,0,0,0,0
2026-05-20T16:45:00Z,backend-api,0,0,0,0,0,0,FALSE,0,0,0,0,0,0,0
2026-05-20T17:00:00Z,backend-api,0,0,0,0,0,0,FALSE,0,0,0,0,0,0,0
2026-05-20T17:15:00Z,backend-api,0,0,0,0,0,0,FALSE,0,0,0,0,0,0,0
2026-05-20T17:30:00Z,backend-api,0,0,0,0,0,0,FALSE,0,0,0,0,0,0,0
2026-05-20T17:45:00Z,backend-api,0,0,0,0,0,0,FALSE,0,0,0,0,0,0,0
2026-05-20T18:00:00Z,backend-api,0,0,0,0,0,0,FALSE,0,0,0,0,0,0,0
2026-05-20T18:15:00Z,backend-api,0,0,0,0,0,0,FALSE,0,0,0,0,0,0,0
2026-05-20T18:30:00Z,backend-api,0,0,0,0,0,0,FALSE,0,0,0,0,0,0,0
2026-05-20T18:45:00Z,backend-api,0,0,0,0,0,0,FALSE,0,0,0,0,0,0,0
2026-05-20T19:00:00Z,backend-api,0,0,0,0,0,0,FALSE,0,0,0,0,0,0,0
2026-05-20T19:15:00Z,backend-api,0,0,0,0,0,0,FALSE,0,0,0,0,0,0,0
2026-05-20T19:30:00Z,backend-api,0,0,0,0,0,0,FALSE,0,0,0,0,0,0,0
2026-05-20T19:45:00Z,backend-api,0,0,0,0,0,0,FALSE,0,0,0,0,0,0,0
2026-05-20T20:00:00Z,backend-api,0,0,0,0,0,0,FALSE,0,0,0,0,0,0,0
2026-05-20T20:15:00Z,backend-api,0,0,0,0,0,0,FALSE,0,0,0,0,0,0,0
2026-05-20T20:30:00Z,backend-api,0,0,0,0,0,0,FALSE,0,0,0,0,0,0,0
2026-05-20T20:45:00Z,backend-api,0,0,0,0,0,0,FALSE,0,0,0,0,0,0,0
2026-05-20T21:00:00Z,backend-api,0,0,0,0,0,0,FALSE,0,0,0,0,0,0,0
2026-05-20T21:15:00Z,backend-api,0,0,0,0,0,0,FALSE,0,0,0,0,0,0,0
2026-05-20T21:30:00Z,backend-api,0,0,0,0,0,0,FALSE,0,0,0,0,0,0,0
2026-05-20T21:45:00Z,backend-api,0,0,0,0,0,0,FALSE,0,0,0,0,0,0,0
2026-05-20T22:00:00Z,backend-api,0,0,0,0,0,0,FALSE,0,0,0,0,0,0,0
2026-05-20T22:15:00Z,backend-api,0,0,0,0,0,0,FALSE,0,0,0,0,0,0,0
2026-05-20T22:30:00Z,backend-api,0,0,0,0,0,0,FALSE,0,0,0,0,0,0,0
2026-05-20T22:45:00Z,backend-api,0,0,0,0,0,0,FALSE,0,0,0,0,0,0,0
2026-05-20T23:00:00Z,backend-api,0,0,0,0,0,0,FALSE,0,0,0,0,0,0,0
2026-05-20T23:15:00Z,backend-api,0,0,0,0,0,0,FALSE,0,0,0,0,0,0,0
2026-05-20T23:30:00Z,backend-api,0,0,0,0,0,0,FALSE,0,0,0,0,0,0,0
2026-05-20T23:45:00Z,backend-api,0,0,0,0,0,0,FALSE,0,0,0,0,0,0,0
2026-05-21T00:00:00Z,backend-api,0,0,0,0,0,0,FALSE,0,0,0,0,0,0,0
2026-05-21T00:15:00Z,backend-api,0,0,0,0,0,0,FALSE,0,0,0,0,0,0,0
2026-05-21T00:30:00Z,backend-api,0,0,0,0,0,0,FALSE,0,0,0,0,0,0,0
2026-05-21T00:45:00Z,backend-api,0,0,0,0,0,0,FALSE,0,0,0,0,0,0,0
2026-05-21T01:00:00Z,backend-api,0,0,0,0,0,0,FALSE,0,0,0,0,0,0,0
2026-05-21T01:15:00Z,backend-api,0,0,0,0,0,0,FALSE,0,0,0,0,0,0,0
2026-05-21T01:30:00Z,backend-api,0,0,0,0,0,0,FALSE,0,0,0,0,0,0,0
2026-05-21T01:45:00Z,backend-api,0,0,0,0,0,0,FALSE,0,0,0,0,0,0,0
2026-05-21T02:00:00Z,backend-api,0,0,0,0,0,0,FALSE,0,0,0,0,0,0,0
2026-05-21T02:15:00Z,backend-api,0,0,0,0,0,0,FALSE,0,0,0,0,0,0,0
2026-05-21T02:30:00Z,backend-api,0,0,0,0,0,0,FALSE,0,0,0,0,0,0,0
2026-05-21T02:45:00Z,backend-api,0,0,0,0,0,0,FALSE,0,0,0,0,0,0,0
2026-05-21T03:00:00Z,backend-api,0,0,0,0,0,0,FALSE,0,0,0,0,0,0,0
2026-05-21T03:15:00Z,backend-api,0,0,0,0,0,0,FALSE,0,0,0,0,0,0,0
2026-05-21T03:30:00Z,backend-api,0,0,0,0,0,0,FALSE,0,0,0,0,0,0,0
2026-05-21T03:45:00Z,backend-api,0,0,0,0,0,0,FALSE,0,0,0,0,0,0,0
2026-05-21T04:00:00Z,backend-api,0,0,0,0,0,0,FALSE,0,0,0,0,0,0,0
2026-05-21T04:15:00Z,backend-api,0,0,0,0,0,0,FALSE,0,0,0,0,0,0,0
2026-05-21T04:30:00Z,backend-api,0,0,0,0,0,0,FALSE,0,0,0,0,0,0,0
2026-05-21T04:45:00Z,backend-api,0,0,0,0,0,0,FALSE,0,0,0,0,0,0,0
2026-05-21T05:00:00Z,backend-api,0,0,0,0,0,0,FALSE,0,0,0,0,0,0,0
2026-05-21T05:15:00Z,backend-api,0,0,0,0,0,0,FALSE,0,0,0,0,0,0,0
2026-05-21T05:30:00Z,backend-api,0,0,0,0,0,0,FALSE,0,0,0,0,0,0,0
2026-05-21T05:45:00Z,backend-api,0,0,0,0,0,0,FALSE,0,0,0,0,0,0,0
2026-05-21T06:00:00Z,backend-api,0,0,0,0,0,0,FALSE,0,0,0,0,0,0,0
2026-05-21T06:15:00Z,backend-api,0,0,0,0,0,0,FALSE,0,0,0,0,0,0,0
2026-05-21T06:30:00Z,backend-api,0,0,0,0,0,0,FALSE,0,0,0,0,0,0,0
2026-05-21T06:45:00Z,backend-api,0,0,0,0,0,0,FALSE,0,0,0,0,0,0,0
2026-05-21T07:00:00Z,backend-api,0,0,0,0,0,0,FALSE,0,0,0,0,0,0,0
2026-05-21T07:15:00Z,backend-api,0,0,0,0,0,0,FALSE,0,0,0,0,0,0,0
2026-05-21T07:30:00Z,backend-api,0,0,0,0,0,0,FALSE,0,0,0,0,0,0,0
2026-05-21T07:45:00Z,backend-api,0,0,0,0,0,0,FALSE,0,0,0,0,0,0,0
2026-05-21T08:00:00Z,backend-api,0,0,0,0,0,0,FALSE,0,0,0,0,0,0,0
2026-05-21T08:15:00Z,backend-api,0,0,0,0,0,0,FALSE,0,0,0,0,0,0,0
2026-05-21T08:30:00Z,backend-api,0,0,0,0,0,0,FALSE,0,0,0,0,0,0,0
2026-05-21T08:45:00Z,backend-api,0,0,0,0,0,0,FALSE,0,0,0,0,0,0,0
2026-05-21T09:00:00Z,backend-api,0,0,0,0,0,0,FALSE,0,0,0,0,0,0,0
2026-05-21T09:15:00Z,backend-api,0,0,0,0,0,0,FALSE,0,0,0,0,0,0,0
2026-05-21T09:30:00Z,backend-api,0,0,0,0,0,0,FALSE,0,0,0,0,0,0,0
2026-05-21T09:45:00Z,backend-api,0,0,0,0,0,0,FALSE,0,0,0,0,0,0,0
2026-05-21T10:00:00Z,backend-api,0,0,0,0,0,0,FALSE,0,0,0,0,0,0,0
2026-05-21T10:15:00Z,backend-api,0,0,0,0,0,0,FALSE,0,0,0,0,0,0,0
2026-05-21T10:30:00Z,backend-api,0,0,0,0,0,0,FALSE,0,0,0,0,0,0,0
2026-05-21T10:45:00Z,backend-api,0,0,0,0,0,0,FALSE,0,0,0,0,0,0,0
2026-05-21T11:00:00Z,backend-api,0,0,0,0,0,0,FALSE,0,0,0,0,0,0,0
2026-05-21T11:15:00Z,backend-api,0,0,0,0,0,0,FALSE,0,0,0,0,0,0,0
2026-05-21T11:30:00Z,backend-api,0,0,0,0,0,0,FALSE,0,0,0,0,0,0,0
2026-05-21T11:45:00Z,backend-api,0,0,0,0,0,0,FALSE,0,0,0,0,0,0,0
2026-05-21T12:00:00Z,backend-api,0,0,0,0,0,0,FALSE,0,0,0,0,0,0,0
2026-05-21T12:15:00Z,backend-api,0,0,0,0,0,0,FALSE,0,0,0,0,0,0,0
2026-05-21T12:30:00Z,backend-api,0,0,0,0,0,0,FALSE,0,0,0,0,0,0,0
2026-05-21T12:45:00Z,backend-api,0,0,0,0,0,0,FALSE,0,0,0,0,0,0,0
2026-05-21T13:00:00Z,backend-api,0,0,0,0,0,0,FALSE,0,0,0,0,0,0,0
2026-05-21T13:15:00Z,backend-api,0,0,0,0,0,0,FALSE,0,0,0,0,0,0,0
2026-05-21T13:30:00Z,backend-api,0,0,0,0,0,0,FALSE,0,0,0,0,0,0,0
2026-05-21T13:45:00Z,backend-api,0,0,0,0,0,0,FALSE,0,0,0,0,0,0,0
2026-05-21T14:00:00Z,backend-api,0,0,0,0,0,0,FALSE,0,0,0,0,0,0,0
2026-05-21T14:15:00Z,backend-api,0,0,0,0,0,0,FALSE,0,0,0,0,0,0,0
2026-05-21T14:30:00Z,backend-api,0,0,0,0,0,0,FALSE,0,0,0,0,0,0,0
2026-05-21T14:45:00Z,backend-api,0,0,0,0,0,0,FALSE,0,0,0,0,0,0,0
2026-05-21T15:00:00Z,backend-api,0,0,0,0,0,0,FALSE,0,0,0,0,0,0,0
2026-05-21T15:15:00Z,backend-api,0,0,0,0,0,0,FALSE,0,0,0,0,0,0,0
2026-05-21T15:30:00Z,backend-api,0,0,0,0,0,0,FALSE,0,0,0,0,0,0,0
2026-05-21T15:45:00Z,backend-api,0,0,0,0,0,0,FALSE,0,0,0,0,0,0,0
2026-05-21T16:00:00Z,backend-api,0,0,0,0,0,0,FALSE,0,0,0,0,0,0,0
2026-05-21T16:15:00Z,backend-api,0,0,0,0,0,0,FALSE,0,0,0,0,0,0,0
2026-05-21T16:30:00Z,backend-api,0,0,0,0,0,0,FALSE,0,0,0,0,0,0,0
2026-05-21T16:45:00Z,backend-api,0,0,0,0,0,0,FALSE,0,0,0,0,0,0,0
2026-05-21T17:00:00Z,backend-api,0,0,0,0,0,0,FALSE,0,0,0,0,0,0,0
2026-05-21T17:15:00Z,backend-api,0,0,0,0,0,0,FALSE,0,0,0,0,0,0,0
2026-05-21T17:30:00Z,backend-api,0,0,0,0,0,0,FALSE,0,0,0,0,0,0,0
2026-05-21T17:45:00Z,backend-api,0,0,0,0,0,0,FALSE,0,0,0,0,0,0,0
2026-05-21T18:00:00Z,backend-api,0,0,0,0,0,0,FALSE,0,0,0,0,0,0,0
2026-05-21T18:15:00Z,backend-api,0,0,0,0,0,0,FALSE,0,0,0,0,0,0,0
2026-05-21T18:30:00Z,backend-api,0,0,0,0,0,0,FALSE,0,0,0,0,0,0,0
2026-05-21T18:45:00Z,backend-api,0,0,0,0,0,0,FALSE,0,0,0,0,0,0,0
2026-05-21T19:00:00Z,backend-api,0,0,0,0,0,0,FALSE,0,0,0,0,0,0,0
2026-05-21T19:15:00Z,backend-api,0,0,0,0,0,0,FALSE,0,0,0,0,0,0,0
2026-05-21T19:30:00Z,backend-api,0,0,0,0,0,0,FALSE,0,0,0,0,0,0,0
2026-05-21T19:45:00Z,backend-api,0,0,0,0,0,0,FALSE,0,0,0,0,0,0,0
2026-05-21T20:00:00Z,backend-api,0,0,0,0,0,0,FALSE,0,0,0,0,0,0,0
2026-05-21T20:15:00Z,backend-api,0,0,0,0,0,0,FALSE,0,0,0,0,0,0,0
2026-05-21T20:30:00Z,backend-api,0,0,0,0,0,0,FALSE,0,0,0,0,0,0,0
2026-05-21T20:45:00Z,backend-api,0,0,0,0,0,0,FALSE,0,0,0,0,0,0,0
2026-05-21T21:00:00Z,backend-api,0,0,0,0,0,0,FALSE,0,0,0,0,0,0,0
2026-05-21T21:15:00Z,backend-api,0,0,0,0,0,0,FALSE,0,0,0,0,0,0,0
2026-05-21T21:30:00Z,backend-api,0,0,0,0,0,0,FALSE,0,0,0,0,0,0,0
2026-05-21T21:45:00Z,backend-api,0,0,0,0,0,0,FALSE,0,0,0,0,0,0,0
2026-05-21T22:00:00Z,backend-api,0,0,0,0,0,0,FALSE,0,0,0,0,0,0,0
2026-05-21T22:15:00Z,backend-api,0,0,0,0,0,0,FALSE,0,0,0,0,0,0,0
2026-05-21T22:30:00Z,backend-api,0,0,0,0,0,0,FALSE,0,0,0,0,0,0,0
2026-05-21T22:45:00Z,backend-api,0,0,0,0,0,0,FALSE,0,0,0,0,0,0,0
2026-05-21T23:00:00Z,backend-api,0,0,0,0,0,0,FALSE,0,0,0,0,0,0,0
2026-05-21T23:15:00Z,backend-api,0,0,0,0,0,0,FALSE,0,0,0,0,0,0,0
2026-05-21T23:30:00Z,backend-api,0,0,0,0,0,0,FALSE,0,0,0,0,0,0,0
2026-05-21T23:45:00Z,backend-api,0,0,0,0,0,0,FALSE,0,0,0,0,0,0,0
2026-05-22T00:00:00Z,backend-api,0,0,0,0,0,0,FALSE,0,0,0,0,0,0,0
2026-05-22T00:15:00Z,backend-api,0,0,0,0,0,0,FALSE,0,0,0,0,0,0,0
2026-05-22T00:30:00Z,backend-api,0,0,0,0,0,0,FALSE,0,0,0,0,0,0,0
2026-05-22T00:45:00Z,backend-api,0,0,0,0,0,0,FALSE,0,0,0,0,0,0,0
2026-05-22T01:00:00Z,backend-api,0,0,0,0,0,0,FALSE,0,0,0,0,0,0,0
2026-05-22T01:15:00Z,backend-api,0,0,0,0,0,0,FALSE,0,0,0,0,0,0,0
2026-05-22T01:30:00Z,backend-api,0,0,0,0,0,0,FALSE,0,0,0,0,0,0,0
2026-05-22T01:45:00Z,backend-api,0,0,0,0,0,0,FALSE,0,0,0,0,0,0,0
2026-05-22T02:00:00Z,backend-api,0,0,0,0,0,0,FALSE,0,0,0,0,0,0,0
2026-05-22T02:15:00Z,backend-api,0,0,0,0,0,0,FALSE,0,0,0,0,0,0,0
2026-05-22T02:30:00Z,backend-api,0,0,0,0,0,0,FALSE,0,0,0,0,0,0,0
2026-05-22T02:45:00Z,backend-api,0,0,0,0,0,0,FALSE,0,0,0,0,0,0,0
2026-05-22T03:00:00Z,backend-api,0,0,0,0,0,0,FALSE,0,0,0,0,0,0,0
2026-05-22T03:15:00Z,backend-api,0,0,0,0,0,0,FALSE,0,0,0,0,0,0,0
2026-05-22T03:30:00Z,backend-api,0,0,0,0,0,0,FALSE,0,0,0,0,0,0,0
2026-05-22T03:45:00Z,backend-api,0,0,0,0,0,0,FALSE,0,0,0,0,0,0,0
2026-05-22T04:00:00Z,backend-api,0,0,0,0,0,0,FALSE,0,0,0,0,0,0,0
2026-05-22T04:15:00Z,backend-api,0,0,0,0,0,0,FALSE,0,0,0,0,0,0,0
2026-05-22T04:30:00Z,backend-api,0,0,0,0,0,0,FALSE,0,0,0,0,0,0,0
2026-05-22T04:45:00Z,backend-api,0,0,0,0,0,0,FALSE,0,0,0,0,0,0,0
2026-05-22T05:00:00Z,backend-api,0,0,0,0,0,0,FALSE,0,0,0,0,0,0,0
2026-05-22T05:15:00Z,backend-api,0,0,0,0,0,0,FALSE,0,0,0,0,0,0,0
2026-05-22T05:30:00Z,backend-api,0,0,0,0,0,0,FALSE,0,0,0,0,0,0,0
2026-05-22T05:45:00Z,backend-api,0,0,0,0,0,0,FALSE,0,0,0,0,0,0,0
2026-05-22T06:00:00Z,backend-api,0,0,0,0,0,0,FALSE,0,0,0,0,0,0,0
2026-05-22T06:15:00Z,backend-api,0,0,0,0,0,0,FALSE,0,0,0,0,0,0,0
2026-05-22T06:30:00Z,backend-api,0,0,0,0,0,0,FALSE,0,0,0,0,0,0,0
2026-05-22T06:45:00Z,backend-api,0,0,0,0,0,0,FALSE,0,0,0,0,0,0,0
2026-05-22T07:00:00Z,backend-api,0,0,0,0,0,0,FALSE,0,0,0,0,0,0,0
2026-05-22T07:15:00Z,backend-api,0,0,0,0,0,0,FALSE,0,0,0,0,0,0,0
2026-05-22T07:30:00Z,backend-api,0,0,0,0,0,0,FALSE,0,0,0,0,0,0,0
2026-05-22T07:45:00Z,backend-api,0,0,0,0,0,0,FALSE,0,0,0,0,0,0,0
2026-05-22T08:00:00Z,backend-api,0,0,0,0,0,0,FALSE,0,0,0,0,0,0,0
2026-05-22T08:15:00Z,backend-api,0,0,0,0,0,0,FALSE,0,0,0,0,0,0,0
2026-05-22T08:30:00Z,backend-api,0,0,0,0,0,0,FALSE,0,0,0,0,0,0,0
2026-05-22T08:45:00Z,backend-api,0,0,0,0,0,0,FALSE,0,0,0,0,0,0,0
2026-05-22T09:00:00Z,backend-api,0,0,0,0,0,0,FALSE,0,0,0,0,0,0,0
2026-05-22T09:15:00Z,backend-api,0,0,0,0,0,0,FALSE,0,0,0,0,0,0,0
2026-05-22T09:30:00Z,backend-api,0,0,0,0,0,0,FALSE,0,0,0,0,0,0,0
2026-05-22T09:45:00Z,backend-api,0,0,0,0,0,0,FALSE,0,0,0,0,0,0,0
2026-05-22T10:00:00Z,backend-api,0,0,0,0,0,0,FALSE,0,0,0,0,0,0,0
2026-05-22T10:15:00Z,backend-api,0,0,0,0,0,0,FALSE,0,0,0,0,0,0,0
2026-05-22T10:30:00Z,backend-api,0,0,0,0,0,0,FALSE,0,0,0,0,0,0,0
2026-05-22T10:45:00Z,backend-api,0,0,0,0,0,0,FALSE,0,0,0,0,0,0,0
2026-05-22T11:00:00Z,backend-api,0,0,0,0,0,0,FALSE,0,0,0,0,0,0,0
2026-05-22T11:15:00Z,backend-api,0,0,0,0,0,0,FALSE,0,0,0,0,0,0,0
2026-05-22T11:30:00Z,backend-api,0,0,0,0,0,0,FALSE,0,0,0,0,0,0,0
2026-05-22T11:45:00Z,backend-api,0,0,0,0,0,0,FALSE,0,0,0,0,0,0,0
2026-05-22T12:00:00Z,backend-api,0,0,0,0,0,0,FALSE,0,0,0,0,0,0,0
2026-05-22T12:15:00Z,backend-api,0,0,0,0,0,0,FALSE,0,0,0,0,0,0,0
2026-05-22T12:30:00Z,backend-api,0,0,0,0,0,0,FALSE,0,0,0,0,0,0,0
2026-05-22T12:45:00Z,backend-api,0,0,0,0,0,0,FALSE,0,0,0,0,0,0,0
2026-05-22T13:00:00Z,backend-api,0,0,0,0,0,0,FALSE,0,0,0,0,0,0,0
2026-05-22T13:15:00Z,backend-api,0,0,0,0,0,0,FALSE,0,0,0,0,0,0,0
2026-05-22T13:30:00Z,backend-api,0,0,0,0,0,0,FALSE,0,0,0,0,0,0,0
2026-05-22T13:45:00Z,backend-api,0,0,0,0,0,0,FALSE,0,0,0,0,0,0,0
2026-05-22T14:00:00Z,backend-api,0,0,0,0,0,0,FALSE,0,0,0,0,0,0,0
2026-05-22T14:15:00Z,backend-api,0,0,0,0,0,0,FALSE,0,0,0,0,0,0,0
2026-05-22T14:30:00Z,backend-api,0,0,0,0,0,0,FALSE,0,0,0,0,0,0,0
2026-05-22T14:45:00Z,backend-api,0,0,0,0,0,0,FALSE,0,0,0,0,0,0,0
2026-05-22T15:00:00Z,backend-api,0,0,0,0,0,0,FALSE,0,0,0,0,0,0,0
2026-05-22T15:15:00Z,backend-api,0,0,0,0,0,0,FALSE,0,0,0,0,0,0,0
2026-05-22T15:30:00Z,backend-api,0,0,0,0,0,0,FALSE,0,0,0,0,0,0,0
2026-05-22T15:45:00Z,backend-api,0,0,0,0,0,0,FALSE,0,0,0,0,0,0,0
2026-05-22T16:00:00Z,backend-api,0,0,0,0,0,0,FALSE,0,0,0,0,0,0,0
2026-05-22T16:15:00Z,backend-api,0,0,0,0,0,0,FALSE,0,0,0,0,0,0,0
2026-05-22T16:30:00Z,backend-api,0,0,0,0,0,0,FALSE,0,0,0,0,0,0,0
2026-05-22T16:45:00Z,backend-api,0,0,0,0,0,0,FALSE,0,0,0,0,0,0,0
2026-05-22T17:00:00Z,backend-api,0,0,0,0,0,0,FALSE,0,0,0,0,0,0,0
2026-05-22T17:15:00Z,backend-api,0,0,0,0,0,0,FALSE,0,0,0,0,0,0,0
2026-05-22T17:30:00Z,backend-api,0,0,0,0,0,0,FALSE,0,0,0,0,0,0,0
2026-05-22T17:45:00Z,backend-api,0,0,0,0,0,0,FALSE,0,0,0,0,0,0,0
2026-05-22T18:00:00Z,backend-api,0,0,0,0,0,0,FALSE,0,0,0,0,0,0,0
2026-05-22T18:15:00Z,backend-api,0,0,0,0,0,0,FALSE,0,0,0,0,0,0,0
2026-05-22T18:30:00Z,backend-api,0,0,0,0,0,0,FALSE,0,0,0,0,0,0,0
2026-05-22T18:45:00Z,backend-api,0,0,0,0,0,0,FALSE,0,0,0,0,0,0,0
2026-05-22T19:00:00Z,backend-api,0,0,0,0,0,0,FALSE,0,0,0,0,0,0,0
2026-05-22T19:15:00Z,backend-api,0,0,0,0,0,0,FALSE,0,0,0,0,0,0,0
2026-05-22T19:30:00Z,backend-api,0,0,0,0,0,0,FALSE,0,0,0,0,0,0,0
2026-05-22T19:45:00Z,backend-api,0,0,0,0,0,0,FALSE,0,0,0,0,0,0,0
2026-05-22T20:00:00Z,backend-api,0,0,0,0,0,0,FALSE,0,0,0,0,0,0,0
2026-05-22T20:15:00Z,backend-api,0,0,0,0,0,0,FALSE,0,0,0,0,0,0,0
2026-05-22T20:30:00Z,backend-api,0,0,0,0,0,0,FALSE,0,0,0,0,0,0,0
2026-05-22T20:45:00Z,backend-api,0,0,0,0,0,0,FALSE,0,0,0,0,0,0,0
2026-05-22T21:00:00Z,backend-api,0,0,0,0,0,0,FALSE,0,0,0,0,0,0,0
2026-05-22T21:15:00Z,backend-api,0,0,0,0,0,0,FALSE,0,0,0,0,0,0,0
2026-05-22T21:30:00Z,backend-api,0,0,0,0,0,0,FALSE,0,0,0,0,0,0,0
2026-05-22T21:45:00Z,backend-api,0,0,0,0,0,0,FALSE,0,0,0,0,0,0,0
2026-05-22T22:00:00Z,backend-api,0,0,0,0,0,0,FALSE,0,0,0,0,0,0,0
2026-05-22T22:15:00Z,backend-api,0,0,0,0,0,0,FALSE,0,0,0,0,0,0,0
2026-05-22T22:30:00Z,backend-api,0,0,0,0,0,0,FALSE,0,0,0,0,0,0,0
2026-05-22T22:45:00Z,backend-api,0,0,0,0,0,0,FALSE,0,0,0,0,0,0,0
2026-05-22T23:00:00Z,backend-api,0,0,0,0,0,0,FALSE,0,0,0,0,0,0,0
2026-05-22T23:15:00Z,backend-api,0,0,0,0,0,0,FALSE,0,0,0,0,0,0,0
2026-05-22T23:30:00Z,backend-api,0,0,0,0,0,0,FALSE,0,0,0,0,0,0,0
2026-05-22T23:45:00Z,backend-api,0,0,0,0,0,0,FALSE,0,0,0,0,0,0,0
2026-05-23T00:00:00Z,backend-api,0,0,0,0,0,0,FALSE,0,0,0,0,0,0,0
2026-05-23T00:15:00Z,backend-api,0,0,0,0,0,0,FALSE,0,0,0,0,0,0,0
2026-05-23T00:30:00Z,backend-api,0,0,0,0,0,0,FALSE,0,0,0,0,0,0,0
2026-05-23T00:45:00Z,backend-api,0,0,0,0,0,0,FALSE,0,0,0,0,0,0,0
2026-05-23T01:00:00Z,backend-api,0,0,0,0,0,0,FALSE,0,0,0,0,0,0,0
2026-05-23T01:15:00Z,backend-api,0,0,0,0,0,0,FALSE,0,0,0,0,0,0,0
2026-05-23T01:30:00Z,backend-api,0,0,0,0,0,0,FALSE,0,0,0,0,0,0,0
2026-05-23T01:45:00Z,backend-api,0,0,0,0,0,0,FALSE,0,0,0,0,0,0,0
2026-05-23T02:00:00Z,backend-api,0,0,0,0,0,0,FALSE,0,0,0,0,0,0,0
2026-05-23T02:15:00Z,backend-api,0,0,0,0,0,0,FALSE,0,0,0,0,0,0,0
2026-05-23T02:30:00Z,backend-api,0,0,0,0,0,0,FALSE,0,0,0,0,0,0,0
2026-05-23T02:45:00Z,backend-api,0,0,0,0,0,0,FALSE,0,0,0,0,0,0,0
2026-05-23T03:00:00Z,backend-api,0,0,0,0,0,0,FALSE,0,0,0,0,0,0,0
2026-05-23T03:15:00Z,backend-api,0,0,0,0,0,0,FALSE,0,0,0,0,0,0,0
2026-05-23T03:30:00Z,backend-api,0,0,0,0,0,0,FALSE,0,0,0,0,0,0,0
2026-05-23T03:45:00Z,backend-api,0,0,0,0,0,0,FALSE,0,0,0,0,0,0,0
2026-05-23T04:00:00Z,backend-api,0,0,0,0,0,0,FALSE,0,0,0,0,0,0,0
2026-05-23T04:15:00Z,backend-api,0,0,0,0,0,0,FALSE,0,0,0,0,0,0,0
2026-05-23T04:30:00Z,backend-api,0,0,0,0,0,0,FALSE,0,0,0,0,0,0,0
2026-05-23T04:45:00Z,backend-api,0,0,0,0,0,0,FALSE,0,0,0,0,0,0,0
2026-05-23T05:00:00Z,backend-api,0,0,0,0,0,0,FALSE,0,0,0,0,0,0,0
2026-05-23T05:15:00Z,backend-api,0,0,0,0,0,0,FALSE,0,0,0,0,0,0,0
2026-05-23T05:30:00Z,backend-api,0,0,0,0,0,0,FALSE,0,0,0,0,0,0,0
2026-05-23T05:45:00Z,backend-api,0,0,0,0,0,0,FALSE,0,0,0,0,0,0,0
2026-05-23T06:00:00Z,backend-api,0,0,0,0,0,0,FALSE,0,0,0,0,0,0,0
2026-05-23T06:15:00Z,backend-api,0,0,0,0,0,0,FALSE,0,0,0,0,0,0,0
2026-05-23T06:30:00Z,backend-api,0,0,0,0,0,0,FALSE,0,0,0,0,0,0,0
2026-05-23T06:45:00Z,backend-api,0,0,0,0,0,0,FALSE,0,0,0,0,0,0,0
2026-05-23T07:00:00Z,backend-api,0,0,0,0,0,0,FALSE,0,0,0,0,0,0,0
2026-05-23T07:15:00Z,backend-api,0,0,0,0,0,0,FALSE,0,0,0,0,0,0,0
2026-05-23T07:30:00Z,backend-api,0,0,0,0,0,0,FALSE,0,0,0,0,0,0,0
2026-05-23T07:45:00Z,backend-api,0,0,0,0,0,0,FALSE,0,0,0,0,0,0,0
2026-05-23T08:00:00Z,backend-api,0,0,0,0,0,0,FALSE,0,0,0,0,0,0,0
2026-05-23T08:15:00Z,backend-api,0,0,0,0,0,0,FALSE,0,0,0,0,0,0,0
2026-05-23T08:30:00Z,backend-api,0,0,0,0,0,0,FALSE,0,0,0,0,0,0,0
2026-05-23T08:45:00Z,backend-api,0,0,0,0,0,0,FALSE,0,0,0,0,0,0,0
2026-05-23T09:00:00Z,backend-api,0,0,0,0,0,0,FALSE,0,0,0,0,0,0,0
2026-05-23T09:15:00Z,backend-api,0,0,0,0,0,0,FALSE,0,0,0,0,0,0,0
2026-05-23T09:30:00Z,backend-api,0,0,0,0,0,0,FALSE,0,0,0,0,0,0,0
2026-05-23T09:45:00Z,backend-api,0,0,0,0,0,0,FALSE,0,0,0,0,0,0,0
2026-05-23T10:00:00Z,backend-api,0,0,0,0,0,0,FALSE,0,0,0,0,0,0,0
2026-05-23T10:15:00Z,backend-api,0,0,0,0,0,0,FALSE,0,0,0,0,0,0,0
2026-05-23T10:30:00Z,backend-api,0,0,0,0,0,0,FALSE,0,0,0,0,0,0,0
2026-05-23T10:45:00Z,backend-api,0,0,0,0,0,0,FALSE,0,0,0,0,0,0,0
2026-05-23T11:00:00Z,backend-api,0,0,0,0,0,0,FALSE,0,0,0,0,0,0,0
2026-05-23T11:15:00Z,backend-api,0,0,0,0,0,0,FALSE,0,0,0,0,0,0,0
2026-05-23T11:30:00Z,backend-api,0,0,0,0,0,0,FALSE,0,0,0,0,0,0,0
2026-05-23T11:45:00Z,backend-api,0,0,0,0,0,0,FALSE,0,0,0,0,0,0,0
2026-05-23T12:00:00Z,backend-api,0,0,0,0,0,0,FALSE,0,0,0,0,0,0,0
2026-05-23T12:15:00Z,backend-api,0,0,0,0,0,0,FALSE,0,0,0,0,0,0,0
2026-05-23T12:30:00Z,backend-api,0,0,0,0,0,0,FALSE,0,0,0,0,0,0,0
2026-05-23T12:45:00Z,backend-api,0,0,0,0,0,0,FALSE,0,0,0,0,0,0,0
2026-05-23T13:00:00Z,backend-api,0,0,0,0,0,0,FALSE,0,0,0,0,0,0,0
2026-05-23T13:15:00Z,backend-api,0,0,0,0,0,0,FALSE,0,0,0,0,0,0,0
2026-05-23T13:30:00Z,backend-api,0,0,0,0,0,0,FALSE,0,0,0,0,0,0,0
2026-05-23T13:45:00Z,backend-api,0,0,0,0,0,0,FALSE,0,0,0,0,0,0,0
2026-05-23T14:00:00Z,backend-api,0,0,0,0,0,0,FALSE,0,0,0,0,0,0,0
2026-05-23T14:15:00Z,backend-api,0,0,0,0,0,0,FALSE,0,0,0,0,0,0,0
2026-05-23T14:30:00Z,backend-api,0,0,0,0,0,0,FALSE,0,0,0,0,0,0,0
2026-05-23T14:45:00Z,backend-api,0,0,0,0,0,0,FALSE,0,0,0,0,0,0,0
2026-05-23T15:00:00Z,backend-api,0,0,0,0,0,0,FALSE,0,0,0,0,0,0,0
2026-05-23T15:15:00Z,backend-api,0,0,0,0,0,0,FALSE,0,0,0,0,0,0,0
2026-05-23T15:30:00Z,backend-api,0,0,0,0,0,0,FALSE,0,0,0,0,0,0,0
2026-05-23T15:45:00Z,backend-api,0,0,0,0,0,0,FALSE,0,0,0,0,0,0,0
2026-05-23T16:00:00Z,backend-api,0,0,0,0,0,0,FALSE,0,0,0,0,0,0,0
2026-05-23T16:15:00Z,backend-api,0,0,0,0,0,0,FALSE,0,0,0,0,0,0,0
2026-05-23T16:30:00Z,backend-api,0,0,0,0,0,0,FALSE,0,0,0,0,0,0,0
2026-05-23T16:45:00Z,backend-api,0,0,0,0,0,0,FALSE,0,0,0,0,0,0,0
2026-05-23T17:00:00Z,backend-api,0,0,0,0,0,0,FALSE,0,0,0,0,0,0,0
2026-05-23T17:15:00Z,backend-api,0,0,0,0,0,0,FALSE,0,0,0,0,0,0,0
2026-05-23T17:30:00Z,backend-api,0,0,0,0,0,0,FALSE,0,0,0,0,0,0,0
2026-05-23T17:45:00Z,backend-api,0,0,0,0,0,0,FALSE,0,0,0,0,0,0,0
2026-05-23T18:00:00Z,backend-api,0,0,0,0,0,0,FALSE,0,0,0,0,0,0,0
2026-05-23T18:15:00Z,backend-api,0,0,0,0,0,0,FALSE,0,0,0,0,0,0,0
2026-05-23T18:30:00Z,backend-api,0,0,0,0,0,0,FALSE,0,0,0,0,0,0,0
2026-05-23T18:45:00Z,backend-api,0,0,0,0,0,0,FALSE,0,0,0,0,0,0,0
2026-05-23T19:00:00Z,backend-api,0,0,0,0,0,0,FALSE,0,0,0,0,0,0,0
2026-05-23T19:15:00Z,backend-api,0,0,0,0,0,0,FALSE,0,0,0,0,0,0,0
2026-05-23T19:30:00Z,backend-api,0,0,0,0,0,0,FALSE,0,0,0,0,0,0,0
2026-05-23T19:45:00Z,backend-api,0,0,0,0,0,0,FALSE,0,0,0,0,0,0,0
2026-05-23T20:00:00Z,backend-api,0,0,0,0,0,0,FALSE,0,0,0,0,0,0,0
2026-05-23T20:15:00Z,backend-api,0,0,0,0,0,0,FALSE,0,0,0,0,0,0,0
2026-05-23T20:30:00Z,backend-api,0,0,0,0,0,0,FALSE,0,0,0,0,0,0,0
2026-05-23T20:45:00Z,backend-api,0,0,0,0,0,0,FALSE,0,0,0,0,0,0,0
2026-05-23T21:00:00Z,backend-api,0,0,0,0,0,0,FALSE,0,0,0,0,0,0,0
2026-05-23T21:15:00Z,backend-api,0,0,0,0,0,0,FALSE,0,0,0,0,0,0,0
2026-05-23T21:30:00Z,backend-api,0,0,0,0,0,0,FALSE,0,0,0,0,0,0,0
2026-05-23T21:45:00Z,backend-api,0,0,0,0,0,0,FALSE,0,0,0,0,0,0,0
2026-05-23T22:00:00Z,backend-api,0,0,0,0,0,0,FALSE,0,0,0,0,0,0,0
2026-05-23T22:15:00Z,backend-api,0,0,0,0,0,0,FALSE,0,0,0,0,0,0,0
2026-05-23T22:30:00Z,backend-api,0,0,0,0,0,0,FALSE,0,0,0,0,0,0,0
2026-05-23T22:45:00Z,backend-api,0,0,0,0,0,0,FALSE,0,0,0,0,0,0,0
2026-05-23T23:00:00Z,backend-api,0,0,0,0,0,0,FALSE,0,0,0,0,0,0,0
2026-05-23T23:15:00Z,backend-api,0,0,0,0,0,0,FALSE,0,0,0,0,0,0,0
2026-05-23T23:30:00Z,backend-api,0,0,0,0,0,0,FALSE,0,0,0,0,0,0,0
2026-05-23T23:45:00Z,backend-api,0,0,0,0,0,0,FALSE,0,0,0,0,0,0,0
2026-05-24T00:00:00Z,backend-api,0,0,0,0,0,0,FALSE,0,0,0,0,0,0,0
2026-05-24T00:15:00Z,backend-api,0,0,0,0,0,0,FALSE,0,0,0,0,0,0,0
2026-05-24T00:30:00Z,backend-api,0,0,0,0,0,0,FALSE,0,0,0,0,0,0,0
2026-05-24T00:45:00Z,backend-api,0,0,0,0,0,0,FALSE,0,0,0,0,0,0,0
2026-05-24T01:00:00Z,backend-api,0,0,0,0,0,0,FALSE,0,0,0,0,0,0,0
2026-05-24T01:15:00Z,backend-api,0,0,0,0,0,0,FALSE,0,0,0,0,0,0,0
2026-05-24T01:30:00Z,backend-api,0,0,0,0,0,0,FALSE,0,0,0,0,0,0,0
2026-05-24T01:45:00Z,backend-api,0,0,0,0,0,0,FALSE,0,0,0,0,0,0,0
2026-05-24T02:00:00Z,backend-api,0,0,0,0,0,0,FALSE,0,0,0,0,0,0,0
2026-05-24T02:15:00Z,backend-api,0,0,0,0,0,0,FALSE,0,0,0,0,0,0,0
2026-05-24T02:30:00Z,backend-api,0,0,0,0,0,0,FALSE,0,0,0,0,0,0,0
2026-05-24T02:45:00Z,backend-api,0,0,0,0,0,0,FALSE,0,0,0,0,0,0,0
2026-05-24T03:00:00Z,backend-api,0,0,0,0,0,0,FALSE,0,0,0,0,0,0,0
2026-05-24T03:15:00Z,backend-api,0,0,0,0,0,0,FALSE,0,0,0,0,0,0,0
2026-05-24T03:30:00Z,backend-api,0,0,0,0,0,0,FALSE,0,0,0,0,0,0,0
2026-05-24T03:45:00Z,backend-api,0,0,0,0,0,0,FALSE,0,0,0,0,0,0,0
2026-05-24T04:00:00Z,backend-api,0,0,0,0,0,0,FALSE,0,0,0,0,0,0,0
2026-05-24T04:15:00Z,backend-api,0,0,0,0,0,0,FALSE,0,0,0,0,0,0,0
2026-05-24T04:30:00Z,backend-api,0,0,0,0,0,0,FALSE,0,0,0,0,0,0,0
2026-05-24T04:45:00Z,backend-api,0,0,0,0,0,0,FALSE,0,0,0,0,0,0,0
2026-05-24T05:00:00Z,backend-api,0,0,0,0,0,0,FALSE,0,0,0,0,0,0,0
2026-05-24T05:15:00Z,backend-api,0,0,0,0,0,0,FALSE,0,0,0,0,0,0,0
2026-05-24T05:30:00Z,backend-api,0,0,0,0,0,0,FALSE,0,0,0,0,0,0,0
2026-05-24T05:45:00Z,backend-api,0,0,0,0,0,0,FALSE,0,0,0,0,0,0,0
2026-05-24T06:00:00Z,backend-api,0,0,0,0,0,0,FALSE,0,0,0,0,0,0,0
2026-05-24T06:15:00Z,backend-api,0,0,0,0,0,0,FALSE,0,0,0,0,0,0,0
2026-05-24T06:30:00Z,backend-api,0,0,0,0,0,0,FALSE,0,0,0,0,0,0,0
2026-05-24T06:45:00Z,backend-api,0,0,0,0,0,0,FALSE,0,0,0,0,0,0,0
2026-05-24T07:00:00Z,backend-api,0,0,0,0,0,0,FALSE,0,0,0,0,0,0,0
2026-05-24T07:15:00Z,backend-api,0,0,0,0,0,0,FALSE,0,0,0,0,0,0,0
2026-05-24T07:30:00Z,backend-api,0,0,0,0,0,0,FALSE,0,0,0,0,0,0,0
2026-05-24T07:45:00Z,backend-api,0,0,0,0,0,0,FALSE,0,0,0,0,0,0,0
2026-05-24T08:00:00Z,backend-api,0,0,0,0,0,0,FALSE,0,0,0,0,0,0,0
2026-05-24T08:15:00Z,backend-api,0,0,0,0,0,0,FALSE,0,0,0,0,0,0,0
2026-05-24T08:30:00Z,backend-api,0,0,0,0,0,0,FALSE,0,0,0,0,0,0,0
2026-05-24T08:45:00Z,backend-api,0,0,0,0,0,0,FALSE,0,0,0,0,0,0,0
2026-05-24T09:00:00Z,backend-api,0,0,0,0,0,0,FALSE,0,0,0,0,0,0,0
2026-05-24T09:15:00Z,backend-api,0,0,0,0,0,0,FALSE,0,0,0,0,0,0,0
2026-05-24T09:30:00Z,backend-api,0,0,0,0,0,0,FALSE,0,0,0,0,0,0,0
2026-05-24T09:45:00Z,backend-api,0,0,0,0,0,0,FALSE,0,0,0,0,0,0,0
2026-05-24T10:00:00Z,backend-api,0,0,0,0,0,0,FALSE,0,0,0,0,0,0,0
2026-05-24T10:15:00Z,backend-api,0,0,0,0,0,0,FALSE,0,0,0,0,0,0,0
2026-05-24T10:30:00Z,backend-api,0,0,0,0,0,0,FALSE,0,0,0,0,0,0,0
2026-05-24T10:45:00Z,backend-api,0,0,0,0,0,0,FALSE,0,0,0,0,0,0,0
2026-05-24T11:00:00Z,backend-api,0,0,0,0,0,0,FALSE,0,0,0,0,0,0,0
2026-05-24T11:15:00Z,backend-api,0,0,0,0,0,0,FALSE,0,0,0,0,0,0,0
2026-05-24T11:30:00Z,backend-api,0,0,0,0,0,0,FALSE,0,0,0,0,0,0,0
2026-05-24T11:45:00Z,backend-api,0,0,0,0,0,0,FALSE,0,0,0,0,0,0,0
2026-05-24T12:00:00Z,backend-api,0,0,0,0,0,0,FALSE,0,0,0,0,0,0,0
2026-05-24T12:15:00Z,backend-api,0,0,0,0,0,0,FALSE,0,0,0,0,0,0,0
2026-05-24T12:30:00Z,backend-api,0,0,0,0,0,0,FALSE,0,0,0,0,0,0,0
2026-05-24T12:45:00Z,backend-api,0,0,0,0,0,0,FALSE,0,0,0,0,0,0,0
2026-05-24T13:00:00Z,backend-api,0,0,0,0,0,0,FALSE,0,0,0,0,0,0,0
2026-05-24T13:15:00Z,backend-api,0,0,0,0,0,0,FALSE,0,0,0,0,0,0,0
2026-05-24T13:30:00Z,backend-api,0,0,0,0,0,0,FALSE,0,0,0,0,0,0,0
2026-05-24T13:45:00Z,backend-api,0,0,0,0,0,0,FALSE,0,0,0,0,0,0,0
2026-05-24T14:00:00Z,backend-api,0,0,0,0,0,0,FALSE,0,0,0,0,0,0,0
2026-05-24T14:15:00Z,backend-api,0,0,0,0,0,0,FALSE,0,0,0,0,0,0,0
2026-05-24T14:30:00Z,backend-api,0,0,0,0,0,0,FALSE,0,0,0,0,0,0,0
2026-05-24T14:45:00Z,backend-api,0,0,0,0,0,0,FALSE,0,0,0,0,0,0,0
2026-05-24T15:00:00Z,backend-api,0,0,0,0,0,0,FALSE,0,0,0,0,0,0,0
2026-05-24T15:15:00Z,backend-api,0,0,0,0,0,0,FALSE,0,0,0,0,0,0,0
2026-05-24T15:30:00Z,backend-api,0,0,0,0,0,0,FALSE,0,0,0,0,0,0,0
2026-05-24T15:45:00Z,backend-api,0,0,0,0,0,0,FALSE,0,0,0,0,0,0,0
2026-05-24T16:00:00Z,backend-api,0,0,0,0,0,0,FALSE,0,0,0,0,0,0,0
2026-05-24T16:15:00Z,backend-api,0,0,0,0,0,0,FALSE,0,0,0,0,0,0,0
2026-05-24T16:30:00Z,backend-api,0,0,0,0,0,0,FALSE,0,0,0,0,0,0,0
2026-05-24T16:45:00Z,backend-api,0,0,0,0,0,0,FALSE,0,0,0,0,0,0,0
2026-05-24T17:00:00Z,backend-api,0,0,0,0,0,0,FALSE,0,0,0,0,0,0,0
2026-05-24T17:15:00Z,backend-api,0,0,0,0,0,0,FALSE,0,0,0,0,0,0,0
2026-05-24T17:30:00Z,backend-api,0,0,0,0,0,0,FALSE,0,0,0,0,0,0,0
2026-05-24T17:45:00Z,backend-api,0,0,0,0,0,0,FALSE,0,0,0,0,0,0,0
2026-05-24T18:00:00Z,backend-api,0,0,0,0,0,0,FALSE,0,0,0,0,0,0,0
2026-05-24T18:15:00Z,backend-api,0,0,0,0,0,0,FALSE,0,0,0,0,0,0,0
2026-05-24T18:30:00Z,backend-api,0,0,0,0,0,0,FALSE,0,0,0,0,0,0,0
2026-05-24T18:45:00Z,backend-api,0,0,0,0,0,0,FALSE,0,0,0,0,0,0,0
2026-05-24T19:00:00Z,backend-api,0,0,0,0,0,0,FALSE,0,0,0,0,0,0,0
2026-05-24T19:15:00Z,backend-api,0,0,0,0,0,0,FALSE,0,0,0,0,0,0,0
2026-05-24T19:30:00Z,backend-api,0,0,0,0,0,0,FALSE,0,0,0,0,0,0,0
2026-05-24T19:45:00Z,backend-api,0,0,0,0,0,0,FALSE,0,0,0,0,0,0,0
2026-05-24T20:00:00Z,backend-api,0,0,0,0,0,0,FALSE,0,0,0,0,0,0,0
2026-05-24T20:15:00Z,backend-api,0,0,0,0,0,0,FALSE,0,0,0,0,0,0,0
2026-05-24T20:30:00Z,backend-api,0,0,0,0,0,0,FALSE,0,0,0,0,0,0,0
2026-05-24T20:45:00Z,backend-api,0,0,0,0,0,0,FALSE,0,0,0,0,0,0,0
2026-05-24T21:00:00Z,backend-api,0,0,0,0,0,0,FALSE,0,0,0,0,0,0,0
2026-05-24T21:15:00Z,backend-api,0,0,0,0,0,0,FALSE,0,0,0,0,0,0,0
2026-05-24T21:30:00Z,backend-api,0,0,0,0,0,0,FALSE,0,0,0,0,0,0,0
2026-05-24T21:45:00Z,backend-api,0,0,0,0,0,0,FALSE,0,0,0,0,0,0,0
2026-05-24T22:00:00Z,backend-api,0,0,0,0,0,0,FALSE,0,0,0,0,0,0,0
2026-05-24T22:15:00Z,backend-api,0,0,0,0,0,0,FALSE,0,0,0,0,0,0,0
2026-05-24T22:30:00Z,backend-api,0,0,0,0,0,0,FALSE,0,0,0,0,0,0,0
2026-05-24T22:45:00Z,backend-api,0,0,0,0,0,0,FALSE,0,0,0,0,0,0,0
2026-05-24T23:00:00Z,backend-api,0,0,0,0,0,0,FALSE,0,0,0,0,0,0,0
2026-05-24T23:15:00Z,backend-api,0,0,0,0,0,0,FALSE,0,0,0,0,0,0,0
2026-05-24T23:30:00Z,backend-api,0,0,0,0,0,0,FALSE,0,0,0,0,0,0,0
2026-05-24T23:45:00Z,backend-api,0,0,0,0,0,0,FALSE,0,0,0,0,0,0,0
2026-05-25T00:00:00Z,backend-api,0,0,0,0,0,0,FALSE,0,0,0,0,0,0,0
2026-05-25T00:15:00Z,backend-api,0,0,0,0,0,0,FALSE,0,0,0,0,0,0,0
2026-05-25T00:30:00Z,backend-api,0,0,0,0,0,0,FALSE,0,0,0,0,0,0,0
2026-05-25T00:45:00Z,backend-api,0,0,0,0,0,0,FALSE,0,0,0,0,0,0,0
2026-05-25T01:00:00Z,backend-api,0,0,0,0,0,0,FALSE,0,0,0,0,0,0,0
2026-05-25T01:15:00Z,backend-api,0,0,0,0,0,0,FALSE,0,0,0,0,0,0,0
2026-05-25T01:30:00Z,backend-api,0,0,0,0,0,0,FALSE,0,0,0,0,0,0,0
2026-05-25T01:45:00Z,backend-api,0,0,0,0,0,0,FALSE,0,0,0,0,0,0,0
2026-05-25T02:00:00Z,backend-api,0,0,0,0,0,0,FALSE,0,0,0,0,0,0,0
2026-05-25T02:15:00Z,backend-api,0,0,0,0,0,0,FALSE,0,0,0,0,0,0,0
2026-05-25T02:30:00Z,backend-api,0,0,0,0,0,0,FALSE,0,0,0,0,0,0,0
2026-05-25T02:45:00Z,backend-api,0,0,0,0,0,0,FALSE,0,0,0,0,0,0,0
2026-05-25T03:00:00Z,backend-api,0,0,0,0,0,0,FALSE,0,0,0,0,0,0,0
2026-05-25T03:15:00Z,backend-api,0,0,0,0,0,0,FALSE,0,0,0,0,0,0,0
2026-05-25T03:30:00Z,backend-api,0,0,0,0,0,0,FALSE,0,0,0,0,0,0,0
2026-05-25T03:45:00Z,backend-api,0,0,0,0,0,0,FALSE,0,0,0,0,0,0,0
2026-05-25T04:00:00Z,backend-api,0,0,0,0,0,0,FALSE,0,0,0,0,0,0,0
2026-05-25T04:15:00Z,backend-api,0,0,0,0,0,0,FALSE,0,0,0,0,0,0,0
2026-05-25T04:30:00Z,backend-api,0,0,0,0,0,0,FALSE,0,0,0,0,0,0,0
2026-05-25T04:45:00Z,backend-api,0,0,0,0,0,0,FALSE,0,0,0,0,0,0,0
2026-05-25T05:00:00Z,backend-api,0,0,0,0,0,0,FALSE,0,0,0,0,0,0,0
2026-05-25T05:15:00Z,backend-api,0,0,0,0,0,0,FALSE,0,0,0,0,0,0,0
2026-05-25T05:30:00Z,backend-api,0,0,0,0,0,0,FALSE,0,0,0,0,0,0,0
2026-05-25T05:45:00Z,backend-api,0,0,0,0,0,0,FALSE,0,0,0,0,0,0,0
2026-05-25T06:00:00Z,backend-api,0,0,0,0,0,0,FALSE,0,0,0,0,0,0,0
2026-05-25T06:15:00Z,backend-api,0,0,0,0,0,0,FALSE,0,0,0,0,0,0,0
2026-05-25T06:30:00Z,backend-api,0,0,0,0,0,0,FALSE,0,0,0,0,0,0,0
2026-05-25T06:45:00Z,backend-api,0,0,0,0,0,0,FALSE,0,0,0,0,0,0,0
2026-05-25T07:00:00Z,backend-api,0,0,0,0,0,0,FALSE,0,0,0,0,0,0,0
2026-05-25T07:15:00Z,backend-api,0,0,0,0,0,0,FALSE,0,0,0,0,0,0,0
2026-05-25T07:30:00Z,backend-api,0,0,0,0,0,0,FALSE,0,0,0,0,0,0,0
2026-05-25T07:45:00Z,backend-api,0,0,0,0,0,0,FALSE,0,0,0,0,0,0,0
2026-05-25T08:00:00Z,backend-api,0,0,0,0,0,0,FALSE,0,0,0,0,0,0,0
2026-05-25T08:15:00Z,backend-api,0,0,0,0,0,0,FALSE,0,0,0,0,0,0,0
2026-05-25T08:30:00Z,backend-api,0,0,0,0,0,0,FALSE,0,0,0,0,0,0,0
2026-05-25T08:45:00Z,backend-api,0,0,0,0,0,0,FALSE,0,0,0,0,0,0,0
2026-05-25T09:00:00Z,backend-api,0,0,0,0,0,0,FALSE,0,0,0,0,0,0,0
2026-05-25T09:15:00Z,backend-api,0,0,0,0,0,0,FALSE,0,0,0,0,0,0,0
2026-05-25T09:30:00Z,backend-api,0,0,0,0,0,0,FALSE,0,0,0,0,0,0,0
2026-05-25T09:45:00Z,backend-api,0,0,0,0,0,0,FALSE,0,0,0,0,0,0,0
2026-05-25T10:00:00Z,backend-api,0,0,0,0,0,0,FALSE,0,0,0,0,0,0,0
2026-05-25T10:15:00Z,backend-api,0,0,0,0,0,0,FALSE,0,0,0,0,0,0,0
2026-05-25T10:30:00Z,backend-api,0,0,0,0,0,0,FALSE,0,0,0,0,0,0,0
2026-05-25T10:45:00Z,backend-api,0,0,0,0,0,0,FALSE,0,0,0,0,0,0,0
2026-05-25T11:00:00Z,backend-api,0,0,0,0,0,0,FALSE,0,0,0,0,0,0,0
2026-05-25T11:15:00Z,backend-api,0,0,0,0,0,0,FALSE,0,0,0,0,0,0,0
2026-05-25T11:30:00Z,backend-api,0,0,0,0,0,0,FALSE,0,0,0,0,0,0,0
2026-05-25T11:45:00Z,backend-api,0,0,0,0,0,0,FALSE,0,0,0,0,0,0,0
2026-05-25T12:00:00Z,backend-api,0,0,0,0,0,0,FALSE,0,0,0,0,0,0,0
2026-05-25T12:15:00Z,backend-api,0,0,0,0,0,0,FALSE,0,0,0,0,0,0,0
2026-05-25T12:30:00Z,backend-api,0,0,0,0,0,0,FALSE,0,0,0,0,0,0,0
2026-05-25T12:45:00Z,backend-api,0,0,0,0,0,0,FALSE,0,0,0,0,0,0,0
2026-05-25T13:00:00Z,backend-api,0,0,0,0,0,0,FALSE,0,0,0,0,0,0,0
2026-05-25T13:15:00Z,backend-api,0,0,0,0,0,0,FALSE,0,0,0,0,0,0,0
2026-05-25T13:30:00Z,backend-api,0,0,0,0,0,0,FALSE,0,0,0,0,0,0,0
2026-05-25T13:45:00Z,backend-api,0,0,0,0,0,0,FALSE,0,0,0,0,0,0,0
2026-05-25T14:00:00Z,backend-api,0,0,0,0,0,0,FALSE,0,0,0,0,0,0,0
2026-05-25T14:15:00Z,backend-api,0,0,0,0,0,0,FALSE,0,0,0,0,0,0,0
2026-05-25T14:30:00Z,backend-api,0,0,0,0,0,0,FALSE,0,0,0,0,0,0,0
2026-05-25T14:45:00Z,backend-api,0,0,0,0,0,0,FALSE,0,0,0,0,0,0,0
2026-05-25T15:00:00Z,backend-api,0,0,0,0,0,0,FALSE,0,0,0,0,0,0,0
2026-05-25T15:15:00Z,backend-api,0,0,0,0,0,0,FALSE,0,0,0,0,0,0,0
2026-05-25T15:30:00Z,backend-api,0,0,0,0,0,0,FALSE,0,0,0,0,0,0,0
2026-05-25T15:45:00Z,backend-api,0,0,0,0,0,0,FALSE,0,0,0,0,0,0,0
2026-05-25T16:00:00Z,backend-api,0,0,0,0,0,0,FALSE,0,0,0,0,0,0,0
2026-05-25T16:15:00Z,backend-api,0,0,0,0,0,0,FALSE,0,0,0,0,0,0,0
2026-05-25T16:30:00Z,backend-api,0,0,0,0,0,0,FALSE,0,0,0,0,0,0,0
2026-05-25T16:45:00Z,backend-api,0,0,0,0,0,0,FALSE,0,0,0,0,0,0,0
2026-05-25T17:00:00Z,backend-api,0,0,0,0,0,0,FALSE,0,0,0,0,0,0,0
2026-05-25T17:15:00Z,backend-api,0,0,0,0,0,0,FALSE,0,0,0,0,0,0,0
2026-05-25T17:30:00Z,backend-api,0,0,0,0,0,0,FALSE,0,0,0,0,0,0,0
2026-05-25T17:45:00Z,backend-api,0,0,0,0,0,0,FALSE,0,0,0,0,0,0,0
2026-05-25T18:00:00Z,backend-api,0,0,0,0,0,0,FALSE,0,0,0,0,0,0,0
2026-05-25T18:15:00Z,backend-api,0,0,0,0,0,0,FALSE,0,0,0,0,0,0,0
2026-05-25T18:30:00Z,backend-api,0,0,0,0,0,0,FALSE,0,0,0,0,0,0,0
2026-05-25T18:45:00Z,backend-api,0,0,0,0,0,0,FALSE,0,0,0,0,0,0,0
2026-05-25T19:00:00Z,backend-api,0,0,0,0,0,0,FALSE,0,0,0,0,0,0,0
2026-05-25T19:15:00Z,backend-api,0,0,0,0,0,0,FALSE,0,0,0,0,0,0,0
2026-05-25T19:30:00Z,backend-api,0,0,0,0,0,0,FALSE,0,0,0,0,0,0,0
2026-05-25T19:45:00Z,backend-api,0,0,0,0,0,0,FALSE,0,0,0,0,0,0,0
2026-05-25T20:00:00Z,backend-api,0,0,0,0,0,0,FALSE,0,0,0,0,0,0,0
2026-05-25T20:15:00Z,backend-api,0,0,0,0,0,0,FALSE,0,0,0,0,0,0,0
2026-05-25T20:30:00Z,backend-api,0,0,0,0,0,0,FALSE,0,0,0,0,0,0,0
2026-05-25T20:45:00Z,backend-api,0,0,0,0,0,0,FALSE,0,0,0,0,0,0,0
2026-05-25T21:00:00Z,backend-api,0,0,0,0,0,0,FALSE,0,0,0,0,0,0,0
2026-05-25T21:15:00Z,backend-api,0,0,0,0,0,0,FALSE,0,0,0,0,0,0,0
2026-05-25T21:30:00Z,backend-api,0,0,0,0,0,0,FALSE,0,0,0,0,0,0,0
2026-05-25T21:45:00Z,backend-api,0,0,0,0,0,0,FALSE,0,0,0,0,0,0,0
2026-05-25T22:00:00Z,backend-api,0,0,0,0,0,0,FALSE,0,0,0,0,0,0,0
2026-05-25T22:15:00Z,backend-api,0,0,0,0,0,0,FALSE,0,0,0,0,0,0,0
2026-05-25T22:30:00Z,backend-api,0,0,0,0,0,0,FALSE,0,0,0,0,0,0,0
2026-05-25T22:45:00Z,backend-api,0,0,0,0,0,0,FALSE,0,0,0,0,0,0,0
2026-05-25T23:00:00Z,backend-api,0,0,0,0,0,0,FALSE,0,0,0,0,0,0,0
2026-05-25T23:15:00Z,backend-api,0,0,0,0,0,0,FALSE,0,0,0,0,0,0,0
2026-05-25T23:30:00Z,backend-api,0,0,0,0,0,0,FALSE,0,0,0,0,0,0,0
2026-05-25T23:45:00Z,backend-api,0,0,0,0,0,0,FALSE,0,0,0,0,0,0,0
2026-05-26T00:00:00Z,backend-api,0,0,0,0,0,0,FALSE,0,0,0,0,0,0,0
2026-05-26T00:15:00Z,backend-api,0,0,0,0,0,0,FALSE,0,0,0,0,0,0,0
2026-05-26T00:30:00Z,backend-api,0,0,0,0,0,0,FALSE,0,0,0,0,0,0,0
2026-05-26T00:45:00Z,backend-api,0,0,0,0,0,0,FALSE,0,0,0,0,0,0,0
2026-05-26T01:00:00Z,backend-api,0,0,0,0,0,0,FALSE,0,0,0,0,0,0,0
2026-05-26T01:15:00Z,backend-api,0,0,0,0,0,0,FALSE,0,0,0,0,0,0,0
2026-05-26T01:30:00Z,backend-api,0,0,0,0,0,0,FALSE,0,0,0,0,0,0,0
2026-05-26T01:45:00Z,backend-api,0,0,0,0,0,0,FALSE,0,0,0,0,0,0,0
2026-05-26T02:00:00Z,backend-api,0,0,0,0,0,0,FALSE,0,0,0,0,0,0,0
2026-05-26T02:15:00Z,backend-api,0,0,0,0,0,0,FALSE,0,0,0,0,0,0,0
2026-05-26T02:30:00Z,backend-api,0,0,0,0,0,0,FALSE,0,0,0,0,0,0,0
2026-05-26T02:45:00Z,backend-api,0,0,0,0,0,0,FALSE,0,0,0,0,0,0,0
2026-05-26T03:00:00Z,backend-api,0,0,0,0,0,0,FALSE,0,0,0,0,0,0,0
2026-05-26T03:15:00Z,backend-api,0,0,0,0,0,0,FALSE,0,0,0,0,0,0,0
2026-05-26T03:30:00Z,backend-api,0,0,0,0,0,0,FALSE,0,0,0,0,0,0,0
2026-05-26T03:45:00Z,backend-api,0,0,0,0,0,0,FALSE,0,0,0,0,0,0,0
2026-05-26T04:00:00Z,backend-api,0,0,0,0,0,0,FALSE,0,0,0,0,0,0,0
2026-05-26T04:15:00Z,backend-api,0,0,0,0,0,0,FALSE,0,0,0,0,0,0,0
2026-05-26T04:30:00Z,backend-api,0,0,0,0,0,0,FALSE,0,0,0,0,0,0,0
2026-05-26T04:45:00Z,backend-api,0,0,0,0,0,0,FALSE,0,0,0,0,0,0,0
2026-05-26T05:00:00Z,backend-api,0,0,0,0,0,0,FALSE,0,0,0,0,0,0,0
2026-05-26T05:15:00Z,backend-api,0,0,0,0,0,0,FALSE,0,0,0,0,0,0,0
2026-05-26T05:30:00Z,backend-api,0,0,0,0,0,0,FALSE,0,0,0,0,0,0,0
2026-05-26T05:45:00Z,backend-api,0,0,0,0,0,0,FALSE,0,0,0,0,0,0,0
2026-05-26T06:00:00Z,backend-api,0,0,0,0,0,0,FALSE,0,0,0,0,0,0,0
2026-05-26T06:15:00Z,backend-api,0,0,0,0,0,0,FALSE,0,0,0,0,0,0,0
2026-05-26T06:30:00Z,backend-api,0,0,0,0,0,0,FALSE,0,0,0,0,0,0,0
2026-05-26T06:45:00Z,backend-api,0,0,0,0,0,0,FALSE,0,0,0,0,0,0,0
2026-05-26T07:00:00Z,backend-api,0,0,0,0,0,0,FALSE,0,0,0,0,0,0,0
2026-05-26T07:15:00Z,backend-api,0,0,0,0,0,0,FALSE,0,0,0,0,0,0,0
2026-05-26T07:30:00Z,backend-api,0,0,0,0,0,0,FALSE,0,0,0,0,0,0,0
2026-05-26T07:45:00Z,backend-api,0,0,0,0,0,0,FALSE,0,0,0,0,0,0,0
2026-05-26T08:00:00Z,backend-api,0,0,0,0,0,0,FALSE,0,0,0,0,0,0,0
2026-05-26T08:15:00Z,backend-api,0,0,0,0,0,0,FALSE,0,0,0,0,0,0,0
2026-05-26T08:30:00Z,backend-api,0,0,0,0,0,0,FALSE,0,0,0,0,0,0,0
2026-05-26T08:45:00Z,backend-api,0,0,0,0,0,0,FALSE,0,0,0,0,0,0,0
2026-05-26T09:00:00Z,backend-api,0,0,0,0,0,0,FALSE,0,0,0,0,0,0,0
2026-05-26T09:15:00Z,backend-api,0,0,0,0,0,0,FALSE,0,0,0,0,0,0,0
2026-05-26T09:30:00Z,backend-api,0,0,0,0,0,0,FALSE,0,0,0,0,0,0,0
2026-05-26T09:45:00Z,backend-api,0,0,0,0,0,0,FALSE,0,0,0,0,0,0,0
2026-05-26T10:00:00Z,backend-api,0,0,0,0,0,0,FALSE,0,0,0,0,0,0,0
2026-05-26T10:15:00Z,backend-api,0,0,0,0,0,0,FALSE,0,0,0,0,0,0,0
2026-05-26T10:30:00Z,backend-api,0,0,0,0,0,0,FALSE,0,0,0,0,0,0,0
2026-05-26T10:45:00Z,backend-api,0,0,0,0,0,0,FALSE,0,0,0,0,0,0,0
2026-05-26T11:00:00Z,backend-api,0,0,0,0,0,0,FALSE,0,0,0,0,0,0,0
2026-05-26T11:15:00Z,backend-api,0,0,0,0,0,0,FALSE,0,0,0,0,0,0,0
2026-05-26T11:30:00Z,backend-api,0,0,0,0,0,0,FALSE,0,0,0,0,0,0,0
2026-05-26T11:45:00Z,backend-api,0,0,0,0,0,0,FALSE,0,0,0,0,0,0,0
2026-05-26T12:00:00Z,backend-api,0,0,0,0,0,0,FALSE,0,0,0,0,0,0,0
2026-05-26T12:15:00Z,backend-api,0,0,0,0,0,0,FALSE,0,0,0,0,0,0,0
2026-05-26T12:30:00Z,backend-api,0,0,0,0,0,0,FALSE,0,0,0,0,0,0,0
2026-05-26T12:45:00Z,backend-api,0,0,0,0,0,0,FALSE,0,0,0,0,0,0,0
2026-05-26T13:00:00Z,backend-api,0,0,0,0,0,0,FALSE,0,0,0,0,0,0,0
2026-05-26T13:15:00Z,backend-api,0,0,0,0,0,0,FALSE,0,0,0,0,0,0,0
2026-05-26T13:30:00Z,backend-api,0,0,0,0,0,0,FALSE,0,0,0,0,0,0,0
2026-05-26T13:45:00Z,backend-api,0,0,0,0,0,0,FALSE,0,0,0,0,0,0,0
2026-05-26T14:00:00Z,backend-api,0,0,0,0,0,0,FALSE,0,0,0,0,0,0,0
2026-05-26T14:15:00Z,backend-api,0,0,0,0,0,0,FALSE,0,0,0,0,0,0,0
2026-05-26T14:30:00Z,backend-api,0,0,0,0,0,0,FALSE,0,0,0,0,0,0,0
2026-05-26T14:45:00Z,backend-api,0,0,0,0,0,0,FALSE,0,0,0,0,0,0,0
2026-05-26T15:00:00Z,backend-api,0,0,0,0,0,0,FALSE,0,0,0,0,0,0,0
2026-05-26T15:15:00Z,backend-api,0,0,0,0,0,0,FALSE,0,0,0,0,0,0,0
2026-05-26T15:30:00Z,backend-api,0,0,0,0,0,0,FALSE,0,0,0,0,0,0,0
2026-05-26T15:45:00Z,backend-api,0,0,0,0,0,0,FALSE,0,0,0,0,0,0,0
2026-05-26T16:00:00Z,backend-api,0,0,0,0,0,0,FALSE,0,0,0,0,0,0,0
2026-05-26T16:15:00Z,backend-api,0,0,0,0,0,0,FALSE,0,0,0,0,0,0,0
2026-05-26T16:30:00Z,backend-api,0,0,0,0,0,0,FALSE,0,0,0,0,0,0,0
2026-05-26T16:45:00Z,backend-api,0,0,0,0,0,0,FALSE,0,0,0,0,0,0,0
2026-05-26T17:00:00Z,backend-api,0,0,0,0,0,0,FALSE,0,0,0,0,0,0,0
2026-05-26T17:15:00Z,backend-api,0,0,0,0,0,0,FALSE,0,0,0,0,0,0,0
2026-05-26T17:30:00Z,backend-api,0,0,0,0,0,0,FALSE,0,0,0,0,0,0,0
2026-05-26T17:45:00Z,backend-api,0,0,0,0,0,0,FALSE,0,0,0,0,0,0,0
2026-05-26T18:00:00Z,backend-api,0,0,0,0,0,0,FALSE,0,0,0,0,0,0,0
2026-05-26T18:15:00Z,backend-api,0,0,0,0,0,0,FALSE,0,0,0,0,0,0,0
2026-05-26T18:30:00Z,backend-api,0,0,0,0,0,0,FALSE,0,0,0,0,0,0,0
2026-05-26T18:45:00Z,backend-api,0,0,0,0,0,0,FALSE,0,0,0,0,0,0,0
2026-05-26T19:00:00Z,backend-api,0,0,0,0,0,0,FALSE,0,0,0,0,0,0,0
2026-05-26T19:15:00Z,backend-api,0,0,0,0,0,0,FALSE,0,0,0,0,0,0,0
2026-05-26T19:30:00Z,backend-api,0,0,0,0,0,0,FALSE,0,0,0,0,0,0,0
2026-05-26T19:45:00Z,backend-api,0,0,0,0,0,0,FALSE,0,0,0,0,0,0,0
2026-05-26T20:00:00Z,backend-api,0,0,0,0,0,0,FALSE,0,0,0,0,0,0,0
2026-05-26T20:15:00Z,backend-api,0,0,0,0,0,0,FALSE,0,0,0,0,0,0,0
2026-05-26T20:30:00Z,backend-api,0,0,0,0,0,0,FALSE,0,0,0,0,0,0,0
2026-05-26T20:45:00Z,backend-api,0,0,0,0,0,0,FALSE,0,0,0,0,0,0,0
2026-05-26T21:00:00Z,backend-api,0,0,0,0,0,0,FALSE,0,0,0,0,0,0,0
2026-05-26T21:15:00Z,backend-api,0,0,0,0,0,0,FALSE,0,0,0,0,0,0,0
2026-05-26T21:30:00Z,backend-api,0,0,0,0,0,0,FALSE,0,0,0,0,0,0,0
2026-05-26T21:45:00Z,backend-api,0,0,0,0,0,0,FALSE,0,0,0,0,0,0,0
2026-05-26T22:00:00Z,backend-api,0,0,0,0,0,0,FALSE,0,0,0,0,0,0,0
2026-05-26T22:15:00Z,backend-api,0,0,0,0,0,0,FALSE,0,0,0,0,0,0,0
2026-05-26T22:30:00Z,backend-api,0,0,0,0,0,0,FALSE,0,0,0,0,0,0,0
2026-05-26T22:45:00Z,backend-api,0,0,0,0,0,0,FALSE,0,0,0,0,0,0,0
2026-05-26T23:00:00Z,backend-api,0,0,0,0,0,0,FALSE,0,0,0,0,0,0,0
2026-05-26T23:15:00Z,backend-api,0,0,0,0,0,0,FALSE,0,0,0,0,0,0,0
2026-05-26T23:30:00Z,backend-api,0,0,0,0,0,0,FALSE,0,0,0,0,0,0,0
2026-05-26T23:45:00Z,backend-api,0,0,0,0,0,0,FALSE,0,0,0,0,0,0,0
2026-05-27T00:00:00Z,backend-api,0,0,0,0,0,0,FALSE,0,0,0,0,0,0,0
2026-05-27T00:15:00Z,backend-api,0,0,0,0,0,0,FALSE,0,0,0,0,0,0,0
2026-05-27T00:30:00Z,backend-api,0,0,0,0,0,0,FALSE,0,0,0,0,0,0,0
2026-05-27T00:45:00Z,backend-api,0,0,0,0,0,0,FALSE,0,0,0,0,0,0,0
2026-05-27T01:00:00Z,backend-api,0,0,0,0,0,0,FALSE,0,0,0,0,0,0,0
2026-05-27T01:15:00Z,backend-api,0,0,0,0,0,0,FALSE,0,0,0,0,0,0,0
2026-05-27T01:30:00Z,backend-api,0,0,0,0,0,0,FALSE,0,0,0,0,0,0,0
2026-05-27T01:45:00Z,backend-api,0,0,0,0,0,0,FALSE,0,0,0,0,0,0,0
2026-05-27T02:00:00Z,backend-api,0,0,0,0,0,0,FALSE,0,0,0,0,0,0,0
2026-05-27T02:15:00Z,backend-api,0,0,0,0,0,0,FALSE,0,0,0,0,0,0,0
2026-05-27T02:30:00Z,backend-api,0,0,0,0,0,0,FALSE,0,0,0,0,0,0,0
2026-05-27T02:45:00Z,backend-api,0,0,0,0,0,0,FALSE,0,0,0,0,0,0,0
2026-05-27T03:00:00Z,backend-api,0,0,0,0,0,0,FALSE,0,0,0,0,0,0,0
2026-05-27T03:15:00Z,backend-api,0,0,0,0,0,0,FALSE,0,0,0,0,0,0,0
2026-05-27T03:30:00Z,backend-api,0,0,0,0,0,0,FALSE,0,0,0,0,0,0,0
2026-05-27T03:45:00Z,backend-api,0,0,0,0,0,0,FALSE,0,0,0,0,0,0,0
2026-05-27T04:00:00Z,backend-api,0,0,0,0,0,0,FALSE,0,0,0,0,0,0,0
2026-05-27T04:15:00Z,backend-api,0,0,0,0,0,0,FALSE,0,0,0,0,0,0,0
2026-05-27T04:30:00Z,backend-api,0,0,0,0,0,0,FALSE,0,0,0,0,0,0,0
2026-05-27T04:45:00Z,backend-api,0,0,0,0,0,0,FALSE,0,0,0,0,0,0,0
2026-05-27T05:00:00Z,backend-api,0,0,0,0,0,0,FALSE,0,0,0,0,0,0,0
2026-05-27T05:15:00Z,backend-api,0,0,0,0,0,0,FALSE,0,0,0,0,0,0,0
2026-05-27T05:30:00Z,backend-api,0,0,0,0,0,0,FALSE,0,0,0,0,0,0,0
2026-05-27T05:45:00Z,backend-api,0,0,0,0,0,0,FALSE,0,0,0,0,0,0,0
2026-05-27T06:00:00Z,backend-api,0,0,0,0,0,0,FALSE,0,0,0,0,0,0,0
2026-05-27T06:15:00Z,backend-api,0,0,0,0,0,0,FALSE,0,0,0,0,0,0,0
2026-05-27T06:30:00Z,backend-api,0,0,0,0,0,0,FALSE,0,0,0,0,0,0,0
2026-05-27T06:45:00Z,backend-api,0,0,0,0,0,0,FALSE,0,0,0,0,0,0,0
2026-05-27T07:00:00Z,backend-api,0,0,0,0,0,0,FALSE,0,0,0,0,0,0,0
2026-05-27T07:15:00Z,backend-api,0,0,0,0,0,0,FALSE,0,0,0,0,0,0,0
2026-05-27T07:30:00Z,backend-api,0,0,0,0,0,0,FALSE,0,0,0,0,0,0,0
2026-05-27T07:45:00Z,backend-api,0,0,0,0,0,0,FALSE,0,0,0,0,0,0,0
2026-05-27T08:00:00Z,backend-api,0,0,0,0,0,0,FALSE,0,0,0,0,0,0,0
2026-05-27T08:15:00Z,backend-api,0,0,0,0,0,0,FALSE,0,0,0,0,0,0,0
2026-05-27T08:30:00Z,backend-api,0,0,0,0,0,0,FALSE,0,0,0,0,0,0,0
2026-05-27T08:45:00Z,backend-api,0,0,0,0,0,0,FALSE,0,0,0,0,0,0,0
2026-05-27T09:00:00Z,backend-api,0,0,0,0,0,0,FALSE,0,0,0,0,0,0,0
2026-05-27T09:15:00Z,backend-api,0,0,0,0,0,0,FALSE,0,0,0,0,0,0,0
2026-05-27T09:30:00Z,backend-api,0,0,0,0,0,0,FALSE,0,0,0,0,0,0,0
2026-05-27T09:45:00Z,backend-api,0,0,0,0,0,0,FALSE,0,0,0,0,0,0,0
2026-05-27T10:00:00Z,backend-api,0,0,0,0,0,0,FALSE,0,0,0,0,0,0,0
2026-05-27T10:15:00Z,backend-api,0,0,0,0,0,0,FALSE,0,0,0,0,0,0,0
2026-05-27T10:30:00Z,backend-api,0,0,0,0,0,0,FALSE,0,0,0,0,0,0,0
2026-05-27T10:45:00Z,backend-api,0,0,0,0,0,0,FALSE,0,0,0,0,0,0,0
2026-05-27T11:00:00Z,backend-api,0,0,0,0,0,0,FALSE,0,0,0,0,0,0,0
2026-05-27T11:15:00Z,backend-api,0,0,0,0,0,0,FALSE,0,0,0,0,0,0,0
2026-05-27T11:30:00Z,backend-api,0,0,0,0,0,0,FALSE,0,0,0,0,0,0,0
2026-05-27T11:45:00Z,backend-api,0,0,0,0,0,0,FALSE,0,0,0,0,0,0,0
2026-05-27T12:00:00Z,backend-api,0,0,0,0,0,0,FALSE,0,0,0,0,0,0,0
2026-05-27T12:15:00Z,backend-api,0,0,0,0,0,0,FALSE,0,0,0,0,0,0,0
2026-05-27T12:30:00Z,backend-api,0,0,0,0,0,0,FALSE,0,0,0,0,0,0,0
2026-05-27T12:45:00Z,backend-api,0,0,0,0,0,0,FALSE,0,0,0,0,0,0,0
2026-05-27T13:00:00Z,backend-api,0,0,0,0,0,0,FALSE,0,0,0,0,0,0,0
2026-05-27T13:15:00Z,backend-api,0,0,0,0,0,0,FALSE,0,0,0,0,0,0,0
2026-05-27T13:30:00Z,backend-api,0,0,0,0,0,0,FALSE,0,0,0,0,0,0,0
2026-05-27T13:45:00Z,backend-api,0,0,0,0,0,0,FALSE,0,0,0,0,0,0,0
2026-05-27T14:00:00Z,backend-api,0,0,0,0,0,0,FALSE,0,0,0,0,0,0,0
2026-05-27T14:15:00Z,backend-api,0,0,0,0,0,0,FALSE,0,0,0,0,0,0,0
2026-05-27T14:30:00Z,backend-api,0,0,0,0,0,0,FALSE,0,0,0,0,0,0,0
2026-05-27T14:45:00Z,backend-api,0,0,0,0,0,0,FALSE,0,0,0,0,0,0,0
2026-05-27T15:00:00Z,backend-api,0,0,0,0,0,0,FALSE,0,0,0,0,0,0,0
2026-05-27T15:15:00Z,backend-api,0,0,0,0,0,0,FALSE,0,0,0,0,0,0,0
2026-05-27T15:30:00Z,backend-api,0,0,0,0,0,0,FALSE,0,0,0,0,0,0,0
2026-05-27T15:45:00Z,backend-api,0,0,0,0,0,0,FALSE,0,0,0,0,0,0,0
2026-05-27T16:00:00Z,backend-api,0,0,0,0,0,0,FALSE,0,0,0,0,0,0,0
2026-05-27T16:15:00Z,backend-api,0,0,0,0,0,0,FALSE,0,0,0,0,0,0,0
2026-05-27T16:30:00Z,backend-api,0,0,0,0,0,0,FALSE,0,0,0,0,0,0,0
2026-05-27T16:45:00Z,backend-api,0,0,0,0,0,0,FALSE,0,0,0,0,0,0,0
2026-05-27T17:00:00Z,backend-api,0,0,0,0,0,0,FALSE,0,0,0,0,0,0,0
2026-05-27T17:15:00Z,backend-api,0,0,0,0,0,0,FALSE,0,0,0,0,0,0,0
2026-05-27T17:30:00Z,backend-api,0,0,0,0,0,0,FALSE,0,0,0,0,0,0,0
2026-05-27T17:45:00Z,backend-api,0,0,0,0,0,0,FALSE,0,0,0,0,0,0,0
2026-05-27T18:00:00Z,backend-api,0,0,0,0,0,0,FALSE,0,0,0,0,0,0,0
2026-05-27T18:15:00Z,backend-api,0,0,0,0,0,0,FALSE,0,0,0,0,0,0,0
2026-05-27T18:30:00Z,backend-api,0,0,0,0,0,0,FALSE,0,0,0,0,0,0,0
2026-05-27T18:45:00Z,backend-api,0,0,0,0,0,0,FALSE,0,0,0,0,0,0,0
2026-05-27T19:00:00Z,backend-api,0,0,0,0,0,0,FALSE,0,0,0,0,0,0,0
2026-05-27T19:15:00Z,backend-api,0,0,0,0,0,0,FALSE,0,0,0,0,0,0,0
2026-05-27T19:30:00Z,backend-api,0,0,0,0,0,0,FALSE,0,0,0,0,0,0,0
2026-05-27T19:45:00Z,backend-api,0,0,0,0,0,0,FALSE,0,0,0,0,0,0,0
2026-05-27T20:00:00Z,backend-api,0,0,0,0,0,0,FALSE,0,0,0,0,0,0,0
2026-05-27T20:15:00Z,backend-api,0,0,0,0,0,0,FALSE,0,0,0,0,0,0,0
2026-05-27T20:30:00Z,backend-api,0,0,0,0,0,0,FALSE,0,0,0,0,0,0,0
2026-05-27T20:45:00Z,backend-api,0,0,0,0,0,0,FALSE,0,0,0,0,0,0,0
2026-05-27T21:00:00Z,backend-api,0,0,0,0,0,0,FALSE,0,0,0,0,0,0,0
2026-05-27T21:15:00Z,backend-api,0,0,0,0,0,0,FALSE,0,0,0,0,0,0,0
2026-05-27T21:30:00Z,backend-api,0,0,0,0,0,0,FALSE,0,0,0,0,0,0,0
2026-05-27T21:45:00Z,backend-api,0,0,0,0,0,0,FALSE,0,0,0,0,0,0,0
2026-05-27T22:00:00Z,backend-api,0,0,0,0,0,0,FALSE,0,0,0,0,0,0,0
2026-05-27T22:15:00Z,backend-api,0,0,0,0,0,0,FALSE,0,0,0,0,0,0,0
2026-05-27T22:30:00Z,backend-api,0,0,0,0,0,0,FALSE,0,0,0,0,0,0,0
2026-05-27T22:45:00Z,backend-api,0,0,0,0,0,0,FALSE,0,0,0,0,0,0,0
2026-05-27T23:00:00Z,backend-api,0,0,0,0,0,0,FALSE,0,0,0,0,0,0,0
2026-05-27T23:15:00Z,backend-api,0,0,0,0,0,0,FALSE,0,0,0,0,0,0,0
2026-05-27T23:30:00Z,backend-api,0,0,0,0,0,0,FALSE,0,0,0,0,0,0,0
2026-05-27T23:45:00Z,backend-api,0,0,0,0,0,0,FALSE,0,0,0,0,0,0,0
2026-05-28T00:00:00Z,backend-api,0,0,0,0,0,0,FALSE,0,0,0,0,0,0,0
2026-05-28T00:15:00Z,backend-api,0,0,0,0,0,0,FALSE,0,0,0,0,0,0,0
2026-05-28T00:30:00Z,backend-api,0,0,0,0,0,0,FALSE,0,0,0,0,0,0,0
2026-05-28T00:45:00Z,backend-api,0,0,0,0,0,0,FALSE,0,0,0,0,0,0,0
2026-05-28T01:00:00Z,backend-api,0,0,0,0,0,0,FALSE,0,0,0,0,0,0,0
2026-05-28T01:15:00Z,backend-api,0,0,0,0,0,0,FALSE,0,0,0,0,0,0,0
2026-05-28T01:30:00Z,backend-api,0,0,0,0,0,0,FALSE,0,0,0,0,0,0,0
2026-05-28T01:45:00Z,backend-api,0,0,0,0,0,0,FALSE,0,0,0,0,0,0,0
2026-05-28T02:00:00Z,backend-api,0,0,0,0,0,0,FALSE,0,0,0,0,0,0,0
2026-05-28T02:15:00Z,backend-api,0,0,0,0,0,0,FALSE,0,0,0,0,0,0,0
2026-05-28T02:30:00Z,backend-api,0,0,0,0,0,0,FALSE,0,0,0,0,0,0,0
2026-05-28T02:45:00Z,backend-api,0,0,0,0,0,0,FALSE,0,0,0,0,0,0,0
2026-05-28T03:00:00Z,backend-api,0,0,0,0,0,0,FALSE,0,0,0,0,0,0,0
2026-05-28T03:15:00Z,backend-api,0,0,0,0,0,0,FALSE,0,0,0,0,0,0,0
2026-05-28T03:30:00Z,backend-api,0,0,0,0,0,0,FALSE,0,0,0,0,0,0,0
2026-05-28T03:45:00Z,backend-api,0,0,0,0,0,0,FALSE,0,0,0,0,0,0,0
2026-05-28T04:00:00Z,backend-api,0,0,0,0,0,0,FALSE,0,0,0,0,0,0,0
2026-05-28T04:15:00Z,backend-api,0,0,0,0,0,0,FALSE,0,0,0,0,0,0,0
2026-05-28T04:30:00Z,backend-api,0,0,0,0,0,0,FALSE,0,0,0,0,0,0,0
2026-05-28T04:45:00Z,backend-api,0,0,0,0,0,0,FALSE,0,0,0,0,0,0,0
2026-05-28T05:00:00Z,backend-api,0,0,0,0,0,0,FALSE,0,0,0,0,0,0,0
2026-05-28T05:15:00Z,backend-api,0,0,0,0,0,0,FALSE,0,0,0,0,0,0,0
2026-05-28T05:30:00Z,backend-api,0,0,0,0,0,0,FALSE,0,0,0,0,0,0,0
2026-05-28T05:45:00Z,backend-api,0,0,0,0,0,0,FALSE,0,0,0,0,0,0,0
2026-05-28T06:00:00Z,backend-api,0,0,0,0,0,0,FALSE,0,0,0,0,0,0,0
2026-05-28T06:15:00Z,backend-api,0,0,0,0,0,0,FALSE,0,0,0,0,0,0,0
2026-05-28T06:30:00Z,backend-api,0,0,0,0,0,0,FALSE,0,0,0,0,0,0,0
2026-05-28T06:45:00Z,backend-api,0,0,0,0,0,0,FALSE,0,0,0,0,0,0,0
2026-05-28T07:00:00Z,backend-api,0,0,0,0,0,0,FALSE,0,0,0,0,0,0,0
2026-05-28T07:15:00Z,backend-api,0,0,0,0,0,0,FALSE,0,0,0,0,0,0,0
2026-05-28T07:30:00Z,backend-api,0,0,0,0,0,0,FALSE,0,0,0,0,0,0,0
2026-05-28T07:45:00Z,backend-api,0,0,0,0,0,0,FALSE,0,0,0,0,0,0,0
2026-05-28T08:00:00Z,backend-api,0,0,0,0,0,0,FALSE,0,0,0,0,0,0,0
2026-05-28T08:15:00Z,backend-api,0,0,0,0,0,0,FALSE,0,0,0,0,0,0,0
2026-05-28T08:30:00Z,backend-api,0,0,0,0,0,0,FALSE,0,0,0,0,0,0,0
2026-05-28T08:45:00Z,backend-api,0,0,0,0,0,0,FALSE,0,0,0,0,0,0,0
2026-05-28T09:00:00Z,backend-api,0,0,0,0,0,0,FALSE,0,0,0,0,0,0,0
2026-05-28T09:15:00Z,backend-api,0,0,0,0,0,0,FALSE,0,0,0,0,0,0,0
2026-05-28T09:30:00Z,backend-api,0,0,0,0,0,0,FALSE,0,0,0,0,0,0,0
2026-05-28T09:45:00Z,backend-api,0,0,0,0,0,0,FALSE,0,0,0,0,0,0,0
2026-05-28T10:00:00Z,backend-api,0,0,0,0,0,0,FALSE,0,0,0,0,0,0,0
2026-05-28T10:15:00Z,backend-api,0,0,0,0,0,0,FALSE,0,0,0,0,0,0,0
2026-05-28T10:30:00Z,backend-api,0,0,0,0,0,0,FALSE,0,0,0,0,0,0,0
2026-05-28T10:45:00Z,backend-api,0,0,0,0,0,0,FALSE,0,0,0,0,0,0,0
2026-05-28T11:00:00Z,backend-api,0,0,0,0,0,0,FALSE,0,0,0,0,0,0,0
2026-05-28T11:15:00Z,backend-api,0,0,0,0,0,0,FALSE,0,0,0,0,0,0,0
2026-05-28T11:30:00Z,backend-api,0,0,0,0,0,0,FALSE,0,0,0,0,0,0,0
2026-05-28T11:45:00Z,backend-api,0,0,0,0,0,0,FALSE,0,0,0,0,0,0,0
2026-05-28T12:00:00Z,backend-api,0,0,0,0,0,0,FALSE,0,0,0,0,0,0,0
2026-05-28T12:15:00Z,backend-api,0,0,0,0,0,0,FALSE,0,0,0,0,0,0,0
2026-05-28T12:30:00Z,backend-api,0,0,0,0,0,0,FALSE,0,0,0,0,0,0,0
2026-05-28T12:45:00Z,backend-api,0,0,0,0,0,0,FALSE,0,0,0,0,0,0,0
2026-05-28T13:00:00Z,backend-api,0,0,0,0,0,0,FALSE,0,0,0,0,0,0,0
2026-05-28T13:15:00Z,backend-api,0,0,0,0,0,0,FALSE,0,0,0,0,0,0,0
2026-05-28T13:30:00Z,backend-api,0,0,0,0,0,0,FALSE,0,0,0,0,0,0,0
2026-05-28T13:45:00Z,backend-api,0,0,0,0,0,0,FALSE,0,0,0,0,0,0,0
2026-05-28T14:00:00Z,backend-api,0,0,0,0,0,0,FALSE,0,0,0,0,0,0,0
2026-05-28T14:15:00Z,backend-api,0,0,0,0,0,0,FALSE,0,0,0,0,0,0,0
2026-05-28T14:30:00Z,backend-api,0,0,0,0,0,0,FALSE,0,0,0,0,0,0,0
2026-05-28T14:45:00Z,backend-api,0,0,0,0,0,0,FALSE,0,0,0,0,0,0,0
2026-05-28T15:00:00Z,backend-api,0,0,0,0,0,0,FALSE,0,0,0,0,0,0,0
2026-05-28T15:15:00Z,backend-api,0,0,0,0,0,0,FALSE,0,0,0,0,0,0,0
2026-05-28T15:30:00Z,backend-api,0,0,0,0,0,0,FALSE,0,0,0,0,0,0,0
2026-05-28T15:45:00Z,backend-api,0,0,0,0,0,0,FALSE,0,0,0,0,0,0,0
2026-05-28T16:00:00Z,backend-api,0,0,0,0,0,0,FALSE,0,0,0,0,0,0,0
2026-05-28T16:15:00Z,backend-api,0,0,0,0,0,0,FALSE,0,0,0,0,0,0,0
2026-05-28T16:30:00Z,backend-api,0,0,0,0,0,0,FALSE,0,0,0,0,0,0,0
2026-05-28T16:45:00Z,backend-api,0,0,0,0,0,0,FALSE,0,0,0,0,0,0,0
2026-05-28T17:00:00Z,backend-api,0,0,0,0,0,0,FALSE,0,0,0,0,0,0,0
2026-05-28T17:15:00Z,backend-api,0,0,0,0,0,0,FALSE,0,0,0,0,0,0,0
2026-05-28T17:30:00Z,backend-api,0,0,0,0,0,0,FALSE,0,0,0,0,0,0,0
2026-05-28T17:45:00Z,backend-api,0,0,0,0,0,0,FALSE,0,0,0,0,0,0,0
2026-05-28T18:00:00Z,backend-api,0,0,0,0,0,0,FALSE,0,0,0,0,0,0,0
2026-05-28T18:15:00Z,backend-api,0,0,0,0,0,0,FALSE,0,0,0,0,0,0,0
2026-05-28T18:30:00Z,backend-api,0,0,0,0,0,0,FALSE,0,0,0,0,0,0,0
2026-05-28T18:45:00Z,backend-api,0,0,0,0,0,0,FALSE,0,0,0,0,0,0,0
2026-05-28T19:00:00Z,backend-api,0,0,0,0,0,0,FALSE,0,0,0,0,0,0,0
2026-05-28T19:15:00Z,backend-api,0,0,0,0,0,0,FALSE,0,0,0,0,0,0,0
2026-05-28T19:30:00Z,backend-api,0,0,0,0,0,0,FALSE,0,0,0,0,0,0,0
2026-05-28T19:45:00Z,backend-api,0,0,0,0,0,0,FALSE,0,0,0,0,0,0,0
2026-05-28T20:00:00Z,backend-api,0,0,0,0,0,0,FALSE,0,0,0,0,0,0,0
2026-05-28T20:15:00Z,backend-api,0,0,0,0,0,0,FALSE,0,0,0,0,0,0,0
2026-05-28T20:30:00Z,backend-api,0,0,0,0,0,0,FALSE,0,0,0,0,0,0,0
2026-05-28T20:45:00Z,backend-api,0,0,0,0,0,0,FALSE,0,0,0,0,0,0,0
2026-05-28T21:00:00Z,backend-api,0,0,0,0,0,0,FALSE,0,0,0,0,0,0,0
2026-05-28T21:15:00Z,backend-api,0,0,0,0,0,0,FALSE,0,0,0,0,0,0,0
2026-05-28T21:30:00Z,backend-api,0,0,0,0,0,0,FALSE,0,0,0,0,0,0,0
2026-05-28T21:45:00Z,backend-api,0,0,0,0,0,0,FALSE,0,0,0,0,0,0,0
2026-05-28T22:00:00Z,backend-api,0,0,0,0,0,0,FALSE,0,0,0,0,0,0,0
2026-05-28T22:15:00Z,backend-api,0,0,0,0,0,0,FALSE,0,0,0,0,0,0,0
2026-05-28T22:30:00Z,backend-api,0,0,0,0,0,0,FALSE,0,0,0,0,0,0,0
2026-05-28T22:45:00Z,backend-api,0,0,0,0,0,0,FALSE,0,0,0,0,0,0,0
2026-05-28T23:00:00Z,backend-api,0,0,0,0,0,0,FALSE,0,0,0,0,0,0,0
2026-05-28T23:15:00Z,backend-api,0,0,0,0,0,0,FALSE,0,0,0,0,0,0,0
2026-05-28T23:30:00Z,backend-api,0,0,0,0,0,0,FALSE,0,0,0,0,0,0,0
2026-05-28T23:45:00Z,backend-api,0,0,0,0,0,0,FALSE,0,0,0,0,0,0,0
2026-05-29T00:00:00Z,backend-api,0,0,0,0,0,0,FALSE,0,0,0,0,0,0,0
2026-05-29T00:15:00Z,backend-api,0,0,0,0,0,0,FALSE,0,0,0,0,0,0,0
2026-05-29T00:30:00Z,backend-api,0,0,0,0,0,0,FALSE,0,0,0,0,0,0,0
2026-05-29T00:45:00Z,backend-api,0,0,0,0,0,0,FALSE,0,0,0,0,0,0,0
2026-05-29T01:00:00Z,backend-api,0,0,0,0,0,0,FALSE,0,0,0,0,0,0,0
2026-05-29T01:15:00Z,backend-api,0,0,0,0,0,0,FALSE,0,0,0,0,0,0,0
2026-05-29T01:30:00Z,backend-api,0,0,0,0,0,0,FALSE,0,0,0,0,0,0,0
2026-05-29T01:45:00Z,backend-api,0,0,0,0,0,0,FALSE,0,0,0,0,0,0,0
2026-05-29T02:00:00Z,backend-api,0,0,0,0,0,0,FALSE,0,0,0,0,0,0,0
2026-05-29T02:15:00Z,backend-api,0,0,0,0,0,0,FALSE,0,0,0,0,0,0,0
2026-05-29T02:30:00Z,backend-api,0,0,0,0,0,0,FALSE,0,0,0,0,0,0,0
2026-05-29T02:45:00Z,backend-api,0,0,0,0,0,0,FALSE,0,0,0,0,0,0,0
2026-05-29T03:00:00Z,backend-api,0,0,0,0,0,0,FALSE,0,0,0,0,0,0,0
2026-05-29T03:15:00Z,backend-api,0,0,0,0,0,0,FALSE,0,0,0,0,0,0,0
2026-05-29T03:30:00Z,backend-api,0,0,0,0,0,0,FALSE,0,0,0,0,0,0,0
2026-05-29T03:45:00Z,backend-api,0,0,0,0,0,0,FALSE,0,0,0,0,0,0,0
2026-05-29T04:00:00Z,backend-api,0,0,0,0,0,0,FALSE,0,0,0,0,0,0,0
2026-05-29T04:15:00Z,backend-api,0,0,0,0,0,0,FALSE,0,0,0,0,0,0,0
2026-05-29T04:30:00Z,backend-api,0,0,0,0,0,0,FALSE,0,0,0,0,0,0,0
2026-05-29T04:45:00Z,backend-api,0,0,0,0,0,0,FALSE,0,0,0,0,0,0,0
2026-05-29T05:00:00Z,backend-api,0,0,0,0,0,0,FALSE,0,0,0,0,0,0,0
2026-05-29T05:15:00Z,backend-api,0,0,0,0,0,0,FALSE,0,0,0,0,0,0,0
2026-05-29T05:30:00Z,backend-api,0,0,0,0,0,0,FALSE,0,0,0,0,0,0,0
2026-05-29T05:45:00Z,backend-api,0,0,0,0,0,0,FALSE,0,0,0,0,0,0,0
2026-05-29T06:00:00Z,backend-api,0,0,0,0,0,0,FALSE,0,0,0,0,0,0,0
2026-05-29T06:15:00Z,backend-api,0,0,0,0,0,0,FALSE,0,0,0,0,0,0,0
2026-05-29T06:30:00Z,backend-api,0,0,0,0,0,0,FALSE,0,0,0,0,0,0,0
2026-05-29T06:45:00Z,backend-api,0,0,0,0,0,0,FALSE,0,0,0,0,0,0,0
2026-05-29T07:00:00Z,backend-api,0,0,0,0,0,0,FALSE,0,0,0,0,0,0,0
2026-05-29T07:15:00Z,backend-api,0,0,0,0,0,0,FALSE,0,0,0,0,0,0,0
2026-05-29T07:30:00Z,backend-api,0,0,0,0,0,0,FALSE,0,0,0,0,0,0,0
2026-05-29T07:45:00Z,backend-api,0,0,0,0,0,0,FALSE,0,0,0,0,0,0,0
2026-05-29T08:00:00Z,backend-api,0,0,0,0,0,0,FALSE,0,0,0,0,0,0,0
2026-05-29T08:15:00Z,backend-api,0,0,0,0,0,0,FALSE,0,0,0,0,0,0,0
2026-05-29T08:30:00Z,backend-api,0,0,0,0,0,0,FALSE,0,0,0,0,0,0,0
2026-05-29T08:45:00Z,backend-api,0,0,0,0,0,0,FALSE,0,0,0,0,0,0,0
2026-05-16T08:45:00Z,protocol-server,0,0,0,0,0,0,FALSE,0,0,0,0,0,0,0
2026-05-16T09:00:00Z,protocol-server,0,0,0,0,0,0,FALSE,0,0,0,0,0,0,0
2026-05-16T09:15:00Z,protocol-server,0,0,0,0,0,0,FALSE,0,0,0,0,0,0,0
2026-05-16T09:30:00Z,protocol-server,0,0,0,0,0,0,FALSE,0,0,0,0,0,0,0
2026-05-16T09:45:00Z,protocol-server,0,0,0,0,0,0,FALSE,0,0,0,0,0,0,0
2026-05-16T10:00:00Z,protocol-server,0,0,0,0,0,0,FALSE,0,0,0,0,0,0,0
2026-05-16T10:15:00Z,protocol-server,0,0,0,0,0,0,FALSE,0,0,0,0,0,0,0
2026-05-16T10:30:00Z,protocol-server,0,0,0,0,0,0,FALSE,0,0,0,0,0,0,0
2026-05-16T10:45:00Z,protocol-server,0,0,0,0,0,0,FALSE,0,0,0,0,0,0,0
2026-05-16T11:00:00Z,protocol-server,0,0,0,0,0,0,FALSE,0,0,0,0,0,0,0
2026-05-16T11:15:00Z,protocol-server,0,0,0,0,0,0,FALSE,0,0,0,0,0,0,0
2026-05-16T11:30:00Z,protocol-server,0,0,0,0,0,0,FALSE,0,0,0,0,0,0,0
2026-05-16T11:45:00Z,protocol-server,0,0,0,0,0,0,FALSE,0,0,0,0,0,0,0
2026-05-16T12:00:00Z,protocol-server,0,0,0,0,0,0,FALSE,0,0,0,0,0,0,0
2026-05-16T12:15:00Z,protocol-server,0,0,0,0,0,0,FALSE,0,0,0,0,0,0,0
2026-05-16T12:30:00Z,protocol-server,0,0,0,0,0,0,FALSE,0,0,0,0,0,0,0
2026-05-16T12:45:00Z,protocol-server,0,0,0,0,0,0,FALSE,0,0,0,0,0,0,0
2026-05-16T13:00:00Z,protocol-server,0,0,0,0,0,0,FALSE,0,0,0,0,0,0,0
2026-05-16T13:15:00Z,protocol-server,0,0,0,0,0,0,FALSE,0,0,0,0,0,0,0
2026-05-16T13:30:00Z,protocol-server,0,0,0,0,0,0,FALSE,0,0,0,0,0,0,0
2026-05-16T13:45:00Z,protocol-server,0,0,0,0,0,0,FALSE,0,0,0,0,0,0,0
2026-05-16T14:00:00Z,protocol-server,0,0,0,0,0,0,FALSE,0,0,0,0,0,0,0
2026-05-16T14:15:00Z,protocol-server,0,0,0,0,0,0,FALSE,0,0,0,0,0,0,0
2026-05-16T14:30:00Z,protocol-server,0,0,0,0,0,0,FALSE,0,0,0,0,0,0,0
2026-05-16T14:45:00Z,protocol-server,0,0,0,0,0,0,FALSE,0,0,0,0,0,0,0
2026-05-16T15:00:00Z,protocol-server,0,0,0,0,0,0,FALSE,0,0,0,0,0,0,0
2026-05-16T15:15:00Z,protocol-server,0,0,0,0,0,0,FALSE,0,0,0,0,0,0,0
2026-05-16T15:30:00Z,protocol-server,0,0,0,0,0,0,FALSE,0,0,0,0,0,0,0
2026-05-16T15:45:00Z,protocol-server,0,0,0,0,0,0,FALSE,0,0,0,0,0,0,0
2026-05-16T16:00:00Z,protocol-server,0,0,0,0,0,0,FALSE,0,0,0,0,0,0,0
2026-05-16T16:15:00Z,protocol-server,0,0,0,0,0,0,FALSE,0,0,0,0,0,0,0
2026-05-16T16:30:00Z,protocol-server,0,0,0,0,0,0,FALSE,0,0,0,0,0,0,0
2026-05-16T16:45:00Z,protocol-server,0,0,0,0,0,0,FALSE,0,0,0,0,0,0,0
2026-05-16T17:00:00Z,protocol-server,0,0,0,0,0,0,FALSE,0,0,0,0,0,0,0
2026-05-16T17:15:00Z,protocol-server,12,12,12,1,0,4325,FALSE,1,12,1,0,0.001201388888888889,0.001201388888888889,48
2026-05-16T17:30:00Z,protocol-server,16920,16920,16380,94,3,489180,FALSE,1,16932,95,3,0.13588333333333333,0.1370847222222222,67680
2026-05-16T17:45:00Z,protocol-server,80484,80484,11712,449,383,911018,FALSE,1,97416,544,386,0.25306055555555557,0.39014527777777774,321936
2026-05-16T18:00:00Z,protocol-server,155544,155544,0,866,866,901960,FALSE,1,252960,1410,1252,0.25054444444444446,0.6406897222222222,622176
2026-05-16T18:15:00Z,protocol-server,27012,27012,24492,151,14,905801,FALSE,1,279972,1561,1266,0.2516113888888889,0.8923011111111111,108048
2026-05-16T18:30:00Z,protocol-server,24660,24660,24120,137,3,894863,FALSE,1,304632,1698,1269,0.24857305555555556,1.1408741666666666,98640
2026-05-16T18:45:00Z,protocol-server,25380,25380,25380,141,0,909024,FALSE,1,330012,1839,1269,0.25250666666666666,1.3933808333333333,101520
2026-05-16T19:00:00Z,protocol-server,23580,23580,23580,131,0,899690,FALSE,1,353592,1970,1269,0.24991388888888888,1.643294722222222,94320
2026-05-16T19:15:00Z,protocol-server,33300,33300,22500,185,60,897266,FALSE,1,386892,2155,1329,0.24924055555555555,1.8925352777777775,133200
2026-05-16T19:30:00Z,protocol-server,25020,25020,24660,139,2,900420,FALSE,1,411912,2294,1331,0.25011666666666665,2.1426519444444443,100080
2026-05-16T19:45:00Z,protocol-server,25740,25740,25740,143,0,901156,FALSE,1,437652,2437,1331,0.2503211111111111,2.3929730555555553,102960
2026-05-16T20:00:00Z,protocol-server,12240,12240,12240,68,0,899090,FALSE,1,449892,2505,1331,0.24974722222222223,2.6427202777777774,48960
2026-05-16T20:15:00Z,protocol-server,27720,27720,20700,154,39,895539,FALSE,1,477612,2659,1370,0.24876083333333332,2.8914811111111107,110880
2026-05-16T20:30:00Z,protocol-server,25020,25020,25020,139,0,901610,FALSE,1,502632,2798,1370,0.2504472222222222,3.141928333333333,100080
2026-05-16T20:45:00Z,protocol-server,27540,27540,27540,153,0,902129,FALSE,1,530172,2951,1370,0.2505913888888889,3.3925197222222216,110160
2026-05-16T21:00:00Z,protocol-server,25560,25560,25200,142,2,898404,FALSE,1,555732,3093,1372,0.24955666666666668,3.6420763888888885,102240
2026-05-16T21:15:00Z,protocol-server,174420,174420,11160,969,907,899914,FALSE,1,730152,4062,2279,0.24997611111111112,3.8920524999999997,697680
2026-05-16T21:30:00Z,protocol-server,125460,125460,17820,697,598,898992,FALSE,1,855612,4759,2877,0.24972,4.1417725,501840
2026-05-16T21:45:00Z,protocol-server,253980,253980,0,1411,1411,897768,FALSE,1,1109592,6170,4288,0.24938,4.3911525000000005,1015920
2026-05-16T22:00:00Z,protocol-server,297900,297900,0,1655,1655,897841,FALSE,1,1407492,7825,5943,0.2494002777777778,4.640552777777779,1191600
2026-05-16T22:15:00Z,protocol-server,255240,255240,0,1418,1418,898210,FALSE,1,1662732,9243,7361,0.24950277777777777,4.8900555555555565,1020960
2026-05-16T22:30:00Z,protocol-server,282780,282780,0,1571,1571,897754,FALSE,1,1945512,10814,8932,0.2493761111111111,5.139431666666668,1131120
2026-05-16T22:45:00Z,protocol-server,279720,279720,0,1554,1554,898077,FALSE,1,2225232,12368,10486,0.24946583333333333,5.3888975000000015,1118880
2026-05-16T23:00:00Z,protocol-server,279540,279540,0,1553,1553,897671,FALSE,1,2504772,13921,12039,0.24935305555555556,5.638250555555557,1118160
2026-05-16T23:15:00Z,protocol-server,281160,281160,0,1562,1562,898074,FALSE,1,2785932,15483,13601,0.249465,5.887715555555557,1124640
2026-05-16T23:30:00Z,protocol-server,282420,282420,0,1569,1569,897773,FALSE,1,3068352,17052,15170,0.2493813888888889,6.137096944444446,1129680
2026-05-16T23:45:00Z,protocol-server,279360,279360,0,1552,1552,897607,FALSE,1,3347712,18604,16722,0.24933527777777778,6.386432222222224,1117440
2026-05-17T00:00:00Z,protocol-server,236353,236353,3960,1314,1292,897526,FALSE,1,3584065,19918,18014,0.24931277777777777,6.635745000000002,945412
2026-05-17T00:15:00Z,protocol-server,20880,20880,20520,116,2,894560,FALSE,1,3604945,20034,18016,0.2484888888888889,6.8842338888888905,83520
2026-05-17T00:30:00Z,protocol-server,22680,22680,21600,126,6,904744,FALSE,1,3627625,20160,18022,0.25131777777777775,7.135551666666668,90720
2026-05-17T00:45:00Z,protocol-server,17640,17640,17280,98,2,891201,FALSE,1,3645265,20258,18024,0.24755583333333334,7.383107500000001,70560
2026-05-17T01:00:00Z,protocol-server,24133,24133,23773,135,2,909959,FALSE,1,3669398,20393,18026,0.2527663888888889,7.63587388888889,96532
2026-05-17T01:15:00Z,protocol-server,25457,25457,25277,144,1,921839,FALSE,1,3694855,20537,18027,0.2560663888888889,7.8919402777777785,101828
2026-05-17T01:30:00Z,protocol-server,22153,22153,21793,124,2,890714,FALSE,1,3717008,20661,18029,0.24742055555555556,8.139360833333335,88612
2026-05-17T01:45:00Z,protocol-server,15660,15660,14940,87,4,918169,FALSE,1,3732668,20748,18033,0.2550469444444444,8.39440777777778,62640
2026-05-17T02:00:00Z,protocol-server,26294,26294,26294,148,0,905135,FALSE,1,3758962,20896,18033,0.2514263888888889,8.645834166666669,105176
2026-05-17T02:15:00Z,protocol-server,24133,24133,24133,135,0,909717,FALSE,1,3783095,21031,18033,0.25269916666666664,8.898533333333335,96532
2026-05-17T02:30:00Z,protocol-server,26653,26653,26653,149,0,906574,FALSE,1,3809748,21180,18033,0.2518261111111111,9.150359444444446,106612
2026-05-17T02:45:00Z,protocol-server,15313,15313,15313,86,0,928518,FALSE,1,3825061,21266,18033,0.25792166666666666,9.408281111111112,61252
2026-05-17T03:00:00Z,protocol-server,24673,24673,24133,138,3,899048,FALSE,1,3849734,21404,18036,0.24973555555555554,9.658016666666667,98692
2026-05-17T03:15:00Z,protocol-server,25560,25560,25200,142,2,898418,FALSE,1,3875294,21546,18038,0.24956055555555556,9.907577222222223,102240
2026-05-17T03:30:00Z,protocol-server,25933,25933,25933,145,0,914290,FALSE,1,3901227,21691,18038,0.25396944444444447,10.161546666666666,103732
2026-05-17T03:45:00Z,protocol-server,12780,12780,12780,71,0,900251,FALSE,1,3914007,21762,18038,0.25006972222222223,10.411616388888888,51120
2026-05-17T04:00:00Z,protocol-server,23246,23246,23246,131,0,908408,FALSE,1,3937253,21893,18038,0.25233555555555554,10.663951944444443,92984
2026-05-17T04:15:00Z,protocol-server,21986,21986,21446,124,3,917233,FALSE,1,3959239,22017,18041,0.25478694444444444,10.918738888888887,87944
2026-05-17T04:30:00Z,protocol-server,20366,20366,20366,115,0,916686,FALSE,1,3979605,22132,18041,0.254635,11.173373888888888,81464
2026-05-17T04:45:00Z,protocol-server,19080,19080,19080,106,0,904542,FALSE,1,3998685,22238,18041,0.25126166666666666,11.424635555555554,76320
2026-05-17T05:00:00Z,protocol-server,31860,31860,31860,177,0,897965,FALSE,1,4030545,22415,18041,0.2494347222222222,11.674070277777776,127440
2026-05-17T05:15:00Z,protocol-server,26306,26306,26306,148,0,907053,FALSE,1,4056851,22563,18041,0.2519591666666667,11.926029444444444,105224
2026-05-17T05:30:00Z,protocol-server,23580,23580,23580,131,0,904687,FALSE,1,4080431,22694,18041,0.2513019444444444,12.177331388888888,94320
2026-05-17T05:45:00Z,protocol-server,26139,26139,25779,148,2,924851,FALSE,1,4106570,22842,18043,0.25690305555555554,12.434234444444444,104556
2026-05-17T06:00:00Z,protocol-server,32413,32413,32413,181,0,903393,FALSE,1,4138983,23023,18043,0.2509425,12.685176944444445,129652
2026-05-17T06:15:00Z,protocol-server,34946,34946,34946,196,0,911395,FALSE,1,4173929,23219,18043,0.25316527777777775,12.938342222222222,139784
2026-05-17T06:30:00Z,protocol-server,38160,38160,37800,212,2,895154,FALSE,1,4212089,23431,18045,0.2486538888888889,13.18699611111111,152640
2026-05-17T06:45:00Z,protocol-server,33326,33326,26306,187,39,915662,FALSE,1,4245415,23618,18084,0.2543505555555556,13.441346666666666,133304
2026-05-17T07:00:00Z,protocol-server,27746,27746,27746,156,0,915338,FALSE,1,4273161,23774,18084,0.25426055555555555,13.695607222222222,110984
2026-05-17T07:15:00Z,protocol-server,27720,27720,27720,154,0,898498,FALSE,1,4300881,23928,18084,0.24958277777777776,13.94519,110880
2026-05-17T07:30:00Z,protocol-server,30986,30986,30986,174,0,907217,FALSE,1,4331867,24102,18084,0.2520047222222222,14.197194722222223,123944
2026-05-17T07:45:00Z,protocol-server,29726,29726,29726,167,0,913852,FALSE,1,4361593,24269,18084,0.2538477777777778,14.451042500000002,118904
2026-05-17T08:00:00Z,protocol-server,53640,53640,22500,298,173,897470,FALSE,1,4415233,24567,18257,0.24929722222222223,14.700339722222223,214560
2026-05-17T08:15:00Z,protocol-server,41426,41426,41426,232,0,904997,FALSE,1,4456659,24799,18257,0.25138805555555555,14.951727777777778,165704
2026-05-17T08:30:00Z,protocol-server,29392,29392,29392,167,0,920875,FALSE,1,4486051,24966,18257,0.25579861111111113,15.207526388888889,117568
2026-05-17T08:45:00Z,protocol-server,97740,97740,16560,543,451,898517,FALSE,1,4583791,25509,18708,0.24958805555555555,15.457114444444445,390960
2026-05-17T09:00:00Z,protocol-server,172106,172106,26,958,956,907070,FALSE,1,4755897,26467,19664,0.2519638888888889,15.709078333333334,688424
2026-05-17T09:15:00Z,protocol-server,101726,101726,26,567,565,906718,FALSE,1,4857623,27034,20229,0.2518661111111111,15.960944444444445,406904
2026-05-17T09:30:00Z,protocol-server,179640,179640,0,998,998,898561,FALSE,1,5037263,28032,21227,0.24960027777777777,16.210544722222224,718560
2026-05-17T09:45:00Z,protocol-server,176053,176053,13,979,978,895988,FALSE,1,5213316,29011,22205,0.24888555555555555,16.45943027777778,704212
2026-05-17T10:00:00Z,protocol-server,158066,158066,26,880,878,907660,FALSE,1,5371382,29891,23083,0.2521277777777778,16.711558055555557,632264
2026-05-17T10:15:00Z,protocol-server,158953,158953,13,884,883,902122,FALSE,1,5530335,30775,23966,0.2505894444444444,16.9621475,635812
2026-05-17T10:30:00Z,protocol-server,156819,156819,39,874,871,909396,FALSE,1,5687154,31649,24837,0.25261,17.2147575,627276
2026-05-17T10:45:00Z,protocol-server,154800,154800,0,860,860,899066,FALSE,1,5841954,32509,25697,0.24974055555555555,17.464498055555556,619200
2026-05-17T11:00:00Z,protocol-server,154479,154479,39,861,858,917470,FALSE,1,5996433,33370,26555,0.25485277777777776,17.719350833333333,617916
2026-05-17T11:15:00Z,protocol-server,35859,35859,25599,202,57,877327,FALSE,1,6032292,33572,26612,0.24370194444444446,17.96305277777778,143436
2026-05-17T11:30:00Z,protocol-server,41966,41966,41966,235,0,910243,FALSE,1,6074258,33807,26612,0.25284527777777777,18.215898055555556,167864
2026-05-17T11:45:00Z,protocol-server,29379,29379,29379,166,0,914597,FALSE,1,6103637,33973,26612,0.2540547222222222,18.469952777777777,117516
2026-05-17T12:00:00Z,protocol-server,38880,38880,38880,216,0,898894,FALSE,1,6142517,34189,26612,0.2496927777777778,18.719645555555555,155520
2026-05-17T12:15:00Z,protocol-server,33120,33120,33120,184,0,895781,FALSE,1,6175637,34373,26612,0.24882805555555557,18.96847361111111,132480
2026-05-17T12:30:00Z,protocol-server,31539,31539,31539,178,0,916000,FALSE,1,6207176,34551,26612,0.2544444444444444,19.222918055555557,126156
2026-05-17T12:45:00Z,protocol-server,34046,34046,34046,191,0,915918,FALSE,1,6241222,34742,26612,0.25442166666666666,19.477339722222222,136184
2026-05-17T13:00:00Z,protocol-server,37260,37260,37260,207,0,900595,FALSE,1,6278482,34949,26612,0.25016527777777775,19.727505,149040
2026-05-17T13:15:00Z,protocol-server,30639,30639,30639,173,0,918655,FALSE,1,6309121,35122,26612,0.2551819444444444,19.982686944444445,122556
2026-05-17T13:30:00Z,protocol-server,3986,3986,3446,24,3,117101,FALSE,1,6313107,35146,26615,0.03252805555555555,20.015215,15944
2026-05-17T13:45:00Z,protocol-server,0,0,0,0,0,0,FALSE,0,6313107,35146,26615,0,20.015215,0
2026-05-17T14:00:00Z,protocol-server,26,26,26,2,0,36561,FALSE,1,6313133,35148,26615,0.010155833333333333,20.025370833333334,104
2026-05-17T14:15:00Z,protocol-server,13,13,13,1,0,4483,FALSE,1,6313146,35149,26615,0.0012452777777777779,20.02661611111111,52
2026-05-17T14:30:00Z,protocol-server,333,333,333,3,0,12493,FALSE,1,6313479,35152,26615,0.003470277777777778,20.03008638888889,1332
2026-05-17T14:45:00Z,protocol-server,26,26,26,2,0,8805,FALSE,1,6313505,35154,26615,0.0024458333333333333,20.032532222222223,104
2026-05-17T15:00:00Z,protocol-server,26,26,26,2,0,10400,FALSE,1,6313531,35156,26615,0.0028888888888888888,20.035421111111113,104
2026-05-17T15:15:00Z,protocol-server,0,0,0,0,0,0,FALSE,0,6313531,35156,26615,0,20.035421111111113,0
2026-05-17T15:30:00Z,protocol-server,26,26,26,2,0,7044,FALSE,1,6313557,35158,26615,0.0019566666666666665,20.03737777777778,104
2026-05-17T15:45:00Z,protocol-server,26,26,26,2,0,13919,FALSE,1,6313583,35160,26615,0.003866388888888889,20.04124416666667,104
2026-05-17T16:00:00Z,protocol-server,0,0,0,0,0,0,FALSE,0,6313583,35160,26615,0,20.04124416666667,0
2026-05-17T16:15:00Z,protocol-server,13,13,13,1,0,5730,FALSE,1,6313596,35161,26615,0.0015916666666666666,20.042835833333335,52
2026-05-17T16:30:00Z,protocol-server,39,39,39,3,0,11168,FALSE,1,6313635,35164,26615,0.0031022222222222224,20.045938055555556,156
2026-05-17T16:45:00Z,protocol-server,26,26,26,2,0,8460,FALSE,1,6313661,35166,26615,0.00235,20.048288055555556,104
2026-05-17T17:00:00Z,protocol-server,0,0,0,0,0,0,FALSE,0,6313661,35166,26615,0,20.048288055555556,0
2026-05-17T17:15:00Z,protocol-server,26,26,26,2,0,16180,FALSE,1,6313687,35168,26615,0.004494444444444444,20.0527825,104
2026-05-17T17:30:00Z,protocol-server,26,26,26,2,0,9562,FALSE,1,6313713,35170,26615,0.0026561111111111113,20.05543861111111,104
2026-05-17T17:45:00Z,protocol-server,2726,2726,2726,47,0,413865,FALSE,1,6316439,35217,26615,0.1149625,20.17040111111111,10904
2026-05-17T18:00:00Z,protocol-server,5220,5220,5040,87,3,688976,FALSE,1,6321659,35304,26618,0.19138222222222223,20.361783333333335,20880
2026-05-17T18:15:00Z,protocol-server,13,13,13,1,0,5175,FALSE,1,6321672,35305,26618,0.0014375,20.363220833333337,52
2026-05-17T18:30:00Z,protocol-server,26,26,26,2,0,19509,FALSE,1,6321698,35307,26618,0.005419166666666667,20.368640000000003,104
2026-05-17T18:45:00Z,protocol-server,0,0,0,0,0,0,FALSE,0,6321698,35307,26618,0,20.368640000000003,0
2026-05-17T19:00:00Z,protocol-server,13,13,13,1,0,5924,FALSE,1,6321711,35308,26618,0.0016455555555555555,20.370285555555558,52
2026-05-17T19:15:00Z,protocol-server,13,13,13,1,0,4070,FALSE,1,6321724,35309,26618,0.0011305555555555557,20.371416111111113,52
2026-05-17T19:30:00Z,protocol-server,0,0,0,0,0,0,FALSE,0,6321724,35309,26618,0,20.371416111111113,0
2026-05-17T19:45:00Z,protocol-server,39,39,39,3,0,11335,FALSE,1,6321763,35312,26618,0.003148611111111111,20.374564722222225,156
2026-05-17T20:00:00Z,protocol-server,26,26,26,2,0,8982,FALSE,1,6321789,35314,26618,0.002495,20.377059722222224,104
2026-05-17T20:15:00Z,protocol-server,26,26,26,2,0,6697,FALSE,1,6321815,35316,26618,0.0018602777777777778,20.37892,104
2026-05-17T20:30:00Z,protocol-server,27720,27720,27720,154,0,780628,FALSE,1,6349535,35470,26618,0.21684111111111112,20.595761111111113,110880
2026-05-17T20:45:00Z,protocol-server,21626,21626,21086,122,3,600556,FALSE,1,6371161,35592,26621,0.16682111111111111,20.762582222222225,86504
2026-05-17T21:00:00Z,protocol-server,26,26,26,2,0,6619,FALSE,1,6371187,35594,26621,0.0018386111111111112,20.764420833333336,104
2026-05-17T21:15:00Z,protocol-server,0,0,0,0,0,0,FALSE,0,6371187,35594,26621,0,20.764420833333336,0
2026-05-17T21:30:00Z,protocol-server,26,26,26,2,0,6455,FALSE,1,6371213,35596,26621,0.0017930555555555555,20.766213888888892,104
2026-05-17T21:45:00Z,protocol-server,26,26,26,2,0,8403,FALSE,1,6371239,35598,26621,0.0023341666666666667,20.76854805555556,104
2026-05-17T22:00:00Z,protocol-server,52,52,26,4,2,14670,FALSE,1,6371291,35602,26623,0.004075,20.77262305555556,208
2026-05-17T22:15:00Z,protocol-server,0,0,0,0,0,0,FALSE,0,6371291,35602,26623,0,20.77262305555556,0
2026-05-17T22:30:00Z,protocol-server,26,26,26,2,0,6550,FALSE,1,6371317,35604,26623,0.0018194444444444445,20.774442500000003,104
2026-05-17T22:45:00Z,protocol-server,26,26,26,2,0,6352,FALSE,1,6371343,35606,26623,0.0017644444444444444,20.776206944444446,104
2026-05-17T23:00:00Z,protocol-server,26,26,26,2,0,9732,FALSE,1,6371369,35608,26623,0.002703333333333333,20.77891027777778,104
2026-05-17T23:15:00Z,protocol-server,0,0,0,0,0,0,FALSE,0,6371369,35608,26623,0,20.77891027777778,0
2026-05-17T23:30:00Z,protocol-server,26,26,26,2,0,8878,FALSE,1,6371395,35610,26623,0.002466111111111111,20.78137638888889,104
2026-05-17T23:45:00Z,protocol-server,26,26,26,2,0,9704,FALSE,1,6371421,35612,26623,0.0026955555555555556,20.784071944444445,104
2026-05-18T00:00:00Z,protocol-server,26,26,26,2,0,7739,FALSE,1,6371447,35614,26623,0.002149722222222222,20.786221666666666,104
2026-05-18T00:15:00Z,protocol-server,0,0,0,0,0,0,FALSE,0,6371447,35614,26623,0,20.786221666666666,0
2026-05-18T00:30:00Z,protocol-server,3086,3086,3086,19,0,158459,FALSE,1,6374533,35633,26623,0.04401638888888889,20.830238055555554,12344
2026-05-18T00:45:00Z,protocol-server,31706,31706,31706,178,0,912599,FALSE,1,6406239,35811,26623,0.2534997222222222,21.083737777777777,126824
2026-05-18T01:00:00Z,protocol-server,22140,22140,21600,123,3,657346,FALSE,1,6428379,35934,26626,0.1825961111111111,21.266333888888887,88560
2026-05-18T01:15:00Z,protocol-server,13,13,13,1,0,19421,FALSE,1,6428392,35935,26626,0.005394722222222223,21.271728611111108,52
2026-05-18T01:30:00Z,protocol-server,13,13,13,1,0,4930,FALSE,1,6428405,35936,26626,0.0013694444444444444,21.273098055555554,52
2026-05-18T01:45:00Z,protocol-server,1080,1080,540,6,3,27352,FALSE,1,6429485,35942,26629,0.007597777777777778,21.280695833333333,4320
2026-05-18T02:00:00Z,protocol-server,0,0,0,0,0,0,FALSE,0,6429485,35942,26629,0,21.280695833333333,0
2026-05-18T02:15:00Z,protocol-server,52,52,26,4,2,24581,FALSE,1,6429537,35946,26631,0.006828055555555556,21.287523888888888,208
2026-05-18T02:30:00Z,protocol-server,0,0,0,0,0,0,FALSE,0,6429537,35946,26631,0,21.287523888888888,0
2026-05-18T02:45:00Z,protocol-server,26,26,26,2,0,6521,FALSE,1,6429563,35948,26631,0.0018113888888888889,21.289335277777777,104
2026-05-18T03:00:00Z,protocol-server,26,26,26,2,0,5800,FALSE,1,6429589,35950,26631,0.0016111111111111111,21.290946388888887,104
2026-05-18T03:15:00Z,protocol-server,26,26,26,2,0,5943,FALSE,1,6429615,35952,26631,0.0016508333333333334,21.29259722222222,104
2026-05-18T03:30:00Z,protocol-server,0,0,0,0,0,0,FALSE,0,6429615,35952,26631,0,21.29259722222222,0
2026-05-18T03:45:00Z,protocol-server,3086,3086,2546,19,3,95421,FALSE,1,6432701,35971,26634,0.026505833333333333,21.319103055555555,12344
2026-05-18T04:00:00Z,protocol-server,28106,28106,28106,158,0,915768,FALSE,1,6460807,36129,26634,0.25438,21.573483055555556,112424
2026-05-18T04:15:00Z,protocol-server,5426,5426,4886,32,3,162428,FALSE,1,6466233,36161,26637,0.04511888888888889,21.618601944444446,21704
2026-05-18T04:30:00Z,protocol-server,14760,14760,14760,82,0,474052,FALSE,1,6480993,36243,26637,0.1316811111111111,21.750283055555556,59040
2026-05-18T04:45:00Z,protocol-server,9026,9026,8486,52,3,283307,FALSE,1,6490019,36295,26640,0.07869638888888889,21.828979444444446,36104
2026-05-18T05:00:00Z,protocol-server,12986,12986,11546,74,8,422570,FALSE,1,6503005,36369,26648,0.11738055555555556,21.946360000000002,51944
2026-05-18T05:15:00Z,protocol-server,18000,18000,18000,100,0,519093,FALSE,1,6521005,36469,26648,0.1441925,22.0905525,72000
2026-05-18T05:30:00Z,protocol-server,28106,28106,27566,158,3,838380,FALSE,1,6549111,36627,26651,0.23288333333333333,22.323435833333335,112424
2026-05-18T05:45:00Z,protocol-server,6326,6326,6326,37,0,234290,FALSE,1,6555437,36664,26651,0.06508055555555556,22.388516388888892,25304
2026-05-18T06:00:00Z,protocol-server,14580,14580,14040,81,3,607293,FALSE,1,6570017,36745,26654,0.1686925,22.55720888888889,58320
2026-05-18T06:15:00Z,protocol-server,12612,12612,12260,93,24,563131,FALSE,1,6582629,36838,26678,0.1564252777777778,22.71363416666667,50448
2026-05-18T06:30:00Z,protocol-server,40,40,40,2,0,12833,FALSE,1,6582669,36840,26678,0.003564722222222222,22.71719888888889,160
2026-05-18T06:45:00Z,protocol-server,3460,3460,3460,21,0,254611,FALSE,1,6586129,36861,26678,0.07072527777777778,22.78792416666667,13840
2026-05-18T07:00:00Z,protocol-server,5040,5040,4500,28,3,297150,FALSE,1,6591169,36889,26681,0.08254166666666667,22.870465833333338,20160
2026-05-18T07:15:00Z,protocol-server,40,40,40,2,0,18462,FALSE,1,6591209,36891,26681,0.005128333333333334,22.87559416666667,160
2026-05-18T07:30:00Z,protocol-server,2200,2200,1440,14,6,142149,FALSE,1,6593409,36905,26687,0.03948583333333333,22.915080000000003,8800
2026-05-18T07:45:00Z,protocol-server,8500,8500,7940,49,4,458121,FALSE,1,6601909,36954,26691,0.12725583333333335,23.042335833333336,34000
2026-05-18T08:00:00Z,protocol-server,12960,12960,12960,72,0,898337,FALSE,1,6614869,37026,26691,0.24953805555555555,23.29187388888889,51840
2026-05-18T08:15:00Z,protocol-server,12820,12820,12820,73,0,937178,FALSE,1,6627689,37099,26691,0.2603272222222222,23.552201111111113,51280
2026-05-18T08:30:00Z,protocol-server,11920,11920,11920,68,0,917655,FALSE,1,6639609,37167,26691,0.25490416666666665,23.80710527777778,47680
2026-05-18T08:45:00Z,protocol-server,12100,12100,12100,69,0,923042,FALSE,1,6651709,37236,26691,0.2564005555555556,24.063505833333334,48400
2026-05-18T09:00:00Z,protocol-server,12960,12960,12960,72,0,894134,FALSE,1,6664669,37308,26691,0.24837055555555557,24.31187638888889,51840
2026-05-18T09:15:00Z,protocol-server,12460,12460,12460,71,0,932248,FALSE,1,6677129,37379,26691,0.2589577777777778,24.570834166666668,49840
2026-05-18T09:30:00Z,protocol-server,12640,12640,12640,72,0,916905,FALSE,1,6689769,37451,26691,0.25469583333333334,24.82553,50560
2026-05-18T09:45:00Z,protocol-server,15120,15120,15120,84,0,904419,FALSE,1,6704889,37535,26691,0.2512275,25.0767575,60480
2026-05-18T10:00:00Z,protocol-server,23440,23440,23440,132,0,904919,FALSE,1,6728329,37667,26691,0.2513663888888889,25.32812388888889,93760
2026-05-18T10:15:00Z,protocol-server,17280,17280,17280,96,0,903721,FALSE,1,6745609,37763,26691,0.2510336111111111,25.5791575,69120
2026-05-18T10:30:00Z,protocol-server,16760,16760,16760,94,0,903545,FALSE,1,6762369,37857,26691,0.25098472222222223,25.83014222222222,67040
2026-05-18T10:45:00Z,protocol-server,16780,16780,16780,95,0,911913,FALSE,1,6779149,37952,26691,0.25330916666666664,26.08345138888889,67120
2026-05-18T11:00:00Z,protocol-server,16560,16560,16560,92,0,898383,FALSE,1,6795709,38044,26691,0.24955083333333333,26.333002222222223,66240
2026-05-18T11:15:00Z,protocol-server,16420,16420,16420,93,0,919391,FALSE,1,6812129,38137,26691,0.25538638888888887,26.588388611111114,65680
2026-05-18T11:30:00Z,protocol-server,17480,17480,17480,98,0,899452,FALSE,1,6829609,38235,26691,0.24984777777777778,26.83823638888889,69920
2026-05-18T11:45:00Z,protocol-server,17460,17460,17460,97,0,900057,FALSE,1,6847069,38332,26691,0.2500158333333333,27.088252222222224,69840
2026-05-18T12:00:00Z,protocol-server,15320,15320,15320,86,0,913136,FALSE,1,6862389,38418,26691,0.25364888888888887,27.341901111111113,61280
2026-05-18T12:15:00Z,protocol-server,15680,15680,15680,88,0,907297,FALSE,1,6878069,38506,26691,0.25202694444444446,27.59392805555556,62720
2026-05-18T12:30:00Z,protocol-server,16200,16200,16200,90,0,895188,FALSE,1,6894269,38596,26691,0.24866333333333332,27.84259138888889,64800
2026-05-18T12:45:00Z,protocol-server,16220,16220,16220,91,0,903724,FALSE,1,6910489,38687,26691,0.25103444444444445,28.093625833333334,64880
2026-05-18T13:00:00Z,protocol-server,15860,15860,15860,89,0,906791,FALSE,1,6926349,38776,26691,0.25188638888888887,28.345512222222222,63440
2026-05-18T13:15:00Z,protocol-server,16040,16040,16040,90,0,908090,FALSE,1,6942389,38866,26691,0.25224722222222223,28.597759444444446,64160
2026-05-18T13:30:00Z,protocol-server,17100,17100,17100,95,0,903619,FALSE,1,6959489,38961,26691,0.25100527777777776,28.848764722222224,68400
2026-05-18T13:45:00Z,protocol-server,17120,17120,17120,96,0,904420,FALSE,1,6976609,39057,26691,0.25122777777777777,29.099992500000003,68480
2026-05-18T14:00:00Z,protocol-server,14780,14780,14780,83,0,900637,FALSE,1,6991389,39140,26691,0.25017694444444444,29.350169444444447,59120
2026-05-18T14:15:00Z,protocol-server,13140,13140,13140,73,0,896114,FALSE,1,7004529,39213,26691,0.24892055555555556,29.599090000000004,52560
2026-05-18T14:30:00Z,protocol-server,13160,13160,13160,74,0,909729,FALSE,1,7017689,39287,26691,0.2527025,29.851792500000006,52640
2026-05-18T14:45:00Z,protocol-server,12800,12800,12800,72,0,914279,FALSE,1,7030489,39359,26691,0.2539663888888889,30.105758888888893,51200
2026-05-18T15:00:00Z,protocol-server,13140,13140,13140,73,0,893216,FALSE,1,7043629,39432,26691,0.24811555555555556,30.353874444444447,52560
2026-05-18T15:15:00Z,protocol-server,13892,13892,13892,79,0,913116,FALSE,1,7057521,39511,26691,0.25364333333333333,30.60751777777778,55568
2026-05-18T15:30:00Z,protocol-server,12600,12600,12600,70,0,888580,FALSE,1,7070121,39581,26691,0.24682777777777778,30.854345555555557,50400
2026-05-18T15:45:00Z,protocol-server,13352,13352,13352,76,0,937164,FALSE,1,7083473,39657,26691,0.26032333333333335,31.11466888888889,53408
2026-05-18T16:00:00Z,protocol-server,13696,13696,13696,77,0,907421,FALSE,1,7097169,39734,26691,0.2520613888888889,31.36673027777778,54784
2026-05-18T16:15:00Z,protocol-server,13520,13520,13520,76,0,904614,FALSE,1,7110689,39810,26691,0.2512816666666667,31.618011944444447,54080
2026-05-18T16:30:00Z,protocol-server,9540,9540,9540,53,0,895310,FALSE,1,7120229,39863,26691,0.2486972222222222,31.86670916666667,38160
2026-05-18T16:45:00Z,protocol-server,18940,18940,18940,107,0,902624,FALSE,1,7139169,39970,26691,0.2507288888888889,32.11743805555556,75760
2026-05-18T17:00:00Z,protocol-server,11880,11880,11880,66,0,916122,FALSE,1,7151049,40036,26691,0.2544783333333333,32.37191638888889,47520
2026-05-18T17:15:00Z,protocol-server,14600,14600,14600,82,0,906257,FALSE,1,7165649,40118,26691,0.25173805555555556,32.62365444444445,58400
2026-05-18T17:30:00Z,protocol-server,16820,16820,16820,95,0,915525,FALSE,1,7182469,40213,26691,0.2543125,32.877966944444445,67280
2026-05-18T17:45:00Z,protocol-server,11740,11740,11740,67,0,923584,FALSE,1,7194209,40280,26691,0.2565511111111111,33.13451805555555,46960
2026-05-18T18:00:00Z,protocol-server,13320,13320,13320,74,0,897788,FALSE,1,7207529,40354,26691,0.24938555555555555,33.38390361111111,53280
2026-05-18T18:15:00Z,protocol-server,10640,10640,10640,60,0,891983,FALSE,1,7218169,40414,26691,0.24777305555555557,33.631676666666664,42560
2026-05-18T18:30:00Z,protocol-server,11180,11180,11180,63,0,925498,FALSE,1,7229349,40477,26691,0.25708277777777777,33.88875944444444,44720
2026-05-18T18:45:00Z,protocol-server,11340,11340,11340,63,0,897674,FALSE,1,7240689,40540,26691,0.2493538888888889,34.13811333333333,45360
2026-05-18T19:00:00Z,protocol-server,14080,14080,14080,80,0,916381,FALSE,1,7254769,40620,26691,0.2545502777777778,34.39266361111111,56320
2026-05-18T19:15:00Z,protocol-server,14240,14240,14240,80,0,910237,FALSE,1,7269009,40700,26691,0.2528436111111111,34.64550722222222,56960
2026-05-18T19:30:00Z,protocol-server,11340,11340,11340,63,0,907947,FALSE,1,7280349,40763,26691,0.2522075,34.89771472222222,45360
2026-05-18T19:45:00Z,protocol-server,11900,11900,11900,67,0,909944,FALSE,1,7292249,40830,26691,0.2527622222222222,35.15047694444444,47600
2026-05-18T20:00:00Z,protocol-server,12980,12980,12980,73,0,903355,FALSE,1,7305229,40903,26691,0.25093194444444444,35.40140888888889,51920
2026-05-18T20:15:00Z,protocol-server,14400,14400,14400,80,0,900901,FALSE,1,7319629,40983,26691,0.25025027777777775,35.65165916666667,57600
2026-05-18T20:30:00Z,protocol-server,14560,14560,14560,84,0,932690,FALSE,1,7334189,41067,26691,0.25908055555555554,35.910739722222225,58240
2026-05-18T20:45:00Z,protocol-server,15864,15864,15864,89,0,897544,FALSE,1,7350053,41156,26691,0.24931777777777778,36.1600575,63456
2026-05-18T21:00:00Z,protocol-server,16060,16060,16060,91,0,920419,FALSE,1,7366113,41247,26691,0.25567194444444447,36.415729444444445,64240
2026-05-18T21:15:00Z,protocol-server,18180,18180,18180,101,0,894136,FALSE,1,7384293,41348,26691,0.2483711111111111,36.66410055555556,72720
2026-05-18T21:30:00Z,protocol-server,18560,18560,18560,104,0,909598,FALSE,1,7402853,41452,26691,0.2526661111111111,36.91676666666667,74240
2026-05-18T21:45:00Z,protocol-server,16940,16940,16940,95,0,907026,FALSE,1,7419793,41547,26691,0.2519516666666667,37.16871833333333,67760
2026-05-18T22:00:00Z,protocol-server,17480,17480,17480,98,0,906914,FALSE,1,7437273,41645,26691,0.25192055555555554,37.42063888888889,69920
2026-05-18T22:15:00Z,protocol-server,17280,17280,17280,96,0,899385,FALSE,1,7454553,41741,26691,0.24982916666666666,37.67046805555555,69120
2026-05-18T22:30:00Z,protocol-server,15348,15348,15348,87,0,905958,FALSE,1,7469901,41828,26691,0.251655,37.92212305555555,61392
2026-05-18T22:45:00Z,protocol-server,16092,16092,16068,92,1,914977,FALSE,1,7485993,41920,26692,0.2541602777777778,38.17628333333333,64368
2026-05-18T23:00:00Z,protocol-server,12780,12780,12780,71,0,907628,FALSE,1,7498773,41991,26692,0.2521188888888889,38.42840222222222,51120
2026-05-18T23:15:00Z,protocol-server,12260,12260,12260,69,0,907189,FALSE,1,7511033,42060,26692,0.2519969444444444,38.68039916666666,49040
2026-05-18T23:30:00Z,protocol-server,14060,14060,14060,79,0,910743,FALSE,1,7525093,42139,26692,0.2529841666666667,38.933383333333325,56240
2026-05-18T23:45:00Z,protocol-server,13320,13320,13320,74,0,897256,FALSE,1,7538413,42213,26692,0.24923777777777778,39.182621111111104,53280
2026-05-19T00:00:00Z,protocol-server,12800,12800,12800,72,0,893482,FALSE,1,7551213,42285,26692,0.24818944444444443,39.430810555555546,51200
2026-05-19T00:15:00Z,protocol-server,13880,13880,13880,78,0,931763,FALSE,1,7565093,42363,26692,0.25882305555555557,39.6896336111111,55520
2026-05-19T00:30:00Z,protocol-server,14760,14760,14760,82,0,888594,FALSE,1,7579853,42445,26692,0.24683166666666667,39.936465277777764,59040
2026-05-19T00:45:00Z,protocol-server,14960,14960,14960,84,0,913296,FALSE,1,7594813,42529,26692,0.2536933333333333,40.190158611111094,59840
2026-05-19T01:00:00Z,protocol-server,13160,13160,13160,74,0,904753,FALSE,1,7607973,42603,26692,0.25132027777777777,40.441478888888874,52640
2026-05-19T01:15:00Z,protocol-server,14040,14040,14040,78,0,895874,FALSE,1,7622013,42681,26692,0.2488538888888889,40.69033277777776,56160
2026-05-19T01:30:00Z,protocol-server,14060,14060,14060,79,0,910665,FALSE,1,7636073,42760,26692,0.2529625,40.943295277777764,56240
2026-05-19T01:45:00Z,protocol-server,16220,16220,16220,91,0,915289,FALSE,1,7652293,42851,26692,0.25424694444444446,41.19754222222221,64880
2026-05-19T02:00:00Z,protocol-server,12960,12960,12960,72,0,897799,FALSE,1,7665253,42923,26692,0.2493886111111111,41.44693083333332,51840
2026-05-19T02:15:00Z,protocol-server,13340,13340,13340,75,0,903300,FALSE,1,7678593,42998,26692,0.2509166666666667,41.69784749999999,53360
2026-05-19T02:30:00Z,protocol-server,15120,15120,15120,84,0,906261,FALSE,1,7693713,43082,26692,0.2517391666666667,41.949586666666654,60480
2026-05-19T02:45:00Z,protocol-server,15120,15120,15120,84,0,902716,FALSE,1,7708833,43166,26692,0.25075444444444445,42.2003411111111,60480
2026-05-19T03:00:00Z,protocol-server,13940,13940,13940,79,0,914519,FALSE,1,7722773,43245,26692,0.25403305555555555,42.45437416666665,55760
2026-05-19T03:15:00Z,protocol-server,15560,15560,15560,88,0,922008,FALSE,1,7738333,43333,26692,0.25611333333333336,42.710487499999985,62240
2026-05-19T03:30:00Z,protocol-server,16380,16380,16380,91,0,903515,FALSE,1,7754713,43424,26692,0.2509763888888889,42.96146388888887,65520
2026-05-19T03:45:00Z,protocol-server,16580,16580,16580,93,0,907140,FALSE,1,7771293,43517,26692,0.25198333333333334,43.21344722222221,66320
2026-05-19T04:00:00Z,protocol-server,15480,15480,15480,86,0,894114,FALSE,1,7786773,43603,26692,0.248365,43.46181222222221,61920
2026-05-19T04:15:00Z,protocol-server,15140,15140,15140,85,0,911755,FALSE,1,7801913,43688,26692,0.2532652777777778,43.715077499999985,60560
2026-05-19T04:30:00Z,protocol-server,14780,14780,14780,83,0,908515,FALSE,1,7816693,43771,26692,0.2523652777777778,43.96744277777776,59120
2026-05-19T04:45:00Z,protocol-server,15140,15140,15140,85,0,912695,FALSE,1,7831833,43856,26692,0.2535263888888889,44.22096916666665,60560
2026-05-19T05:00:00Z,protocol-server,14400,14400,14400,80,0,897855,FALSE,1,7846233,43936,26692,0.24940416666666668,44.47037333333331,57600
2026-05-19T05:15:00Z,protocol-server,15500,15500,15500,87,0,902376,FALSE,1,7861733,44023,26692,0.25066,44.72103333333332,62000
2026-05-19T05:30:00Z,protocol-server,15140,15140,15140,85,0,915345,FALSE,1,7876873,44108,26692,0.2542625,44.97529583333332,60560
2026-05-19T05:45:00Z,protocol-server,12780,12780,12780,71,0,897225,FALSE,1,7889653,44179,26692,0.24922916666666667,45.224524999999986,51120
2026-05-19T06:00:00Z,protocol-server,12440,12440,12440,70,0,923234,FALSE,1,7902093,44249,26692,0.25645388888888887,45.48097888888888,49760
2026-05-19T06:15:00Z,protocol-server,15120,15120,15120,84,0,908976,FALSE,1,7917213,44333,26692,0.25249333333333335,45.73347222222221,60480
2026-05-19T06:30:00Z,protocol-server,14088,14088,14088,80,0,912425,FALSE,1,7931301,44413,26692,0.2534513888888889,45.9869236111111,56352
2026-05-19T06:45:00Z,protocol-server,12800,12800,12800,72,0,905158,FALSE,1,7944101,44485,26692,0.2514327777777778,46.23835638888888,51200
2026-05-19T07:00:00Z,protocol-server,12420,12420,12420,69,0,915184,FALSE,1,7956521,44554,26692,0.25421777777777776,46.49257416666666,49680
2026-05-19T07:15:00Z,protocol-server,14600,14600,14600,82,0,899882,FALSE,1,7971121,44636,26692,0.24996722222222223,46.74254138888888,58400
2026-05-19T07:30:00Z,protocol-server,16020,16020,16020,89,0,904667,FALSE,1,7987141,44725,26692,0.2512963888888889,46.99383777777777,64080
2026-05-19T07:45:00Z,protocol-server,14960,14960,14960,84,0,909999,FALSE,1,8002101,44809,26692,0.2527775,47.24661527777777,59840
2026-05-19T08:00:00Z,protocol-server,14480,14480,14480,82,0,913309,FALSE,1,8016581,44891,26692,0.25369694444444446,47.50031222222221,57920
2026-05-19T08:15:00Z,protocol-server,14940,14940,14940,83,0,899912,FALSE,1,8031521,44974,26692,0.24997555555555556,47.75028777777777,59760
2026-05-19T08:30:00Z,protocol-server,16760,16760,16760,94,0,908878,FALSE,1,8048281,45068,26692,0.2524661111111111,48.00275388888888,67040
2026-05-19T08:45:00Z,protocol-server,8820,8820,8820,49,0,482228,FALSE,1,8057101,45117,26692,0.13395222222222222,48.1367061111111,35280
2026-05-19T09:00:00Z,protocol-server,0,0,0,0,0,0,FALSE,0,8057101,45117,26692,0,48.1367061111111,0
2026-05-19T09:15:00Z,protocol-server,5120,5120,5120,30,0,328124,FALSE,1,8062221,45147,26692,0.09114555555555555,48.22785166666666,20480
2026-05-19T09:30:00Z,protocol-server,18020,18020,18020,101,0,904119,FALSE,1,8080241,45248,26692,0.25114416666666667,48.47899583333333,72080
2026-05-19T09:45:00Z,protocol-server,16380,16380,15840,91,3,818282,FALSE,1,8096621,45339,26695,0.22730055555555556,48.70629638888889,65520
2026-05-19T10:00:00Z,protocol-server,17140,17140,16600,97,3,901013,FALSE,1,8113761,45436,26698,0.2502813888888889,48.956577777777774,68560
2026-05-19T10:15:00Z,protocol-server,2900,2900,2360,17,3,117362,FALSE,1,8116661,45453,26701,0.032600555555555556,48.98917833333333,11600
2026-05-19T10:30:00Z,protocol-server,19080,19080,19080,106,0,904304,FALSE,1,8135741,45559,26701,0.25119555555555556,49.24037388888888,76320
2026-05-19T10:45:00Z,protocol-server,18380,18380,18380,103,0,894972,FALSE,1,8154121,45662,26701,0.24860333333333334,49.48897722222222,73520
2026-05-19T11:00:00Z,protocol-server,14240,14240,14240,80,0,919497,FALSE,1,8168361,45742,26701,0.25541583333333334,49.74439305555555,56960
2026-05-19T11:15:00Z,protocol-server,17100,17100,17100,95,0,901301,FALSE,1,8185461,45837,26701,0.25036138888888887,49.99475444444444,68400
2026-05-19T11:30:00Z,protocol-server,16780,16780,16780,95,0,911503,FALSE,1,8202241,45932,26701,0.2531952777777778,50.247949722222216,67120
2026-05-19T11:45:00Z,protocol-server,14400,14400,14400,80,0,896496,FALSE,1,8216641,46012,26701,0.24902666666666667,50.49697638888888,57600
2026-05-19T12:00:00Z,protocol-server,15680,15680,15680,88,0,907947,FALSE,1,8232321,46100,26701,0.2522075,50.74918388888888,62720
2026-05-19T12:15:00Z,protocol-server,18560,18560,18560,104,0,903675,FALSE,1,8250881,46204,26701,0.25102083333333336,51.000204722222215,74240
2026-05-19T12:30:00Z,protocol-server,16380,16380,16380,91,0,895207,FALSE,1,8267261,46295,26701,0.2486686111111111,51.24887333333333,65520
2026-05-19T12:45:00Z,protocol-server,18200,18200,18200,102,0,908390,FALSE,1,8285461,46397,26701,0.25233055555555556,51.50120388888888,72800
2026-05-19T13:00:00Z,protocol-server,15300,15300,15300,85,0,902963,FALSE,1,8300761,46482,26701,0.25082305555555556,51.75202694444444,61200
2026-05-19T13:15:00Z,protocol-server,17840,17840,17840,100,0,901824,FALSE,1,8318601,46582,26701,0.25050666666666666,52.002533611111105,71360
2026-05-19T13:30:00Z,protocol-server,16940,16940,16940,95,0,912790,FALSE,1,8335541,46677,26701,0.2535527777777778,52.25608638888888,67760
2026-05-19T13:45:00Z,protocol-server,16020,16020,16020,89,0,891232,FALSE,1,8351561,46766,26701,0.24756444444444445,52.503650833333324,64080
2026-05-19T14:00:00Z,protocol-server,15320,15320,15320,86,0,913516,FALSE,1,8366881,46852,26701,0.25375444444444445,52.75740527777777,61280
2026-05-19T14:15:00Z,protocol-server,14780,14780,14780,83,0,902958,FALSE,1,8381661,46935,26701,0.25082166666666666,53.00822694444444,59120
2026-05-19T14:30:00Z,protocol-server,16560,16560,16560,92,0,900390,FALSE,1,8398221,47027,26701,0.2501083333333333,53.25833527777777,66240
2026-05-19T14:45:00Z,protocol-server,15500,15500,15500,87,0,913750,FALSE,1,8413721,47114,26701,0.25381944444444443,53.51215472222221,62000
2026-05-19T15:00:00Z,protocol-server,16200,16200,16200,90,0,898691,FALSE,1,8429921,47204,26701,0.2496363888888889,53.7617911111111,64800
2026-05-19T15:15:00Z,protocol-server,14960,14960,14960,84,0,901671,FALSE,1,8444881,47288,26701,0.25046416666666665,54.01225527777777,59840
2026-05-19T15:30:00Z,protocol-server,14420,14420,14420,81,0,907200,FALSE,1,8459301,47369,26701,0.252,54.26425527777777,57680
2026-05-19T15:45:00Z,protocol-server,13500,13500,13500,75,0,900009,FALSE,1,8472801,47444,26701,0.2500025,54.51425777777777,54000
2026-05-19T16:00:00Z,protocol-server,14060,14060,14060,79,0,911059,FALSE,1,8486861,47523,26701,0.2530719444444444,54.767329722222215,56240
2026-05-19T16:15:00Z,protocol-server,15140,15140,15140,85,0,907864,FALSE,1,8502001,47608,26701,0.25218444444444443,55.01951416666666,60560
2026-05-19T16:30:00Z,protocol-server,14940,14940,14940,83,0,898789,FALSE,1,8516941,47691,26701,0.2496636111111111,55.26917777777777,59760
2026-05-19T16:45:00Z,protocol-server,16580,16580,16580,93,0,910076,FALSE,1,8533521,47784,26701,0.2527988888888889,55.52197666666666,66320
2026-05-19T17:00:00Z,protocol-server,13880,13880,13880,78,0,901437,FALSE,1,8547401,47862,26701,0.2503991666666667,55.77237583333333,55520
2026-05-19T17:15:00Z,protocol-server,15840,15840,15840,88,0,894719,FALSE,1,8563241,47950,26701,0.24853305555555555,56.02090888888888,63360
2026-05-19T17:30:00Z,protocol-server,15320,15320,15320,86,0,914215,FALSE,1,8578561,48036,26701,0.2539486111111111,56.274857499999996,61280
2026-05-19T17:45:00Z,protocol-server,15300,15300,15300,85,0,892923,FALSE,1,8593861,48121,26701,0.24803416666666667,56.52289166666666,61200
2026-05-19T18:00:00Z,protocol-server,14840,14840,14840,84,0,927024,FALSE,1,8608701,48205,26701,0.25750666666666666,56.78039833333332,59360
2026-05-19T18:15:00Z,protocol-server,13880,13880,13880,78,0,914172,FALSE,1,8622581,48283,26701,0.25393666666666664,57.03433499999999,55520
2026-05-19T18:30:00Z,protocol-server,14220,14220,14220,79,0,893046,FALSE,1,8636801,48362,26701,0.24806833333333334,57.28240333333333,56880
2026-05-19T18:45:00Z,protocol-server,13720,13720,13700,78,1,915342,FALSE,1,8650521,48440,26702,0.25426166666666666,57.53666499999999,54880
2026-05-19T19:00:00Z,protocol-server,12420,12420,12420,69,0,900160,FALSE,1,8662941,48509,26702,0.25004444444444446,57.78670944444443,49680
2026-05-19T19:15:00Z,protocol-server,18020,18020,18020,101,0,902376,FALSE,1,8680961,48610,26702,0.25066,58.03736944444444,72080
2026-05-19T19:30:00Z,protocol-server,15680,15680,15680,88,0,901449,FALSE,1,8696641,48698,26702,0.2504025,58.28777194444444,62720
2026-05-19T19:45:00Z,protocol-server,14580,14580,14580,81,0,903734,FALSE,1,8711221,48779,26702,0.25103722222222224,58.53880916666666,58320
2026-05-19T20:00:00Z,protocol-server,15300,15300,15300,85,0,898012,FALSE,1,8726521,48864,26702,0.24944777777777777,58.788256944444434,61200
2026-05-19T20:15:00Z,protocol-server,12780,12780,12780,71,0,763053,FALSE,1,8739301,48935,26702,0.21195916666666667,59.0002161111111,51120
2026-05-19T20:30:00Z,protocol-server,0,0,0,0,0,0,FALSE,0,8739301,48935,26702,0,59.0002161111111,0
2026-05-19T20:45:00Z,protocol-server,0,0,0,0,0,0,FALSE,0,8739301,48935,26702,0,59.0002161111111,0
2026-05-19T21:00:00Z,protocol-server,5260,5260,5260,31,0,316509,FALSE,1,8744561,48966,26702,0.08791916666666667,59.088135277777766,21040
2026-05-19T21:15:00Z,protocol-server,15320,15320,15140,86,1,915897,FALSE,1,8759881,49052,26703,0.25441583333333334,59.3425511111111,61280
2026-05-19T21:30:00Z,protocol-server,2700,2700,1800,15,5,96731,FALSE,1,8762581,49067,26708,0.026869722222222222,59.36942083333332,10800
2026-05-19T21:45:00Z,protocol-server,16220,16220,16220,91,0,906188,FALSE,1,8778801,49158,26708,0.2517188888888889,59.62113972222221,64880
2026-05-19T22:00:00Z,protocol-server,14260,14260,14260,81,0,904823,FALSE,1,8793061,49239,26708,0.25133972222222223,59.87247944444443,57040
2026-05-19T22:15:00Z,protocol-server,15700,15700,15700,89,0,924625,FALSE,1,8808761,49328,26708,0.2568402777777778,60.129319722222206,62800
2026-05-19T22:30:00Z,protocol-server,14580,14580,14580,81,0,904153,FALSE,1,8823341,49409,26708,0.2511536111111111,60.38047333333332,58320
2026-05-19T22:45:00Z,protocol-server,14420,14420,14420,81,0,898418,FALSE,1,8837761,49490,26708,0.24956055555555556,60.630033888888875,57680
2026-05-19T23:00:00Z,protocol-server,14040,14040,14040,78,0,899315,FALSE,1,8851801,49568,26708,0.24980972222222222,60.8798436111111,56160
2026-05-19T23:15:00Z,protocol-server,13700,13700,13700,77,0,905059,FALSE,1,8865501,49645,26708,0.25140527777777777,61.13124888888888,54800
2026-05-19T23:30:00Z,protocol-server,14240,14240,14240,80,0,905448,FALSE,1,8879741,49725,26708,0.2515133333333333,61.38276222222221,56960
2026-05-19T23:45:00Z,protocol-server,13140,13140,13140,73,0,902002,FALSE,1,8892881,49798,26708,0.2505561111111111,61.63331833333332,52560
2026-05-20T00:00:00Z,protocol-server,14040,14040,14040,78,0,901228,FALSE,1,8906921,49876,26708,0.2503411111111111,61.88365944444443,56160
2026-05-20T00:15:00Z,protocol-server,12100,12100,12100,69,0,942302,FALSE,1,8919021,49945,26708,0.26175055555555554,62.14540999999999,48400
2026-05-20T00:30:00Z,protocol-server,13320,13320,13320,74,0,894257,FALSE,1,8932341,50019,26708,0.24840472222222224,62.39381472222221,53280
2026-05-20T00:45:00Z,protocol-server,13360,13360,13360,76,0,915751,FALSE,1,8945701,50095,26708,0.2543752777777778,62.648189999999985,53440
2026-05-20T01:00:00Z,protocol-server,13320,13320,13320,74,0,904001,FALSE,1,8959021,50169,26708,0.2511113888888889,62.89930138888887,53280
2026-05-20T01:15:00Z,protocol-server,12640,12640,12640,72,0,918197,FALSE,1,8971661,50241,26708,0.2550547222222222,63.15435611111109,50560
2026-05-20T01:30:00Z,protocol-server,12980,12980,12980,73,0,902437,FALSE,1,8984641,50314,26708,0.25067694444444444,63.405033055555535,51920
2026-05-20T01:45:00Z,protocol-server,13140,13140,13140,73,0,899148,FALSE,1,8997781,50387,26708,0.24976333333333334,63.65479638888887,52560
2026-05-20T02:00:00Z,protocol-server,13700,13700,13700,77,0,908817,FALSE,1,9011481,50464,26708,0.25244916666666667,63.907245555555534,54800
2026-05-20T02:15:00Z,protocol-server,12980,12980,12980,73,0,913451,FALSE,1,9024461,50537,26708,0.2537363888888889,64.16098194444442,51920
2026-05-20T02:30:00Z,protocol-server,12420,12420,12420,69,0,891560,FALSE,1,9036881,50606,26708,0.24765555555555555,64.40863749999997,49680
2026-05-20T02:45:00Z,protocol-server,12620,12620,12620,71,0,911329,FALSE,1,9049501,50677,26708,0.25314694444444447,64.66178444444441,50480
2026-05-20T03:00:00Z,protocol-server,12600,12600,12600,70,0,903341,FALSE,1,9062101,50747,26708,0.25092805555555553,64.91271249999997,50400
2026-05-20T03:15:00Z,protocol-server,13520,13520,13520,76,0,911022,FALSE,1,9075621,50823,26708,0.2530616666666667,65.16577416666664,54080
2026-05-20T03:30:00Z,protocol-server,12980,12980,12980,73,0,906253,FALSE,1,9088601,50896,26708,0.25173694444444444,65.41751111111108,51920
2026-05-20T03:45:00Z,protocol-server,12420,12420,12420,69,0,894212,FALSE,1,9101021,50965,26708,0.2483922222222222,65.6659033333333,49680
2026-05-20T04:00:00Z,protocol-server,12980,12980,12980,73,0,921891,FALSE,1,9114001,51038,26708,0.2560808333333333,65.92198416666663,51920
2026-05-20T04:15:00Z,protocol-server,12980,12980,12980,73,0,909314,FALSE,1,9126981,51111,26708,0.25258722222222224,66.17457138888885,51920
2026-05-20T04:30:00Z,protocol-server,13320,13320,13320,74,0,896238,FALSE,1,9140301,51185,26708,0.248955,66.42352638888885,53280
2026-05-20T04:45:00Z,protocol-server,14060,14060,14060,79,0,901652,FALSE,1,9154361,51264,26708,0.2504588888888889,66.67398527777773,56240
2026-05-20T05:00:00Z,protocol-server,13880,13880,13880,78,0,918845,FALSE,1,9168241,51342,26708,0.2552347222222222,66.92921999999996,55520
2026-05-20T05:15:00Z,protocol-server,14403,14403,14403,81,0,907153,FALSE,1,9182644,51423,26708,0.25198694444444447,67.1812069444444,57612
2026-05-20T05:30:00Z,protocol-server,13520,13520,13520,76,0,907706,FALSE,1,9196164,51499,26708,0.25214055555555553,67.43334749999995,54080
2026-05-20T05:45:00Z,protocol-server,13500,13500,13500,75,0,894072,FALSE,1,9209664,51574,26708,0.24835333333333334,67.68170083333328,54000
2026-05-20T06:00:00Z,protocol-server,13520,13520,13520,76,0,914502,FALSE,1,9223184,51650,26708,0.25402833333333336,67.93572916666662,54080
2026-05-20T06:15:00Z,protocol-server,14040,14040,14040,78,0,892417,FALSE,1,9237224,51728,26708,0.2478936111111111,68.18362277777773,56160
2026-05-20T06:30:00Z,protocol-server,15140,15140,15140,85,0,908261,FALSE,1,9252364,51813,26708,0.2522947222222222,68.43591749999995,60560
2026-05-20T06:45:00Z,protocol-server,15860,15860,15860,89,0,908434,FALSE,1,9268224,51902,26708,0.2523427777777778,68.68826027777773,63440
2026-05-20T07:00:00Z,protocol-server,17120,17120,17120,96,0,917168,FALSE,1,9285344,51998,26708,0.2547688888888889,68.94302916666662,68480
2026-05-20T07:15:00Z,protocol-server,16220,16220,16220,91,0,909150,FALSE,1,9301564,52089,26708,0.25254166666666666,69.19557083333329,64880
2026-05-20T07:30:00Z,protocol-server,16740,16740,16740,93,0,905641,FALSE,1,9318304,52182,26708,0.25156694444444444,69.44713777777774,66960
2026-05-20T07:45:00Z,protocol-server,16940,16940,16940,95,0,903858,FALSE,1,9335244,52277,26708,0.2510716666666667,69.6982094444444,67760
2026-05-20T08:00:00Z,protocol-server,17100,17100,17100,95,0,901477,FALSE,1,9352344,52372,26708,0.2504102777777778,69.94861972222218,68400
2026-05-20T08:15:00Z,protocol-server,16040,16040,16040,90,0,907228,FALSE,1,9368384,52462,26708,0.2520077777777778,70.20062749999995,64160
2026-05-20T08:30:00Z,protocol-server,14300,14300,14300,81,0,906606,FALSE,1,9382684,52543,26708,0.251835,70.45246249999995,57200
2026-05-20T08:45:00Z,protocol-server,13320,13320,13320,74,0,900630,FALSE,1,9396004,52617,26708,0.250175,70.70263749999995,53280
2026-05-20T09:00:00Z,protocol-server,15480,15480,15480,86,0,903811,FALSE,1,9411484,52703,26708,0.2510586111111111,70.95369611111106,61920
2026-05-20T09:15:00Z,protocol-server,14628,14628,14628,83,0,906280,FALSE,1,9426112,52786,26708,0.25174444444444444,71.2054405555555,58512
2026-05-20T09:30:00Z,protocol-server,12780,12780,12780,71,0,894358,FALSE,1,9438892,52857,26708,0.24843277777777778,71.45387333333328,51120
2026-05-20T09:45:00Z,protocol-server,12940,12940,12900,75,1,942295,FALSE,1,9451832,52932,26709,0.2617486111111111,71.7156219444444,51760
2026-05-20T10:00:00Z,protocol-server,12600,12600,12600,70,0,897500,FALSE,1,9464432,53002,26709,0.24930555555555556,71.96492749999994,50400
2026-05-20T10:15:00Z,protocol-server,14220,14220,14220,79,0,896278,FALSE,1,9478652,53081,26709,0.2489661111111111,72.21389361111106,56880
2026-05-20T10:30:00Z,protocol-server,13500,13500,13500,75,0,899880,FALSE,1,9492152,53156,26709,0.24996666666666667,72.46386027777773,54000
2026-05-20T10:45:00Z,protocol-server,12420,12420,12420,69,0,894976,FALSE,1,9504572,53225,26709,0.24860444444444443,72.71246472222217,49680
2026-05-20T11:00:00Z,protocol-server,14580,14580,14580,81,0,904436,FALSE,1,9519152,53306,26709,0.25123222222222225,72.9636969444444,58320
2026-05-20T11:15:00Z,protocol-server,15300,15300,15300,85,0,905455,FALSE,1,9534452,53391,26709,0.25151527777777777,73.21521222222218,61200
2026-05-20T11:30:00Z,protocol-server,17100,17100,17100,95,0,902588,FALSE,1,9551552,53486,26709,0.2507188888888889,73.46593111111106,68400
2026-05-20T11:45:00Z,protocol-server,16200,16200,16200,90,0,897116,FALSE,1,9567752,53576,26709,0.2491988888888889,73.71512999999995,64800
2026-05-20T12:00:00Z,protocol-server,15120,15120,15120,84,0,897134,FALSE,1,9582872,53660,26709,0.2492038888888889,73.96433388888883,60480
2026-05-20T12:15:00Z,protocol-server,14760,14760,14760,82,0,900892,FALSE,1,9597632,53742,26709,0.2502477777777778,74.2145816666666,59040
2026-05-20T12:30:00Z,protocol-server,13668,13668,13500,83,8,891339,FALSE,1,9611300,53825,26717,0.24759416666666667,74.46217583333328,54672
2026-05-20T12:45:00Z,protocol-server,13701,13701,13701,77,0,906318,FALSE,1,9625001,53902,26717,0.251755,74.71393083333328,54804
2026-05-20T13:00:00Z,protocol-server,13341,13341,13341,75,0,903570,FALSE,1,9638342,53977,26717,0.25099166666666667,74.96492249999994,53364
2026-05-20T13:15:00Z,protocol-server,13860,13860,13860,77,0,904817,FALSE,1,9652202,54054,26717,0.25133805555555555,75.2162605555555,55440
2026-05-20T13:30:00Z,protocol-server,13881,13881,13881,78,0,911651,FALSE,1,9666083,54132,26717,0.2532363888888889,75.46949694444439,55524
2026-05-20T13:45:00Z,protocol-server,14220,14220,14220,79,0,899466,FALSE,1,9680303,54211,26717,0.24985166666666667,75.71934861111106,56880
2026-05-20T14:00:00Z,protocol-server,13521,13521,13521,76,0,908492,FALSE,1,9693824,54287,26717,0.2523588888888889,75.97170749999995,54084
2026-05-20T14:15:00Z,protocol-server,12960,12960,12960,72,0,900575,FALSE,1,9706784,54359,26717,0.2501597222222222,76.22186722222217,51840
2026-05-20T14:30:00Z,protocol-server,12960,12960,12960,72,0,890462,FALSE,1,9719744,54431,26717,0.24735055555555555,76.46921777777773,51840
2026-05-20T14:45:00Z,protocol-server,12960,12960,12960,72,0,899378,FALSE,1,9732704,54503,26717,0.24982722222222223,76.71904499999995,51840
2026-05-20T15:00:00Z,protocol-server,12960,12960,12960,72,0,907457,FALSE,1,9745664,54575,26717,0.2520713888888889,76.971116388888845,51840
2026-05-20T15:15:00Z,protocol-server,4680,4680,4680,26,0,306345,FALSE,1,9750344,54601,26717,0.08509583333333333,77.05621222222217,18720
2026-05-20T15:30:00Z,protocol-server,0,0,0,0,0,0,FALSE,0,9750344,54601,26717,0,77.05621222222217,0
2026-05-20T15:45:00Z,protocol-server,1620,1620,1620,9,0,100592,FALSE,1,9751964,54610,26717,0.027942222222222222,77.0841544444444,6480
2026-05-20T16:00:00Z,protocol-server,12960,12960,12960,72,0,899191,FALSE,1,9764924,54682,26717,0.24977527777777778,77.33392972222217,51840
2026-05-20T16:15:00Z,protocol-server,12420,12420,12420,69,0,896840,FALSE,1,9777344,54751,26717,0.24912222222222222,77.58305194444439,49680
2026-05-20T16:30:00Z,protocol-server,12600,12600,12600,70,0,895384,FALSE,1,9789944,54821,26717,0.2487177777777778,77.83176972222218,50400
2026-05-20T16:45:00Z,protocol-server,11901,11901,11880,67,1,913271,FALSE,1,9801845,54888,26718,0.2536863888888889,78.08545611111107,47604
2026-05-20T17:00:00Z,protocol-server,12653,12653,12633,73,1,922493,FALSE,1,9814498,54961,26719,0.2562480555555556,78.34170416666663,50612
2026-05-20T17:15:00Z,protocol-server,13688,13688,13688,77,0,899874,FALSE,1,9828186,55038,26719,0.249965,78.59166916666663,54752
2026-05-20T17:30:00Z,protocol-server,12960,12960,12960,72,0,903379,FALSE,1,9841146,55110,26719,0.2509386111111111,78.84260777777774,51840
2026-05-20T17:45:00Z,protocol-server,12428,12428,12428,70,0,898129,FALSE,1,9853574,55180,26719,0.2494802777777778,79.09208805555552,49712
2026-05-20T18:00:00Z,protocol-server,12240,12240,12240,68,0,907782,FALSE,1,9865814,55248,26719,0.2521616666666667,79.34424972222219,48960
2026-05-20T18:15:00Z,protocol-server,12530,12530,12442,74,4,905954,FALSE,1,9878344,55322,26723,0.2516538888888889,79.59590361111108,50120
2026-05-20T18:30:00Z,protocol-server,13680,13680,13680,76,0,899199,FALSE,1,9892024,55398,26723,0.2497775,79.84568111111108,54720
2026-05-20T18:45:00Z,protocol-server,1644,1644,1644,10,0,107715,FALSE,1,9893668,55408,26723,0.029920833333333334,79.87560194444441,6576
2026-05-20T19:00:00Z,protocol-server,22,22,22,1,0,5237,FALSE,1,9893690,55409,26723,0.0014547222222222223,79.87705666666663,88
2026-05-20T19:15:00Z,protocol-server,0,0,0,0,0,0,FALSE,0,9893690,55409,26723,0,79.87705666666663,0
2026-05-20T19:30:00Z,protocol-server,0,0,0,0,0,0,FALSE,0,9893690,55409,26723,0,79.87705666666663,0
2026-05-20T19:45:00Z,protocol-server,4320,4320,3780,24,3,241629,FALSE,1,9898010,55433,26726,0.06711916666666666,79.9441758333333,17280
2026-05-20T20:00:00Z,protocol-server,10620,10620,10620,59,0,632596,FALSE,1,9908630,55492,26726,0.1757211111111111,80.11989694444442,42480
2026-05-20T20:15:00Z,protocol-server,0,0,0,0,0,0,FALSE,0,9908630,55492,26726,0,80.11989694444442,0
2026-05-20T20:30:00Z,protocol-server,0,0,0,0,0,0,FALSE,0,9908630,55492,26726,0,80.11989694444442,0
2026-05-20T20:45:00Z,protocol-server,0,0,0,0,0,0,FALSE,0,9908630,55492,26726,0,80.11989694444442,0
2026-05-20T21:00:00Z,protocol-server,0,0,0,0,0,0,FALSE,0,9908630,55492,26726,0,80.11989694444442,0
2026-05-20T21:15:00Z,protocol-server,0,0,0,0,0,0,FALSE,0,9908630,55492,26726,0,80.11989694444442,0
2026-05-20T21:30:00Z,protocol-server,360,360,360,2,0,24164,FALSE,1,9908990,55494,26726,0.006712222222222222,80.12660916666664,1440
2026-05-20T21:45:00Z,protocol-server,7560,7560,7560,42,0,434995,FALSE,1,9916550,55536,26726,0.12083194444444445,80.24744111111109,30240
2026-05-20T22:00:00Z,protocol-server,0,0,0,0,0,0,FALSE,0,9916550,55536,26726,0,80.24744111111109,0
2026-05-20T22:15:00Z,protocol-server,360,360,360,2,0,27889,FALSE,1,9916910,55538,26726,0.007746944444444444,80.25518805555554,1440
2026-05-20T22:30:00Z,protocol-server,3600,3600,3600,20,0,225794,FALSE,1,9920510,55558,26726,0.06272055555555556,80.3179086111111,14400
2026-05-20T22:45:00Z,protocol-server,0,0,0,0,0,0,FALSE,0,9920510,55558,26726,0,80.3179086111111,0
2026-05-20T23:00:00Z,protocol-server,5580,5580,5580,31,0,304555,FALSE,1,9926090,55589,26726,0.08459861111111111,80.4025072222222,22320
2026-05-20T23:15:00Z,protocol-server,7920,7920,7920,44,0,495652,FALSE,1,9934010,55633,26726,0.13768111111111112,80.5401883333333,31680
2026-05-20T23:30:00Z,protocol-server,22,22,22,1,0,5122,FALSE,1,9934032,55634,26726,0.0014227777777777778,80.54161111111108,88
2026-05-20T23:45:00Z,protocol-server,22,22,22,1,0,4651,FALSE,1,9934054,55635,26726,0.0012919444444444445,80.54290305555553,88
2026-05-21T00:00:00Z,protocol-server,9720,9720,9720,54,0,583425,FALSE,1,9943774,55689,26726,0.1620625,80.70496555555553,38880
2026-05-21T00:15:00Z,protocol-server,13904,13904,13904,79,0,795718,FALSE,1,9957678,55768,26726,0.22103277777777777,80.92599833333331,55616
2026-05-21T00:30:00Z,protocol-server,0,0,0,0,0,0,FALSE,0,9957678,55768,26726,0,80.92599833333331,0
2026-05-21T00:45:00Z,protocol-server,8144,8144,8144,47,0,515227,FALSE,1,9965822,55815,26726,0.1431186111111111,81.06911694444442,32576
2026-05-21T01:00:00Z,protocol-server,15322,15322,15322,86,0,899323,FALSE,1,9981144,55901,26726,0.24981194444444443,81.31892888888886,61288
2026-05-21T01:15:00Z,protocol-server,15660,15660,15660,87,0,907679,FALSE,1,9996804,55988,26726,0.25213305555555554,81.57106194444442,62640
2026-05-21T01:30:00Z,protocol-server,11542,11542,11542,65,0,742250,FALSE,1,10008346,56053,26726,0.20618055555555556,81.77724249999999,46168
2026-05-21T01:45:00Z,protocol-server,22,22,22,1,0,5187,FALSE,1,10008368,56054,26726,0.0014408333333333332,81.77868333333332,88
2026-05-21T02:00:00Z,protocol-server,360,360,360,2,0,24050,FALSE,1,10008728,56056,26726,0.006680555555555556,81.78536388888888,1440
2026-05-21T02:15:00Z,protocol-server,14962,14962,14962,84,0,906637,FALSE,1,10023690,56140,26726,0.2518436111111111,82.0372075,59848
2026-05-21T02:30:00Z,protocol-server,6840,6840,6300,38,3,366932,FALSE,1,10030530,56178,26729,0.10192555555555556,82.13913305555555,27360
2026-05-21T02:45:00Z,protocol-server,22,22,22,1,0,5419,FALSE,1,10030552,56179,26729,0.0015052777777777777,82.14063833333333,88
2026-05-21T03:00:00Z,protocol-server,9922,9922,9922,56,0,631844,FALSE,1,10040474,56235,26729,0.1755122222222222,82.31615055555555,39688
2026-05-21T03:15:00Z,protocol-server,13860,13860,13320,77,3,830004,FALSE,1,10054334,56312,26732,0.23055666666666666,82.54670722222222,55440
2026-05-21T03:30:00Z,protocol-server,22,22,22,1,0,6626,FALSE,1,10054356,56313,26732,0.0018405555555555556,82.54854777777778,88
2026-05-21T03:45:00Z,protocol-server,14040,14040,14040,78,0,714893,FALSE,1,10068396,56391,26732,0.19858138888888888,82.74712916666667,56160
2026-05-21T04:00:00Z,protocol-server,16582,16582,16582,93,0,907802,FALSE,1,10084978,56484,26732,0.2521672222222222,82.9992963888889,66328
2026-05-21T04:15:00Z,protocol-server,16740,16740,16560,93,1,896182,FALSE,1,10101718,56577,26733,0.24893944444444444,83.24823583333334,66960
2026-05-21T04:30:00Z,protocol-server,16468,16468,13206,95,19,922622,FALSE,1,10118186,56672,26752,0.25628388888888887,83.50451972222223,65872
2026-05-21T04:45:00Z,protocol-server,15322,15322,15322,86,0,900833,FALSE,1,10133508,56758,26752,0.2502313888888889,83.75475111111112,61288
2026-05-21T05:00:00Z,protocol-server,6300,6300,6300,35,0,396125,FALSE,1,10139808,56793,26752,0.11003472222222223,83.86478583333334,25200
2026-05-21T05:15:00Z,protocol-server,6682,6682,6142,38,3,310529,FALSE,1,10146490,56831,26755,0.08625805555555556,83.9510438888889,26728
2026-05-21T05:30:00Z,protocol-server,0,0,0,0,0,0,FALSE,0,10146490,56831,26755,0,83.9510438888889,0
2026-05-21T05:45:00Z,protocol-server,22,22,22,1,0,6731,FALSE,1,10146512,56832,26755,0.0018697222222222223,83.95291361111113,88
2026-05-21T06:00:00Z,protocol-server,8820,8820,8820,49,0,493340,FALSE,1,10155332,56881,26755,0.13703888888888888,84.08995250000002,35280
2026-05-21T06:15:00Z,protocol-server,16222,16222,16222,91,0,906320,FALSE,1,10171554,56972,26755,0.25175555555555557,84.34170805555559,64888
2026-05-21T06:30:00Z,protocol-server,14782,14782,14782,83,0,903543,FALSE,1,10186336,57055,26755,0.2509841666666667,84.59269222222225,59128
2026-05-21T06:45:00Z,protocol-server,10620,10620,10080,59,3,618714,FALSE,1,10196956,57114,26758,0.171865,84.76455722222225,42480
2026-05-21T07:00:00Z,protocol-server,12600,12600,12060,70,3,785372,FALSE,1,10209556,57184,26761,0.2181588888888889,84.98271611111115,50400
2026-05-21T07:15:00Z,protocol-server,0,0,0,0,0,0,FALSE,0,10209556,57184,26761,0,84.98271611111115,0
2026-05-21T07:30:00Z,protocol-server,3802,3802,3802,22,0,226942,FALSE,1,10213358,57206,26761,0.06303944444444444,85.04575555555559,15208
2026-05-21T07:45:00Z,protocol-server,15164,15164,15142,86,1,916176,FALSE,1,10228522,57292,26762,0.25449333333333335,85.30024888888892,60656
2026-05-21T08:00:00Z,protocol-server,8662,8662,8662,49,0,552222,FALSE,1,10237184,57341,26762,0.153395,85.45364388888892,34648
2026-05-21T08:15:00Z,protocol-server,0,0,0,0,0,0,FALSE,0,10237184,57341,26762,0,85.45364388888892,0
2026-05-21T08:30:00Z,protocol-server,7942,7942,7942,45,0,448899,FALSE,1,10245126,57386,26762,0.12469416666666666,85.57833805555559,31768
2026-05-21T08:45:00Z,protocol-server,16020,16020,16020,89,0,903321,FALSE,1,10261146,57475,26762,0.2509225,85.82926055555559,64080
2026-05-21T09:00:00Z,protocol-server,8842,8842,8842,50,0,542434,FALSE,1,10269988,57525,26762,0.15067611111111112,85.9799366666667,35368
2026-05-21T09:15:00Z,protocol-server,22,22,22,1,0,8480,FALSE,1,10270010,57526,26762,0.0023555555555555556,85.98229222222226,88
2026-05-21T09:30:00Z,protocol-server,6120,6120,6120,34,0,448986,FALSE,1,10276130,57560,26762,0.12471833333333333,86.10701055555559,24480
2026-05-21T09:45:00Z,protocol-server,22,22,22,1,0,5110,FALSE,1,10276152,57561,26762,0.0014194444444444445,86.10843000000004,88
2026-05-21T10:00:00Z,protocol-server,3780,3780,3780,21,0,255257,FALSE,1,10279932,57582,26762,0.07090472222222222,86.17933472222226,15120
2026-05-21T10:15:00Z,protocol-server,14760,14760,14760,82,0,892229,FALSE,1,10294692,57664,26762,0.2478413888888889,86.42717611111115,59040
2026-05-21T10:30:00Z,protocol-server,6480,6480,6480,36,0,424389,FALSE,1,10301172,57700,26762,0.11788583333333333,86.54506194444448,25920
2026-05-21T10:45:00Z,protocol-server,22,22,22,1,0,4999,FALSE,1,10301194,57701,26762,0.001388611111111111,86.5464505555556,88
2026-05-21T11:00:00Z,protocol-server,9900,9900,9900,55,0,632631,FALSE,1,10311094,57756,26762,0.17573083333333334,86.72218138888893,39600
2026-05-21T11:15:00Z,protocol-server,6480,6480,6480,36,0,470486,FALSE,1,10317574,57792,26762,0.13069055555555556,86.85287194444449,25920
2026-05-21T11:30:00Z,protocol-server,22,22,22,1,0,4821,FALSE,1,10317596,57793,26762,0.0013391666666666667,86.85421111111116,88
2026-05-21T11:45:00Z,protocol-server,0,0,0,0,0,0,FALSE,0,10317596,57793,26762,0,86.85421111111116,0
2026-05-21T12:00:00Z,protocol-server,5286,5286,5264,32,1,280986,FALSE,1,10322882,57825,26763,0.07805166666666667,86.93226277777782,21144
2026-05-21T12:15:00Z,protocol-server,16020,16020,16020,89,0,901899,FALSE,1,10338902,57914,26763,0.2505275,87.18279027777783,64080
2026-05-21T12:30:00Z,protocol-server,14602,14602,14602,82,0,912704,FALSE,1,10353504,57996,26763,0.2535288888888889,87.43631916666672,58408
2026-05-21T12:45:00Z,protocol-server,14580,14580,14580,81,0,891664,FALSE,1,10368084,58077,26763,0.24768444444444446,87.68400361111117,58320
2026-05-21T13:00:00Z,protocol-server,9742,9742,9202,55,3,675979,FALSE,1,10377826,58132,26766,0.18777194444444445,87.87177555555562,38968
2026-05-21T13:15:00Z,protocol-server,3824,3824,3284,23,3,253000,FALSE,1,10381650,58155,26769,0.07027777777777777,87.94205333333339,15296
2026-05-21T13:30:00Z,protocol-server,0,0,0,0,0,0,FALSE,0,10381650,58155,26769,0,87.94205333333339,0
2026-05-21T13:45:00Z,protocol-server,22,22,22,1,0,6197,FALSE,1,10381672,58156,26769,0.0017213888888888888,87.94377472222227,88
2026-05-21T14:00:00Z,protocol-server,0,0,0,0,0,0,FALSE,0,10381672,58156,26769,0,87.94377472222227,0
2026-05-21T14:15:00Z,protocol-server,2384,2384,2384,15,0,183357,FALSE,1,10384056,58171,26769,0.0509325,87.99470722222227,9536
2026-05-21T14:30:00Z,protocol-server,10440,10440,10440,58,0,734522,FALSE,1,10394496,58229,26769,0.20403388888888888,88.19874111111116,41760
2026-05-21T14:45:00Z,protocol-server,9922,9922,9922,56,0,689456,FALSE,1,10404418,58285,26769,0.19151555555555555,88.39025666666672,39688
2026-05-21T15:00:00Z,protocol-server,22,22,22,1,0,4921,FALSE,1,10404440,58286,26769,0.0013669444444444445,88.39162361111116,88
2026-05-21T15:15:00Z,protocol-server,8640,8640,8640,48,0,516634,FALSE,1,10413080,58334,26769,0.14350944444444444,88.5351330555556,34560
2026-05-21T15:30:00Z,protocol-server,12982,12982,12802,73,1,899935,FALSE,1,10426062,58407,26770,0.24998194444444444,88.78511500000005,51928
2026-05-21T15:45:00Z,protocol-server,5760,5760,5760,32,0,387455,FALSE,1,10431822,58439,26770,0.10762638888888888,88.89274138888894,23040
2026-05-21T16:00:00Z,protocol-server,22,22,22,1,0,4898,FALSE,1,10431844,58440,26770,0.0013605555555555556,88.89410194444449,88
2026-05-21T16:15:00Z,protocol-server,0,0,0,0,0,0,FALSE,0,10431844,58440,26770,0,88.89410194444449,0
2026-05-21T16:30:00Z,protocol-server,22,22,22,1,0,4797,FALSE,1,10431866,58441,26770,0.0013325,88.89543444444449,88
2026-05-21T16:45:00Z,protocol-server,0,0,0,0,0,0,FALSE,0,10431866,58441,26770,0,88.89543444444449,0
2026-05-21T17:00:00Z,protocol-server,22,22,22,1,0,4595,FALSE,1,10431888,58442,26770,0.001276388888888889,88.89671083333337,88
2026-05-21T17:15:00Z,protocol-server,22,22,22,1,0,4511,FALSE,1,10431910,58443,26770,0.0012530555555555556,88.89796388888892,88
2026-05-21T17:30:00Z,protocol-server,0,0,0,0,0,0,FALSE,0,10431910,58443,26770,0,88.89796388888892,0
2026-05-21T17:45:00Z,protocol-server,22,22,22,1,0,4748,FALSE,1,10431932,58444,26770,0.001318888888888889,88.89928277777781,88
2026-05-21T18:00:00Z,protocol-server,0,0,0,0,0,0,FALSE,0,10431932,58444,26770,0,88.89928277777781,0
2026-05-21T18:15:00Z,protocol-server,22,22,22,1,0,4532,FALSE,1,10431954,58445,26770,0.0012588888888888888,88.9005416666667,88
2026-05-21T18:30:00Z,protocol-server,22,22,22,1,0,6871,FALSE,1,10431976,58446,26770,0.0019086111111111111,88.9024502777778,88
2026-05-21T18:45:00Z,protocol-server,0,0,0,0,0,0,FALSE,0,10431976,58446,26770,0,88.9024502777778,0
2026-05-21T19:00:00Z,protocol-server,22,22,22,1,0,6377,FALSE,1,10431998,58447,26770,0.001771388888888889,88.90422166666669,88
2026-05-21T19:15:00Z,protocol-server,0,0,0,0,0,0,FALSE,0,10431998,58447,26770,0,88.90422166666669,0
2026-05-21T19:30:00Z,protocol-server,22,22,22,1,0,5436,FALSE,1,10432020,58448,26770,0.00151,88.90573166666668,88
2026-05-21T19:45:00Z,protocol-server,22,22,22,1,0,5799,FALSE,1,10432042,58449,26770,0.0016108333333333333,88.90734250000001,88
2026-05-21T20:00:00Z,protocol-server,0,0,0,0,0,0,FALSE,0,10432042,58449,26770,0,88.90734250000001,0
2026-05-21T20:15:00Z,protocol-server,22,22,22,1,0,12863,FALSE,1,10432064,58450,26770,0.0035730555555555554,88.91091555555556,88
2026-05-21T20:30:00Z,protocol-server,0,0,0,0,0,0,FALSE,0,10432064,58450,26770,0,88.91091555555556,0
2026-05-21T20:45:00Z,protocol-server,0,0,0,0,0,0,FALSE,0,10432064,58450,26770,0,88.91091555555556,0
2026-05-21T21:00:00Z,protocol-server,745,745,745,13,0,336335,FALSE,1,10432809,58463,26770,0.09342638888888889,89.00434194444445,2980
2026-05-21T21:15:00Z,protocol-server,500,500,500,25,0,251330,FALSE,1,10433309,58488,26770,0.06981388888888888,89.07415583333334,2000
2026-05-21T21:30:00Z,protocol-server,0,0,0,0,0,0,FALSE,0,10433309,58488,26770,0,89.07415583333334,0
2026-05-21T21:45:00Z,protocol-server,0,0,0,0,0,0,FALSE,0,10433309,58488,26770,0,89.07415583333334,0
2026-05-21T22:00:00Z,protocol-server,360,360,360,2,0,48723,FALSE,1,10433669,58490,26770,0.013534166666666667,89.08769000000001,1440
2026-05-21T22:15:00Z,protocol-server,1080,1080,180,6,5,482024,FALSE,1,10434749,58496,26775,0.13389555555555555,89.22158555555556,4320
2026-05-21T22:30:00Z,protocol-server,1705,1705,985,15,4,691988,FALSE,1,10436454,58511,26779,0.19221888888888888,89.41380444444445,6820
2026-05-21T22:45:00Z,protocol-server,2160,2160,2160,36,0,899275,FALSE,1,10438614,58547,26779,0.24979861111111112,89.66360305555557,8640
2026-05-21T23:00:00Z,protocol-server,1285,1285,1285,22,0,527917,FALSE,1,10439899,58569,26779,0.1466436111111111,89.81024666666669,5140
2026-05-21T23:15:00Z,protocol-server,0,0,0,0,0,0,FALSE,0,10439899,58569,26779,0,89.81024666666669,0
2026-05-21T23:30:00Z,protocol-server,120,120,120,2,0,45486,FALSE,1,10440019,58571,26779,0.012635,89.82288166666669,480
2026-05-21T23:45:00Z,protocol-server,960,960,840,16,2,378534,FALSE,1,10440979,58587,26781,0.10514833333333333,89.92803000000002,3840
2026-05-22T00:00:00Z,protocol-server,120,120,120,2,0,54724,FALSE,1,10441099,58589,26781,0.015201111111111111,89.94323111111113,480
2026-05-22T00:15:00Z,protocol-server,0,0,0,0,0,0,FALSE,0,10441099,58589,26781,0,89.94323111111113,0
2026-05-22T00:30:00Z,protocol-server,1105,1105,385,7,4,512351,FALSE,1,10442204,58596,26785,0.14231972222222222,90.08555083333336,4420
2026-05-22T00:45:00Z,protocol-server,1080,1080,1000,27,2,643525,FALSE,1,10443284,58623,26787,0.17875694444444445,90.2643077777778,4320
2026-05-22T01:00:00Z,protocol-server,440,440,360,11,2,202784,FALSE,1,10443724,58634,26789,0.05632888888888889,90.32063666666669,1760
2026-05-22T01:15:00Z,protocol-server,51,51,26,3,1,27443,FALSE,1,10443775,58637,26790,0.007623055555555556,90.32825972222224,204
2026-05-22T01:30:00Z,protocol-server,0,0,0,0,0,0,FALSE,0,10443775,58637,26790,0,90.32825972222224,0
2026-05-22T01:45:00Z,protocol-server,120,120,0,2,2,1253,FALSE,1,10443895,58639,26792,3.4805555555555555e-4,90.3286077777778,480
2026-05-22T02:00:00Z,protocol-server,120,120,120,2,0,53063,FALSE,1,10444015,58641,26792,0.014739722222222222,90.34334750000002,480
2026-05-22T02:15:00Z,protocol-server,1260,1260,720,7,3,160763,FALSE,1,10445275,58648,26795,0.04465638888888889,90.3880038888889,5040
2026-05-22T02:30:00Z,protocol-server,2163,2163,1441,15,6,494016,FALSE,1,10447438,58663,26801,0.13722666666666666,90.52523055555557,8652
2026-05-22T02:45:00Z,protocol-server,1260,1260,900,7,2,233667,FALSE,1,10448698,58670,26803,0.0649075,90.59013805555557,5040
2026-05-22T03:00:00Z,protocol-server,0,0,0,0,0,0,FALSE,0,10448698,58670,26803,0,90.59013805555557,0
2026-05-22T03:15:00Z,protocol-server,1525,1525,1525,26,0,566534,FALSE,1,10450223,58696,26803,0.15737055555555557,90.74750861111113,6100
2026-05-22T03:30:00Z,protocol-server,2220,2220,2160,37,1,882364,FALSE,1,10452443,58733,26804,0.2451011111111111,90.99260972222224,8880
2026-05-22T03:45:00Z,protocol-server,2220,2220,2220,37,0,915494,FALSE,1,10454663,58770,26804,0.2543038888888889,91.24691361111113,8880
2026-05-22T04:00:00Z,protocol-server,240,240,120,4,2,84325,FALSE,1,10454903,58774,26806,0.02342361111111111,91.27033722222224,960
2026-05-22T04:15:00Z,protocol-server,25,25,25,1,0,15083,FALSE,1,10454928,58775,26806,0.004189722222222222,91.27452694444446,100
2026-05-22T04:30:00Z,protocol-server,25,25,25,1,0,14689,FALSE,1,10454953,58776,26806,0.004080277777777778,91.27860722222223,100
2026-05-22T04:45:00Z,protocol-server,0,0,0,0,0,0,FALSE,0,10454953,58776,26806,0,91.27860722222223,0
2026-05-22T05:00:00Z,protocol-server,25,25,25,1,0,14019,FALSE,1,10454978,58777,26806,0.003894166666666667,91.2825013888889,100
2026-05-22T05:15:00Z,protocol-server,0,0,0,0,0,0,FALSE,0,10454978,58777,26806,0,91.2825013888889,0
2026-05-22T05:30:00Z,protocol-server,25,25,25,1,0,14190,FALSE,1,10455003,58778,26806,0.003941666666666666,91.28644305555557,100
2026-05-22T05:45:00Z,protocol-server,0,0,0,0,0,0,FALSE,0,10455003,58778,26806,0,91.28644305555557,0
2026-05-22T06:00:00Z,protocol-server,25,25,25,1,0,16004,FALSE,1,10455028,58779,26806,0.004445555555555556,91.29088861111111,100
2026-05-22T06:15:00Z,protocol-server,0,0,0,0,0,0,FALSE,0,10455028,58779,26806,0,91.29088861111111,0
2026-05-22T06:30:00Z,protocol-server,1710,1710,1350,17,2,375941,FALSE,1,10456738,58796,26808,0.10442805555555555,91.39531666666667,6840
2026-05-22T06:45:00Z,protocol-server,2185,2185,1915,25,3,934190,FALSE,1,10458923,58821,26811,0.2594972222222222,91.6548138888889,8740
2026-05-22T07:00:00Z,protocol-server,3420,3420,3420,38,0,910644,FALSE,1,10462343,58859,26811,0.25295666666666666,91.90777055555556,13680
2026-05-22T07:15:00Z,protocol-server,3085,3085,3085,35,0,905075,FALSE,1,10465428,58894,26811,0.25140972222222224,92.15918027777778,12340
2026-05-22T07:30:00Z,protocol-server,1350,1350,900,15,5,879526,FALSE,1,10466778,58909,26816,0.24431277777777777,92.40349305555556,5400
2026-05-22T07:45:00Z,protocol-server,1620,1620,1440,18,2,559109,FALSE,1,10468398,58927,26818,0.15530805555555555,92.55880111111111,6480
2026-05-22T08:00:00Z,protocol-server,925,925,385,6,3,453500,FALSE,1,10469323,58933,26821,0.12597222222222224,92.68477333333333,3700
2026-05-22T08:15:00Z,protocol-server,2580,2580,2580,43,0,902261,FALSE,1,10471903,58976,26821,0.25062805555555556,92.93540138888888,10320
2026-05-22T08:30:00Z,protocol-server,2545,2545,2545,43,0,910521,FALSE,1,10474448,59019,26821,0.2529225,93.18832388888887,10180
2026-05-22T08:45:00Z,protocol-server,2640,2640,2640,44,0,896572,FALSE,1,10477088,59063,26821,0.24904777777777778,93.43737166666665,10560
2026-05-22T09:00:00Z,protocol-server,2580,2580,2580,43,0,915031,FALSE,1,10479668,59106,26821,0.25417527777777776,93.69154694444443,10320
2026-05-22T09:15:00Z,protocol-server,2570,2570,2570,44,0,936362,FALSE,1,10482238,59150,26821,0.26010055555555556,93.95164749999998,10280
2026-05-22T09:30:00Z,protocol-server,2580,2580,2580,43,0,899081,FALSE,1,10484818,59193,26821,0.24974472222222222,94.2013922222222,10320
2026-05-22T09:45:00Z,protocol-server,2701,2701,2701,47,0,942253,FALSE,1,10487519,59240,26821,0.26173694444444445,94.46312916666665,10804
2026-05-22T10:00:00Z,protocol-server,2340,2340,2340,39,0,880514,FALSE,1,10489859,59279,26821,0.24458722222222223,94.70771638888887,9360
2026-05-22T10:15:00Z,protocol-server,2305,2305,2305,39,0,920452,FALSE,1,10492164,59318,26821,0.25568111111111114,94.96339749999999,9220
2026-05-22T10:30:00Z,protocol-server,2160,2160,2160,36,0,916726,FALSE,1,10494324,59354,26821,0.25464611111111113,95.2180436111111,8640
2026-05-22T10:45:00Z,protocol-server,2185,2185,2185,37,0,911670,FALSE,1,10496509,59391,26821,0.25324166666666664,95.47128527777777,8740
2026-05-22T11:00:00Z,protocol-server,2545,2545,2545,43,0,910591,FALSE,1,10499054,59434,26821,0.25294194444444446,95.72422722222221,10180
2026-05-22T11:15:00Z,protocol-server,2400,2400,2400,40,0,898978,FALSE,1,10501454,59474,26821,0.2497161111111111,95.97394333333332,9600
2026-05-22T11:30:00Z,protocol-server,2220,2220,2220,38,0,948382,FALSE,1,10503674,59512,26821,0.26343944444444445,96.23738277777777,8880
2026-05-22T11:45:00Z,protocol-server,2340,2340,2340,39,0,902855,FALSE,1,10506014,59551,26821,0.25079305555555553,96.48817583333333,9360
2026-05-22T12:00:00Z,protocol-server,2725,2725,2725,46,0,910898,FALSE,1,10508739,59597,26821,0.25302722222222224,96.74120305555554,10900
2026-05-22T12:15:00Z,protocol-server,2820,2820,2820,47,0,905465,FALSE,1,10511559,59644,26821,0.25151805555555556,96.9927211111111,11280
2026-05-22T12:30:00Z,protocol-server,2280,2280,2160,38,2,783971,FALSE,1,10513839,59682,26823,0.2177697222222222,97.21049083333332,9120
2026-05-22T12:45:00Z,protocol-server,25,25,25,1,0,14804,FALSE,1,10513864,59683,26823,0.004112222222222222,97.21460305555554,100
2026-05-22T13:00:00Z,protocol-server,0,0,0,0,0,0,FALSE,0,10513864,59683,26823,0,97.21460305555554,0
2026-05-22T13:15:00Z,protocol-server,1045,1045,1045,18,0,476533,FALSE,1,10514909,59701,26823,0.13237027777777777,97.34697333333332,4180
2026-05-22T13:30:00Z,protocol-server,2220,2220,2220,37,0,888653,FALSE,1,10517129,59738,26823,0.24684805555555556,97.59382138888888,8880
2026-05-22T13:45:00Z,protocol-server,2245,2245,2245,38,0,942669,FALSE,1,10519374,59776,26823,0.2618525,97.85567388888889,8980
2026-05-22T14:00:00Z,protocol-server,1610,1610,1490,28,2,684007,FALSE,1,10520984,59804,26825,0.19000194444444443,98.04567583333333,6440
2026-05-22T14:15:00Z,protocol-server,180,180,0,1,1,120072,FALSE,1,10521164,59805,26826,0.03335333333333333,98.07902916666667,720
2026-05-22T14:30:00Z,protocol-server,1645,1645,1285,24,2,805065,FALSE,1,10522809,59829,26828,0.22362916666666666,98.30265833333334,6580
2026-05-22T14:45:00Z,protocol-server,565,565,505,10,1,301670,FALSE,1,10523374,59839,26829,0.08379722222222222,98.38645555555556,2260
2026-05-22T15:00:00Z,protocol-server,2065,2065,2065,35,0,928333,FALSE,1,10525439,59874,26829,0.25787027777777777,98.64432583333334,8260
2026-05-22T15:15:00Z,protocol-server,1980,1980,1980,33,0,891203,FALSE,1,10527419,59907,26829,0.2475563888888889,98.89188222222224,7920
2026-05-22T15:30:00Z,protocol-server,1705,1705,1705,29,0,912675,FALSE,1,10529124,59936,26829,0.2535208333333333,99.14540305555558,6820
2026-05-22T15:45:00Z,protocol-server,1645,1645,1645,28,0,892428,FALSE,1,10530769,59964,26829,0.24789666666666665,99.39329972222224,6580
2026-05-22T16:00:00Z,protocol-server,1800,1800,1800,30,0,937974,FALSE,1,10532569,59994,26829,0.2605483333333333,99.65384805555557,7200
2026-05-22T16:15:00Z,protocol-server,1680,1680,1680,28,0,875161,FALSE,1,10534249,60022,26829,0.2431002777777778,99.89694833333336,6720
2026-05-22T16:30:00Z,protocol-server,1800,1800,1800,30,0,900735,FALSE,1,10536049,60052,26829,0.25020416666666667,100.14715250000002,7200
2026-05-22T16:45:00Z,protocol-server,2040,2040,2040,34,0,923288,FALSE,1,10538089,60086,26829,0.2564688888888889,100.40362138888891,8160
2026-05-22T17:00:00Z,protocol-server,1860,1860,1860,31,0,892442,FALSE,1,10539949,60117,26829,0.24790055555555557,100.65152194444447,7440
2026-05-22T17:15:00Z,protocol-server,1980,1980,1980,33,0,884719,FALSE,1,10541929,60150,26829,0.24575527777777778,100.89727722222224,7920
2026-05-22T17:30:00Z,protocol-server,1920,1920,1920,32,0,920145,FALSE,1,10543849,60182,26829,0.25559583333333336,101.15287305555557,7680
2026-05-22T17:45:00Z,protocol-server,1680,1680,1680,28,0,879512,FALSE,1,10545529,60210,26829,0.24430888888888888,101.39718194444447,6720
2026-05-22T18:00:00Z,protocol-server,1680,1680,1680,28,0,896189,FALSE,1,10547209,60238,26829,0.2489413888888889,101.64612333333336,6720
2026-05-22T18:15:00Z,protocol-server,2115,2115,2115,37,0,1020241,FALSE,1,10549324,60275,26829,0.28340027777777776,101.92952361111114,8460
2026-05-22T18:30:00Z,protocol-server,2280,2280,2280,38,0,893296,FALSE,1,10551604,60313,26829,0.2481377777777778,102.17766138888891,9120
2026-05-22T18:45:00Z,protocol-server,2246,2246,2246,39,0,927175,FALSE,1,10553850,60352,26829,0.2575486111111111,102.43521000000001,8984
2026-05-22T19:00:00Z,protocol-server,2100,2100,2100,35,0,909812,FALSE,1,10555950,60387,26829,0.25272555555555554,102.68793555555557,8400
2026-05-22T19:15:00Z,protocol-server,2125,2125,2125,36,0,923339,FALSE,1,10558075,60423,26829,0.25648305555555556,102.94441861111112,8500
2026-05-22T19:30:00Z,protocol-server,1980,1980,1980,33,0,885272,FALSE,1,10560055,60456,26829,0.2459088888888889,103.19032750000001,7920
2026-05-22T19:45:00Z,protocol-server,2100,2100,2100,35,0,919629,FALSE,1,10562155,60491,26829,0.2554525,103.44578000000001,8400
2026-05-22T20:00:00Z,protocol-server,730,730,550,13,3,415025,FALSE,1,10562885,60504,26832,0.11528472222222222,103.56106472222224,2920
2026-05-22T20:15:00Z,protocol-server,0,0,0,0,0,0,FALSE,0,10562885,60504,26832,0,103.56106472222224,0
2026-05-22T20:30:00Z,protocol-server,2365,2365,1825,14,3,519831,FALSE,1,10565250,60518,26835,0.1443975,103.70546222222224,9460
2026-05-22T20:45:00Z,protocol-server,0,0,0,0,0,0,FALSE,0,10565250,60518,26835,0,103.70546222222224,0
2026-05-22T21:00:00Z,protocol-server,25,25,25,1,0,21292,FALSE,1,10565275,60519,26835,0.005914444444444444,103.71137666666668,100
2026-05-22T21:15:00Z,protocol-server,0,0,0,0,0,0,FALSE,0,10565275,60519,26835,0,103.71137666666668,0
2026-05-22T21:30:00Z,protocol-server,1800,1800,1800,10,0,353502,FALSE,1,10567075,60529,26835,0.098195,103.80957166666668,7200
2026-05-22T21:45:00Z,protocol-server,2725,2725,2185,16,3,779554,FALSE,1,10569800,60545,26838,0.21654277777777778,104.02611444444446,10900
2026-05-22T22:00:00Z,protocol-server,0,0,0,0,0,0,FALSE,0,10569800,60545,26838,0,104.02611444444446,0
2026-05-22T22:15:00Z,protocol-server,1285,1285,1285,8,0,283988,FALSE,1,10571085,60553,26838,0.07888555555555556,104.10500000000002,5140
2026-05-22T22:30:00Z,protocol-server,2545,2545,2005,15,3,838065,FALSE,1,10573630,60568,26841,0.23279583333333334,104.33779583333335,10180
2026-05-22T22:45:00Z,protocol-server,50,50,50,2,0,29581,FALSE,1,10573680,60570,26841,0.008216944444444445,104.34601277777779,200
2026-05-22T23:00:00Z,protocol-server,0,0,0,0,0,0,FALSE,0,10573680,60570,26841,0,104.34601277777779,0
2026-05-22T23:15:00Z,protocol-server,2210,2210,1670,14,3,816455,FALSE,1,10575890,60584,26844,0.22679305555555557,104.57280583333335,8840
2026-05-22T23:30:00Z,protocol-server,0,0,0,0,0,0,FALSE,0,10575890,60584,26844,0,104.57280583333335,0
2026-05-22T23:45:00Z,protocol-server,25,25,25,1,0,15378,FALSE,1,10575915,60585,26844,0.004271666666666667,104.57707750000002,100
2026-05-23T00:00:00Z,protocol-server,25,25,25,1,0,14939,FALSE,1,10575940,60586,26844,0.004149722222222222,104.58122722222224,100
2026-05-23T00:15:00Z,protocol-server,1081,1081,541,7,3,459770,FALSE,1,10577021,60593,26847,0.12771388888888888,104.70894111111113,4324
2026-05-23T00:30:00Z,protocol-server,3085,3085,2545,18,3,852569,FALSE,1,10580106,60611,26850,0.23682472222222223,104.94576583333335,12340
2026-05-23T00:45:00Z,protocol-server,1800,1800,1800,30,0,605993,FALSE,1,10581906,60641,26850,0.16833138888888888,105.11409722222224,7200
2026-05-23T01:00:00Z,protocol-server,2605,2605,2605,44,0,900560,FALSE,1,10584511,60685,26850,0.2501555555555556,105.36425277777779,10420
2026-05-23T01:15:00Z,protocol-server,2700,2700,2700,45,0,903010,FALSE,1,10587211,60730,26850,0.2508361111111111,105.6150888888889,10800
2026-05-23T01:30:00Z,protocol-server,2580,2580,2580,43,0,917755,FALSE,1,10589791,60773,26850,0.25493194444444445,105.87002083333336,10320
2026-05-23T01:45:00Z,protocol-server,685,685,565,12,2,219556,FALSE,1,10590476,60785,26852,0.06098777777777778,105.93100861111114,2740
2026-05-23T02:00:00Z,protocol-server,600,600,600,10,0,218839,FALSE,1,10591076,60795,26852,0.06078861111111111,105.99179722222225,2400
2026-05-23T02:15:00Z,protocol-server,2570,2570,2570,44,0,935426,FALSE,1,10593646,60839,26852,0.2598405555555556,106.2516377777778,10280
2026-05-23T02:30:00Z,protocol-server,2580,2580,2580,43,0,900081,FALSE,1,10596226,60882,26852,0.2500225,106.5016602777778,10320
2026-05-23T02:45:00Z,protocol-server,2665,2665,2665,45,0,917976,FALSE,1,10598891,60927,26852,0.25499333333333335,106.75665361111113,10660
2026-05-23T03:00:00Z,protocol-server,2400,2400,2400,40,0,899448,FALSE,1,10601291,60967,26852,0.24984666666666666,107.0065002777778,9600
2026-05-23T03:15:00Z,protocol-server,2425,2425,2425,41,0,895887,FALSE,1,10603716,61008,26852,0.2488575,107.2553577777778,9700
2026-05-23T03:30:00Z,protocol-server,2125,2125,2005,36,2,766242,FALSE,1,10605841,61044,26854,0.212845,107.4682027777778,8500
2026-05-23T03:45:00Z,protocol-server,25,25,25,1,0,21170,FALSE,1,10605866,61045,26854,0.0058805555555555555,107.47408333333335,100
2026-05-23T04:00:00Z,protocol-server,0,0,0,0,0,0,FALSE,0,10605866,61045,26854,0,107.47408333333335,0
2026-05-23T04:15:00Z,protocol-server,1825,1825,1285,11,3,625555,FALSE,1,10607691,61056,26857,0.17376527777777778,107.64784861111113,7300
2026-05-23T04:30:00Z,protocol-server,0,0,0,0,0,0,FALSE,0,10607691,61056,26857,0,107.64784861111113,0
2026-05-23T04:45:00Z,protocol-server,0,0,0,0,0,0,FALSE,0,10607691,61056,26857,0,107.64784861111113,0
2026-05-23T05:00:00Z,protocol-server,25,25,25,1,0,15371,FALSE,1,10607716,61057,26857,0.0042697222222222225,107.65211833333335,100
2026-05-23T05:15:00Z,protocol-server,25,25,25,1,0,19475,FALSE,1,10607741,61058,26857,0.005409722222222222,107.65752805555557,100
2026-05-23T05:30:00Z,protocol-server,25,25,25,1,0,16052,FALSE,1,10607766,61059,26857,0.004458888888888889,107.66198694444446,100
2026-05-23T05:45:00Z,protocol-server,2520,2520,2520,14,0,492928,FALSE,1,10610286,61073,26857,0.13692444444444443,107.79891138888891,10080
2026-05-23T06:00:00Z,protocol-server,1080,1080,540,6,3,482725,FALSE,1,10611366,61079,26860,0.13409027777777777,107.93300166666668,4320
2026-05-23T06:15:00Z,protocol-server,0,0,0,0,0,0,FALSE,0,10611366,61079,26860,0,107.93300166666668,0
2026-05-23T06:30:00Z,protocol-server,385,385,205,3,1,181656,FALSE,1,10611751,61082,26861,0.05046,107.98346166666668,1540
2026-05-23T06:45:00Z,protocol-server,360,360,0,2,2,240130,FALSE,1,10612111,61084,26863,0.06670277777777778,108.05016444444446,1440
2026-05-23T07:00:00Z,protocol-server,0,0,0,0,0,0,FALSE,0,10612111,61084,26863,0,108.05016444444446,0
2026-05-23T07:15:00Z,protocol-server,2905,2905,2905,17,0,482016,FALSE,1,10615016,61101,26863,0.13389333333333334,108.1840577777778,11620
2026-05-23T07:30:00Z,protocol-server,5400,5400,5400,30,0,911993,FALSE,1,10620416,61131,26863,0.2533313888888889,108.43738916666669,21600
2026-05-23T07:45:00Z,protocol-server,5245,5245,5245,30,0,886488,FALSE,1,10625661,61161,26863,0.24624666666666667,108.68363583333335,20980
2026-05-23T08:00:00Z,protocol-server,5220,5220,5220,29,0,911570,FALSE,1,10630881,61190,26863,0.2532138888888889,108.93684972222225,20880
2026-05-23T08:15:00Z,protocol-server,5220,5220,5220,29,0,898178,FALSE,1,10636101,61219,26863,0.24949388888888888,109.18634361111114,20880
2026-05-23T08:30:00Z,protocol-server,5245,5245,5245,30,0,913236,FALSE,1,10641346,61249,26863,0.25367666666666666,109.4400202777778,20980
2026-05-23T08:45:00Z,protocol-server,5040,5040,5040,28,0,907932,FALSE,1,10646386,61277,26863,0.25220333333333333,109.69222361111113,20160
2026-05-23T09:00:00Z,protocol-server,5245,5245,5245,30,0,902514,FALSE,1,10651631,61307,26863,0.25069833333333336,109.94292194444446,20980
2026-05-23T09:15:00Z,protocol-server,5580,5580,5580,31,0,907577,FALSE,1,10657211,61338,26863,0.25210472222222224,110.19502666666669,22320
2026-05-23T09:30:00Z,protocol-server,4910,4910,4910,29,0,924806,FALSE,1,10662121,61367,26863,0.25689055555555557,110.45191722222225,19640
2026-05-23T09:45:00Z,protocol-server,916,916,720,6,2,161467,FALSE,1,10663037,61373,26865,0.044851944444444444,110.4967691666667,3664
2026-05-23T10:00:00Z,protocol-server,0,0,0,0,0,0,FALSE,0,10663037,61373,26865,0,110.4967691666667,0
2026-05-23T10:15:00Z,protocol-server,50,50,50,2,0,35211,FALSE,1,10663087,61375,26865,0.009780833333333334,110.50655000000003,200
2026-05-23T10:30:00Z,protocol-server,2545,2545,2545,15,0,455837,FALSE,1,10665632,61390,26865,0.12662138888888888,110.63317138888893,10180
2026-05-23T10:45:00Z,protocol-server,4680,4680,4680,26,0,902036,FALSE,1,10670312,61416,26865,0.25056555555555554,110.88373694444448,18720
2026-05-23T11:00:00Z,protocol-server,3625,3625,3265,21,2,631389,FALSE,1,10673937,61437,26867,0.17538583333333332,111.05912277777782,14500
2026-05-23T11:15:00Z,protocol-server,0,0,0,0,0,0,FALSE,0,10673937,61437,26867,0,111.05912277777782,0
2026-05-23T11:30:00Z,protocol-server,4705,4705,4705,27,0,773488,FALSE,1,10678642,61464,26867,0.2148577777777778,111.2739805555556,18820
2026-05-23T11:45:00Z,protocol-server,5220,5220,5220,29,0,892562,FALSE,1,10683862,61493,26867,0.2479338888888889,111.52191444444449,20880
2026-05-23T12:00:00Z,protocol-server,5424,5424,5221,32,2,886029,FALSE,1,10689286,61525,26869,0.24611916666666667,111.76803361111116,21696
2026-05-23T12:15:00Z,protocol-server,0,0,0,0,0,0,FALSE,0,10689286,61525,26869,0,111.76803361111116,0
2026-05-23T12:30:00Z,protocol-server,25,25,25,1,0,14490,FALSE,1,10689311,61526,26869,0.004025,111.77205861111116,100
2026-05-23T12:45:00Z,protocol-server,0,0,0,0,0,0,FALSE,0,10689311,61526,26869,0,111.77205861111116,0
2026-05-23T13:00:00Z,protocol-server,0,0,0,0,0,0,FALSE,0,10689311,61526,26869,0,111.77205861111116,0
2026-05-23T13:15:00Z,protocol-server,25,25,25,1,0,14279,FALSE,1,10689336,61527,26869,0.003966388888888889,111.77602500000005,100
2026-05-23T13:30:00Z,protocol-server,4140,4140,4140,23,0,736193,FALSE,1,10693476,61550,26869,0.20449805555555556,111.98052305555561,16560
2026-05-23T13:45:00Z,protocol-server,5425,5425,5425,31,0,900224,FALSE,1,10698901,61581,26869,0.25006222222222224,112.23058527777783,21700
2026-05-23T14:00:00Z,protocol-server,5223,5223,5223,30,0,915423,FALSE,1,10704124,61611,26869,0.25428416666666664,112.4848694444445,20892
2026-05-23T14:15:00Z,protocol-server,5425,5425,5425,31,0,913329,FALSE,1,10709549,61642,26869,0.2537025,112.7385719444445,21700
2026-05-23T14:30:00Z,protocol-server,5040,5040,5040,28,0,900136,FALSE,1,10714589,61670,26869,0.2500377777777778,112.98860972222228,20160
2026-05-23T14:45:00Z,protocol-server,5040,5040,5040,28,0,905605,FALSE,1,10719629,61698,26869,0.25155694444444443,113.24016666666672,20160
2026-05-23T15:00:00Z,protocol-server,5245,5245,5245,30,0,898864,FALSE,1,10724874,61728,26869,0.24968444444444443,113.48985111111116,20980
2026-05-23T15:15:00Z,protocol-server,2730,2730,2345,17,3,522874,FALSE,1,10727604,61745,26872,0.14524277777777778,113.63509388888895,10920
2026-05-23T15:30:00Z,protocol-server,5785,5785,5785,33,0,917671,FALSE,1,10733389,61778,26872,0.2549086111111111,113.89000250000005,23140
2026-05-23T15:45:00Z,protocol-server,5065,5065,5065,29,0,944795,FALSE,1,10738454,61807,26872,0.2624430555555556,114.1524455555556,20260
2026-05-23T16:00:00Z,protocol-server,5425,5425,5425,31,0,905257,FALSE,1,10743879,61838,26872,0.2514602777777778,114.40390583333338,21700
2026-05-23T16:15:00Z,protocol-server,5400,5400,5400,30,0,895960,FALSE,1,10749279,61868,26872,0.24887777777777778,114.65278361111116,21600
2026-05-23T16:30:00Z,protocol-server,5580,5580,5580,31,0,901565,FALSE,1,10754859,61899,26872,0.25043472222222224,114.90321833333338,22320
2026-05-23T16:45:00Z,protocol-server,5425,5425,5425,31,0,919672,FALSE,1,10760284,61930,26872,0.25546444444444444,115.15868277777783,21700
2026-05-23T17:00:00Z,protocol-server,5760,5760,5760,32,0,908825,FALSE,1,10766044,61962,26872,0.2524513888888889,115.41113416666671,23040
2026-05-23T17:15:00Z,protocol-server,4525,4525,4525,26,0,911361,FALSE,1,10770569,61988,26872,0.25315583333333336,115.66429000000005,18100
2026-05-23T17:30:00Z,protocol-server,4320,4320,4320,24,0,904510,FALSE,1,10774889,62012,26872,0.25125277777777777,115.91554277777783,17280
2026-05-23T17:45:00Z,protocol-server,4345,4345,4345,25,0,928187,FALSE,1,10779234,62037,26872,0.2578297222222222,116.17337250000006,17380
2026-05-23T18:00:00Z,protocol-server,5220,5220,5220,29,0,872666,FALSE,1,10784454,62066,26872,0.24240722222222222,116.41577972222228,20880
2026-05-23T18:15:00Z,protocol-server,5425,5425,5425,31,0,933442,FALSE,1,10789879,62097,26872,0.25928944444444446,116.67506916666673,21700
2026-05-23T18:30:00Z,protocol-server,4705,4705,4705,27,0,899301,FALSE,1,10794584,62124,26872,0.24980583333333334,116.92487500000007,18820
2026-05-23T18:45:00Z,protocol-server,4320,4320,4320,24,0,924468,FALSE,1,10798904,62148,26872,0.2567966666666667,117.18167166666674,17280
2026-05-23T19:00:00Z,protocol-server,3420,3420,3420,19,0,884278,FALSE,1,10802324,62167,26872,0.24563277777777778,117.42730444444452,13680
2026-05-23T19:15:00Z,protocol-server,3650,3650,3650,22,0,1003012,FALSE,1,10805974,62189,26872,0.27861444444444444,117.70591888888896,14600
2026-05-23T19:30:00Z,protocol-server,4680,4680,4680,26,0,885484,FALSE,1,10810654,62215,26872,0.24596777777777779,117.95188666666674,18720
2026-05-23T19:45:00Z,protocol-server,4910,4910,4910,29,0,961811,FALSE,1,10815564,62244,26872,0.26716972222222224,118.21905638888896,19640
2026-05-23T20:00:00Z,protocol-server,5220,5220,5220,29,0,908124,FALSE,1,10820784,62273,26872,0.2522566666666667,118.47131305555563,20880
2026-05-23T20:15:00Z,protocol-server,4345,4345,4345,25,0,921929,FALSE,1,10825129,62298,26872,0.2560913888888889,118.72740444444452,17380
2026-05-23T20:30:00Z,protocol-server,4860,4860,4860,27,0,902875,FALSE,1,10829989,62325,26872,0.2507986111111111,118.97820305555562,19440
2026-05-23T20:45:00Z,protocol-server,4885,4885,4885,28,0,898740,FALSE,1,10834874,62353,26872,0.24965,119.22785305555563,19540
2026-05-23T21:00:00Z,protocol-server,4680,4680,4680,26,0,907777,FALSE,1,10839554,62379,26872,0.2521602777777778,119.4800133333334,18720
2026-05-23T21:15:00Z,protocol-server,4885,4885,4885,28,0,939940,FALSE,1,10844439,62407,26872,0.26109444444444446,119.74110777777784,19540
2026-05-23T21:30:00Z,protocol-server,4860,4860,4860,27,0,870477,FALSE,1,10849299,62434,26872,0.24179916666666668,119.98290694444451,19440
2026-05-23T21:45:00Z,protocol-server,4525,4525,4525,26,0,936987,FALSE,1,10853824,62460,26872,0.26027416666666664,120.24318111111117,18100
2026-05-23T22:00:00Z,protocol-server,4550,4550,4550,27,0,966455,FALSE,1,10858374,62487,26872,0.2684597222222222,120.51164083333339,18200
2026-05-23T22:15:00Z,protocol-server,4165,4165,4165,24,0,906287,FALSE,1,10862539,62511,26872,0.2517463888888889,120.76338722222228,16660
2026-05-23T22:30:00Z,protocol-server,4680,4680,4680,26,0,924224,FALSE,1,10867219,62537,26872,0.2567288888888889,121.02011611111116,18720
2026-05-23T22:45:00Z,protocol-server,4420,4420,4420,28,0,983737,FALSE,1,10871639,62565,26872,0.2732602777777778,121.29337638888894,17680
2026-05-23T23:00:00Z,protocol-server,3960,3960,3960,22,0,873599,FALSE,1,10875599,62587,26872,0.2426663888888889,121.53604277777784,15840
2026-05-23T23:15:00Z,protocol-server,4140,4140,4140,23,0,924790,FALSE,1,10879739,62610,26872,0.2568861111111111,121.79292888888895,16560
2026-05-23T23:30:00Z,protocol-server,3830,3830,3830,23,0,922782,FALSE,1,10883569,62633,26872,0.2563283333333333,122.04925722222228,15320
2026-05-23T23:45:00Z,protocol-server,3780,3780,3780,21,0,888680,FALSE,1,10887349,62654,26872,0.24685555555555555,122.29611277777784,15120
2026-05-24T00:00:00Z,protocol-server,2005,2005,2005,12,0,598073,FALSE,1,10889354,62666,26872,0.1661313888888889,122.46224416666672,8020
2026-05-24T00:15:00Z,protocol-server,0,0,0,0,0,0,FALSE,0,10889354,62666,26872,0,122.46224416666672,0
2026-05-24T00:30:00Z,protocol-server,0,0,0,0,0,0,FALSE,0,10889354,62666,26872,0,122.46224416666672,0
2026-05-24T00:45:00Z,protocol-server,0,0,0,0,0,0,FALSE,0,10889354,62666,26872,0,122.46224416666672,0
2026-05-24T01:00:00Z,protocol-server,0,0,0,0,0,0,FALSE,0,10889354,62666,26872,0,122.46224416666672,0
2026-05-24T01:15:00Z,protocol-server,0,0,0,0,0,0,FALSE,0,10889354,62666,26872,0,122.46224416666672,0
2026-05-24T01:30:00Z,protocol-server,0,0,0,0,0,0,FALSE,0,10889354,62666,26872,0,122.46224416666672,0
2026-05-24T01:45:00Z,protocol-server,0,0,0,0,0,0,FALSE,0,10889354,62666,26872,0,122.46224416666672,0
2026-05-24T02:00:00Z,protocol-server,0,0,0,0,0,0,FALSE,0,10889354,62666,26872,0,122.46224416666672,0
2026-05-24T02:15:00Z,protocol-server,0,0,0,0,0,0,FALSE,0,10889354,62666,26872,0,122.46224416666672,0
2026-05-24T02:30:00Z,protocol-server,0,0,0,0,0,0,FALSE,0,10889354,62666,26872,0,122.46224416666672,0
2026-05-24T02:45:00Z,protocol-server,25,25,25,1,0,13164,FALSE,1,10889379,62667,26872,0.0036566666666666666,122.4659008333334,100
2026-05-24T03:00:00Z,protocol-server,0,0,0,0,0,0,FALSE,0,10889379,62667,26872,0,122.4659008333334,0
2026-05-24T03:15:00Z,protocol-server,25,25,25,1,0,14979,FALSE,1,10889404,62668,26872,0.004160833333333333,122.47006166666672,100
2026-05-24T03:30:00Z,protocol-server,0,0,0,0,0,0,FALSE,0,10889404,62668,26872,0,122.47006166666672,0
2026-05-24T03:45:00Z,protocol-server,25,25,25,1,0,12761,FALSE,1,10889429,62669,26872,0.003544722222222222,122.47360638888894,100
2026-05-24T04:00:00Z,protocol-server,0,0,0,0,0,0,FALSE,0,10889429,62669,26872,0,122.47360638888894,0
2026-05-24T04:15:00Z,protocol-server,1350,1350,1350,54,0,720240,FALSE,1,10890779,62723,26872,0.20006666666666667,122.67367305555561,5400
2026-05-24T04:30:00Z,protocol-server,1175,1175,1175,47,0,634891,FALSE,1,10891954,62770,26872,0.17635861111111112,122.85003166666672,4700
2026-05-24T04:45:00Z,protocol-server,25,25,25,1,0,13246,FALSE,1,10891979,62771,26872,0.0036794444444444444,122.85371111111117,100
2026-05-24T05:00:00Z,protocol-server,25,25,25,1,0,13666,FALSE,1,10892004,62772,26872,0.003796111111111111,122.85750722222228,100
2026-05-24T05:15:00Z,protocol-server,1325,1325,1325,53,0,744526,FALSE,1,10893329,62825,26872,0.2068127777777778,123.06432000000007,5300
2026-05-24T05:30:00Z,protocol-server,1600,1600,1600,64,0,920013,FALSE,1,10894929,62889,26872,0.25555916666666667,123.31987916666674,6400
2026-05-24T05:45:00Z,protocol-server,1575,1575,1575,63,0,907761,FALSE,1,10896504,62952,26872,0.25215583333333336,123.57203500000007,6300
2026-05-24T06:00:00Z,protocol-server,1650,1650,1650,66,0,923520,FALSE,1,10898154,63018,26872,0.25653333333333334,123.82856833333341,6600
2026-05-24T06:15:00Z,protocol-server,1625,1625,1625,65,0,915586,FALSE,1,10899779,63083,26872,0.25432944444444444,124.08289777777786,6500
2026-05-24T06:30:00Z,protocol-server,1625,1625,1625,65,0,899627,FALSE,1,10901404,63148,26872,0.24989638888888888,124.33279416666674,6500
2026-05-24T06:45:00Z,protocol-server,1450,1450,1450,58,0,939456,FALSE,1,10902854,63206,26872,0.26096,124.59375416666674,5800
2026-05-24T07:00:00Z,protocol-server,1650,1650,1650,66,0,902808,FALSE,1,10904504,63272,26872,0.25078,124.84453416666675,6600
2026-05-24T07:15:00Z,protocol-server,1650,1650,1650,66,0,893438,FALSE,1,10906154,63338,26872,0.24817722222222222,125.09271138888897,6600
2026-05-24T07:30:00Z,protocol-server,1450,1450,1450,58,0,939096,FALSE,1,10907604,63396,26872,0.26086,125.35357138888897,5800
2026-05-24T07:45:00Z,protocol-server,1375,1375,1375,55,0,883849,FALSE,1,10908979,63451,26872,0.2455136111111111,125.59908500000007,5500
2026-05-24T08:00:00Z,protocol-server,1450,1450,1450,58,0,900446,FALSE,1,10910429,63509,26872,0.25012388888888887,125.84920888888897,5800
2026-05-24T08:15:00Z,protocol-server,1500,1500,1500,60,0,900605,FALSE,1,10911929,63569,26872,0.25016805555555555,126.09937694444453,6000
2026-05-24T08:30:00Z,protocol-server,1175,1175,1175,47,0,905179,FALSE,1,10913104,63616,26872,0.2514386111111111,126.35081555555564,4700
2026-05-24T08:45:00Z,protocol-server,1175,1175,1125,47,2,754189,FALSE,1,10914279,63663,26874,0.20949694444444444,126.56031250000008,4700
2026-05-24T09:00:00Z,protocol-server,1153,1153,900,7,2,155913,FALSE,1,10915432,63670,26876,0.04330916666666667,126.60362166666674,4612
2026-05-24T09:15:00Z,protocol-server,0,0,0,0,0,0,FALSE,0,10915432,63670,26876,0,126.60362166666674,0
2026-05-24T09:30:00Z,protocol-server,50,50,50,2,0,36854,FALSE,1,10915482,63672,26876,0.010237222222222222,126.61385888888896,200
2026-05-24T09:45:00Z,protocol-server,0,0,0,0,0,0,FALSE,0,10915482,63672,26876,0,126.61385888888896,0
2026-05-24T10:00:00Z,protocol-server,25,25,25,1,0,13017,FALSE,1,10915507,63673,26876,0.0036158333333333333,126.61747472222228,100
2026-05-24T10:15:00Z,protocol-server,0,0,0,0,0,0,FALSE,0,10915507,63673,26876,0,126.61747472222228,0
2026-05-24T10:30:00Z,protocol-server,0,0,0,0,0,0,FALSE,0,10915507,63673,26876,0,126.61747472222228,0
2026-05-24T10:45:00Z,protocol-server,25,25,25,1,0,18184,FALSE,1,10915532,63674,26876,0.005051111111111111,126.6225258333334,100
2026-05-24T11:00:00Z,protocol-server,0,0,0,0,0,0,FALSE,0,10915532,63674,26876,0,126.6225258333334,0
2026-05-24T11:15:00Z,protocol-server,25,25,25,1,0,13087,FALSE,1,10915557,63675,26876,0.0036352777777777776,126.62616111111117,100
2026-05-24T11:30:00Z,protocol-server,0,0,0,0,0,0,FALSE,0,10915557,63675,26876,0,126.62616111111117,0
2026-05-24T11:45:00Z,protocol-server,0,0,0,0,0,0,FALSE,0,10915557,63675,26876,0,126.62616111111117,0
2026-05-24T12:00:00Z,protocol-server,30,30,30,2,0,16124,FALSE,1,10915587,63677,26876,0.004478888888888889,126.63064000000006,120
2026-05-24T12:15:00Z,protocol-server,0,0,0,0,0,0,FALSE,0,10915587,63677,26876,0,126.63064000000006,0
2026-05-24T12:30:00Z,protocol-server,2725,2725,2725,16,0,395663,FALSE,1,10918312,63693,26876,0.10990638888888889,126.74054638888894,10900
2026-05-24T12:45:00Z,protocol-server,6300,6300,6300,35,0,902162,FALSE,1,10924612,63728,26876,0.25060055555555555,126.9911469444445,25200
2026-05-24T13:00:00Z,protocol-server,6300,6300,6300,35,0,915701,FALSE,1,10930912,63763,26876,0.2543613888888889,127.24550833333339,25200
2026-05-24T13:15:00Z,protocol-server,6505,6505,6505,37,0,914149,FALSE,1,10937417,63800,26876,0.25393027777777777,127.49943861111117,26020
2026-05-24T13:30:00Z,protocol-server,6120,6120,6120,34,0,898414,FALSE,1,10943537,63834,26876,0.24955944444444444,127.74899805555562,24480
2026-05-24T13:45:00Z,protocol-server,6530,6530,6530,38,0,912227,FALSE,1,10950067,63872,26876,0.2533963888888889,128.00239444444452,26120
2026-05-24T14:00:00Z,protocol-server,6660,6660,6660,37,0,897562,FALSE,1,10956727,63909,26876,0.24932277777777778,128.2517172222223,26640
2026-05-24T14:15:00Z,protocol-server,6480,6480,6480,36,0,918152,FALSE,1,10963207,63945,26876,0.2550422222222222,128.50675944444453,25920
2026-05-24T14:30:00Z,protocol-server,6300,6300,6300,35,0,886983,FALSE,1,10969507,63980,26876,0.24638416666666665,128.7531436111112,25200
2026-05-24T14:45:00Z,protocol-server,6685,6685,6685,38,0,912177,FALSE,1,10976192,64018,26876,0.2533825,129.00652611111119,26740
2026-05-24T15:00:00Z,protocol-server,6840,6840,6840,38,0,912038,FALSE,1,10983032,64056,26876,0.25334388888888887,129.25987000000006,27360
2026-05-24T15:15:00Z,protocol-server,6170,6170,6170,36,0,911566,FALSE,1,10989202,64092,26876,0.2532127777777778,129.51308277777784,24680
2026-05-24T15:30:00Z,protocol-server,6480,6480,6480,36,0,917779,FALSE,1,10995682,64128,26876,0.2549386111111111,129.76802138888894,25920
2026-05-24T15:45:00Z,protocol-server,6325,6325,6325,36,0,907967,FALSE,1,11002007,64164,26876,0.25221305555555557,130.0202344444445,25300
2026-05-24T16:00:00Z,protocol-server,6300,6300,6300,35,0,897128,FALSE,1,11008307,64199,26876,0.24920222222222221,130.2694366666667,25200
2026-05-24T16:15:00Z,protocol-server,6300,6300,6300,35,0,902018,FALSE,1,11014607,64234,26876,0.25056055555555556,130.51999722222226,25200
2026-05-24T16:30:00Z,protocol-server,6325,6325,6325,36,0,904591,FALSE,1,11020932,64270,26876,0.25127527777777775,130.77127250000004,25300
2026-05-24T16:45:00Z,protocol-server,6480,6480,6480,36,0,910322,FALSE,1,11027412,64306,26876,0.25286722222222224,131.02413972222226,25920
2026-05-24T17:00:00Z,protocol-server,5965,5965,5965,34,0,901664,FALSE,1,11033377,64340,26876,0.2504622222222222,131.27460194444447,23860
2026-05-24T17:15:00Z,protocol-server,6480,6480,6480,36,0,921375,FALSE,1,11039857,64376,26876,0.2559375,131.53053944444446,25920
2026-05-24T17:30:00Z,protocol-server,6145,6145,6145,35,0,903302,FALSE,1,11046002,64411,26876,0.25091722222222224,131.78145666666668,24580
2026-05-24T17:45:00Z,protocol-server,6300,6300,6300,35,0,907512,FALSE,1,11052302,64446,26876,0.2520866666666667,132.03354333333334,25200
2026-05-24T18:00:00Z,protocol-server,6325,6325,6325,36,0,905611,FALSE,1,11058627,64482,26876,0.2515586111111111,132.28510194444445,25300
2026-05-24T18:15:00Z,protocol-server,5940,5940,5940,33,0,892593,FALSE,1,11064567,64515,26876,0.2479425,132.53304444444444,23760
2026-05-24T18:30:00Z,protocol-server,6300,6300,6300,35,0,902381,FALSE,1,11070867,64550,26876,0.2506613888888889,132.78370583333333,25200
2026-05-24T18:45:00Z,protocol-server,6325,6325,6325,36,0,918051,FALSE,1,11077192,64586,26876,0.25501416666666665,133.03871999999998,25300
2026-05-24T19:00:00Z,protocol-server,6120,6120,6120,34,0,893962,FALSE,1,11083312,64620,26876,0.24832277777777778,133.28704277777777,24480
2026-05-24T19:15:00Z,protocol-server,6325,6325,6325,36,0,929367,FALSE,1,11089637,64656,26876,0.2581575,133.54520027777778,25300
2026-05-24T19:30:00Z,protocol-server,5940,5940,5940,33,0,889974,FALSE,1,11095577,64689,26876,0.247215,133.7924152777778,23760
2026-05-24T19:45:00Z,protocol-server,6480,6480,6480,36,0,899734,FALSE,1,11102057,64725,26876,0.2499261111111111,134.0423413888889,25920
2026-05-24T20:00:00Z,protocol-server,5965,5965,5965,34,0,901447,FALSE,1,11108022,64759,26876,0.25040194444444447,134.29274333333333,23860
2026-05-24T20:15:00Z,protocol-server,5940,5940,5940,33,0,914101,FALSE,1,11113962,64792,26876,0.25391694444444446,134.5466602777778,23760
2026-05-24T20:30:00Z,protocol-server,6120,6120,6120,34,0,888493,FALSE,1,11120082,64826,26876,0.2468036111111111,134.7934638888889,24480
2026-05-24T20:45:00Z,protocol-server,5965,5965,5965,34,0,910654,FALSE,1,11126047,64860,26876,0.25295944444444446,135.04642333333337,23860
2026-05-24T21:00:00Z,protocol-server,6480,6480,6480,36,0,908699,FALSE,1,11132527,64896,26876,0.2524163888888889,135.29883972222225,25920
2026-05-24T21:15:00Z,protocol-server,5965,5965,5965,34,0,907208,FALSE,1,11138492,64930,26876,0.25200222222222224,135.55084194444447,23860
2026-05-24T21:30:00Z,protocol-server,6300,6300,6300,35,0,917333,FALSE,1,11144792,64965,26876,0.25481472222222223,135.8056566666667,25200
2026-05-24T21:45:00Z,protocol-server,6120,6120,6120,34,0,893591,FALSE,1,11150912,64999,26876,0.24821972222222222,136.0538763888889,24480
2026-05-24T22:00:00Z,protocol-server,5785,5785,5785,33,0,904315,FALSE,1,11156697,65032,26876,0.25119861111111114,136.30507500000002,23140
2026-05-24T22:15:00Z,protocol-server,5760,5760,5760,32,0,908812,FALSE,1,11162457,65064,26876,0.25244777777777777,136.5575227777778,23040
2026-05-24T22:30:00Z,protocol-server,5965,5965,5965,34,0,917704,FALSE,1,11168422,65098,26876,0.2549177777777778,136.81244055555558,23860
2026-05-24T22:45:00Z,protocol-server,4140,4140,4140,23,0,891533,FALSE,1,11172562,65121,26876,0.24764805555555555,137.06008861111113,16560
2026-05-24T23:00:00Z,protocol-server,5220,5220,5220,29,0,905159,FALSE,1,11177782,65150,26876,0.25143305555555556,137.3115216666667,20880
2026-05-24T23:15:00Z,protocol-server,5940,5940,5940,33,0,897077,FALSE,1,11183722,65183,26876,0.24918805555555557,137.56070972222224,23760
2026-05-24T23:30:00Z,protocol-server,6145,6145,6145,35,0,924841,FALSE,1,11189867,65218,26876,0.2569002777777778,137.81761000000003,24580
2026-05-24T23:45:00Z,protocol-server,6300,6300,6300,35,0,898884,FALSE,1,11196167,65253,26876,0.24969,138.06730000000002,25200
2026-05-25T00:00:00Z,protocol-server,6300,6300,6300,35,0,900904,FALSE,1,11202467,65288,26876,0.2502511111111111,138.31755111111113,25200
2026-05-25T00:15:00Z,protocol-server,5940,5940,5940,33,0,895031,FALSE,1,11208407,65321,26876,0.24861972222222223,138.56617083333336,23760
2026-05-25T00:30:00Z,protocol-server,5940,5940,5940,33,0,902478,FALSE,1,11214347,65354,26876,0.25068833333333335,138.8168591666667,23760
2026-05-25T00:45:00Z,protocol-server,5113,5113,5090,31,1,909264,FALSE,1,11219460,65385,26877,0.2525733333333333,139.06943250000003,20452
2026-05-25T01:00:00Z,protocol-server,5760,5760,5760,32,0,902564,FALSE,1,11225220,65417,26877,0.2507122222222222,139.32014472222227,23040
2026-05-25T01:15:00Z,protocol-server,5580,5580,5580,31,0,913447,FALSE,1,11230800,65448,26877,0.25373527777777777,139.57388000000003,22320
2026-05-25T01:30:00Z,protocol-server,5425,5425,5425,31,0,924330,FALSE,1,11236225,65479,26877,0.2567583333333333,139.83063833333335,21700
2026-05-25T01:45:00Z,protocol-server,5400,5400,5400,30,0,887900,FALSE,1,11241625,65509,26877,0.24663888888888888,140.07727722222225,21600
2026-05-25T02:00:00Z,protocol-server,5040,5040,5040,28,0,909014,FALSE,1,11246665,65537,26877,0.2525038888888889,140.32978111111115,20160
2026-05-25T02:15:00Z,protocol-server,547,547,385,4,1,107719,FALSE,1,11247212,65541,26878,0.029921944444444445,140.3597030555556,2188
2026-05-25T02:30:00Z,protocol-server,0,0,0,0,0,0,FALSE,0,11247212,65541,26878,0,140.3597030555556,0
2026-05-25T02:45:00Z,protocol-server,565,565,565,4,0,93686,FALSE,1,11247777,65545,26878,0.026023888888888888,140.38572694444449,2260
2026-05-25T03:00:00Z,protocol-server,5940,5940,5940,33,0,900709,FALSE,1,11253717,65578,26878,0.25019694444444446,140.63592388888893,23760
2026-05-25T03:15:00Z,protocol-server,5605,5605,5605,32,0,916109,FALSE,1,11259322,65610,26878,0.2544747222222222,140.89039861111115,22420
2026-05-25T03:30:00Z,protocol-server,5580,5580,5580,31,0,904018,FALSE,1,11264902,65641,26878,0.2511161111111111,141.14151472222227,22320
2026-05-25T03:45:00Z,protocol-server,5965,5965,5965,34,0,924920,FALSE,1,11270867,65675,26878,0.2569222222222222,141.39843694444448,23860
2026-05-25T04:00:00Z,protocol-server,5220,5220,5220,29,0,904388,FALSE,1,11276087,65704,26878,0.2512188888888889,141.64965583333338,20880
2026-05-25T04:15:00Z,protocol-server,1440,1440,1080,8,2,212023,FALSE,1,11277527,65712,26880,0.058895277777777776,141.70855111111115,5760
2026-05-25T04:30:00Z,protocol-server,0,0,0,0,0,0,FALSE,0,11277527,65712,26880,0,141.70855111111115,0
2026-05-25T04:45:00Z,protocol-server,25,25,25,1,0,15474,FALSE,1,11277552,65713,26880,0.004298333333333334,141.7128494444445,100
2026-05-25T05:00:00Z,protocol-server,0,0,0,0,0,0,FALSE,0,11277552,65713,26880,0,141.7128494444445,0
2026-05-25T05:15:00Z,protocol-server,0,0,0,0,0,0,FALSE,0,11277552,65713,26880,0,141.7128494444445,0
2026-05-25T05:30:00Z,protocol-server,25,25,25,1,0,14082,FALSE,1,11277577,65714,26880,0.003911666666666667,141.71676111111114,100
2026-05-25T05:45:00Z,protocol-server,25,25,25,1,0,14769,FALSE,1,11277602,65715,26880,0.0041025,141.72086361111113,100
2026-05-25T06:00:00Z,protocol-server,0,0,0,0,0,0,FALSE,0,11277602,65715,26880,0,141.72086361111113,0
2026-05-25T06:15:00Z,protocol-server,25,25,25,1,0,13585,FALSE,1,11277627,65716,26880,0.0037736111111111113,141.72463722222224,100
2026-05-25T06:30:00Z,protocol-server,0,0,0,0,0,0,FALSE,0,11277627,65716,26880,0,141.72463722222224,0
2026-05-25T06:45:00Z,protocol-server,50,50,50,2,0,29028,FALSE,1,11277677,65718,26880,0.008063333333333334,141.73270055555557,200
2026-05-25T07:00:00Z,protocol-server,0,0,0,0,0,0,FALSE,0,11277677,65718,26880,0,141.73270055555557,0
2026-05-25T07:15:00Z,protocol-server,2520,2520,2520,42,0,828520,FALSE,1,11280197,65760,26880,0.23014444444444446,141.96284500000002,10080
2026-05-25T07:30:00Z,protocol-server,1345,1345,1345,23,0,502173,FALSE,1,11281542,65783,26880,0.1394925,142.1023375,5380
2026-05-25T07:45:00Z,protocol-server,0,0,0,0,0,0,FALSE,0,11281542,65783,26880,0,142.1023375,0
2026-05-25T08:00:00Z,protocol-server,0,0,0,0,0,0,FALSE,0,11281542,65783,26880,0,142.1023375,0
2026-05-25T08:15:00Z,protocol-server,2365,2365,2365,40,0,840631,FALSE,1,11283907,65823,26880,0.2335086111111111,142.33584611111112,9460
2026-05-25T08:30:00Z,protocol-server,1500,1500,1500,25,0,538288,FALSE,1,11285407,65848,26880,0.14952444444444443,142.48537055555556,6000
2026-05-25T08:45:00Z,protocol-server,50,50,50,2,0,30928,FALSE,1,11285457,65850,26880,0.008591111111111112,142.49396166666668,200
2026-05-25T09:00:00Z,protocol-server,0,0,0,0,0,0,FALSE,0,11285457,65850,26880,0,142.49396166666668,0
2026-05-25T09:15:00Z,protocol-server,0,0,0,0,0,0,FALSE,0,11285457,65850,26880,0,142.49396166666668,0
2026-05-25T09:30:00Z,protocol-server,25,25,25,1,0,16631,FALSE,1,11285482,65851,26880,0.004619722222222222,142.4985813888889,100
2026-05-25T09:45:00Z,protocol-server,0,0,0,0,0,0,FALSE,0,11285482,65851,26880,0,142.4985813888889,0
2026-05-25T10:00:00Z,protocol-server,0,0,0,0,0,0,FALSE,0,11285482,65851,26880,0,142.4985813888889,0
2026-05-25T10:15:00Z,protocol-server,25,25,25,1,0,14797,FALSE,1,11285507,65852,26880,0.004110277777777778,142.5026916666667,100
2026-05-25T10:30:00Z,protocol-server,0,0,0,0,0,0,FALSE,0,11285507,65852,26880,0,142.5026916666667,0
2026-05-25T10:45:00Z,protocol-server,25,25,25,1,0,16609,FALSE,1,11285532,65853,26880,0.004613611111111111,142.50730527777782,100
2026-05-25T11:00:00Z,protocol-server,25,25,25,1,0,14068,FALSE,1,11285557,65854,26880,0.003907777777777777,142.5112130555556,100
2026-05-25T11:15:00Z,protocol-server,0,0,0,0,0,0,FALSE,0,11285557,65854,26880,0,142.5112130555556,0
2026-05-25T11:30:00Z,protocol-server,0,0,0,0,0,0,FALSE,0,11285557,65854,26880,0,142.5112130555556,0
2026-05-25T11:45:00Z,protocol-server,25,25,25,1,0,21209,FALSE,1,11285582,65855,26880,0.005891388888888889,142.5171044444445,100
2026-05-25T12:00:00Z,protocol-server,0,0,0,0,0,0,FALSE,0,11285582,65855,26880,0,142.5171044444445,0
2026-05-25T12:15:00Z,protocol-server,145,145,145,3,0,48495,FALSE,1,11285727,65858,26880,0.013470833333333333,142.53057527777784,580
2026-05-25T12:30:00Z,protocol-server,2700,2700,2700,45,0,902166,FALSE,1,11288427,65903,26880,0.25060166666666667,142.7811769444445,10800
2026-05-25T12:45:00Z,protocol-server,2640,2640,2640,44,0,887608,FALSE,1,11291067,65947,26880,0.24655777777777776,143.02773472222228,10560
2026-05-25T13:00:00Z,protocol-server,2700,2700,2700,45,0,909180,FALSE,1,11293767,65992,26880,0.25255,143.2802847222223,10800
2026-05-25T13:15:00Z,protocol-server,2700,2700,2700,45,0,905216,FALSE,1,11296467,66037,26880,0.2514488888888889,143.53173361111118,10800
2026-05-25T13:30:00Z,protocol-server,2785,2785,2760,47,1,890608,FALSE,1,11299252,66084,26881,0.24739111111111112,143.7791247222223,11140
2026-05-25T13:45:00Z,protocol-server,2725,2725,2725,46,0,908013,FALSE,1,11301977,66130,26881,0.2522258333333333,144.03135055555563,10900
2026-05-25T14:00:00Z,protocol-server,2760,2760,2760,46,0,919652,FALSE,1,11304737,66176,26881,0.2554588888888889,144.28680944444451,11040
2026-05-25T14:15:00Z,protocol-server,2640,2640,2640,44,0,888248,FALSE,1,11307377,66220,26881,0.24673555555555557,144.53354500000006,10560
2026-05-25T14:30:00Z,protocol-server,2700,2700,2700,45,0,897822,FALSE,1,11310077,66265,26881,0.249395,144.78294000000005,10800
2026-05-25T14:45:00Z,protocol-server,2665,2665,2665,45,0,914937,FALSE,1,11312742,66310,26881,0.25414916666666665,145.03708916666673,10660
2026-05-25T15:00:00Z,protocol-server,2820,2820,2820,47,0,897233,FALSE,1,11315562,66357,26881,0.24923138888888888,145.28632055555562,11280
2026-05-25T15:15:00Z,protocol-server,2700,2700,2700,45,0,902790,FALSE,1,11318262,66402,26881,0.250775,145.53709555555562,10800
2026-05-25T15:30:00Z,protocol-server,2570,2570,2570,44,0,935094,FALSE,1,11320832,66446,26881,0.25974833333333336,145.79684388888896,10280
2026-05-25T15:45:00Z,protocol-server,2700,2700,2700,45,0,903624,FALSE,1,11323532,66491,26881,0.25100666666666666,146.0478505555556,10800
2026-05-25T16:00:00Z,protocol-server,2700,2700,2700,45,0,891343,FALSE,1,11326232,66536,26881,0.2475952777777778,146.2954458333334,10800
2026-05-25T16:15:00Z,protocol-server,2760,2760,2760,46,0,909635,FALSE,1,11328992,66582,26881,0.2526763888888889,146.54812222222228,11040
2026-05-25T16:30:00Z,protocol-server,2640,2640,2640,44,0,891070,FALSE,1,11331632,66626,26881,0.24751944444444443,146.7956416666667,10560
2026-05-25T16:45:00Z,protocol-server,2760,2760,2760,46,0,955681,FALSE,1,11334392,66672,26881,0.26546694444444446,147.06110861111117,11040
2026-05-25T17:00:00Z,protocol-server,2820,2820,2820,47,0,889361,FALSE,1,11337212,66719,26881,0.24704472222222223,147.3081533333334,11280
2026-05-25T17:15:00Z,protocol-server,2520,2520,2520,42,0,890848,FALSE,1,11339732,66761,26881,0.24745777777777778,147.55561111111118,10080
2026-05-25T17:30:00Z,protocol-server,2520,2520,2520,42,0,917699,FALSE,1,11342252,66803,26881,0.2549163888888889,147.81052750000006,10080
2026-05-25T17:45:00Z,protocol-server,2280,2280,2280,38,0,880629,FALSE,1,11344532,66841,26881,0.24461916666666667,148.05514666666673,9120
2026-05-25T18:00:00Z,protocol-server,2485,2485,2485,42,0,920021,FALSE,1,11347017,66883,26881,0.2555613888888889,148.3107080555556,9940
2026-05-25T18:15:00Z,protocol-server,2605,2605,2605,44,0,923901,FALSE,1,11349622,66927,26881,0.25663916666666664,148.56734722222228,10420
2026-05-25T18:30:00Z,protocol-server,2520,2520,2520,42,0,893742,FALSE,1,11352142,66969,26881,0.24826166666666666,148.81560888888896,10080
2026-05-25T18:45:00Z,protocol-server,2605,2605,2605,44,0,917667,FALSE,1,11354747,67013,26881,0.2549075,149.07051638888896,10420
2026-05-25T19:00:00Z,protocol-server,2460,2460,2460,41,0,893796,FALSE,1,11357207,67054,26881,0.24827666666666667,149.31879305555563,9840
2026-05-25T19:15:00Z,protocol-server,2400,2400,2400,40,0,909747,FALSE,1,11359607,67094,26881,0.2527075,149.57150055555564,9600
2026-05-25T19:30:00Z,protocol-server,2305,2305,2305,39,0,914456,FALSE,1,11361912,67133,26881,0.25401555555555555,149.8255161111112,9220
2026-05-25T19:45:00Z,protocol-server,2280,2280,2280,38,0,898785,FALSE,1,11364192,67171,26881,0.2496625,150.0751786111112,9120
2026-05-25T20:00:00Z,protocol-server,2005,2005,2005,34,0,941081,FALSE,1,11366197,67205,26881,0.2614113888888889,150.3365900000001,8020
2026-05-25T20:15:00Z,protocol-server,2005,2005,2005,34,0,919093,FALSE,1,11368202,67239,26881,0.2553036111111111,150.5918936111112,8020
2026-05-25T20:30:00Z,protocol-server,2400,2400,2340,40,1,907411,FALSE,1,11370602,67279,26882,0.2520586111111111,150.84395222222233,9600
2026-05-25T20:45:00Z,protocol-server,2665,2665,2665,45,0,921439,FALSE,1,11373267,67324,26882,0.25595527777777777,151.09990750000011,10660
2026-05-25T21:00:00Z,protocol-server,2220,2220,2220,37,0,890663,FALSE,1,11375487,67361,26882,0.24740638888888888,151.347313888889,8880
2026-05-25T21:15:00Z,protocol-server,2160,2160,2160,36,0,894494,FALSE,1,11377647,67397,26882,0.24847055555555556,151.59578444444455,8640
2026-05-25T21:30:00Z,protocol-server,2100,2100,2100,35,0,914940,FALSE,1,11379747,67432,26882,0.25415,151.84993444444456,8400
2026-05-25T21:45:00Z,protocol-server,2545,2545,2520,43,1,888236,FALSE,1,11382292,67475,26883,0.24673222222222221,152.09666666666678,10180
2026-05-25T22:00:00Z,protocol-server,2640,2640,2640,44,0,895826,FALSE,1,11384932,67519,26883,0.24884055555555556,152.34550722222232,10560
2026-05-25T22:15:00Z,protocol-server,2280,2280,2280,38,0,900679,FALSE,1,11387212,67557,26883,0.2501886111111111,152.59569583333342,9120
2026-05-25T22:30:00Z,protocol-server,2280,2280,2280,38,0,892959,FALSE,1,11389492,67595,26883,0.24804416666666668,152.84374000000008,9120
2026-05-25T22:45:00Z,protocol-server,2460,2460,2460,41,0,910980,FALSE,1,11391952,67636,26883,0.25305,153.09679000000008,9840
2026-05-25T23:00:00Z,protocol-server,2580,2580,2580,43,0,904779,FALSE,1,11394532,67679,26883,0.2513275,153.3481175000001,10320
2026-05-25T23:15:00Z,protocol-server,2460,2460,2460,41,0,892830,FALSE,1,11396992,67720,26883,0.24800833333333333,153.59612583333342,9840
2026-05-25T23:30:00Z,protocol-server,2340,2340,2340,39,0,905393,FALSE,1,11399332,67759,26883,0.25149805555555554,153.84762388888896,9360
2026-05-25T23:45:00Z,protocol-server,2580,2580,2580,43,0,886435,FALSE,1,11401912,67802,26883,0.24623194444444443,154.0938558333334,10320
2026-05-26T00:00:00Z,protocol-server,2820,2820,2820,47,0,911444,FALSE,1,11404732,67849,26883,0.2531788888888889,154.3470347222223,11280
2026-05-26T00:15:00Z,protocol-server,2641,2641,2640,45,1,891922,FALSE,1,11407373,67894,26884,0.24775611111111112,154.5947908333334,10564
2026-05-26T00:30:00Z,protocol-server,2640,2640,2640,44,0,909885,FALSE,1,11410013,67938,26884,0.25274583333333334,154.84753666666674,10560
2026-05-26T00:45:00Z,protocol-server,2785,2785,2785,47,0,913075,FALSE,1,11412798,67985,26884,0.2536319444444444,155.10116861111118,11140
2026-05-26T01:00:00Z,protocol-server,2820,2820,2820,47,0,893963,FALSE,1,11415618,68032,26884,0.24832305555555556,155.34949166666672,11280
2026-05-26T01:15:00Z,protocol-server,2760,2760,2760,46,0,904382,FALSE,1,11418378,68078,26884,0.2512172222222222,155.60070888888893,11040
2026-05-26T01:30:00Z,protocol-server,2821,2821,2820,48,1,891623,FALSE,1,11421199,68126,26885,0.24767305555555555,155.8483819444445,11284
2026-05-26T01:45:00Z,protocol-server,2640,2640,2640,44,0,907779,FALSE,1,11423839,68170,26885,0.25216083333333333,156.10054277777783,10560
2026-05-26T02:00:00Z,protocol-server,2221,2221,2220,38,1,886919,FALSE,1,11426060,68208,26886,0.2463663888888889,156.34690916666673,8884
2026-05-26T02:15:00Z,protocol-server,2760,2760,2760,46,0,916912,FALSE,1,11428820,68254,26886,0.2546977777777778,156.6016069444445,11040
2026-05-26T02:30:00Z,protocol-server,2520,2520,2520,42,0,884041,FALSE,1,11431340,68296,26886,0.24556694444444443,156.84717388888896,10080
2026-05-26T02:45:00Z,protocol-server,2700,2700,2700,45,0,914447,FALSE,1,11434040,68341,26886,0.25401305555555553,157.10118694444452,10800
2026-05-26T03:00:00Z,protocol-server,2520,2520,2520,42,0,891206,FALSE,1,11436560,68383,26886,0.24755722222222223,157.34874416666673,10080
2026-05-26T03:15:00Z,protocol-server,2641,2641,2640,45,1,903865,FALSE,1,11439201,68428,26887,0.2510736111111111,157.59981777777784,10564
2026-05-26T03:30:00Z,protocol-server,2700,2700,2700,45,0,903402,FALSE,1,11441901,68473,26887,0.250945,157.85076277777785,10800
2026-05-26T03:45:00Z,protocol-server,2700,2700,2700,45,0,887927,FALSE,1,11444601,68518,26887,0.2466463888888889,158.09740916666672,10800
2026-05-26T04:00:00Z,protocol-server,2762,2762,2760,47,1,891736,FALSE,1,11447363,68565,26888,0.24770444444444445,158.34511361111117,11048
2026-05-26T04:15:00Z,protocol-server,2760,2760,2760,46,0,918793,FALSE,1,11450123,68611,26888,0.2552202777777778,158.60033388888894,11040
2026-05-26T04:30:00Z,protocol-server,2580,2580,2580,43,0,892231,FALSE,1,11452703,68654,26888,0.24784194444444443,158.84817583333339,10320
2026-05-26T04:45:00Z,protocol-server,2280,2280,2280,38,0,901130,FALSE,1,11454983,68692,26888,0.2503138888888889,159.09848972222227,9120
2026-05-26T05:00:00Z,protocol-server,2581,2581,2580,44,1,891770,FALSE,1,11457564,68736,26889,0.2477138888888889,159.34620361111115,10324
2026-05-26T05:15:00Z,protocol-server,2700,2700,2700,45,0,899070,FALSE,1,11460264,68781,26889,0.24974166666666667,159.59594527777782,10800
2026-05-26T05:30:00Z,protocol-server,2640,2640,2640,44,0,911809,FALSE,1,11462904,68825,26889,0.2532802777777778,159.8492255555556,10560
2026-05-26T05:45:00Z,protocol-server,2820,2820,2820,47,0,885909,FALSE,1,11465724,68872,26889,0.24608583333333334,160.09531138888892,11280
2026-05-26T06:00:00Z,protocol-server,2580,2580,2580,43,0,901156,FALSE,1,11468304,68915,26889,0.2503211111111111,160.34563250000002,10320
2026-05-26T06:15:00Z,protocol-server,2161,2161,2160,37,1,898437,FALSE,1,11470465,68952,26890,0.24956583333333332,160.59519833333334,8644
2026-05-26T06:30:00Z,protocol-server,300,300,120,5,3,87684,FALSE,1,11470765,68957,26893,0.024356666666666665,160.61955500000002,1200
2026-05-26T06:45:00Z,protocol-server,512,512,512,64,0,237843,FALSE,1,11471277,69021,26893,0.0660675,160.68562250000002,2048
2026-05-26T07:00:00Z,protocol-server,0,0,0,0,0,0,FALSE,0,11471277,69021,26893,0,160.68562250000002,0
2026-05-26T07:15:00Z,protocol-server,0,0,0,0,0,0,FALSE,0,11471277,69021,26893,0,160.68562250000002,0
2026-05-26T07:30:00Z,protocol-server,0,0,0,0,0,0,FALSE,0,11471277,69021,26893,0,160.68562250000002,0
2026-05-26T07:45:00Z,protocol-server,25,25,25,1,0,13825,FALSE,1,11471302,69022,26893,0.003840277777777778,160.6894627777778,100
2026-05-26T08:00:00Z,protocol-server,0,0,0,0,0,0,FALSE,0,11471302,69022,26893,0,160.6894627777778,0
2026-05-26T08:15:00Z,protocol-server,512,512,512,64,0,267472,FALSE,1,11471814,69086,26893,0.07429777777777778,160.7637605555556,2048
2026-05-26T08:30:00Z,protocol-server,25,25,25,1,0,14425,FALSE,1,11471839,69087,26893,0.004006944444444444,160.76776750000005,100
2026-05-26T08:45:00Z,protocol-server,0,0,0,0,0,0,FALSE,0,11471839,69087,26893,0,160.76776750000005,0
2026-05-26T09:00:00Z,protocol-server,0,0,0,0,0,0,FALSE,0,11471839,69087,26893,0,160.76776750000005,0
2026-05-26T09:15:00Z,protocol-server,25,25,25,1,0,14448,FALSE,1,11471864,69088,26893,0.004013333333333333,160.7717808333334,100
2026-05-26T09:30:00Z,protocol-server,0,0,0,0,0,0,FALSE,0,11471864,69088,26893,0,160.7717808333334,0
2026-05-26T09:45:00Z,protocol-server,0,0,0,0,0,0,FALSE,0,11471864,69088,26893,0,160.7717808333334,0
2026-05-26T10:00:00Z,protocol-server,25,25,25,1,0,14256,FALSE,1,11471889,69089,26893,0.00396,160.7757408333334,100
2026-05-26T10:15:00Z,protocol-server,512,512,512,64,0,250643,FALSE,1,11472401,69153,26893,0.06962305555555555,160.84536388888895,2048
2026-05-26T10:30:00Z,protocol-server,0,0,0,0,0,0,FALSE,0,11472401,69153,26893,0,160.84536388888895,0
2026-05-26T10:45:00Z,protocol-server,25,25,25,1,0,13333,FALSE,1,11472426,69154,26893,0.003703611111111111,160.84906750000007,100
2026-05-26T11:00:00Z,protocol-server,0,0,0,0,0,0,FALSE,0,11472426,69154,26893,0,160.84906750000007,0
2026-05-26T11:15:00Z,protocol-server,25,25,25,1,0,17827,FALSE,1,11472451,69155,26893,0.004951944444444445,160.85401944444453,100
2026-05-26T11:30:00Z,protocol-server,0,0,0,0,0,0,FALSE,0,11472451,69155,26893,0,160.85401944444453,0
2026-05-26T11:45:00Z,protocol-server,25,25,25,1,0,14279,FALSE,1,11472476,69156,26893,0.003966388888888889,160.85798583333343,100
2026-05-26T12:00:00Z,protocol-server,0,0,0,0,0,0,FALSE,0,11472476,69156,26893,0,160.85798583333343,0
2026-05-26T12:15:00Z,protocol-server,0,0,0,0,0,0,FALSE,0,11472476,69156,26893,0,160.85798583333343,0
2026-05-26T12:30:00Z,protocol-server,0,0,0,0,0,0,FALSE,0,11472476,69156,26893,0,160.85798583333343,0
2026-05-26T12:45:00Z,protocol-server,0,0,0,0,0,0,FALSE,0,11472476,69156,26893,0,160.85798583333343,0
2026-05-26T13:00:00Z,protocol-server,25,25,25,1,0,15789,FALSE,1,11472501,69157,26893,0.004385833333333334,160.86237166666677,100
2026-05-26T13:15:00Z,protocol-server,0,0,0,0,0,0,FALSE,0,11472501,69157,26893,0,160.86237166666677,0
2026-05-26T13:30:00Z,protocol-server,25,25,25,1,0,14069,FALSE,1,11472526,69158,26893,0.003908055555555555,160.86627972222232,100
2026-05-26T13:45:00Z,protocol-server,0,0,0,0,0,0,FALSE,0,11472526,69158,26893,0,160.86627972222232,0
2026-05-26T14:00:00Z,protocol-server,0,0,0,0,0,0,FALSE,0,11472526,69158,26893,0,160.86627972222232,0
2026-05-26T14:15:00Z,protocol-server,1,1,0,1,1,433,FALSE,1,11472527,69159,26894,1.2027777777777777e-4,160.86640000000008,4
2026-05-26T14:30:00Z,protocol-server,0,0,0,0,0,0,FALSE,0,11472527,69159,26894,0,160.86640000000008,0
2026-05-26T14:45:00Z,protocol-server,0,0,0,0,0,0,FALSE,0,11472527,69159,26894,0,160.86640000000008,0
2026-05-26T15:00:00Z,protocol-server,25,25,25,1,0,14418,FALSE,1,11472552,69160,26894,0.004005,160.8704050000001,100
2026-05-26T15:15:00Z,protocol-server,0,0,0,0,0,0,FALSE,0,11472552,69160,26894,0,160.8704050000001,0
2026-05-26T15:30:00Z,protocol-server,0,0,0,0,0,0,FALSE,0,11472552,69160,26894,0,160.8704050000001,0
2026-05-26T15:45:00Z,protocol-server,25,25,25,1,0,14294,FALSE,1,11472577,69161,26894,0.003970555555555555,160.87437555555564,100
2026-05-26T16:00:00Z,protocol-server,0,0,0,0,0,0,FALSE,0,11472577,69161,26894,0,160.87437555555564,0
2026-05-26T16:15:00Z,protocol-server,0,0,0,0,0,0,FALSE,0,11472577,69161,26894,0,160.87437555555564,0
2026-05-26T16:30:00Z,protocol-server,0,0,0,0,0,0,FALSE,0,11472577,69161,26894,0,160.87437555555564,0
2026-05-26T16:45:00Z,protocol-server,0,0,0,0,0,0,FALSE,0,11472577,69161,26894,0,160.87437555555564,0
2026-05-26T17:00:00Z,protocol-server,0,0,0,0,0,0,FALSE,0,11472577,69161,26894,0,160.87437555555564,0
2026-05-26T17:15:00Z,protocol-server,25,25,25,1,0,14069,FALSE,1,11472602,69162,26894,0.003908055555555555,160.8782836111112,100
2026-05-26T17:30:00Z,protocol-server,512,512,512,64,0,260329,FALSE,1,11473114,69226,26894,0.0723136111111111,160.95059722222229,2048
2026-05-26T17:45:00Z,protocol-server,0,0,0,0,0,0,FALSE,0,11473114,69226,26894,0,160.95059722222229,0
2026-05-26T18:00:00Z,protocol-server,25,25,25,1,0,17278,FALSE,1,11473139,69227,26894,0.004799444444444445,160.95539666666673,100
2026-05-26T18:15:00Z,protocol-server,0,0,0,0,0,0,FALSE,0,11473139,69227,26894,0,160.95539666666673,0
2026-05-26T18:30:00Z,protocol-server,0,0,0,0,0,0,FALSE,0,11473139,69227,26894,0,160.95539666666673,0
2026-05-26T18:45:00Z,protocol-server,25,25,25,1,0,13956,FALSE,1,11473164,69228,26894,0.0038766666666666667,160.95927333333339,100
2026-05-26T19:00:00Z,protocol-server,0,0,0,0,0,0,FALSE,0,11473164,69228,26894,0,160.95927333333339,0
2026-05-26T19:15:00Z,protocol-server,1,1,1,1,0,3052,FALSE,1,11473165,69229,26894,8.477777777777778e-4,160.96012111111116,4
2026-05-26T19:30:00Z,protocol-server,0,0,0,0,0,0,FALSE,0,11473165,69229,26894,0,160.96012111111116,0
2026-05-26T19:45:00Z,protocol-server,0,0,0,0,0,0,FALSE,0,11473165,69229,26894,0,160.96012111111116,0
2026-05-26T20:00:00Z,protocol-server,25,25,25,1,0,14239,FALSE,1,11473190,69230,26894,0.003955277777777778,160.96407638888894,100
2026-05-26T20:15:00Z,protocol-server,0,0,0,0,0,0,FALSE,0,11473190,69230,26894,0,160.96407638888894,0
2026-05-26T20:30:00Z,protocol-server,1,1,0,1,1,415,FALSE,1,11473191,69231,26895,1.1527777777777777e-4,160.96419166666672,4
2026-05-26T20:45:00Z,protocol-server,0,0,0,0,0,0,FALSE,0,11473191,69231,26895,0,160.96419166666672,0
2026-05-26T21:00:00Z,protocol-server,25,25,25,1,0,14479,FALSE,1,11473216,69232,26895,0.004021944444444444,160.96821361111117,100
2026-05-26T21:15:00Z,protocol-server,0,0,0,0,0,0,FALSE,0,11473216,69232,26895,0,160.96821361111117,0
2026-05-26T21:30:00Z,protocol-server,25,25,25,1,0,13887,FALSE,1,11473241,69233,26895,0.0038575,160.97207111111118,100
2026-05-26T21:45:00Z,protocol-server,0,0,0,0,0,0,FALSE,0,11473241,69233,26895,0,160.97207111111118,0
2026-05-26T22:00:00Z,protocol-server,0,0,0,0,0,0,FALSE,0,11473241,69233,26895,0,160.97207111111118,0
2026-05-26T22:15:00Z,protocol-server,25,25,25,1,0,14232,FALSE,1,11473266,69234,26895,0.003953333333333333,160.9760244444445,100
2026-05-26T22:30:00Z,protocol-server,0,0,0,0,0,0,FALSE,0,11473266,69234,26895,0,160.9760244444445,0
2026-05-26T22:45:00Z,protocol-server,50,50,50,2,0,31101,FALSE,1,11473316,69236,26895,0.008639166666666667,160.98466361111116,200
2026-05-26T23:00:00Z,protocol-server,0,0,0,0,0,0,FALSE,0,11473316,69236,26895,0,160.98466361111116,0
2026-05-26T23:15:00Z,protocol-server,0,0,0,0,0,0,FALSE,0,11473316,69236,26895,0,160.98466361111116,0
2026-05-26T23:30:00Z,protocol-server,25,25,25,1,0,15475,FALSE,1,11473341,69237,26895,0.004298611111111111,160.98896222222228,100
2026-05-26T23:45:00Z,protocol-server,0,0,0,0,0,0,FALSE,0,11473341,69237,26895,0,160.98896222222228,0
2026-05-27T00:00:00Z,protocol-server,50,50,50,2,0,29971,FALSE,1,11473391,69239,26895,0.008325277777777777,160.99728750000006,200
2026-05-27T00:15:00Z,protocol-server,0,0,0,0,0,0,FALSE,0,11473391,69239,26895,0,160.99728750000006,0
2026-05-27T00:30:00Z,protocol-server,0,0,0,0,0,0,FALSE,0,11473391,69239,26895,0,160.99728750000006,0
2026-05-27T00:45:00Z,protocol-server,25,25,25,1,0,13317,FALSE,1,11473416,69240,26895,0.0036991666666666666,161.00098666666673,100
2026-05-27T01:00:00Z,protocol-server,0,0,0,0,0,0,FALSE,0,11473416,69240,26895,0,161.00098666666673,0
2026-05-27T01:15:00Z,protocol-server,0,0,0,0,0,0,FALSE,0,11473416,69240,26895,0,161.00098666666673,0
2026-05-27T01:30:00Z,protocol-server,25,25,25,1,0,14978,FALSE,1,11473441,69241,26895,0.004160555555555555,161.0051472222223,100
2026-05-27T01:45:00Z,protocol-server,0,0,0,0,0,0,FALSE,0,11473441,69241,26895,0,161.0051472222223,0
2026-05-27T02:00:00Z,protocol-server,25,25,25,1,0,14646,FALSE,1,11473466,69242,26895,0.0040683333333333335,161.0092155555556,100
2026-05-27T02:15:00Z,protocol-server,0,0,0,0,0,0,FALSE,0,11473466,69242,26895,0,161.0092155555556,0
2026-05-27T02:30:00Z,protocol-server,512,512,512,64,0,305728,FALSE,1,11473978,69306,26895,0.08492444444444444,161.09414000000007,2048
2026-05-27T02:45:00Z,protocol-server,537,537,537,65,0,311214,FALSE,1,11474515,69371,26895,0.08644833333333334,161.1805883333334,2148
2026-05-27T03:00:00Z,protocol-server,0,0,0,0,0,0,FALSE,0,11474515,69371,26895,0,161.1805883333334,0
2026-05-27T03:15:00Z,protocol-server,0,0,0,0,0,0,FALSE,0,11474515,69371,26895,0,161.1805883333334,0
2026-05-27T03:30:00Z,protocol-server,25,25,25,1,0,14922,FALSE,1,11474540,69372,26895,0.004145,161.18473333333338,100
2026-05-27T03:45:00Z,protocol-server,0,0,0,0,0,0,FALSE,0,11474540,69372,26895,0,161.18473333333338,0
2026-05-27T04:00:00Z,protocol-server,0,0,0,0,0,0,FALSE,0,11474540,69372,26895,0,161.18473333333338,0
2026-05-27T04:15:00Z,protocol-server,25,25,25,1,0,20243,FALSE,1,11474565,69373,26895,0.005623055555555556,161.19035638888894,100
2026-05-27T04:30:00Z,protocol-server,0,0,0,0,0,0,FALSE,0,11474565,69373,26895,0,161.19035638888894,0
2026-05-27T04:45:00Z,protocol-server,25,25,25,1,0,16603,FALSE,1,11474590,69374,26895,0.0046119444444444446,161.19496833333338,100
2026-05-27T05:00:00Z,protocol-server,0,0,0,0,0,0,FALSE,0,11474590,69374,26895,0,161.19496833333338,0
2026-05-27T05:15:00Z,protocol-server,25,25,25,1,0,16505,FALSE,1,11474615,69375,26895,0.004584722222222222,161.1995530555556,100
2026-05-27T05:30:00Z,protocol-server,0,0,0,0,0,0,FALSE,0,11474615,69375,26895,0,161.1995530555556,0
2026-05-27T05:45:00Z,protocol-server,25,25,25,1,0,13874,FALSE,1,11474640,69376,26895,0.003853888888888889,161.2034069444445,100
2026-05-27T06:00:00Z,protocol-server,25,25,25,1,0,17017,FALSE,1,11474665,69377,26895,0.004726944444444444,161.20813388888897,100
2026-05-27T06:15:00Z,protocol-server,0,0,0,0,0,0,FALSE,0,11474665,69377,26895,0,161.20813388888897,0
2026-05-27T06:30:00Z,protocol-server,0,0,0,0,0,0,FALSE,0,11474665,69377,26895,0,161.20813388888897,0
2026-05-27T06:45:00Z,protocol-server,25,25,25,1,0,14112,FALSE,1,11474690,69378,26895,0.00392,161.21205388888896,100
2026-05-27T07:00:00Z,protocol-server,0,0,0,0,0,0,FALSE,0,11474690,69378,26895,0,161.21205388888896,0
2026-05-27T07:15:00Z,protocol-server,0,0,0,0,0,0,FALSE,0,11474690,69378,26895,0,161.21205388888896,0
2026-05-27T07:30:00Z,protocol-server,25,25,25,1,0,15439,FALSE,1,11474715,69379,26895,0.004288611111111111,161.21634250000008,100
2026-05-27T07:45:00Z,protocol-server,0,0,0,0,0,0,FALSE,0,11474715,69379,26895,0,161.21634250000008,0
2026-05-27T08:00:00Z,protocol-server,0,0,0,0,0,0,FALSE,0,11474715,69379,26895,0,161.21634250000008,0
2026-05-27T08:15:00Z,protocol-server,25,25,25,1,0,15962,FALSE,1,11474740,69380,26895,0.004433888888888889,161.22077638888896,100
2026-05-27T08:30:00Z,protocol-server,0,0,0,0,0,0,FALSE,0,11474740,69380,26895,0,161.22077638888896,0
2026-05-27T08:45:00Z,protocol-server,25,25,25,1,0,16054,FALSE,1,11474765,69381,26895,0.004459444444444445,161.22523583333341,100
2026-05-27T09:00:00Z,protocol-server,0,0,0,0,0,0,FALSE,0,11474765,69381,26895,0,161.22523583333341,0
2026-05-27T09:15:00Z,protocol-server,0,0,0,0,0,0,FALSE,0,11474765,69381,26895,0,161.22523583333341,0
2026-05-27T09:30:00Z,protocol-server,0,0,0,0,0,0,FALSE,0,11474765,69381,26895,0,161.22523583333341,0
2026-05-27T09:45:00Z,protocol-server,25,25,25,1,0,13135,FALSE,1,11474790,69382,26895,0.003648611111111111,161.22888444444453,100
2026-05-27T10:00:00Z,protocol-server,0,0,0,0,0,0,FALSE,0,11474790,69382,26895,0,161.22888444444453,0
2026-05-27T10:15:00Z,protocol-server,537,537,537,65,0,246026,FALSE,1,11475327,69447,26895,0.06834055555555556,161.29722500000008,2148
2026-05-27T10:30:00Z,protocol-server,0,0,0,0,0,0,FALSE,0,11475327,69447,26895,0,161.29722500000008,0
2026-05-27T10:45:00Z,protocol-server,0,0,0,0,0,0,FALSE,0,11475327,69447,26895,0,161.29722500000008,0
2026-05-27T11:00:00Z,protocol-server,25,25,25,1,0,13761,FALSE,1,11475352,69448,26895,0.0038225,161.3010475000001,100
2026-05-27T11:15:00Z,protocol-server,0,0,0,0,0,0,FALSE,0,11475352,69448,26895,0,161.3010475000001,0
2026-05-27T11:30:00Z,protocol-server,0,0,0,0,0,0,FALSE,0,11475352,69448,26895,0,161.3010475000001,0
2026-05-27T11:45:00Z,protocol-server,25,25,25,1,0,15416,FALSE,1,11475377,69449,26895,0.004282222222222222,161.30532972222233,100
2026-05-27T12:00:00Z,protocol-server,0,0,0,0,0,0,FALSE,0,11475377,69449,26895,0,161.30532972222233,0
2026-05-27T12:15:00Z,protocol-server,25,25,25,1,0,16182,FALSE,1,11475402,69450,26895,0.004495,161.30982472222232,100
2026-05-27T12:30:00Z,protocol-server,0,0,0,0,0,0,FALSE,0,11475402,69450,26895,0,161.30982472222232,0
2026-05-27T12:45:00Z,protocol-server,25,25,25,1,0,14233,FALSE,1,11475427,69451,26895,0.003953611111111111,161.31377833333343,100
2026-05-27T13:00:00Z,protocol-server,0,0,0,0,0,0,FALSE,0,11475427,69451,26895,0,161.31377833333343,0
2026-05-27T13:15:00Z,protocol-server,0,0,0,0,0,0,FALSE,0,11475427,69451,26895,0,161.31377833333343,0
2026-05-27T13:30:00Z,protocol-server,75,75,75,3,0,43745,FALSE,1,11475502,69454,26895,0.012151388888888889,161.32592972222233,300
2026-05-27T13:45:00Z,protocol-server,0,0,0,0,0,0,FALSE,0,11475502,69454,26895,0,161.32592972222233,0
2026-05-27T14:00:00Z,protocol-server,100,100,100,4,0,56662,FALSE,1,11475602,69458,26895,0.015739444444444445,161.34166916666678,400
2026-05-27T14:15:00Z,protocol-server,0,0,0,0,0,0,FALSE,0,11475602,69458,26895,0,161.34166916666678,0
2026-05-27T14:30:00Z,protocol-server,0,0,0,0,0,0,FALSE,0,11475602,69458,26895,0,161.34166916666678,0
2026-05-27T14:45:00Z,protocol-server,25,25,25,1,0,13613,FALSE,1,11475627,69459,26895,0.003781388888888889,161.34545055555566,100
2026-05-27T15:00:00Z,protocol-server,0,0,0,0,0,0,FALSE,0,11475627,69459,26895,0,161.34545055555566,0
2026-05-27T15:15:00Z,protocol-server,25,25,25,1,0,14104,FALSE,1,11475652,69460,26895,0.003917777777777778,161.34936833333344,100
2026-05-27T15:30:00Z,protocol-server,0,0,0,0,0,0,FALSE,0,11475652,69460,26895,0,161.34936833333344,0
2026-05-27T15:45:00Z,protocol-server,0,0,0,0,0,0,FALSE,0,11475652,69460,26895,0,161.34936833333344,0
2026-05-27T16:00:00Z,protocol-server,50,50,50,2,0,28263,FALSE,1,11475702,69462,26895,0.007850833333333333,161.35721916666677,200
2026-05-27T16:15:00Z,protocol-server,25,25,25,1,0,14331,FALSE,1,11475727,69463,26895,0.003980833333333334,161.3612000000001,100
2026-05-27T16:30:00Z,protocol-server,537,537,537,65,0,248571,FALSE,1,11476264,69528,26895,0.0690475,161.43024750000012,2148
2026-05-27T16:45:00Z,protocol-server,0,0,0,0,0,0,FALSE,0,11476264,69528,26895,0,161.43024750000012,0
2026-05-27T17:00:00Z,protocol-server,25,25,25,1,0,14225,FALSE,1,11476289,69529,26895,0.003951388888888889,161.434198888889,100
2026-05-27T17:15:00Z,protocol-server,25,25,25,1,0,14149,FALSE,1,11476314,69530,26895,0.003930277777777778,161.43812916666678,100
2026-05-27T17:30:00Z,protocol-server,0,0,0,0,0,0,FALSE,0,11476314,69530,26895,0,161.43812916666678,0
2026-05-27T17:45:00Z,protocol-server,25,25,25,1,0,14005,FALSE,1,11476339,69531,26895,0.0038902777777777777,161.44201944444455,100
2026-05-27T18:00:00Z,protocol-server,0,0,0,0,0,0,FALSE,0,11476339,69531,26895,0,161.44201944444455,0
2026-05-27T18:15:00Z,protocol-server,25,25,25,1,0,14078,FALSE,1,11476364,69532,26895,0.003910555555555555,161.44593000000012,100
2026-05-27T18:30:00Z,protocol-server,0,0,0,0,0,0,FALSE,0,11476364,69532,26895,0,161.44593000000012,0
2026-05-27T18:45:00Z,protocol-server,25,25,25,1,0,13932,FALSE,1,11476389,69533,26895,0.00387,161.44980000000012,100
2026-05-27T19:00:00Z,protocol-server,25,25,25,1,0,15096,FALSE,1,11476414,69534,26895,0.004193333333333334,161.45399333333347,100
2026-05-27T19:15:00Z,protocol-server,0,0,0,0,0,0,FALSE,0,11476414,69534,26895,0,161.45399333333347,0
2026-05-27T19:30:00Z,protocol-server,25,25,25,1,0,13896,FALSE,1,11476439,69535,26895,0.00386,161.45785333333347,100
2026-05-27T19:45:00Z,protocol-server,0,0,0,0,0,0,FALSE,0,11476439,69535,26895,0,161.45785333333347,0
2026-05-27T20:00:00Z,protocol-server,25,25,25,1,0,15719,FALSE,1,11476464,69536,26895,0.004366388888888889,161.46221972222236,100
2026-05-27T20:15:00Z,protocol-server,0,0,0,0,0,0,FALSE,0,11476464,69536,26895,0,161.46221972222236,0
2026-05-27T20:30:00Z,protocol-server,0,0,0,0,0,0,FALSE,0,11476464,69536,26895,0,161.46221972222236,0
2026-05-27T20:45:00Z,protocol-server,0,0,0,0,0,0,FALSE,0,11476464,69536,26895,0,161.46221972222236,0
2026-05-27T21:00:00Z,protocol-server,25,25,25,1,0,15444,FALSE,1,11476489,69537,26895,0.00429,161.46650972222236,100
2026-05-27T21:15:00Z,protocol-server,0,0,0,0,0,0,FALSE,0,11476489,69537,26895,0,161.46650972222236,0
2026-05-27T21:30:00Z,protocol-server,50,50,50,2,0,27641,FALSE,1,11476539,69539,26895,0.007678055555555555,161.4741877777779,200
2026-05-27T21:45:00Z,protocol-server,25,25,25,1,0,13861,FALSE,1,11476564,69540,26895,0.003850277777777778,161.4780380555557,100
2026-05-27T22:00:00Z,protocol-server,25,25,25,1,0,14825,FALSE,1,11476589,69541,26895,0.004118055555555555,161.48215611111124,100
2026-05-27T22:15:00Z,protocol-server,0,0,0,0,0,0,FALSE,0,11476589,69541,26895,0,161.48215611111124,0
2026-05-27T22:30:00Z,protocol-server,0,0,0,0,0,0,FALSE,0,11476589,69541,26895,0,161.48215611111124,0
2026-05-27T22:45:00Z,protocol-server,25,25,25,1,0,14800,FALSE,1,11476614,69542,26895,0.004111111111111111,161.48626722222235,100
2026-05-27T23:00:00Z,protocol-server,0,0,0,0,0,0,FALSE,0,11476614,69542,26895,0,161.48626722222235,0
2026-05-27T23:15:00Z,protocol-server,25,25,25,1,0,13865,FALSE,1,11476639,69543,26895,0.003851388888888889,161.49011861111123,100
2026-05-27T23:30:00Z,protocol-server,512,512,512,64,0,269754,FALSE,1,11477151,69607,26895,0.07493166666666666,161.56505027777789,2048
2026-05-27T23:45:00Z,protocol-server,25,25,25,1,0,13936,FALSE,1,11477176,69608,26895,0.003871111111111111,161.568921388889,100
2026-05-28T00:00:00Z,protocol-server,0,0,0,0,0,0,FALSE,0,11477176,69608,26895,0,161.568921388889,0
2026-05-28T00:15:00Z,protocol-server,0,0,0,0,0,0,FALSE,0,11477176,69608,26895,0,161.568921388889,0
2026-05-28T00:30:00Z,protocol-server,25,25,25,1,0,14012,FALSE,1,11477201,69609,26895,0.0038922222222222223,161.57281361111123,100
2026-05-28T00:45:00Z,protocol-server,0,0,0,0,0,0,FALSE,0,11477201,69609,26895,0,161.57281361111123,0
2026-05-28T01:00:00Z,protocol-server,0,0,0,0,0,0,FALSE,0,11477201,69609,26895,0,161.57281361111123,0
2026-05-28T01:15:00Z,protocol-server,25,25,25,1,0,14279,FALSE,1,11477226,69610,26895,0.003966388888888889,161.57678000000013,100
2026-05-28T01:30:00Z,protocol-server,0,0,0,0,0,0,FALSE,0,11477226,69610,26895,0,161.57678000000013,0
2026-05-28T01:45:00Z,protocol-server,25,25,25,1,0,14261,FALSE,1,11477251,69611,26895,0.003961388888888889,161.580741388889,100
2026-05-28T02:00:00Z,protocol-server,0,0,0,0,0,0,FALSE,0,11477251,69611,26895,0,161.580741388889,0
2026-05-28T02:15:00Z,protocol-server,25,25,25,1,0,14823,FALSE,1,11477276,69612,26895,0.0041175,161.58485888888902,100
2026-05-28T02:30:00Z,protocol-server,0,0,0,0,0,0,FALSE,0,11477276,69612,26895,0,161.58485888888902,0
2026-05-28T02:45:00Z,protocol-server,0,0,0,0,0,0,FALSE,0,11477276,69612,26895,0,161.58485888888902,0
2026-05-28T03:00:00Z,protocol-server,25,25,25,1,0,13625,FALSE,1,11477301,69613,26895,0.0037847222222222223,161.58864361111125,100
2026-05-28T03:15:00Z,protocol-server,0,0,0,0,0,0,FALSE,0,11477301,69613,26895,0,161.58864361111125,0
2026-05-28T03:30:00Z,protocol-server,0,0,0,0,0,0,FALSE,0,11477301,69613,26895,0,161.58864361111125,0
2026-05-28T03:45:00Z,protocol-server,25,25,25,1,0,14929,FALSE,1,11477326,69614,26895,0.004146944444444444,161.5927905555557,100
2026-05-28T04:00:00Z,protocol-server,0,0,0,0,0,0,FALSE,0,11477326,69614,26895,0,161.5927905555557,0
2026-05-28T04:15:00Z,protocol-server,25,25,25,1,0,14892,FALSE,1,11477351,69615,26895,0.004136666666666667,161.59692722222235,100
2026-05-28T04:30:00Z,protocol-server,0,0,0,0,0,0,FALSE,0,11477351,69615,26895,0,161.59692722222235,0
2026-05-28T04:45:00Z,protocol-server,25,25,25,1,0,21527,FALSE,1,11477376,69616,26895,0.005979722222222222,161.60290694444458,100
2026-05-28T05:00:00Z,protocol-server,0,0,0,0,0,0,FALSE,0,11477376,69616,26895,0,161.60290694444458,0
2026-05-28T05:15:00Z,protocol-server,0,0,0,0,0,0,FALSE,0,11477376,69616,26895,0,161.60290694444458,0
2026-05-28T05:30:00Z,protocol-server,25,25,25,1,0,16618,FALSE,1,11477401,69617,26895,0.004616111111111111,161.6075230555557,100
2026-05-28T05:45:00Z,protocol-server,0,0,0,0,0,0,FALSE,0,11477401,69617,26895,0,161.6075230555557,0
2026-05-28T06:00:00Z,protocol-server,512,512,512,64,0,240704,FALSE,1,11477913,69681,26895,0.06686222222222223,161.67438527777793,2048
2026-05-28T06:15:00Z,protocol-server,0,0,0,0,0,0,FALSE,0,11477913,69681,26895,0,161.67438527777793,0
2026-05-28T06:30:00Z,protocol-server,0,0,0,0,0,0,FALSE,0,11477913,69681,26895,0,161.67438527777793,0
2026-05-28T06:45:00Z,protocol-server,25,25,25,1,0,15385,FALSE,1,11477938,69682,26895,0.004273611111111111,161.67865888888903,100
2026-05-28T07:00:00Z,protocol-server,0,0,0,0,0,0,FALSE,0,11477938,69682,26895,0,161.67865888888903,0
2026-05-28T07:15:00Z,protocol-server,0,0,0,0,0,0,FALSE,0,11477938,69682,26895,0,161.67865888888903,0
2026-05-28T07:30:00Z,protocol-server,25,25,25,1,0,13509,FALSE,1,11477963,69683,26895,0.0037525,161.68241138888902,100
2026-05-28T07:45:00Z,protocol-server,0,0,0,0,0,0,FALSE,0,11477963,69683,26895,0,161.68241138888902,0
2026-05-28T08:00:00Z,protocol-server,25,25,25,1,0,13355,FALSE,1,11477988,69684,26895,0.0037097222222222223,161.68612111111125,100
2026-05-28T08:15:00Z,protocol-server,160,160,160,8,0,36668,FALSE,1,11478148,69692,26895,0.010185555555555555,161.6963066666668,640
2026-05-28T08:30:00Z,protocol-server,25,25,25,1,0,13857,FALSE,1,11478173,69693,26895,0.0038491666666666665,161.70015583333347,100
2026-05-28T08:45:00Z,protocol-server,0,0,0,0,0,0,FALSE,0,11478173,69693,26895,0,161.70015583333347,0
2026-05-28T09:00:00Z,protocol-server,0,0,0,0,0,0,FALSE,0,11478173,69693,26895,0,161.70015583333347,0
2026-05-28T09:15:00Z,protocol-server,25,25,25,1,0,13869,FALSE,1,11478198,69694,26895,0.0038525,161.70400833333346,100
2026-05-28T09:30:00Z,protocol-server,0,0,0,0,0,0,FALSE,0,11478198,69694,26895,0,161.70400833333346,0
2026-05-28T09:45:00Z,protocol-server,25,25,25,1,0,13295,FALSE,1,11478223,69695,26895,0.0036930555555555558,161.707701388889,100
2026-05-28T10:00:00Z,protocol-server,0,0,0,0,0,0,FALSE,0,11478223,69695,26895,0,161.707701388889,0
2026-05-28T10:15:00Z,protocol-server,25,25,25,1,0,13827,FALSE,1,11478248,69696,26895,0.0038408333333333333,161.71154222222233,100
2026-05-28T10:30:00Z,protocol-server,0,0,0,0,0,0,FALSE,0,11478248,69696,26895,0,161.71154222222233,0
2026-05-28T10:45:00Z,protocol-server,25,25,25,1,0,14070,FALSE,1,11478273,69697,26895,0.003908333333333333,161.71545055555566,100
2026-05-28T11:00:00Z,protocol-server,0,0,0,0,0,0,FALSE,0,11478273,69697,26895,0,161.71545055555566,0
2026-05-28T11:15:00Z,protocol-server,25,25,25,1,0,14342,FALSE,1,11478298,69698,26895,0.003983888888888889,161.71943444444454,100
2026-05-28T11:30:00Z,protocol-server,0,0,0,0,0,0,FALSE,0,11478298,69698,26895,0,161.71943444444454,0
2026-05-28T11:45:00Z,protocol-server,25,25,25,1,0,13594,FALSE,1,11478323,69699,26895,0.003776111111111111,161.72321055555565,100
2026-05-28T12:00:00Z,protocol-server,0,0,0,0,0,0,FALSE,0,11478323,69699,26895,0,161.72321055555565,0
2026-05-28T12:15:00Z,protocol-server,0,0,0,0,0,0,FALSE,0,11478323,69699,26895,0,161.72321055555565,0
2026-05-28T12:30:00Z,protocol-server,25,25,25,1,0,17634,FALSE,1,11478348,69700,26895,0.0048983333333333335,161.72810888888898,100
2026-05-28T12:45:00Z,protocol-server,0,0,0,0,0,0,FALSE,0,11478348,69700,26895,0,161.72810888888898,0
2026-05-28T13:00:00Z,protocol-server,25,25,25,1,0,13138,FALSE,1,11478373,69701,26895,0.0036494444444444443,161.73175833333343,100
2026-05-28T13:15:00Z,protocol-server,0,0,0,0,0,0,FALSE,0,11478373,69701,26895,0,161.73175833333343,0
2026-05-28T13:30:00Z,protocol-server,0,0,0,0,0,0,FALSE,0,11478373,69701,26895,0,161.73175833333343,0
2026-05-28T13:45:00Z,protocol-server,25,25,25,1,0,14064,FALSE,1,11478398,69702,26895,0.003906666666666667,161.7356650000001,100
2026-05-28T14:00:00Z,protocol-server,0,0,0,0,0,0,FALSE,0,11478398,69702,26895,0,161.7356650000001,0
2026-05-28T14:15:00Z,protocol-server,25,25,25,1,0,14162,FALSE,1,11478423,69703,26895,0.003933888888888889,161.739598888889,100
2026-05-28T14:30:00Z,protocol-server,0,0,0,0,0,0,FALSE,0,11478423,69703,26895,0,161.739598888889,0
2026-05-28T14:45:00Z,protocol-server,0,0,0,0,0,0,FALSE,0,11478423,69703,26895,0,161.739598888889,0
2026-05-28T15:00:00Z,protocol-server,0,0,0,0,0,0,FALSE,0,11478423,69703,26895,0,161.739598888889,0
2026-05-28T15:15:00Z,protocol-server,0,0,0,0,0,0,FALSE,0,11478423,69703,26895,0,161.739598888889,0
2026-05-28T15:30:00Z,protocol-server,25,25,25,1,0,13901,FALSE,1,11478448,69704,26895,0.003861388888888889,161.74346027777787,100
2026-05-28T15:45:00Z,protocol-server,0,0,0,0,0,0,FALSE,0,11478448,69704,26895,0,161.74346027777787,0
2026-05-28T16:00:00Z,protocol-server,0,0,0,0,0,0,FALSE,0,11478448,69704,26895,0,161.74346027777787,0
2026-05-28T16:15:00Z,protocol-server,0,0,0,0,0,0,FALSE,0,11478448,69704,26895,0,161.74346027777787,0
2026-05-28T16:30:00Z,protocol-server,25,25,25,1,0,13115,FALSE,1,11478473,69705,26895,0.0036430555555555556,161.74710333333343,100
2026-05-28T16:45:00Z,protocol-server,0,0,0,0,0,0,FALSE,0,11478473,69705,26895,0,161.74710333333343,0
2026-05-28T17:00:00Z,protocol-server,0,0,0,0,0,0,FALSE,0,11478473,69705,26895,0,161.74710333333343,0
2026-05-28T17:15:00Z,protocol-server,25,25,25,1,0,13886,FALSE,1,11478498,69706,26895,0.0038572222222222224,161.75096055555565,100
2026-05-28T17:30:00Z,protocol-server,0,0,0,0,0,0,FALSE,0,11478498,69706,26895,0,161.75096055555565,0
2026-05-28T17:45:00Z,protocol-server,25,25,25,1,0,13838,FALSE,1,11478523,69707,26895,0.003843888888888889,161.75480444444455,100
2026-05-28T18:00:00Z,protocol-server,0,0,0,0,0,0,FALSE,0,11478523,69707,26895,0,161.75480444444455,0
2026-05-28T18:15:00Z,protocol-server,180,180,180,1,0,27982,FALSE,1,11478703,69708,26895,0.007772777777777778,161.76257722222232,720
2026-05-28T18:30:00Z,protocol-server,0,0,0,0,0,0,FALSE,0,11478703,69708,26895,0,161.76257722222232,0
2026-05-28T18:45:00Z,protocol-server,0,0,0,0,0,0,FALSE,0,11478703,69708,26895,0,161.76257722222232,0
2026-05-28T19:00:00Z,protocol-server,25,25,25,1,0,15199,FALSE,1,11478728,69709,26895,0.004221944444444445,161.76679916666677,100
2026-05-28T19:15:00Z,protocol-server,0,0,0,0,0,0,FALSE,0,11478728,69709,26895,0,161.76679916666677,0
2026-05-28T19:30:00Z,protocol-server,180,180,180,1,0,26641,FALSE,1,11478908,69710,26895,0.007400277777777778,161.77419944444455,720
2026-05-28T19:45:00Z,protocol-server,0,0,0,0,0,0,FALSE,0,11478908,69710,26895,0,161.77419944444455,0
2026-05-28T20:00:00Z,protocol-server,0,0,0,0,0,0,FALSE,0,11478908,69710,26895,0,161.77419944444455,0
2026-05-28T20:15:00Z,protocol-server,200,200,200,8,0,108943,FALSE,1,11479108,69718,26895,0.030261944444444445,161.804461388889,800
2026-05-28T20:30:00Z,protocol-server,0,0,0,0,0,0,FALSE,0,11479108,69718,26895,0,161.804461388889,0
2026-05-28T20:45:00Z,protocol-server,25,25,25,1,0,15266,FALSE,1,11479133,69719,26895,0.004240555555555556,161.80870194444455,100
2026-05-28T21:00:00Z,protocol-server,0,0,0,0,0,0,FALSE,0,11479133,69719,26895,0,161.80870194444455,0
2026-05-28T21:15:00Z,protocol-server,0,0,0,0,0,0,FALSE,0,11479133,69719,26895,0,161.80870194444455,0
2026-05-28T21:30:00Z,protocol-server,25,25,25,1,0,14399,FALSE,1,11479158,69720,26895,0.003999722222222222,161.81270166666678,100
2026-05-28T21:45:00Z,protocol-server,0,0,0,0,0,0,FALSE,0,11479158,69720,26895,0,161.81270166666678,0
2026-05-28T22:00:00Z,protocol-server,25,25,25,1,0,15761,FALSE,1,11479183,69721,26895,0.004378055555555555,161.81707972222233,100
2026-05-28T22:15:00Z,protocol-server,0,0,0,0,0,0,FALSE,0,11479183,69721,26895,0,161.81707972222233,0
2026-05-28T22:30:00Z,protocol-server,25,25,25,1,0,15259,FALSE,1,11479208,69722,26895,0.004238611111111111,161.82131833333344,100
2026-05-28T22:45:00Z,protocol-server,0,0,0,0,0,0,FALSE,0,11479208,69722,26895,0,161.82131833333344,0
2026-05-28T23:00:00Z,protocol-server,25,25,25,1,0,13798,FALSE,1,11479233,69723,26895,0.003832777777777778,161.8251511111112,100
2026-05-28T23:15:00Z,protocol-server,0,0,0,0,0,0,FALSE,0,11479233,69723,26895,0,161.8251511111112,0
2026-05-28T23:30:00Z,protocol-server,25,25,25,1,0,14170,FALSE,1,11479258,69724,26895,0.003936111111111111,161.8290872222223,100
2026-05-28T23:45:00Z,protocol-server,0,0,0,0,0,0,FALSE,0,11479258,69724,26895,0,161.8290872222223,0
2026-05-29T00:00:00Z,protocol-server,0,0,0,0,0,0,FALSE,0,11479258,69724,26895,0,161.8290872222223,0
2026-05-29T00:15:00Z,protocol-server,25,25,25,1,0,16442,FALSE,1,11479283,69725,26895,0.0045672222222222225,161.83365444444453,100
2026-05-29T00:30:00Z,protocol-server,0,0,0,0,0,0,FALSE,0,11479283,69725,26895,0,161.83365444444453,0
2026-05-29T00:45:00Z,protocol-server,25,25,25,1,0,14508,FALSE,1,11479308,69726,26895,0.00403,161.83768444444453,100
2026-05-29T01:00:00Z,protocol-server,0,0,0,0,0,0,FALSE,0,11479308,69726,26895,0,161.83768444444453,0
2026-05-29T01:15:00Z,protocol-server,25,25,25,1,0,15003,FALSE,1,11479333,69727,26895,0.0041675,161.84185194444453,100
2026-05-29T01:30:00Z,protocol-server,0,0,0,0,0,0,FALSE,0,11479333,69727,26895,0,161.84185194444453,0
2026-05-29T01:45:00Z,protocol-server,0,0,0,0,0,0,FALSE,0,11479333,69727,26895,0,161.84185194444453,0
2026-05-29T02:00:00Z,protocol-server,40,40,40,1,0,15277,FALSE,1,11479373,69728,26895,0.004243611111111111,161.84609555555565,160
2026-05-29T02:15:00Z,protocol-server,0,0,0,0,0,0,FALSE,0,11479373,69728,26895,0,161.84609555555565,0
2026-05-29T02:30:00Z,protocol-server,25,25,25,1,0,14065,FALSE,1,11479398,69729,26895,0.003906944444444445,161.8500025000001,100
2026-05-29T02:45:00Z,protocol-server,0,0,0,0,0,0,FALSE,0,11479398,69729,26895,0,161.8500025000001,0
2026-05-29T03:00:00Z,protocol-server,0,0,0,0,0,0,FALSE,0,11479398,69729,26895,0,161.8500025000001,0
2026-05-29T03:15:00Z,protocol-server,25,25,25,1,0,14418,FALSE,1,11479423,69730,26895,0.004005,161.8540075000001,100
2026-05-29T03:30:00Z,protocol-server,0,0,0,0,0,0,FALSE,0,11479423,69730,26895,0,161.8540075000001,0
2026-05-29T03:45:00Z,protocol-server,0,0,0,0,0,0,FALSE,0,11479423,69730,26895,0,161.8540075000001,0
2026-05-29T04:00:00Z,protocol-server,25,25,25,1,0,20904,FALSE,1,11479448,69731,26895,0.005806666666666667,161.85981416666678,100
2026-05-29T04:15:00Z,protocol-server,0,0,0,0,0,0,FALSE,0,11479448,69731,26895,0,161.85981416666678,0
2026-05-29T04:30:00Z,protocol-server,25,25,25,1,0,13734,FALSE,1,11479473,69732,26895,0.003815,161.86362916666678,100
2026-05-29T04:45:00Z,protocol-server,0,0,0,0,0,0,FALSE,0,11479473,69732,26895,0,161.86362916666678,0
2026-05-29T05:00:00Z,protocol-server,25,25,25,1,0,15628,FALSE,1,11479498,69733,26895,0.004341111111111111,161.86797027777789,100
2026-05-29T05:15:00Z,protocol-server,0,0,0,0,0,0,FALSE,0,11479498,69733,26895,0,161.86797027777789,0
2026-05-29T05:30:00Z,protocol-server,180,180,180,1,0,28475,FALSE,1,11479678,69734,26895,0.0079097222222222225,161.8758800000001,720
2026-05-29T05:45:00Z,protocol-server,0,0,0,0,0,0,FALSE,0,11479678,69734,26895,0,161.8758800000001,0
2026-05-29T06:00:00Z,protocol-server,0,0,0,0,0,0,FALSE,0,11479678,69734,26895,0,161.8758800000001,0
2026-05-29T06:15:00Z,protocol-server,0,0,0,0,0,0,FALSE,0,11479678,69734,26895,0,161.8758800000001,0
2026-05-29T06:30:00Z,protocol-server,0,0,0,0,0,0,FALSE,0,11479678,69734,26895,0,161.8758800000001,0
2026-05-29T06:45:00Z,protocol-server,0,0,0,0,0,0,FALSE,0,11479678,69734,26895,0,161.8758800000001,0
2026-05-29T07:00:00Z,protocol-server,0,0,0,0,0,0,FALSE,0,11479678,69734,26895,0,161.8758800000001,0
2026-05-29T07:15:00Z,protocol-server,0,0,0,0,0,0,FALSE,0,11479678,69734,26895,0,161.8758800000001,0
2026-05-29T07:30:00Z,protocol-server,0,0,0,0,0,0,FALSE,0,11479678,69734,26895,0,161.8758800000001,0
2026-05-29T07:45:00Z,protocol-server,0,0,0,0,0,0,FALSE,0,11479678,69734,26895,0,161.8758800000001,0
2026-05-29T08:00:00Z,protocol-server,0,0,0,0,0,0,FALSE,0,11479678,69734,26895,0,161.8758800000001,0
2026-05-29T08:15:00Z,protocol-server,0,0,0,0,0,0,FALSE,0,11479678,69734,26895,0,161.8758800000001,0
2026-05-29T08:30:00Z,protocol-server,0,0,0,0,0,0,FALSE,0,11479678,69734,26895,0,161.8758800000001,0
2026-05-29T08:45:00Z,protocol-server,0,0,0,0,0,0,FALSE,0,11479678,69734,26895,0,161.8758800000001,0
2026-05-16T08:45:00Z,fuzz-assertion,0,0,0,0,0,0,FALSE,0,0,0,0,0,0,0
2026-05-16T09:00:00Z,fuzz-assertion,0,0,0,0,0,0,FALSE,0,0,0,0,0,0,0
2026-05-16T09:15:00Z,fuzz-assertion,0,0,0,0,0,0,FALSE,0,0,0,0,0,0,0
2026-05-16T09:30:00Z,fuzz-assertion,0,0,0,0,0,0,FALSE,0,0,0,0,0,0,0
2026-05-16T09:45:00Z,fuzz-assertion,0,0,0,0,0,0,FALSE,0,0,0,0,0,0,0
2026-05-16T10:00:00Z,fuzz-assertion,0,0,0,0,0,0,FALSE,0,0,0,0,0,0,0
2026-05-16T10:15:00Z,fuzz-assertion,0,0,0,0,0,0,FALSE,0,0,0,0,0,0,0
2026-05-16T10:30:00Z,fuzz-assertion,0,0,0,0,0,0,FALSE,0,0,0,0,0,0,0
2026-05-16T10:45:00Z,fuzz-assertion,0,0,0,0,0,0,FALSE,0,0,0,0,0,0,0
2026-05-16T11:00:00Z,fuzz-assertion,0,0,0,0,0,0,FALSE,0,0,0,0,0,0,0
2026-05-16T11:15:00Z,fuzz-assertion,0,0,0,0,0,0,FALSE,0,0,0,0,0,0,0
2026-05-16T11:30:00Z,fuzz-assertion,0,0,0,0,0,0,FALSE,0,0,0,0,0,0,0
2026-05-16T11:45:00Z,fuzz-assertion,0,0,0,0,0,0,FALSE,0,0,0,0,0,0,0
2026-05-16T12:00:00Z,fuzz-assertion,0,0,0,0,0,0,FALSE,0,0,0,0,0,0,0
2026-05-16T12:15:00Z,fuzz-assertion,0,0,0,0,0,0,FALSE,0,0,0,0,0,0,0
2026-05-16T12:30:00Z,fuzz-assertion,0,0,0,0,0,0,FALSE,0,0,0,0,0,0,0
2026-05-16T12:45:00Z,fuzz-assertion,0,0,0,0,0,0,FALSE,0,0,0,0,0,0,0
2026-05-16T13:00:00Z,fuzz-assertion,0,0,0,0,0,0,FALSE,0,0,0,0,0,0,0
2026-05-16T13:15:00Z,fuzz-assertion,0,0,0,0,0,0,FALSE,0,0,0,0,0,0,0
2026-05-16T13:30:00Z,fuzz-assertion,0,0,0,0,0,0,FALSE,0,0,0,0,0,0,0
2026-05-16T13:45:00Z,fuzz-assertion,0,0,0,0,0,0,FALSE,0,0,0,0,0,0,0
2026-05-16T14:00:00Z,fuzz-assertion,0,0,0,0,0,0,FALSE,0,0,0,0,0,0,0
2026-05-16T14:15:00Z,fuzz-assertion,0,0,0,0,0,0,FALSE,0,0,0,0,0,0,0
2026-05-16T14:30:00Z,fuzz-assertion,0,0,0,0,0,0,FALSE,0,0,0,0,0,0,0
2026-05-16T14:45:00Z,fuzz-assertion,0,0,0,0,0,0,FALSE,0,0,0,0,0,0,0
2026-05-16T15:00:00Z,fuzz-assertion,0,0,0,0,0,0,FALSE,0,0,0,0,0,0,0
2026-05-16T15:15:00Z,fuzz-assertion,0,0,0,0,0,0,FALSE,0,0,0,0,0,0,0
2026-05-16T15:30:00Z,fuzz-assertion,0,0,0,0,0,0,FALSE,0,0,0,0,0,0,0
2026-05-16T15:45:00Z,fuzz-assertion,0,0,0,0,0,0,FALSE,0,0,0,0,0,0,0
2026-05-16T16:00:00Z,fuzz-assertion,0,0,0,0,0,0,FALSE,0,0,0,0,0,0,0
2026-05-16T16:15:00Z,fuzz-assertion,0,0,0,0,0,0,FALSE,0,0,0,0,0,0,0
2026-05-16T16:30:00Z,fuzz-assertion,0,0,0,0,0,0,FALSE,0,0,0,0,0,0,0
2026-05-16T16:45:00Z,fuzz-assertion,0,0,0,0,0,0,FALSE,0,0,0,0,0,0,0
2026-05-16T17:00:00Z,fuzz-assertion,0,0,0,0,0,0,FALSE,0,0,0,0,0,0,0
2026-05-16T17:15:00Z,fuzz-assertion,0,0,0,0,0,0,FALSE,0,0,0,0,0,0,0
2026-05-16T17:30:00Z,fuzz-assertion,0,0,0,0,0,0,FALSE,0,0,0,0,0,0,0
2026-05-16T17:45:00Z,fuzz-assertion,0,0,0,0,0,0,FALSE,0,0,0,0,0,0,0
2026-05-16T18:00:00Z,fuzz-assertion,0,0,0,0,0,0,FALSE,0,0,0,0,0,0,0
2026-05-16T18:15:00Z,fuzz-assertion,0,0,0,0,0,0,FALSE,0,0,0,0,0,0,0
2026-05-16T18:30:00Z,fuzz-assertion,0,0,0,0,0,0,FALSE,0,0,0,0,0,0,0
2026-05-16T18:45:00Z,fuzz-assertion,0,0,0,0,0,0,FALSE,0,0,0,0,0,0,0
2026-05-16T19:00:00Z,fuzz-assertion,0,0,0,0,0,0,FALSE,0,0,0,0,0,0,0
2026-05-16T19:15:00Z,fuzz-assertion,0,0,0,0,0,0,FALSE,0,0,0,0,0,0,0
2026-05-16T19:30:00Z,fuzz-assertion,0,0,0,0,0,0,FALSE,0,0,0,0,0,0,0
2026-05-16T19:45:00Z,fuzz-assertion,0,0,0,0,0,0,FALSE,0,0,0,0,0,0,0
2026-05-16T20:00:00Z,fuzz-assertion,0,0,0,0,0,0,FALSE,0,0,0,0,0,0,0
2026-05-16T20:15:00Z,fuzz-assertion,0,0,0,0,0,0,FALSE,0,0,0,0,0,0,0
2026-05-16T20:30:00Z,fuzz-assertion,0,0,0,0,0,0,FALSE,0,0,0,0,0,0,0
2026-05-16T20:45:00Z,fuzz-assertion,0,0,0,0,0,0,FALSE,0,0,0,0,0,0,0
2026-05-16T21:00:00Z,fuzz-assertion,0,0,0,0,0,0,FALSE,0,0,0,0,0,0,0
2026-05-16T21:15:00Z,fuzz-assertion,0,0,0,0,0,0,FALSE,0,0,0,0,0,0,0
2026-05-16T21:30:00Z,fuzz-assertion,0,0,0,0,0,0,FALSE,0,0,0,0,0,0,0
2026-05-16T21:45:00Z,fuzz-assertion,0,0,0,0,0,0,FALSE,0,0,0,0,0,0,0
2026-05-16T22:00:00Z,fuzz-assertion,0,0,0,0,0,0,FALSE,0,0,0,0,0,0,0
2026-05-16T22:15:00Z,fuzz-assertion,0,0,0,0,0,0,FALSE,0,0,0,0,0,0,0
2026-05-16T22:30:00Z,fuzz-assertion,0,0,0,0,0,0,FALSE,0,0,0,0,0,0,0
2026-05-16T22:45:00Z,fuzz-assertion,0,0,0,0,0,0,FALSE,0,0,0,0,0,0,0
2026-05-16T23:00:00Z,fuzz-assertion,0,0,0,0,0,0,FALSE,0,0,0,0,0,0,0
2026-05-16T23:15:00Z,fuzz-assertion,0,0,0,0,0,0,FALSE,0,0,0,0,0,0,0
2026-05-16T23:30:00Z,fuzz-assertion,0,0,0,0,0,0,FALSE,0,0,0,0,0,0,0
2026-05-16T23:45:00Z,fuzz-assertion,0,0,0,0,0,0,FALSE,0,0,0,0,0,0,0
2026-05-17T00:00:00Z,fuzz-assertion,0,0,0,0,0,0,FALSE,0,0,0,0,0,0,0
2026-05-17T00:15:00Z,fuzz-assertion,0,0,0,0,0,0,FALSE,0,0,0,0,0,0,0
2026-05-17T00:30:00Z,fuzz-assertion,0,0,0,0,0,0,FALSE,0,0,0,0,0,0,0
2026-05-17T00:45:00Z,fuzz-assertion,0,0,0,0,0,0,FALSE,0,0,0,0,0,0,0
2026-05-17T01:00:00Z,fuzz-assertion,0,0,0,0,0,0,FALSE,0,0,0,0,0,0,0
2026-05-17T01:15:00Z,fuzz-assertion,0,0,0,0,0,0,FALSE,0,0,0,0,0,0,0
2026-05-17T01:30:00Z,fuzz-assertion,0,0,0,0,0,0,FALSE,0,0,0,0,0,0,0
2026-05-17T01:45:00Z,fuzz-assertion,0,0,0,0,0,0,FALSE,0,0,0,0,0,0,0
2026-05-17T02:00:00Z,fuzz-assertion,0,0,0,0,0,0,FALSE,0,0,0,0,0,0,0
2026-05-17T02:15:00Z,fuzz-assertion,0,0,0,0,0,0,FALSE,0,0,0,0,0,0,0
2026-05-17T02:30:00Z,fuzz-assertion,0,0,0,0,0,0,FALSE,0,0,0,0,0,0,0
2026-05-17T02:45:00Z,fuzz-assertion,0,0,0,0,0,0,FALSE,0,0,0,0,0,0,0
2026-05-17T03:00:00Z,fuzz-assertion,0,0,0,0,0,0,FALSE,0,0,0,0,0,0,0
2026-05-17T03:15:00Z,fuzz-assertion,0,0,0,0,0,0,FALSE,0,0,0,0,0,0,0
2026-05-17T03:30:00Z,fuzz-assertion,0,0,0,0,0,0,FALSE,0,0,0,0,0,0,0
2026-05-17T03:45:00Z,fuzz-assertion,0,0,0,0,0,0,FALSE,0,0,0,0,0,0,0
2026-05-17T04:00:00Z,fuzz-assertion,0,0,0,0,0,0,FALSE,0,0,0,0,0,0,0
2026-05-17T04:15:00Z,fuzz-assertion,0,0,0,0,0,0,FALSE,0,0,0,0,0,0,0
2026-05-17T04:30:00Z,fuzz-assertion,0,0,0,0,0,0,FALSE,0,0,0,0,0,0,0
2026-05-17T04:45:00Z,fuzz-assertion,0,0,0,0,0,0,FALSE,0,0,0,0,0,0,0
2026-05-17T05:00:00Z,fuzz-assertion,0,0,0,0,0,0,FALSE,0,0,0,0,0,0,0
2026-05-17T05:15:00Z,fuzz-assertion,0,0,0,0,0,0,FALSE,0,0,0,0,0,0,0
2026-05-17T05:30:00Z,fuzz-assertion,0,0,0,0,0,0,FALSE,0,0,0,0,0,0,0
2026-05-17T05:45:00Z,fuzz-assertion,0,0,0,0,0,0,FALSE,0,0,0,0,0,0,0
2026-05-17T06:00:00Z,fuzz-assertion,0,0,0,0,0,0,FALSE,0,0,0,0,0,0,0
2026-05-17T06:15:00Z,fuzz-assertion,0,0,0,0,0,0,FALSE,0,0,0,0,0,0,0
2026-05-17T06:30:00Z,fuzz-assertion,0,0,0,0,0,0,FALSE,0,0,0,0,0,0,0
2026-05-17T06:45:00Z,fuzz-assertion,0,0,0,0,0,0,FALSE,0,0,0,0,0,0,0
2026-05-17T07:00:00Z,fuzz-assertion,0,0,0,0,0,0,FALSE,0,0,0,0,0,0,0
2026-05-17T07:15:00Z,fuzz-assertion,0,0,0,0,0,0,FALSE,0,0,0,0,0,0,0
2026-05-17T07:30:00Z,fuzz-assertion,0,0,0,0,0,0,FALSE,0,0,0,0,0,0,0
2026-05-17T07:45:00Z,fuzz-assertion,0,0,0,0,0,0,FALSE,0,0,0,0,0,0,0
2026-05-17T08:00:00Z,fuzz-assertion,0,0,0,0,0,0,FALSE,0,0,0,0,0,0,0
2026-05-17T08:15:00Z,fuzz-assertion,0,0,0,0,0,0,FALSE,0,0,0,0,0,0,0
2026-05-17T08:30:00Z,fuzz-assertion,0,0,0,0,0,0,FALSE,0,0,0,0,0,0,0
2026-05-17T08:45:00Z,fuzz-assertion,0,0,0,0,0,0,FALSE,0,0,0,0,0,0,0
2026-05-17T09:00:00Z,fuzz-assertion,0,0,0,0,0,0,FALSE,0,0,0,0,0,0,0
2026-05-17T09:15:00Z,fuzz-assertion,0,0,0,0,0,0,FALSE,0,0,0,0,0,0,0
2026-05-17T09:30:00Z,fuzz-assertion,0,0,0,0,0,0,FALSE,0,0,0,0,0,0,0
2026-05-17T09:45:00Z,fuzz-assertion,0,0,0,0,0,0,FALSE,0,0,0,0,0,0,0
2026-05-17T10:00:00Z,fuzz-assertion,0,0,0,0,0,0,FALSE,0,0,0,0,0,0,0
2026-05-17T10:15:00Z,fuzz-assertion,0,0,0,0,0,0,FALSE,0,0,0,0,0,0,0
2026-05-17T10:30:00Z,fuzz-assertion,0,0,0,0,0,0,FALSE,0,0,0,0,0,0,0
2026-05-17T10:45:00Z,fuzz-assertion,0,0,0,0,0,0,FALSE,0,0,0,0,0,0,0
2026-05-17T11:00:00Z,fuzz-assertion,0,0,0,0,0,0,FALSE,0,0,0,0,0,0,0
2026-05-17T11:15:00Z,fuzz-assertion,0,0,0,0,0,0,FALSE,0,0,0,0,0,0,0
2026-05-17T11:30:00Z,fuzz-assertion,0,0,0,0,0,0,FALSE,0,0,0,0,0,0,0
2026-05-17T11:45:00Z,fuzz-assertion,0,0,0,0,0,0,FALSE,0,0,0,0,0,0,0
2026-05-17T12:00:00Z,fuzz-assertion,0,0,0,0,0,0,FALSE,0,0,0,0,0,0,0
2026-05-17T12:15:00Z,fuzz-assertion,0,0,0,0,0,0,FALSE,0,0,0,0,0,0,0
2026-05-17T12:30:00Z,fuzz-assertion,0,0,0,0,0,0,FALSE,0,0,0,0,0,0,0
2026-05-17T12:45:00Z,fuzz-assertion,0,0,0,0,0,0,FALSE,0,0,0,0,0,0,0
2026-05-17T13:00:00Z,fuzz-assertion,0,0,0,0,0,0,FALSE,0,0,0,0,0,0,0
2026-05-17T13:15:00Z,fuzz-assertion,0,0,0,0,0,0,FALSE,0,0,0,0,0,0,0
2026-05-17T13:30:00Z,fuzz-assertion,0,0,0,0,0,0,FALSE,0,0,0,0,0,0,0
2026-05-17T13:45:00Z,fuzz-assertion,0,0,0,0,0,0,FALSE,0,0,0,0,0,0,0
2026-05-17T14:00:00Z,fuzz-assertion,0,0,0,0,0,0,FALSE,0,0,0,0,0,0,0
2026-05-17T14:15:00Z,fuzz-assertion,0,0,0,0,0,0,FALSE,0,0,0,0,0,0,0
2026-05-17T14:30:00Z,fuzz-assertion,0,0,0,0,0,0,FALSE,0,0,0,0,0,0,0
2026-05-17T14:45:00Z,fuzz-assertion,0,0,0,0,0,0,FALSE,0,0,0,0,0,0,0
2026-05-17T15:00:00Z,fuzz-assertion,0,0,0,0,0,0,FALSE,0,0,0,0,0,0,0
2026-05-17T15:15:00Z,fuzz-assertion,0,0,0,0,0,0,FALSE,0,0,0,0,0,0,0
2026-05-17T15:30:00Z,fuzz-assertion,0,0,0,0,0,0,FALSE,0,0,0,0,0,0,0
2026-05-17T15:45:00Z,fuzz-assertion,0,0,0,0,0,0,FALSE,0,0,0,0,0,0,0
2026-05-17T16:00:00Z,fuzz-assertion,0,0,0,0,0,0,FALSE,0,0,0,0,0,0,0
2026-05-17T16:15:00Z,fuzz-assertion,0,0,0,0,0,0,FALSE,0,0,0,0,0,0,0
2026-05-17T16:30:00Z,fuzz-assertion,0,0,0,0,0,0,FALSE,0,0,0,0,0,0,0
2026-05-17T16:45:00Z,fuzz-assertion,0,0,0,0,0,0,FALSE,0,0,0,0,0,0,0
2026-05-17T17:00:00Z,fuzz-assertion,0,0,0,0,0,0,FALSE,0,0,0,0,0,0,0
2026-05-17T17:15:00Z,fuzz-assertion,0,0,0,0,0,0,FALSE,0,0,0,0,0,0,0
2026-05-17T17:30:00Z,fuzz-assertion,0,0,0,0,0,0,FALSE,0,0,0,0,0,0,0
2026-05-17T17:45:00Z,fuzz-assertion,0,0,0,0,0,0,FALSE,0,0,0,0,0,0,0
2026-05-17T18:00:00Z,fuzz-assertion,0,0,0,0,0,0,FALSE,0,0,0,0,0,0,0
2026-05-17T18:15:00Z,fuzz-assertion,0,0,0,0,0,0,FALSE,0,0,0,0,0,0,0
2026-05-17T18:30:00Z,fuzz-assertion,0,0,0,0,0,0,FALSE,0,0,0,0,0,0,0
2026-05-17T18:45:00Z,fuzz-assertion,0,0,0,0,0,0,FALSE,0,0,0,0,0,0,0
2026-05-17T19:00:00Z,fuzz-assertion,0,0,0,0,0,0,FALSE,0,0,0,0,0,0,0
2026-05-17T19:15:00Z,fuzz-assertion,0,0,0,0,0,0,FALSE,0,0,0,0,0,0,0
2026-05-17T19:30:00Z,fuzz-assertion,0,0,0,0,0,0,FALSE,0,0,0,0,0,0,0
2026-05-17T19:45:00Z,fuzz-assertion,0,0,0,0,0,0,FALSE,0,0,0,0,0,0,0
2026-05-17T20:00:00Z,fuzz-assertion,0,0,0,0,0,0,FALSE,0,0,0,0,0,0,0
2026-05-17T20:15:00Z,fuzz-assertion,0,0,0,0,0,0,FALSE,0,0,0,0,0,0,0
2026-05-17T20:30:00Z,fuzz-assertion,0,0,0,0,0,0,FALSE,0,0,0,0,0,0,0
2026-05-17T20:45:00Z,fuzz-assertion,0,0,0,0,0,0,FALSE,0,0,0,0,0,0,0
2026-05-17T21:00:00Z,fuzz-assertion,0,0,0,0,0,0,FALSE,0,0,0,0,0,0,0
2026-05-17T21:15:00Z,fuzz-assertion,0,0,0,0,0,0,FALSE,0,0,0,0,0,0,0
2026-05-17T21:30:00Z,fuzz-assertion,0,0,0,0,0,0,FALSE,0,0,0,0,0,0,0
2026-05-17T21:45:00Z,fuzz-assertion,0,0,0,0,0,0,FALSE,0,0,0,0,0,0,0
2026-05-17T22:00:00Z,fuzz-assertion,0,0,0,0,0,0,FALSE,0,0,0,0,0,0,0
2026-05-17T22:15:00Z,fuzz-assertion,0,0,0,0,0,0,FALSE,0,0,0,0,0,0,0
2026-05-17T22:30:00Z,fuzz-assertion,0,0,0,0,0,0,FALSE,0,0,0,0,0,0,0
2026-05-17T22:45:00Z,fuzz-assertion,0,0,0,0,0,0,FALSE,0,0,0,0,0,0,0
2026-05-17T23:00:00Z,fuzz-assertion,0,0,0,0,0,0,FALSE,0,0,0,0,0,0,0
2026-05-17T23:15:00Z,fuzz-assertion,0,0,0,0,0,0,FALSE,0,0,0,0,0,0,0
2026-05-17T23:30:00Z,fuzz-assertion,0,0,0,0,0,0,FALSE,0,0,0,0,0,0,0
2026-05-17T23:45:00Z,fuzz-assertion,0,0,0,0,0,0,FALSE,0,0,0,0,0,0,0
2026-05-18T00:00:00Z,fuzz-assertion,0,0,0,0,0,0,FALSE,0,0,0,0,0,0,0
2026-05-18T00:15:00Z,fuzz-assertion,0,0,0,0,0,0,FALSE,0,0,0,0,0,0,0
2026-05-18T00:30:00Z,fuzz-assertion,0,0,0,0,0,0,FALSE,0,0,0,0,0,0,0
2026-05-18T00:45:00Z,fuzz-assertion,0,0,0,0,0,0,FALSE,0,0,0,0,0,0,0
2026-05-18T01:00:00Z,fuzz-assertion,0,0,0,0,0,0,FALSE,0,0,0,0,0,0,0
2026-05-18T01:15:00Z,fuzz-assertion,0,0,0,0,0,0,FALSE,0,0,0,0,0,0,0
2026-05-18T01:30:00Z,fuzz-assertion,0,0,0,0,0,0,FALSE,0,0,0,0,0,0,0
2026-05-18T01:45:00Z,fuzz-assertion,0,0,0,0,0,0,FALSE,0,0,0,0,0,0,0
2026-05-18T02:00:00Z,fuzz-assertion,0,0,0,0,0,0,FALSE,0,0,0,0,0,0,0
2026-05-18T02:15:00Z,fuzz-assertion,0,0,0,0,0,0,FALSE,0,0,0,0,0,0,0
2026-05-18T02:30:00Z,fuzz-assertion,0,0,0,0,0,0,FALSE,0,0,0,0,0,0,0
2026-05-18T02:45:00Z,fuzz-assertion,0,0,0,0,0,0,FALSE,0,0,0,0,0,0,0
2026-05-18T03:00:00Z,fuzz-assertion,0,0,0,0,0,0,FALSE,0,0,0,0,0,0,0
2026-05-18T03:15:00Z,fuzz-assertion,0,0,0,0,0,0,FALSE,0,0,0,0,0,0,0
2026-05-18T03:30:00Z,fuzz-assertion,0,0,0,0,0,0,FALSE,0,0,0,0,0,0,0
2026-05-18T03:45:00Z,fuzz-assertion,0,0,0,0,0,0,FALSE,0,0,0,0,0,0,0
2026-05-18T04:00:00Z,fuzz-assertion,0,0,0,0,0,0,FALSE,0,0,0,0,0,0,0
2026-05-18T04:15:00Z,fuzz-assertion,0,0,0,0,0,0,FALSE,0,0,0,0,0,0,0
2026-05-18T04:30:00Z,fuzz-assertion,0,0,0,0,0,0,FALSE,0,0,0,0,0,0,0
2026-05-18T04:45:00Z,fuzz-assertion,0,0,0,0,0,0,FALSE,0,0,0,0,0,0,0
2026-05-18T05:00:00Z,fuzz-assertion,0,0,0,0,0,0,FALSE,0,0,0,0,0,0,0
2026-05-18T05:15:00Z,fuzz-assertion,0,0,0,0,0,0,FALSE,0,0,0,0,0,0,0
2026-05-18T05:30:00Z,fuzz-assertion,0,0,0,0,0,0,FALSE,0,0,0,0,0,0,0
2026-05-18T05:45:00Z,fuzz-assertion,0,0,0,0,0,0,FALSE,0,0,0,0,0,0,0
2026-05-18T06:00:00Z,fuzz-assertion,0,0,0,0,0,0,FALSE,0,0,0,0,0,0,0
2026-05-18T06:15:00Z,fuzz-assertion,0,0,0,0,0,0,FALSE,0,0,0,0,0,0,0
2026-05-18T06:30:00Z,fuzz-assertion,0,0,0,0,0,0,FALSE,0,0,0,0,0,0,0
2026-05-18T06:45:00Z,fuzz-assertion,0,0,0,0,0,0,FALSE,0,0,0,0,0,0,0
2026-05-18T07:00:00Z,fuzz-assertion,0,0,0,0,0,0,FALSE,0,0,0,0,0,0,0
2026-05-18T07:15:00Z,fuzz-assertion,0,0,0,0,0,0,FALSE,0,0,0,0,0,0,0
2026-05-18T07:30:00Z,fuzz-assertion,0,0,0,0,0,0,FALSE,0,0,0,0,0,0,0
2026-05-18T07:45:00Z,fuzz-assertion,0,0,0,0,0,0,FALSE,0,0,0,0,0,0,0
2026-05-18T08:00:00Z,fuzz-assertion,0,0,0,0,0,0,FALSE,0,0,0,0,0,0,0
2026-05-18T08:15:00Z,fuzz-assertion,0,0,0,0,0,0,FALSE,0,0,0,0,0,0,0
2026-05-18T08:30:00Z,fuzz-assertion,0,0,0,0,0,0,FALSE,0,0,0,0,0,0,0
2026-05-18T08:45:00Z,fuzz-assertion,0,0,0,0,0,0,FALSE,0,0,0,0,0,0,0
2026-05-18T09:00:00Z,fuzz-assertion,0,0,0,0,0,0,FALSE,0,0,0,0,0,0,0
2026-05-18T09:15:00Z,fuzz-assertion,0,0,0,0,0,0,FALSE,0,0,0,0,0,0,0
2026-05-18T09:30:00Z,fuzz-assertion,0,0,0,0,0,0,FALSE,0,0,0,0,0,0,0
2026-05-18T09:45:00Z,fuzz-assertion,0,0,0,0,0,0,FALSE,0,0,0,0,0,0,0
2026-05-18T10:00:00Z,fuzz-assertion,0,0,0,0,0,0,FALSE,0,0,0,0,0,0,0
2026-05-18T10:15:00Z,fuzz-assertion,0,0,0,0,0,0,FALSE,0,0,0,0,0,0,0
2026-05-18T10:30:00Z,fuzz-assertion,0,0,0,0,0,0,FALSE,0,0,0,0,0,0,0
2026-05-18T10:45:00Z,fuzz-assertion,0,0,0,0,0,0,FALSE,0,0,0,0,0,0,0
2026-05-18T11:00:00Z,fuzz-assertion,0,0,0,0,0,0,FALSE,0,0,0,0,0,0,0
2026-05-18T11:15:00Z,fuzz-assertion,0,0,0,0,0,0,FALSE,0,0,0,0,0,0,0
2026-05-18T11:30:00Z,fuzz-assertion,0,0,0,0,0,0,FALSE,0,0,0,0,0,0,0
2026-05-18T11:45:00Z,fuzz-assertion,0,0,0,0,0,0,FALSE,0,0,0,0,0,0,0
2026-05-18T12:00:00Z,fuzz-assertion,0,0,0,0,0,0,FALSE,0,0,0,0,0,0,0
2026-05-18T12:15:00Z,fuzz-assertion,0,0,0,0,0,0,FALSE,0,0,0,0,0,0,0
2026-05-18T12:30:00Z,fuzz-assertion,0,0,0,0,0,0,FALSE,0,0,0,0,0,0,0
2026-05-18T12:45:00Z,fuzz-assertion,0,0,0,0,0,0,FALSE,0,0,0,0,0,0,0
2026-05-18T13:00:00Z,fuzz-assertion,0,0,0,0,0,0,FALSE,0,0,0,0,0,0,0
2026-05-18T13:15:00Z,fuzz-assertion,0,0,0,0,0,0,FALSE,0,0,0,0,0,0,0
2026-05-18T13:30:00Z,fuzz-assertion,0,0,0,0,0,0,FALSE,0,0,0,0,0,0,0
2026-05-18T13:45:00Z,fuzz-assertion,0,0,0,0,0,0,FALSE,0,0,0,0,0,0,0
2026-05-18T14:00:00Z,fuzz-assertion,0,0,0,0,0,0,FALSE,0,0,0,0,0,0,0
2026-05-18T14:15:00Z,fuzz-assertion,0,0,0,0,0,0,FALSE,0,0,0,0,0,0,0
2026-05-18T14:30:00Z,fuzz-assertion,0,0,0,0,0,0,FALSE,0,0,0,0,0,0,0
2026-05-18T14:45:00Z,fuzz-assertion,0,0,0,0,0,0,FALSE,0,0,0,0,0,0,0
2026-05-18T15:00:00Z,fuzz-assertion,0,0,0,0,0,0,FALSE,0,0,0,0,0,0,0
2026-05-18T15:15:00Z,fuzz-assertion,0,0,0,0,0,0,FALSE,0,0,0,0,0,0,0
2026-05-18T15:30:00Z,fuzz-assertion,0,0,0,0,0,0,FALSE,0,0,0,0,0,0,0
2026-05-18T15:45:00Z,fuzz-assertion,0,0,0,0,0,0,FALSE,0,0,0,0,0,0,0
2026-05-18T16:00:00Z,fuzz-assertion,0,0,0,0,0,0,FALSE,0,0,0,0,0,0,0
2026-05-18T16:15:00Z,fuzz-assertion,0,0,0,0,0,0,FALSE,0,0,0,0,0,0,0
2026-05-18T16:30:00Z,fuzz-assertion,0,0,0,0,0,0,FALSE,0,0,0,0,0,0,0
2026-05-18T16:45:00Z,fuzz-assertion,0,0,0,0,0,0,FALSE,0,0,0,0,0,0,0
2026-05-18T17:00:00Z,fuzz-assertion,0,0,0,0,0,0,FALSE,0,0,0,0,0,0,0
2026-05-18T17:15:00Z,fuzz-assertion,0,0,0,0,0,0,FALSE,0,0,0,0,0,0,0
2026-05-18T17:30:00Z,fuzz-assertion,0,0,0,0,0,0,FALSE,0,0,0,0,0,0,0
2026-05-18T17:45:00Z,fuzz-assertion,0,0,0,0,0,0,FALSE,0,0,0,0,0,0,0
2026-05-18T18:00:00Z,fuzz-assertion,0,0,0,0,0,0,FALSE,0,0,0,0,0,0,0
2026-05-18T18:15:00Z,fuzz-assertion,0,0,0,0,0,0,FALSE,0,0,0,0,0,0,0
2026-05-18T18:30:00Z,fuzz-assertion,0,0,0,0,0,0,FALSE,0,0,0,0,0,0,0
2026-05-18T18:45:00Z,fuzz-assertion,0,0,0,0,0,0,FALSE,0,0,0,0,0,0,0
2026-05-18T19:00:00Z,fuzz-assertion,0,0,0,0,0,0,FALSE,0,0,0,0,0,0,0
2026-05-18T19:15:00Z,fuzz-assertion,0,0,0,0,0,0,FALSE,0,0,0,0,0,0,0
2026-05-18T19:30:00Z,fuzz-assertion,0,0,0,0,0,0,FALSE,0,0,0,0,0,0,0
2026-05-18T19:45:00Z,fuzz-assertion,0,0,0,0,0,0,FALSE,0,0,0,0,0,0,0
2026-05-18T20:00:00Z,fuzz-assertion,0,0,0,0,0,0,FALSE,0,0,0,0,0,0,0
2026-05-18T20:15:00Z,fuzz-assertion,0,0,0,0,0,0,FALSE,0,0,0,0,0,0,0
2026-05-18T20:30:00Z,fuzz-assertion,0,0,0,0,0,0,FALSE,0,0,0,0,0,0,0
2026-05-18T20:45:00Z,fuzz-assertion,0,0,0,0,0,0,FALSE,0,0,0,0,0,0,0
2026-05-18T21:00:00Z,fuzz-assertion,0,0,0,0,0,0,FALSE,0,0,0,0,0,0,0
2026-05-18T21:15:00Z,fuzz-assertion,0,0,0,0,0,0,FALSE,0,0,0,0,0,0,0
2026-05-18T21:30:00Z,fuzz-assertion,0,0,0,0,0,0,FALSE,0,0,0,0,0,0,0
2026-05-18T21:45:00Z,fuzz-assertion,0,0,0,0,0,0,FALSE,0,0,0,0,0,0,0
2026-05-18T22:00:00Z,fuzz-assertion,0,0,0,0,0,0,FALSE,0,0,0,0,0,0,0
2026-05-18T22:15:00Z,fuzz-assertion,0,0,0,0,0,0,FALSE,0,0,0,0,0,0,0
2026-05-18T22:30:00Z,fuzz-assertion,0,0,0,0,0,0,FALSE,0,0,0,0,0,0,0
2026-05-18T22:45:00Z,fuzz-assertion,0,0,0,0,0,0,FALSE,0,0,0,0,0,0,0
2026-05-18T23:00:00Z,fuzz-assertion,0,0,0,0,0,0,FALSE,0,0,0,0,0,0,0
2026-05-18T23:15:00Z,fuzz-assertion,0,0,0,0,0,0,FALSE,0,0,0,0,0,0,0
2026-05-18T23:30:00Z,fuzz-assertion,0,0,0,0,0,0,FALSE,0,0,0,0,0,0,0
2026-05-18T23:45:00Z,fuzz-assertion,0,0,0,0,0,0,FALSE,0,0,0,0,0,0,0
2026-05-19T00:00:00Z,fuzz-assertion,0,0,0,0,0,0,FALSE,0,0,0,0,0,0,0
2026-05-19T00:15:00Z,fuzz-assertion,0,0,0,0,0,0,FALSE,0,0,0,0,0,0,0
2026-05-19T00:30:00Z,fuzz-assertion,0,0,0,0,0,0,FALSE,0,0,0,0,0,0,0
2026-05-19T00:45:00Z,fuzz-assertion,0,0,0,0,0,0,FALSE,0,0,0,0,0,0,0
2026-05-19T01:00:00Z,fuzz-assertion,0,0,0,0,0,0,FALSE,0,0,0,0,0,0,0
2026-05-19T01:15:00Z,fuzz-assertion,0,0,0,0,0,0,FALSE,0,0,0,0,0,0,0
2026-05-19T01:30:00Z,fuzz-assertion,0,0,0,0,0,0,FALSE,0,0,0,0,0,0,0
2026-05-19T01:45:00Z,fuzz-assertion,0,0,0,0,0,0,FALSE,0,0,0,0,0,0,0
2026-05-19T02:00:00Z,fuzz-assertion,0,0,0,0,0,0,FALSE,0,0,0,0,0,0,0
2026-05-19T02:15:00Z,fuzz-assertion,0,0,0,0,0,0,FALSE,0,0,0,0,0,0,0
2026-05-19T02:30:00Z,fuzz-assertion,0,0,0,0,0,0,FALSE,0,0,0,0,0,0,0
2026-05-19T02:45:00Z,fuzz-assertion,0,0,0,0,0,0,FALSE,0,0,0,0,0,0,0
2026-05-19T03:00:00Z,fuzz-assertion,0,0,0,0,0,0,FALSE,0,0,0,0,0,0,0
2026-05-19T03:15:00Z,fuzz-assertion,0,0,0,0,0,0,FALSE,0,0,0,0,0,0,0
2026-05-19T03:30:00Z,fuzz-assertion,0,0,0,0,0,0,FALSE,0,0,0,0,0,0,0
2026-05-19T03:45:00Z,fuzz-assertion,0,0,0,0,0,0,FALSE,0,0,0,0,0,0,0
2026-05-19T04:00:00Z,fuzz-assertion,0,0,0,0,0,0,FALSE,0,0,0,0,0,0,0
2026-05-19T04:15:00Z,fuzz-assertion,0,0,0,0,0,0,FALSE,0,0,0,0,0,0,0
2026-05-19T04:30:00Z,fuzz-assertion,0,0,0,0,0,0,FALSE,0,0,0,0,0,0,0
2026-05-19T04:45:00Z,fuzz-assertion,0,0,0,0,0,0,FALSE,0,0,0,0,0,0,0
2026-05-19T05:00:00Z,fuzz-assertion,0,0,0,0,0,0,FALSE,0,0,0,0,0,0,0
2026-05-19T05:15:00Z,fuzz-assertion,0,0,0,0,0,0,FALSE,0,0,0,0,0,0,0
2026-05-19T05:30:00Z,fuzz-assertion,0,0,0,0,0,0,FALSE,0,0,0,0,0,0,0
2026-05-19T05:45:00Z,fuzz-assertion,0,0,0,0,0,0,FALSE,0,0,0,0,0,0,0
2026-05-19T06:00:00Z,fuzz-assertion,0,0,0,0,0,0,FALSE,0,0,0,0,0,0,0
2026-05-19T06:15:00Z,fuzz-assertion,0,0,0,0,0,0,FALSE,0,0,0,0,0,0,0
2026-05-19T06:30:00Z,fuzz-assertion,0,0,0,0,0,0,FALSE,0,0,0,0,0,0,0
2026-05-19T06:45:00Z,fuzz-assertion,0,0,0,0,0,0,FALSE,0,0,0,0,0,0,0
2026-05-19T07:00:00Z,fuzz-assertion,0,0,0,0,0,0,FALSE,0,0,0,0,0,0,0
2026-05-19T07:15:00Z,fuzz-assertion,0,0,0,0,0,0,FALSE,0,0,0,0,0,0,0
2026-05-19T07:30:00Z,fuzz-assertion,0,0,0,0,0,0,FALSE,0,0,0,0,0,0,0
2026-05-19T07:45:00Z,fuzz-assertion,0,0,0,0,0,0,FALSE,0,0,0,0,0,0,0
2026-05-19T08:00:00Z,fuzz-assertion,0,0,0,0,0,0,FALSE,0,0,0,0,0,0,0
2026-05-19T08:15:00Z,fuzz-assertion,0,0,0,0,0,0,FALSE,0,0,0,0,0,0,0
2026-05-19T08:30:00Z,fuzz-assertion,0,0,0,0,0,0,FALSE,0,0,0,0,0,0,0
2026-05-19T08:45:00Z,fuzz-assertion,0,0,0,0,0,0,FALSE,0,0,0,0,0,0,0
2026-05-19T09:00:00Z,fuzz-assertion,0,0,0,0,0,0,FALSE,0,0,0,0,0,0,0
2026-05-19T09:15:00Z,fuzz-assertion,0,0,0,0,0,0,FALSE,0,0,0,0,0,0,0
2026-05-19T09:30:00Z,fuzz-assertion,0,0,0,0,0,0,FALSE,0,0,0,0,0,0,0
2026-05-19T09:45:00Z,fuzz-assertion,0,0,0,0,0,0,FALSE,0,0,0,0,0,0,0
2026-05-19T10:00:00Z,fuzz-assertion,0,0,0,0,0,0,FALSE,0,0,0,0,0,0,0
2026-05-19T10:15:00Z,fuzz-assertion,0,0,0,0,0,0,FALSE,0,0,0,0,0,0,0
2026-05-19T10:30:00Z,fuzz-assertion,0,0,0,0,0,0,FALSE,0,0,0,0,0,0,0
2026-05-19T10:45:00Z,fuzz-assertion,0,0,0,0,0,0,FALSE,0,0,0,0,0,0,0
2026-05-19T11:00:00Z,fuzz-assertion,0,0,0,0,0,0,FALSE,0,0,0,0,0,0,0
2026-05-19T11:15:00Z,fuzz-assertion,0,0,0,0,0,0,FALSE,0,0,0,0,0,0,0
2026-05-19T11:30:00Z,fuzz-assertion,0,0,0,0,0,0,FALSE,0,0,0,0,0,0,0
2026-05-19T11:45:00Z,fuzz-assertion,0,0,0,0,0,0,FALSE,0,0,0,0,0,0,0
2026-05-19T12:00:00Z,fuzz-assertion,0,0,0,0,0,0,FALSE,0,0,0,0,0,0,0
2026-05-19T12:15:00Z,fuzz-assertion,0,0,0,0,0,0,FALSE,0,0,0,0,0,0,0
2026-05-19T12:30:00Z,fuzz-assertion,0,0,0,0,0,0,FALSE,0,0,0,0,0,0,0
2026-05-19T12:45:00Z,fuzz-assertion,0,0,0,0,0,0,FALSE,0,0,0,0,0,0,0
2026-05-19T13:00:00Z,fuzz-assertion,0,0,0,0,0,0,FALSE,0,0,0,0,0,0,0
2026-05-19T13:15:00Z,fuzz-assertion,0,0,0,0,0,0,FALSE,0,0,0,0,0,0,0
2026-05-19T13:30:00Z,fuzz-assertion,0,0,0,0,0,0,FALSE,0,0,0,0,0,0,0
2026-05-19T13:45:00Z,fuzz-assertion,0,0,0,0,0,0,FALSE,0,0,0,0,0,0,0
2026-05-19T14:00:00Z,fuzz-assertion,0,0,0,0,0,0,FALSE,0,0,0,0,0,0,0
2026-05-19T14:15:00Z,fuzz-assertion,0,0,0,0,0,0,FALSE,0,0,0,0,0,0,0
2026-05-19T14:30:00Z,fuzz-assertion,0,0,0,0,0,0,FALSE,0,0,0,0,0,0,0
2026-05-19T14:45:00Z,fuzz-assertion,0,0,0,0,0,0,FALSE,0,0,0,0,0,0,0
2026-05-19T15:00:00Z,fuzz-assertion,0,0,0,0,0,0,FALSE,0,0,0,0,0,0,0
2026-05-19T15:15:00Z,fuzz-assertion,0,0,0,0,0,0,FALSE,0,0,0,0,0,0,0
2026-05-19T15:30:00Z,fuzz-assertion,0,0,0,0,0,0,FALSE,0,0,0,0,0,0,0
2026-05-19T15:45:00Z,fuzz-assertion,0,0,0,0,0,0,FALSE,0,0,0,0,0,0,0
2026-05-19T16:00:00Z,fuzz-assertion,0,0,0,0,0,0,FALSE,0,0,0,0,0,0,0
2026-05-19T16:15:00Z,fuzz-assertion,0,0,0,0,0,0,FALSE,0,0,0,0,0,0,0
2026-05-19T16:30:00Z,fuzz-assertion,0,0,0,0,0,0,FALSE,0,0,0,0,0,0,0
2026-05-19T16:45:00Z,fuzz-assertion,0,0,0,0,0,0,FALSE,0,0,0,0,0,0,0
2026-05-19T17:00:00Z,fuzz-assertion,0,0,0,0,0,0,FALSE,0,0,0,0,0,0,0
2026-05-19T17:15:00Z,fuzz-assertion,0,0,0,0,0,0,FALSE,0,0,0,0,0,0,0
2026-05-19T17:30:00Z,fuzz-assertion,0,0,0,0,0,0,FALSE,0,0,0,0,0,0,0
2026-05-19T17:45:00Z,fuzz-assertion,0,0,0,0,0,0,FALSE,0,0,0,0,0,0,0
2026-05-19T18:00:00Z,fuzz-assertion,0,0,0,0,0,0,FALSE,0,0,0,0,0,0,0
2026-05-19T18:15:00Z,fuzz-assertion,0,0,0,0,0,0,FALSE,0,0,0,0,0,0,0
2026-05-19T18:30:00Z,fuzz-assertion,0,0,0,0,0,0,FALSE,0,0,0,0,0,0,0
2026-05-19T18:45:00Z,fuzz-assertion,0,0,0,0,0,0,FALSE,0,0,0,0,0,0,0
2026-05-19T19:00:00Z,fuzz-assertion,0,0,0,0,0,0,FALSE,0,0,0,0,0,0,0
2026-05-19T19:15:00Z,fuzz-assertion,0,0,0,0,0,0,FALSE,0,0,0,0,0,0,0
2026-05-19T19:30:00Z,fuzz-assertion,0,0,0,0,0,0,FALSE,0,0,0,0,0,0,0
2026-05-19T19:45:00Z,fuzz-assertion,0,0,0,0,0,0,FALSE,0,0,0,0,0,0,0
2026-05-19T20:00:00Z,fuzz-assertion,0,0,0,0,0,0,FALSE,0,0,0,0,0,0,0
2026-05-19T20:15:00Z,fuzz-assertion,0,0,0,0,0,0,FALSE,0,0,0,0,0,0,0
2026-05-19T20:30:00Z,fuzz-assertion,0,0,0,0,0,0,FALSE,0,0,0,0,0,0,0
2026-05-19T20:45:00Z,fuzz-assertion,0,0,0,0,0,0,FALSE,0,0,0,0,0,0,0
2026-05-19T21:00:00Z,fuzz-assertion,0,0,0,0,0,0,FALSE,0,0,0,0,0,0,0
2026-05-19T21:15:00Z,fuzz-assertion,0,0,0,0,0,0,FALSE,0,0,0,0,0,0,0
2026-05-19T21:30:00Z,fuzz-assertion,0,0,0,0,0,0,FALSE,0,0,0,0,0,0,0
2026-05-19T21:45:00Z,fuzz-assertion,0,0,0,0,0,0,FALSE,0,0,0,0,0,0,0
2026-05-19T22:00:00Z,fuzz-assertion,0,0,0,0,0,0,FALSE,0,0,0,0,0,0,0
2026-05-19T22:15:00Z,fuzz-assertion,0,0,0,0,0,0,FALSE,0,0,0,0,0,0,0
2026-05-19T22:30:00Z,fuzz-assertion,0,0,0,0,0,0,FALSE,0,0,0,0,0,0,0
2026-05-19T22:45:00Z,fuzz-assertion,0,0,0,0,0,0,FALSE,0,0,0,0,0,0,0
2026-05-19T23:00:00Z,fuzz-assertion,0,0,0,0,0,0,FALSE,0,0,0,0,0,0,0
2026-05-19T23:15:00Z,fuzz-assertion,0,0,0,0,0,0,FALSE,0,0,0,0,0,0,0
2026-05-19T23:30:00Z,fuzz-assertion,0,0,0,0,0,0,FALSE,0,0,0,0,0,0,0
2026-05-19T23:45:00Z,fuzz-assertion,0,0,0,0,0,0,FALSE,0,0,0,0,0,0,0
2026-05-20T00:00:00Z,fuzz-assertion,0,0,0,0,0,0,FALSE,0,0,0,0,0,0,0
2026-05-20T00:15:00Z,fuzz-assertion,0,0,0,0,0,0,FALSE,0,0,0,0,0,0,0
2026-05-20T00:30:00Z,fuzz-assertion,0,0,0,0,0,0,FALSE,0,0,0,0,0,0,0
2026-05-20T00:45:00Z,fuzz-assertion,0,0,0,0,0,0,FALSE,0,0,0,0,0,0,0
2026-05-20T01:00:00Z,fuzz-assertion,0,0,0,0,0,0,FALSE,0,0,0,0,0,0,0
2026-05-20T01:15:00Z,fuzz-assertion,0,0,0,0,0,0,FALSE,0,0,0,0,0,0,0
2026-05-20T01:30:00Z,fuzz-assertion,0,0,0,0,0,0,FALSE,0,0,0,0,0,0,0
2026-05-20T01:45:00Z,fuzz-assertion,0,0,0,0,0,0,FALSE,0,0,0,0,0,0,0
2026-05-20T02:00:00Z,fuzz-assertion,0,0,0,0,0,0,FALSE,0,0,0,0,0,0,0
2026-05-20T02:15:00Z,fuzz-assertion,0,0,0,0,0,0,FALSE,0,0,0,0,0,0,0
2026-05-20T02:30:00Z,fuzz-assertion,0,0,0,0,0,0,FALSE,0,0,0,0,0,0,0
2026-05-20T02:45:00Z,fuzz-assertion,0,0,0,0,0,0,FALSE,0,0,0,0,0,0,0
2026-05-20T03:00:00Z,fuzz-assertion,0,0,0,0,0,0,FALSE,0,0,0,0,0,0,0
2026-05-20T03:15:00Z,fuzz-assertion,0,0,0,0,0,0,FALSE,0,0,0,0,0,0,0
2026-05-20T03:30:00Z,fuzz-assertion,0,0,0,0,0,0,FALSE,0,0,0,0,0,0,0
2026-05-20T03:45:00Z,fuzz-assertion,0,0,0,0,0,0,FALSE,0,0,0,0,0,0,0
2026-05-20T04:00:00Z,fuzz-assertion,0,0,0,0,0,0,FALSE,0,0,0,0,0,0,0
2026-05-20T04:15:00Z,fuzz-assertion,0,0,0,0,0,0,FALSE,0,0,0,0,0,0,0
2026-05-20T04:30:00Z,fuzz-assertion,0,0,0,0,0,0,FALSE,0,0,0,0,0,0,0
2026-05-20T04:45:00Z,fuzz-assertion,0,0,0,0,0,0,FALSE,0,0,0,0,0,0,0
2026-05-20T05:00:00Z,fuzz-assertion,0,0,0,0,0,0,FALSE,0,0,0,0,0,0,0
2026-05-20T05:15:00Z,fuzz-assertion,0,0,0,0,0,0,FALSE,0,0,0,0,0,0,0
2026-05-20T05:30:00Z,fuzz-assertion,0,0,0,0,0,0,FALSE,0,0,0,0,0,0,0
2026-05-20T05:45:00Z,fuzz-assertion,0,0,0,0,0,0,FALSE,0,0,0,0,0,0,0
2026-05-20T06:00:00Z,fuzz-assertion,0,0,0,0,0,0,FALSE,0,0,0,0,0,0,0
2026-05-20T06:15:00Z,fuzz-assertion,0,0,0,0,0,0,FALSE,0,0,0,0,0,0,0
2026-05-20T06:30:00Z,fuzz-assertion,0,0,0,0,0,0,FALSE,0,0,0,0,0,0,0
2026-05-20T06:45:00Z,fuzz-assertion,0,0,0,0,0,0,FALSE,0,0,0,0,0,0,0
2026-05-20T07:00:00Z,fuzz-assertion,0,0,0,0,0,0,FALSE,0,0,0,0,0,0,0
2026-05-20T07:15:00Z,fuzz-assertion,0,0,0,0,0,0,FALSE,0,0,0,0,0,0,0
2026-05-20T07:30:00Z,fuzz-assertion,0,0,0,0,0,0,FALSE,0,0,0,0,0,0,0
2026-05-20T07:45:00Z,fuzz-assertion,0,0,0,0,0,0,FALSE,0,0,0,0,0,0,0
2026-05-20T08:00:00Z,fuzz-assertion,0,0,0,0,0,0,FALSE,0,0,0,0,0,0,0
2026-05-20T08:15:00Z,fuzz-assertion,0,0,0,0,0,0,FALSE,0,0,0,0,0,0,0
2026-05-20T08:30:00Z,fuzz-assertion,0,0,0,0,0,0,FALSE,0,0,0,0,0,0,0
2026-05-20T08:45:00Z,fuzz-assertion,0,0,0,0,0,0,FALSE,0,0,0,0,0,0,0
2026-05-20T09:00:00Z,fuzz-assertion,0,0,0,0,0,0,FALSE,0,0,0,0,0,0,0
2026-05-20T09:15:00Z,fuzz-assertion,0,0,0,0,0,0,FALSE,0,0,0,0,0,0,0
2026-05-20T09:30:00Z,fuzz-assertion,0,0,0,0,0,0,FALSE,0,0,0,0,0,0,0
2026-05-20T09:45:00Z,fuzz-assertion,0,0,0,0,0,0,FALSE,0,0,0,0,0,0,0
2026-05-20T10:00:00Z,fuzz-assertion,0,0,0,0,0,0,FALSE,0,0,0,0,0,0,0
2026-05-20T10:15:00Z,fuzz-assertion,0,0,0,0,0,0,FALSE,0,0,0,0,0,0,0
2026-05-20T10:30:00Z,fuzz-assertion,0,0,0,0,0,0,FALSE,0,0,0,0,0,0,0
2026-05-20T10:45:00Z,fuzz-assertion,0,0,0,0,0,0,FALSE,0,0,0,0,0,0,0
2026-05-20T11:00:00Z,fuzz-assertion,0,0,0,0,0,0,FALSE,0,0,0,0,0,0,0
2026-05-20T11:15:00Z,fuzz-assertion,0,0,0,0,0,0,FALSE,0,0,0,0,0,0,0
2026-05-20T11:30:00Z,fuzz-assertion,0,0,0,0,0,0,FALSE,0,0,0,0,0,0,0
2026-05-20T11:45:00Z,fuzz-assertion,0,0,0,0,0,0,FALSE,0,0,0,0,0,0,0
2026-05-20T12:00:00Z,fuzz-assertion,0,0,0,0,0,0,FALSE,0,0,0,0,0,0,0
2026-05-20T12:15:00Z,fuzz-assertion,0,0,0,0,0,0,FALSE,0,0,0,0,0,0,0
2026-05-20T12:30:00Z,fuzz-assertion,0,0,0,0,0,0,FALSE,0,0,0,0,0,0,0
2026-05-20T12:45:00Z,fuzz-assertion,0,0,0,0,0,0,FALSE,0,0,0,0,0,0,0
2026-05-20T13:00:00Z,fuzz-assertion,0,0,0,0,0,0,FALSE,0,0,0,0,0,0,0
2026-05-20T13:15:00Z,fuzz-assertion,0,0,0,0,0,0,FALSE,0,0,0,0,0,0,0
2026-05-20T13:30:00Z,fuzz-assertion,0,0,0,0,0,0,FALSE,0,0,0,0,0,0,0
2026-05-20T13:45:00Z,fuzz-assertion,0,0,0,0,0,0,FALSE,0,0,0,0,0,0,0
2026-05-20T14:00:00Z,fuzz-assertion,0,0,0,0,0,0,FALSE,0,0,0,0,0,0,0
2026-05-20T14:15:00Z,fuzz-assertion,0,0,0,0,0,0,FALSE,0,0,0,0,0,0,0
2026-05-20T14:30:00Z,fuzz-assertion,0,0,0,0,0,0,FALSE,0,0,0,0,0,0,0
2026-05-20T14:45:00Z,fuzz-assertion,0,0,0,0,0,0,FALSE,0,0,0,0,0,0,0
2026-05-20T15:00:00Z,fuzz-assertion,0,0,0,0,0,0,FALSE,0,0,0,0,0,0,0
2026-05-20T15:15:00Z,fuzz-assertion,0,0,0,0,0,0,FALSE,0,0,0,0,0,0,0
2026-05-20T15:30:00Z,fuzz-assertion,0,0,0,0,0,0,FALSE,0,0,0,0,0,0,0
2026-05-20T15:45:00Z,fuzz-assertion,0,0,0,0,0,0,FALSE,0,0,0,0,0,0,0
2026-05-20T16:00:00Z,fuzz-assertion,0,0,0,0,0,0,FALSE,0,0,0,0,0,0,0
2026-05-20T16:15:00Z,fuzz-assertion,0,0,0,0,0,0,FALSE,0,0,0,0,0,0,0
2026-05-20T16:30:00Z,fuzz-assertion,0,0,0,0,0,0,FALSE,0,0,0,0,0,0,0
2026-05-20T16:45:00Z,fuzz-assertion,0,0,0,0,0,0,FALSE,0,0,0,0,0,0,0
2026-05-20T17:00:00Z,fuzz-assertion,0,0,0,0,0,0,FALSE,0,0,0,0,0,0,0
2026-05-20T17:15:00Z,fuzz-assertion,0,0,0,0,0,0,FALSE,0,0,0,0,0,0,0
2026-05-20T17:30:00Z,fuzz-assertion,0,0,0,0,0,0,FALSE,0,0,0,0,0,0,0
2026-05-20T17:45:00Z,fuzz-assertion,0,0,0,0,0,0,FALSE,0,0,0,0,0,0,0
2026-05-20T18:00:00Z,fuzz-assertion,0,0,0,0,0,0,FALSE,0,0,0,0,0,0,0
2026-05-20T18:15:00Z,fuzz-assertion,0,0,0,0,0,0,FALSE,0,0,0,0,0,0,0
2026-05-20T18:30:00Z,fuzz-assertion,0,0,0,0,0,0,FALSE,0,0,0,0,0,0,0
2026-05-20T18:45:00Z,fuzz-assertion,0,0,0,0,0,0,FALSE,0,0,0,0,0,0,0
2026-05-20T19:00:00Z,fuzz-assertion,0,0,0,0,0,0,FALSE,0,0,0,0,0,0,0
2026-05-20T19:15:00Z,fuzz-assertion,0,0,0,0,0,0,FALSE,0,0,0,0,0,0,0
2026-05-20T19:30:00Z,fuzz-assertion,0,0,0,0,0,0,FALSE,0,0,0,0,0,0,0
2026-05-20T19:45:00Z,fuzz-assertion,0,0,0,0,0,0,FALSE,0,0,0,0,0,0,0
2026-05-20T20:00:00Z,fuzz-assertion,0,0,0,0,0,0,FALSE,0,0,0,0,0,0,0
2026-05-20T20:15:00Z,fuzz-assertion,0,0,0,0,0,0,FALSE,0,0,0,0,0,0,0
2026-05-20T20:30:00Z,fuzz-assertion,0,0,0,0,0,0,FALSE,0,0,0,0,0,0,0
2026-05-20T20:45:00Z,fuzz-assertion,0,0,0,0,0,0,FALSE,0,0,0,0,0,0,0
2026-05-20T21:00:00Z,fuzz-assertion,0,0,0,0,0,0,FALSE,0,0,0,0,0,0,0
2026-05-20T21:15:00Z,fuzz-assertion,0,0,0,0,0,0,FALSE,0,0,0,0,0,0,0
2026-05-20T21:30:00Z,fuzz-assertion,0,0,0,0,0,0,FALSE,0,0,0,0,0,0,0
2026-05-20T21:45:00Z,fuzz-assertion,0,0,0,0,0,0,FALSE,0,0,0,0,0,0,0
2026-05-20T22:00:00Z,fuzz-assertion,0,0,0,0,0,0,FALSE,0,0,0,0,0,0,0
2026-05-20T22:15:00Z,fuzz-assertion,0,0,0,0,0,0,FALSE,0,0,0,0,0,0,0
2026-05-20T22:30:00Z,fuzz-assertion,0,0,0,0,0,0,FALSE,0,0,0,0,0,0,0
2026-05-20T22:45:00Z,fuzz-assertion,0,0,0,0,0,0,FALSE,0,0,0,0,0,0,0
2026-05-20T23:00:00Z,fuzz-assertion,0,0,0,0,0,0,FALSE,0,0,0,0,0,0,0
2026-05-20T23:15:00Z,fuzz-assertion,0,0,0,0,0,0,FALSE,0,0,0,0,0,0,0
2026-05-20T23:30:00Z,fuzz-assertion,0,0,0,0,0,0,FALSE,0,0,0,0,0,0,0
2026-05-20T23:45:00Z,fuzz-assertion,0,0,0,0,0,0,FALSE,0,0,0,0,0,0,0
2026-05-21T00:00:00Z,fuzz-assertion,0,0,0,0,0,0,FALSE,0,0,0,0,0,0,0
2026-05-21T00:15:00Z,fuzz-assertion,0,0,0,0,0,0,FALSE,0,0,0,0,0,0,0
2026-05-21T00:30:00Z,fuzz-assertion,0,0,0,0,0,0,FALSE,0,0,0,0,0,0,0
2026-05-21T00:45:00Z,fuzz-assertion,0,0,0,0,0,0,FALSE,0,0,0,0,0,0,0
2026-05-21T01:00:00Z,fuzz-assertion,0,0,0,0,0,0,FALSE,0,0,0,0,0,0,0
2026-05-21T01:15:00Z,fuzz-assertion,0,0,0,0,0,0,FALSE,0,0,0,0,0,0,0
2026-05-21T01:30:00Z,fuzz-assertion,0,0,0,0,0,0,FALSE,0,0,0,0,0,0,0
2026-05-21T01:45:00Z,fuzz-assertion,0,0,0,0,0,0,FALSE,0,0,0,0,0,0,0
2026-05-21T02:00:00Z,fuzz-assertion,0,0,0,0,0,0,FALSE,0,0,0,0,0,0,0
2026-05-21T02:15:00Z,fuzz-assertion,0,0,0,0,0,0,FALSE,0,0,0,0,0,0,0
2026-05-21T02:30:00Z,fuzz-assertion,0,0,0,0,0,0,FALSE,0,0,0,0,0,0,0
2026-05-21T02:45:00Z,fuzz-assertion,0,0,0,0,0,0,FALSE,0,0,0,0,0,0,0
2026-05-21T03:00:00Z,fuzz-assertion,0,0,0,0,0,0,FALSE,0,0,0,0,0,0,0
2026-05-21T03:15:00Z,fuzz-assertion,0,0,0,0,0,0,FALSE,0,0,0,0,0,0,0
2026-05-21T03:30:00Z,fuzz-assertion,0,0,0,0,0,0,FALSE,0,0,0,0,0,0,0
2026-05-21T03:45:00Z,fuzz-assertion,0,0,0,0,0,0,FALSE,0,0,0,0,0,0,0
2026-05-21T04:00:00Z,fuzz-assertion,0,0,0,0,0,0,FALSE,0,0,0,0,0,0,0
2026-05-21T04:15:00Z,fuzz-assertion,0,0,0,0,0,0,FALSE,0,0,0,0,0,0,0
2026-05-21T04:30:00Z,fuzz-assertion,0,0,0,0,0,0,FALSE,0,0,0,0,0,0,0
2026-05-21T04:45:00Z,fuzz-assertion,0,0,0,0,0,0,FALSE,0,0,0,0,0,0,0
2026-05-21T05:00:00Z,fuzz-assertion,0,0,0,0,0,0,FALSE,0,0,0,0,0,0,0
2026-05-21T05:15:00Z,fuzz-assertion,0,0,0,0,0,0,FALSE,0,0,0,0,0,0,0
2026-05-21T05:30:00Z,fuzz-assertion,0,0,0,0,0,0,FALSE,0,0,0,0,0,0,0
2026-05-21T05:45:00Z,fuzz-assertion,0,0,0,0,0,0,FALSE,0,0,0,0,0,0,0
2026-05-21T06:00:00Z,fuzz-assertion,0,0,0,0,0,0,FALSE,0,0,0,0,0,0,0
2026-05-21T06:15:00Z,fuzz-assertion,0,0,0,0,0,0,FALSE,0,0,0,0,0,0,0
2026-05-21T06:30:00Z,fuzz-assertion,0,0,0,0,0,0,FALSE,0,0,0,0,0,0,0
2026-05-21T06:45:00Z,fuzz-assertion,0,0,0,0,0,0,FALSE,0,0,0,0,0,0,0
2026-05-21T07:00:00Z,fuzz-assertion,0,0,0,0,0,0,FALSE,0,0,0,0,0,0,0
2026-05-21T07:15:00Z,fuzz-assertion,0,0,0,0,0,0,FALSE,0,0,0,0,0,0,0
2026-05-21T07:30:00Z,fuzz-assertion,0,0,0,0,0,0,FALSE,0,0,0,0,0,0,0
2026-05-21T07:45:00Z,fuzz-assertion,0,0,0,0,0,0,FALSE,0,0,0,0,0,0,0
2026-05-21T08:00:00Z,fuzz-assertion,0,0,0,0,0,0,FALSE,0,0,0,0,0,0,0
2026-05-21T08:15:00Z,fuzz-assertion,0,0,0,0,0,0,FALSE,0,0,0,0,0,0,0
2026-05-21T08:30:00Z,fuzz-assertion,0,0,0,0,0,0,FALSE,0,0,0,0,0,0,0
2026-05-21T08:45:00Z,fuzz-assertion,0,0,0,0,0,0,FALSE,0,0,0,0,0,0,0
2026-05-21T09:00:00Z,fuzz-assertion,0,0,0,0,0,0,FALSE,0,0,0,0,0,0,0
2026-05-21T09:15:00Z,fuzz-assertion,0,0,0,0,0,0,FALSE,0,0,0,0,0,0,0
2026-05-21T09:30:00Z,fuzz-assertion,0,0,0,0,0,0,FALSE,0,0,0,0,0,0,0
2026-05-21T09:45:00Z,fuzz-assertion,0,0,0,0,0,0,FALSE,0,0,0,0,0,0,0
2026-05-21T10:00:00Z,fuzz-assertion,0,0,0,0,0,0,FALSE,0,0,0,0,0,0,0
2026-05-21T10:15:00Z,fuzz-assertion,0,0,0,0,0,0,FALSE,0,0,0,0,0,0,0
2026-05-21T10:30:00Z,fuzz-assertion,0,0,0,0,0,0,FALSE,0,0,0,0,0,0,0
2026-05-21T10:45:00Z,fuzz-assertion,0,0,0,0,0,0,FALSE,0,0,0,0,0,0,0
2026-05-21T11:00:00Z,fuzz-assertion,0,0,0,0,0,0,FALSE,0,0,0,0,0,0,0
2026-05-21T11:15:00Z,fuzz-assertion,0,0,0,0,0,0,FALSE,0,0,0,0,0,0,0
2026-05-21T11:30:00Z,fuzz-assertion,0,0,0,0,0,0,FALSE,0,0,0,0,0,0,0
2026-05-21T11:45:00Z,fuzz-assertion,0,0,0,0,0,0,FALSE,0,0,0,0,0,0,0
2026-05-21T12:00:00Z,fuzz-assertion,0,0,0,0,0,0,FALSE,0,0,0,0,0,0,0
2026-05-21T12:15:00Z,fuzz-assertion,0,0,0,0,0,0,FALSE,0,0,0,0,0,0,0
2026-05-21T12:30:00Z,fuzz-assertion,0,0,0,0,0,0,FALSE,0,0,0,0,0,0,0
2026-05-21T12:45:00Z,fuzz-assertion,0,0,0,0,0,0,FALSE,0,0,0,0,0,0,0
2026-05-21T13:00:00Z,fuzz-assertion,0,0,0,0,0,0,FALSE,0,0,0,0,0,0,0
2026-05-21T13:15:00Z,fuzz-assertion,0,0,0,0,0,0,FALSE,0,0,0,0,0,0,0
2026-05-21T13:30:00Z,fuzz-assertion,0,0,0,0,0,0,FALSE,0,0,0,0,0,0,0
2026-05-21T13:45:00Z,fuzz-assertion,0,0,0,0,0,0,FALSE,0,0,0,0,0,0,0
2026-05-21T14:00:00Z,fuzz-assertion,0,0,0,0,0,0,FALSE,0,0,0,0,0,0,0
2026-05-21T14:15:00Z,fuzz-assertion,0,0,0,0,0,0,FALSE,0,0,0,0,0,0,0
2026-05-21T14:30:00Z,fuzz-assertion,0,0,0,0,0,0,FALSE,0,0,0,0,0,0,0
2026-05-21T14:45:00Z,fuzz-assertion,0,0,0,0,0,0,FALSE,0,0,0,0,0,0,0
2026-05-21T15:00:00Z,fuzz-assertion,0,0,0,0,0,0,FALSE,0,0,0,0,0,0,0
2026-05-21T15:15:00Z,fuzz-assertion,0,0,0,0,0,0,FALSE,0,0,0,0,0,0,0
2026-05-21T15:30:00Z,fuzz-assertion,0,0,0,0,0,0,FALSE,0,0,0,0,0,0,0
2026-05-21T15:45:00Z,fuzz-assertion,0,0,0,0,0,0,FALSE,0,0,0,0,0,0,0
2026-05-21T16:00:00Z,fuzz-assertion,0,0,0,0,0,0,FALSE,0,0,0,0,0,0,0
2026-05-21T16:15:00Z,fuzz-assertion,0,0,0,0,0,0,FALSE,0,0,0,0,0,0,0
2026-05-21T16:30:00Z,fuzz-assertion,0,0,0,0,0,0,FALSE,0,0,0,0,0,0,0
2026-05-21T16:45:00Z,fuzz-assertion,0,0,0,0,0,0,FALSE,0,0,0,0,0,0,0
2026-05-21T17:00:00Z,fuzz-assertion,0,0,0,0,0,0,FALSE,0,0,0,0,0,0,0
2026-05-21T17:15:00Z,fuzz-assertion,0,0,0,0,0,0,FALSE,0,0,0,0,0,0,0
2026-05-21T17:30:00Z,fuzz-assertion,0,0,0,0,0,0,FALSE,0,0,0,0,0,0,0
2026-05-21T17:45:00Z,fuzz-assertion,0,0,0,0,0,0,FALSE,0,0,0,0,0,0,0
2026-05-21T18:00:00Z,fuzz-assertion,0,0,0,0,0,0,FALSE,0,0,0,0,0,0,0
2026-05-21T18:15:00Z,fuzz-assertion,0,0,0,0,0,0,FALSE,0,0,0,0,0,0,0
2026-05-21T18:30:00Z,fuzz-assertion,0,0,0,0,0,0,FALSE,0,0,0,0,0,0,0
2026-05-21T18:45:00Z,fuzz-assertion,0,0,0,0,0,0,FALSE,0,0,0,0,0,0,0
2026-05-21T19:00:00Z,fuzz-assertion,0,0,0,0,0,0,FALSE,0,0,0,0,0,0,0
2026-05-21T19:15:00Z,fuzz-assertion,0,0,0,0,0,0,FALSE,0,0,0,0,0,0,0
2026-05-21T19:30:00Z,fuzz-assertion,0,0,0,0,0,0,FALSE,0,0,0,0,0,0,0
2026-05-21T19:45:00Z,fuzz-assertion,0,0,0,0,0,0,FALSE,0,0,0,0,0,0,0
2026-05-21T20:00:00Z,fuzz-assertion,0,0,0,0,0,0,FALSE,0,0,0,0,0,0,0
2026-05-21T20:15:00Z,fuzz-assertion,0,0,0,0,0,0,FALSE,0,0,0,0,0,0,0
2026-05-21T20:30:00Z,fuzz-assertion,0,0,0,0,0,0,FALSE,0,0,0,0,0,0,0
2026-05-21T20:45:00Z,fuzz-assertion,0,0,0,0,0,0,FALSE,0,0,0,0,0,0,0
2026-05-21T21:00:00Z,fuzz-assertion,0,0,0,0,0,0,FALSE,0,0,0,0,0,0,0
2026-05-21T21:15:00Z,fuzz-assertion,0,0,0,0,0,0,FALSE,0,0,0,0,0,0,0
2026-05-21T21:30:00Z,fuzz-assertion,0,0,0,0,0,0,FALSE,0,0,0,0,0,0,0
2026-05-21T21:45:00Z,fuzz-assertion,0,0,0,0,0,0,FALSE,0,0,0,0,0,0,0
2026-05-21T22:00:00Z,fuzz-assertion,0,0,0,0,0,0,FALSE,0,0,0,0,0,0,0
2026-05-21T22:15:00Z,fuzz-assertion,0,0,0,0,0,0,FALSE,0,0,0,0,0,0,0
2026-05-21T22:30:00Z,fuzz-assertion,0,0,0,0,0,0,FALSE,0,0,0,0,0,0,0
2026-05-21T22:45:00Z,fuzz-assertion,0,0,0,0,0,0,FALSE,0,0,0,0,0,0,0
2026-05-21T23:00:00Z,fuzz-assertion,0,0,0,0,0,0,FALSE,0,0,0,0,0,0,0
2026-05-21T23:15:00Z,fuzz-assertion,0,0,0,0,0,0,FALSE,0,0,0,0,0,0,0
2026-05-21T23:30:00Z,fuzz-assertion,0,0,0,0,0,0,FALSE,0,0,0,0,0,0,0
2026-05-21T23:45:00Z,fuzz-assertion,0,0,0,0,0,0,FALSE,0,0,0,0,0,0,0
2026-05-22T00:00:00Z,fuzz-assertion,0,0,0,0,0,0,FALSE,0,0,0,0,0,0,0
2026-05-22T00:15:00Z,fuzz-assertion,0,0,0,0,0,0,FALSE,0,0,0,0,0,0,0
2026-05-22T00:30:00Z,fuzz-assertion,0,0,0,0,0,0,FALSE,0,0,0,0,0,0,0
2026-05-22T00:45:00Z,fuzz-assertion,0,0,0,0,0,0,FALSE,0,0,0,0,0,0,0
2026-05-22T01:00:00Z,fuzz-assertion,0,0,0,0,0,0,FALSE,0,0,0,0,0,0,0
2026-05-22T01:15:00Z,fuzz-assertion,0,0,0,0,0,0,FALSE,0,0,0,0,0,0,0
2026-05-22T01:30:00Z,fuzz-assertion,0,0,0,0,0,0,FALSE,0,0,0,0,0,0,0
2026-05-22T01:45:00Z,fuzz-assertion,0,0,0,0,0,0,FALSE,0,0,0,0,0,0,0
2026-05-22T02:00:00Z,fuzz-assertion,0,0,0,0,0,0,FALSE,0,0,0,0,0,0,0
2026-05-22T02:15:00Z,fuzz-assertion,0,0,0,0,0,0,FALSE,0,0,0,0,0,0,0
2026-05-22T02:30:00Z,fuzz-assertion,0,0,0,0,0,0,FALSE,0,0,0,0,0,0,0
2026-05-22T02:45:00Z,fuzz-assertion,0,0,0,0,0,0,FALSE,0,0,0,0,0,0,0
2026-05-22T03:00:00Z,fuzz-assertion,0,0,0,0,0,0,FALSE,0,0,0,0,0,0,0
2026-05-22T03:15:00Z,fuzz-assertion,0,0,0,0,0,0,FALSE,0,0,0,0,0,0,0
2026-05-22T03:30:00Z,fuzz-assertion,0,0,0,0,0,0,FALSE,0,0,0,0,0,0,0
2026-05-22T03:45:00Z,fuzz-assertion,0,0,0,0,0,0,FALSE,0,0,0,0,0,0,0
2026-05-22T04:00:00Z,fuzz-assertion,0,0,0,0,0,0,FALSE,0,0,0,0,0,0,0
2026-05-22T04:15:00Z,fuzz-assertion,0,0,0,0,0,0,FALSE,0,0,0,0,0,0,0
2026-05-22T04:30:00Z,fuzz-assertion,0,0,0,0,0,0,FALSE,0,0,0,0,0,0,0
2026-05-22T04:45:00Z,fuzz-assertion,0,0,0,0,0,0,FALSE,0,0,0,0,0,0,0
2026-05-22T05:00:00Z,fuzz-assertion,0,0,0,0,0,0,FALSE,0,0,0,0,0,0,0
2026-05-22T05:15:00Z,fuzz-assertion,0,0,0,0,0,0,FALSE,0,0,0,0,0,0,0
2026-05-22T05:30:00Z,fuzz-assertion,0,0,0,0,0,0,FALSE,0,0,0,0,0,0,0
2026-05-22T05:45:00Z,fuzz-assertion,0,0,0,0,0,0,FALSE,0,0,0,0,0,0,0
2026-05-22T06:00:00Z,fuzz-assertion,0,0,0,0,0,0,FALSE,0,0,0,0,0,0,0
2026-05-22T06:15:00Z,fuzz-assertion,0,0,0,0,0,0,FALSE,0,0,0,0,0,0,0
2026-05-22T06:30:00Z,fuzz-assertion,0,0,0,0,0,0,FALSE,0,0,0,0,0,0,0
2026-05-22T06:45:00Z,fuzz-assertion,0,0,0,0,0,0,FALSE,0,0,0,0,0,0,0
2026-05-22T07:00:00Z,fuzz-assertion,0,0,0,0,0,0,FALSE,0,0,0,0,0,0,0
2026-05-22T07:15:00Z,fuzz-assertion,0,0,0,0,0,0,FALSE,0,0,0,0,0,0,0
2026-05-22T07:30:00Z,fuzz-assertion,0,0,0,0,0,0,FALSE,0,0,0,0,0,0,0
2026-05-22T07:45:00Z,fuzz-assertion,0,0,0,0,0,0,FALSE,0,0,0,0,0,0,0
2026-05-22T08:00:00Z,fuzz-assertion,0,0,0,0,0,0,FALSE,0,0,0,0,0,0,0
2026-05-22T08:15:00Z,fuzz-assertion,0,0,0,0,0,0,FALSE,0,0,0,0,0,0,0
2026-05-22T08:30:00Z,fuzz-assertion,0,0,0,0,0,0,FALSE,0,0,0,0,0,0,0
2026-05-22T08:45:00Z,fuzz-assertion,0,0,0,0,0,0,FALSE,0,0,0,0,0,0,0
2026-05-22T09:00:00Z,fuzz-assertion,0,0,0,0,0,0,FALSE,0,0,0,0,0,0,0
2026-05-22T09:15:00Z,fuzz-assertion,0,0,0,0,0,0,FALSE,0,0,0,0,0,0,0
2026-05-22T09:30:00Z,fuzz-assertion,0,0,0,0,0,0,FALSE,0,0,0,0,0,0,0
2026-05-22T09:45:00Z,fuzz-assertion,0,0,0,0,0,0,FALSE,0,0,0,0,0,0,0
2026-05-22T10:00:00Z,fuzz-assertion,0,0,0,0,0,0,FALSE,0,0,0,0,0,0,0
2026-05-22T10:15:00Z,fuzz-assertion,0,0,0,0,0,0,FALSE,0,0,0,0,0,0,0
2026-05-22T10:30:00Z,fuzz-assertion,0,0,0,0,0,0,FALSE,0,0,0,0,0,0,0
2026-05-22T10:45:00Z,fuzz-assertion,0,0,0,0,0,0,FALSE,0,0,0,0,0,0,0
2026-05-22T11:00:00Z,fuzz-assertion,0,0,0,0,0,0,FALSE,0,0,0,0,0,0,0
2026-05-22T11:15:00Z,fuzz-assertion,0,0,0,0,0,0,FALSE,0,0,0,0,0,0,0
2026-05-22T11:30:00Z,fuzz-assertion,0,0,0,0,0,0,FALSE,0,0,0,0,0,0,0
2026-05-22T11:45:00Z,fuzz-assertion,0,0,0,0,0,0,FALSE,0,0,0,0,0,0,0
2026-05-22T12:00:00Z,fuzz-assertion,0,0,0,0,0,0,FALSE,0,0,0,0,0,0,0
2026-05-22T12:15:00Z,fuzz-assertion,0,0,0,0,0,0,FALSE,0,0,0,0,0,0,0
2026-05-22T12:30:00Z,fuzz-assertion,0,0,0,0,0,0,FALSE,0,0,0,0,0,0,0
2026-05-22T12:45:00Z,fuzz-assertion,0,0,0,0,0,0,FALSE,0,0,0,0,0,0,0
2026-05-22T13:00:00Z,fuzz-assertion,0,0,0,0,0,0,FALSE,0,0,0,0,0,0,0
2026-05-22T13:15:00Z,fuzz-assertion,0,0,0,0,0,0,FALSE,0,0,0,0,0,0,0
2026-05-22T13:30:00Z,fuzz-assertion,0,0,0,0,0,0,FALSE,0,0,0,0,0,0,0
2026-05-22T13:45:00Z,fuzz-assertion,0,0,0,0,0,0,FALSE,0,0,0,0,0,0,0
2026-05-22T14:00:00Z,fuzz-assertion,0,0,0,0,0,0,FALSE,0,0,0,0,0,0,0
2026-05-22T14:15:00Z,fuzz-assertion,0,0,0,0,0,0,FALSE,0,0,0,0,0,0,0
2026-05-22T14:30:00Z,fuzz-assertion,0,0,0,0,0,0,FALSE,0,0,0,0,0,0,0
2026-05-22T14:45:00Z,fuzz-assertion,0,0,0,0,0,0,FALSE,0,0,0,0,0,0,0
2026-05-22T15:00:00Z,fuzz-assertion,0,0,0,0,0,0,FALSE,0,0,0,0,0,0,0
2026-05-22T15:15:00Z,fuzz-assertion,0,0,0,0,0,0,FALSE,0,0,0,0,0,0,0
2026-05-22T15:30:00Z,fuzz-assertion,0,0,0,0,0,0,FALSE,0,0,0,0,0,0,0
2026-05-22T15:45:00Z,fuzz-assertion,0,0,0,0,0,0,FALSE,0,0,0,0,0,0,0
2026-05-22T16:00:00Z,fuzz-assertion,0,0,0,0,0,0,FALSE,0,0,0,0,0,0,0
2026-05-22T16:15:00Z,fuzz-assertion,0,0,0,0,0,0,FALSE,0,0,0,0,0,0,0
2026-05-22T16:30:00Z,fuzz-assertion,0,0,0,0,0,0,FALSE,0,0,0,0,0,0,0
2026-05-22T16:45:00Z,fuzz-assertion,0,0,0,0,0,0,FALSE,0,0,0,0,0,0,0
2026-05-22T17:00:00Z,fuzz-assertion,0,0,0,0,0,0,FALSE,0,0,0,0,0,0,0
2026-05-22T17:15:00Z,fuzz-assertion,0,0,0,0,0,0,FALSE,0,0,0,0,0,0,0
2026-05-22T17:30:00Z,fuzz-assertion,0,0,0,0,0,0,FALSE,0,0,0,0,0,0,0
2026-05-22T17:45:00Z,fuzz-assertion,0,0,0,0,0,0,FALSE,0,0,0,0,0,0,0
2026-05-22T18:00:00Z,fuzz-assertion,0,0,0,0,0,0,FALSE,0,0,0,0,0,0,0
2026-05-22T18:15:00Z,fuzz-assertion,0,0,0,0,0,0,FALSE,0,0,0,0,0,0,0
2026-05-22T18:30:00Z,fuzz-assertion,0,0,0,0,0,0,FALSE,0,0,0,0,0,0,0
2026-05-22T18:45:00Z,fuzz-assertion,0,0,0,0,0,0,FALSE,0,0,0,0,0,0,0
2026-05-22T19:00:00Z,fuzz-assertion,0,0,0,0,0,0,FALSE,0,0,0,0,0,0,0
2026-05-22T19:15:00Z,fuzz-assertion,0,0,0,0,0,0,FALSE,0,0,0,0,0,0,0
2026-05-22T19:30:00Z,fuzz-assertion,0,0,0,0,0,0,FALSE,0,0,0,0,0,0,0
2026-05-22T19:45:00Z,fuzz-assertion,0,0,0,0,0,0,FALSE,0,0,0,0,0,0,0
2026-05-22T20:00:00Z,fuzz-assertion,0,0,0,0,0,0,FALSE,0,0,0,0,0,0,0
2026-05-22T20:15:00Z,fuzz-assertion,0,0,0,0,0,0,FALSE,0,0,0,0,0,0,0
2026-05-22T20:30:00Z,fuzz-assertion,0,0,0,0,0,0,FALSE,0,0,0,0,0,0,0
2026-05-22T20:45:00Z,fuzz-assertion,0,0,0,0,0,0,FALSE,0,0,0,0,0,0,0
2026-05-22T21:00:00Z,fuzz-assertion,0,0,0,0,0,0,FALSE,0,0,0,0,0,0,0
2026-05-22T21:15:00Z,fuzz-assertion,0,0,0,0,0,0,FALSE,0,0,0,0,0,0,0
2026-05-22T21:30:00Z,fuzz-assertion,0,0,0,0,0,0,FALSE,0,0,0,0,0,0,0
2026-05-22T21:45:00Z,fuzz-assertion,0,0,0,0,0,0,FALSE,0,0,0,0,0,0,0
2026-05-22T22:00:00Z,fuzz-assertion,0,0,0,0,0,0,FALSE,0,0,0,0,0,0,0
2026-05-22T22:15:00Z,fuzz-assertion,0,0,0,0,0,0,FALSE,0,0,0,0,0,0,0
2026-05-22T22:30:00Z,fuzz-assertion,0,0,0,0,0,0,FALSE,0,0,0,0,0,0,0
2026-05-22T22:45:00Z,fuzz-assertion,0,0,0,0,0,0,FALSE,0,0,0,0,0,0,0
2026-05-22T23:00:00Z,fuzz-assertion,0,0,0,0,0,0,FALSE,0,0,0,0,0,0,0
2026-05-22T23:15:00Z,fuzz-assertion,0,0,0,0,0,0,FALSE,0,0,0,0,0,0,0
2026-05-22T23:30:00Z,fuzz-assertion,0,0,0,0,0,0,FALSE,0,0,0,0,0,0,0
2026-05-22T23:45:00Z,fuzz-assertion,0,0,0,0,0,0,FALSE,0,0,0,0,0,0,0
2026-05-23T00:00:00Z,fuzz-assertion,0,0,0,0,0,0,FALSE,0,0,0,0,0,0,0
2026-05-23T00:15:00Z,fuzz-assertion,0,0,0,0,0,0,FALSE,0,0,0,0,0,0,0
2026-05-23T00:30:00Z,fuzz-assertion,0,0,0,0,0,0,FALSE,0,0,0,0,0,0,0
2026-05-23T00:45:00Z,fuzz-assertion,0,0,0,0,0,0,FALSE,0,0,0,0,0,0,0
2026-05-23T01:00:00Z,fuzz-assertion,0,0,0,0,0,0,FALSE,0,0,0,0,0,0,0
2026-05-23T01:15:00Z,fuzz-assertion,0,0,0,0,0,0,FALSE,0,0,0,0,0,0,0
2026-05-23T01:30:00Z,fuzz-assertion,0,0,0,0,0,0,FALSE,0,0,0,0,0,0,0
2026-05-23T01:45:00Z,fuzz-assertion,0,0,0,0,0,0,FALSE,0,0,0,0,0,0,0
2026-05-23T02:00:00Z,fuzz-assertion,0,0,0,0,0,0,FALSE,0,0,0,0,0,0,0
2026-05-23T02:15:00Z,fuzz-assertion,0,0,0,0,0,0,FALSE,0,0,0,0,0,0,0
2026-05-23T02:30:00Z,fuzz-assertion,0,0,0,0,0,0,FALSE,0,0,0,0,0,0,0
2026-05-23T02:45:00Z,fuzz-assertion,0,0,0,0,0,0,FALSE,0,0,0,0,0,0,0
2026-05-23T03:00:00Z,fuzz-assertion,0,0,0,0,0,0,FALSE,0,0,0,0,0,0,0
2026-05-23T03:15:00Z,fuzz-assertion,0,0,0,0,0,0,FALSE,0,0,0,0,0,0,0
2026-05-23T03:30:00Z,fuzz-assertion,0,0,0,0,0,0,FALSE,0,0,0,0,0,0,0
2026-05-23T03:45:00Z,fuzz-assertion,0,0,0,0,0,0,FALSE,0,0,0,0,0,0,0
2026-05-23T04:00:00Z,fuzz-assertion,0,0,0,0,0,0,FALSE,0,0,0,0,0,0,0
2026-05-23T04:15:00Z,fuzz-assertion,0,0,0,0,0,0,FALSE,0,0,0,0,0,0,0
2026-05-23T04:30:00Z,fuzz-assertion,0,0,0,0,0,0,FALSE,0,0,0,0,0,0,0
2026-05-23T04:45:00Z,fuzz-assertion,0,0,0,0,0,0,FALSE,0,0,0,0,0,0,0
2026-05-23T05:00:00Z,fuzz-assertion,0,0,0,0,0,0,FALSE,0,0,0,0,0,0,0
2026-05-23T05:15:00Z,fuzz-assertion,0,0,0,0,0,0,FALSE,0,0,0,0,0,0,0
2026-05-23T05:30:00Z,fuzz-assertion,0,0,0,0,0,0,FALSE,0,0,0,0,0,0,0
2026-05-23T05:45:00Z,fuzz-assertion,0,0,0,0,0,0,FALSE,0,0,0,0,0,0,0
2026-05-23T06:00:00Z,fuzz-assertion,0,0,0,0,0,0,FALSE,0,0,0,0,0,0,0
2026-05-23T06:15:00Z,fuzz-assertion,0,0,0,0,0,0,FALSE,0,0,0,0,0,0,0
2026-05-23T06:30:00Z,fuzz-assertion,0,0,0,0,0,0,FALSE,0,0,0,0,0,0,0
2026-05-23T06:45:00Z,fuzz-assertion,0,0,0,0,0,0,FALSE,0,0,0,0,0,0,0
2026-05-23T07:00:00Z,fuzz-assertion,0,0,0,0,0,0,FALSE,0,0,0,0,0,0,0
2026-05-23T07:15:00Z,fuzz-assertion,0,0,0,0,0,0,FALSE,0,0,0,0,0,0,0
2026-05-23T07:30:00Z,fuzz-assertion,0,0,0,0,0,0,FALSE,0,0,0,0,0,0,0
2026-05-23T07:45:00Z,fuzz-assertion,0,0,0,0,0,0,FALSE,0,0,0,0,0,0,0
2026-05-23T08:00:00Z,fuzz-assertion,0,0,0,0,0,0,FALSE,0,0,0,0,0,0,0
2026-05-23T08:15:00Z,fuzz-assertion,0,0,0,0,0,0,FALSE,0,0,0,0,0,0,0
2026-05-23T08:30:00Z,fuzz-assertion,0,0,0,0,0,0,FALSE,0,0,0,0,0,0,0
2026-05-23T08:45:00Z,fuzz-assertion,0,0,0,0,0,0,FALSE,0,0,0,0,0,0,0
2026-05-23T09:00:00Z,fuzz-assertion,0,0,0,0,0,0,FALSE,0,0,0,0,0,0,0
2026-05-23T09:15:00Z,fuzz-assertion,0,0,0,0,0,0,FALSE,0,0,0,0,0,0,0
2026-05-23T09:30:00Z,fuzz-assertion,0,0,0,0,0,0,FALSE,0,0,0,0,0,0,0
2026-05-23T09:45:00Z,fuzz-assertion,0,0,0,0,0,0,FALSE,0,0,0,0,0,0,0
2026-05-23T10:00:00Z,fuzz-assertion,0,0,0,0,0,0,FALSE,0,0,0,0,0,0,0
2026-05-23T10:15:00Z,fuzz-assertion,0,0,0,0,0,0,FALSE,0,0,0,0,0,0,0
2026-05-23T10:30:00Z,fuzz-assertion,0,0,0,0,0,0,FALSE,0,0,0,0,0,0,0
2026-05-23T10:45:00Z,fuzz-assertion,0,0,0,0,0,0,FALSE,0,0,0,0,0,0,0
2026-05-23T11:00:00Z,fuzz-assertion,0,0,0,0,0,0,FALSE,0,0,0,0,0,0,0
2026-05-23T11:15:00Z,fuzz-assertion,0,0,0,0,0,0,FALSE,0,0,0,0,0,0,0
2026-05-23T11:30:00Z,fuzz-assertion,0,0,0,0,0,0,FALSE,0,0,0,0,0,0,0
2026-05-23T11:45:00Z,fuzz-assertion,0,0,0,0,0,0,FALSE,0,0,0,0,0,0,0
2026-05-23T12:00:00Z,fuzz-assertion,0,0,0,0,0,0,FALSE,0,0,0,0,0,0,0
2026-05-23T12:15:00Z,fuzz-assertion,0,0,0,0,0,0,FALSE,0,0,0,0,0,0,0
2026-05-23T12:30:00Z,fuzz-assertion,0,0,0,0,0,0,FALSE,0,0,0,0,0,0,0
2026-05-23T12:45:00Z,fuzz-assertion,0,0,0,0,0,0,FALSE,0,0,0,0,0,0,0
2026-05-23T13:00:00Z,fuzz-assertion,0,0,0,0,0,0,FALSE,0,0,0,0,0,0,0
2026-05-23T13:15:00Z,fuzz-assertion,0,0,0,0,0,0,FALSE,0,0,0,0,0,0,0
2026-05-23T13:30:00Z,fuzz-assertion,0,0,0,0,0,0,FALSE,0,0,0,0,0,0,0
2026-05-23T13:45:00Z,fuzz-assertion,0,0,0,0,0,0,FALSE,0,0,0,0,0,0,0
2026-05-23T14:00:00Z,fuzz-assertion,0,0,0,0,0,0,FALSE,0,0,0,0,0,0,0
2026-05-23T14:15:00Z,fuzz-assertion,0,0,0,0,0,0,FALSE,0,0,0,0,0,0,0
2026-05-23T14:30:00Z,fuzz-assertion,0,0,0,0,0,0,FALSE,0,0,0,0,0,0,0
2026-05-23T14:45:00Z,fuzz-assertion,0,0,0,0,0,0,FALSE,0,0,0,0,0,0,0
2026-05-23T15:00:00Z,fuzz-assertion,0,0,0,0,0,0,FALSE,0,0,0,0,0,0,0
2026-05-23T15:15:00Z,fuzz-assertion,0,0,0,0,0,0,FALSE,0,0,0,0,0,0,0
2026-05-23T15:30:00Z,fuzz-assertion,0,0,0,0,0,0,FALSE,0,0,0,0,0,0,0
2026-05-23T15:45:00Z,fuzz-assertion,0,0,0,0,0,0,FALSE,0,0,0,0,0,0,0
2026-05-23T16:00:00Z,fuzz-assertion,0,0,0,0,0,0,FALSE,0,0,0,0,0,0,0
2026-05-23T16:15:00Z,fuzz-assertion,0,0,0,0,0,0,FALSE,0,0,0,0,0,0,0
2026-05-23T16:30:00Z,fuzz-assertion,0,0,0,0,0,0,FALSE,0,0,0,0,0,0,0
2026-05-23T16:45:00Z,fuzz-assertion,0,0,0,0,0,0,FALSE,0,0,0,0,0,0,0
2026-05-23T17:00:00Z,fuzz-assertion,0,0,0,0,0,0,FALSE,0,0,0,0,0,0,0
2026-05-23T17:15:00Z,fuzz-assertion,0,0,0,0,0,0,FALSE,0,0,0,0,0,0,0
2026-05-23T17:30:00Z,fuzz-assertion,0,0,0,0,0,0,FALSE,0,0,0,0,0,0,0
2026-05-23T17:45:00Z,fuzz-assertion,0,0,0,0,0,0,FALSE,0,0,0,0,0,0,0
2026-05-23T18:00:00Z,fuzz-assertion,0,0,0,0,0,0,FALSE,0,0,0,0,0,0,0
2026-05-23T18:15:00Z,fuzz-assertion,0,0,0,0,0,0,FALSE,0,0,0,0,0,0,0
2026-05-23T18:30:00Z,fuzz-assertion,0,0,0,0,0,0,FALSE,0,0,0,0,0,0,0
2026-05-23T18:45:00Z,fuzz-assertion,0,0,0,0,0,0,FALSE,0,0,0,0,0,0,0
2026-05-23T19:00:00Z,fuzz-assertion,0,0,0,0,0,0,FALSE,0,0,0,0,0,0,0
2026-05-23T19:15:00Z,fuzz-assertion,0,0,0,0,0,0,FALSE,0,0,0,0,0,0,0
2026-05-23T19:30:00Z,fuzz-assertion,0,0,0,0,0,0,FALSE,0,0,0,0,0,0,0
2026-05-23T19:45:00Z,fuzz-assertion,0,0,0,0,0,0,FALSE,0,0,0,0,0,0,0
2026-05-23T20:00:00Z,fuzz-assertion,0,0,0,0,0,0,FALSE,0,0,0,0,0,0,0
2026-05-23T20:15:00Z,fuzz-assertion,0,0,0,0,0,0,FALSE,0,0,0,0,0,0,0
2026-05-23T20:30:00Z,fuzz-assertion,0,0,0,0,0,0,FALSE,0,0,0,0,0,0,0
2026-05-23T20:45:00Z,fuzz-assertion,0,0,0,0,0,0,FALSE,0,0,0,0,0,0,0
2026-05-23T21:00:00Z,fuzz-assertion,0,0,0,0,0,0,FALSE,0,0,0,0,0,0,0
2026-05-23T21:15:00Z,fuzz-assertion,0,0,0,0,0,0,FALSE,0,0,0,0,0,0,0
2026-05-23T21:30:00Z,fuzz-assertion,0,0,0,0,0,0,FALSE,0,0,0,0,0,0,0
2026-05-23T21:45:00Z,fuzz-assertion,0,0,0,0,0,0,FALSE,0,0,0,0,0,0,0
2026-05-23T22:00:00Z,fuzz-assertion,0,0,0,0,0,0,FALSE,0,0,0,0,0,0,0
2026-05-23T22:15:00Z,fuzz-assertion,0,0,0,0,0,0,FALSE,0,0,0,0,0,0,0
2026-05-23T22:30:00Z,fuzz-assertion,0,0,0,0,0,0,FALSE,0,0,0,0,0,0,0
2026-05-23T22:45:00Z,fuzz-assertion,0,0,0,0,0,0,FALSE,0,0,0,0,0,0,0
2026-05-23T23:00:00Z,fuzz-assertion,0,0,0,0,0,0,FALSE,0,0,0,0,0,0,0
2026-05-23T23:15:00Z,fuzz-assertion,0,0,0,0,0,0,FALSE,0,0,0,0,0,0,0
2026-05-23T23:30:00Z,fuzz-assertion,0,0,0,0,0,0,FALSE,0,0,0,0,0,0,0
2026-05-23T23:45:00Z,fuzz-assertion,0,0,0,0,0,0,FALSE,0,0,0,0,0,0,0
2026-05-24T00:00:00Z,fuzz-assertion,0,0,0,0,0,0,FALSE,0,0,0,0,0,0,0
2026-05-24T00:15:00Z,fuzz-assertion,0,0,0,0,0,0,FALSE,0,0,0,0,0,0,0
2026-05-24T00:30:00Z,fuzz-assertion,0,0,0,0,0,0,FALSE,0,0,0,0,0,0,0
2026-05-24T00:45:00Z,fuzz-assertion,0,0,0,0,0,0,FALSE,0,0,0,0,0,0,0
2026-05-24T01:00:00Z,fuzz-assertion,0,0,0,0,0,0,FALSE,0,0,0,0,0,0,0
2026-05-24T01:15:00Z,fuzz-assertion,0,0,0,0,0,0,FALSE,0,0,0,0,0,0,0
2026-05-24T01:30:00Z,fuzz-assertion,0,0,0,0,0,0,FALSE,0,0,0,0,0,0,0
2026-05-24T01:45:00Z,fuzz-assertion,0,0,0,0,0,0,FALSE,0,0,0,0,0,0,0
2026-05-24T02:00:00Z,fuzz-assertion,0,0,0,0,0,0,FALSE,0,0,0,0,0,0,0
2026-05-24T02:15:00Z,fuzz-assertion,0,0,0,0,0,0,FALSE,0,0,0,0,0,0,0
2026-05-24T02:30:00Z,fuzz-assertion,0,0,0,0,0,0,FALSE,0,0,0,0,0,0,0
2026-05-24T02:45:00Z,fuzz-assertion,0,0,0,0,0,0,FALSE,0,0,0,0,0,0,0
2026-05-24T03:00:00Z,fuzz-assertion,0,0,0,0,0,0,FALSE,0,0,0,0,0,0,0
2026-05-24T03:15:00Z,fuzz-assertion,0,0,0,0,0,0,FALSE,0,0,0,0,0,0,0
2026-05-24T03:30:00Z,fuzz-assertion,0,0,0,0,0,0,FALSE,0,0,0,0,0,0,0
2026-05-24T03:45:00Z,fuzz-assertion,0,0,0,0,0,0,FALSE,0,0,0,0,0,0,0
2026-05-24T04:00:00Z,fuzz-assertion,0,0,0,0,0,0,FALSE,0,0,0,0,0,0,0
2026-05-24T04:15:00Z,fuzz-assertion,0,0,0,0,0,0,FALSE,0,0,0,0,0,0,0
2026-05-24T04:30:00Z,fuzz-assertion,0,0,0,0,0,0,FALSE,0,0,0,0,0,0,0
2026-05-24T04:45:00Z,fuzz-assertion,0,0,0,0,0,0,FALSE,0,0,0,0,0,0,0
2026-05-24T05:00:00Z,fuzz-assertion,0,0,0,0,0,0,FALSE,0,0,0,0,0,0,0
2026-05-24T05:15:00Z,fuzz-assertion,0,0,0,0,0,0,FALSE,0,0,0,0,0,0,0
2026-05-24T05:30:00Z,fuzz-assertion,0,0,0,0,0,0,FALSE,0,0,0,0,0,0,0
2026-05-24T05:45:00Z,fuzz-assertion,0,0,0,0,0,0,FALSE,0,0,0,0,0,0,0
2026-05-24T06:00:00Z,fuzz-assertion,0,0,0,0,0,0,FALSE,0,0,0,0,0,0,0
2026-05-24T06:15:00Z,fuzz-assertion,0,0,0,0,0,0,FALSE,0,0,0,0,0,0,0
2026-05-24T06:30:00Z,fuzz-assertion,0,0,0,0,0,0,FALSE,0,0,0,0,0,0,0
2026-05-24T06:45:00Z,fuzz-assertion,0,0,0,0,0,0,FALSE,0,0,0,0,0,0,0
2026-05-24T07:00:00Z,fuzz-assertion,0,0,0,0,0,0,FALSE,0,0,0,0,0,0,0
2026-05-24T07:15:00Z,fuzz-assertion,0,0,0,0,0,0,FALSE,0,0,0,0,0,0,0
2026-05-24T07:30:00Z,fuzz-assertion,0,0,0,0,0,0,FALSE,0,0,0,0,0,0,0
2026-05-24T07:45:00Z,fuzz-assertion,0,0,0,0,0,0,FALSE,0,0,0,0,0,0,0
2026-05-24T08:00:00Z,fuzz-assertion,0,0,0,0,0,0,FALSE,0,0,0,0,0,0,0
2026-05-24T08:15:00Z,fuzz-assertion,0,0,0,0,0,0,FALSE,0,0,0,0,0,0,0
2026-05-24T08:30:00Z,fuzz-assertion,0,0,0,0,0,0,FALSE,0,0,0,0,0,0,0
2026-05-24T08:45:00Z,fuzz-assertion,0,0,0,0,0,0,FALSE,0,0,0,0,0,0,0
2026-05-24T09:00:00Z,fuzz-assertion,0,0,0,0,0,0,FALSE,0,0,0,0,0,0,0
2026-05-24T09:15:00Z,fuzz-assertion,0,0,0,0,0,0,FALSE,0,0,0,0,0,0,0
2026-05-24T09:30:00Z,fuzz-assertion,0,0,0,0,0,0,FALSE,0,0,0,0,0,0,0
2026-05-24T09:45:00Z,fuzz-assertion,0,0,0,0,0,0,FALSE,0,0,0,0,0,0,0
2026-05-24T10:00:00Z,fuzz-assertion,0,0,0,0,0,0,FALSE,0,0,0,0,0,0,0
2026-05-24T10:15:00Z,fuzz-assertion,0,0,0,0,0,0,FALSE,0,0,0,0,0,0,0
2026-05-24T10:30:00Z,fuzz-assertion,0,0,0,0,0,0,FALSE,0,0,0,0,0,0,0
2026-05-24T10:45:00Z,fuzz-assertion,0,0,0,0,0,0,FALSE,0,0,0,0,0,0,0
2026-05-24T11:00:00Z,fuzz-assertion,0,0,0,0,0,0,FALSE,0,0,0,0,0,0,0
2026-05-24T11:15:00Z,fuzz-assertion,0,0,0,0,0,0,FALSE,0,0,0,0,0,0,0
2026-05-24T11:30:00Z,fuzz-assertion,0,0,0,0,0,0,FALSE,0,0,0,0,0,0,0
2026-05-24T11:45:00Z,fuzz-assertion,0,0,0,0,0,0,FALSE,0,0,0,0,0,0,0
2026-05-24T12:00:00Z,fuzz-assertion,0,0,0,0,0,0,FALSE,0,0,0,0,0,0,0
2026-05-24T12:15:00Z,fuzz-assertion,0,0,0,0,0,0,FALSE,0,0,0,0,0,0,0
2026-05-24T12:30:00Z,fuzz-assertion,0,0,0,0,0,0,FALSE,0,0,0,0,0,0,0
2026-05-24T12:45:00Z,fuzz-assertion,0,0,0,0,0,0,FALSE,0,0,0,0,0,0,0
2026-05-24T13:00:00Z,fuzz-assertion,0,0,0,0,0,0,FALSE,0,0,0,0,0,0,0
2026-05-24T13:15:00Z,fuzz-assertion,0,0,0,0,0,0,FALSE,0,0,0,0,0,0,0
2026-05-24T13:30:00Z,fuzz-assertion,0,0,0,0,0,0,FALSE,0,0,0,0,0,0,0
2026-05-24T13:45:00Z,fuzz-assertion,0,0,0,0,0,0,FALSE,0,0,0,0,0,0,0
2026-05-24T14:00:00Z,fuzz-assertion,0,0,0,0,0,0,FALSE,0,0,0,0,0,0,0
2026-05-24T14:15:00Z,fuzz-assertion,0,0,0,0,0,0,FALSE,0,0,0,0,0,0,0
2026-05-24T14:30:00Z,fuzz-assertion,0,0,0,0,0,0,FALSE,0,0,0,0,0,0,0
2026-05-24T14:45:00Z,fuzz-assertion,0,0,0,0,0,0,FALSE,0,0,0,0,0,0,0
2026-05-24T15:00:00Z,fuzz-assertion,0,0,0,0,0,0,FALSE,0,0,0,0,0,0,0
2026-05-24T15:15:00Z,fuzz-assertion,0,0,0,0,0,0,FALSE,0,0,0,0,0,0,0
2026-05-24T15:30:00Z,fuzz-assertion,0,0,0,0,0,0,FALSE,0,0,0,0,0,0,0
2026-05-24T15:45:00Z,fuzz-assertion,0,0,0,0,0,0,FALSE,0,0,0,0,0,0,0
2026-05-24T16:00:00Z,fuzz-assertion,0,0,0,0,0,0,FALSE,0,0,0,0,0,0,0
2026-05-24T16:15:00Z,fuzz-assertion,0,0,0,0,0,0,FALSE,0,0,0,0,0,0,0
2026-05-24T16:30:00Z,fuzz-assertion,0,0,0,0,0,0,FALSE,0,0,0,0,0,0,0
2026-05-24T16:45:00Z,fuzz-assertion,0,0,0,0,0,0,FALSE,0,0,0,0,0,0,0
2026-05-24T17:00:00Z,fuzz-assertion,0,0,0,0,0,0,FALSE,0,0,0,0,0,0,0
2026-05-24T17:15:00Z,fuzz-assertion,0,0,0,0,0,0,FALSE,0,0,0,0,0,0,0
2026-05-24T17:30:00Z,fuzz-assertion,0,0,0,0,0,0,FALSE,0,0,0,0,0,0,0
2026-05-24T17:45:00Z,fuzz-assertion,0,0,0,0,0,0,FALSE,0,0,0,0,0,0,0
2026-05-24T18:00:00Z,fuzz-assertion,0,0,0,0,0,0,FALSE,0,0,0,0,0,0,0
2026-05-24T18:15:00Z,fuzz-assertion,0,0,0,0,0,0,FALSE,0,0,0,0,0,0,0
2026-05-24T18:30:00Z,fuzz-assertion,0,0,0,0,0,0,FALSE,0,0,0,0,0,0,0
2026-05-24T18:45:00Z,fuzz-assertion,0,0,0,0,0,0,FALSE,0,0,0,0,0,0,0
2026-05-24T19:00:00Z,fuzz-assertion,0,0,0,0,0,0,FALSE,0,0,0,0,0,0,0
2026-05-24T19:15:00Z,fuzz-assertion,0,0,0,0,0,0,FALSE,0,0,0,0,0,0,0
2026-05-24T19:30:00Z,fuzz-assertion,0,0,0,0,0,0,FALSE,0,0,0,0,0,0,0
2026-05-24T19:45:00Z,fuzz-assertion,0,0,0,0,0,0,FALSE,0,0,0,0,0,0,0
2026-05-24T20:00:00Z,fuzz-assertion,0,0,0,0,0,0,FALSE,0,0,0,0,0,0,0
2026-05-24T20:15:00Z,fuzz-assertion,0,0,0,0,0,0,FALSE,0,0,0,0,0,0,0
2026-05-24T20:30:00Z,fuzz-assertion,0,0,0,0,0,0,FALSE,0,0,0,0,0,0,0
2026-05-24T20:45:00Z,fuzz-assertion,0,0,0,0,0,0,FALSE,0,0,0,0,0,0,0
2026-05-24T21:00:00Z,fuzz-assertion,0,0,0,0,0,0,FALSE,0,0,0,0,0,0,0
2026-05-24T21:15:00Z,fuzz-assertion,0,0,0,0,0,0,FALSE,0,0,0,0,0,0,0
2026-05-24T21:30:00Z,fuzz-assertion,0,0,0,0,0,0,FALSE,0,0,0,0,0,0,0
2026-05-24T21:45:00Z,fuzz-assertion,0,0,0,0,0,0,FALSE,0,0,0,0,0,0,0
2026-05-24T22:00:00Z,fuzz-assertion,0,0,0,0,0,0,FALSE,0,0,0,0,0,0,0
2026-05-24T22:15:00Z,fuzz-assertion,0,0,0,0,0,0,FALSE,0,0,0,0,0,0,0
2026-05-24T22:30:00Z,fuzz-assertion,0,0,0,0,0,0,FALSE,0,0,0,0,0,0,0
2026-05-24T22:45:00Z,fuzz-assertion,0,0,0,0,0,0,FALSE,0,0,0,0,0,0,0
2026-05-24T23:00:00Z,fuzz-assertion,0,0,0,0,0,0,FALSE,0,0,0,0,0,0,0
2026-05-24T23:15:00Z,fuzz-assertion,0,0,0,0,0,0,FALSE,0,0,0,0,0,0,0
2026-05-24T23:30:00Z,fuzz-assertion,0,0,0,0,0,0,FALSE,0,0,0,0,0,0,0
2026-05-24T23:45:00Z,fuzz-assertion,0,0,0,0,0,0,FALSE,0,0,0,0,0,0,0
2026-05-25T00:00:00Z,fuzz-assertion,0,0,0,0,0,0,FALSE,0,0,0,0,0,0,0
2026-05-25T00:15:00Z,fuzz-assertion,0,0,0,0,0,0,FALSE,0,0,0,0,0,0,0
2026-05-25T00:30:00Z,fuzz-assertion,0,0,0,0,0,0,FALSE,0,0,0,0,0,0,0
2026-05-25T00:45:00Z,fuzz-assertion,0,0,0,0,0,0,FALSE,0,0,0,0,0,0,0
2026-05-25T01:00:00Z,fuzz-assertion,0,0,0,0,0,0,FALSE,0,0,0,0,0,0,0
2026-05-25T01:15:00Z,fuzz-assertion,0,0,0,0,0,0,FALSE,0,0,0,0,0,0,0
2026-05-25T01:30:00Z,fuzz-assertion,0,0,0,0,0,0,FALSE,0,0,0,0,0,0,0
2026-05-25T01:45:00Z,fuzz-assertion,0,0,0,0,0,0,FALSE,0,0,0,0,0,0,0
2026-05-25T02:00:00Z,fuzz-assertion,0,0,0,0,0,0,FALSE,0,0,0,0,0,0,0
2026-05-25T02:15:00Z,fuzz-assertion,0,0,0,0,0,0,FALSE,0,0,0,0,0,0,0
2026-05-25T02:30:00Z,fuzz-assertion,0,0,0,0,0,0,FALSE,0,0,0,0,0,0,0
2026-05-25T02:45:00Z,fuzz-assertion,0,0,0,0,0,0,FALSE,0,0,0,0,0,0,0
2026-05-25T03:00:00Z,fuzz-assertion,0,0,0,0,0,0,FALSE,0,0,0,0,0,0,0
2026-05-25T03:15:00Z,fuzz-assertion,0,0,0,0,0,0,FALSE,0,0,0,0,0,0,0
2026-05-25T03:30:00Z,fuzz-assertion,0,0,0,0,0,0,FALSE,0,0,0,0,0,0,0
2026-05-25T03:45:00Z,fuzz-assertion,0,0,0,0,0,0,FALSE,0,0,0,0,0,0,0
2026-05-25T04:00:00Z,fuzz-assertion,0,0,0,0,0,0,FALSE,0,0,0,0,0,0,0
2026-05-25T04:15:00Z,fuzz-assertion,0,0,0,0,0,0,FALSE,0,0,0,0,0,0,0
2026-05-25T04:30:00Z,fuzz-assertion,0,0,0,0,0,0,FALSE,0,0,0,0,0,0,0
2026-05-25T04:45:00Z,fuzz-assertion,0,0,0,0,0,0,FALSE,0,0,0,0,0,0,0
2026-05-25T05:00:00Z,fuzz-assertion,0,0,0,0,0,0,FALSE,0,0,0,0,0,0,0
2026-05-25T05:15:00Z,fuzz-assertion,0,0,0,0,0,0,FALSE,0,0,0,0,0,0,0
2026-05-25T05:30:00Z,fuzz-assertion,0,0,0,0,0,0,FALSE,0,0,0,0,0,0,0
2026-05-25T05:45:00Z,fuzz-assertion,0,0,0,0,0,0,FALSE,0,0,0,0,0,0,0
2026-05-25T06:00:00Z,fuzz-assertion,0,0,0,0,0,0,FALSE,0,0,0,0,0,0,0
2026-05-25T06:15:00Z,fuzz-assertion,0,0,0,0,0,0,FALSE,0,0,0,0,0,0,0
2026-05-25T06:30:00Z,fuzz-assertion,0,0,0,0,0,0,FALSE,0,0,0,0,0,0,0
2026-05-25T06:45:00Z,fuzz-assertion,0,0,0,0,0,0,FALSE,0,0,0,0,0,0,0
2026-05-25T07:00:00Z,fuzz-assertion,0,0,0,0,0,0,FALSE,0,0,0,0,0,0,0
2026-05-25T07:15:00Z,fuzz-assertion,0,0,0,0,0,0,FALSE,0,0,0,0,0,0,0
2026-05-25T07:30:00Z,fuzz-assertion,0,0,0,0,0,0,FALSE,0,0,0,0,0,0,0
2026-05-25T07:45:00Z,fuzz-assertion,0,0,0,0,0,0,FALSE,0,0,0,0,0,0,0
2026-05-25T08:00:00Z,fuzz-assertion,0,0,0,0,0,0,FALSE,0,0,0,0,0,0,0
2026-05-25T08:15:00Z,fuzz-assertion,0,0,0,0,0,0,FALSE,0,0,0,0,0,0,0
2026-05-25T08:30:00Z,fuzz-assertion,0,0,0,0,0,0,FALSE,0,0,0,0,0,0,0
2026-05-25T08:45:00Z,fuzz-assertion,0,0,0,0,0,0,FALSE,0,0,0,0,0,0,0
2026-05-25T09:00:00Z,fuzz-assertion,0,0,0,0,0,0,FALSE,0,0,0,0,0,0,0
2026-05-25T09:15:00Z,fuzz-assertion,0,0,0,0,0,0,FALSE,0,0,0,0,0,0,0
2026-05-25T09:30:00Z,fuzz-assertion,0,0,0,0,0,0,FALSE,0,0,0,0,0,0,0
2026-05-25T09:45:00Z,fuzz-assertion,0,0,0,0,0,0,FALSE,0,0,0,0,0,0,0
2026-05-25T10:00:00Z,fuzz-assertion,0,0,0,0,0,0,FALSE,0,0,0,0,0,0,0
2026-05-25T10:15:00Z,fuzz-assertion,0,0,0,0,0,0,FALSE,0,0,0,0,0,0,0
2026-05-25T10:30:00Z,fuzz-assertion,0,0,0,0,0,0,FALSE,0,0,0,0,0,0,0
2026-05-25T10:45:00Z,fuzz-assertion,0,0,0,0,0,0,FALSE,0,0,0,0,0,0,0
2026-05-25T11:00:00Z,fuzz-assertion,0,0,0,0,0,0,FALSE,0,0,0,0,0,0,0
2026-05-25T11:15:00Z,fuzz-assertion,0,0,0,0,0,0,FALSE,0,0,0,0,0,0,0
2026-05-25T11:30:00Z,fuzz-assertion,0,0,0,0,0,0,FALSE,0,0,0,0,0,0,0
2026-05-25T11:45:00Z,fuzz-assertion,0,0,0,0,0,0,FALSE,0,0,0,0,0,0,0
2026-05-25T12:00:00Z,fuzz-assertion,0,0,0,0,0,0,FALSE,0,0,0,0,0,0,0
2026-05-25T12:15:00Z,fuzz-assertion,0,0,0,0,0,0,FALSE,0,0,0,0,0,0,0
2026-05-25T12:30:00Z,fuzz-assertion,0,0,0,0,0,0,FALSE,0,0,0,0,0,0,0
2026-05-25T12:45:00Z,fuzz-assertion,0,0,0,0,0,0,FALSE,0,0,0,0,0,0,0
2026-05-25T13:00:00Z,fuzz-assertion,0,0,0,0,0,0,FALSE,0,0,0,0,0,0,0
2026-05-25T13:15:00Z,fuzz-assertion,0,0,0,0,0,0,FALSE,0,0,0,0,0,0,0
2026-05-25T13:30:00Z,fuzz-assertion,0,0,0,0,0,0,FALSE,0,0,0,0,0,0,0
2026-05-25T13:45:00Z,fuzz-assertion,0,0,0,0,0,0,FALSE,0,0,0,0,0,0,0
2026-05-25T14:00:00Z,fuzz-assertion,0,0,0,0,0,0,FALSE,0,0,0,0,0,0,0
2026-05-25T14:15:00Z,fuzz-assertion,0,0,0,0,0,0,FALSE,0,0,0,0,0,0,0
2026-05-25T14:30:00Z,fuzz-assertion,0,0,0,0,0,0,FALSE,0,0,0,0,0,0,0
2026-05-25T14:45:00Z,fuzz-assertion,0,0,0,0,0,0,FALSE,0,0,0,0,0,0,0
2026-05-25T15:00:00Z,fuzz-assertion,0,0,0,0,0,0,FALSE,0,0,0,0,0,0,0
2026-05-25T15:15:00Z,fuzz-assertion,0,0,0,0,0,0,FALSE,0,0,0,0,0,0,0
2026-05-25T15:30:00Z,fuzz-assertion,0,0,0,0,0,0,FALSE,0,0,0,0,0,0,0
2026-05-25T15:45:00Z,fuzz-assertion,0,0,0,0,0,0,FALSE,0,0,0,0,0,0,0
2026-05-25T16:00:00Z,fuzz-assertion,0,0,0,0,0,0,FALSE,0,0,0,0,0,0,0
2026-05-25T16:15:00Z,fuzz-assertion,0,0,0,0,0,0,FALSE,0,0,0,0,0,0,0
2026-05-25T16:30:00Z,fuzz-assertion,0,0,0,0,0,0,FALSE,0,0,0,0,0,0,0
2026-05-25T16:45:00Z,fuzz-assertion,0,0,0,0,0,0,FALSE,0,0,0,0,0,0,0
2026-05-25T17:00:00Z,fuzz-assertion,0,0,0,0,0,0,FALSE,0,0,0,0,0,0,0
2026-05-25T17:15:00Z,fuzz-assertion,0,0,0,0,0,0,FALSE,0,0,0,0,0,0,0
2026-05-25T17:30:00Z,fuzz-assertion,0,0,0,0,0,0,FALSE,0,0,0,0,0,0,0
2026-05-25T17:45:00Z,fuzz-assertion,0,0,0,0,0,0,FALSE,0,0,0,0,0,0,0
2026-05-25T18:00:00Z,fuzz-assertion,0,0,0,0,0,0,FALSE,0,0,0,0,0,0,0
2026-05-25T18:15:00Z,fuzz-assertion,0,0,0,0,0,0,FALSE,0,0,0,0,0,0,0
2026-05-25T18:30:00Z,fuzz-assertion,0,0,0,0,0,0,FALSE,0,0,0,0,0,0,0
2026-05-25T18:45:00Z,fuzz-assertion,0,0,0,0,0,0,FALSE,0,0,0,0,0,0,0
2026-05-25T19:00:00Z,fuzz-assertion,0,0,0,0,0,0,FALSE,0,0,0,0,0,0,0
2026-05-25T19:15:00Z,fuzz-assertion,0,0,0,0,0,0,FALSE,0,0,0,0,0,0,0
2026-05-25T19:30:00Z,fuzz-assertion,0,0,0,0,0,0,FALSE,0,0,0,0,0,0,0
2026-05-25T19:45:00Z,fuzz-assertion,0,0,0,0,0,0,FALSE,0,0,0,0,0,0,0
2026-05-25T20:00:00Z,fuzz-assertion,0,0,0,0,0,0,FALSE,0,0,0,0,0,0,0
2026-05-25T20:15:00Z,fuzz-assertion,0,0,0,0,0,0,FALSE,0,0,0,0,0,0,0
2026-05-25T20:30:00Z,fuzz-assertion,0,0,0,0,0,0,FALSE,0,0,0,0,0,0,0
2026-05-25T20:45:00Z,fuzz-assertion,0,0,0,0,0,0,FALSE,0,0,0,0,0,0,0
2026-05-25T21:00:00Z,fuzz-assertion,0,0,0,0,0,0,FALSE,0,0,0,0,0,0,0
2026-05-25T21:15:00Z,fuzz-assertion,0,0,0,0,0,0,FALSE,0,0,0,0,0,0,0
2026-05-25T21:30:00Z,fuzz-assertion,0,0,0,0,0,0,FALSE,0,0,0,0,0,0,0
2026-05-25T21:45:00Z,fuzz-assertion,0,0,0,0,0,0,FALSE,0,0,0,0,0,0,0
2026-05-25T22:00:00Z,fuzz-assertion,0,0,0,0,0,0,FALSE,0,0,0,0,0,0,0
2026-05-25T22:15:00Z,fuzz-assertion,0,0,0,0,0,0,FALSE,0,0,0,0,0,0,0
2026-05-25T22:30:00Z,fuzz-assertion,0,0,0,0,0,0,FALSE,0,0,0,0,0,0,0
2026-05-25T22:45:00Z,fuzz-assertion,0,0,0,0,0,0,FALSE,0,0,0,0,0,0,0
2026-05-25T23:00:00Z,fuzz-assertion,0,0,0,0,0,0,FALSE,0,0,0,0,0,0,0
2026-05-25T23:15:00Z,fuzz-assertion,0,0,0,0,0,0,FALSE,0,0,0,0,0,0,0
2026-05-25T23:30:00Z,fuzz-assertion,0,0,0,0,0,0,FALSE,0,0,0,0,0,0,0
2026-05-25T23:45:00Z,fuzz-assertion,0,0,0,0,0,0,FALSE,0,0,0,0,0,0,0
2026-05-26T00:00:00Z,fuzz-assertion,0,0,0,0,0,0,FALSE,0,0,0,0,0,0,0
2026-05-26T00:15:00Z,fuzz-assertion,0,0,0,0,0,0,FALSE,0,0,0,0,0,0,0
2026-05-26T00:30:00Z,fuzz-assertion,0,0,0,0,0,0,FALSE,0,0,0,0,0,0,0
2026-05-26T00:45:00Z,fuzz-assertion,0,0,0,0,0,0,FALSE,0,0,0,0,0,0,0
2026-05-26T01:00:00Z,fuzz-assertion,0,0,0,0,0,0,FALSE,0,0,0,0,0,0,0
2026-05-26T01:15:00Z,fuzz-assertion,0,0,0,0,0,0,FALSE,0,0,0,0,0,0,0
2026-05-26T01:30:00Z,fuzz-assertion,0,0,0,0,0,0,FALSE,0,0,0,0,0,0,0
2026-05-26T01:45:00Z,fuzz-assertion,0,0,0,0,0,0,FALSE,0,0,0,0,0,0,0
2026-05-26T02:00:00Z,fuzz-assertion,0,0,0,0,0,0,FALSE,0,0,0,0,0,0,0
2026-05-26T02:15:00Z,fuzz-assertion,0,0,0,0,0,0,FALSE,0,0,0,0,0,0,0
2026-05-26T02:30:00Z,fuzz-assertion,0,0,0,0,0,0,FALSE,0,0,0,0,0,0,0
2026-05-26T02:45:00Z,fuzz-assertion,0,0,0,0,0,0,FALSE,0,0,0,0,0,0,0
2026-05-26T03:00:00Z,fuzz-assertion,0,0,0,0,0,0,FALSE,0,0,0,0,0,0,0
2026-05-26T03:15:00Z,fuzz-assertion,0,0,0,0,0,0,FALSE,0,0,0,0,0,0,0
2026-05-26T03:30:00Z,fuzz-assertion,0,0,0,0,0,0,FALSE,0,0,0,0,0,0,0
2026-05-26T03:45:00Z,fuzz-assertion,0,0,0,0,0,0,FALSE,0,0,0,0,0,0,0
2026-05-26T04:00:00Z,fuzz-assertion,0,0,0,0,0,0,FALSE,0,0,0,0,0,0,0
2026-05-26T04:15:00Z,fuzz-assertion,0,0,0,0,0,0,FALSE,0,0,0,0,0,0,0
2026-05-26T04:30:00Z,fuzz-assertion,0,0,0,0,0,0,FALSE,0,0,0,0,0,0,0
2026-05-26T04:45:00Z,fuzz-assertion,0,0,0,0,0,0,FALSE,0,0,0,0,0,0,0
2026-05-26T05:00:00Z,fuzz-assertion,0,0,0,0,0,0,FALSE,0,0,0,0,0,0,0
2026-05-26T05:15:00Z,fuzz-assertion,0,0,0,0,0,0,FALSE,0,0,0,0,0,0,0
2026-05-26T05:30:00Z,fuzz-assertion,0,0,0,0,0,0,FALSE,0,0,0,0,0,0,0
2026-05-26T05:45:00Z,fuzz-assertion,0,0,0,0,0,0,FALSE,0,0,0,0,0,0,0
2026-05-26T06:00:00Z,fuzz-assertion,0,0,0,0,0,0,FALSE,0,0,0,0,0,0,0
2026-05-26T06:15:00Z,fuzz-assertion,0,0,0,0,0,0,FALSE,0,0,0,0,0,0,0
2026-05-26T06:30:00Z,fuzz-assertion,0,0,0,0,0,0,FALSE,0,0,0,0,0,0,0
2026-05-26T06:45:00Z,fuzz-assertion,0,0,0,0,0,0,FALSE,0,0,0,0,0,0,0
2026-05-26T07:00:00Z,fuzz-assertion,0,0,0,0,0,0,FALSE,0,0,0,0,0,0,0
2026-05-26T07:15:00Z,fuzz-assertion,0,0,0,0,0,0,FALSE,0,0,0,0,0,0,0
2026-05-26T07:30:00Z,fuzz-assertion,0,0,0,0,0,0,FALSE,0,0,0,0,0,0,0
2026-05-26T07:45:00Z,fuzz-assertion,0,0,0,0,0,0,FALSE,0,0,0,0,0,0,0
2026-05-26T08:00:00Z,fuzz-assertion,0,0,0,0,0,0,FALSE,0,0,0,0,0,0,0
2026-05-26T08:15:00Z,fuzz-assertion,0,0,0,0,0,0,FALSE,0,0,0,0,0,0,0
2026-05-26T08:30:00Z,fuzz-assertion,0,0,0,0,0,0,FALSE,0,0,0,0,0,0,0
2026-05-26T08:45:00Z,fuzz-assertion,0,0,0,0,0,0,FALSE,0,0,0,0,0,0,0
2026-05-26T09:00:00Z,fuzz-assertion,0,0,0,0,0,0,FALSE,0,0,0,0,0,0,0
2026-05-26T09:15:00Z,fuzz-assertion,0,0,0,0,0,0,FALSE,0,0,0,0,0,0,0
2026-05-26T09:30:00Z,fuzz-assertion,0,0,0,0,0,0,FALSE,0,0,0,0,0,0,0
2026-05-26T09:45:00Z,fuzz-assertion,0,0,0,0,0,0,FALSE,0,0,0,0,0,0,0
2026-05-26T10:00:00Z,fuzz-assertion,0,0,0,0,0,0,FALSE,0,0,0,0,0,0,0
2026-05-26T10:15:00Z,fuzz-assertion,0,0,0,0,0,0,FALSE,0,0,0,0,0,0,0
2026-05-26T10:30:00Z,fuzz-assertion,0,0,0,0,0,0,FALSE,0,0,0,0,0,0,0
2026-05-26T10:45:00Z,fuzz-assertion,0,0,0,0,0,0,FALSE,0,0,0,0,0,0,0
2026-05-26T11:00:00Z,fuzz-assertion,0,0,0,0,0,0,FALSE,0,0,0,0,0,0,0
2026-05-26T11:15:00Z,fuzz-assertion,0,0,0,0,0,0,FALSE,0,0,0,0,0,0,0
2026-05-26T11:30:00Z,fuzz-assertion,0,0,0,0,0,0,FALSE,0,0,0,0,0,0,0
2026-05-26T11:45:00Z,fuzz-assertion,0,0,0,0,0,0,FALSE,0,0,0,0,0,0,0
2026-05-26T12:00:00Z,fuzz-assertion,0,0,0,0,0,0,FALSE,0,0,0,0,0,0,0
2026-05-26T12:15:00Z,fuzz-assertion,0,0,0,0,0,0,FALSE,0,0,0,0,0,0,0
2026-05-26T12:30:00Z,fuzz-assertion,0,0,0,0,0,0,FALSE,0,0,0,0,0,0,0
2026-05-26T12:45:00Z,fuzz-assertion,0,0,0,0,0,0,FALSE,0,0,0,0,0,0,0
2026-05-26T13:00:00Z,fuzz-assertion,0,0,0,0,0,0,FALSE,0,0,0,0,0,0,0
2026-05-26T13:15:00Z,fuzz-assertion,0,0,0,0,0,0,FALSE,0,0,0,0,0,0,0
2026-05-26T13:30:00Z,fuzz-assertion,0,0,0,0,0,0,FALSE,0,0,0,0,0,0,0
2026-05-26T13:45:00Z,fuzz-assertion,0,0,0,0,0,0,FALSE,0,0,0,0,0,0,0
2026-05-26T14:00:00Z,fuzz-assertion,0,0,0,0,0,0,FALSE,0,0,0,0,0,0,0
2026-05-26T14:15:00Z,fuzz-assertion,0,0,0,0,0,0,FALSE,0,0,0,0,0,0,0
2026-05-26T14:30:00Z,fuzz-assertion,0,0,0,0,0,0,FALSE,0,0,0,0,0,0,0
2026-05-26T14:45:00Z,fuzz-assertion,0,0,0,0,0,0,FALSE,0,0,0,0,0,0,0
2026-05-26T15:00:00Z,fuzz-assertion,0,0,0,0,0,0,FALSE,0,0,0,0,0,0,0
2026-05-26T15:15:00Z,fuzz-assertion,0,0,0,0,0,0,FALSE,0,0,0,0,0,0,0
2026-05-26T15:30:00Z,fuzz-assertion,0,0,0,0,0,0,FALSE,0,0,0,0,0,0,0
2026-05-26T15:45:00Z,fuzz-assertion,0,0,0,0,0,0,FALSE,0,0,0,0,0,0,0
2026-05-26T16:00:00Z,fuzz-assertion,0,0,0,0,0,0,FALSE,0,0,0,0,0,0,0
2026-05-26T16:15:00Z,fuzz-assertion,0,0,0,0,0,0,FALSE,0,0,0,0,0,0,0
2026-05-26T16:30:00Z,fuzz-assertion,0,0,0,0,0,0,FALSE,0,0,0,0,0,0,0
2026-05-26T16:45:00Z,fuzz-assertion,0,0,0,0,0,0,FALSE,0,0,0,0,0,0,0
2026-05-26T17:00:00Z,fuzz-assertion,0,0,0,0,0,0,FALSE,0,0,0,0,0,0,0
2026-05-26T17:15:00Z,fuzz-assertion,0,0,0,0,0,0,FALSE,0,0,0,0,0,0,0
2026-05-26T17:30:00Z,fuzz-assertion,0,0,0,0,0,0,FALSE,0,0,0,0,0,0,0
2026-05-26T17:45:00Z,fuzz-assertion,0,0,0,0,0,0,FALSE,0,0,0,0,0,0,0
2026-05-26T18:00:00Z,fuzz-assertion,0,0,0,0,0,0,FALSE,0,0,0,0,0,0,0
2026-05-26T18:15:00Z,fuzz-assertion,0,0,0,0,0,0,FALSE,0,0,0,0,0,0,0
2026-05-26T18:30:00Z,fuzz-assertion,0,0,0,0,0,0,FALSE,0,0,0,0,0,0,0
2026-05-26T18:45:00Z,fuzz-assertion,0,0,0,0,0,0,FALSE,0,0,0,0,0,0,0
2026-05-26T19:00:00Z,fuzz-assertion,0,0,0,0,0,0,FALSE,0,0,0,0,0,0,0
2026-05-26T19:15:00Z,fuzz-assertion,0,0,0,0,0,0,FALSE,0,0,0,0,0,0,0
2026-05-26T19:30:00Z,fuzz-assertion,0,0,0,0,0,0,FALSE,0,0,0,0,0,0,0
2026-05-26T19:45:00Z,fuzz-assertion,0,0,0,0,0,0,FALSE,0,0,0,0,0,0,0
2026-05-26T20:00:00Z,fuzz-assertion,0,0,0,0,0,0,FALSE,0,0,0,0,0,0,0
2026-05-26T20:15:00Z,fuzz-assertion,0,0,0,0,0,0,FALSE,0,0,0,0,0,0,0
2026-05-26T20:30:00Z,fuzz-assertion,0,0,0,0,0,0,FALSE,0,0,0,0,0,0,0
2026-05-26T20:45:00Z,fuzz-assertion,0,0,0,0,0,0,FALSE,0,0,0,0,0,0,0
2026-05-26T21:00:00Z,fuzz-assertion,0,0,0,0,0,0,FALSE,0,0,0,0,0,0,0
2026-05-26T21:15:00Z,fuzz-assertion,0,0,0,0,0,0,FALSE,0,0,0,0,0,0,0
2026-05-26T21:30:00Z,fuzz-assertion,0,0,0,0,0,0,FALSE,0,0,0,0,0,0,0
2026-05-26T21:45:00Z,fuzz-assertion,0,0,0,0,0,0,FALSE,0,0,0,0,0,0,0
2026-05-26T22:00:00Z,fuzz-assertion,0,0,0,0,0,0,FALSE,0,0,0,0,0,0,0
2026-05-26T22:15:00Z,fuzz-assertion,0,0,0,0,0,0,FALSE,0,0,0,0,0,0,0
2026-05-26T22:30:00Z,fuzz-assertion,0,0,0,0,0,0,FALSE,0,0,0,0,0,0,0
2026-05-26T22:45:00Z,fuzz-assertion,0,0,0,0,0,0,FALSE,0,0,0,0,0,0,0
2026-05-26T23:00:00Z,fuzz-assertion,0,0,0,0,0,0,FALSE,0,0,0,0,0,0,0
2026-05-26T23:15:00Z,fuzz-assertion,0,0,0,0,0,0,FALSE,0,0,0,0,0,0,0
2026-05-26T23:30:00Z,fuzz-assertion,0,0,0,0,0,0,FALSE,0,0,0,0,0,0,0
2026-05-26T23:45:00Z,fuzz-assertion,0,0,0,0,0,0,FALSE,0,0,0,0,0,0,0
2026-05-27T00:00:00Z,fuzz-assertion,0,0,0,0,0,0,FALSE,0,0,0,0,0,0,0
2026-05-27T00:15:00Z,fuzz-assertion,0,0,0,0,0,0,FALSE,0,0,0,0,0,0,0
2026-05-27T00:30:00Z,fuzz-assertion,0,0,0,0,0,0,FALSE,0,0,0,0,0,0,0
2026-05-27T00:45:00Z,fuzz-assertion,0,0,0,0,0,0,FALSE,0,0,0,0,0,0,0
2026-05-27T01:00:00Z,fuzz-assertion,0,0,0,0,0,0,FALSE,0,0,0,0,0,0,0
2026-05-27T01:15:00Z,fuzz-assertion,0,0,0,0,0,0,FALSE,0,0,0,0,0,0,0
2026-05-27T01:30:00Z,fuzz-assertion,0,0,0,0,0,0,FALSE,0,0,0,0,0,0,0
2026-05-27T01:45:00Z,fuzz-assertion,0,0,0,0,0,0,FALSE,0,0,0,0,0,0,0
2026-05-27T02:00:00Z,fuzz-assertion,0,0,0,0,0,0,FALSE,0,0,0,0,0,0,0
2026-05-27T02:15:00Z,fuzz-assertion,0,0,0,0,0,0,FALSE,0,0,0,0,0,0,0
2026-05-27T02:30:00Z,fuzz-assertion,0,0,0,0,0,0,FALSE,0,0,0,0,0,0,0
2026-05-27T02:45:00Z,fuzz-assertion,0,0,0,0,0,0,FALSE,0,0,0,0,0,0,0
2026-05-27T03:00:00Z,fuzz-assertion,0,0,0,0,0,0,FALSE,0,0,0,0,0,0,0
2026-05-27T03:15:00Z,fuzz-assertion,0,0,0,0,0,0,FALSE,0,0,0,0,0,0,0
2026-05-27T03:30:00Z,fuzz-assertion,0,0,0,0,0,0,FALSE,0,0,0,0,0,0,0
2026-05-27T03:45:00Z,fuzz-assertion,0,0,0,0,0,0,FALSE,0,0,0,0,0,0,0
2026-05-27T04:00:00Z,fuzz-assertion,0,0,0,0,0,0,FALSE,0,0,0,0,0,0,0
2026-05-27T04:15:00Z,fuzz-assertion,0,0,0,0,0,0,FALSE,0,0,0,0,0,0,0
2026-05-27T04:30:00Z,fuzz-assertion,0,0,0,0,0,0,FALSE,0,0,0,0,0,0,0
2026-05-27T04:45:00Z,fuzz-assertion,0,0,0,0,0,0,FALSE,0,0,0,0,0,0,0
2026-05-27T05:00:00Z,fuzz-assertion,0,0,0,0,0,0,FALSE,0,0,0,0,0,0,0
2026-05-27T05:15:00Z,fuzz-assertion,0,0,0,0,0,0,FALSE,0,0,0,0,0,0,0
2026-05-27T05:30:00Z,fuzz-assertion,0,0,0,0,0,0,FALSE,0,0,0,0,0,0,0
2026-05-27T05:45:00Z,fuzz-assertion,0,0,0,0,0,0,FALSE,0,0,0,0,0,0,0
2026-05-27T06:00:00Z,fuzz-assertion,0,0,0,0,0,0,FALSE,0,0,0,0,0,0,0
2026-05-27T06:15:00Z,fuzz-assertion,0,0,0,0,0,0,FALSE,0,0,0,0,0,0,0
2026-05-27T06:30:00Z,fuzz-assertion,0,0,0,0,0,0,FALSE,0,0,0,0,0,0,0
2026-05-27T06:45:00Z,fuzz-assertion,0,0,0,0,0,0,FALSE,0,0,0,0,0,0,0
2026-05-27T07:00:00Z,fuzz-assertion,0,0,0,0,0,0,FALSE,0,0,0,0,0,0,0
2026-05-27T07:15:00Z,fuzz-assertion,0,0,0,0,0,0,FALSE,0,0,0,0,0,0,0
2026-05-27T07:30:00Z,fuzz-assertion,0,0,0,0,0,0,FALSE,0,0,0,0,0,0,0
2026-05-27T07:45:00Z,fuzz-assertion,0,0,0,0,0,0,FALSE,0,0,0,0,0,0,0
2026-05-27T08:00:00Z,fuzz-assertion,0,0,0,0,0,0,FALSE,0,0,0,0,0,0,0
2026-05-27T08:15:00Z,fuzz-assertion,0,0,0,0,0,0,FALSE,0,0,0,0,0,0,0
2026-05-27T08:30:00Z,fuzz-assertion,0,0,0,0,0,0,FALSE,0,0,0,0,0,0,0
2026-05-27T08:45:00Z,fuzz-assertion,0,0,0,0,0,0,FALSE,0,0,0,0,0,0,0
2026-05-27T09:00:00Z,fuzz-assertion,0,0,0,0,0,0,FALSE,0,0,0,0,0,0,0
2026-05-27T09:15:00Z,fuzz-assertion,0,0,0,0,0,0,FALSE,0,0,0,0,0,0,0
2026-05-27T09:30:00Z,fuzz-assertion,0,0,0,0,0,0,FALSE,0,0,0,0,0,0,0
2026-05-27T09:45:00Z,fuzz-assertion,0,0,0,0,0,0,FALSE,0,0,0,0,0,0,0
2026-05-27T10:00:00Z,fuzz-assertion,0,0,0,0,0,0,FALSE,0,0,0,0,0,0,0
2026-05-27T10:15:00Z,fuzz-assertion,0,0,0,0,0,0,FALSE,0,0,0,0,0,0,0
2026-05-27T10:30:00Z,fuzz-assertion,0,0,0,0,0,0,FALSE,0,0,0,0,0,0,0
2026-05-27T10:45:00Z,fuzz-assertion,0,0,0,0,0,0,FALSE,0,0,0,0,0,0,0
2026-05-27T11:00:00Z,fuzz-assertion,0,0,0,0,0,0,FALSE,0,0,0,0,0,0,0
2026-05-27T11:15:00Z,fuzz-assertion,0,0,0,0,0,0,FALSE,0,0,0,0,0,0,0
2026-05-27T11:30:00Z,fuzz-assertion,0,0,0,0,0,0,FALSE,0,0,0,0,0,0,0
2026-05-27T11:45:00Z,fuzz-assertion,0,0,0,0,0,0,FALSE,0,0,0,0,0,0,0
2026-05-27T12:00:00Z,fuzz-assertion,0,0,0,0,0,0,FALSE,0,0,0,0,0,0,0
2026-05-27T12:15:00Z,fuzz-assertion,0,0,0,0,0,0,FALSE,0,0,0,0,0,0,0
2026-05-27T12:30:00Z,fuzz-assertion,0,0,0,0,0,0,FALSE,0,0,0,0,0,0,0
2026-05-27T12:45:00Z,fuzz-assertion,0,0,0,0,0,0,FALSE,0,0,0,0,0,0,0
2026-05-27T13:00:00Z,fuzz-assertion,0,0,0,0,0,0,FALSE,0,0,0,0,0,0,0
2026-05-27T13:15:00Z,fuzz-assertion,0,0,0,0,0,0,FALSE,0,0,0,0,0,0,0
2026-05-27T13:30:00Z,fuzz-assertion,0,0,0,0,0,0,FALSE,0,0,0,0,0,0,0
2026-05-27T13:45:00Z,fuzz-assertion,0,0,0,0,0,0,FALSE,0,0,0,0,0,0,0
2026-05-27T14:00:00Z,fuzz-assertion,0,0,0,0,0,0,FALSE,0,0,0,0,0,0,0
2026-05-27T14:15:00Z,fuzz-assertion,0,0,0,0,0,0,FALSE,0,0,0,0,0,0,0
2026-05-27T14:30:00Z,fuzz-assertion,0,0,0,0,0,0,FALSE,0,0,0,0,0,0,0
2026-05-27T14:45:00Z,fuzz-assertion,0,0,0,0,0,0,FALSE,0,0,0,0,0,0,0
2026-05-27T15:00:00Z,fuzz-assertion,0,0,0,0,0,0,FALSE,0,0,0,0,0,0,0
2026-05-27T15:15:00Z,fuzz-assertion,0,0,0,0,0,0,FALSE,0,0,0,0,0,0,0
2026-05-27T15:30:00Z,fuzz-assertion,0,0,0,0,0,0,FALSE,0,0,0,0,0,0,0
2026-05-27T15:45:00Z,fuzz-assertion,0,0,0,0,0,0,FALSE,0,0,0,0,0,0,0
2026-05-27T16:00:00Z,fuzz-assertion,0,0,0,0,0,0,FALSE,0,0,0,0,0,0,0
2026-05-27T16:15:00Z,fuzz-assertion,0,0,0,0,0,0,FALSE,0,0,0,0,0,0,0
2026-05-27T16:30:00Z,fuzz-assertion,0,0,0,0,0,0,FALSE,0,0,0,0,0,0,0
2026-05-27T16:45:00Z,fuzz-assertion,0,0,0,0,0,0,FALSE,0,0,0,0,0,0,0
2026-05-27T17:00:00Z,fuzz-assertion,0,0,0,0,0,0,FALSE,0,0,0,0,0,0,0
2026-05-27T17:15:00Z,fuzz-assertion,0,0,0,0,0,0,FALSE,0,0,0,0,0,0,0
2026-05-27T17:30:00Z,fuzz-assertion,0,0,0,0,0,0,FALSE,0,0,0,0,0,0,0
2026-05-27T17:45:00Z,fuzz-assertion,0,0,0,0,0,0,FALSE,0,0,0,0,0,0,0
2026-05-27T18:00:00Z,fuzz-assertion,0,0,0,0,0,0,FALSE,0,0,0,0,0,0,0
2026-05-27T18:15:00Z,fuzz-assertion,0,0,0,0,0,0,FALSE,0,0,0,0,0,0,0
2026-05-27T18:30:00Z,fuzz-assertion,0,0,0,0,0,0,FALSE,0,0,0,0,0,0,0
2026-05-27T18:45:00Z,fuzz-assertion,0,0,0,0,0,0,FALSE,0,0,0,0,0,0,0
2026-05-27T19:00:00Z,fuzz-assertion,0,0,0,0,0,0,FALSE,0,0,0,0,0,0,0
2026-05-27T19:15:00Z,fuzz-assertion,0,0,0,0,0,0,FALSE,0,0,0,0,0,0,0
2026-05-27T19:30:00Z,fuzz-assertion,0,0,0,0,0,0,FALSE,0,0,0,0,0,0,0
2026-05-27T19:45:00Z,fuzz-assertion,0,0,0,0,0,0,FALSE,0,0,0,0,0,0,0
2026-05-27T20:00:00Z,fuzz-assertion,0,0,0,0,0,0,FALSE,0,0,0,0,0,0,0
2026-05-27T20:15:00Z,fuzz-assertion,0,0,0,0,0,0,FALSE,0,0,0,0,0,0,0
2026-05-27T20:30:00Z,fuzz-assertion,0,0,0,0,0,0,FALSE,0,0,0,0,0,0,0
2026-05-27T20:45:00Z,fuzz-assertion,0,0,0,0,0,0,FALSE,0,0,0,0,0,0,0
2026-05-27T21:00:00Z,fuzz-assertion,0,0,0,0,0,0,FALSE,0,0,0,0,0,0,0
2026-05-27T21:15:00Z,fuzz-assertion,0,0,0,0,0,0,FALSE,0,0,0,0,0,0,0
2026-05-27T21:30:00Z,fuzz-assertion,0,0,0,0,0,0,FALSE,0,0,0,0,0,0,0
2026-05-27T21:45:00Z,fuzz-assertion,0,0,0,0,0,0,FALSE,0,0,0,0,0,0,0
2026-05-27T22:00:00Z,fuzz-assertion,0,0,0,0,0,0,FALSE,0,0,0,0,0,0,0
2026-05-27T22:15:00Z,fuzz-assertion,0,0,0,0,0,0,FALSE,0,0,0,0,0,0,0
2026-05-27T22:30:00Z,fuzz-assertion,0,0,0,0,0,0,FALSE,0,0,0,0,0,0,0
2026-05-27T22:45:00Z,fuzz-assertion,0,0,0,0,0,0,FALSE,0,0,0,0,0,0,0
2026-05-27T23:00:00Z,fuzz-assertion,0,0,0,0,0,0,FALSE,0,0,0,0,0,0,0
2026-05-27T23:15:00Z,fuzz-assertion,0,0,0,0,0,0,FALSE,0,0,0,0,0,0,0
2026-05-27T23:30:00Z,fuzz-assertion,0,0,0,0,0,0,FALSE,0,0,0,0,0,0,0
2026-05-27T23:45:00Z,fuzz-assertion,0,0,0,0,0,0,FALSE,0,0,0,0,0,0,0
2026-05-28T00:00:00Z,fuzz-assertion,0,0,0,0,0,0,FALSE,0,0,0,0,0,0,0
2026-05-28T00:15:00Z,fuzz-assertion,0,0,0,0,0,0,FALSE,0,0,0,0,0,0,0
2026-05-28T00:30:00Z,fuzz-assertion,0,0,0,0,0,0,FALSE,0,0,0,0,0,0,0
2026-05-28T00:45:00Z,fuzz-assertion,0,0,0,0,0,0,FALSE,0,0,0,0,0,0,0
2026-05-28T01:00:00Z,fuzz-assertion,0,0,0,0,0,0,FALSE,0,0,0,0,0,0,0
2026-05-28T01:15:00Z,fuzz-assertion,0,0,0,0,0,0,FALSE,0,0,0,0,0,0,0
2026-05-28T01:30:00Z,fuzz-assertion,0,0,0,0,0,0,FALSE,0,0,0,0,0,0,0
2026-05-28T01:45:00Z,fuzz-assertion,0,0,0,0,0,0,FALSE,0,0,0,0,0,0,0
2026-05-28T02:00:00Z,fuzz-assertion,0,0,0,0,0,0,FALSE,0,0,0,0,0,0,0
2026-05-28T02:15:00Z,fuzz-assertion,0,0,0,0,0,0,FALSE,0,0,0,0,0,0,0
2026-05-28T02:30:00Z,fuzz-assertion,0,0,0,0,0,0,FALSE,0,0,0,0,0,0,0
2026-05-28T02:45:00Z,fuzz-assertion,0,0,0,0,0,0,FALSE,0,0,0,0,0,0,0
2026-05-28T03:00:00Z,fuzz-assertion,0,0,0,0,0,0,FALSE,0,0,0,0,0,0,0
2026-05-28T03:15:00Z,fuzz-assertion,0,0,0,0,0,0,FALSE,0,0,0,0,0,0,0
2026-05-28T03:30:00Z,fuzz-assertion,0,0,0,0,0,0,FALSE,0,0,0,0,0,0,0
2026-05-28T03:45:00Z,fuzz-assertion,0,0,0,0,0,0,FALSE,0,0,0,0,0,0,0
2026-05-28T04:00:00Z,fuzz-assertion,0,0,0,0,0,0,FALSE,0,0,0,0,0,0,0
2026-05-28T04:15:00Z,fuzz-assertion,0,0,0,0,0,0,FALSE,0,0,0,0,0,0,0
2026-05-28T04:30:00Z,fuzz-assertion,0,0,0,0,0,0,FALSE,0,0,0,0,0,0,0
2026-05-28T04:45:00Z,fuzz-assertion,0,0,0,0,0,0,FALSE,0,0,0,0,0,0,0
2026-05-28T05:00:00Z,fuzz-assertion,0,0,0,0,0,0,FALSE,0,0,0,0,0,0,0
2026-05-28T05:15:00Z,fuzz-assertion,0,0,0,0,0,0,FALSE,0,0,0,0,0,0,0
2026-05-28T05:30:00Z,fuzz-assertion,0,0,0,0,0,0,FALSE,0,0,0,0,0,0,0
2026-05-28T05:45:00Z,fuzz-assertion,0,0,0,0,0,0,FALSE,0,0,0,0,0,0,0
2026-05-28T06:00:00Z,fuzz-assertion,0,0,0,0,0,0,FALSE,0,0,0,0,0,0,0
2026-05-28T06:15:00Z,fuzz-assertion,0,0,0,0,0,0,FALSE,0,0,0,0,0,0,0
2026-05-28T06:30:00Z,fuzz-assertion,0,0,0,0,0,0,FALSE,0,0,0,0,0,0,0
2026-05-28T06:45:00Z,fuzz-assertion,0,0,0,0,0,0,FALSE,0,0,0,0,0,0,0
2026-05-28T07:00:00Z,fuzz-assertion,0,0,0,0,0,0,FALSE,0,0,0,0,0,0,0
2026-05-28T07:15:00Z,fuzz-assertion,0,0,0,0,0,0,FALSE,0,0,0,0,0,0,0
2026-05-28T07:30:00Z,fuzz-assertion,0,0,0,0,0,0,FALSE,0,0,0,0,0,0,0
2026-05-28T07:45:00Z,fuzz-assertion,0,0,0,0,0,0,FALSE,0,0,0,0,0,0,0
2026-05-28T08:00:00Z,fuzz-assertion,0,0,0,0,0,0,FALSE,0,0,0,0,0,0,0
2026-05-28T08:15:00Z,fuzz-assertion,0,0,0,0,0,0,FALSE,0,0,0,0,0,0,0
2026-05-28T08:30:00Z,fuzz-assertion,0,0,0,0,0,0,FALSE,0,0,0,0,0,0,0
2026-05-28T08:45:00Z,fuzz-assertion,0,0,0,0,0,0,FALSE,0,0,0,0,0,0,0
2026-05-28T09:00:00Z,fuzz-assertion,0,0,0,0,0,0,FALSE,0,0,0,0,0,0,0
2026-05-28T09:15:00Z,fuzz-assertion,0,0,0,0,0,0,FALSE,0,0,0,0,0,0,0
2026-05-28T09:30:00Z,fuzz-assertion,0,0,0,0,0,0,FALSE,0,0,0,0,0,0,0
2026-05-28T09:45:00Z,fuzz-assertion,0,0,0,0,0,0,FALSE,0,0,0,0,0,0,0
2026-05-28T10:00:00Z,fuzz-assertion,0,0,0,0,0,0,FALSE,0,0,0,0,0,0,0
2026-05-28T10:15:00Z,fuzz-assertion,0,0,0,0,0,0,FALSE,0,0,0,0,0,0,0
2026-05-28T10:30:00Z,fuzz-assertion,0,0,0,0,0,0,FALSE,0,0,0,0,0,0,0
2026-05-28T10:45:00Z,fuzz-assertion,0,0,0,0,0,0,FALSE,0,0,0,0,0,0,0
2026-05-28T11:00:00Z,fuzz-assertion,0,0,0,0,0,0,FALSE,0,0,0,0,0,0,0
2026-05-28T11:15:00Z,fuzz-assertion,0,0,0,0,0,0,FALSE,0,0,0,0,0,0,0
2026-05-28T11:30:00Z,fuzz-assertion,0,0,0,0,0,0,FALSE,0,0,0,0,0,0,0
2026-05-28T11:45:00Z,fuzz-assertion,0,0,0,0,0,0,FALSE,0,0,0,0,0,0,0
2026-05-28T12:00:00Z,fuzz-assertion,0,0,0,0,0,0,FALSE,0,0,0,0,0,0,0
2026-05-28T12:15:00Z,fuzz-assertion,0,0,0,0,0,0,FALSE,0,0,0,0,0,0,0
2026-05-28T12:30:00Z,fuzz-assertion,0,0,0,0,0,0,FALSE,0,0,0,0,0,0,0
2026-05-28T12:45:00Z,fuzz-assertion,0,0,0,0,0,0,FALSE,0,0,0,0,0,0,0
2026-05-28T13:00:00Z,fuzz-assertion,0,0,0,0,0,0,FALSE,0,0,0,0,0,0,0
2026-05-28T13:15:00Z,fuzz-assertion,0,0,0,0,0,0,FALSE,0,0,0,0,0,0,0
2026-05-28T13:30:00Z,fuzz-assertion,0,0,0,0,0,0,FALSE,0,0,0,0,0,0,0
2026-05-28T13:45:00Z,fuzz-assertion,0,0,0,0,0,0,FALSE,0,0,0,0,0,0,0
2026-05-28T14:00:00Z,fuzz-assertion,0,0,0,0,0,0,FALSE,0,0,0,0,0,0,0
2026-05-28T14:15:00Z,fuzz-assertion,0,0,0,0,0,0,FALSE,0,0,0,0,0,0,0
2026-05-28T14:30:00Z,fuzz-assertion,0,0,0,0,0,0,FALSE,0,0,0,0,0,0,0
2026-05-28T14:45:00Z,fuzz-assertion,0,0,0,0,0,0,FALSE,0,0,0,0,0,0,0
2026-05-28T15:00:00Z,fuzz-assertion,0,0,0,0,0,0,FALSE,0,0,0,0,0,0,0
2026-05-28T15:15:00Z,fuzz-assertion,0,0,0,0,0,0,FALSE,0,0,0,0,0,0,0
2026-05-28T15:30:00Z,fuzz-assertion,0,0,0,0,0,0,FALSE,0,0,0,0,0,0,0
2026-05-28T15:45:00Z,fuzz-assertion,0,0,0,0,0,0,FALSE,0,0,0,0,0,0,0
2026-05-28T16:00:00Z,fuzz-assertion,0,0,0,0,0,0,FALSE,0,0,0,0,0,0,0
2026-05-28T16:15:00Z,fuzz-assertion,0,0,0,0,0,0,FALSE,0,0,0,0,0,0,0
2026-05-28T16:30:00Z,fuzz-assertion,0,0,0,0,0,0,FALSE,0,0,0,0,0,0,0
2026-05-28T16:45:00Z,fuzz-assertion,0,0,0,0,0,0,FALSE,0,0,0,0,0,0,0
2026-05-28T17:00:00Z,fuzz-assertion,0,0,0,0,0,0,FALSE,0,0,0,0,0,0,0
2026-05-28T17:15:00Z,fuzz-assertion,0,0,0,0,0,0,FALSE,0,0,0,0,0,0,0
2026-05-28T17:30:00Z,fuzz-assertion,0,0,0,0,0,0,FALSE,0,0,0,0,0,0,0
2026-05-28T17:45:00Z,fuzz-assertion,0,0,0,0,0,0,FALSE,0,0,0,0,0,0,0
2026-05-28T18:00:00Z,fuzz-assertion,0,0,0,0,0,0,FALSE,0,0,0,0,0,0,0
2026-05-28T18:15:00Z,fuzz-assertion,0,0,0,0,0,0,FALSE,0,0,0,0,0,0,0
2026-05-28T18:30:00Z,fuzz-assertion,0,0,0,0,0,0,FALSE,0,0,0,0,0,0,0
2026-05-28T18:45:00Z,fuzz-assertion,0,0,0,0,0,0,FALSE,0,0,0,0,0,0,0
2026-05-28T19:00:00Z,fuzz-assertion,0,0,0,0,0,0,FALSE,0,0,0,0,0,0,0
2026-05-28T19:15:00Z,fuzz-assertion,0,0,0,0,0,0,FALSE,0,0,0,0,0,0,0
2026-05-28T19:30:00Z,fuzz-assertion,0,0,0,0,0,0,FALSE,0,0,0,0,0,0,0
2026-05-28T19:45:00Z,fuzz-assertion,0,0,0,0,0,0,FALSE,0,0,0,0,0,0,0
2026-05-28T20:00:00Z,fuzz-assertion,0,0,0,0,0,0,FALSE,0,0,0,0,0,0,0
2026-05-28T20:15:00Z,fuzz-assertion,0,0,0,0,0,0,FALSE,0,0,0,0,0,0,0
2026-05-28T20:30:00Z,fuzz-assertion,0,0,0,0,0,0,FALSE,0,0,0,0,0,0,0
2026-05-28T20:45:00Z,fuzz-assertion,0,0,0,0,0,0,FALSE,0,0,0,0,0,0,0
2026-05-28T21:00:00Z,fuzz-assertion,0,0,0,0,0,0,FALSE,0,0,0,0,0,0,0
2026-05-28T21:15:00Z,fuzz-assertion,0,0,0,0,0,0,FALSE,0,0,0,0,0,0,0
2026-05-28T21:30:00Z,fuzz-assertion,0,0,0,0,0,0,FALSE,0,0,0,0,0,0,0
2026-05-28T21:45:00Z,fuzz-assertion,0,0,0,0,0,0,FALSE,0,0,0,0,0,0,0
2026-05-28T22:00:00Z,fuzz-assertion,0,0,0,0,0,0,FALSE,0,0,0,0,0,0,0
2026-05-28T22:15:00Z,fuzz-assertion,0,0,0,0,0,0,FALSE,0,0,0,0,0,0,0
2026-05-28T22:30:00Z,fuzz-assertion,0,0,0,0,0,0,FALSE,0,0,0,0,0,0,0
2026-05-28T22:45:00Z,fuzz-assertion,0,0,0,0,0,0,FALSE,0,0,0,0,0,0,0
2026-05-28T23:00:00Z,fuzz-assertion,0,0,0,0,0,0,FALSE,0,0,0,0,0,0,0
2026-05-28T23:15:00Z,fuzz-assertion,0,0,0,0,0,0,FALSE,0,0,0,0,0,0,0
2026-05-28T23:30:00Z,fuzz-assertion,0,0,0,0,0,0,FALSE,0,0,0,0,0,0,0
2026-05-28T23:45:00Z,fuzz-assertion,0,0,0,0,0,0,FALSE,0,0,0,0,0,0,0
2026-05-29T00:00:00Z,fuzz-assertion,0,0,0,0,0,0,FALSE,0,0,0,0,0,0,0
2026-05-29T00:15:00Z,fuzz-assertion,0,0,0,0,0,0,FALSE,0,0,0,0,0,0,0
2026-05-29T00:30:00Z,fuzz-assertion,0,0,0,0,0,0,FALSE,0,0,0,0,0,0,0
2026-05-29T00:45:00Z,fuzz-assertion,0,0,0,0,0,0,FALSE,0,0,0,0,0,0,0
2026-05-29T01:00:00Z,fuzz-assertion,0,0,0,0,0,0,FALSE,0,0,0,0,0,0,0
2026-05-29T01:15:00Z,fuzz-assertion,0,0,0,0,0,0,FALSE,0,0,0,0,0,0,0
2026-05-29T01:30:00Z,fuzz-assertion,0,0,0,0,0,0,FALSE,0,0,0,0,0,0,0
2026-05-29T01:45:00Z,fuzz-assertion,0,0,0,0,0,0,FALSE,0,0,0,0,0,0,0
2026-05-29T02:00:00Z,fuzz-assertion,0,0,0,0,0,0,FALSE,0,0,0,0,0,0,0
2026-05-29T02:15:00Z,fuzz-assertion,0,0,0,0,0,0,FALSE,0,0,0,0,0,0,0
2026-05-29T02:30:00Z,fuzz-assertion,0,0,0,0,0,0,FALSE,0,0,0,0,0,0,0
2026-05-29T02:45:00Z,fuzz-assertion,0,0,0,0,0,0,FALSE,0,0,0,0,0,0,0
2026-05-29T03:00:00Z,fuzz-assertion,0,0,0,0,0,0,FALSE,0,0,0,0,0,0,0
2026-05-29T03:15:00Z,fuzz-assertion,0,0,0,0,0,0,FALSE,0,0,0,0,0,0,0
2026-05-29T03:30:00Z,fuzz-assertion,0,0,0,0,0,0,FALSE,0,0,0,0,0,0,0
2026-05-29T03:45:00Z,fuzz-assertion,0,0,0,0,0,0,FALSE,0,0,0,0,0,0,0
2026-05-29T04:00:00Z,fuzz-assertion,0,0,0,0,0,0,FALSE,0,0,0,0,0,0,0
2026-05-29T04:15:00Z,fuzz-assertion,0,0,0,0,0,0,FALSE,0,0,0,0,0,0,0
2026-05-29T04:30:00Z,fuzz-assertion,0,0,0,0,0,0,FALSE,0,0,0,0,0,0,0
2026-05-29T04:45:00Z,fuzz-assertion,0,0,0,0,0,0,FALSE,0,0,0,0,0,0,0
2026-05-29T05:00:00Z,fuzz-assertion,0,0,0,0,0,0,FALSE,0,0,0,0,0,0,0
2026-05-29T05:15:00Z,fuzz-assertion,0,0,0,0,0,0,FALSE,0,0,0,0,0,0,0
2026-05-29T05:30:00Z,fuzz-assertion,0,0,0,0,0,0,FALSE,0,0,0,0,0,0,0
2026-05-29T05:45:00Z,fuzz-assertion,0,0,0,0,0,0,FALSE,0,0,0,0,0,0,0
2026-05-29T06:00:00Z,fuzz-assertion,0,0,0,0,0,0,FALSE,0,0,0,0,0,0,0
2026-05-29T06:15:00Z,fuzz-assertion,0,0,0,0,0,0,FALSE,0,0,0,0,0,0,0
2026-05-29T06:30:00Z,fuzz-assertion,0,0,0,0,0,0,FALSE,0,0,0,0,0,0,0
2026-05-29T06:45:00Z,fuzz-assertion,0,0,0,0,0,0,FALSE,0,0,0,0,0,0,0
2026-05-29T07:00:00Z,fuzz-assertion,0,0,0,0,0,0,FALSE,0,0,0,0,0,0,0
2026-05-29T07:15:00Z,fuzz-assertion,0,0,0,0,0,0,FALSE,0,0,0,0,0,0,0
2026-05-29T07:30:00Z,fuzz-assertion,0,0,0,0,0,0,FALSE,0,0,0,0,0,0,0
2026-05-29T07:45:00Z,fuzz-assertion,0,0,0,0,0,0,FALSE,0,0,0,0,0,0,0
2026-05-29T08:00:00Z,fuzz-assertion,0,0,0,0,0,0,FALSE,0,0,0,0,0,0,0
2026-05-29T08:15:00Z,fuzz-assertion,0,0,0,0,0,0,FALSE,0,0,0,0,0,0,0
2026-05-29T08:30:00Z,fuzz-assertion,0,0,0,0,0,0,FALSE,0,0,0,0,0,0,0
2026-05-29T08:45:00Z,fuzz-assertion,0,0,0,0,0,0,FALSE,0,0,0,0,0,0,0
2026-05-16T08:45:00Z,other,0,0,0,0,0,0,FALSE,0,0,0,0,0,0,0
2026-05-16T09:00:00Z,other,0,0,0,0,0,0,FALSE,0,0,0,0,0,0,0
2026-05-16T09:15:00Z,other,0,0,0,0,0,0,FALSE,0,0,0,0,0,0,0
2026-05-16T09:30:00Z,other,0,0,0,0,0,0,FALSE,0,0,0,0,0,0,0
2026-05-16T09:45:00Z,other,0,0,0,0,0,0,FALSE,0,0,0,0,0,0,0
2026-05-16T10:00:00Z,other,0,0,0,0,0,0,FALSE,0,0,0,0,0,0,0
2026-05-16T10:15:00Z,other,0,0,0,0,0,0,FALSE,0,0,0,0,0,0,0
2026-05-16T10:30:00Z,other,0,0,0,0,0,0,FALSE,0,0,0,0,0,0,0
2026-05-16T10:45:00Z,other,0,0,0,0,0,0,FALSE,0,0,0,0,0,0,0
2026-05-16T11:00:00Z,other,0,0,0,0,0,0,FALSE,0,0,0,0,0,0,0
2026-05-16T11:15:00Z,other,0,0,0,0,0,0,FALSE,0,0,0,0,0,0,0
2026-05-16T11:30:00Z,other,0,0,0,0,0,0,FALSE,0,0,0,0,0,0,0
2026-05-16T11:45:00Z,other,0,0,0,0,0,0,FALSE,0,0,0,0,0,0,0
2026-05-16T12:00:00Z,other,0,0,0,0,0,0,FALSE,0,0,0,0,0,0,0
2026-05-16T12:15:00Z,other,0,0,0,0,0,0,FALSE,0,0,0,0,0,0,0
2026-05-16T12:30:00Z,other,0,0,0,0,0,0,FALSE,0,0,0,0,0,0,0
2026-05-16T12:45:00Z,other,0,0,0,0,0,0,FALSE,0,0,0,0,0,0,0
2026-05-16T13:00:00Z,other,0,0,0,0,0,0,FALSE,0,0,0,0,0,0,0
2026-05-16T13:15:00Z,other,0,0,0,0,0,0,FALSE,0,0,0,0,0,0,0
2026-05-16T13:30:00Z,other,0,0,0,0,0,0,FALSE,0,0,0,0,0,0,0
2026-05-16T13:45:00Z,other,0,0,0,0,0,0,FALSE,0,0,0,0,0,0,0
2026-05-16T14:00:00Z,other,0,0,0,0,0,0,FALSE,0,0,0,0,0,0,0
2026-05-16T14:15:00Z,other,0,0,0,0,0,0,FALSE,0,0,0,0,0,0,0
2026-05-16T14:30:00Z,other,0,0,0,0,0,0,FALSE,0,0,0,0,0,0,0
2026-05-16T14:45:00Z,other,0,0,0,0,0,0,FALSE,0,0,0,0,0,0,0
2026-05-16T15:00:00Z,other,0,0,0,0,0,0,FALSE,0,0,0,0,0,0,0
2026-05-16T15:15:00Z,other,0,0,0,0,0,0,FALSE,0,0,0,0,0,0,0
2026-05-16T15:30:00Z,other,0,0,0,0,0,0,FALSE,0,0,0,0,0,0,0
2026-05-16T15:45:00Z,other,0,0,0,0,0,0,FALSE,0,0,0,0,0,0,0
2026-05-16T16:00:00Z,other,0,0,0,0,0,0,FALSE,0,0,0,0,0,0,0
2026-05-16T16:15:00Z,other,0,0,0,0,0,0,FALSE,0,0,0,0,0,0,0
2026-05-16T16:30:00Z,other,0,0,0,0,0,0,FALSE,0,0,0,0,0,0,0
2026-05-16T16:45:00Z,other,0,0,0,0,0,0,FALSE,0,0,0,0,0,0,0
2026-05-16T17:00:00Z,other,0,0,0,0,0,0,FALSE,0,0,0,0,0,0,0
2026-05-16T17:15:00Z,other,0,0,0,0,0,0,FALSE,0,0,0,0,0,0,0
2026-05-16T17:30:00Z,other,0,0,0,0,0,0,FALSE,0,0,0,0,0,0,0
2026-05-16T17:45:00Z,other,0,0,0,0,0,0,FALSE,0,0,0,0,0,0,0
2026-05-16T18:00:00Z,other,0,0,0,0,0,0,FALSE,0,0,0,0,0,0,0
2026-05-16T18:15:00Z,other,0,0,0,0,0,0,FALSE,0,0,0,0,0,0,0
2026-05-16T18:30:00Z,other,0,0,0,0,0,0,FALSE,0,0,0,0,0,0,0
2026-05-16T18:45:00Z,other,0,0,0,0,0,0,FALSE,0,0,0,0,0,0,0
2026-05-16T19:00:00Z,other,0,0,0,0,0,0,FALSE,0,0,0,0,0,0,0
2026-05-16T19:15:00Z,other,0,0,0,0,0,0,FALSE,0,0,0,0,0,0,0
2026-05-16T19:30:00Z,other,0,0,0,0,0,0,FALSE,0,0,0,0,0,0,0
2026-05-16T19:45:00Z,other,0,0,0,0,0,0,FALSE,0,0,0,0,0,0,0
2026-05-16T20:00:00Z,other,0,0,0,0,0,0,FALSE,0,0,0,0,0,0,0
2026-05-16T20:15:00Z,other,0,0,0,0,0,0,FALSE,0,0,0,0,0,0,0
2026-05-16T20:30:00Z,other,0,0,0,0,0,0,FALSE,0,0,0,0,0,0,0
2026-05-16T20:45:00Z,other,0,0,0,0,0,0,FALSE,0,0,0,0,0,0,0
2026-05-16T21:00:00Z,other,0,0,0,0,0,0,FALSE,0,0,0,0,0,0,0
2026-05-16T21:15:00Z,other,0,0,0,0,0,0,FALSE,0,0,0,0,0,0,0
2026-05-16T21:30:00Z,other,0,0,0,0,0,0,FALSE,0,0,0,0,0,0,0
2026-05-16T21:45:00Z,other,0,0,0,0,0,0,FALSE,0,0,0,0,0,0,0
2026-05-16T22:00:00Z,other,0,0,0,0,0,0,FALSE,0,0,0,0,0,0,0
2026-05-16T22:15:00Z,other,0,0,0,0,0,0,FALSE,0,0,0,0,0,0,0
2026-05-16T22:30:00Z,other,0,0,0,0,0,0,FALSE,0,0,0,0,0,0,0
2026-05-16T22:45:00Z,other,0,0,0,0,0,0,FALSE,0,0,0,0,0,0,0
2026-05-16T23:00:00Z,other,0,0,0,0,0,0,FALSE,0,0,0,0,0,0,0
2026-05-16T23:15:00Z,other,0,0,0,0,0,0,FALSE,0,0,0,0,0,0,0
2026-05-16T23:30:00Z,other,0,0,0,0,0,0,FALSE,0,0,0,0,0,0,0
2026-05-16T23:45:00Z,other,0,0,0,0,0,0,FALSE,0,0,0,0,0,0,0
2026-05-17T00:00:00Z,other,0,0,0,0,0,0,FALSE,0,0,0,0,0,0,0
2026-05-17T00:15:00Z,other,0,0,0,0,0,0,FALSE,0,0,0,0,0,0,0
2026-05-17T00:30:00Z,other,0,0,0,0,0,0,FALSE,0,0,0,0,0,0,0
2026-05-17T00:45:00Z,other,0,0,0,0,0,0,FALSE,0,0,0,0,0,0,0
2026-05-17T01:00:00Z,other,0,0,0,0,0,0,FALSE,0,0,0,0,0,0,0
2026-05-17T01:15:00Z,other,0,0,0,0,0,0,FALSE,0,0,0,0,0,0,0
2026-05-17T01:30:00Z,other,0,0,0,0,0,0,FALSE,0,0,0,0,0,0,0
2026-05-17T01:45:00Z,other,0,0,0,0,0,0,FALSE,0,0,0,0,0,0,0
2026-05-17T02:00:00Z,other,0,0,0,0,0,0,FALSE,0,0,0,0,0,0,0
2026-05-17T02:15:00Z,other,0,0,0,0,0,0,FALSE,0,0,0,0,0,0,0
2026-05-17T02:30:00Z,other,0,0,0,0,0,0,FALSE,0,0,0,0,0,0,0
2026-05-17T02:45:00Z,other,0,0,0,0,0,0,FALSE,0,0,0,0,0,0,0
2026-05-17T03:00:00Z,other,0,0,0,0,0,0,FALSE,0,0,0,0,0,0,0
2026-05-17T03:15:00Z,other,0,0,0,0,0,0,FALSE,0,0,0,0,0,0,0
2026-05-17T03:30:00Z,other,0,0,0,0,0,0,FALSE,0,0,0,0,0,0,0
2026-05-17T03:45:00Z,other,0,0,0,0,0,0,FALSE,0,0,0,0,0,0,0
2026-05-17T04:00:00Z,other,0,0,0,0,0,0,FALSE,0,0,0,0,0,0,0
2026-05-17T04:15:00Z,other,0,0,0,0,0,0,FALSE,0,0,0,0,0,0,0
2026-05-17T04:30:00Z,other,0,0,0,0,0,0,FALSE,0,0,0,0,0,0,0
2026-05-17T04:45:00Z,other,0,0,0,0,0,0,FALSE,0,0,0,0,0,0,0
2026-05-17T05:00:00Z,other,0,0,0,0,0,0,FALSE,0,0,0,0,0,0,0
2026-05-17T05:15:00Z,other,0,0,0,0,0,0,FALSE,0,0,0,0,0,0,0
2026-05-17T05:30:00Z,other,0,0,0,0,0,0,FALSE,0,0,0,0,0,0,0
2026-05-17T05:45:00Z,other,0,0,0,0,0,0,FALSE,0,0,0,0,0,0,0
2026-05-17T06:00:00Z,other,0,0,0,0,0,0,FALSE,0,0,0,0,0,0,0
2026-05-17T06:15:00Z,other,0,0,0,0,0,0,FALSE,0,0,0,0,0,0,0
2026-05-17T06:30:00Z,other,0,0,0,0,0,0,FALSE,0,0,0,0,0,0,0
2026-05-17T06:45:00Z,other,0,0,0,0,0,0,FALSE,0,0,0,0,0,0,0
2026-05-17T07:00:00Z,other,0,0,0,0,0,0,FALSE,0,0,0,0,0,0,0
2026-05-17T07:15:00Z,other,0,0,0,0,0,0,FALSE,0,0,0,0,0,0,0
2026-05-17T07:30:00Z,other,0,0,0,0,0,0,FALSE,0,0,0,0,0,0,0
2026-05-17T07:45:00Z,other,0,0,0,0,0,0,FALSE,0,0,0,0,0,0,0
2026-05-17T08:00:00Z,other,0,0,0,0,0,0,FALSE,0,0,0,0,0,0,0
2026-05-17T08:15:00Z,other,0,0,0,0,0,0,FALSE,0,0,0,0,0,0,0
2026-05-17T08:30:00Z,other,0,0,0,0,0,0,FALSE,0,0,0,0,0,0,0
2026-05-17T08:45:00Z,other,0,0,0,0,0,0,FALSE,0,0,0,0,0,0,0
2026-05-17T09:00:00Z,other,0,0,0,0,0,0,FALSE,0,0,0,0,0,0,0
2026-05-17T09:15:00Z,other,0,0,0,0,0,0,FALSE,0,0,0,0,0,0,0
2026-05-17T09:30:00Z,other,0,0,0,0,0,0,FALSE,0,0,0,0,0,0,0
2026-05-17T09:45:00Z,other,0,0,0,0,0,0,FALSE,0,0,0,0,0,0,0
2026-05-17T10:00:00Z,other,0,0,0,0,0,0,FALSE,0,0,0,0,0,0,0
2026-05-17T10:15:00Z,other,0,0,0,0,0,0,FALSE,0,0,0,0,0,0,0
2026-05-17T10:30:00Z,other,0,0,0,0,0,0,FALSE,0,0,0,0,0,0,0
2026-05-17T10:45:00Z,other,0,0,0,0,0,0,FALSE,0,0,0,0,0,0,0
2026-05-17T11:00:00Z,other,0,0,0,0,0,0,FALSE,0,0,0,0,0,0,0
2026-05-17T11:15:00Z,other,0,0,0,0,0,0,FALSE,0,0,0,0,0,0,0
2026-05-17T11:30:00Z,other,0,0,0,0,0,0,FALSE,0,0,0,0,0,0,0
2026-05-17T11:45:00Z,other,0,0,0,0,0,0,FALSE,0,0,0,0,0,0,0
2026-05-17T12:00:00Z,other,0,0,0,0,0,0,FALSE,0,0,0,0,0,0,0
2026-05-17T12:15:00Z,other,0,0,0,0,0,0,FALSE,0,0,0,0,0,0,0
2026-05-17T12:30:00Z,other,0,0,0,0,0,0,FALSE,0,0,0,0,0,0,0
2026-05-17T12:45:00Z,other,0,0,0,0,0,0,FALSE,0,0,0,0,0,0,0
2026-05-17T13:00:00Z,other,0,0,0,0,0,0,FALSE,0,0,0,0,0,0,0
2026-05-17T13:15:00Z,other,0,0,0,0,0,0,FALSE,0,0,0,0,0,0,0
2026-05-17T13:30:00Z,other,0,0,0,0,0,0,FALSE,0,0,0,0,0,0,0
2026-05-17T13:45:00Z,other,0,0,0,0,0,0,FALSE,0,0,0,0,0,0,0
2026-05-17T14:00:00Z,other,0,0,0,0,0,0,FALSE,0,0,0,0,0,0,0
2026-05-17T14:15:00Z,other,0,0,0,0,0,0,FALSE,0,0,0,0,0,0,0
2026-05-17T14:30:00Z,other,0,0,0,0,0,0,FALSE,0,0,0,0,0,0,0
2026-05-17T14:45:00Z,other,0,0,0,0,0,0,FALSE,0,0,0,0,0,0,0
2026-05-17T15:00:00Z,other,0,0,0,0,0,0,FALSE,0,0,0,0,0,0,0
2026-05-17T15:15:00Z,other,0,0,0,0,0,0,FALSE,0,0,0,0,0,0,0
2026-05-17T15:30:00Z,other,0,0,0,0,0,0,FALSE,0,0,0,0,0,0,0
2026-05-17T15:45:00Z,other,0,0,0,0,0,0,FALSE,0,0,0,0,0,0,0
2026-05-17T16:00:00Z,other,0,0,0,0,0,0,FALSE,0,0,0,0,0,0,0
2026-05-17T16:15:00Z,other,0,0,0,0,0,0,FALSE,0,0,0,0,0,0,0
2026-05-17T16:30:00Z,other,0,0,0,0,0,0,FALSE,0,0,0,0,0,0,0
2026-05-17T16:45:00Z,other,0,0,0,0,0,0,FALSE,0,0,0,0,0,0,0
2026-05-17T17:00:00Z,other,0,0,0,0,0,0,FALSE,0,0,0,0,0,0,0
2026-05-17T17:15:00Z,other,0,0,0,0,0,0,FALSE,0,0,0,0,0,0,0
2026-05-17T17:30:00Z,other,0,0,0,0,0,0,FALSE,0,0,0,0,0,0,0
2026-05-17T17:45:00Z,other,0,0,0,0,0,0,FALSE,0,0,0,0,0,0,0
2026-05-17T18:00:00Z,other,0,0,0,0,0,0,FALSE,0,0,0,0,0,0,0
2026-05-17T18:15:00Z,other,0,0,0,0,0,0,FALSE,0,0,0,0,0,0,0
2026-05-17T18:30:00Z,other,0,0,0,0,0,0,FALSE,0,0,0,0,0,0,0
2026-05-17T18:45:00Z,other,0,0,0,0,0,0,FALSE,0,0,0,0,0,0,0
2026-05-17T19:00:00Z,other,0,0,0,0,0,0,FALSE,0,0,0,0,0,0,0
2026-05-17T19:15:00Z,other,0,0,0,0,0,0,FALSE,0,0,0,0,0,0,0
2026-05-17T19:30:00Z,other,0,0,0,0,0,0,FALSE,0,0,0,0,0,0,0
2026-05-17T19:45:00Z,other,0,0,0,0,0,0,FALSE,0,0,0,0,0,0,0
2026-05-17T20:00:00Z,other,0,0,0,0,0,0,FALSE,0,0,0,0,0,0,0
2026-05-17T20:15:00Z,other,0,0,0,0,0,0,FALSE,0,0,0,0,0,0,0
2026-05-17T20:30:00Z,other,0,0,0,0,0,0,FALSE,0,0,0,0,0,0,0
2026-05-17T20:45:00Z,other,0,0,0,0,0,0,FALSE,0,0,0,0,0,0,0
2026-05-17T21:00:00Z,other,0,0,0,0,0,0,FALSE,0,0,0,0,0,0,0
2026-05-17T21:15:00Z,other,0,0,0,0,0,0,FALSE,0,0,0,0,0,0,0
2026-05-17T21:30:00Z,other,0,0,0,0,0,0,FALSE,0,0,0,0,0,0,0
2026-05-17T21:45:00Z,other,0,0,0,0,0,0,FALSE,0,0,0,0,0,0,0
2026-05-17T22:00:00Z,other,0,0,0,0,0,0,FALSE,0,0,0,0,0,0,0
2026-05-17T22:15:00Z,other,0,0,0,0,0,0,FALSE,0,0,0,0,0,0,0
2026-05-17T22:30:00Z,other,0,0,0,0,0,0,FALSE,0,0,0,0,0,0,0
2026-05-17T22:45:00Z,other,0,0,0,0,0,0,FALSE,0,0,0,0,0,0,0
2026-05-17T23:00:00Z,other,0,0,0,0,0,0,FALSE,0,0,0,0,0,0,0
2026-05-17T23:15:00Z,other,0,0,0,0,0,0,FALSE,0,0,0,0,0,0,0
2026-05-17T23:30:00Z,other,0,0,0,0,0,0,FALSE,0,0,0,0,0,0,0
2026-05-17T23:45:00Z,other,0,0,0,0,0,0,FALSE,0,0,0,0,0,0,0
2026-05-18T00:00:00Z,other,0,0,0,0,0,0,FALSE,0,0,0,0,0,0,0
2026-05-18T00:15:00Z,other,0,0,0,0,0,0,FALSE,0,0,0,0,0,0,0
2026-05-18T00:30:00Z,other,0,0,0,0,0,0,FALSE,0,0,0,0,0,0,0
2026-05-18T00:45:00Z,other,0,0,0,0,0,0,FALSE,0,0,0,0,0,0,0
2026-05-18T01:00:00Z,other,0,0,0,0,0,0,FALSE,0,0,0,0,0,0,0
2026-05-18T01:15:00Z,other,0,0,0,0,0,0,FALSE,0,0,0,0,0,0,0
2026-05-18T01:30:00Z,other,0,0,0,0,0,0,FALSE,0,0,0,0,0,0,0
2026-05-18T01:45:00Z,other,0,0,0,0,0,0,FALSE,0,0,0,0,0,0,0
2026-05-18T02:00:00Z,other,0,0,0,0,0,0,FALSE,0,0,0,0,0,0,0
2026-05-18T02:15:00Z,other,0,0,0,0,0,0,FALSE,0,0,0,0,0,0,0
2026-05-18T02:30:00Z,other,0,0,0,0,0,0,FALSE,0,0,0,0,0,0,0
2026-05-18T02:45:00Z,other,0,0,0,0,0,0,FALSE,0,0,0,0,0,0,0
2026-05-18T03:00:00Z,other,0,0,0,0,0,0,FALSE,0,0,0,0,0,0,0
2026-05-18T03:15:00Z,other,0,0,0,0,0,0,FALSE,0,0,0,0,0,0,0
2026-05-18T03:30:00Z,other,0,0,0,0,0,0,FALSE,0,0,0,0,0,0,0
2026-05-18T03:45:00Z,other,0,0,0,0,0,0,FALSE,0,0,0,0,0,0,0
2026-05-18T04:00:00Z,other,0,0,0,0,0,0,FALSE,0,0,0,0,0,0,0
2026-05-18T04:15:00Z,other,0,0,0,0,0,0,FALSE,0,0,0,0,0,0,0
2026-05-18T04:30:00Z,other,0,0,0,0,0,0,FALSE,0,0,0,0,0,0,0
2026-05-18T04:45:00Z,other,0,0,0,0,0,0,FALSE,0,0,0,0,0,0,0
2026-05-18T05:00:00Z,other,0,0,0,0,0,0,FALSE,0,0,0,0,0,0,0
2026-05-18T05:15:00Z,other,0,0,0,0,0,0,FALSE,0,0,0,0,0,0,0
2026-05-18T05:30:00Z,other,0,0,0,0,0,0,FALSE,0,0,0,0,0,0,0
2026-05-18T05:45:00Z,other,0,0,0,0,0,0,FALSE,0,0,0,0,0,0,0
2026-05-18T06:00:00Z,other,0,0,0,0,0,0,FALSE,0,0,0,0,0,0,0
2026-05-18T06:15:00Z,other,0,0,0,0,0,0,FALSE,0,0,0,0,0,0,0
2026-05-18T06:30:00Z,other,0,0,0,0,0,0,FALSE,0,0,0,0,0,0,0
2026-05-18T06:45:00Z,other,0,0,0,0,0,0,FALSE,0,0,0,0,0,0,0
2026-05-18T07:00:00Z,other,0,0,0,0,0,0,FALSE,0,0,0,0,0,0,0
2026-05-18T07:15:00Z,other,0,0,0,0,0,0,FALSE,0,0,0,0,0,0,0
2026-05-18T07:30:00Z,other,0,0,0,0,0,0,FALSE,0,0,0,0,0,0,0
2026-05-18T07:45:00Z,other,0,0,0,0,0,0,FALSE,0,0,0,0,0,0,0
2026-05-18T08:00:00Z,other,0,0,0,0,0,0,FALSE,0,0,0,0,0,0,0
2026-05-18T08:15:00Z,other,0,0,0,0,0,0,FALSE,0,0,0,0,0,0,0
2026-05-18T08:30:00Z,other,0,0,0,0,0,0,FALSE,0,0,0,0,0,0,0
2026-05-18T08:45:00Z,other,0,0,0,0,0,0,FALSE,0,0,0,0,0,0,0
2026-05-18T09:00:00Z,other,0,0,0,0,0,0,FALSE,0,0,0,0,0,0,0
2026-05-18T09:15:00Z,other,0,0,0,0,0,0,FALSE,0,0,0,0,0,0,0
2026-05-18T09:30:00Z,other,0,0,0,0,0,0,FALSE,0,0,0,0,0,0,0
2026-05-18T09:45:00Z,other,0,0,0,0,0,0,FALSE,0,0,0,0,0,0,0
2026-05-18T10:00:00Z,other,0,0,0,0,0,0,FALSE,0,0,0,0,0,0,0
2026-05-18T10:15:00Z,other,0,0,0,0,0,0,FALSE,0,0,0,0,0,0,0
2026-05-18T10:30:00Z,other,0,0,0,0,0,0,FALSE,0,0,0,0,0,0,0
2026-05-18T10:45:00Z,other,0,0,0,0,0,0,FALSE,0,0,0,0,0,0,0
2026-05-18T11:00:00Z,other,0,0,0,0,0,0,FALSE,0,0,0,0,0,0,0
2026-05-18T11:15:00Z,other,0,0,0,0,0,0,FALSE,0,0,0,0,0,0,0
2026-05-18T11:30:00Z,other,0,0,0,0,0,0,FALSE,0,0,0,0,0,0,0
2026-05-18T11:45:00Z,other,0,0,0,0,0,0,FALSE,0,0,0,0,0,0,0
2026-05-18T12:00:00Z,other,0,0,0,0,0,0,FALSE,0,0,0,0,0,0,0
2026-05-18T12:15:00Z,other,0,0,0,0,0,0,FALSE,0,0,0,0,0,0,0
2026-05-18T12:30:00Z,other,0,0,0,0,0,0,FALSE,0,0,0,0,0,0,0
2026-05-18T12:45:00Z,other,0,0,0,0,0,0,FALSE,0,0,0,0,0,0,0
2026-05-18T13:00:00Z,other,0,0,0,0,0,0,FALSE,0,0,0,0,0,0,0
2026-05-18T13:15:00Z,other,0,0,0,0,0,0,FALSE,0,0,0,0,0,0,0
2026-05-18T13:30:00Z,other,0,0,0,0,0,0,FALSE,0,0,0,0,0,0,0
2026-05-18T13:45:00Z,other,0,0,0,0,0,0,FALSE,0,0,0,0,0,0,0
2026-05-18T14:00:00Z,other,0,0,0,0,0,0,FALSE,0,0,0,0,0,0,0
2026-05-18T14:15:00Z,other,0,0,0,0,0,0,FALSE,0,0,0,0,0,0,0
2026-05-18T14:30:00Z,other,0,0,0,0,0,0,FALSE,0,0,0,0,0,0,0
2026-05-18T14:45:00Z,other,0,0,0,0,0,0,FALSE,0,0,0,0,0,0,0
2026-05-18T15:00:00Z,other,0,0,0,0,0,0,FALSE,0,0,0,0,0,0,0
2026-05-18T15:15:00Z,other,0,0,0,0,0,0,FALSE,0,0,0,0,0,0,0
2026-05-18T15:30:00Z,other,0,0,0,0,0,0,FALSE,0,0,0,0,0,0,0
2026-05-18T15:45:00Z,other,0,0,0,0,0,0,FALSE,0,0,0,0,0,0,0
2026-05-18T16:00:00Z,other,0,0,0,0,0,0,FALSE,0,0,0,0,0,0,0
2026-05-18T16:15:00Z,other,0,0,0,0,0,0,FALSE,0,0,0,0,0,0,0
2026-05-18T16:30:00Z,other,0,0,0,0,0,0,FALSE,0,0,0,0,0,0,0
2026-05-18T16:45:00Z,other,0,0,0,0,0,0,FALSE,0,0,0,0,0,0,0
2026-05-18T17:00:00Z,other,0,0,0,0,0,0,FALSE,0,0,0,0,0,0,0
2026-05-18T17:15:00Z,other,0,0,0,0,0,0,FALSE,0,0,0,0,0,0,0
2026-05-18T17:30:00Z,other,0,0,0,0,0,0,FALSE,0,0,0,0,0,0,0
2026-05-18T17:45:00Z,other,0,0,0,0,0,0,FALSE,0,0,0,0,0,0,0
2026-05-18T18:00:00Z,other,0,0,0,0,0,0,FALSE,0,0,0,0,0,0,0
2026-05-18T18:15:00Z,other,0,0,0,0,0,0,FALSE,0,0,0,0,0,0,0
2026-05-18T18:30:00Z,other,0,0,0,0,0,0,FALSE,0,0,0,0,0,0,0
2026-05-18T18:45:00Z,other,0,0,0,0,0,0,FALSE,0,0,0,0,0,0,0
2026-05-18T19:00:00Z,other,0,0,0,0,0,0,FALSE,0,0,0,0,0,0,0
2026-05-18T19:15:00Z,other,0,0,0,0,0,0,FALSE,0,0,0,0,0,0,0
2026-05-18T19:30:00Z,other,0,0,0,0,0,0,FALSE,0,0,0,0,0,0,0
2026-05-18T19:45:00Z,other,0,0,0,0,0,0,FALSE,0,0,0,0,0,0,0
2026-05-18T20:00:00Z,other,0,0,0,0,0,0,FALSE,0,0,0,0,0,0,0
2026-05-18T20:15:00Z,other,0,0,0,0,0,0,FALSE,0,0,0,0,0,0,0
2026-05-18T20:30:00Z,other,0,0,0,0,0,0,FALSE,0,0,0,0,0,0,0
2026-05-18T20:45:00Z,other,0,0,0,0,0,0,FALSE,0,0,0,0,0,0,0
2026-05-18T21:00:00Z,other,0,0,0,0,0,0,FALSE,0,0,0,0,0,0,0
2026-05-18T21:15:00Z,other,0,0,0,0,0,0,FALSE,0,0,0,0,0,0,0
2026-05-18T21:30:00Z,other,0,0,0,0,0,0,FALSE,0,0,0,0,0,0,0
2026-05-18T21:45:00Z,other,0,0,0,0,0,0,FALSE,0,0,0,0,0,0,0
2026-05-18T22:00:00Z,other,0,0,0,0,0,0,FALSE,0,0,0,0,0,0,0
2026-05-18T22:15:00Z,other,0,0,0,0,0,0,FALSE,0,0,0,0,0,0,0
2026-05-18T22:30:00Z,other,0,0,0,0,0,0,FALSE,0,0,0,0,0,0,0
2026-05-18T22:45:00Z,other,0,0,0,0,0,0,FALSE,0,0,0,0,0,0,0
2026-05-18T23:00:00Z,other,0,0,0,0,0,0,FALSE,0,0,0,0,0,0,0
2026-05-18T23:15:00Z,other,0,0,0,0,0,0,FALSE,0,0,0,0,0,0,0
2026-05-18T23:30:00Z,other,0,0,0,0,0,0,FALSE,0,0,0,0,0,0,0
2026-05-18T23:45:00Z,other,0,0,0,0,0,0,FALSE,0,0,0,0,0,0,0
2026-05-19T00:00:00Z,other,0,0,0,0,0,0,FALSE,0,0,0,0,0,0,0
2026-05-19T00:15:00Z,other,0,0,0,0,0,0,FALSE,0,0,0,0,0,0,0
2026-05-19T00:30:00Z,other,0,0,0,0,0,0,FALSE,0,0,0,0,0,0,0
2026-05-19T00:45:00Z,other,0,0,0,0,0,0,FALSE,0,0,0,0,0,0,0
2026-05-19T01:00:00Z,other,0,0,0,0,0,0,FALSE,0,0,0,0,0,0,0
2026-05-19T01:15:00Z,other,0,0,0,0,0,0,FALSE,0,0,0,0,0,0,0
2026-05-19T01:30:00Z,other,0,0,0,0,0,0,FALSE,0,0,0,0,0,0,0
2026-05-19T01:45:00Z,other,0,0,0,0,0,0,FALSE,0,0,0,0,0,0,0
2026-05-19T02:00:00Z,other,0,0,0,0,0,0,FALSE,0,0,0,0,0,0,0
2026-05-19T02:15:00Z,other,0,0,0,0,0,0,FALSE,0,0,0,0,0,0,0
2026-05-19T02:30:00Z,other,0,0,0,0,0,0,FALSE,0,0,0,0,0,0,0
2026-05-19T02:45:00Z,other,0,0,0,0,0,0,FALSE,0,0,0,0,0,0,0
2026-05-19T03:00:00Z,other,0,0,0,0,0,0,FALSE,0,0,0,0,0,0,0
2026-05-19T03:15:00Z,other,0,0,0,0,0,0,FALSE,0,0,0,0,0,0,0
2026-05-19T03:30:00Z,other,0,0,0,0,0,0,FALSE,0,0,0,0,0,0,0
2026-05-19T03:45:00Z,other,0,0,0,0,0,0,FALSE,0,0,0,0,0,0,0
2026-05-19T04:00:00Z,other,0,0,0,0,0,0,FALSE,0,0,0,0,0,0,0
2026-05-19T04:15:00Z,other,0,0,0,0,0,0,FALSE,0,0,0,0,0,0,0
2026-05-19T04:30:00Z,other,0,0,0,0,0,0,FALSE,0,0,0,0,0,0,0
2026-05-19T04:45:00Z,other,0,0,0,0,0,0,FALSE,0,0,0,0,0,0,0
2026-05-19T05:00:00Z,other,0,0,0,0,0,0,FALSE,0,0,0,0,0,0,0
2026-05-19T05:15:00Z,other,0,0,0,0,0,0,FALSE,0,0,0,0,0,0,0
2026-05-19T05:30:00Z,other,0,0,0,0,0,0,FALSE,0,0,0,0,0,0,0
2026-05-19T05:45:00Z,other,0,0,0,0,0,0,FALSE,0,0,0,0,0,0,0
2026-05-19T06:00:00Z,other,0,0,0,0,0,0,FALSE,0,0,0,0,0,0,0
2026-05-19T06:15:00Z,other,0,0,0,0,0,0,FALSE,0,0,0,0,0,0,0
2026-05-19T06:30:00Z,other,0,0,0,0,0,0,FALSE,0,0,0,0,0,0,0
2026-05-19T06:45:00Z,other,0,0,0,0,0,0,FALSE,0,0,0,0,0,0,0
2026-05-19T07:00:00Z,other,0,0,0,0,0,0,FALSE,0,0,0,0,0,0,0
2026-05-19T07:15:00Z,other,0,0,0,0,0,0,FALSE,0,0,0,0,0,0,0
2026-05-19T07:30:00Z,other,0,0,0,0,0,0,FALSE,0,0,0,0,0,0,0
2026-05-19T07:45:00Z,other,0,0,0,0,0,0,FALSE,0,0,0,0,0,0,0
2026-05-19T08:00:00Z,other,0,0,0,0,0,0,FALSE,0,0,0,0,0,0,0
2026-05-19T08:15:00Z,other,0,0,0,0,0,0,FALSE,0,0,0,0,0,0,0
2026-05-19T08:30:00Z,other,0,0,0,0,0,0,FALSE,0,0,0,0,0,0,0
2026-05-19T08:45:00Z,other,0,0,0,0,0,0,FALSE,0,0,0,0,0,0,0
2026-05-19T09:00:00Z,other,0,0,0,0,0,0,FALSE,0,0,0,0,0,0,0
2026-05-19T09:15:00Z,other,0,0,0,0,0,0,FALSE,0,0,0,0,0,0,0
2026-05-19T09:30:00Z,other,0,0,0,0,0,0,FALSE,0,0,0,0,0,0,0
2026-05-19T09:45:00Z,other,0,0,0,0,0,0,FALSE,0,0,0,0,0,0,0
2026-05-19T10:00:00Z,other,0,0,0,0,0,0,FALSE,0,0,0,0,0,0,0
2026-05-19T10:15:00Z,other,0,0,0,0,0,0,FALSE,0,0,0,0,0,0,0
2026-05-19T10:30:00Z,other,0,0,0,0,0,0,FALSE,0,0,0,0,0,0,0
2026-05-19T10:45:00Z,other,0,0,0,0,0,0,FALSE,0,0,0,0,0,0,0
2026-05-19T11:00:00Z,other,0,0,0,0,0,0,FALSE,0,0,0,0,0,0,0
2026-05-19T11:15:00Z,other,0,0,0,0,0,0,FALSE,0,0,0,0,0,0,0
2026-05-19T11:30:00Z,other,0,0,0,0,0,0,FALSE,0,0,0,0,0,0,0
2026-05-19T11:45:00Z,other,0,0,0,0,0,0,FALSE,0,0,0,0,0,0,0
2026-05-19T12:00:00Z,other,0,0,0,0,0,0,FALSE,0,0,0,0,0,0,0
2026-05-19T12:15:00Z,other,0,0,0,0,0,0,FALSE,0,0,0,0,0,0,0
2026-05-19T12:30:00Z,other,0,0,0,0,0,0,FALSE,0,0,0,0,0,0,0
2026-05-19T12:45:00Z,other,0,0,0,0,0,0,FALSE,0,0,0,0,0,0,0
2026-05-19T13:00:00Z,other,0,0,0,0,0,0,FALSE,0,0,0,0,0,0,0
2026-05-19T13:15:00Z,other,0,0,0,0,0,0,FALSE,0,0,0,0,0,0,0
2026-05-19T13:30:00Z,other,0,0,0,0,0,0,FALSE,0,0,0,0,0,0,0
2026-05-19T13:45:00Z,other,0,0,0,0,0,0,FALSE,0,0,0,0,0,0,0
2026-05-19T14:00:00Z,other,0,0,0,0,0,0,FALSE,0,0,0,0,0,0,0
2026-05-19T14:15:00Z,other,0,0,0,0,0,0,FALSE,0,0,0,0,0,0,0
2026-05-19T14:30:00Z,other,0,0,0,0,0,0,FALSE,0,0,0,0,0,0,0
2026-05-19T14:45:00Z,other,0,0,0,0,0,0,FALSE,0,0,0,0,0,0,0
2026-05-19T15:00:00Z,other,0,0,0,0,0,0,FALSE,0,0,0,0,0,0,0
2026-05-19T15:15:00Z,other,0,0,0,0,0,0,FALSE,0,0,0,0,0,0,0
2026-05-19T15:30:00Z,other,0,0,0,0,0,0,FALSE,0,0,0,0,0,0,0
2026-05-19T15:45:00Z,other,0,0,0,0,0,0,FALSE,0,0,0,0,0,0,0
2026-05-19T16:00:00Z,other,0,0,0,0,0,0,FALSE,0,0,0,0,0,0,0
2026-05-19T16:15:00Z,other,0,0,0,0,0,0,FALSE,0,0,0,0,0,0,0
2026-05-19T16:30:00Z,other,0,0,0,0,0,0,FALSE,0,0,0,0,0,0,0
2026-05-19T16:45:00Z,other,0,0,0,0,0,0,FALSE,0,0,0,0,0,0,0
2026-05-19T17:00:00Z,other,0,0,0,0,0,0,FALSE,0,0,0,0,0,0,0
2026-05-19T17:15:00Z,other,0,0,0,0,0,0,FALSE,0,0,0,0,0,0,0
2026-05-19T17:30:00Z,other,0,0,0,0,0,0,FALSE,0,0,0,0,0,0,0
2026-05-19T17:45:00Z,other,0,0,0,0,0,0,FALSE,0,0,0,0,0,0,0
2026-05-19T18:00:00Z,other,0,0,0,0,0,0,FALSE,0,0,0,0,0,0,0
2026-05-19T18:15:00Z,other,0,0,0,0,0,0,FALSE,0,0,0,0,0,0,0
2026-05-19T18:30:00Z,other,0,0,0,0,0,0,FALSE,0,0,0,0,0,0,0
2026-05-19T18:45:00Z,other,0,0,0,0,0,0,FALSE,0,0,0,0,0,0,0
2026-05-19T19:00:00Z,other,0,0,0,0,0,0,FALSE,0,0,0,0,0,0,0
2026-05-19T19:15:00Z,other,0,0,0,0,0,0,FALSE,0,0,0,0,0,0,0
2026-05-19T19:30:00Z,other,0,0,0,0,0,0,FALSE,0,0,0,0,0,0,0
2026-05-19T19:45:00Z,other,0,0,0,0,0,0,FALSE,0,0,0,0,0,0,0
2026-05-19T20:00:00Z,other,0,0,0,0,0,0,FALSE,0,0,0,0,0,0,0
2026-05-19T20:15:00Z,other,0,0,0,0,0,0,FALSE,0,0,0,0,0,0,0
2026-05-19T20:30:00Z,other,0,0,0,0,0,0,FALSE,0,0,0,0,0,0,0
2026-05-19T20:45:00Z,other,0,0,0,0,0,0,FALSE,0,0,0,0,0,0,0
2026-05-19T21:00:00Z,other,0,0,0,0,0,0,FALSE,0,0,0,0,0,0,0
2026-05-19T21:15:00Z,other,0,0,0,0,0,0,FALSE,0,0,0,0,0,0,0
2026-05-19T21:30:00Z,other,0,0,0,0,0,0,FALSE,0,0,0,0,0,0,0
2026-05-19T21:45:00Z,other,0,0,0,0,0,0,FALSE,0,0,0,0,0,0,0
2026-05-19T22:00:00Z,other,0,0,0,0,0,0,FALSE,0,0,0,0,0,0,0
2026-05-19T22:15:00Z,other,0,0,0,0,0,0,FALSE,0,0,0,0,0,0,0
2026-05-19T22:30:00Z,other,0,0,0,0,0,0,FALSE,0,0,0,0,0,0,0
2026-05-19T22:45:00Z,other,0,0,0,0,0,0,FALSE,0,0,0,0,0,0,0
2026-05-19T23:00:00Z,other,0,0,0,0,0,0,FALSE,0,0,0,0,0,0,0
2026-05-19T23:15:00Z,other,0,0,0,0,0,0,FALSE,0,0,0,0,0,0,0
2026-05-19T23:30:00Z,other,0,0,0,0,0,0,FALSE,0,0,0,0,0,0,0
2026-05-19T23:45:00Z,other,0,0,0,0,0,0,FALSE,0,0,0,0,0,0,0
2026-05-20T00:00:00Z,other,0,0,0,0,0,0,FALSE,0,0,0,0,0,0,0
2026-05-20T00:15:00Z,other,0,0,0,0,0,0,FALSE,0,0,0,0,0,0,0
2026-05-20T00:30:00Z,other,0,0,0,0,0,0,FALSE,0,0,0,0,0,0,0
2026-05-20T00:45:00Z,other,0,0,0,0,0,0,FALSE,0,0,0,0,0,0,0
2026-05-20T01:00:00Z,other,0,0,0,0,0,0,FALSE,0,0,0,0,0,0,0
2026-05-20T01:15:00Z,other,0,0,0,0,0,0,FALSE,0,0,0,0,0,0,0
2026-05-20T01:30:00Z,other,0,0,0,0,0,0,FALSE,0,0,0,0,0,0,0
2026-05-20T01:45:00Z,other,0,0,0,0,0,0,FALSE,0,0,0,0,0,0,0
2026-05-20T02:00:00Z,other,0,0,0,0,0,0,FALSE,0,0,0,0,0,0,0
2026-05-20T02:15:00Z,other,0,0,0,0,0,0,FALSE,0,0,0,0,0,0,0
2026-05-20T02:30:00Z,other,0,0,0,0,0,0,FALSE,0,0,0,0,0,0,0
2026-05-20T02:45:00Z,other,0,0,0,0,0,0,FALSE,0,0,0,0,0,0,0
2026-05-20T03:00:00Z,other,0,0,0,0,0,0,FALSE,0,0,0,0,0,0,0
2026-05-20T03:15:00Z,other,0,0,0,0,0,0,FALSE,0,0,0,0,0,0,0
2026-05-20T03:30:00Z,other,0,0,0,0,0,0,FALSE,0,0,0,0,0,0,0
2026-05-20T03:45:00Z,other,0,0,0,0,0,0,FALSE,0,0,0,0,0,0,0
2026-05-20T04:00:00Z,other,0,0,0,0,0,0,FALSE,0,0,0,0,0,0,0
2026-05-20T04:15:00Z,other,0,0,0,0,0,0,FALSE,0,0,0,0,0,0,0
2026-05-20T04:30:00Z,other,0,0,0,0,0,0,FALSE,0,0,0,0,0,0,0
2026-05-20T04:45:00Z,other,0,0,0,0,0,0,FALSE,0,0,0,0,0,0,0
2026-05-20T05:00:00Z,other,0,0,0,0,0,0,FALSE,0,0,0,0,0,0,0
2026-05-20T05:15:00Z,other,0,0,0,0,0,0,FALSE,0,0,0,0,0,0,0
2026-05-20T05:30:00Z,other,0,0,0,0,0,0,FALSE,0,0,0,0,0,0,0
2026-05-20T05:45:00Z,other,0,0,0,0,0,0,FALSE,0,0,0,0,0,0,0
2026-05-20T06:00:00Z,other,0,0,0,0,0,0,FALSE,0,0,0,0,0,0,0
2026-05-20T06:15:00Z,other,0,0,0,0,0,0,FALSE,0,0,0,0,0,0,0
2026-05-20T06:30:00Z,other,0,0,0,0,0,0,FALSE,0,0,0,0,0,0,0
2026-05-20T06:45:00Z,other,0,0,0,0,0,0,FALSE,0,0,0,0,0,0,0
2026-05-20T07:00:00Z,other,0,0,0,0,0,0,FALSE,0,0,0,0,0,0,0
2026-05-20T07:15:00Z,other,0,0,0,0,0,0,FALSE,0,0,0,0,0,0,0
2026-05-20T07:30:00Z,other,0,0,0,0,0,0,FALSE,0,0,0,0,0,0,0
2026-05-20T07:45:00Z,other,0,0,0,0,0,0,FALSE,0,0,0,0,0,0,0
2026-05-20T08:00:00Z,other,0,0,0,0,0,0,FALSE,0,0,0,0,0,0,0
2026-05-20T08:15:00Z,other,0,0,0,0,0,0,FALSE,0,0,0,0,0,0,0
2026-05-20T08:30:00Z,other,0,0,0,0,0,0,FALSE,0,0,0,0,0,0,0
2026-05-20T08:45:00Z,other,0,0,0,0,0,0,FALSE,0,0,0,0,0,0,0
2026-05-20T09:00:00Z,other,0,0,0,0,0,0,FALSE,0,0,0,0,0,0,0
2026-05-20T09:15:00Z,other,0,0,0,0,0,0,FALSE,0,0,0,0,0,0,0
2026-05-20T09:30:00Z,other,0,0,0,0,0,0,FALSE,0,0,0,0,0,0,0
2026-05-20T09:45:00Z,other,0,0,0,0,0,0,FALSE,0,0,0,0,0,0,0
2026-05-20T10:00:00Z,other,0,0,0,0,0,0,FALSE,0,0,0,0,0,0,0
2026-05-20T10:15:00Z,other,0,0,0,0,0,0,FALSE,0,0,0,0,0,0,0
2026-05-20T10:30:00Z,other,0,0,0,0,0,0,FALSE,0,0,0,0,0,0,0
2026-05-20T10:45:00Z,other,0,0,0,0,0,0,FALSE,0,0,0,0,0,0,0
2026-05-20T11:00:00Z,other,0,0,0,0,0,0,FALSE,0,0,0,0,0,0,0
2026-05-20T11:15:00Z,other,0,0,0,0,0,0,FALSE,0,0,0,0,0,0,0
2026-05-20T11:30:00Z,other,0,0,0,0,0,0,FALSE,0,0,0,0,0,0,0
2026-05-20T11:45:00Z,other,0,0,0,0,0,0,FALSE,0,0,0,0,0,0,0
2026-05-20T12:00:00Z,other,0,0,0,0,0,0,FALSE,0,0,0,0,0,0,0
2026-05-20T12:15:00Z,other,0,0,0,0,0,0,FALSE,0,0,0,0,0,0,0
2026-05-20T12:30:00Z,other,0,0,0,0,0,0,FALSE,0,0,0,0,0,0,0
2026-05-20T12:45:00Z,other,0,0,0,0,0,0,FALSE,0,0,0,0,0,0,0
2026-05-20T13:00:00Z,other,0,0,0,0,0,0,FALSE,0,0,0,0,0,0,0
2026-05-20T13:15:00Z,other,0,0,0,0,0,0,FALSE,0,0,0,0,0,0,0
2026-05-20T13:30:00Z,other,0,0,0,0,0,0,FALSE,0,0,0,0,0,0,0
2026-05-20T13:45:00Z,other,0,0,0,0,0,0,FALSE,0,0,0,0,0,0,0
2026-05-20T14:00:00Z,other,0,0,0,0,0,0,FALSE,0,0,0,0,0,0,0
2026-05-20T14:15:00Z,other,0,0,0,0,0,0,FALSE,0,0,0,0,0,0,0
2026-05-20T14:30:00Z,other,0,0,0,0,0,0,FALSE,0,0,0,0,0,0,0
2026-05-20T14:45:00Z,other,0,0,0,0,0,0,FALSE,0,0,0,0,0,0,0
2026-05-20T15:00:00Z,other,0,0,0,0,0,0,FALSE,0,0,0,0,0,0,0
2026-05-20T15:15:00Z,other,0,0,0,0,0,0,FALSE,0,0,0,0,0,0,0
2026-05-20T15:30:00Z,other,0,0,0,0,0,0,FALSE,0,0,0,0,0,0,0
2026-05-20T15:45:00Z,other,0,0,0,0,0,0,FALSE,0,0,0,0,0,0,0
2026-05-20T16:00:00Z,other,0,0,0,0,0,0,FALSE,0,0,0,0,0,0,0
2026-05-20T16:15:00Z,other,0,0,0,0,0,0,FALSE,0,0,0,0,0,0,0
2026-05-20T16:30:00Z,other,0,0,0,0,0,0,FALSE,0,0,0,0,0,0,0
2026-05-20T16:45:00Z,other,0,0,0,0,0,0,FALSE,0,0,0,0,0,0,0
2026-05-20T17:00:00Z,other,0,0,0,0,0,0,FALSE,0,0,0,0,0,0,0
2026-05-20T17:15:00Z,other,0,0,0,0,0,0,FALSE,0,0,0,0,0,0,0
2026-05-20T17:30:00Z,other,0,0,0,0,0,0,FALSE,0,0,0,0,0,0,0
2026-05-20T17:45:00Z,other,0,0,0,0,0,0,FALSE,0,0,0,0,0,0,0
2026-05-20T18:00:00Z,other,0,0,0,0,0,0,FALSE,0,0,0,0,0,0,0
2026-05-20T18:15:00Z,other,0,0,0,0,0,0,FALSE,0,0,0,0,0,0,0
2026-05-20T18:30:00Z,other,0,0,0,0,0,0,FALSE,0,0,0,0,0,0,0
2026-05-20T18:45:00Z,other,0,0,0,0,0,0,FALSE,0,0,0,0,0,0,0
2026-05-20T19:00:00Z,other,0,0,0,0,0,0,FALSE,0,0,0,0,0,0,0
2026-05-20T19:15:00Z,other,0,0,0,0,0,0,FALSE,0,0,0,0,0,0,0
2026-05-20T19:30:00Z,other,0,0,0,0,0,0,FALSE,0,0,0,0,0,0,0
2026-05-20T19:45:00Z,other,0,0,0,0,0,0,FALSE,0,0,0,0,0,0,0
2026-05-20T20:00:00Z,other,0,0,0,0,0,0,FALSE,0,0,0,0,0,0,0
2026-05-20T20:15:00Z,other,0,0,0,0,0,0,FALSE,0,0,0,0,0,0,0
2026-05-20T20:30:00Z,other,0,0,0,0,0,0,FALSE,0,0,0,0,0,0,0
2026-05-20T20:45:00Z,other,0,0,0,0,0,0,FALSE,0,0,0,0,0,0,0
2026-05-20T21:00:00Z,other,0,0,0,0,0,0,FALSE,0,0,0,0,0,0,0
2026-05-20T21:15:00Z,other,0,0,0,0,0,0,FALSE,0,0,0,0,0,0,0
2026-05-20T21:30:00Z,other,0,0,0,0,0,0,FALSE,0,0,0,0,0,0,0
2026-05-20T21:45:00Z,other,0,0,0,0,0,0,FALSE,0,0,0,0,0,0,0
2026-05-20T22:00:00Z,other,0,0,0,0,0,0,FALSE,0,0,0,0,0,0,0
2026-05-20T22:15:00Z,other,0,0,0,0,0,0,FALSE,0,0,0,0,0,0,0
2026-05-20T22:30:00Z,other,0,0,0,0,0,0,FALSE,0,0,0,0,0,0,0
2026-05-20T22:45:00Z,other,0,0,0,0,0,0,FALSE,0,0,0,0,0,0,0
2026-05-20T23:00:00Z,other,0,0,0,0,0,0,FALSE,0,0,0,0,0,0,0
2026-05-20T23:15:00Z,other,0,0,0,0,0,0,FALSE,0,0,0,0,0,0,0
2026-05-20T23:30:00Z,other,0,0,0,0,0,0,FALSE,0,0,0,0,0,0,0
2026-05-20T23:45:00Z,other,0,0,0,0,0,0,FALSE,0,0,0,0,0,0,0
2026-05-21T00:00:00Z,other,0,0,0,0,0,0,FALSE,0,0,0,0,0,0,0
2026-05-21T00:15:00Z,other,0,0,0,0,0,0,FALSE,0,0,0,0,0,0,0
2026-05-21T00:30:00Z,other,0,0,0,0,0,0,FALSE,0,0,0,0,0,0,0
2026-05-21T00:45:00Z,other,0,0,0,0,0,0,FALSE,0,0,0,0,0,0,0
2026-05-21T01:00:00Z,other,0,0,0,0,0,0,FALSE,0,0,0,0,0,0,0
2026-05-21T01:15:00Z,other,0,0,0,0,0,0,FALSE,0,0,0,0,0,0,0
2026-05-21T01:30:00Z,other,0,0,0,0,0,0,FALSE,0,0,0,0,0,0,0
2026-05-21T01:45:00Z,other,0,0,0,0,0,0,FALSE,0,0,0,0,0,0,0
2026-05-21T02:00:00Z,other,0,0,0,0,0,0,FALSE,0,0,0,0,0,0,0
2026-05-21T02:15:00Z,other,0,0,0,0,0,0,FALSE,0,0,0,0,0,0,0
2026-05-21T02:30:00Z,other,0,0,0,0,0,0,FALSE,0,0,0,0,0,0,0
2026-05-21T02:45:00Z,other,0,0,0,0,0,0,FALSE,0,0,0,0,0,0,0
2026-05-21T03:00:00Z,other,0,0,0,0,0,0,FALSE,0,0,0,0,0,0,0
2026-05-21T03:15:00Z,other,0,0,0,0,0,0,FALSE,0,0,0,0,0,0,0
2026-05-21T03:30:00Z,other,0,0,0,0,0,0,FALSE,0,0,0,0,0,0,0
2026-05-21T03:45:00Z,other,0,0,0,0,0,0,FALSE,0,0,0,0,0,0,0
2026-05-21T04:00:00Z,other,0,0,0,0,0,0,FALSE,0,0,0,0,0,0,0
2026-05-21T04:15:00Z,other,0,0,0,0,0,0,FALSE,0,0,0,0,0,0,0
2026-05-21T04:30:00Z,other,0,0,0,0,0,0,FALSE,0,0,0,0,0,0,0
2026-05-21T04:45:00Z,other,0,0,0,0,0,0,FALSE,0,0,0,0,0,0,0
2026-05-21T05:00:00Z,other,0,0,0,0,0,0,FALSE,0,0,0,0,0,0,0
2026-05-21T05:15:00Z,other,0,0,0,0,0,0,FALSE,0,0,0,0,0,0,0
2026-05-21T05:30:00Z,other,0,0,0,0,0,0,FALSE,0,0,0,0,0,0,0
2026-05-21T05:45:00Z,other,0,0,0,0,0,0,FALSE,0,0,0,0,0,0,0
2026-05-21T06:00:00Z,other,0,0,0,0,0,0,FALSE,0,0,0,0,0,0,0
2026-05-21T06:15:00Z,other,0,0,0,0,0,0,FALSE,0,0,0,0,0,0,0
2026-05-21T06:30:00Z,other,0,0,0,0,0,0,FALSE,0,0,0,0,0,0,0
2026-05-21T06:45:00Z,other,0,0,0,0,0,0,FALSE,0,0,0,0,0,0,0
2026-05-21T07:00:00Z,other,0,0,0,0,0,0,FALSE,0,0,0,0,0,0,0
2026-05-21T07:15:00Z,other,0,0,0,0,0,0,FALSE,0,0,0,0,0,0,0
2026-05-21T07:30:00Z,other,0,0,0,0,0,0,FALSE,0,0,0,0,0,0,0
2026-05-21T07:45:00Z,other,0,0,0,0,0,0,FALSE,0,0,0,0,0,0,0
2026-05-21T08:00:00Z,other,0,0,0,0,0,0,FALSE,0,0,0,0,0,0,0
2026-05-21T08:15:00Z,other,0,0,0,0,0,0,FALSE,0,0,0,0,0,0,0
2026-05-21T08:30:00Z,other,0,0,0,0,0,0,FALSE,0,0,0,0,0,0,0
2026-05-21T08:45:00Z,other,0,0,0,0,0,0,FALSE,0,0,0,0,0,0,0
2026-05-21T09:00:00Z,other,0,0,0,0,0,0,FALSE,0,0,0,0,0,0,0
2026-05-21T09:15:00Z,other,0,0,0,0,0,0,FALSE,0,0,0,0,0,0,0
2026-05-21T09:30:00Z,other,0,0,0,0,0,0,FALSE,0,0,0,0,0,0,0
2026-05-21T09:45:00Z,other,0,0,0,0,0,0,FALSE,0,0,0,0,0,0,0
2026-05-21T10:00:00Z,other,0,0,0,0,0,0,FALSE,0,0,0,0,0,0,0
2026-05-21T10:15:00Z,other,0,0,0,0,0,0,FALSE,0,0,0,0,0,0,0
2026-05-21T10:30:00Z,other,0,0,0,0,0,0,FALSE,0,0,0,0,0,0,0
2026-05-21T10:45:00Z,other,0,0,0,0,0,0,FALSE,0,0,0,0,0,0,0
2026-05-21T11:00:00Z,other,0,0,0,0,0,0,FALSE,0,0,0,0,0,0,0
2026-05-21T11:15:00Z,other,0,0,0,0,0,0,FALSE,0,0,0,0,0,0,0
2026-05-21T11:30:00Z,other,0,0,0,0,0,0,FALSE,0,0,0,0,0,0,0
2026-05-21T11:45:00Z,other,0,0,0,0,0,0,FALSE,0,0,0,0,0,0,0
2026-05-21T12:00:00Z,other,0,0,0,0,0,0,FALSE,0,0,0,0,0,0,0
2026-05-21T12:15:00Z,other,0,0,0,0,0,0,FALSE,0,0,0,0,0,0,0
2026-05-21T12:30:00Z,other,0,0,0,0,0,0,FALSE,0,0,0,0,0,0,0
2026-05-21T12:45:00Z,other,0,0,0,0,0,0,FALSE,0,0,0,0,0,0,0
2026-05-21T13:00:00Z,other,0,0,0,0,0,0,FALSE,0,0,0,0,0,0,0
2026-05-21T13:15:00Z,other,0,0,0,0,0,0,FALSE,0,0,0,0,0,0,0
2026-05-21T13:30:00Z,other,0,0,0,0,0,0,FALSE,0,0,0,0,0,0,0
2026-05-21T13:45:00Z,other,0,0,0,0,0,0,FALSE,0,0,0,0,0,0,0
2026-05-21T14:00:00Z,other,0,0,0,0,0,0,FALSE,0,0,0,0,0,0,0
2026-05-21T14:15:00Z,other,0,0,0,0,0,0,FALSE,0,0,0,0,0,0,0
2026-05-21T14:30:00Z,other,0,0,0,0,0,0,FALSE,0,0,0,0,0,0,0
2026-05-21T14:45:00Z,other,0,0,0,0,0,0,FALSE,0,0,0,0,0,0,0
2026-05-21T15:00:00Z,other,0,0,0,0,0,0,FALSE,0,0,0,0,0,0,0
2026-05-21T15:15:00Z,other,0,0,0,0,0,0,FALSE,0,0,0,0,0,0,0
2026-05-21T15:30:00Z,other,0,0,0,0,0,0,FALSE,0,0,0,0,0,0,0
2026-05-21T15:45:00Z,other,0,0,0,0,0,0,FALSE,0,0,0,0,0,0,0
2026-05-21T16:00:00Z,other,0,0,0,0,0,0,FALSE,0,0,0,0,0,0,0
2026-05-21T16:15:00Z,other,0,0,0,0,0,0,FALSE,0,0,0,0,0,0,0
2026-05-21T16:30:00Z,other,0,0,0,0,0,0,FALSE,0,0,0,0,0,0,0
2026-05-21T16:45:00Z,other,0,0,0,0,0,0,FALSE,0,0,0,0,0,0,0
2026-05-21T17:00:00Z,other,0,0,0,0,0,0,FALSE,0,0,0,0,0,0,0
2026-05-21T17:15:00Z,other,0,0,0,0,0,0,FALSE,0,0,0,0,0,0,0
2026-05-21T17:30:00Z,other,0,0,0,0,0,0,FALSE,0,0,0,0,0,0,0
2026-05-21T17:45:00Z,other,0,0,0,0,0,0,FALSE,0,0,0,0,0,0,0
2026-05-21T18:00:00Z,other,0,0,0,0,0,0,FALSE,0,0,0,0,0,0,0
2026-05-21T18:15:00Z,other,0,0,0,0,0,0,FALSE,0,0,0,0,0,0,0
2026-05-21T18:30:00Z,other,0,0,0,0,0,0,FALSE,0,0,0,0,0,0,0
2026-05-21T18:45:00Z,other,0,0,0,0,0,0,FALSE,0,0,0,0,0,0,0
2026-05-21T19:00:00Z,other,0,0,0,0,0,0,FALSE,0,0,0,0,0,0,0
2026-05-21T19:15:00Z,other,0,0,0,0,0,0,FALSE,0,0,0,0,0,0,0
2026-05-21T19:30:00Z,other,0,0,0,0,0,0,FALSE,0,0,0,0,0,0,0
2026-05-21T19:45:00Z,other,0,0,0,0,0,0,FALSE,0,0,0,0,0,0,0
2026-05-21T20:00:00Z,other,0,0,0,0,0,0,FALSE,0,0,0,0,0,0,0
2026-05-21T20:15:00Z,other,0,0,0,0,0,0,FALSE,0,0,0,0,0,0,0
2026-05-21T20:30:00Z,other,0,0,0,0,0,0,FALSE,0,0,0,0,0,0,0
2026-05-21T20:45:00Z,other,0,0,0,0,0,0,FALSE,0,0,0,0,0,0,0
2026-05-21T21:00:00Z,other,0,0,0,0,0,0,FALSE,0,0,0,0,0,0,0
2026-05-21T21:15:00Z,other,0,0,0,0,0,0,FALSE,0,0,0,0,0,0,0
2026-05-21T21:30:00Z,other,0,0,0,0,0,0,FALSE,0,0,0,0,0,0,0
2026-05-21T21:45:00Z,other,0,0,0,0,0,0,FALSE,0,0,0,0,0,0,0
2026-05-21T22:00:00Z,other,0,0,0,0,0,0,FALSE,0,0,0,0,0,0,0
2026-05-21T22:15:00Z,other,0,0,0,0,0,0,FALSE,0,0,0,0,0,0,0
2026-05-21T22:30:00Z,other,0,0,0,0,0,0,FALSE,0,0,0,0,0,0,0
2026-05-21T22:45:00Z,other,0,0,0,0,0,0,FALSE,0,0,0,0,0,0,0
2026-05-21T23:00:00Z,other,0,0,0,0,0,0,FALSE,0,0,0,0,0,0,0
2026-05-21T23:15:00Z,other,0,0,0,0,0,0,FALSE,0,0,0,0,0,0,0
2026-05-21T23:30:00Z,other,0,0,0,0,0,0,FALSE,0,0,0,0,0,0,0
2026-05-21T23:45:00Z,other,0,0,0,0,0,0,FALSE,0,0,0,0,0,0,0
2026-05-22T00:00:00Z,other,0,0,0,0,0,0,FALSE,0,0,0,0,0,0,0
2026-05-22T00:15:00Z,other,0,0,0,0,0,0,FALSE,0,0,0,0,0,0,0
2026-05-22T00:30:00Z,other,0,0,0,0,0,0,FALSE,0,0,0,0,0,0,0
2026-05-22T00:45:00Z,other,0,0,0,0,0,0,FALSE,0,0,0,0,0,0,0
2026-05-22T01:00:00Z,other,0,0,0,0,0,0,FALSE,0,0,0,0,0,0,0
2026-05-22T01:15:00Z,other,0,0,0,0,0,0,FALSE,0,0,0,0,0,0,0
2026-05-22T01:30:00Z,other,0,0,0,0,0,0,FALSE,0,0,0,0,0,0,0
2026-05-22T01:45:00Z,other,0,0,0,0,0,0,FALSE,0,0,0,0,0,0,0
2026-05-22T02:00:00Z,other,0,0,0,0,0,0,FALSE,0,0,0,0,0,0,0
2026-05-22T02:15:00Z,other,0,0,0,0,0,0,FALSE,0,0,0,0,0,0,0
2026-05-22T02:30:00Z,other,0,0,0,0,0,0,FALSE,0,0,0,0,0,0,0
2026-05-22T02:45:00Z,other,0,0,0,0,0,0,FALSE,0,0,0,0,0,0,0
2026-05-22T03:00:00Z,other,0,0,0,0,0,0,FALSE,0,0,0,0,0,0,0
2026-05-22T03:15:00Z,other,0,0,0,0,0,0,FALSE,0,0,0,0,0,0,0
2026-05-22T03:30:00Z,other,0,0,0,0,0,0,FALSE,0,0,0,0,0,0,0
2026-05-22T03:45:00Z,other,0,0,0,0,0,0,FALSE,0,0,0,0,0,0,0
2026-05-22T04:00:00Z,other,0,0,0,0,0,0,FALSE,0,0,0,0,0,0,0
2026-05-22T04:15:00Z,other,0,0,0,0,0,0,FALSE,0,0,0,0,0,0,0
2026-05-22T04:30:00Z,other,0,0,0,0,0,0,FALSE,0,0,0,0,0,0,0
2026-05-22T04:45:00Z,other,0,0,0,0,0,0,FALSE,0,0,0,0,0,0,0
2026-05-22T05:00:00Z,other,0,0,0,0,0,0,FALSE,0,0,0,0,0,0,0
2026-05-22T05:15:00Z,other,0,0,0,0,0,0,FALSE,0,0,0,0,0,0,0
2026-05-22T05:30:00Z,other,0,0,0,0,0,0,FALSE,0,0,0,0,0,0,0
2026-05-22T05:45:00Z,other,0,0,0,0,0,0,FALSE,0,0,0,0,0,0,0
2026-05-22T06:00:00Z,other,0,0,0,0,0,0,FALSE,0,0,0,0,0,0,0
2026-05-22T06:15:00Z,other,0,0,0,0,0,0,FALSE,0,0,0,0,0,0,0
2026-05-22T06:30:00Z,other,0,0,0,0,0,0,FALSE,0,0,0,0,0,0,0
2026-05-22T06:45:00Z,other,0,0,0,0,0,0,FALSE,0,0,0,0,0,0,0
2026-05-22T07:00:00Z,other,0,0,0,0,0,0,FALSE,0,0,0,0,0,0,0
2026-05-22T07:15:00Z,other,0,0,0,0,0,0,FALSE,0,0,0,0,0,0,0
2026-05-22T07:30:00Z,other,0,0,0,0,0,0,FALSE,0,0,0,0,0,0,0
2026-05-22T07:45:00Z,other,0,0,0,0,0,0,FALSE,0,0,0,0,0,0,0
2026-05-22T08:00:00Z,other,0,0,0,0,0,0,FALSE,0,0,0,0,0,0,0
2026-05-22T08:15:00Z,other,0,0,0,0,0,0,FALSE,0,0,0,0,0,0,0
2026-05-22T08:30:00Z,other,0,0,0,0,0,0,FALSE,0,0,0,0,0,0,0
2026-05-22T08:45:00Z,other,0,0,0,0,0,0,FALSE,0,0,0,0,0,0,0
2026-05-22T09:00:00Z,other,0,0,0,0,0,0,FALSE,0,0,0,0,0,0,0
2026-05-22T09:15:00Z,other,0,0,0,0,0,0,FALSE,0,0,0,0,0,0,0
2026-05-22T09:30:00Z,other,0,0,0,0,0,0,FALSE,0,0,0,0,0,0,0
2026-05-22T09:45:00Z,other,0,0,0,0,0,0,FALSE,0,0,0,0,0,0,0
2026-05-22T10:00:00Z,other,0,0,0,0,0,0,FALSE,0,0,0,0,0,0,0
2026-05-22T10:15:00Z,other,0,0,0,0,0,0,FALSE,0,0,0,0,0,0,0
2026-05-22T10:30:00Z,other,0,0,0,0,0,0,FALSE,0,0,0,0,0,0,0
2026-05-22T10:45:00Z,other,0,0,0,0,0,0,FALSE,0,0,0,0,0,0,0
2026-05-22T11:00:00Z,other,0,0,0,0,0,0,FALSE,0,0,0,0,0,0,0
2026-05-22T11:15:00Z,other,0,0,0,0,0,0,FALSE,0,0,0,0,0,0,0
2026-05-22T11:30:00Z,other,0,0,0,0,0,0,FALSE,0,0,0,0,0,0,0
2026-05-22T11:45:00Z,other,0,0,0,0,0,0,FALSE,0,0,0,0,0,0,0
2026-05-22T12:00:00Z,other,0,0,0,0,0,0,FALSE,0,0,0,0,0,0,0
2026-05-22T12:15:00Z,other,0,0,0,0,0,0,FALSE,0,0,0,0,0,0,0
2026-05-22T12:30:00Z,other,0,0,0,0,0,0,FALSE,0,0,0,0,0,0,0
2026-05-22T12:45:00Z,other,0,0,0,0,0,0,FALSE,0,0,0,0,0,0,0
2026-05-22T13:00:00Z,other,0,0,0,0,0,0,FALSE,0,0,0,0,0,0,0
2026-05-22T13:15:00Z,other,0,0,0,0,0,0,FALSE,0,0,0,0,0,0,0
2026-05-22T13:30:00Z,other,0,0,0,0,0,0,FALSE,0,0,0,0,0,0,0
2026-05-22T13:45:00Z,other,0,0,0,0,0,0,FALSE,0,0,0,0,0,0,0
2026-05-22T14:00:00Z,other,0,0,0,0,0,0,FALSE,0,0,0,0,0,0,0
2026-05-22T14:15:00Z,other,0,0,0,0,0,0,FALSE,0,0,0,0,0,0,0
2026-05-22T14:30:00Z,other,0,0,0,0,0,0,FALSE,0,0,0,0,0,0,0
2026-05-22T14:45:00Z,other,0,0,0,0,0,0,FALSE,0,0,0,0,0,0,0
2026-05-22T15:00:00Z,other,0,0,0,0,0,0,FALSE,0,0,0,0,0,0,0
2026-05-22T15:15:00Z,other,0,0,0,0,0,0,FALSE,0,0,0,0,0,0,0
2026-05-22T15:30:00Z,other,0,0,0,0,0,0,FALSE,0,0,0,0,0,0,0
2026-05-22T15:45:00Z,other,0,0,0,0,0,0,FALSE,0,0,0,0,0,0,0
2026-05-22T16:00:00Z,other,0,0,0,0,0,0,FALSE,0,0,0,0,0,0,0
2026-05-22T16:15:00Z,other,0,0,0,0,0,0,FALSE,0,0,0,0,0,0,0
2026-05-22T16:30:00Z,other,0,0,0,0,0,0,FALSE,0,0,0,0,0,0,0
2026-05-22T16:45:00Z,other,0,0,0,0,0,0,FALSE,0,0,0,0,0,0,0
2026-05-22T17:00:00Z,other,0,0,0,0,0,0,FALSE,0,0,0,0,0,0,0
2026-05-22T17:15:00Z,other,0,0,0,0,0,0,FALSE,0,0,0,0,0,0,0
2026-05-22T17:30:00Z,other,0,0,0,0,0,0,FALSE,0,0,0,0,0,0,0
2026-05-22T17:45:00Z,other,0,0,0,0,0,0,FALSE,0,0,0,0,0,0,0
2026-05-22T18:00:00Z,other,0,0,0,0,0,0,FALSE,0,0,0,0,0,0,0
2026-05-22T18:15:00Z,other,0,0,0,0,0,0,FALSE,0,0,0,0,0,0,0
2026-05-22T18:30:00Z,other,0,0,0,0,0,0,FALSE,0,0,0,0,0,0,0
2026-05-22T18:45:00Z,other,0,0,0,0,0,0,FALSE,0,0,0,0,0,0,0
2026-05-22T19:00:00Z,other,0,0,0,0,0,0,FALSE,0,0,0,0,0,0,0
2026-05-22T19:15:00Z,other,0,0,0,0,0,0,FALSE,0,0,0,0,0,0,0
2026-05-22T19:30:00Z,other,0,0,0,0,0,0,FALSE,0,0,0,0,0,0,0
2026-05-22T19:45:00Z,other,0,0,0,0,0,0,FALSE,0,0,0,0,0,0,0
2026-05-22T20:00:00Z,other,0,0,0,0,0,0,FALSE,0,0,0,0,0,0,0
2026-05-22T20:15:00Z,other,0,0,0,0,0,0,FALSE,0,0,0,0,0,0,0
2026-05-22T20:30:00Z,other,0,0,0,0,0,0,FALSE,0,0,0,0,0,0,0
2026-05-22T20:45:00Z,other,0,0,0,0,0,0,FALSE,0,0,0,0,0,0,0
2026-05-22T21:00:00Z,other,0,0,0,0,0,0,FALSE,0,0,0,0,0,0,0
2026-05-22T21:15:00Z,other,0,0,0,0,0,0,FALSE,0,0,0,0,0,0,0
2026-05-22T21:30:00Z,other,0,0,0,0,0,0,FALSE,0,0,0,0,0,0,0
2026-05-22T21:45:00Z,other,0,0,0,0,0,0,FALSE,0,0,0,0,0,0,0
2026-05-22T22:00:00Z,other,0,0,0,0,0,0,FALSE,0,0,0,0,0,0,0
2026-05-22T22:15:00Z,other,0,0,0,0,0,0,FALSE,0,0,0,0,0,0,0
2026-05-22T22:30:00Z,other,0,0,0,0,0,0,FALSE,0,0,0,0,0,0,0
2026-05-22T22:45:00Z,other,0,0,0,0,0,0,FALSE,0,0,0,0,0,0,0
2026-05-22T23:00:00Z,other,0,0,0,0,0,0,FALSE,0,0,0,0,0,0,0
2026-05-22T23:15:00Z,other,0,0,0,0,0,0,FALSE,0,0,0,0,0,0,0
2026-05-22T23:30:00Z,other,0,0,0,0,0,0,FALSE,0,0,0,0,0,0,0
2026-05-22T23:45:00Z,other,0,0,0,0,0,0,FALSE,0,0,0,0,0,0,0
2026-05-23T00:00:00Z,other,0,0,0,0,0,0,FALSE,0,0,0,0,0,0,0
2026-05-23T00:15:00Z,other,0,0,0,0,0,0,FALSE,0,0,0,0,0,0,0
2026-05-23T00:30:00Z,other,0,0,0,0,0,0,FALSE,0,0,0,0,0,0,0
2026-05-23T00:45:00Z,other,0,0,0,0,0,0,FALSE,0,0,0,0,0,0,0
2026-05-23T01:00:00Z,other,0,0,0,0,0,0,FALSE,0,0,0,0,0,0,0
2026-05-23T01:15:00Z,other,0,0,0,0,0,0,FALSE,0,0,0,0,0,0,0
2026-05-23T01:30:00Z,other,0,0,0,0,0,0,FALSE,0,0,0,0,0,0,0
2026-05-23T01:45:00Z,other,0,0,0,0,0,0,FALSE,0,0,0,0,0,0,0
2026-05-23T02:00:00Z,other,0,0,0,0,0,0,FALSE,0,0,0,0,0,0,0
2026-05-23T02:15:00Z,other,0,0,0,0,0,0,FALSE,0,0,0,0,0,0,0
2026-05-23T02:30:00Z,other,0,0,0,0,0,0,FALSE,0,0,0,0,0,0,0
2026-05-23T02:45:00Z,other,0,0,0,0,0,0,FALSE,0,0,0,0,0,0,0
2026-05-23T03:00:00Z,other,0,0,0,0,0,0,FALSE,0,0,0,0,0,0,0
2026-05-23T03:15:00Z,other,0,0,0,0,0,0,FALSE,0,0,0,0,0,0,0
2026-05-23T03:30:00Z,other,0,0,0,0,0,0,FALSE,0,0,0,0,0,0,0
2026-05-23T03:45:00Z,other,0,0,0,0,0,0,FALSE,0,0,0,0,0,0,0
2026-05-23T04:00:00Z,other,0,0,0,0,0,0,FALSE,0,0,0,0,0,0,0
2026-05-23T04:15:00Z,other,0,0,0,0,0,0,FALSE,0,0,0,0,0,0,0
2026-05-23T04:30:00Z,other,0,0,0,0,0,0,FALSE,0,0,0,0,0,0,0
2026-05-23T04:45:00Z,other,0,0,0,0,0,0,FALSE,0,0,0,0,0,0,0
2026-05-23T05:00:00Z,other,0,0,0,0,0,0,FALSE,0,0,0,0,0,0,0
2026-05-23T05:15:00Z,other,0,0,0,0,0,0,FALSE,0,0,0,0,0,0,0
2026-05-23T05:30:00Z,other,0,0,0,0,0,0,FALSE,0,0,0,0,0,0,0
2026-05-23T05:45:00Z,other,0,0,0,0,0,0,FALSE,0,0,0,0,0,0,0
2026-05-23T06:00:00Z,other,0,0,0,0,0,0,FALSE,0,0,0,0,0,0,0
2026-05-23T06:15:00Z,other,0,0,0,0,0,0,FALSE,0,0,0,0,0,0,0
2026-05-23T06:30:00Z,other,0,0,0,0,0,0,FALSE,0,0,0,0,0,0,0
2026-05-23T06:45:00Z,other,0,0,0,0,0,0,FALSE,0,0,0,0,0,0,0
2026-05-23T07:00:00Z,other,0,0,0,0,0,0,FALSE,0,0,0,0,0,0,0
2026-05-23T07:15:00Z,other,0,0,0,0,0,0,FALSE,0,0,0,0,0,0,0
2026-05-23T07:30:00Z,other,0,0,0,0,0,0,FALSE,0,0,0,0,0,0,0
2026-05-23T07:45:00Z,other,0,0,0,0,0,0,FALSE,0,0,0,0,0,0,0
2026-05-23T08:00:00Z,other,0,0,0,0,0,0,FALSE,0,0,0,0,0,0,0
2026-05-23T08:15:00Z,other,0,0,0,0,0,0,FALSE,0,0,0,0,0,0,0
2026-05-23T08:30:00Z,other,0,0,0,0,0,0,FALSE,0,0,0,0,0,0,0
2026-05-23T08:45:00Z,other,0,0,0,0,0,0,FALSE,0,0,0,0,0,0,0
2026-05-23T09:00:00Z,other,0,0,0,0,0,0,FALSE,0,0,0,0,0,0,0
2026-05-23T09:15:00Z,other,0,0,0,0,0,0,FALSE,0,0,0,0,0,0,0
2026-05-23T09:30:00Z,other,0,0,0,0,0,0,FALSE,0,0,0,0,0,0,0
2026-05-23T09:45:00Z,other,0,0,0,0,0,0,FALSE,0,0,0,0,0,0,0
2026-05-23T10:00:00Z,other,0,0,0,0,0,0,FALSE,0,0,0,0,0,0,0
2026-05-23T10:15:00Z,other,0,0,0,0,0,0,FALSE,0,0,0,0,0,0,0
2026-05-23T10:30:00Z,other,0,0,0,0,0,0,FALSE,0,0,0,0,0,0,0
2026-05-23T10:45:00Z,other,0,0,0,0,0,0,FALSE,0,0,0,0,0,0,0
2026-05-23T11:00:00Z,other,0,0,0,0,0,0,FALSE,0,0,0,0,0,0,0
2026-05-23T11:15:00Z,other,0,0,0,0,0,0,FALSE,0,0,0,0,0,0,0
2026-05-23T11:30:00Z,other,0,0,0,0,0,0,FALSE,0,0,0,0,0,0,0
2026-05-23T11:45:00Z,other,0,0,0,0,0,0,FALSE,0,0,0,0,0,0,0
2026-05-23T12:00:00Z,other,0,0,0,0,0,0,FALSE,0,0,0,0,0,0,0
2026-05-23T12:15:00Z,other,0,0,0,0,0,0,FALSE,0,0,0,0,0,0,0
2026-05-23T12:30:00Z,other,0,0,0,0,0,0,FALSE,0,0,0,0,0,0,0
2026-05-23T12:45:00Z,other,0,0,0,0,0,0,FALSE,0,0,0,0,0,0,0
2026-05-23T13:00:00Z,other,0,0,0,0,0,0,FALSE,0,0,0,0,0,0,0
2026-05-23T13:15:00Z,other,0,0,0,0,0,0,FALSE,0,0,0,0,0,0,0
2026-05-23T13:30:00Z,other,0,0,0,0,0,0,FALSE,0,0,0,0,0,0,0
2026-05-23T13:45:00Z,other,0,0,0,0,0,0,FALSE,0,0,0,0,0,0,0
2026-05-23T14:00:00Z,other,0,0,0,0,0,0,FALSE,0,0,0,0,0,0,0
2026-05-23T14:15:00Z,other,0,0,0,0,0,0,FALSE,0,0,0,0,0,0,0
2026-05-23T14:30:00Z,other,0,0,0,0,0,0,FALSE,0,0,0,0,0,0,0
2026-05-23T14:45:00Z,other,0,0,0,0,0,0,FALSE,0,0,0,0,0,0,0
2026-05-23T15:00:00Z,other,0,0,0,0,0,0,FALSE,0,0,0,0,0,0,0
2026-05-23T15:15:00Z,other,0,0,0,0,0,0,FALSE,0,0,0,0,0,0,0
2026-05-23T15:30:00Z,other,0,0,0,0,0,0,FALSE,0,0,0,0,0,0,0
2026-05-23T15:45:00Z,other,0,0,0,0,0,0,FALSE,0,0,0,0,0,0,0
2026-05-23T16:00:00Z,other,0,0,0,0,0,0,FALSE,0,0,0,0,0,0,0
2026-05-23T16:15:00Z,other,0,0,0,0,0,0,FALSE,0,0,0,0,0,0,0
2026-05-23T16:30:00Z,other,0,0,0,0,0,0,FALSE,0,0,0,0,0,0,0
2026-05-23T16:45:00Z,other,0,0,0,0,0,0,FALSE,0,0,0,0,0,0,0
2026-05-23T17:00:00Z,other,0,0,0,0,0,0,FALSE,0,0,0,0,0,0,0
2026-05-23T17:15:00Z,other,0,0,0,0,0,0,FALSE,0,0,0,0,0,0,0
2026-05-23T17:30:00Z,other,0,0,0,0,0,0,FALSE,0,0,0,0,0,0,0
2026-05-23T17:45:00Z,other,0,0,0,0,0,0,FALSE,0,0,0,0,0,0,0
2026-05-23T18:00:00Z,other,0,0,0,0,0,0,FALSE,0,0,0,0,0,0,0
2026-05-23T18:15:00Z,other,0,0,0,0,0,0,FALSE,0,0,0,0,0,0,0
2026-05-23T18:30:00Z,other,0,0,0,0,0,0,FALSE,0,0,0,0,0,0,0
2026-05-23T18:45:00Z,other,0,0,0,0,0,0,FALSE,0,0,0,0,0,0,0
2026-05-23T19:00:00Z,other,0,0,0,0,0,0,FALSE,0,0,0,0,0,0,0
2026-05-23T19:15:00Z,other,0,0,0,0,0,0,FALSE,0,0,0,0,0,0,0
2026-05-23T19:30:00Z,other,0,0,0,0,0,0,FALSE,0,0,0,0,0,0,0
2026-05-23T19:45:00Z,other,0,0,0,0,0,0,FALSE,0,0,0,0,0,0,0
2026-05-23T20:00:00Z,other,0,0,0,0,0,0,FALSE,0,0,0,0,0,0,0
2026-05-23T20:15:00Z,other,0,0,0,0,0,0,FALSE,0,0,0,0,0,0,0
2026-05-23T20:30:00Z,other,0,0,0,0,0,0,FALSE,0,0,0,0,0,0,0
2026-05-23T20:45:00Z,other,0,0,0,0,0,0,FALSE,0,0,0,0,0,0,0
2026-05-23T21:00:00Z,other,0,0,0,0,0,0,FALSE,0,0,0,0,0,0,0
2026-05-23T21:15:00Z,other,0,0,0,0,0,0,FALSE,0,0,0,0,0,0,0
2026-05-23T21:30:00Z,other,0,0,0,0,0,0,FALSE,0,0,0,0,0,0,0
2026-05-23T21:45:00Z,other,0,0,0,0,0,0,FALSE,0,0,0,0,0,0,0
2026-05-23T22:00:00Z,other,0,0,0,0,0,0,FALSE,0,0,0,0,0,0,0
2026-05-23T22:15:00Z,other,0,0,0,0,0,0,FALSE,0,0,0,0,0,0,0
2026-05-23T22:30:00Z,other,0,0,0,0,0,0,FALSE,0,0,0,0,0,0,0
2026-05-23T22:45:00Z,other,0,0,0,0,0,0,FALSE,0,0,0,0,0,0,0
2026-05-23T23:00:00Z,other,0,0,0,0,0,0,FALSE,0,0,0,0,0,0,0
2026-05-23T23:15:00Z,other,0,0,0,0,0,0,FALSE,0,0,0,0,0,0,0
2026-05-23T23:30:00Z,other,0,0,0,0,0,0,FALSE,0,0,0,0,0,0,0
2026-05-23T23:45:00Z,other,0,0,0,0,0,0,FALSE,0,0,0,0,0,0,0
2026-05-24T00:00:00Z,other,0,0,0,0,0,0,FALSE,0,0,0,0,0,0,0
2026-05-24T00:15:00Z,other,0,0,0,0,0,0,FALSE,0,0,0,0,0,0,0
2026-05-24T00:30:00Z,other,0,0,0,0,0,0,FALSE,0,0,0,0,0,0,0
2026-05-24T00:45:00Z,other,0,0,0,0,0,0,FALSE,0,0,0,0,0,0,0
2026-05-24T01:00:00Z,other,0,0,0,0,0,0,FALSE,0,0,0,0,0,0,0
2026-05-24T01:15:00Z,other,0,0,0,0,0,0,FALSE,0,0,0,0,0,0,0
2026-05-24T01:30:00Z,other,0,0,0,0,0,0,FALSE,0,0,0,0,0,0,0
2026-05-24T01:45:00Z,other,0,0,0,0,0,0,FALSE,0,0,0,0,0,0,0
2026-05-24T02:00:00Z,other,0,0,0,0,0,0,FALSE,0,0,0,0,0,0,0
2026-05-24T02:15:00Z,other,0,0,0,0,0,0,FALSE,0,0,0,0,0,0,0
2026-05-24T02:30:00Z,other,0,0,0,0,0,0,FALSE,0,0,0,0,0,0,0
2026-05-24T02:45:00Z,other,0,0,0,0,0,0,FALSE,0,0,0,0,0,0,0
2026-05-24T03:00:00Z,other,0,0,0,0,0,0,FALSE,0,0,0,0,0,0,0
2026-05-24T03:15:00Z,other,0,0,0,0,0,0,FALSE,0,0,0,0,0,0,0
2026-05-24T03:30:00Z,other,0,0,0,0,0,0,FALSE,0,0,0,0,0,0,0
2026-05-24T03:45:00Z,other,0,0,0,0,0,0,FALSE,0,0,0,0,0,0,0
2026-05-24T04:00:00Z,other,0,0,0,0,0,0,FALSE,0,0,0,0,0,0,0
2026-05-24T04:15:00Z,other,0,0,0,0,0,0,FALSE,0,0,0,0,0,0,0
2026-05-24T04:30:00Z,other,0,0,0,0,0,0,FALSE,0,0,0,0,0,0,0
2026-05-24T04:45:00Z,other,0,0,0,0,0,0,FALSE,0,0,0,0,0,0,0
2026-05-24T05:00:00Z,other,0,0,0,0,0,0,FALSE,0,0,0,0,0,0,0
2026-05-24T05:15:00Z,other,0,0,0,0,0,0,FALSE,0,0,0,0,0,0,0
2026-05-24T05:30:00Z,other,0,0,0,0,0,0,FALSE,0,0,0,0,0,0,0
2026-05-24T05:45:00Z,other,0,0,0,0,0,0,FALSE,0,0,0,0,0,0,0
2026-05-24T06:00:00Z,other,0,0,0,0,0,0,FALSE,0,0,0,0,0,0,0
2026-05-24T06:15:00Z,other,0,0,0,0,0,0,FALSE,0,0,0,0,0,0,0
2026-05-24T06:30:00Z,other,0,0,0,0,0,0,FALSE,0,0,0,0,0,0,0
2026-05-24T06:45:00Z,other,0,0,0,0,0,0,FALSE,0,0,0,0,0,0,0
2026-05-24T07:00:00Z,other,0,0,0,0,0,0,FALSE,0,0,0,0,0,0,0
2026-05-24T07:15:00Z,other,0,0,0,0,0,0,FALSE,0,0,0,0,0,0,0
2026-05-24T07:30:00Z,other,0,0,0,0,0,0,FALSE,0,0,0,0,0,0,0
2026-05-24T07:45:00Z,other,0,0,0,0,0,0,FALSE,0,0,0,0,0,0,0
2026-05-24T08:00:00Z,other,0,0,0,0,0,0,FALSE,0,0,0,0,0,0,0
2026-05-24T08:15:00Z,other,0,0,0,0,0,0,FALSE,0,0,0,0,0,0,0
2026-05-24T08:30:00Z,other,0,0,0,0,0,0,FALSE,0,0,0,0,0,0,0
2026-05-24T08:45:00Z,other,0,0,0,0,0,0,FALSE,0,0,0,0,0,0,0
2026-05-24T09:00:00Z,other,0,0,0,0,0,0,FALSE,0,0,0,0,0,0,0
2026-05-24T09:15:00Z,other,0,0,0,0,0,0,FALSE,0,0,0,0,0,0,0
2026-05-24T09:30:00Z,other,0,0,0,0,0,0,FALSE,0,0,0,0,0,0,0
2026-05-24T09:45:00Z,other,0,0,0,0,0,0,FALSE,0,0,0,0,0,0,0
2026-05-24T10:00:00Z,other,0,0,0,0,0,0,FALSE,0,0,0,0,0,0,0
2026-05-24T10:15:00Z,other,0,0,0,0,0,0,FALSE,0,0,0,0,0,0,0
2026-05-24T10:30:00Z,other,0,0,0,0,0,0,FALSE,0,0,0,0,0,0,0
2026-05-24T10:45:00Z,other,0,0,0,0,0,0,FALSE,0,0,0,0,0,0,0
2026-05-24T11:00:00Z,other,0,0,0,0,0,0,FALSE,0,0,0,0,0,0,0
2026-05-24T11:15:00Z,other,0,0,0,0,0,0,FALSE,0,0,0,0,0,0,0
2026-05-24T11:30:00Z,other,0,0,0,0,0,0,FALSE,0,0,0,0,0,0,0
2026-05-24T11:45:00Z,other,0,0,0,0,0,0,FALSE,0,0,0,0,0,0,0
2026-05-24T12:00:00Z,other,0,0,0,0,0,0,FALSE,0,0,0,0,0,0,0
2026-05-24T12:15:00Z,other,0,0,0,0,0,0,FALSE,0,0,0,0,0,0,0
2026-05-24T12:30:00Z,other,0,0,0,0,0,0,FALSE,0,0,0,0,0,0,0
2026-05-24T12:45:00Z,other,0,0,0,0,0,0,FALSE,0,0,0,0,0,0,0
2026-05-24T13:00:00Z,other,0,0,0,0,0,0,FALSE,0,0,0,0,0,0,0
2026-05-24T13:15:00Z,other,0,0,0,0,0,0,FALSE,0,0,0,0,0,0,0
2026-05-24T13:30:00Z,other,0,0,0,0,0,0,FALSE,0,0,0,0,0,0,0
2026-05-24T13:45:00Z,other,0,0,0,0,0,0,FALSE,0,0,0,0,0,0,0
2026-05-24T14:00:00Z,other,0,0,0,0,0,0,FALSE,0,0,0,0,0,0,0
2026-05-24T14:15:00Z,other,0,0,0,0,0,0,FALSE,0,0,0,0,0,0,0
2026-05-24T14:30:00Z,other,0,0,0,0,0,0,FALSE,0,0,0,0,0,0,0
2026-05-24T14:45:00Z,other,0,0,0,0,0,0,FALSE,0,0,0,0,0,0,0
2026-05-24T15:00:00Z,other,0,0,0,0,0,0,FALSE,0,0,0,0,0,0,0
2026-05-24T15:15:00Z,other,0,0,0,0,0,0,FALSE,0,0,0,0,0,0,0
2026-05-24T15:30:00Z,other,0,0,0,0,0,0,FALSE,0,0,0,0,0,0,0
2026-05-24T15:45:00Z,other,0,0,0,0,0,0,FALSE,0,0,0,0,0,0,0
2026-05-24T16:00:00Z,other,0,0,0,0,0,0,FALSE,0,0,0,0,0,0,0
2026-05-24T16:15:00Z,other,0,0,0,0,0,0,FALSE,0,0,0,0,0,0,0
2026-05-24T16:30:00Z,other,0,0,0,0,0,0,FALSE,0,0,0,0,0,0,0
2026-05-24T16:45:00Z,other,0,0,0,0,0,0,FALSE,0,0,0,0,0,0,0
2026-05-24T17:00:00Z,other,0,0,0,0,0,0,FALSE,0,0,0,0,0,0,0
2026-05-24T17:15:00Z,other,0,0,0,0,0,0,FALSE,0,0,0,0,0,0,0
2026-05-24T17:30:00Z,other,0,0,0,0,0,0,FALSE,0,0,0,0,0,0,0
2026-05-24T17:45:00Z,other,0,0,0,0,0,0,FALSE,0,0,0,0,0,0,0
2026-05-24T18:00:00Z,other,0,0,0,0,0,0,FALSE,0,0,0,0,0,0,0
2026-05-24T18:15:00Z,other,0,0,0,0,0,0,FALSE,0,0,0,0,0,0,0
2026-05-24T18:30:00Z,other,0,0,0,0,0,0,FALSE,0,0,0,0,0,0,0
2026-05-24T18:45:00Z,other,0,0,0,0,0,0,FALSE,0,0,0,0,0,0,0
2026-05-24T19:00:00Z,other,0,0,0,0,0,0,FALSE,0,0,0,0,0,0,0
2026-05-24T19:15:00Z,other,0,0,0,0,0,0,FALSE,0,0,0,0,0,0,0
2026-05-24T19:30:00Z,other,0,0,0,0,0,0,FALSE,0,0,0,0,0,0,0
2026-05-24T19:45:00Z,other,0,0,0,0,0,0,FALSE,0,0,0,0,0,0,0
2026-05-24T20:00:00Z,other,0,0,0,0,0,0,FALSE,0,0,0,0,0,0,0
2026-05-24T20:15:00Z,other,0,0,0,0,0,0,FALSE,0,0,0,0,0,0,0
2026-05-24T20:30:00Z,other,0,0,0,0,0,0,FALSE,0,0,0,0,0,0,0
2026-05-24T20:45:00Z,other,0,0,0,0,0,0,FALSE,0,0,0,0,0,0,0
2026-05-24T21:00:00Z,other,0,0,0,0,0,0,FALSE,0,0,0,0,0,0,0
2026-05-24T21:15:00Z,other,0,0,0,0,0,0,FALSE,0,0,0,0,0,0,0
2026-05-24T21:30:00Z,other,0,0,0,0,0,0,FALSE,0,0,0,0,0,0,0
2026-05-24T21:45:00Z,other,0,0,0,0,0,0,FALSE,0,0,0,0,0,0,0
2026-05-24T22:00:00Z,other,0,0,0,0,0,0,FALSE,0,0,0,0,0,0,0
2026-05-24T22:15:00Z,other,0,0,0,0,0,0,FALSE,0,0,0,0,0,0,0
2026-05-24T22:30:00Z,other,0,0,0,0,0,0,FALSE,0,0,0,0,0,0,0
2026-05-24T22:45:00Z,other,0,0,0,0,0,0,FALSE,0,0,0,0,0,0,0
2026-05-24T23:00:00Z,other,0,0,0,0,0,0,FALSE,0,0,0,0,0,0,0
2026-05-24T23:15:00Z,other,0,0,0,0,0,0,FALSE,0,0,0,0,0,0,0
2026-05-24T23:30:00Z,other,0,0,0,0,0,0,FALSE,0,0,0,0,0,0,0
2026-05-24T23:45:00Z,other,0,0,0,0,0,0,FALSE,0,0,0,0,0,0,0
2026-05-25T00:00:00Z,other,0,0,0,0,0,0,FALSE,0,0,0,0,0,0,0
2026-05-25T00:15:00Z,other,0,0,0,0,0,0,FALSE,0,0,0,0,0,0,0
2026-05-25T00:30:00Z,other,0,0,0,0,0,0,FALSE,0,0,0,0,0,0,0
2026-05-25T00:45:00Z,other,0,0,0,0,0,0,FALSE,0,0,0,0,0,0,0
2026-05-25T01:00:00Z,other,0,0,0,0,0,0,FALSE,0,0,0,0,0,0,0
2026-05-25T01:15:00Z,other,0,0,0,0,0,0,FALSE,0,0,0,0,0,0,0
2026-05-25T01:30:00Z,other,0,0,0,0,0,0,FALSE,0,0,0,0,0,0,0
2026-05-25T01:45:00Z,other,0,0,0,0,0,0,FALSE,0,0,0,0,0,0,0
2026-05-25T02:00:00Z,other,0,0,0,0,0,0,FALSE,0,0,0,0,0,0,0
2026-05-25T02:15:00Z,other,0,0,0,0,0,0,FALSE,0,0,0,0,0,0,0
2026-05-25T02:30:00Z,other,0,0,0,0,0,0,FALSE,0,0,0,0,0,0,0
2026-05-25T02:45:00Z,other,0,0,0,0,0,0,FALSE,0,0,0,0,0,0,0
2026-05-25T03:00:00Z,other,0,0,0,0,0,0,FALSE,0,0,0,0,0,0,0
2026-05-25T03:15:00Z,other,0,0,0,0,0,0,FALSE,0,0,0,0,0,0,0
2026-05-25T03:30:00Z,other,0,0,0,0,0,0,FALSE,0,0,0,0,0,0,0
2026-05-25T03:45:00Z,other,0,0,0,0,0,0,FALSE,0,0,0,0,0,0,0
2026-05-25T04:00:00Z,other,0,0,0,0,0,0,FALSE,0,0,0,0,0,0,0
2026-05-25T04:15:00Z,other,0,0,0,0,0,0,FALSE,0,0,0,0,0,0,0
2026-05-25T04:30:00Z,other,0,0,0,0,0,0,FALSE,0,0,0,0,0,0,0
2026-05-25T04:45:00Z,other,0,0,0,0,0,0,FALSE,0,0,0,0,0,0,0
2026-05-25T05:00:00Z,other,0,0,0,0,0,0,FALSE,0,0,0,0,0,0,0
2026-05-25T05:15:00Z,other,0,0,0,0,0,0,FALSE,0,0,0,0,0,0,0
2026-05-25T05:30:00Z,other,0,0,0,0,0,0,FALSE,0,0,0,0,0,0,0
2026-05-25T05:45:00Z,other,0,0,0,0,0,0,FALSE,0,0,0,0,0,0,0
2026-05-25T06:00:00Z,other,0,0,0,0,0,0,FALSE,0,0,0,0,0,0,0
2026-05-25T06:15:00Z,other,0,0,0,0,0,0,FALSE,0,0,0,0,0,0,0
2026-05-25T06:30:00Z,other,0,0,0,0,0,0,FALSE,0,0,0,0,0,0,0
2026-05-25T06:45:00Z,other,0,0,0,0,0,0,FALSE,0,0,0,0,0,0,0
2026-05-25T07:00:00Z,other,0,0,0,0,0,0,FALSE,0,0,0,0,0,0,0
2026-05-25T07:15:00Z,other,0,0,0,0,0,0,FALSE,0,0,0,0,0,0,0
2026-05-25T07:30:00Z,other,0,0,0,0,0,0,FALSE,0,0,0,0,0,0,0
2026-05-25T07:45:00Z,other,0,0,0,0,0,0,FALSE,0,0,0,0,0,0,0
2026-05-25T08:00:00Z,other,0,0,0,0,0,0,FALSE,0,0,0,0,0,0,0
2026-05-25T08:15:00Z,other,0,0,0,0,0,0,FALSE,0,0,0,0,0,0,0
2026-05-25T08:30:00Z,other,0,0,0,0,0,0,FALSE,0,0,0,0,0,0,0
2026-05-25T08:45:00Z,other,0,0,0,0,0,0,FALSE,0,0,0,0,0,0,0
2026-05-25T09:00:00Z,other,0,0,0,0,0,0,FALSE,0,0,0,0,0,0,0
2026-05-25T09:15:00Z,other,0,0,0,0,0,0,FALSE,0,0,0,0,0,0,0
2026-05-25T09:30:00Z,other,0,0,0,0,0,0,FALSE,0,0,0,0,0,0,0
2026-05-25T09:45:00Z,other,0,0,0,0,0,0,FALSE,0,0,0,0,0,0,0
2026-05-25T10:00:00Z,other,0,0,0,0,0,0,FALSE,0,0,0,0,0,0,0
2026-05-25T10:15:00Z,other,0,0,0,0,0,0,FALSE,0,0,0,0,0,0,0
2026-05-25T10:30:00Z,other,0,0,0,0,0,0,FALSE,0,0,0,0,0,0,0
2026-05-25T10:45:00Z,other,0,0,0,0,0,0,FALSE,0,0,0,0,0,0,0
2026-05-25T11:00:00Z,other,0,0,0,0,0,0,FALSE,0,0,0,0,0,0,0
2026-05-25T11:15:00Z,other,0,0,0,0,0,0,FALSE,0,0,0,0,0,0,0
2026-05-25T11:30:00Z,other,0,0,0,0,0,0,FALSE,0,0,0,0,0,0,0
2026-05-25T11:45:00Z,other,0,0,0,0,0,0,FALSE,0,0,0,0,0,0,0
2026-05-25T12:00:00Z,other,0,0,0,0,0,0,FALSE,0,0,0,0,0,0,0
2026-05-25T12:15:00Z,other,0,0,0,0,0,0,FALSE,0,0,0,0,0,0,0
2026-05-25T12:30:00Z,other,0,0,0,0,0,0,FALSE,0,0,0,0,0,0,0
2026-05-25T12:45:00Z,other,0,0,0,0,0,0,FALSE,0,0,0,0,0,0,0
2026-05-25T13:00:00Z,other,0,0,0,0,0,0,FALSE,0,0,0,0,0,0,0
2026-05-25T13:15:00Z,other,0,0,0,0,0,0,FALSE,0,0,0,0,0,0,0
2026-05-25T13:30:00Z,other,0,0,0,0,0,0,FALSE,0,0,0,0,0,0,0
2026-05-25T13:45:00Z,other,0,0,0,0,0,0,FALSE,0,0,0,0,0,0,0
2026-05-25T14:00:00Z,other,0,0,0,0,0,0,FALSE,0,0,0,0,0,0,0
2026-05-25T14:15:00Z,other,0,0,0,0,0,0,FALSE,0,0,0,0,0,0,0
2026-05-25T14:30:00Z,other,0,0,0,0,0,0,FALSE,0,0,0,0,0,0,0
2026-05-25T14:45:00Z,other,0,0,0,0,0,0,FALSE,0,0,0,0,0,0,0
2026-05-25T15:00:00Z,other,0,0,0,0,0,0,FALSE,0,0,0,0,0,0,0
2026-05-25T15:15:00Z,other,0,0,0,0,0,0,FALSE,0,0,0,0,0,0,0
2026-05-25T15:30:00Z,other,0,0,0,0,0,0,FALSE,0,0,0,0,0,0,0
2026-05-25T15:45:00Z,other,0,0,0,0,0,0,FALSE,0,0,0,0,0,0,0
2026-05-25T16:00:00Z,other,0,0,0,0,0,0,FALSE,0,0,0,0,0,0,0
2026-05-25T16:15:00Z,other,0,0,0,0,0,0,FALSE,0,0,0,0,0,0,0
2026-05-25T16:30:00Z,other,0,0,0,0,0,0,FALSE,0,0,0,0,0,0,0
2026-05-25T16:45:00Z,other,0,0,0,0,0,0,FALSE,0,0,0,0,0,0,0
2026-05-25T17:00:00Z,other,0,0,0,0,0,0,FALSE,0,0,0,0,0,0,0
2026-05-25T17:15:00Z,other,0,0,0,0,0,0,FALSE,0,0,0,0,0,0,0
2026-05-25T17:30:00Z,other,0,0,0,0,0,0,FALSE,0,0,0,0,0,0,0
2026-05-25T17:45:00Z,other,0,0,0,0,0,0,FALSE,0,0,0,0,0,0,0
2026-05-25T18:00:00Z,other,0,0,0,0,0,0,FALSE,0,0,0,0,0,0,0
2026-05-25T18:15:00Z,other,0,0,0,0,0,0,FALSE,0,0,0,0,0,0,0
2026-05-25T18:30:00Z,other,0,0,0,0,0,0,FALSE,0,0,0,0,0,0,0
2026-05-25T18:45:00Z,other,0,0,0,0,0,0,FALSE,0,0,0,0,0,0,0
2026-05-25T19:00:00Z,other,0,0,0,0,0,0,FALSE,0,0,0,0,0,0,0
2026-05-25T19:15:00Z,other,0,0,0,0,0,0,FALSE,0,0,0,0,0,0,0
2026-05-25T19:30:00Z,other,0,0,0,0,0,0,FALSE,0,0,0,0,0,0,0
2026-05-25T19:45:00Z,other,0,0,0,0,0,0,FALSE,0,0,0,0,0,0,0
2026-05-25T20:00:00Z,other,0,0,0,0,0,0,FALSE,0,0,0,0,0,0,0
2026-05-25T20:15:00Z,other,0,0,0,0,0,0,FALSE,0,0,0,0,0,0,0
2026-05-25T20:30:00Z,other,0,0,0,0,0,0,FALSE,0,0,0,0,0,0,0
2026-05-25T20:45:00Z,other,0,0,0,0,0,0,FALSE,0,0,0,0,0,0,0
2026-05-25T21:00:00Z,other,0,0,0,0,0,0,FALSE,0,0,0,0,0,0,0
2026-05-25T21:15:00Z,other,0,0,0,0,0,0,FALSE,0,0,0,0,0,0,0
2026-05-25T21:30:00Z,other,0,0,0,0,0,0,FALSE,0,0,0,0,0,0,0
2026-05-25T21:45:00Z,other,0,0,0,0,0,0,FALSE,0,0,0,0,0,0,0
2026-05-25T22:00:00Z,other,0,0,0,0,0,0,FALSE,0,0,0,0,0,0,0
2026-05-25T22:15:00Z,other,0,0,0,0,0,0,FALSE,0,0,0,0,0,0,0
2026-05-25T22:30:00Z,other,0,0,0,0,0,0,FALSE,0,0,0,0,0,0,0
2026-05-25T22:45:00Z,other,0,0,0,0,0,0,FALSE,0,0,0,0,0,0,0
2026-05-25T23:00:00Z,other,0,0,0,0,0,0,FALSE,0,0,0,0,0,0,0
2026-05-25T23:15:00Z,other,0,0,0,0,0,0,FALSE,0,0,0,0,0,0,0
2026-05-25T23:30:00Z,other,0,0,0,0,0,0,FALSE,0,0,0,0,0,0,0
2026-05-25T23:45:00Z,other,0,0,0,0,0,0,FALSE,0,0,0,0,0,0,0
2026-05-26T00:00:00Z,other,0,0,0,0,0,0,FALSE,0,0,0,0,0,0,0
2026-05-26T00:15:00Z,other,0,0,0,0,0,0,FALSE,0,0,0,0,0,0,0
2026-05-26T00:30:00Z,other,0,0,0,0,0,0,FALSE,0,0,0,0,0,0,0
2026-05-26T00:45:00Z,other,0,0,0,0,0,0,FALSE,0,0,0,0,0,0,0
2026-05-26T01:00:00Z,other,0,0,0,0,0,0,FALSE,0,0,0,0,0,0,0
2026-05-26T01:15:00Z,other,0,0,0,0,0,0,FALSE,0,0,0,0,0,0,0
2026-05-26T01:30:00Z,other,0,0,0,0,0,0,FALSE,0,0,0,0,0,0,0
2026-05-26T01:45:00Z,other,0,0,0,0,0,0,FALSE,0,0,0,0,0,0,0
2026-05-26T02:00:00Z,other,0,0,0,0,0,0,FALSE,0,0,0,0,0,0,0
2026-05-26T02:15:00Z,other,0,0,0,0,0,0,FALSE,0,0,0,0,0,0,0
2026-05-26T02:30:00Z,other,0,0,0,0,0,0,FALSE,0,0,0,0,0,0,0
2026-05-26T02:45:00Z,other,0,0,0,0,0,0,FALSE,0,0,0,0,0,0,0
2026-05-26T03:00:00Z,other,0,0,0,0,0,0,FALSE,0,0,0,0,0,0,0
2026-05-26T03:15:00Z,other,0,0,0,0,0,0,FALSE,0,0,0,0,0,0,0
2026-05-26T03:30:00Z,other,0,0,0,0,0,0,FALSE,0,0,0,0,0,0,0
2026-05-26T03:45:00Z,other,0,0,0,0,0,0,FALSE,0,0,0,0,0,0,0
2026-05-26T04:00:00Z,other,0,0,0,0,0,0,FALSE,0,0,0,0,0,0,0
2026-05-26T04:15:00Z,other,0,0,0,0,0,0,FALSE,0,0,0,0,0,0,0
2026-05-26T04:30:00Z,other,0,0,0,0,0,0,FALSE,0,0,0,0,0,0,0
2026-05-26T04:45:00Z,other,0,0,0,0,0,0,FALSE,0,0,0,0,0,0,0
2026-05-26T05:00:00Z,other,0,0,0,0,0,0,FALSE,0,0,0,0,0,0,0
2026-05-26T05:15:00Z,other,0,0,0,0,0,0,FALSE,0,0,0,0,0,0,0
2026-05-26T05:30:00Z,other,0,0,0,0,0,0,FALSE,0,0,0,0,0,0,0
2026-05-26T05:45:00Z,other,0,0,0,0,0,0,FALSE,0,0,0,0,0,0,0
2026-05-26T06:00:00Z,other,0,0,0,0,0,0,FALSE,0,0,0,0,0,0,0
2026-05-26T06:15:00Z,other,0,0,0,0,0,0,FALSE,0,0,0,0,0,0,0
2026-05-26T06:30:00Z,other,0,0,0,0,0,0,FALSE,0,0,0,0,0,0,0
2026-05-26T06:45:00Z,other,0,0,0,0,0,0,FALSE,0,0,0,0,0,0,0
2026-05-26T07:00:00Z,other,0,0,0,0,0,0,FALSE,0,0,0,0,0,0,0
2026-05-26T07:15:00Z,other,0,0,0,0,0,0,FALSE,0,0,0,0,0,0,0
2026-05-26T07:30:00Z,other,0,0,0,0,0,0,FALSE,0,0,0,0,0,0,0
2026-05-26T07:45:00Z,other,0,0,0,0,0,0,FALSE,0,0,0,0,0,0,0
2026-05-26T08:00:00Z,other,0,0,0,0,0,0,FALSE,0,0,0,0,0,0,0
2026-05-26T08:15:00Z,other,0,0,0,0,0,0,FALSE,0,0,0,0,0,0,0
2026-05-26T08:30:00Z,other,0,0,0,0,0,0,FALSE,0,0,0,0,0,0,0
2026-05-26T08:45:00Z,other,0,0,0,0,0,0,FALSE,0,0,0,0,0,0,0
2026-05-26T09:00:00Z,other,0,0,0,0,0,0,FALSE,0,0,0,0,0,0,0
2026-05-26T09:15:00Z,other,0,0,0,0,0,0,FALSE,0,0,0,0,0,0,0
2026-05-26T09:30:00Z,other,0,0,0,0,0,0,FALSE,0,0,0,0,0,0,0
2026-05-26T09:45:00Z,other,0,0,0,0,0,0,FALSE,0,0,0,0,0,0,0
2026-05-26T10:00:00Z,other,0,0,0,0,0,0,FALSE,0,0,0,0,0,0,0
2026-05-26T10:15:00Z,other,0,0,0,0,0,0,FALSE,0,0,0,0,0,0,0
2026-05-26T10:30:00Z,other,0,0,0,0,0,0,FALSE,0,0,0,0,0,0,0
2026-05-26T10:45:00Z,other,0,0,0,0,0,0,FALSE,0,0,0,0,0,0,0
2026-05-26T11:00:00Z,other,0,0,0,0,0,0,FALSE,0,0,0,0,0,0,0
2026-05-26T11:15:00Z,other,0,0,0,0,0,0,FALSE,0,0,0,0,0,0,0
2026-05-26T11:30:00Z,other,0,0,0,0,0,0,FALSE,0,0,0,0,0,0,0
2026-05-26T11:45:00Z,other,0,0,0,0,0,0,FALSE,0,0,0,0,0,0,0
2026-05-26T12:00:00Z,other,0,0,0,0,0,0,FALSE,0,0,0,0,0,0,0
2026-05-26T12:15:00Z,other,0,0,0,0,0,0,FALSE,0,0,0,0,0,0,0
2026-05-26T12:30:00Z,other,0,0,0,0,0,0,FALSE,0,0,0,0,0,0,0
2026-05-26T12:45:00Z,other,0,0,0,0,0,0,FALSE,0,0,0,0,0,0,0
2026-05-26T13:00:00Z,other,0,0,0,0,0,0,FALSE,0,0,0,0,0,0,0
2026-05-26T13:15:00Z,other,0,0,0,0,0,0,FALSE,0,0,0,0,0,0,0
2026-05-26T13:30:00Z,other,0,0,0,0,0,0,FALSE,0,0,0,0,0,0,0
2026-05-26T13:45:00Z,other,0,0,0,0,0,0,FALSE,0,0,0,0,0,0,0
2026-05-26T14:00:00Z,other,0,0,0,0,0,0,FALSE,0,0,0,0,0,0,0
2026-05-26T14:15:00Z,other,0,0,0,0,0,0,FALSE,0,0,0,0,0,0,0
2026-05-26T14:30:00Z,other,0,0,0,0,0,0,FALSE,0,0,0,0,0,0,0
2026-05-26T14:45:00Z,other,0,0,0,0,0,0,FALSE,0,0,0,0,0,0,0
2026-05-26T15:00:00Z,other,0,0,0,0,0,0,FALSE,0,0,0,0,0,0,0
2026-05-26T15:15:00Z,other,0,0,0,0,0,0,FALSE,0,0,0,0,0,0,0
2026-05-26T15:30:00Z,other,0,0,0,0,0,0,FALSE,0,0,0,0,0,0,0
2026-05-26T15:45:00Z,other,0,0,0,0,0,0,FALSE,0,0,0,0,0,0,0
2026-05-26T16:00:00Z,other,0,0,0,0,0,0,FALSE,0,0,0,0,0,0,0
2026-05-26T16:15:00Z,other,0,0,0,0,0,0,FALSE,0,0,0,0,0,0,0
2026-05-26T16:30:00Z,other,0,0,0,0,0,0,FALSE,0,0,0,0,0,0,0
2026-05-26T16:45:00Z,other,0,0,0,0,0,0,FALSE,0,0,0,0,0,0,0
2026-05-26T17:00:00Z,other,0,0,0,0,0,0,FALSE,0,0,0,0,0,0,0
2026-05-26T17:15:00Z,other,0,0,0,0,0,0,FALSE,0,0,0,0,0,0,0
2026-05-26T17:30:00Z,other,0,0,0,0,0,0,FALSE,0,0,0,0,0,0,0
2026-05-26T17:45:00Z,other,0,0,0,0,0,0,FALSE,0,0,0,0,0,0,0
2026-05-26T18:00:00Z,other,0,0,0,0,0,0,FALSE,0,0,0,0,0,0,0
2026-05-26T18:15:00Z,other,0,0,0,0,0,0,FALSE,0,0,0,0,0,0,0
2026-05-26T18:30:00Z,other,0,0,0,0,0,0,FALSE,0,0,0,0,0,0,0
2026-05-26T18:45:00Z,other,0,0,0,0,0,0,FALSE,0,0,0,0,0,0,0
2026-05-26T19:00:00Z,other,0,0,0,0,0,0,FALSE,0,0,0,0,0,0,0
2026-05-26T19:15:00Z,other,0,0,0,0,0,0,FALSE,0,0,0,0,0,0,0
2026-05-26T19:30:00Z,other,0,0,0,0,0,0,FALSE,0,0,0,0,0,0,0
2026-05-26T19:45:00Z,other,0,0,0,0,0,0,FALSE,0,0,0,0,0,0,0
2026-05-26T20:00:00Z,other,0,0,0,0,0,0,FALSE,0,0,0,0,0,0,0
2026-05-26T20:15:00Z,other,0,0,0,0,0,0,FALSE,0,0,0,0,0,0,0
2026-05-26T20:30:00Z,other,0,0,0,0,0,0,FALSE,0,0,0,0,0,0,0
2026-05-26T20:45:00Z,other,0,0,0,0,0,0,FALSE,0,0,0,0,0,0,0
2026-05-26T21:00:00Z,other,0,0,0,0,0,0,FALSE,0,0,0,0,0,0,0
2026-05-26T21:15:00Z,other,0,0,0,0,0,0,FALSE,0,0,0,0,0,0,0
2026-05-26T21:30:00Z,other,0,0,0,0,0,0,FALSE,0,0,0,0,0,0,0
2026-05-26T21:45:00Z,other,0,0,0,0,0,0,FALSE,0,0,0,0,0,0,0
2026-05-26T22:00:00Z,other,0,0,0,0,0,0,FALSE,0,0,0,0,0,0,0
2026-05-26T22:15:00Z,other,0,0,0,0,0,0,FALSE,0,0,0,0,0,0,0
2026-05-26T22:30:00Z,other,0,0,0,0,0,0,FALSE,0,0,0,0,0,0,0
2026-05-26T22:45:00Z,other,0,0,0,0,0,0,FALSE,0,0,0,0,0,0,0
2026-05-26T23:00:00Z,other,0,0,0,0,0,0,FALSE,0,0,0,0,0,0,0
2026-05-26T23:15:00Z,other,0,0,0,0,0,0,FALSE,0,0,0,0,0,0,0
2026-05-26T23:30:00Z,other,0,0,0,0,0,0,FALSE,0,0,0,0,0,0,0
2026-05-26T23:45:00Z,other,0,0,0,0,0,0,FALSE,0,0,0,0,0,0,0
2026-05-27T00:00:00Z,other,0,0,0,0,0,0,FALSE,0,0,0,0,0,0,0
2026-05-27T00:15:00Z,other,0,0,0,0,0,0,FALSE,0,0,0,0,0,0,0
2026-05-27T00:30:00Z,other,0,0,0,0,0,0,FALSE,0,0,0,0,0,0,0
2026-05-27T00:45:00Z,other,0,0,0,0,0,0,FALSE,0,0,0,0,0,0,0
2026-05-27T01:00:00Z,other,0,0,0,0,0,0,FALSE,0,0,0,0,0,0,0
2026-05-27T01:15:00Z,other,0,0,0,0,0,0,FALSE,0,0,0,0,0,0,0
2026-05-27T01:30:00Z,other,0,0,0,0,0,0,FALSE,0,0,0,0,0,0,0
2026-05-27T01:45:00Z,other,0,0,0,0,0,0,FALSE,0,0,0,0,0,0,0
2026-05-27T02:00:00Z,other,0,0,0,0,0,0,FALSE,0,0,0,0,0,0,0
2026-05-27T02:15:00Z,other,0,0,0,0,0,0,FALSE,0,0,0,0,0,0,0
2026-05-27T02:30:00Z,other,0,0,0,0,0,0,FALSE,0,0,0,0,0,0,0
2026-05-27T02:45:00Z,other,0,0,0,0,0,0,FALSE,0,0,0,0,0,0,0
2026-05-27T03:00:00Z,other,0,0,0,0,0,0,FALSE,0,0,0,0,0,0,0
2026-05-27T03:15:00Z,other,0,0,0,0,0,0,FALSE,0,0,0,0,0,0,0
2026-05-27T03:30:00Z,other,0,0,0,0,0,0,FALSE,0,0,0,0,0,0,0
2026-05-27T03:45:00Z,other,0,0,0,0,0,0,FALSE,0,0,0,0,0,0,0
2026-05-27T04:00:00Z,other,0,0,0,0,0,0,FALSE,0,0,0,0,0,0,0
2026-05-27T04:15:00Z,other,0,0,0,0,0,0,FALSE,0,0,0,0,0,0,0
2026-05-27T04:30:00Z,other,0,0,0,0,0,0,FALSE,0,0,0,0,0,0,0
2026-05-27T04:45:00Z,other,0,0,0,0,0,0,FALSE,0,0,0,0,0,0,0
2026-05-27T05:00:00Z,other,0,0,0,0,0,0,FALSE,0,0,0,0,0,0,0
2026-05-27T05:15:00Z,other,0,0,0,0,0,0,FALSE,0,0,0,0,0,0,0
2026-05-27T05:30:00Z,other,0,0,0,0,0,0,FALSE,0,0,0,0,0,0,0
2026-05-27T05:45:00Z,other,0,0,0,0,0,0,FALSE,0,0,0,0,0,0,0
2026-05-27T06:00:00Z,other,0,0,0,0,0,0,FALSE,0,0,0,0,0,0,0
2026-05-27T06:15:00Z,other,0,0,0,0,0,0,FALSE,0,0,0,0,0,0,0
2026-05-27T06:30:00Z,other,0,0,0,0,0,0,FALSE,0,0,0,0,0,0,0
2026-05-27T06:45:00Z,other,0,0,0,0,0,0,FALSE,0,0,0,0,0,0,0
2026-05-27T07:00:00Z,other,0,0,0,0,0,0,FALSE,0,0,0,0,0,0,0
2026-05-27T07:15:00Z,other,0,0,0,0,0,0,FALSE,0,0,0,0,0,0,0
2026-05-27T07:30:00Z,other,0,0,0,0,0,0,FALSE,0,0,0,0,0,0,0
2026-05-27T07:45:00Z,other,0,0,0,0,0,0,FALSE,0,0,0,0,0,0,0
2026-05-27T08:00:00Z,other,0,0,0,0,0,0,FALSE,0,0,0,0,0,0,0
2026-05-27T08:15:00Z,other,0,0,0,0,0,0,FALSE,0,0,0,0,0,0,0
2026-05-27T08:30:00Z,other,0,0,0,0,0,0,FALSE,0,0,0,0,0,0,0
2026-05-27T08:45:00Z,other,0,0,0,0,0,0,FALSE,0,0,0,0,0,0,0
2026-05-27T09:00:00Z,other,0,0,0,0,0,0,FALSE,0,0,0,0,0,0,0
2026-05-27T09:15:00Z,other,0,0,0,0,0,0,FALSE,0,0,0,0,0,0,0
2026-05-27T09:30:00Z,other,0,0,0,0,0,0,FALSE,0,0,0,0,0,0,0
2026-05-27T09:45:00Z,other,0,0,0,0,0,0,FALSE,0,0,0,0,0,0,0
2026-05-27T10:00:00Z,other,0,0,0,0,0,0,FALSE,0,0,0,0,0,0,0
2026-05-27T10:15:00Z,other,0,0,0,0,0,0,FALSE,0,0,0,0,0,0,0
2026-05-27T10:30:00Z,other,0,0,0,0,0,0,FALSE,0,0,0,0,0,0,0
2026-05-27T10:45:00Z,other,0,0,0,0,0,0,FALSE,0,0,0,0,0,0,0
2026-05-27T11:00:00Z,other,0,0,0,0,0,0,FALSE,0,0,0,0,0,0,0
2026-05-27T11:15:00Z,other,0,0,0,0,0,0,FALSE,0,0,0,0,0,0,0
2026-05-27T11:30:00Z,other,0,0,0,0,0,0,FALSE,0,0,0,0,0,0,0
2026-05-27T11:45:00Z,other,0,0,0,0,0,0,FALSE,0,0,0,0,0,0,0
2026-05-27T12:00:00Z,other,0,0,0,0,0,0,FALSE,0,0,0,0,0,0,0
2026-05-27T12:15:00Z,other,0,0,0,0,0,0,FALSE,0,0,0,0,0,0,0
2026-05-27T12:30:00Z,other,0,0,0,0,0,0,FALSE,0,0,0,0,0,0,0
2026-05-27T12:45:00Z,other,0,0,0,0,0,0,FALSE,0,0,0,0,0,0,0
2026-05-27T13:00:00Z,other,0,0,0,0,0,0,FALSE,0,0,0,0,0,0,0
2026-05-27T13:15:00Z,other,0,0,0,0,0,0,FALSE,0,0,0,0,0,0,0
2026-05-27T13:30:00Z,other,0,0,0,0,0,0,FALSE,0,0,0,0,0,0,0
2026-05-27T13:45:00Z,other,0,0,0,0,0,0,FALSE,0,0,0,0,0,0,0
2026-05-27T14:00:00Z,other,0,0,0,0,0,0,FALSE,0,0,0,0,0,0,0
2026-05-27T14:15:00Z,other,0,0,0,0,0,0,FALSE,0,0,0,0,0,0,0
2026-05-27T14:30:00Z,other,0,0,0,0,0,0,FALSE,0,0,0,0,0,0,0
2026-05-27T14:45:00Z,other,0,0,0,0,0,0,FALSE,0,0,0,0,0,0,0
2026-05-27T15:00:00Z,other,0,0,0,0,0,0,FALSE,0,0,0,0,0,0,0
2026-05-27T15:15:00Z,other,0,0,0,0,0,0,FALSE,0,0,0,0,0,0,0
2026-05-27T15:30:00Z,other,0,0,0,0,0,0,FALSE,0,0,0,0,0,0,0
2026-05-27T15:45:00Z,other,0,0,0,0,0,0,FALSE,0,0,0,0,0,0,0
2026-05-27T16:00:00Z,other,0,0,0,0,0,0,FALSE,0,0,0,0,0,0,0
2026-05-27T16:15:00Z,other,0,0,0,0,0,0,FALSE,0,0,0,0,0,0,0
2026-05-27T16:30:00Z,other,0,0,0,0,0,0,FALSE,0,0,0,0,0,0,0
2026-05-27T16:45:00Z,other,0,0,0,0,0,0,FALSE,0,0,0,0,0,0,0
2026-05-27T17:00:00Z,other,0,0,0,0,0,0,FALSE,0,0,0,0,0,0,0
2026-05-27T17:15:00Z,other,0,0,0,0,0,0,FALSE,0,0,0,0,0,0,0
2026-05-27T17:30:00Z,other,0,0,0,0,0,0,FALSE,0,0,0,0,0,0,0
2026-05-27T17:45:00Z,other,0,0,0,0,0,0,FALSE,0,0,0,0,0,0,0
2026-05-27T18:00:00Z,other,0,0,0,0,0,0,FALSE,0,0,0,0,0,0,0
2026-05-27T18:15:00Z,other,0,0,0,0,0,0,FALSE,0,0,0,0,0,0,0
2026-05-27T18:30:00Z,other,0,0,0,0,0,0,FALSE,0,0,0,0,0,0,0
2026-05-27T18:45:00Z,other,0,0,0,0,0,0,FALSE,0,0,0,0,0,0,0
2026-05-27T19:00:00Z,other,0,0,0,0,0,0,FALSE,0,0,0,0,0,0,0
2026-05-27T19:15:00Z,other,0,0,0,0,0,0,FALSE,0,0,0,0,0,0,0
2026-05-27T19:30:00Z,other,0,0,0,0,0,0,FALSE,0,0,0,0,0,0,0
2026-05-27T19:45:00Z,other,0,0,0,0,0,0,FALSE,0,0,0,0,0,0,0
2026-05-27T20:00:00Z,other,0,0,0,0,0,0,FALSE,0,0,0,0,0,0,0
2026-05-27T20:15:00Z,other,0,0,0,0,0,0,FALSE,0,0,0,0,0,0,0
2026-05-27T20:30:00Z,other,0,0,0,0,0,0,FALSE,0,0,0,0,0,0,0
2026-05-27T20:45:00Z,other,0,0,0,0,0,0,FALSE,0,0,0,0,0,0,0
2026-05-27T21:00:00Z,other,0,0,0,0,0,0,FALSE,0,0,0,0,0,0,0
2026-05-27T21:15:00Z,other,0,0,0,0,0,0,FALSE,0,0,0,0,0,0,0
2026-05-27T21:30:00Z,other,0,0,0,0,0,0,FALSE,0,0,0,0,0,0,0
2026-05-27T21:45:00Z,other,0,0,0,0,0,0,FALSE,0,0,0,0,0,0,0
2026-05-27T22:00:00Z,other,0,0,0,0,0,0,FALSE,0,0,0,0,0,0,0
2026-05-27T22:15:00Z,other,0,0,0,0,0,0,FALSE,0,0,0,0,0,0,0
2026-05-27T22:30:00Z,other,0,0,0,0,0,0,FALSE,0,0,0,0,0,0,0
2026-05-27T22:45:00Z,other,0,0,0,0,0,0,FALSE,0,0,0,0,0,0,0
2026-05-27T23:00:00Z,other,0,0,0,0,0,0,FALSE,0,0,0,0,0,0,0
2026-05-27T23:15:00Z,other,0,0,0,0,0,0,FALSE,0,0,0,0,0,0,0
2026-05-27T23:30:00Z,other,0,0,0,0,0,0,FALSE,0,0,0,0,0,0,0
2026-05-27T23:45:00Z,other,0,0,0,0,0,0,FALSE,0,0,0,0,0,0,0
2026-05-28T00:00:00Z,other,0,0,0,0,0,0,FALSE,0,0,0,0,0,0,0
2026-05-28T00:15:00Z,other,0,0,0,0,0,0,FALSE,0,0,0,0,0,0,0
2026-05-28T00:30:00Z,other,0,0,0,0,0,0,FALSE,0,0,0,0,0,0,0
2026-05-28T00:45:00Z,other,0,0,0,0,0,0,FALSE,0,0,0,0,0,0,0
2026-05-28T01:00:00Z,other,0,0,0,0,0,0,FALSE,0,0,0,0,0,0,0
2026-05-28T01:15:00Z,other,0,0,0,0,0,0,FALSE,0,0,0,0,0,0,0
2026-05-28T01:30:00Z,other,0,0,0,0,0,0,FALSE,0,0,0,0,0,0,0
2026-05-28T01:45:00Z,other,0,0,0,0,0,0,FALSE,0,0,0,0,0,0,0
2026-05-28T02:00:00Z,other,0,0,0,0,0,0,FALSE,0,0,0,0,0,0,0
2026-05-28T02:15:00Z,other,0,0,0,0,0,0,FALSE,0,0,0,0,0,0,0
2026-05-28T02:30:00Z,other,0,0,0,0,0,0,FALSE,0,0,0,0,0,0,0
2026-05-28T02:45:00Z,other,0,0,0,0,0,0,FALSE,0,0,0,0,0,0,0
2026-05-28T03:00:00Z,other,0,0,0,0,0,0,FALSE,0,0,0,0,0,0,0
2026-05-28T03:15:00Z,other,0,0,0,0,0,0,FALSE,0,0,0,0,0,0,0
2026-05-28T03:30:00Z,other,0,0,0,0,0,0,FALSE,0,0,0,0,0,0,0
2026-05-28T03:45:00Z,other,0,0,0,0,0,0,FALSE,0,0,0,0,0,0,0
2026-05-28T04:00:00Z,other,0,0,0,0,0,0,FALSE,0,0,0,0,0,0,0
2026-05-28T04:15:00Z,other,0,0,0,0,0,0,FALSE,0,0,0,0,0,0,0
2026-05-28T04:30:00Z,other,0,0,0,0,0,0,FALSE,0,0,0,0,0,0,0
2026-05-28T04:45:00Z,other,0,0,0,0,0,0,FALSE,0,0,0,0,0,0,0
2026-05-28T05:00:00Z,other,0,0,0,0,0,0,FALSE,0,0,0,0,0,0,0
2026-05-28T05:15:00Z,other,0,0,0,0,0,0,FALSE,0,0,0,0,0,0,0
2026-05-28T05:30:00Z,other,0,0,0,0,0,0,FALSE,0,0,0,0,0,0,0
2026-05-28T05:45:00Z,other,0,0,0,0,0,0,FALSE,0,0,0,0,0,0,0
2026-05-28T06:00:00Z,other,0,0,0,0,0,0,FALSE,0,0,0,0,0,0,0
2026-05-28T06:15:00Z,other,0,0,0,0,0,0,FALSE,0,0,0,0,0,0,0
2026-05-28T06:30:00Z,other,0,0,0,0,0,0,FALSE,0,0,0,0,0,0,0
2026-05-28T06:45:00Z,other,0,0,0,0,0,0,FALSE,0,0,0,0,0,0,0
2026-05-28T07:00:00Z,other,0,0,0,0,0,0,FALSE,0,0,0,0,0,0,0
2026-05-28T07:15:00Z,other,0,0,0,0,0,0,FALSE,0,0,0,0,0,0,0
2026-05-28T07:30:00Z,other,0,0,0,0,0,0,FALSE,0,0,0,0,0,0,0
2026-05-28T07:45:00Z,other,0,0,0,0,0,0,FALSE,0,0,0,0,0,0,0
2026-05-28T08:00:00Z,other,0,0,0,0,0,0,FALSE,0,0,0,0,0,0,0
2026-05-28T08:15:00Z,other,0,0,0,0,0,0,FALSE,0,0,0,0,0,0,0
2026-05-28T08:30:00Z,other,0,0,0,0,0,0,FALSE,0,0,0,0,0,0,0
2026-05-28T08:45:00Z,other,0,0,0,0,0,0,FALSE,0,0,0,0,0,0,0
2026-05-28T09:00:00Z,other,0,0,0,0,0,0,FALSE,0,0,0,0,0,0,0
2026-05-28T09:15:00Z,other,0,0,0,0,0,0,FALSE,0,0,0,0,0,0,0
2026-05-28T09:30:00Z,other,0,0,0,0,0,0,FALSE,0,0,0,0,0,0,0
2026-05-28T09:45:00Z,other,0,0,0,0,0,0,FALSE,0,0,0,0,0,0,0
2026-05-28T10:00:00Z,other,0,0,0,0,0,0,FALSE,0,0,0,0,0,0,0
2026-05-28T10:15:00Z,other,0,0,0,0,0,0,FALSE,0,0,0,0,0,0,0
2026-05-28T10:30:00Z,other,0,0,0,0,0,0,FALSE,0,0,0,0,0,0,0
2026-05-28T10:45:00Z,other,0,0,0,0,0,0,FALSE,0,0,0,0,0,0,0
2026-05-28T11:00:00Z,other,0,0,0,0,0,0,FALSE,0,0,0,0,0,0,0
2026-05-28T11:15:00Z,other,0,0,0,0,0,0,FALSE,0,0,0,0,0,0,0
2026-05-28T11:30:00Z,other,0,0,0,0,0,0,FALSE,0,0,0,0,0,0,0
2026-05-28T11:45:00Z,other,0,0,0,0,0,0,FALSE,0,0,0,0,0,0,0
2026-05-28T12:00:00Z,other,0,0,0,0,0,0,FALSE,0,0,0,0,0,0,0
2026-05-28T12:15:00Z,other,0,0,0,0,0,0,FALSE,0,0,0,0,0,0,0
2026-05-28T12:30:00Z,other,0,0,0,0,0,0,FALSE,0,0,0,0,0,0,0
2026-05-28T12:45:00Z,other,0,0,0,0,0,0,FALSE,0,0,0,0,0,0,0
2026-05-28T13:00:00Z,other,0,0,0,0,0,0,FALSE,0,0,0,0,0,0,0
2026-05-28T13:15:00Z,other,0,0,0,0,0,0,FALSE,0,0,0,0,0,0,0
2026-05-28T13:30:00Z,other,0,0,0,0,0,0,FALSE,0,0,0,0,0,0,0
2026-05-28T13:45:00Z,other,0,0,0,0,0,0,FALSE,0,0,0,0,0,0,0
2026-05-28T14:00:00Z,other,0,0,0,0,0,0,FALSE,0,0,0,0,0,0,0
2026-05-28T14:15:00Z,other,0,0,0,0,0,0,FALSE,0,0,0,0,0,0,0
2026-05-28T14:30:00Z,other,0,0,0,0,0,0,FALSE,0,0,0,0,0,0,0
2026-05-28T14:45:00Z,other,0,0,0,0,0,0,FALSE,0,0,0,0,0,0,0
2026-05-28T15:00:00Z,other,0,0,0,0,0,0,FALSE,0,0,0,0,0,0,0
2026-05-28T15:15:00Z,other,0,0,0,0,0,0,FALSE,0,0,0,0,0,0,0
2026-05-28T15:30:00Z,other,0,0,0,0,0,0,FALSE,0,0,0,0,0,0,0
2026-05-28T15:45:00Z,other,0,0,0,0,0,0,FALSE,0,0,0,0,0,0,0
2026-05-28T16:00:00Z,other,0,0,0,0,0,0,FALSE,0,0,0,0,0,0,0
2026-05-28T16:15:00Z,other,0,0,0,0,0,0,FALSE,0,0,0,0,0,0,0
2026-05-28T16:30:00Z,other,0,0,0,0,0,0,FALSE,0,0,0,0,0,0,0
2026-05-28T16:45:00Z,other,0,0,0,0,0,0,FALSE,0,0,0,0,0,0,0
2026-05-28T17:00:00Z,other,0,0,0,0,0,0,FALSE,0,0,0,0,0,0,0
2026-05-28T17:15:00Z,other,0,0,0,0,0,0,FALSE,0,0,0,0,0,0,0
2026-05-28T17:30:00Z,other,0,0,0,0,0,0,FALSE,0,0,0,0,0,0,0
2026-05-28T17:45:00Z,other,0,0,0,0,0,0,FALSE,0,0,0,0,0,0,0
2026-05-28T18:00:00Z,other,0,0,0,0,0,0,FALSE,0,0,0,0,0,0,0
2026-05-28T18:15:00Z,other,0,0,0,0,0,0,FALSE,0,0,0,0,0,0,0
2026-05-28T18:30:00Z,other,0,0,0,0,0,0,FALSE,0,0,0,0,0,0,0
2026-05-28T18:45:00Z,other,0,0,0,0,0,0,FALSE,0,0,0,0,0,0,0
2026-05-28T19:00:00Z,other,0,0,0,0,0,0,FALSE,0,0,0,0,0,0,0
2026-05-28T19:15:00Z,other,0,0,0,0,0,0,FALSE,0,0,0,0,0,0,0
2026-05-28T19:30:00Z,other,0,0,0,0,0,0,FALSE,0,0,0,0,0,0,0
2026-05-28T19:45:00Z,other,0,0,0,0,0,0,FALSE,0,0,0,0,0,0,0
2026-05-28T20:00:00Z,other,0,0,0,0,0,0,FALSE,0,0,0,0,0,0,0
2026-05-28T20:15:00Z,other,0,0,0,0,0,0,FALSE,0,0,0,0,0,0,0
2026-05-28T20:30:00Z,other,0,0,0,0,0,0,FALSE,0,0,0,0,0,0,0
2026-05-28T20:45:00Z,other,0,0,0,0,0,0,FALSE,0,0,0,0,0,0,0
2026-05-28T21:00:00Z,other,0,0,0,0,0,0,FALSE,0,0,0,0,0,0,0
2026-05-28T21:15:00Z,other,0,0,0,0,0,0,FALSE,0,0,0,0,0,0,0
2026-05-28T21:30:00Z,other,0,0,0,0,0,0,FALSE,0,0,0,0,0,0,0
2026-05-28T21:45:00Z,other,0,0,0,0,0,0,FALSE,0,0,0,0,0,0,0
2026-05-28T22:00:00Z,other,0,0,0,0,0,0,FALSE,0,0,0,0,0,0,0
2026-05-28T22:15:00Z,other,0,0,0,0,0,0,FALSE,0,0,0,0,0,0,0
2026-05-28T22:30:00Z,other,0,0,0,0,0,0,FALSE,0,0,0,0,0,0,0
2026-05-28T22:45:00Z,other,0,0,0,0,0,0,FALSE,0,0,0,0,0,0,0
2026-05-28T23:00:00Z,other,0,0,0,0,0,0,FALSE,0,0,0,0,0,0,0
2026-05-28T23:15:00Z,other,0,0,0,0,0,0,FALSE,0,0,0,0,0,0,0
2026-05-28T23:30:00Z,other,0,0,0,0,0,0,FALSE,0,0,0,0,0,0,0
2026-05-28T23:45:00Z,other,0,0,0,0,0,0,FALSE,0,0,0,0,0,0,0
2026-05-29T00:00:00Z,other,0,0,0,0,0,0,FALSE,0,0,0,0,0,0,0
2026-05-29T00:15:00Z,other,0,0,0,0,0,0,FALSE,0,0,0,0,0,0,0
2026-05-29T00:30:00Z,other,0,0,0,0,0,0,FALSE,0,0,0,0,0,0,0
2026-05-29T00:45:00Z,other,0,0,0,0,0,0,FALSE,0,0,0,0,0,0,0
2026-05-29T01:00:00Z,other,0,0,0,0,0,0,FALSE,0,0,0,0,0,0,0
2026-05-29T01:15:00Z,other,0,0,0,0,0,0,FALSE,0,0,0,0,0,0,0
2026-05-29T01:30:00Z,other,0,0,0,0,0,0,FALSE,0,0,0,0,0,0,0
2026-05-29T01:45:00Z,other,0,0,0,0,0,0,FALSE,0,0,0,0,0,0,0
2026-05-29T02:00:00Z,other,0,0,0,0,0,0,FALSE,0,0,0,0,0,0,0
2026-05-29T02:15:00Z,other,0,0,0,0,0,0,FALSE,0,0,0,0,0,0,0
2026-05-29T02:30:00Z,other,0,0,0,0,0,0,FALSE,0,0,0,0,0,0,0
2026-05-29T02:45:00Z,other,0,0,0,0,0,0,FALSE,0,0,0,0,0,0,0
2026-05-29T03:00:00Z,other,0,0,0,0,0,0,FALSE,0,0,0,0,0,0,0
2026-05-29T03:15:00Z,other,0,0,0,0,0,0,FALSE,0,0,0,0,0,0,0
2026-05-29T03:30:00Z,other,0,0,0,0,0,0,FALSE,0,0,0,0,0,0,0
2026-05-29T03:45:00Z,other,0,0,0,0,0,0,FALSE,0,0,0,0,0,0,0
2026-05-29T04:00:00Z,other,0,0,0,0,0,0,FALSE,0,0,0,0,0,0,0
2026-05-29T04:15:00Z,other,0,0,0,0,0,0,FALSE,0,0,0,0,0,0,0
2026-05-29T04:30:00Z,other,0,0,0,0,0,0,FALSE,0,0,0,0,0,0,0
2026-05-29T04:45:00Z,other,0,0,0,0,0,0,FALSE,0,0,0,0,0,0,0
2026-05-29T05:00:00Z,other,0,0,0,0,0,0,FALSE,0,0,0,0,0,0,0
2026-05-29T05:15:00Z,other,0,0,0,0,0,0,FALSE,0,0,0,0,0,0,0
2026-05-29T05:30:00Z,other,0,0,0,0,0,0,FALSE,0,0,0,0,0,0,0
2026-05-29T05:45:00Z,other,0,0,0,0,0,0,FALSE,0,0,0,0,0,0,0
2026-05-29T06:00:00Z,other,0,0,0,0,0,0,FALSE,0,0,0,0,0,0,0
2026-05-29T06:15:00Z,other,0,0,0,0,0,0,FALSE,0,0,0,0,0,0,0
2026-05-29T06:30:00Z,other,0,0,0,0,0,0,FALSE,0,0,0,0,0,0,0
2026-05-29T06:45:00Z,other,0,0,0,0,0,0,FALSE,0,0,0,0,0,0,0
2026-05-29T07:00:00Z,other,0,0,0,0,0,0,FALSE,0,0,0,0,0,0,0
2026-05-29T07:15:00Z,other,0,0,0,0,0,0,FALSE,0,0,0,0,0,0,0
2026-05-29T07:30:00Z,other,0,0,0,0,0,0,FALSE,0,0,0,0,0,0,0
2026-05-29T07:45:00Z,other,0,0,0,0,0,0,FALSE,0,0,0,0,0,0,0
2026-05-29T08:00:00Z,other,0,0,0,0,0,0,FALSE,0,0,0,0,0,0,0
2026-05-29T08:15:00Z,other,0,0,0,0,0,0,FALSE,0,0,0,0,0,0,0
2026-05-29T08:30:00Z,other,0,0,0,0,0,0,FALSE,0,0,0,0,0,0,0
2026-05-29T08:45:00Z,other,0,0,0,0,0,0,FALSE,0,0,0,0,0,0,0
