bucket,source,blocker_class,events,targets
2026-05-17T05:00:00Z,critical-path launches,PR07C owner evidence,1,ready-rtc-pr07c-reload-record-snapshots
2026-05-17T05:00:00Z,critical-path launches,critical-path launch,3,ready-rtc-pr15c-fallback-group-delete-green-on-pr14b; ready-rtc-pr15a-fallback-group-move-green-on-pr14b; ready-rtc-pr15b-fallback-group-insert-anchor-green-on-pr14b
2026-05-17T05:00:00Z,critical-path launches,deferred-family validation,2,deferred-rtc-reload-hydration-20260517t045710z; deferred-rtc-reload-hydration-20260517t035704z
2026-05-17T05:00:00Z,critical-path launches,seed reducer/final-stack,1,pr17-1020002
2026-05-17T05:30:00Z,critical-path launches,PR07C owner evidence,1,ready-rtc-pr07c-reload-record-snapshots
2026-05-17T05:30:00Z,critical-path launches,critical-path launch,7,ready-rtc-pr14b-table-query-array-local-suffix-append; ready-rtc-pr06b-malformed-save-request-payload-minimal; ready-rtc-pr15c-fallback-group-delete-green-on-pr14b; ready-rtc-pr15a-fallback-group-move-green-on-pr14b; ready-rtc-pr15b-fallback-group-insert-anchor-green-on-pr14b
2026-05-17T05:30:00Z,critical-path launches,deferred-family validation,22,deferred-rtc-reload-hydration-20260517t042707z; deferred-rtc-http-room-isolation-20260517t023739z; deferred-rtc-pre-save-search-live-collapse-20260517t022131z; deferred-rtc-rich-text-suffix-corruption-20260517t022133z; deferred-rtc-malformed-save-payload-20260517t012122z
2026-05-17T05:30:00Z,critical-path launches,seed reducer/final-stack,5,seed-5200005-reducer; seed-1060015-reducer; pr17-1020002
2026-05-17T06:00:00Z,critical-path launches,PR07C owner evidence,2,ready-rtc-pr07c-reload-record-snapshots
2026-05-17T06:00:00Z,critical-path launches,critical-path launch,10,ready-rtc-pr15c-fallback-group-delete-green-on-pr14b; ready-rtc-pr15a-fallback-group-move-green-on-pr14b; ready-rtc-pr15b-fallback-group-insert-anchor-green-on-pr14b; ready-rtc-pr14b-table-query-array-local-suffix-append; ready-rtc-pr06b-malformed-save-request-payload-minimal
2026-05-17T06:00:00Z,critical-path launches,deferred-family validation,25,deferred-rtc-reload-hydration-20260517t045710z; deferred-rtc-reload-hydration-20260517t035704z; deferred-rtc-reload-hydration-20260517t042707z; deferred-rtc-http-room-isolation-20260517t023739z; deferred-rtc-pre-save-search-live-collapse-20260517t022131z
2026-05-17T06:00:00Z,critical-path launches,seed reducer/final-stack,6,pr17-1020002; seed-5200005-reducer; seed-1060015-reducer
2026-05-17T06:30:00Z,critical-path launches,PR07C owner evidence,3,ready-rtc-pr07c-reload-record-snapshots
2026-05-17T06:30:00Z,critical-path launches,critical-path launch,15,ready-rtc-pr15c-fallback-group-delete-green-on-pr14b; ready-rtc-pr15a-fallback-group-move-green-on-pr14b; ready-rtc-pr15b-fallback-group-insert-anchor-green-on-pr14b; ready-rtc-pr14b-table-query-array-local-suffix-append; ready-rtc-pr06b-malformed-save-request-payload-minimal
2026-05-17T06:30:00Z,critical-path launches,deferred-family validation,30,deferred-rtc-reload-hydration-20260517t045710z; deferred-rtc-reload-hydration-20260517t035704z; deferred-rtc-reload-hydration-20260517t042707z; deferred-rtc-http-room-isolation-20260517t023739z; deferred-rtc-pre-save-search-live-collapse-20260517t022131z
2026-05-17T06:30:00Z,critical-path launches,seed reducer/final-stack,6,pr17-1020002; seed-5200005-reducer; seed-1060015-reducer
2026-05-17T07:00:00Z,critical-path launches,PR07C owner evidence,2,ready-rtc-pr07c-reload-record-snapshots
2026-05-17T07:00:00Z,critical-path launches,critical-path launch,10,ready-rtc-pr15c-fallback-group-delete-green-on-pr14b; ready-rtc-pr15a-fallback-group-move-green-on-pr14b; ready-rtc-pr15b-fallback-group-insert-anchor-green-on-pr14b; ready-rtc-pr14b-table-query-array-local-suffix-append; ready-rtc-pr06b-malformed-save-request-payload-minimal
2026-05-17T07:00:00Z,critical-path launches,deferred-family validation,24,deferred-rtc-reload-hydration-20260517t055716z; deferred-rtc-reload-hydration-20260517t045710z; deferred-rtc-reload-hydration-20260517t035704z; deferred-rtc-reload-hydration-20260517t065722z; deferred-rtc-reload-hydration-20260517t042707z
2026-05-17T07:00:00Z,critical-path launches,seed reducer/final-stack,6,pr17-1020002; seed-5200005-reducer; seed-1060015-reducer
2026-05-17T07:30:00Z,critical-path launches,PR07C owner evidence,2,ready-rtc-pr07c-reload-record-snapshots
2026-05-17T07:30:00Z,critical-path launches,critical-path launch,12,ready-rtc-pr03b-browser-revision-restore-crdt-invalidation; ready-rtc-pr15c-fallback-group-delete-green-on-pr14b; ready-rtc-pr15a-fallback-group-move-green-on-pr14b; ready-rtc-pr15b-fallback-group-insert-anchor-green-on-pr14b; ready-rtc-pr14b-table-query-array-local-suffix-append
2026-05-17T07:30:00Z,critical-path launches,deferred-family validation,23,deferred-rtc-reload-hydration-20260517t055716z; deferred-rtc-reload-hydration-20260517t045710z; deferred-rtc-reload-hydration-20260517t035704z; deferred-rtc-reload-hydration-20260517t065722z; deferred-rtc-reload-hydration-20260517t042707z
2026-05-17T07:30:00Z,critical-path launches,seed reducer/final-stack,6,pr17-1020002; seed-5200005-reducer; seed-1060015-reducer
2026-05-17T08:00:00Z,critical-path launches,PR07C owner evidence,2,ready-rtc-pr07c-reload-record-snapshots
2026-05-17T08:00:00Z,critical-path launches,critical-path launch,12,ready-rtc-pr03b-browser-revision-restore-crdt-invalidation; ready-rtc-pr15c-fallback-group-delete-green-on-pr14b; ready-rtc-pr15a-fallback-group-move-green-on-pr14b; ready-rtc-pr15b-fallback-group-insert-anchor-green-on-pr14b; ready-rtc-pr14b-table-query-array-local-suffix-append
2026-05-17T08:00:00Z,critical-path launches,deferred-family validation,22,deferred-rtc-reload-hydration-20260517t055716z; deferred-rtc-reload-hydration-20260517t045710z; deferred-rtc-reload-hydration-20260517t035704z; deferred-rtc-reload-hydration-20260517t065722z; deferred-rtc-reload-hydration-20260517t042707z
2026-05-17T08:00:00Z,critical-path launches,seed reducer/final-stack,6,pr17-1020002; seed-5200005-reducer; seed-1060015-reducer
2026-05-17T08:30:00Z,critical-path launches,PR07C owner evidence,2,ready-rtc-pr07c-reload-record-snapshots
2026-05-17T08:30:00Z,critical-path launches,critical-path launch,12,ready-rtc-pr03b-browser-revision-restore-crdt-invalidation; ready-rtc-pr15c-fallback-group-delete-green-on-pr14b; ready-rtc-pr15a-fallback-group-move-green-on-pr14b; ready-rtc-pr15b-fallback-group-insert-anchor-green-on-pr14b; ready-rtc-pr14b-table-query-array-local-suffix-append
2026-05-17T08:30:00Z,critical-path launches,deferred-family validation,21,deferred-rtc-reload-hydration-20260517t055716z; deferred-rtc-reload-hydration-20260517t045710z; deferred-rtc-reload-hydration-20260517t035704z; deferred-rtc-reload-hydration-20260517t065722z; deferred-rtc-reload-hydration-20260517t042707z
2026-05-17T08:30:00Z,critical-path launches,seed reducer/final-stack,6,pr17-1020002; seed-5200005-reducer; seed-1060015-reducer
2026-05-17T09:00:00Z,critical-path launches,PR07C owner evidence,2,ready-rtc-pr07c-reload-record-snapshots
2026-05-17T09:00:00Z,critical-path launches,critical-path launch,12,ready-rtc-pr03b-browser-revision-restore-crdt-invalidation; ready-rtc-pr15c-fallback-group-delete-green-on-pr14b; ready-rtc-pr15a-fallback-group-move-green-on-pr14b; ready-rtc-pr15b-fallback-group-insert-anchor-green-on-pr14b; ready-rtc-pr14b-table-query-array-local-suffix-append
2026-05-17T09:00:00Z,critical-path launches,deferred-family validation,22,deferred-rtc-reload-hydration-20260517t073541z; deferred-rtc-reload-hydration-20260517t055716z; deferred-rtc-reload-hydration-20260517t045710z; deferred-rtc-reload-hydration-20260517t035704z; deferred-rtc-reload-hydration-20260517t065722z
2026-05-17T09:00:00Z,critical-path launches,seed reducer/final-stack,6,pr17-1020002; seed-5200005-reducer; seed-1060015-reducer
2026-05-17T09:30:00Z,critical-path launches,PR07C owner evidence,2,ready-rtc-pr07c-reload-record-snapshots
2026-05-17T09:30:00Z,critical-path launches,critical-path launch,12,ready-rtc-pr03b-browser-revision-restore-crdt-invalidation; ready-rtc-pr15c-fallback-group-delete-green-on-pr14b; ready-rtc-pr15a-fallback-group-move-green-on-pr14b; ready-rtc-pr15b-fallback-group-insert-anchor-green-on-pr14b; ready-rtc-pr14b-table-query-array-local-suffix-append
2026-05-17T09:30:00Z,critical-path launches,deferred-family validation,22,deferred-rtc-reload-hydration-20260517t073541z; deferred-rtc-reload-hydration-20260517t055716z; deferred-rtc-reload-hydration-20260517t045710z; deferred-rtc-reload-hydration-20260517t035704z; deferred-rtc-reload-hydration-20260517t065722z
2026-05-17T09:30:00Z,critical-path launches,seed reducer/final-stack,6,pr17-1020002; seed-5200005-reducer; seed-1060015-reducer
2026-05-17T10:00:00Z,critical-path launches,PR07C owner evidence,2,ready-rtc-pr07c-reload-record-snapshots
2026-05-17T10:00:00Z,critical-path launches,critical-path launch,10,ready-rtc-pr03b-browser-revision-restore-crdt-invalidation; ready-rtc-pr15c-fallback-group-delete-green-on-pr14b; ready-rtc-pr15a-fallback-group-move-green-on-pr14b; ready-rtc-pr15b-fallback-group-insert-anchor-green-on-pr14b; ready-rtc-pr14b-table-query-array-local-suffix-append
2026-05-17T10:00:00Z,critical-path launches,deferred-family validation,24,deferred-rtc-reload-hydration-20260517t073541z; deferred-rtc-reload-hydration-20260517t093634z; deferred-rtc-reload-hydration-20260517t055716z; deferred-rtc-reload-hydration-20260517t045710z; deferred-rtc-reload-hydration-20260517t035704z
2026-05-17T10:00:00Z,critical-path launches,seed reducer/final-stack,6,pr17-1020002; seed-5200005-reducer; seed-1060015-reducer
2026-05-17T10:30:00Z,critical-path launches,PR07C owner evidence,2,ready-rtc-pr07c-reload-record-snapshots
2026-05-17T10:30:00Z,critical-path launches,critical-path launch,10,ready-rtc-pr03b-browser-revision-restore-crdt-invalidation; ready-rtc-pr15c-fallback-group-delete-green-on-pr14b; ready-rtc-pr15a-fallback-group-move-green-on-pr14b; ready-rtc-pr15b-fallback-group-insert-anchor-green-on-pr14b; ready-rtc-pr14b-table-query-array-local-suffix-append
2026-05-17T10:30:00Z,critical-path launches,deferred-family validation,24,deferred-rtc-reload-hydration-20260517t073541z; deferred-rtc-reload-hydration-20260517t093634z; deferred-rtc-reload-hydration-20260517t055716z; deferred-rtc-reload-hydration-20260517t045710z; deferred-rtc-reload-hydration-20260517t035704z
2026-05-17T10:30:00Z,critical-path launches,seed reducer/final-stack,5,pr17-1020002; seed-5200005-reducer; seed-1060015-reducer
2026-05-17T11:00:00Z,critical-path launches,PR07C owner evidence,2,ready-rtc-pr07c-reload-record-snapshots
2026-05-17T11:00:00Z,critical-path launches,critical-path launch,7,ready-rtc-pr03b-browser-revision-restore-crdt-invalidation; ready-rtc-pr15c-fallback-group-delete-green-on-pr14b; ready-rtc-pr15a-fallback-group-move-green-on-pr14b; ready-rtc-pr15b-fallback-group-insert-anchor-green-on-pr14b; ready-rtc-pr14b-table-query-array-local-suffix-append
2026-05-17T11:00:00Z,critical-path launches,deferred-family validation,17,deferred-rtc-reload-hydration-20260517t073541z; deferred-rtc-reload-hydration-20260517t093634z; deferred-rtc-reload-hydration-20260517t055716z; deferred-rtc-reload-hydration-20260517t045710z; deferred-rtc-reload-hydration-20260517t035704z
2026-05-17T11:00:00Z,critical-path launches,seed reducer/final-stack,5,seed-1060015-reducer; pr17-1020002; seed-5200005-reducer
2026-05-17T11:30:00Z,critical-path launches,PR07C owner evidence,1,ready-rtc-pr07c-reload-record-snapshots
2026-05-17T11:30:00Z,critical-path launches,critical-path launch,8,ready-rtc-pr15a-fallback-group-move-green-on-pr14b; ready-rtc-pr15b-fallback-group-insert-anchor-green-on-pr14b; ready-rtc-pr14b-table-query-array-local-suffix-append; ready-rtc-pr03b-browser-revision-restore-crdt-invalidation; ready-rtc-pr15c-fallback-group-delete-green-on-pr14b
2026-05-17T11:30:00Z,critical-path launches,deferred-family validation,21,deferred-rtc-reload-hydration-20260517t100637z; deferred-rtc-reload-hydration-20260517t065722z; deferred-rtc-reload-hydration-20260517t042707z; deferred-rtc-reload-hydration-20260517t062719z; deferred-rtc-http-room-isolation-20260517t023739z
2026-05-17T11:30:00Z,critical-path launches,seed reducer/final-stack,5,seed-5200005-reducer; seed-1060015-reducer; pr17-1020002
2026-05-17T12:00:00Z,critical-path launches,PR07C owner evidence,2,ready-rtc-pr07c-reload-record-snapshots
2026-05-17T12:00:00Z,critical-path launches,critical-path launch,10,ready-rtc-pr03b-browser-revision-restore-crdt-invalidation; ready-rtc-pr15c-fallback-group-delete-green-on-pr14b; ready-rtc-pr15a-fallback-group-move-green-on-pr14b; ready-rtc-pr15b-fallback-group-insert-anchor-green-on-pr14b; ready-rtc-pr14b-table-query-array-local-suffix-append
2026-05-17T12:00:00Z,critical-path launches,deferred-family validation,23,deferred-rtc-reload-hydration-20260517t055716z; deferred-rtc-reload-hydration-20260517t045710z; deferred-rtc-reload-hydration-20260517t035704z; deferred-rtc-reload-hydration-20260517t100637z; deferred-rtc-reload-hydration-20260517t065722z
2026-05-17T12:00:00Z,critical-path launches,seed reducer/final-stack,6,pr17-1020002; seed-5200005-reducer; seed-1060015-reducer
2026-05-17T12:30:00Z,critical-path launches,PR07C owner evidence,2,ready-rtc-pr07c-reload-record-snapshots
2026-05-17T12:30:00Z,critical-path launches,critical-path launch,10,ready-rtc-pr03b-browser-revision-restore-crdt-invalidation; ready-rtc-pr15c-fallback-group-delete-green-on-pr14b; ready-rtc-pr15a-fallback-group-move-green-on-pr14b; ready-rtc-pr15b-fallback-group-insert-anchor-green-on-pr14b; ready-rtc-pr14b-table-query-array-local-suffix-append
2026-05-17T12:30:00Z,critical-path launches,deferred-family validation,24,deferred-rtc-reload-hydration-20260517t093634z; deferred-rtc-reload-hydration-20260517t055716z; deferred-rtc-reload-hydration-20260517t045710z; deferred-rtc-reload-hydration-20260517t035704z; deferred-rtc-reload-hydration-20260517t100637z
2026-05-17T12:30:00Z,critical-path launches,seed reducer/final-stack,6,pr17-1020002; seed-5200005-reducer; seed-1060015-reducer
2026-05-17T13:00:00Z,critical-path launches,PR07C owner evidence,2,ready-rtc-pr07c-reload-record-snapshots
2026-05-17T13:00:00Z,critical-path launches,critical-path launch,10,ready-rtc-pr03b-browser-revision-restore-crdt-invalidation; ready-rtc-pr15c-fallback-group-delete-green-on-pr14b; ready-rtc-pr15a-fallback-group-move-green-on-pr14b; ready-rtc-pr15b-fallback-group-insert-anchor-green-on-pr14b; ready-rtc-pr14b-table-query-array-local-suffix-append
2026-05-17T13:00:00Z,critical-path launches,deferred-family validation,24,deferred-rtc-reload-hydration-20260517t093634z; deferred-rtc-reload-hydration-20260517t055716z; deferred-rtc-reload-hydration-20260517t045710z; deferred-rtc-reload-hydration-20260517t035704z; deferred-rtc-reload-hydration-20260517t100637z
2026-05-17T13:00:00Z,critical-path launches,seed reducer/final-stack,6,pr17-1020002; seed-5200005-reducer; seed-1060015-reducer
2026-05-17T13:30:00Z,critical-path launches,PR07C owner evidence,2,ready-rtc-pr07c-reload-record-snapshots
2026-05-17T13:30:00Z,critical-path launches,critical-path launch,28,ready-rtc-pr03b-browser-revision-restore-crdt-invalidation; ready-rtc-pr15c-fallback-group-delete-green-on-pr14b; ready-rtc-pr15a-fallback-group-move-green-on-pr14b; ready-rtc-pr15b-fallback-group-insert-anchor-green-on-pr14b; ready-rtc-pr14b-table-query-array-local-suffix-append
2026-05-17T13:30:00Z,critical-path launches,deferred-family validation,11,deferred-rtc-reload-hydration-20260517t093634z; deferred-rtc-reload-hydration-20260517t055716z; deferred-rtc-reload-hydration-20260517t045710z; deferred-rtc-reload-hydration-20260517t035704z; deferred-rtc-reload-hydration-20260517t100637z
2026-05-17T13:30:00Z,critical-path launches,seed reducer/final-stack,5,pr17-1020002; seed-5200005-reducer; seed-1060015-reducer
2026-05-17T14:00:00Z,critical-path launches,PR07C owner evidence,2,ready-rtc-pr07c-reload-record-snapshots
2026-05-17T14:00:00Z,critical-path launches,critical-path launch,28,ready-rtc-pr06b-malformed-save-request-payload; ready-rtc-pr15c-fallback-group-delete-green; ready-rtc-pr07b-save-response-manager-base-record; ready-rtc-pr09-store-lock-fairness; ready-rtc-pr10-crdt-block-rebase
2026-05-17T14:00:00Z,critical-path launches,seed reducer/final-stack,2,seed-5200005-reducer; seed-1060015-reducer
2026-05-17T14:30:00Z,critical-path launches,PR07C owner evidence,1,ready-rtc-pr07c-reload-record-snapshots
2026-05-17T14:30:00Z,critical-path launches,critical-path launch,30,cycle264-pr05d-clean-base-semicolonless-entity-validation; ready-rtc-pr06b-malformed-save-request-payload-minimal; ready-rtc-pr02a-http-room-isolation-regression; ready-rtc-pr14-table-body-array-green; ready-rtc-pr15a-fallback-group-move-green
2026-05-17T14:30:00Z,critical-path launches,seed reducer/final-stack,4,seed-5200005-reducer; seed-1060015-reducer
2026-05-17T15:00:00Z,critical-path launches,PR07C owner evidence,1,ready-rtc-pr07c-reload-record-snapshots
2026-05-17T15:00:00Z,critical-path launches,critical-path launch,10,ready-rtc-pr15c-fallback-group-delete-green-on-pr14b; ready-rtc-pr15a-fallback-group-move-green-on-pr14b; ready-rtc-pr15b-fallback-group-insert-anchor-green-on-pr14b; ready-rtc-pr14b-table-query-array-local-suffix-append; cycle264-pr05d-clean-base-semicolonless-entity-validation
2026-05-17T15:00:00Z,critical-path launches,seed reducer/final-stack,2,seed-5200005-reducer; seed-1060015-reducer
2026-05-17T17:00:00Z,critical-path launches,PR07C owner evidence,1,pr07c-browser-env
2026-05-17T17:30:00Z,critical-path launches,PR07C owner evidence,2,pr07c-browser-env
2026-05-17T18:00:00Z,critical-path launches,PR07C owner evidence,1,pr07c-browser-env
2026-05-17T18:30:00Z,critical-path launches,PR07C owner evidence,2,pr07c-browser-env
2026-05-17T19:00:00Z,critical-path launches,PR07C owner evidence,2,pr07c-browser-env
2026-05-17T19:30:00Z,critical-path launches,PR07C owner evidence,2,pr07c-browser-env
2026-05-17T20:00:00Z,critical-path launches,PR07C owner evidence,2,pr07c-browser-env
2026-05-17T20:30:00Z,critical-path launches,PR07C owner evidence,2,pr07c-browser-env
2026-05-17T21:00:00Z,critical-path launches,PR07C owner evidence,1,pr07c-browser-env
2026-05-17T21:30:00Z,critical-path launches,PR07C owner evidence,2,pr07c-browser-env
2026-05-17T22:00:00Z,critical-path launches,PR07C owner evidence,2,pr07c-browser-env
2026-05-17T22:30:00Z,critical-path launches,PR07C owner evidence,2,pr07c-browser-env
2026-05-17T23:00:00Z,critical-path launches,PR07C owner evidence,2,pr07c-browser-env
2026-05-17T23:30:00Z,critical-path launches,PR07C owner evidence,2,pr07c-browser-env
2026-05-18T00:00:00Z,critical-path launches,PR07C owner evidence,1,pr07c-browser-env
2026-05-18T00:30:00Z,critical-path launches,PR07C owner evidence,2,pr07c-browser-env
2026-05-18T01:00:00Z,critical-path launches,PR07C owner evidence,2,pr07c-browser-env
2026-05-18T01:30:00Z,critical-path launches,PR07C owner evidence,2,pr07c-browser-env
2026-05-18T02:00:00Z,critical-path launches,PR07C owner evidence,2,pr07c-browser-env
2026-05-18T02:30:00Z,critical-path launches,PR07C owner evidence,2,pr07c-browser-env
2026-05-18T03:00:00Z,critical-path launches,PR07C owner evidence,2,pr07c-browser-env
2026-05-18T03:30:00Z,critical-path launches,PR07C owner evidence,1,pr07c-browser-env
2026-05-18T04:00:00Z,critical-path launches,PR07C owner evidence,1,pr07c-browser-env
2026-05-18T05:00:00Z,critical-path launches,PR07C owner evidence,1,pr07c-browser-env
2026-05-18T05:30:00Z,critical-path launches,PR07C owner evidence,2,pr07c-browser-env
2026-05-18T06:00:00Z,critical-path launches,PR07C owner evidence,1,pr07c-browser-env
2026-05-18T06:30:00Z,critical-path launches,PR07C owner evidence,1,pr07c-browser-env
2026-05-18T07:30:00Z,critical-path launches,PR07C owner evidence,1,pr07c-browser-env
2026-05-18T08:00:00Z,critical-path launches,PR07C owner evidence,1,pr07c-browser-env
2026-05-18T10:00:00Z,critical-path launches,PR07C owner evidence,2,pr07c-browser-env
2026-05-18T10:30:00Z,critical-path launches,PR07C owner evidence,2,pr07c-browser-env
2026-05-18T11:00:00Z,critical-path launches,PR07C owner evidence,1,pr07c-browser-env
2026-05-18T11:30:00Z,critical-path launches,PR07C owner evidence,1,pr07c-browser-env
2026-05-18T12:00:00Z,critical-path launches,PR07C owner evidence,1,pr07c-browser-env
2026-05-18T13:00:00Z,critical-path launches,PR07C owner evidence,2,pr07c-browser-env
2026-05-18T13:30:00Z,critical-path launches,PR07C owner evidence,2,pr07c-browser-env
2026-05-18T14:00:00Z,critical-path launches,PR07C owner evidence,2,pr07c-browser-env
2026-05-18T14:30:00Z,critical-path launches,PR07C owner evidence,1,pr07c-browser-env
2026-05-18T15:00:00Z,critical-path launches,PR07C owner evidence,1,pr07c-browser-env
2026-05-18T15:30:00Z,critical-path launches,PR07C owner evidence,1,pr07c-browser-env
2026-05-18T16:00:00Z,critical-path launches,PR07C owner evidence,1,pr07c-browser-env
2026-05-18T16:30:00Z,critical-path launches,PR07C owner evidence,1,pr07c-browser-env
2026-05-18T17:00:00Z,critical-path launches,PR07C owner evidence,2,pr07c-browser-env
2026-05-18T17:30:00Z,critical-path launches,PR07C owner evidence,2,pr07c-browser-env
2026-05-18T18:00:00Z,critical-path launches,PR07C owner evidence,1,pr07c-browser-env
2026-05-18T18:30:00Z,PR controller,resource/discovery reserve,12,PR07C/HOLD-07C
2026-05-18T19:00:00Z,PR controller,resource/discovery reserve,7,PR07C/HOLD-07C
2026-05-18T19:00:00Z,PR controller,single-flight/concurrency,5,PR07C/HOLD-07C
2026-05-18T19:30:00Z,PR controller,resource/discovery reserve,3,PR07C/HOLD-07C
2026-05-18T19:30:00Z,PR controller,single-flight/concurrency,8,PR07C/HOLD-07C
2026-05-18T20:00:00Z,PR controller,resource/discovery reserve,7,PR07C/HOLD-07C
2026-05-18T20:00:00Z,PR controller,single-flight/concurrency,5,PR07C/HOLD-07C
2026-05-18T20:30:00Z,PR controller,consumed owner evidence,3,PR07C/HOLD-07C
2026-05-18T20:30:00Z,PR controller,resource/discovery reserve,4,PR07C/HOLD-07C
2026-05-18T20:30:00Z,PR controller,single-flight/concurrency,4,PR07C/HOLD-07C
2026-05-18T21:00:00Z,PR controller,consumed owner evidence,17,PR07C/HOLD-07C
2026-05-18T21:30:00Z,PR controller,consumed owner evidence,13,PR07C/HOLD-07C
2026-05-18T21:30:00Z,PR controller,single-flight/concurrency,1,PR07C/HOLD-07C
2026-05-18T22:00:00Z,PR controller,consumed owner evidence,11,PR07C/HOLD-07C
2026-05-18T22:00:00Z,PR controller,single-flight/concurrency,2,PR07C/HOLD-07C
2026-05-18T22:30:00Z,PR controller,consumed owner evidence,8,PR07C/HOLD-07C
2026-05-18T22:30:00Z,PR controller,resource/discovery reserve,1,PR07C/HOLD-07C
2026-05-18T22:30:00Z,PR controller,single-flight/concurrency,3,PR07C/HOLD-07C
2026-05-18T23:00:00Z,PR controller,resource/discovery reserve,15,PR07C/HOLD-07C
2026-05-18T23:30:00Z,PR controller,resource/discovery reserve,14,PR07C/HOLD-07C
2026-05-19T00:00:00Z,PR controller,resource/discovery reserve,15,PR07C/HOLD-07C
2026-05-19T00:30:00Z,PR controller,resource/discovery reserve,15,PR07C/HOLD-07C
2026-05-19T01:00:00Z,PR controller,resource/discovery reserve,15,PR07C/HOLD-07C
2026-05-19T01:30:00Z,PR controller,consumed owner evidence,1,PR07C/HOLD-07C
2026-05-19T01:30:00Z,PR controller,resource/discovery reserve,10,PR07C/HOLD-07C
2026-05-19T01:30:00Z,PR controller,single-flight/concurrency,2,PR07C/HOLD-07C
2026-05-19T02:00:00Z,PR controller,consumed owner evidence,1,PR07C/HOLD-07C
2026-05-19T02:00:00Z,PR controller,resource/discovery reserve,8,PR07C/HOLD-07C
2026-05-19T02:00:00Z,PR controller,single-flight/concurrency,3,PR07C/HOLD-07C
2026-05-19T02:30:00Z,PR controller,resource/discovery reserve,15,PR07C/HOLD-07C
2026-05-19T03:00:00Z,PR controller,consumed owner evidence,1,PR07C/HOLD-07C
2026-05-19T03:00:00Z,PR controller,resource/discovery reserve,12,PR07C/HOLD-07C
2026-05-19T03:00:00Z,PR controller,single-flight/concurrency,1,PR07C/HOLD-07C
2026-05-19T03:30:00Z,PR controller,consumed owner evidence,14,PR07C/HOLD-07C
2026-05-19T03:30:00Z,PR controller,resource/discovery reserve,1,PR07C/HOLD-07C
2026-05-19T04:00:00Z,PR controller,consumed owner evidence,3,PR07C/HOLD-07C
2026-05-19T04:00:00Z,PR controller,resource/discovery reserve,8,PR07C/HOLD-07C
2026-05-19T04:00:00Z,PR controller,single-flight/concurrency,2,PR07C/HOLD-07C
2026-05-19T04:30:00Z,PR controller,resource/discovery reserve,14,PR07C/HOLD-07C
2026-05-19T05:00:00Z,PR controller,resource/discovery reserve,13,PR07C/HOLD-07C
2026-05-19T05:00:00Z,PR controller,single-flight/concurrency,1,PR07C/HOLD-07C
2026-05-19T05:30:00Z,PR controller,consumed owner evidence,8,PR07C/HOLD-07C
2026-05-19T05:30:00Z,PR controller,resource/discovery reserve,7,PR07C/HOLD-07C
2026-05-19T06:00:00Z,PR controller,resource/discovery reserve,15,PR07C/HOLD-07C
2026-05-19T06:30:00Z,PR controller,consumed owner evidence,1,PR07C/HOLD-07C
2026-05-19T06:30:00Z,PR controller,resource/discovery reserve,10,PR07C/HOLD-07C
2026-05-19T06:30:00Z,PR controller,single-flight/concurrency,2,PR07C/HOLD-07C
2026-05-19T07:00:00Z,PR controller,resource/discovery reserve,14,PR07C/HOLD-07C
2026-05-19T07:30:00Z,PR controller,consumed owner evidence,14,PR07C/HOLD-07C
2026-05-19T07:30:00Z,PR controller,single-flight/concurrency,1,PR07C/HOLD-07C
2026-05-19T08:00:00Z,PR controller,consumed owner evidence,2,PR07C/HOLD-07C
2026-05-19T08:00:00Z,PR controller,resource/discovery reserve,8,PR07C/HOLD-07C
2026-05-19T08:00:00Z,PR controller,single-flight/concurrency,3,PR07C/HOLD-07C
2026-05-19T08:30:00Z,PR controller,consumed owner evidence,5,PR07C/HOLD-07C
2026-05-19T08:30:00Z,PR controller,resource/discovery reserve,4,PR07C/HOLD-07C
2026-05-19T08:30:00Z,PR controller,single-flight/concurrency,1,PR07C/HOLD-07C
2026-05-19T08:30:00Z,critical-path launches,PR07C owner evidence,1,pr07c-browser-env
2026-05-19T09:00:00Z,critical-path launches,PR07C owner evidence,2,pr07c-browser-env
2026-05-19T09:30:00Z,critical-path launches,PR07C owner evidence,2,pr07c-browser-env
2026-05-19T10:00:00Z,critical-path launches,PR07C owner evidence,2,pr07c-browser-env
2026-05-19T10:30:00Z,critical-path launches,PR07C owner evidence,1,pr07c-browser-env
2026-05-19T11:00:00Z,critical-path launches,PR07C owner evidence,2,pr07c-browser-env
2026-05-19T11:30:00Z,critical-path launches,PR07C owner evidence,2,pr07c-browser-env
2026-05-19T12:00:00Z,critical-path launches,PR07C owner evidence,2,pr07c-browser-env
2026-05-19T12:30:00Z,critical-path launches,PR07C owner evidence,2,pr07c-browser-env
2026-05-19T13:00:00Z,critical-path launches,PR07C owner evidence,2,pr07c-browser-env
2026-05-19T13:30:00Z,critical-path launches,PR07C owner evidence,2,pr07c-browser-env
2026-05-19T14:00:00Z,critical-path launches,PR07C owner evidence,1,pr07c-browser-env
2026-05-19T14:30:00Z,critical-path launches,PR07C owner evidence,2,pr07c-browser-env
2026-05-19T15:00:00Z,critical-path launches,PR07C owner evidence,2,pr07c-browser-env
2026-05-19T15:30:00Z,critical-path launches,PR07C owner evidence,2,pr07c-browser-env
2026-05-19T16:00:00Z,critical-path launches,PR07C owner evidence,1,pr07c-browser-env
2026-05-19T16:30:00Z,critical-path launches,PR07C owner evidence,2,pr07c-browser-env
2026-05-19T17:00:00Z,critical-path launches,PR07C owner evidence,2,pr07c-browser-env
2026-05-20T08:00:00Z,PR controller,resource/discovery reserve,1,PR07C/HOLD-07C
2026-05-20T08:00:00Z,critical-path launches,benchmark canary/exact-stack,1,benchmark-canary-fuzzer-gap
2026-05-20T08:30:00Z,PR controller,consumed owner evidence,1,PR07C/HOLD-07C
2026-05-20T08:30:00Z,PR controller,resource/discovery reserve,9,PR07C/HOLD-07C
2026-05-20T08:30:00Z,critical-path launches,benchmark canary/exact-stack,1,benchmark-canary-fuzzer-gap
2026-05-20T09:00:00Z,PR controller,resource/discovery reserve,9,PR07C/HOLD-07C
2026-05-20T09:30:00Z,PR controller,consumed owner evidence,8,PR07C/HOLD-07C
2026-05-20T09:30:00Z,PR controller,single-flight/concurrency,1,PR07C/HOLD-07C
2026-05-20T09:30:00Z,critical-path launches,benchmark canary/exact-stack,1,benchmark-canary-fuzzer-gap
2026-05-20T10:00:00Z,PR controller,consumed owner evidence,10,PR07C/HOLD-07C
2026-05-20T10:00:00Z,critical-path launches,benchmark canary/exact-stack,1,benchmark-canary-fuzzer-gap
2026-05-20T10:30:00Z,PR controller,consumed owner evidence,9,PR07C/HOLD-07C
2026-05-20T10:30:00Z,critical-path launches,benchmark canary/exact-stack,1,benchmark-canary-fuzzer-gap
2026-05-20T11:00:00Z,PR controller,consumed owner evidence,9,PR07C/HOLD-07C
2026-05-20T11:00:00Z,critical-path launches,benchmark canary/exact-stack,2,benchmark-canary-fuzzer-gap
2026-05-20T11:30:00Z,PR controller,consumed owner evidence,10,PR07C/HOLD-07C
2026-05-20T11:30:00Z,critical-path launches,benchmark canary/exact-stack,1,benchmark-canary-fuzzer-gap
2026-05-20T12:00:00Z,PR controller,consumed owner evidence,10,PR07C/HOLD-07C
2026-05-20T12:00:00Z,critical-path launches,benchmark canary/exact-stack,1,benchmark-canary-fuzzer-gap
2026-05-20T12:30:00Z,PR controller,consumed owner evidence,10,PR07C/HOLD-07C
2026-05-20T12:30:00Z,critical-path launches,benchmark canary/exact-stack,1,benchmark-canary-fuzzer-gap
2026-05-20T13:00:00Z,PR controller,consumed owner evidence,7,PR07C/HOLD-07C
2026-05-20T13:00:00Z,critical-path launches,seed reducer/final-stack,2,pr17-1020002; seed-5200005-reducer
2026-05-20T13:30:00Z,PR controller,consumed owner evidence,9,PR07C/HOLD-07C
2026-05-20T13:30:00Z,critical-path launches,benchmark canary/exact-stack,1,benchmark-canary-fuzzer-gap
2026-05-20T13:30:00Z,critical-path launches,seed reducer/final-stack,1,pr17-1020002
2026-05-20T14:00:00Z,PR controller,consumed owner evidence,9,PR07C/HOLD-07C
2026-05-20T14:30:00Z,PR controller,consumed owner evidence,10,PR07C/HOLD-07C
2026-05-20T14:30:00Z,critical-path launches,benchmark canary/exact-stack,2,benchmark-canary-fuzzer-gap
2026-05-20T15:00:00Z,PR controller,consumed owner evidence,7,PR07C/HOLD-07C
2026-05-20T15:00:00Z,critical-path launches,benchmark canary/exact-stack,1,benchmark-canary-fuzzer-gap
2026-05-20T15:30:00Z,critical-path launches,benchmark canary/exact-stack,1,benchmark-canary-fuzzer-gap
2026-05-20T16:00:00Z,critical-path launches,benchmark canary/exact-stack,2,benchmark-canary-fuzzer-gap
2026-05-20T17:00:00Z,critical-path launches,benchmark canary/exact-stack,1,benchmark-canary-fuzzer-gap
2026-05-20T17:30:00Z,critical-path launches,benchmark canary/exact-stack,1,benchmark-canary-fuzzer-gap
2026-05-20T18:00:00Z,critical-path launches,benchmark canary/exact-stack,1,benchmark-canary-fuzzer-gap
2026-05-20T18:30:00Z,critical-path launches,benchmark canary/exact-stack,2,benchmark-canary-fuzzer-gap
2026-05-20T19:00:00Z,critical-path launches,benchmark canary/exact-stack,1,benchmark-canary-fuzzer-gap
2026-05-20T19:30:00Z,critical-path launches,benchmark canary/exact-stack,2,benchmark-canary-fuzzer-gap
2026-05-20T20:00:00Z,critical-path launches,benchmark canary/exact-stack,1,benchmark-canary-fuzzer-gap
2026-05-20T20:30:00Z,critical-path launches,benchmark canary/exact-stack,2,benchmark-canary-fuzzer-gap
2026-05-20T21:00:00Z,critical-path launches,benchmark canary/exact-stack,2,benchmark-canary-fuzzer-gap
2026-05-20T21:30:00Z,critical-path launches,benchmark canary/exact-stack,1,benchmark-canary-fuzzer-gap
2026-05-20T22:00:00Z,critical-path launches,benchmark canary/exact-stack,2,benchmark-canary-fuzzer-gap
2026-05-20T22:30:00Z,critical-path launches,benchmark canary/exact-stack,3,benchmark-canary-fuzzer-gap
2026-05-20T23:00:00Z,critical-path launches,benchmark canary/exact-stack,2,benchmark-canary-fuzzer-gap
2026-05-20T23:30:00Z,critical-path launches,benchmark canary/exact-stack,1,benchmark-canary-fuzzer-gap
2026-05-21T00:00:00Z,critical-path launches,benchmark canary/exact-stack,1,benchmark-canary-fuzzer-gap
2026-05-21T00:30:00Z,critical-path launches,benchmark canary/exact-stack,1,benchmark-canary-fuzzer-gap
2026-05-21T01:30:00Z,critical-path launches,benchmark canary/exact-stack,1,benchmark-canary-fuzzer-gap
2026-05-21T03:00:00Z,critical-path launches,benchmark canary/exact-stack,2,benchmark-canary-fuzzer-gap
2026-05-21T03:30:00Z,critical-path launches,benchmark canary/exact-stack,3,benchmark-canary-fuzzer-gap
2026-05-21T04:00:00Z,critical-path launches,benchmark canary/exact-stack,2,benchmark-canary-fuzzer-gap
2026-05-21T04:30:00Z,critical-path launches,benchmark canary/exact-stack,3,benchmark-canary-fuzzer-gap
2026-05-21T05:00:00Z,critical-path launches,benchmark canary/exact-stack,1,benchmark-canary-fuzzer-gap
2026-05-21T05:30:00Z,critical-path launches,benchmark canary/exact-stack,2,benchmark-canary-fuzzer-gap
2026-05-21T06:00:00Z,critical-path launches,benchmark canary/exact-stack,2,benchmark-canary-fuzzer-gap
2026-05-21T07:30:00Z,critical-path launches,benchmark canary/exact-stack,1,benchmark-canary-fuzzer-gap
2026-05-21T08:00:00Z,critical-path launches,benchmark canary/exact-stack,2,benchmark-canary-fuzzer-gap
2026-05-21T09:00:00Z,critical-path launches,benchmark canary/exact-stack,1,benchmark-canary-fuzzer-gap
2026-05-21T09:30:00Z,critical-path launches,benchmark canary/exact-stack,2,benchmark-canary-fuzzer-gap
2026-05-21T10:00:00Z,critical-path launches,benchmark canary/exact-stack,1,benchmark-canary-fuzzer-gap
2026-05-21T10:30:00Z,critical-path launches,benchmark canary/exact-stack,1,benchmark-canary-fuzzer-gap
2026-05-21T11:00:00Z,critical-path launches,benchmark canary/exact-stack,2,benchmark-canary-fuzzer-gap
2026-05-21T11:30:00Z,critical-path launches,benchmark canary/exact-stack,2,benchmark-canary-fuzzer-gap
2026-05-21T12:00:00Z,critical-path launches,benchmark canary/exact-stack,2,benchmark-canary-fuzzer-gap
2026-05-21T12:30:00Z,critical-path launches,benchmark canary/exact-stack,2,benchmark-canary-fuzzer-gap
2026-05-21T13:00:00Z,critical-path launches,benchmark canary/exact-stack,1,benchmark-canary-fuzzer-gap
2026-05-21T13:30:00Z,critical-path launches,benchmark canary/exact-stack,2,benchmark-canary-fuzzer-gap
2026-05-21T14:00:00Z,critical-path launches,benchmark canary/exact-stack,2,benchmark-canary-fuzzer-gap
2026-05-21T14:30:00Z,critical-path launches,benchmark canary/exact-stack,2,benchmark-canary-fuzzer-gap
2026-05-21T15:00:00Z,critical-path launches,benchmark canary/exact-stack,1,benchmark-canary-fuzzer-gap
2026-05-21T15:30:00Z,critical-path launches,benchmark canary/exact-stack,3,benchmark-canary-fuzzer-gap
2026-05-21T16:00:00Z,critical-path launches,benchmark canary/exact-stack,2,benchmark-canary-fuzzer-gap
2026-05-21T19:30:00Z,critical-path launches,benchmark canary/exact-stack,1,benchmark-canary-fuzzer-gap
2026-05-21T20:00:00Z,critical-path launches,benchmark canary/exact-stack,1,benchmark-canary-fuzzer-gap
2026-05-21T20:30:00Z,critical-path launches,benchmark canary/exact-stack,1,benchmark-canary-fuzzer-gap
2026-05-21T21:30:00Z,critical-path launches,benchmark canary/exact-stack,2,benchmark-canary-fuzzer-gap
2026-05-21T22:00:00Z,PR controller,consumed owner evidence,8,PR07C/HOLD-07C
2026-05-21T22:00:00Z,critical-path launches,benchmark canary/exact-stack,1,benchmark-canary-fuzzer-gap
2026-05-21T22:00:00Z,critical-path launches,seed reducer/final-stack,3,pr17-1020002; seed-5200005-reducer
2026-05-21T22:30:00Z,PR controller,consumed owner evidence,14,PR07C/HOLD-07C
2026-05-21T22:30:00Z,critical-path launches,seed reducer/final-stack,3,seed-5200005-reducer; seed-1060015-reducer
2026-05-21T23:00:00Z,PR controller,consumed owner evidence,15,PR07C/HOLD-07C
2026-05-21T23:00:00Z,critical-path launches,benchmark canary/exact-stack,1,benchmark-canary-fuzzer-gap
2026-05-21T23:00:00Z,critical-path launches,seed reducer/final-stack,2,seed-5200005-reducer
2026-05-21T23:30:00Z,PR controller,consumed owner evidence,15,PR07C/HOLD-07C
2026-05-21T23:30:00Z,critical-path launches,seed reducer/final-stack,2,seed-5200005-reducer
2026-05-22T00:00:00Z,PR controller,consumed owner evidence,14,PR07C/HOLD-07C
2026-05-22T00:00:00Z,critical-path launches,seed reducer/final-stack,2,seed-5200005-reducer
2026-05-22T00:30:00Z,PR controller,consumed owner evidence,16,PR07C/HOLD-07C
2026-05-22T00:30:00Z,critical-path launches,benchmark canary/exact-stack,2,benchmark-canary-fuzzer-gap
2026-05-22T00:30:00Z,critical-path launches,seed reducer/final-stack,2,seed-5200005-reducer
2026-05-22T01:00:00Z,PR controller,consumed owner evidence,14,PR07C/HOLD-07C
2026-05-22T01:00:00Z,critical-path launches,benchmark canary/exact-stack,1,benchmark-canary-fuzzer-gap
2026-05-22T01:00:00Z,critical-path launches,seed reducer/final-stack,2,seed-5200005-reducer
2026-05-22T01:30:00Z,PR controller,consumed owner evidence,14,PR07C/HOLD-07C
2026-05-22T01:30:00Z,critical-path launches,benchmark canary/exact-stack,1,benchmark-canary-fuzzer-gap
2026-05-22T01:30:00Z,critical-path launches,seed reducer/final-stack,2,seed-5200005-reducer
2026-05-22T02:00:00Z,PR controller,consumed owner evidence,12,PR07C/HOLD-07C
2026-05-22T02:00:00Z,critical-path launches,benchmark canary/exact-stack,1,benchmark-canary-fuzzer-gap
2026-05-22T02:00:00Z,critical-path launches,seed reducer/final-stack,2,seed-5200005-reducer
2026-05-22T02:30:00Z,PR controller,consumed owner evidence,14,PR07C/HOLD-07C
2026-05-22T02:30:00Z,critical-path launches,benchmark canary/exact-stack,1,benchmark-canary-fuzzer-gap
2026-05-22T02:30:00Z,critical-path launches,seed reducer/final-stack,2,seed-5200005-reducer
2026-05-22T03:00:00Z,PR controller,consumed owner evidence,15,PR07C/HOLD-07C
2026-05-22T03:00:00Z,critical-path launches,benchmark canary/exact-stack,2,benchmark-canary-fuzzer-gap
2026-05-22T03:00:00Z,critical-path launches,seed reducer/final-stack,1,seed-5200005-reducer
2026-05-22T03:30:00Z,PR controller,consumed owner evidence,14,PR07C/HOLD-07C
2026-05-22T03:30:00Z,critical-path launches,benchmark canary/exact-stack,1,benchmark-canary-fuzzer-gap
2026-05-22T03:30:00Z,critical-path launches,seed reducer/final-stack,2,seed-5200005-reducer
2026-05-22T04:00:00Z,PR controller,consumed owner evidence,15,PR07C/HOLD-07C
2026-05-22T04:00:00Z,critical-path launches,benchmark canary/exact-stack,3,benchmark-canary-fuzzer-gap
2026-05-22T04:30:00Z,PR controller,consumed owner evidence,9,PR07C/HOLD-07C
2026-05-22T04:30:00Z,critical-path launches,benchmark canary/exact-stack,3,benchmark-canary-fuzzer-gap
2026-05-22T04:30:00Z,critical-path launches,critical-path launch,2,unknown
2026-05-22T04:30:00Z,critical-path launches,seed reducer/final-stack,3,seed-5200005-reducer
2026-05-22T05:00:00Z,PR controller,consumed owner evidence,15,PR07C/HOLD-07C
2026-05-22T05:00:00Z,critical-path launches,benchmark canary/exact-stack,1,benchmark-canary-fuzzer-gap
2026-05-22T05:00:00Z,critical-path launches,critical-path launch,2,unknown
2026-05-22T05:00:00Z,critical-path launches,seed reducer/final-stack,2,seed-5200005-reducer
2026-05-22T05:30:00Z,PR controller,consumed owner evidence,14,PR07C/HOLD-07C
2026-05-22T05:30:00Z,critical-path launches,benchmark canary/exact-stack,1,benchmark-canary-fuzzer-gap
2026-05-22T05:30:00Z,critical-path launches,critical-path launch,1,unknown
2026-05-22T05:30:00Z,critical-path launches,seed reducer/final-stack,2,seed-5200005-reducer
2026-05-22T06:00:00Z,PR controller,consumed owner evidence,15,PR07C/HOLD-07C
2026-05-22T06:00:00Z,critical-path launches,benchmark canary/exact-stack,1,benchmark-canary-fuzzer-gap
2026-05-22T06:00:00Z,critical-path launches,critical-path launch,2,unknown
2026-05-22T06:00:00Z,critical-path launches,seed reducer/final-stack,1,seed-5200005-reducer
2026-05-22T06:30:00Z,PR controller,consumed owner evidence,14,PR07C/HOLD-07C
2026-05-22T06:30:00Z,critical-path launches,benchmark canary/exact-stack,1,benchmark-canary-fuzzer-gap
2026-05-22T06:30:00Z,critical-path launches,critical-path launch,1,unknown
2026-05-22T06:30:00Z,critical-path launches,seed reducer/final-stack,2,seed-5200005-reducer
2026-05-22T07:00:00Z,PR controller,consumed owner evidence,15,PR07C/HOLD-07C
2026-05-22T07:00:00Z,critical-path launches,benchmark canary/exact-stack,2,benchmark-canary-fuzzer-gap
2026-05-22T07:00:00Z,critical-path launches,critical-path launch,2,unknown
2026-05-22T07:00:00Z,critical-path launches,seed reducer/final-stack,2,seed-5200005-reducer
2026-05-22T07:30:00Z,PR controller,consumed owner evidence,14,PR07C/HOLD-07C
2026-05-22T07:30:00Z,critical-path launches,benchmark canary/exact-stack,2,benchmark-canary-fuzzer-gap
2026-05-22T07:30:00Z,critical-path launches,critical-path launch,1,unknown
2026-05-22T07:30:00Z,critical-path launches,seed reducer/final-stack,2,seed-5200005-reducer
2026-05-22T08:00:00Z,PR controller,consumed owner evidence,15,PR07C/HOLD-07C
2026-05-22T08:00:00Z,critical-path launches,benchmark canary/exact-stack,1,benchmark-canary-fuzzer-gap
2026-05-22T08:00:00Z,critical-path launches,critical-path launch,1,unknown
2026-05-22T08:00:00Z,critical-path launches,seed reducer/final-stack,2,seed-5200005-reducer
2026-05-22T08:30:00Z,PR controller,consumed owner evidence,14,PR07C/HOLD-07C
2026-05-22T08:30:00Z,critical-path launches,benchmark canary/exact-stack,2,benchmark-canary-fuzzer-gap
2026-05-22T08:30:00Z,critical-path launches,seed reducer/final-stack,2,seed-5200005-reducer
2026-05-22T09:00:00Z,PR controller,consumed owner evidence,15,PR07C/HOLD-07C
2026-05-22T09:00:00Z,critical-path launches,benchmark canary/exact-stack,2,benchmark-canary-fuzzer-gap
2026-05-22T09:00:00Z,critical-path launches,critical-path launch,1,unknown
2026-05-22T09:00:00Z,critical-path launches,seed reducer/final-stack,2,seed-5200005-reducer
2026-05-22T09:30:00Z,PR controller,consumed owner evidence,15,PR07C/HOLD-07C
2026-05-22T09:30:00Z,critical-path launches,seed reducer/final-stack,2,seed-5200005-reducer
2026-05-22T10:00:00Z,PR controller,consumed owner evidence,14,PR07C/HOLD-07C
2026-05-22T10:00:00Z,critical-path launches,seed reducer/final-stack,2,seed-5200005-reducer
2026-05-22T10:30:00Z,PR controller,consumed owner evidence,14,PR07C/HOLD-07C
2026-05-22T10:30:00Z,critical-path launches,seed reducer/final-stack,1,seed-5200005-reducer
2026-05-22T11:00:00Z,PR controller,consumed owner evidence,15,PR07C/HOLD-07C
2026-05-22T11:00:00Z,critical-path launches,seed reducer/final-stack,2,seed-5200005-reducer
2026-05-22T11:30:00Z,PR controller,consumed owner evidence,14,PR07C/HOLD-07C
2026-05-22T11:30:00Z,critical-path launches,seed reducer/final-stack,2,seed-5200005-reducer
2026-05-22T12:00:00Z,PR controller,consumed owner evidence,15,PR07C/HOLD-07C
2026-05-22T12:00:00Z,critical-path launches,seed reducer/final-stack,2,seed-5200005-reducer
2026-05-22T12:30:00Z,PR controller,consumed owner evidence,15,PR07C/HOLD-07C
2026-05-22T12:30:00Z,critical-path launches,benchmark canary/exact-stack,1,benchmark-canary-fuzzer-gap
2026-05-22T12:30:00Z,critical-path launches,critical-path launch,1,unknown
2026-05-22T12:30:00Z,critical-path launches,seed reducer/final-stack,2,seed-5200005-reducer
2026-05-22T13:00:00Z,PR controller,consumed owner evidence,14,PR07C/HOLD-07C
2026-05-22T13:00:00Z,critical-path launches,benchmark canary/exact-stack,1,benchmark-canary-fuzzer-gap
2026-05-22T13:00:00Z,critical-path launches,critical-path launch,7,unknown
2026-05-22T13:00:00Z,critical-path launches,seed reducer/final-stack,2,seed-5200005-reducer
2026-05-22T13:30:00Z,PR controller,consumed owner evidence,15,PR07C/HOLD-07C
2026-05-22T13:30:00Z,critical-path launches,benchmark canary/exact-stack,1,benchmark-canary-fuzzer-gap
2026-05-22T13:30:00Z,critical-path launches,critical-path launch,4,unknown
2026-05-22T13:30:00Z,critical-path launches,seed reducer/final-stack,2,seed-5200005-reducer
2026-05-22T14:00:00Z,PR controller,consumed owner evidence,14,PR07C/HOLD-07C
2026-05-22T14:00:00Z,critical-path launches,benchmark canary/exact-stack,1,benchmark-canary-fuzzer-gap
2026-05-22T14:00:00Z,critical-path launches,critical-path launch,1,unknown
2026-05-22T14:00:00Z,critical-path launches,seed reducer/final-stack,2,seed-5200005-reducer
2026-05-22T14:30:00Z,PR controller,consumed owner evidence,15,PR07C/HOLD-07C
2026-05-22T14:30:00Z,critical-path launches,benchmark canary/exact-stack,2,benchmark-canary-fuzzer-gap
2026-05-22T14:30:00Z,critical-path launches,critical-path launch,2,unknown
2026-05-22T14:30:00Z,critical-path launches,seed reducer/final-stack,1,seed-5200005-reducer
2026-05-22T15:00:00Z,PR controller,consumed owner evidence,14,PR07C/HOLD-07C
2026-05-22T15:00:00Z,critical-path launches,benchmark canary/exact-stack,2,benchmark-canary-fuzzer-gap
2026-05-22T15:00:00Z,critical-path launches,seed reducer/final-stack,2,seed-5200005-reducer
2026-05-22T15:30:00Z,PR controller,consumed owner evidence,14,PR07C/HOLD-07C
2026-05-22T15:30:00Z,critical-path launches,benchmark canary/exact-stack,2,benchmark-canary-fuzzer-gap
2026-05-22T15:30:00Z,critical-path launches,critical-path launch,1,unknown
2026-05-22T15:30:00Z,critical-path launches,seed reducer/final-stack,2,seed-5200005-reducer
2026-05-22T16:00:00Z,PR controller,consumed owner evidence,15,PR07C/HOLD-07C
2026-05-22T16:00:00Z,critical-path launches,benchmark canary/exact-stack,1,benchmark-canary-fuzzer-gap
2026-05-22T16:00:00Z,critical-path launches,seed reducer/final-stack,2,seed-5200005-reducer
2026-05-22T16:30:00Z,PR controller,consumed owner evidence,14,PR07C/HOLD-07C
2026-05-22T16:30:00Z,critical-path launches,benchmark canary/exact-stack,2,benchmark-canary-fuzzer-gap
2026-05-22T16:30:00Z,critical-path launches,seed reducer/final-stack,2,seed-5200005-reducer
2026-05-22T17:00:00Z,PR controller,consumed owner evidence,15,PR07C/HOLD-07C
2026-05-22T17:00:00Z,critical-path launches,seed reducer/final-stack,2,seed-5200005-reducer
2026-05-22T17:30:00Z,PR controller,consumed owner evidence,14,PR07C/HOLD-07C
2026-05-22T17:30:00Z,critical-path launches,seed reducer/final-stack,2,seed-5200005-reducer
2026-05-22T18:00:00Z,PR controller,consumed owner evidence,15,PR07C/HOLD-07C
2026-05-22T18:00:00Z,critical-path launches,seed reducer/final-stack,2,seed-5200005-reducer
2026-05-22T18:30:00Z,PR controller,consumed owner evidence,14,PR07C/HOLD-07C
2026-05-22T18:30:00Z,critical-path launches,seed reducer/final-stack,1,seed-5200005-reducer
2026-05-22T19:00:00Z,PR controller,consumed owner evidence,15,PR07C/HOLD-07C
2026-05-22T19:00:00Z,critical-path launches,seed reducer/final-stack,2,seed-5200005-reducer
2026-05-22T19:30:00Z,PR controller,consumed owner evidence,14,PR07C/HOLD-07C
2026-05-22T19:30:00Z,critical-path launches,benchmark canary/exact-stack,2,benchmark-canary-fuzzer-gap
2026-05-22T19:30:00Z,critical-path launches,critical-path launch,1,unknown
2026-05-22T19:30:00Z,critical-path launches,seed reducer/final-stack,2,seed-5200005-reducer
2026-05-22T20:00:00Z,PR controller,consumed owner evidence,15,PR07C/HOLD-07C
2026-05-22T20:00:00Z,PR controller,single-flight/concurrency,3,
2026-05-22T20:00:00Z,critical-path launches,benchmark canary/exact-stack,2,benchmark-canary-fuzzer-gap
2026-05-22T20:00:00Z,critical-path launches,critical-path launch,4,unknown; productive-analysis-action
2026-05-22T20:30:00Z,PR controller,consumed owner evidence,14,PR07C/HOLD-07C
2026-05-22T20:30:00Z,PR controller,single-flight/concurrency,3,PR07C/HOLD-07C
2026-05-22T20:30:00Z,critical-path launches,benchmark canary/exact-stack,1,benchmark-canary-fuzzer-gap
2026-05-22T20:30:00Z,critical-path launches,critical-path launch,5,unknown; productive-analysis-action
2026-05-22T21:00:00Z,PR controller,single-flight/concurrency,10,PR07C/HOLD-07C
2026-05-22T21:00:00Z,critical-path launches,critical-path launch,4,productive-analysis-action; unknown
2026-05-22T21:30:00Z,PR controller,resource/discovery reserve,3,PR07C/HOLD-07C
2026-05-22T21:30:00Z,PR controller,single-flight/concurrency,8,PR07C/HOLD-07C
2026-05-22T21:30:00Z,critical-path launches,benchmark canary/exact-stack,1,benchmark-canary-fuzzer-gap
2026-05-22T21:30:00Z,critical-path launches,critical-path launch,5,productive-analysis-action; unknown
2026-05-22T22:00:00Z,PR controller,single-flight/concurrency,10,PR07C/HOLD-07C
2026-05-22T22:00:00Z,critical-path launches,benchmark canary/exact-stack,1,benchmark-canary-fuzzer-gap
2026-05-22T22:00:00Z,critical-path launches,critical-path launch,4,unknown; productive-analysis-action
2026-05-22T22:30:00Z,PR controller,consumed owner evidence,19,PR07C/HOLD-07C
2026-05-22T22:30:00Z,critical-path launches,benchmark canary/exact-stack,1,benchmark-canary-fuzzer-gap
2026-05-22T22:30:00Z,critical-path launches,critical-path launch,4,productive-analysis-action; unknown
2026-05-22T23:00:00Z,PR controller,consumed owner evidence,18,PR07C/HOLD-07C
2026-05-22T23:00:00Z,critical-path launches,benchmark canary/exact-stack,1,benchmark-canary-fuzzer-gap
2026-05-22T23:00:00Z,critical-path launches,critical-path launch,2,unknown
2026-05-22T23:30:00Z,PR controller,consumed owner evidence,15,PR07C/HOLD-07C
2026-05-22T23:30:00Z,critical-path launches,benchmark canary/exact-stack,1,benchmark-canary-fuzzer-gap
2026-05-22T23:30:00Z,critical-path launches,critical-path launch,1,unknown
2026-05-23T00:00:00Z,PR controller,consumed owner evidence,14,PR07C/HOLD-07C
2026-05-23T00:00:00Z,critical-path launches,benchmark canary/exact-stack,2,benchmark-canary-fuzzer-gap
2026-05-23T00:00:00Z,critical-path launches,critical-path launch,1,unknown
2026-05-23T00:30:00Z,PR controller,consumed owner evidence,14,PR07C/HOLD-07C
2026-05-23T00:30:00Z,critical-path launches,benchmark canary/exact-stack,2,benchmark-canary-fuzzer-gap
2026-05-23T00:30:00Z,critical-path launches,critical-path launch,1,unknown
2026-05-23T01:00:00Z,PR controller,consumed owner evidence,15,PR07C/HOLD-07C
2026-05-23T01:00:00Z,critical-path launches,benchmark canary/exact-stack,1,benchmark-canary-fuzzer-gap
2026-05-23T01:00:00Z,critical-path launches,critical-path launch,2,unknown
2026-05-23T01:30:00Z,PR controller,consumed owner evidence,14,PR07C/HOLD-07C
2026-05-23T01:30:00Z,critical-path launches,benchmark canary/exact-stack,2,benchmark-canary-fuzzer-gap
2026-05-23T01:30:00Z,critical-path launches,critical-path launch,1,unknown
2026-05-23T02:00:00Z,PR controller,consumed owner evidence,14,PR07C/HOLD-07C
2026-05-23T02:00:00Z,critical-path launches,benchmark canary/exact-stack,1,benchmark-canary-fuzzer-gap
2026-05-23T02:00:00Z,critical-path launches,critical-path launch,2,unknown
2026-05-23T02:30:00Z,PR controller,consumed owner evidence,15,PR07C/HOLD-07C
2026-05-23T02:30:00Z,critical-path launches,benchmark canary/exact-stack,1,benchmark-canary-fuzzer-gap
2026-05-23T02:30:00Z,critical-path launches,critical-path launch,2,unknown
2026-05-23T03:00:00Z,PR controller,consumed owner evidence,14,PR07C/HOLD-07C
2026-05-23T03:00:00Z,critical-path launches,benchmark canary/exact-stack,1,benchmark-canary-fuzzer-gap
2026-05-23T03:00:00Z,critical-path launches,critical-path launch,4,unknown
2026-05-23T03:30:00Z,PR controller,consumed owner evidence,14,PR07C/HOLD-07C
2026-05-23T03:30:00Z,critical-path launches,critical-path launch,2,unknown
2026-05-23T04:00:00Z,PR controller,consumed owner evidence,15,PR07C/HOLD-07C
2026-05-23T04:00:00Z,critical-path launches,critical-path launch,2,unknown
2026-05-23T04:30:00Z,PR controller,consumed owner evidence,14,PR07C/HOLD-07C
2026-05-23T04:30:00Z,critical-path launches,benchmark canary/exact-stack,1,benchmark-canary-fuzzer-gap
2026-05-23T04:30:00Z,critical-path launches,critical-path launch,1,unknown
2026-05-23T05:00:00Z,PR controller,consumed owner evidence,14,PR07C/HOLD-07C
2026-05-23T05:00:00Z,critical-path launches,benchmark canary/exact-stack,1,benchmark-canary-fuzzer-gap
2026-05-23T05:00:00Z,critical-path launches,critical-path launch,2,unknown
2026-05-23T05:30:00Z,PR controller,consumed owner evidence,15,PR07C/HOLD-07C
2026-05-23T05:30:00Z,critical-path launches,benchmark canary/exact-stack,1,benchmark-canary-fuzzer-gap
2026-05-23T05:30:00Z,critical-path launches,critical-path launch,2,unknown
2026-05-23T06:00:00Z,PR controller,consumed owner evidence,14,PR07C/HOLD-07C
2026-05-23T06:00:00Z,critical-path launches,benchmark canary/exact-stack,1,benchmark-canary-fuzzer-gap
2026-05-23T06:30:00Z,PR controller,consumed owner evidence,14,PR07C/HOLD-07C
2026-05-23T06:30:00Z,critical-path launches,benchmark canary/exact-stack,1,benchmark-canary-fuzzer-gap
2026-05-23T06:30:00Z,critical-path launches,critical-path launch,2,unknown
2026-05-23T07:00:00Z,PR controller,consumed owner evidence,15,PR07C/HOLD-07C
2026-05-23T07:00:00Z,critical-path launches,benchmark canary/exact-stack,2,benchmark-canary-fuzzer-gap
2026-05-23T07:00:00Z,critical-path launches,critical-path launch,1,unknown
2026-05-23T07:30:00Z,PR controller,consumed owner evidence,14,PR07C/HOLD-07C
2026-05-23T07:30:00Z,critical-path launches,benchmark canary/exact-stack,1,benchmark-canary-fuzzer-gap
2026-05-23T07:30:00Z,critical-path launches,critical-path launch,1,unknown
2026-05-23T08:00:00Z,PR controller,consumed owner evidence,15,PR07C/HOLD-07C
2026-05-23T08:00:00Z,critical-path launches,benchmark canary/exact-stack,1,benchmark-canary-fuzzer-gap
2026-05-23T08:00:00Z,critical-path launches,critical-path launch,1,unknown
2026-05-23T08:30:00Z,PR controller,consumed owner evidence,14,PR07C/HOLD-07C
2026-05-23T08:30:00Z,critical-path launches,benchmark canary/exact-stack,1,benchmark-canary-fuzzer-gap
2026-05-23T08:30:00Z,critical-path launches,critical-path launch,1,unknown
2026-05-23T09:00:00Z,PR controller,consumed owner evidence,14,PR07C/HOLD-07C
2026-05-23T09:00:00Z,critical-path launches,benchmark canary/exact-stack,1,benchmark-canary-fuzzer-gap
2026-05-23T09:00:00Z,critical-path launches,critical-path launch,3,unknown
2026-05-23T09:30:00Z,PR controller,consumed owner evidence,15,PR07C/HOLD-07C
2026-05-23T09:30:00Z,critical-path launches,benchmark canary/exact-stack,2,benchmark-canary-fuzzer-gap
2026-05-23T09:30:00Z,critical-path launches,critical-path launch,2,unknown
2026-05-23T10:00:00Z,PR controller,consumed owner evidence,14,PR07C/HOLD-07C
2026-05-23T10:00:00Z,critical-path launches,benchmark canary/exact-stack,2,benchmark-canary-fuzzer-gap
2026-05-23T10:00:00Z,critical-path launches,critical-path launch,4,unknown
2026-05-23T10:30:00Z,PR controller,consumed owner evidence,14,PR07C/HOLD-07C
2026-05-23T10:30:00Z,critical-path launches,benchmark canary/exact-stack,1,benchmark-canary-fuzzer-gap
2026-05-23T10:30:00Z,critical-path launches,critical-path launch,2,unknown
2026-05-23T11:00:00Z,PR controller,consumed owner evidence,15,PR07C/HOLD-07C
2026-05-23T11:00:00Z,critical-path launches,benchmark canary/exact-stack,1,benchmark-canary-fuzzer-gap
2026-05-23T11:00:00Z,critical-path launches,critical-path launch,1,unknown
2026-05-23T11:30:00Z,PR controller,consumed owner evidence,14,PR07C/HOLD-07C
2026-05-23T11:30:00Z,critical-path launches,benchmark canary/exact-stack,1,benchmark-canary-fuzzer-gap
2026-05-23T12:00:00Z,PR controller,consumed owner evidence,14,PR07C/HOLD-07C
2026-05-23T12:00:00Z,critical-path launches,benchmark canary/exact-stack,2,benchmark-canary-fuzzer-gap
2026-05-23T12:00:00Z,critical-path launches,critical-path launch,2,unknown; productive-analysis-action
2026-05-23T12:30:00Z,PR controller,consumed owner evidence,15,PR07C/HOLD-07C
2026-05-23T12:30:00Z,critical-path launches,benchmark canary/exact-stack,1,benchmark-canary-fuzzer-gap
2026-05-23T12:30:00Z,critical-path launches,critical-path launch,3,unknown; productive-analysis-action
2026-05-23T13:00:00Z,PR controller,consumed owner evidence,14,PR07C/HOLD-07C
2026-05-23T13:00:00Z,critical-path launches,benchmark canary/exact-stack,1,benchmark-canary-fuzzer-gap
2026-05-23T13:00:00Z,critical-path launches,critical-path launch,1,unknown
2026-05-23T13:30:00Z,PR controller,consumed owner evidence,14,PR07C/HOLD-07C
2026-05-23T13:30:00Z,critical-path launches,benchmark canary/exact-stack,1,benchmark-canary-fuzzer-gap
2026-05-23T13:30:00Z,critical-path launches,critical-path launch,3,unknown
2026-05-23T14:00:00Z,PR controller,consumed owner evidence,15,PR07C/HOLD-07C
2026-05-23T14:00:00Z,critical-path launches,benchmark canary/exact-stack,1,benchmark-canary-fuzzer-gap
2026-05-23T14:00:00Z,critical-path launches,critical-path launch,2,unknown
2026-05-23T14:30:00Z,PR controller,consumed owner evidence,14,PR07C/HOLD-07C
2026-05-23T14:30:00Z,critical-path launches,benchmark canary/exact-stack,1,benchmark-canary-fuzzer-gap
2026-05-23T14:30:00Z,critical-path launches,critical-path launch,3,unknown
2026-05-23T15:00:00Z,PR controller,consumed owner evidence,14,PR07C/HOLD-07C
2026-05-23T15:00:00Z,critical-path launches,benchmark canary/exact-stack,1,benchmark-canary-fuzzer-gap
2026-05-23T15:00:00Z,critical-path launches,critical-path launch,1,unknown
2026-05-23T15:30:00Z,PR controller,consumed owner evidence,15,PR07C/HOLD-07C
2026-05-23T15:30:00Z,critical-path launches,benchmark canary/exact-stack,1,benchmark-canary-fuzzer-gap
2026-05-23T15:30:00Z,critical-path launches,critical-path launch,2,unknown
2026-05-23T16:00:00Z,PR controller,consumed owner evidence,14,PR07C/HOLD-07C
2026-05-23T16:00:00Z,critical-path launches,benchmark canary/exact-stack,1,benchmark-canary-fuzzer-gap
2026-05-23T16:00:00Z,critical-path launches,critical-path launch,1,unknown
2026-05-23T16:30:00Z,PR controller,consumed owner evidence,14,PR07C/HOLD-07C
2026-05-23T16:30:00Z,critical-path launches,benchmark canary/exact-stack,1,benchmark-canary-fuzzer-gap
2026-05-23T16:30:00Z,critical-path launches,critical-path launch,2,unknown
2026-05-23T17:00:00Z,PR controller,consumed owner evidence,15,PR07C/HOLD-07C
2026-05-23T17:00:00Z,critical-path launches,benchmark canary/exact-stack,2,benchmark-canary-fuzzer-gap
2026-05-23T17:00:00Z,critical-path launches,critical-path launch,1,unknown
2026-05-23T17:30:00Z,PR controller,consumed owner evidence,14,PR07C/HOLD-07C
2026-05-23T17:30:00Z,critical-path launches,benchmark canary/exact-stack,1,benchmark-canary-fuzzer-gap
2026-05-23T17:30:00Z,critical-path launches,critical-path launch,1,unknown
2026-05-23T18:00:00Z,PR controller,consumed owner evidence,14,PR07C/HOLD-07C
2026-05-23T18:00:00Z,critical-path launches,benchmark canary/exact-stack,2,benchmark-canary-fuzzer-gap
2026-05-23T18:00:00Z,critical-path launches,critical-path launch,1,unknown
2026-05-23T18:30:00Z,PR controller,consumed owner evidence,14,PR07C/HOLD-07C
2026-05-23T18:30:00Z,critical-path launches,benchmark canary/exact-stack,1,benchmark-canary-fuzzer-gap
2026-05-23T18:30:00Z,critical-path launches,critical-path launch,1,unknown
2026-05-23T19:00:00Z,PR controller,consumed owner evidence,15,PR07C/HOLD-07C
2026-05-23T19:00:00Z,critical-path launches,benchmark canary/exact-stack,1,benchmark-canary-fuzzer-gap
2026-05-23T19:00:00Z,critical-path launches,critical-path launch,1,unknown
2026-05-23T19:30:00Z,PR controller,consumed owner evidence,14,PR07C/HOLD-07C
2026-05-23T19:30:00Z,critical-path launches,benchmark canary/exact-stack,1,benchmark-canary-fuzzer-gap
2026-05-23T20:00:00Z,PR controller,consumed owner evidence,14,PR07C/HOLD-07C
2026-05-23T20:00:00Z,critical-path launches,benchmark canary/exact-stack,2,benchmark-canary-fuzzer-gap
2026-05-23T20:30:00Z,PR controller,consumed owner evidence,14,PR07C/HOLD-07C
2026-05-23T20:30:00Z,critical-path launches,benchmark canary/exact-stack,2,benchmark-canary-fuzzer-gap
2026-05-23T21:00:00Z,PR controller,consumed owner evidence,15,PR07C/HOLD-07C
2026-05-23T21:00:00Z,critical-path launches,benchmark canary/exact-stack,2,benchmark-canary-fuzzer-gap
2026-05-23T21:00:00Z,critical-path launches,critical-path launch,1,productive-analysis-action
2026-05-23T21:30:00Z,PR controller,consumed owner evidence,14,PR07C/HOLD-07C
2026-05-23T21:30:00Z,critical-path launches,benchmark canary/exact-stack,1,benchmark-canary-fuzzer-gap
2026-05-23T21:30:00Z,critical-path launches,critical-path launch,1,unknown
2026-05-23T21:30:00Z,critical-path launches,seed reducer/final-stack,1,seed-5200005-reducer
2026-05-23T22:00:00Z,PR controller,consumed owner evidence,14,PR07C/HOLD-07C
2026-05-23T22:00:00Z,critical-path launches,critical-path launch,2,unknown
2026-05-23T22:30:00Z,PR controller,consumed owner evidence,15,PR07C/HOLD-07C
2026-05-23T22:30:00Z,critical-path launches,benchmark canary/exact-stack,2,benchmark-canary-fuzzer-gap
2026-05-23T23:00:00Z,PR controller,consumed owner evidence,14,PR07C/HOLD-07C
2026-05-23T23:00:00Z,critical-path launches,benchmark canary/exact-stack,1,benchmark-canary-fuzzer-gap
2026-05-23T23:00:00Z,critical-path launches,critical-path launch,2,unknown
2026-05-23T23:30:00Z,PR controller,consumed owner evidence,14,PR07C/HOLD-07C
2026-05-23T23:30:00Z,critical-path launches,benchmark canary/exact-stack,2,benchmark-canary-fuzzer-gap
2026-05-24T00:00:00Z,PR controller,consumed owner evidence,14,PR07C/HOLD-07C
2026-05-24T00:00:00Z,critical-path launches,benchmark canary/exact-stack,1,benchmark-canary-fuzzer-gap
2026-05-24T00:00:00Z,critical-path launches,critical-path launch,2,unknown
2026-05-24T00:30:00Z,PR controller,consumed owner evidence,15,PR07C/HOLD-07C
2026-05-24T00:30:00Z,critical-path launches,benchmark canary/exact-stack,1,benchmark-canary-fuzzer-gap
2026-05-24T01:00:00Z,PR controller,consumed owner evidence,14,PR07C/HOLD-07C
2026-05-24T01:30:00Z,PR controller,consumed owner evidence,15,PR07C/HOLD-07C
2026-05-24T02:00:00Z,PR controller,consumed owner evidence,15,PR07C/HOLD-07C
2026-05-24T02:30:00Z,PR controller,consumed owner evidence,14,PR07C/HOLD-07C
2026-05-24T03:00:00Z,PR controller,consumed owner evidence,15,PR07C/HOLD-07C
2026-05-24T03:30:00Z,PR controller,consumed owner evidence,14,PR07C/HOLD-07C
2026-05-24T04:00:00Z,PR controller,consumed owner evidence,15,PR07C/HOLD-07C
2026-05-24T04:30:00Z,PR controller,consumed owner evidence,14,PR07C/HOLD-07C
2026-05-24T05:00:00Z,PR controller,consumed owner evidence,15,PR07C/HOLD-07C
2026-05-24T05:00:00Z,critical-path launches,critical-path launch,1,unknown
2026-05-24T05:30:00Z,PR controller,consumed owner evidence,14,PR07C/HOLD-07C
2026-05-24T05:30:00Z,critical-path launches,benchmark canary/exact-stack,1,benchmark-canary-fuzzer-gap
2026-05-24T05:30:00Z,critical-path launches,critical-path launch,2,unknown
2026-05-24T06:00:00Z,PR controller,consumed owner evidence,14,PR07C/HOLD-07C
2026-05-24T06:00:00Z,critical-path launches,benchmark canary/exact-stack,2,benchmark-canary-fuzzer-gap
2026-05-24T06:00:00Z,critical-path launches,critical-path launch,1,unknown
2026-05-24T06:30:00Z,PR controller,consumed owner evidence,15,PR07C/HOLD-07C
2026-05-24T06:30:00Z,critical-path launches,benchmark canary/exact-stack,1,benchmark-canary-fuzzer-gap
2026-05-24T06:30:00Z,critical-path launches,critical-path launch,1,unknown
2026-05-24T07:00:00Z,PR controller,consumed owner evidence,14,PR07C/HOLD-07C
2026-05-24T07:00:00Z,critical-path launches,benchmark canary/exact-stack,3,benchmark-canary-fuzzer-gap
2026-05-24T07:30:00Z,PR controller,consumed owner evidence,15,PR07C/HOLD-07C
2026-05-24T07:30:00Z,critical-path launches,benchmark canary/exact-stack,1,benchmark-canary-fuzzer-gap
2026-05-24T07:30:00Z,critical-path launches,critical-path launch,2,productive-analysis-action; unknown
2026-05-24T08:00:00Z,PR controller,consumed owner evidence,14,PR07C/HOLD-07C
2026-05-24T08:00:00Z,critical-path launches,benchmark canary/exact-stack,2,benchmark-canary-fuzzer-gap
2026-05-24T08:30:00Z,PR controller,consumed owner evidence,14,PR07C/HOLD-07C
2026-05-24T08:30:00Z,critical-path launches,benchmark canary/exact-stack,2,benchmark-canary-fuzzer-gap
2026-05-24T08:30:00Z,critical-path launches,critical-path launch,2,unknown
2026-05-24T09:00:00Z,PR controller,consumed owner evidence,15,PR07C/HOLD-07C
2026-05-24T09:00:00Z,critical-path launches,benchmark canary/exact-stack,1,benchmark-canary-fuzzer-gap
2026-05-24T09:00:00Z,critical-path launches,critical-path launch,1,unknown
2026-05-24T09:30:00Z,PR controller,consumed owner evidence,14,PR07C/HOLD-07C
2026-05-24T09:30:00Z,critical-path launches,benchmark canary/exact-stack,1,benchmark-canary-fuzzer-gap
2026-05-24T09:30:00Z,critical-path launches,critical-path launch,2,unknown
2026-05-24T10:00:00Z,PR controller,consumed owner evidence,15,PR07C/HOLD-07C
2026-05-24T10:00:00Z,critical-path launches,benchmark canary/exact-stack,1,benchmark-canary-fuzzer-gap
2026-05-24T10:00:00Z,critical-path launches,critical-path launch,1,unknown
2026-05-24T10:30:00Z,PR controller,consumed owner evidence,14,PR07C/HOLD-07C
2026-05-24T10:30:00Z,critical-path launches,benchmark canary/exact-stack,2,benchmark-canary-fuzzer-gap
2026-05-24T10:30:00Z,critical-path launches,critical-path launch,1,unknown
2026-05-24T11:00:00Z,PR controller,consumed owner evidence,15,PR07C/HOLD-07C
2026-05-24T11:30:00Z,PR controller,consumed owner evidence,14,PR07C/HOLD-07C
2026-05-24T12:00:00Z,PR controller,consumed owner evidence,15,PR07C/HOLD-07C
2026-05-24T12:30:00Z,PR controller,consumed owner evidence,14,PR07C/HOLD-07C
2026-05-24T13:00:00Z,PR controller,consumed owner evidence,14,PR07C/HOLD-07C
2026-05-24T13:30:00Z,PR controller,consumed owner evidence,15,PR07C/HOLD-07C
2026-05-24T14:00:00Z,PR controller,consumed owner evidence,14,PR07C/HOLD-07C
2026-05-24T14:30:00Z,PR controller,consumed owner evidence,15,PR07C/HOLD-07C
2026-05-24T15:00:00Z,PR controller,consumed owner evidence,14,PR07C/HOLD-07C
2026-05-24T15:30:00Z,PR controller,consumed owner evidence,15,PR07C/HOLD-07C
2026-05-24T16:00:00Z,PR controller,consumed owner evidence,14,PR07C/HOLD-07C
2026-05-24T16:30:00Z,PR controller,consumed owner evidence,15,PR07C/HOLD-07C
2026-05-24T17:00:00Z,PR controller,consumed owner evidence,12,PR07C/HOLD-07C
2026-05-24T17:00:00Z,PR controller,other,8,PR07C/HOLD-07C
2026-05-24T17:00:00Z,PR controller,single-flight/concurrency,3,PR07C/HOLD-07C
2026-05-24T17:30:00Z,PR controller,consumed owner evidence,13,PR07C/HOLD-07C
2026-05-24T18:00:00Z,PR controller,consumed owner evidence,13,PR07C/HOLD-07C
2026-05-24T18:30:00Z,PR controller,consumed owner evidence,14,PR07C/HOLD-07C
2026-05-24T19:00:00Z,PR controller,consumed owner evidence,13,PR07C/HOLD-07C
2026-05-24T19:30:00Z,PR controller,consumed owner evidence,14,PR07C/HOLD-07C
2026-05-24T20:00:00Z,PR controller,consumed owner evidence,13,PR07C/HOLD-07C
2026-05-24T20:30:00Z,PR controller,consumed owner evidence,13,PR07C/HOLD-07C
2026-05-24T20:30:00Z,PR controller,other,2,PR07C/HOLD-07C
2026-05-24T21:00:00Z,PR controller,other,15,PR07C/HOLD-07C
2026-05-24T21:30:00Z,PR controller,other,15,PR07C/HOLD-07C
2026-05-24T22:00:00Z,PR controller,other,14,PR07C/HOLD-07C
2026-05-24T22:30:00Z,PR controller,other,15,PR07C/HOLD-07C
2026-05-24T23:00:00Z,PR controller,other,14,PR07C/HOLD-07C
2026-05-24T23:30:00Z,PR controller,other,15,PR07C/HOLD-07C
2026-05-25T00:00:00Z,PR controller,other,14,PR07C/HOLD-07C
2026-05-25T00:30:00Z,PR controller,consumed owner evidence,1,PR07C/HOLD-07C
2026-05-25T00:30:00Z,PR controller,other,12,PR07C/HOLD-07C
2026-05-25T01:00:00Z,PR controller,consumed owner evidence,14,PR07C/HOLD-07C
2026-05-25T01:30:00Z,PR controller,consumed owner evidence,14,PR07C/HOLD-07C
2026-05-25T02:00:00Z,PR controller,consumed owner evidence,15,PR07C/HOLD-07C
2026-05-25T02:30:00Z,PR controller,consumed owner evidence,14,PR07C/HOLD-07C
2026-05-25T03:00:00Z,PR controller,consumed owner evidence,15,PR07C/HOLD-07C
2026-05-25T03:30:00Z,PR controller,consumed owner evidence,14,PR07C/HOLD-07C
2026-05-25T04:00:00Z,PR controller,consumed owner evidence,14,PR07C/HOLD-07C
2026-05-25T04:30:00Z,PR controller,consumed owner evidence,15,PR07C/HOLD-07C
2026-05-25T05:00:00Z,PR controller,consumed owner evidence,14,PR07C/HOLD-07C
2026-05-25T05:30:00Z,PR controller,consumed owner evidence,11,PR07C/HOLD-07C
2026-05-25T05:30:00Z,PR controller,single-flight/concurrency,3,PR07C/HOLD-07C
2026-05-25T06:00:00Z,PR controller,consumed owner evidence,9,PR07C/HOLD-07C
2026-05-25T06:00:00Z,PR controller,single-flight/concurrency,4,PR07C/HOLD-07C
2026-05-25T06:30:00Z,PR controller,consumed owner evidence,3,PR07C/HOLD-07C
2026-05-25T06:30:00Z,PR controller,single-flight/concurrency,11,PR07C/HOLD-07C
2026-05-25T07:00:00Z,PR controller,consumed owner evidence,11,PR07C/HOLD-07C
2026-05-25T07:00:00Z,PR controller,resource/discovery reserve,1,PR07C/HOLD-07C
2026-05-25T07:00:00Z,PR controller,single-flight/concurrency,2,PR07C/HOLD-07C
2026-05-25T07:30:00Z,PR controller,consumed owner evidence,14,PR07C/HOLD-07C
2026-05-25T07:30:00Z,PR controller,single-flight/concurrency,1,PR07C/HOLD-07C
2026-05-25T08:00:00Z,PR controller,consumed owner evidence,15,PR07C/HOLD-07C
2026-05-25T08:00:00Z,critical-path launches,benchmark canary/exact-stack,1,benchmark-canary-fuzzer-gap
2026-05-25T08:30:00Z,PR controller,consumed owner evidence,14,PR07C/HOLD-07C
2026-05-25T08:30:00Z,critical-path launches,benchmark canary/exact-stack,2,benchmark-canary-fuzzer-gap
2026-05-25T09:00:00Z,PR controller,consumed owner evidence,14,PR07C/HOLD-07C
2026-05-25T09:00:00Z,critical-path launches,benchmark canary/exact-stack,2,benchmark-canary-fuzzer-gap
2026-05-25T09:30:00Z,PR controller,consumed owner evidence,15,PR07C/HOLD-07C
2026-05-25T10:00:00Z,PR controller,consumed owner evidence,14,PR07C/HOLD-07C
2026-05-25T10:30:00Z,PR controller,consumed owner evidence,20,PR07C/HOLD-07C
2026-05-25T10:30:00Z,PR controller,single-flight/concurrency,4,PR07C/HOLD-07C
2026-05-25T10:30:00Z,critical-path launches,critical-path launch,1,productive-analysis-action
2026-05-25T11:00:00Z,PR controller,consumed owner evidence,12,PR07C/HOLD-07C
2026-05-25T11:00:00Z,PR controller,single-flight/concurrency,1,PR07C/HOLD-07C
2026-05-25T11:30:00Z,PR controller,consumed owner evidence,12,PR07C/HOLD-07C
2026-05-25T11:30:00Z,PR controller,single-flight/concurrency,1,PR07C/HOLD-07C
2026-05-25T12:00:00Z,PR controller,consumed owner evidence,12,PR07C/HOLD-07C
2026-05-25T12:00:00Z,PR controller,single-flight/concurrency,1,PR07C/HOLD-07C
2026-05-25T12:30:00Z,PR controller,consumed owner evidence,13,PR07C/HOLD-07C
2026-05-25T12:30:00Z,PR controller,single-flight/concurrency,1,PR07C/HOLD-07C
2026-05-25T13:00:00Z,PR controller,consumed owner evidence,11,PR07C/HOLD-07C
2026-05-25T13:00:00Z,PR controller,single-flight/concurrency,2,PR07C/HOLD-07C
2026-05-25T13:30:00Z,PR controller,consumed owner evidence,14,PR07C/HOLD-07C
2026-05-25T14:00:00Z,PR controller,consumed owner evidence,9,PR07C/HOLD-07C
2026-05-25T14:00:00Z,PR controller,single-flight/concurrency,5,PR07C/HOLD-07C
2026-05-25T14:30:00Z,PR controller,consumed owner evidence,10,PR07C/HOLD-07C
2026-05-25T14:30:00Z,PR controller,single-flight/concurrency,3,PR07C/HOLD-07C
2026-05-25T15:00:00Z,PR controller,consumed owner evidence,11,PR07C/HOLD-07C
2026-05-25T15:00:00Z,PR controller,single-flight/concurrency,2,PR07C/HOLD-07C
2026-05-25T15:30:00Z,PR controller,consumed owner evidence,12,PR07C/HOLD-07C
2026-05-25T15:30:00Z,PR controller,single-flight/concurrency,2,PR07C/HOLD-07C
2026-05-25T16:00:00Z,PR controller,consumed owner evidence,13,PR07C/HOLD-07C
2026-05-25T16:00:00Z,PR controller,single-flight/concurrency,1,PR07C/HOLD-07C
2026-05-25T16:30:00Z,PR controller,consumed owner evidence,12,PR07C/HOLD-07C
2026-05-25T16:30:00Z,PR controller,single-flight/concurrency,1,PR07C/HOLD-07C
2026-05-25T17:00:00Z,PR controller,consumed owner evidence,13,PR07C/HOLD-07C
2026-05-25T17:00:00Z,PR controller,single-flight/concurrency,1,PR07C/HOLD-07C
2026-05-25T17:30:00Z,PR controller,consumed owner evidence,10,PR07C/HOLD-07C
2026-05-25T17:30:00Z,PR controller,single-flight/concurrency,3,PR07C/HOLD-07C
2026-05-25T17:30:00Z,critical-path launches,critical-path launch,1,productive-analysis-action
2026-05-25T18:00:00Z,PR controller,consumed owner evidence,12,PR07C/HOLD-07C
2026-05-25T18:00:00Z,PR controller,single-flight/concurrency,1,PR07C/HOLD-07C
2026-05-25T18:30:00Z,PR controller,consumed owner evidence,13,PR07C/HOLD-07C
2026-05-25T18:30:00Z,PR controller,single-flight/concurrency,3,PR07C/HOLD-07C
2026-05-25T19:00:00Z,PR controller,consumed owner evidence,14,PR07C/HOLD-07C
2026-05-25T19:00:00Z,PR controller,single-flight/concurrency,1,PR07C/HOLD-07C
2026-05-25T19:00:00Z,critical-path launches,critical-path launch,2,productive-analysis-action
2026-05-25T19:30:00Z,PR controller,consumed owner evidence,11,PR07C/HOLD-07C
2026-05-25T19:30:00Z,PR controller,single-flight/concurrency,2,PR07C/HOLD-07C
2026-05-25T19:30:00Z,critical-path launches,critical-path launch,1,productive-analysis-action
2026-05-25T20:00:00Z,PR controller,consumed owner evidence,11,PR07C/HOLD-07C
2026-05-25T20:00:00Z,PR controller,single-flight/concurrency,2,PR07C/HOLD-07C
2026-05-25T20:00:00Z,critical-path launches,critical-path launch,2,productive-analysis-action
2026-05-25T20:30:00Z,PR controller,consumed owner evidence,10,PR07C/HOLD-07C
2026-05-25T20:30:00Z,critical-path launches,critical-path launch,3,productive-analysis-action
2026-05-25T21:00:00Z,PR controller,consumed owner evidence,13,PR07C/HOLD-07C
2026-05-25T21:00:00Z,critical-path launches,critical-path launch,3,productive-analysis-action
2026-05-25T21:30:00Z,PR controller,consumed owner evidence,15,PR07C/HOLD-07C
2026-05-25T21:30:00Z,critical-path launches,critical-path launch,1,productive-analysis-action
2026-05-25T22:00:00Z,PR controller,consumed owner evidence,15,PR07C/HOLD-07C
2026-05-25T22:00:00Z,critical-path launches,critical-path launch,3,productive-analysis-action
2026-05-25T22:30:00Z,PR controller,consumed owner evidence,16,PR07C/HOLD-07C
2026-05-25T22:30:00Z,critical-path launches,critical-path launch,2,productive-analysis-action
2026-05-25T23:00:00Z,PR controller,consumed owner evidence,18,PR07C/HOLD-07C
2026-05-25T23:00:00Z,PR controller,other,2,PR07C/HOLD-07C
2026-05-25T23:00:00Z,critical-path launches,critical-path launch,3,productive-analysis-action
2026-05-25T23:00:00Z,critical-path launches,deferred-family validation,1,reload-hydration
2026-05-25T23:30:00Z,PR controller,consumed owner evidence,12,PR07C/HOLD-07C
2026-05-25T23:30:00Z,PR controller,other,4,PR07C/HOLD-07C
2026-05-25T23:30:00Z,PR controller,single-flight/concurrency,2,PR07C/HOLD-07C
2026-05-25T23:30:00Z,critical-path launches,critical-path launch,3,productive-analysis-action
2026-05-25T23:30:00Z,critical-path launches,deferred-family validation,1,reload-hydration-followup
2026-05-26T00:00:00Z,PR controller,consumed owner evidence,12,PR07C/HOLD-07C
2026-05-26T00:00:00Z,PR controller,single-flight/concurrency,1,PR07C/HOLD-07C
2026-05-26T00:00:00Z,critical-path launches,critical-path launch,3,productive-analysis-action
2026-05-26T00:30:00Z,PR controller,consumed owner evidence,12,PR07C/HOLD-07C
2026-05-26T00:30:00Z,PR controller,single-flight/concurrency,1,PR07C/HOLD-07C
2026-05-26T00:30:00Z,critical-path launches,critical-path launch,3,productive-analysis-action
2026-05-26T01:00:00Z,PR controller,consumed owner evidence,13,PR07C/HOLD-07C
2026-05-26T01:00:00Z,PR controller,single-flight/concurrency,1,PR07C/HOLD-07C
2026-05-26T01:00:00Z,critical-path launches,critical-path launch,3,productive-analysis-action
2026-05-26T01:30:00Z,PR controller,consumed owner evidence,12,PR07C/HOLD-07C
2026-05-26T01:30:00Z,PR controller,single-flight/concurrency,1,PR07C/HOLD-07C
2026-05-26T01:30:00Z,critical-path launches,critical-path launch,3,productive-analysis-action
2026-05-26T01:30:00Z,critical-path launches,deferred-family validation,1,reload-hydration-repair
2026-05-26T02:00:00Z,PR controller,consumed owner evidence,12,PR07C/HOLD-07C
2026-05-26T02:00:00Z,PR controller,single-flight/concurrency,1,PR07C/HOLD-07C
2026-05-26T02:00:00Z,critical-path launches,critical-path launch,3,productive-analysis-action
2026-05-26T02:30:00Z,PR controller,consumed owner evidence,13,PR07C/HOLD-07C
2026-05-26T02:30:00Z,PR controller,single-flight/concurrency,1,PR07C/HOLD-07C
2026-05-26T02:30:00Z,critical-path launches,critical-path launch,1,productive-analysis-action
2026-05-26T03:00:00Z,PR controller,consumed owner evidence,12,PR07C/HOLD-07C
2026-05-26T03:00:00Z,PR controller,single-flight/concurrency,1,PR07C/HOLD-07C
2026-05-26T03:00:00Z,critical-path launches,critical-path launch,3,productive-analysis-action
2026-05-26T03:30:00Z,PR controller,consumed owner evidence,13,PR07C/HOLD-07C
2026-05-26T03:30:00Z,PR controller,single-flight/concurrency,1,PR07C/HOLD-07C
2026-05-26T03:30:00Z,critical-path launches,critical-path launch,2,productive-analysis-action
2026-05-26T04:00:00Z,PR controller,consumed owner evidence,13,PR07C/HOLD-07C
2026-05-26T04:00:00Z,PR controller,single-flight/concurrency,1,PR07C/HOLD-07C
2026-05-26T04:00:00Z,critical-path launches,critical-path launch,3,productive-analysis-action
2026-05-26T04:30:00Z,PR controller,consumed owner evidence,12,PR07C/HOLD-07C
2026-05-26T04:30:00Z,PR controller,single-flight/concurrency,1,PR07C/HOLD-07C
2026-05-26T04:30:00Z,critical-path launches,critical-path launch,3,productive-analysis-action
2026-05-26T05:00:00Z,PR controller,consumed owner evidence,12,PR07C/HOLD-07C
2026-05-26T05:00:00Z,PR controller,single-flight/concurrency,1,PR07C/HOLD-07C
2026-05-26T05:00:00Z,critical-path launches,critical-path launch,1,productive-analysis-action
2026-05-26T05:30:00Z,PR controller,consumed owner evidence,12,PR07C/HOLD-07C
2026-05-26T05:30:00Z,PR controller,single-flight/concurrency,1,PR07C/HOLD-07C
2026-05-26T05:30:00Z,critical-path launches,critical-path launch,2,productive-analysis-action
2026-05-26T06:00:00Z,PR controller,consumed owner evidence,13,PR07C/HOLD-07C
2026-05-26T06:00:00Z,PR controller,single-flight/concurrency,1,PR07C/HOLD-07C
2026-05-26T06:00:00Z,critical-path launches,critical-path launch,1,productive-analysis-action
2026-05-26T06:30:00Z,PR controller,consumed owner evidence,12,PR07C/HOLD-07C
2026-05-26T06:30:00Z,PR controller,single-flight/concurrency,1,PR07C/HOLD-07C
2026-05-26T06:30:00Z,critical-path launches,critical-path launch,2,productive-analysis-action
2026-05-26T07:00:00Z,PR controller,consumed owner evidence,15,PR07C/HOLD-07C
2026-05-26T07:00:00Z,critical-path launches,critical-path launch,2,productive-analysis-action
2026-05-26T07:30:00Z,PR controller,consumed owner evidence,14,PR07C/HOLD-07C
2026-05-26T07:30:00Z,critical-path launches,critical-path launch,3,productive-analysis-action
2026-05-26T08:00:00Z,PR controller,consumed owner evidence,14,PR07C/HOLD-07C
2026-05-26T08:00:00Z,critical-path launches,critical-path launch,1,productive-analysis-action
2026-05-26T08:30:00Z,PR controller,consumed owner evidence,15,PR07C/HOLD-07C
2026-05-26T08:30:00Z,critical-path launches,critical-path launch,3,productive-analysis-action
2026-05-26T09:00:00Z,PR controller,consumed owner evidence,14,PR07C/HOLD-07C
2026-05-26T09:00:00Z,critical-path launches,critical-path launch,1,productive-analysis-action
2026-05-26T09:30:00Z,PR controller,consumed owner evidence,14,PR07C/HOLD-07C
2026-05-26T09:30:00Z,critical-path launches,critical-path launch,2,productive-analysis-action
2026-05-26T10:00:00Z,PR controller,consumed owner evidence,14,PR07C/HOLD-07C
2026-05-26T10:00:00Z,critical-path launches,critical-path launch,1,productive-analysis-action
2026-05-26T10:30:00Z,PR controller,consumed owner evidence,15,PR07C/HOLD-07C
2026-05-26T10:30:00Z,critical-path launches,critical-path launch,2,productive-analysis-action
2026-05-26T11:00:00Z,PR controller,consumed owner evidence,14,PR07C/HOLD-07C
2026-05-26T11:00:00Z,critical-path launches,critical-path launch,2,productive-analysis-action
2026-05-26T11:30:00Z,PR controller,consumed owner evidence,14,PR07C/HOLD-07C
2026-05-26T11:30:00Z,critical-path launches,critical-path launch,3,productive-analysis-action
2026-05-26T12:00:00Z,PR controller,consumed owner evidence,15,PR07C/HOLD-07C
2026-05-26T12:00:00Z,critical-path launches,critical-path launch,3,productive-analysis-action
2026-05-26T12:30:00Z,PR controller,consumed owner evidence,14,PR07C/HOLD-07C
2026-05-26T12:30:00Z,critical-path launches,critical-path launch,3,productive-analysis-action
2026-05-26T13:00:00Z,PR controller,consumed owner evidence,14,PR07C/HOLD-07C
2026-05-26T13:00:00Z,critical-path launches,critical-path launch,3,productive-analysis-action
2026-05-26T13:30:00Z,PR controller,consumed owner evidence,14,PR07C/HOLD-07C
2026-05-26T13:30:00Z,PR controller,single-flight/concurrency,1,PR07C/HOLD-07C
2026-05-26T13:30:00Z,critical-path launches,critical-path launch,1,productive-analysis-action
2026-05-26T14:00:00Z,PR controller,consumed owner evidence,15,PR07C/HOLD-07C
2026-05-26T14:00:00Z,critical-path launches,critical-path launch,2,productive-analysis-action
2026-05-26T14:30:00Z,PR controller,consumed owner evidence,14,PR07C/HOLD-07C
2026-05-26T15:00:00Z,PR controller,consumed owner evidence,14,PR07C/HOLD-07C
2026-05-26T15:30:00Z,PR controller,consumed owner evidence,15,PR07C/HOLD-07C
2026-05-26T16:00:00Z,PR controller,consumed owner evidence,14,PR07C/HOLD-07C
2026-05-26T16:00:00Z,critical-path launches,benchmark canary/exact-stack,2,pa-exact-benchmark-canary-large-post-save-fault-publish-stall-seed-1140001; pa-exact-benchmark-canary-table-stale-snapshot-reload-convergence-timeout-seed-1180017
2026-05-26T16:00:00Z,critical-path launches,critical-path launch,1,productive-analysis-action
2026-05-26T16:30:00Z,PR controller,consumed owner evidence,14,PR07C/HOLD-07C
2026-05-26T16:30:00Z,critical-path launches,benchmark canary/exact-stack,6,pa-exact-benchmark-canary-large-post-save-fault-publish-stall-seed-1140001; pa-exact-benchmark-canary-table-stale-snapshot-reload-convergence-timeout-seed-1180017
2026-05-26T16:30:00Z,critical-path launches,critical-path launch,1,productive-analysis-action
2026-05-26T17:00:00Z,PR controller,consumed owner evidence,14,PR07C/HOLD-07C
2026-05-26T17:00:00Z,critical-path launches,benchmark canary/exact-stack,2,pa-exact-benchmark-canary-large-post-save-fault-publish-stall-seed-1140001; pa-exact-benchmark-canary-table-stale-snapshot-reload-convergence-timeout-seed-1180017
2026-05-26T17:00:00Z,critical-path launches,critical-path launch,2,productive-analysis-action
2026-05-26T17:30:00Z,PR controller,consumed owner evidence,15,PR07C/HOLD-07C
2026-05-26T17:30:00Z,critical-path launches,benchmark canary/exact-stack,4,pa-exact-benchmark-canary-large-post-save-fault-publish-stall-seed-1140001; pa-exact-benchmark-canary-table-stale-snapshot-reload-convergence-timeout-seed-1180017
2026-05-26T17:30:00Z,critical-path launches,critical-path launch,3,productive-analysis-action
2026-05-26T18:00:00Z,PR controller,consumed owner evidence,14,PR07C/HOLD-07C
2026-05-26T18:00:00Z,critical-path launches,benchmark canary/exact-stack,4,pa-exact-benchmark-canary-large-post-save-fault-publish-stall-seed-1140001; pa-exact-benchmark-canary-table-stale-snapshot-reload-convergence-timeout-seed-1180017
2026-05-26T18:00:00Z,critical-path launches,critical-path launch,1,productive-analysis-action
2026-05-26T18:30:00Z,PR controller,consumed owner evidence,14,PR07C/HOLD-07C
2026-05-26T18:30:00Z,critical-path launches,benchmark canary/exact-stack,4,pa-exact-benchmark-canary-large-post-save-fault-publish-stall-seed-1140001; pa-exact-benchmark-canary-table-stale-snapshot-reload-convergence-timeout-seed-1180017
2026-05-26T18:30:00Z,critical-path launches,critical-path launch,2,productive-analysis-action
2026-05-26T19:00:00Z,PR controller,consumed owner evidence,14,PR07C/HOLD-07C
2026-05-26T19:00:00Z,critical-path launches,benchmark canary/exact-stack,2,pa-exact-benchmark-canary-large-post-save-fault-publish-stall-seed-1140001; pa-exact-benchmark-canary-table-stale-snapshot-reload-convergence-timeout-seed-1180017
2026-05-26T19:00:00Z,critical-path launches,critical-path launch,3,productive-analysis-action
2026-05-26T19:30:00Z,PR controller,consumed owner evidence,15,PR07C/HOLD-07C
2026-05-26T19:30:00Z,critical-path launches,critical-path launch,2,productive-analysis-action
2026-05-26T20:00:00Z,PR controller,consumed owner evidence,14,PR07C/HOLD-07C
2026-05-26T20:00:00Z,critical-path launches,critical-path launch,3,productive-analysis-action
2026-05-26T20:30:00Z,PR controller,consumed owner evidence,14,PR07C/HOLD-07C
2026-05-26T20:30:00Z,critical-path launches,benchmark canary/exact-stack,4,pa-exact-benchmark-canary-large-post-save-fault-publish-stall-seed-1140001; pa-exact-benchmark-canary-table-stale-snapshot-reload-convergence-timeout-seed-1180017
2026-05-26T20:30:00Z,critical-path launches,critical-path launch,3,productive-analysis-action
2026-05-26T21:00:00Z,PR controller,consumed owner evidence,15,PR07C/HOLD-07C
2026-05-26T21:00:00Z,critical-path launches,benchmark canary/exact-stack,4,pa-exact-benchmark-canary-large-post-save-fault-publish-stall-seed-1140001; pa-exact-benchmark-canary-table-stale-snapshot-reload-convergence-timeout-seed-1180017
2026-05-26T21:00:00Z,critical-path launches,critical-path launch,1,productive-analysis-action
2026-05-26T21:30:00Z,PR controller,consumed owner evidence,14,PR07C/HOLD-07C
2026-05-26T21:30:00Z,critical-path launches,benchmark canary/exact-stack,3,pa-exact-benchmark-canary-large-post-save-fault-publish-stall-seed-1140001; pa-exact-benchmark-canary-table-stale-snapshot-reload-convergence-timeout-seed-1180017
2026-05-26T21:30:00Z,critical-path launches,critical-path launch,4,productive-analysis-action
2026-05-26T22:00:00Z,PR controller,consumed owner evidence,14,PR07C/HOLD-07C
2026-05-26T22:00:00Z,critical-path launches,benchmark canary/exact-stack,4,pa-exact-benchmark-canary-table-stale-snapshot-reload-convergence-timeout-seed-1180017; pa-exact-benchmark-canary-large-post-save-fault-publish-stall-seed-1140001
2026-05-26T22:00:00Z,critical-path launches,critical-path launch,2,productive-analysis-action
2026-05-26T22:30:00Z,PR controller,consumed owner evidence,14,PR07C/HOLD-07C
2026-05-26T22:30:00Z,critical-path launches,benchmark canary/exact-stack,5,benchmark-canary-fuzzer-gap; pa-exact-benchmark-canary-table-stale-snapshot-reload-convergence-timeout-seed-1180017; pa-exact-benchmark-canary-large-post-save-fault-publish-stall-seed-1140001
2026-05-26T22:30:00Z,critical-path launches,critical-path launch,2,productive-analysis-action
2026-05-26T23:00:00Z,PR controller,consumed owner evidence,15,PR07C/HOLD-07C
2026-05-26T23:00:00Z,critical-path launches,benchmark canary/exact-stack,5,pa-exact-benchmark-canary-large-post-save-fault-publish-stall-seed-1140001; pa-exact-benchmark-canary-table-stale-snapshot-reload-convergence-timeout-seed-1180017; benchmark-canary-fuzzer-gap
2026-05-26T23:00:00Z,critical-path launches,critical-path launch,2,productive-analysis-action
2026-05-26T23:30:00Z,PR controller,consumed owner evidence,14,PR07C/HOLD-07C
2026-05-26T23:30:00Z,critical-path launches,benchmark canary/exact-stack,2,pa-exact-benchmark-canary-large-post-save-fault-publish-stall-seed-1140001; benchmark-canary-fuzzer-gap
2026-05-26T23:30:00Z,critical-path launches,critical-path launch,3,productive-analysis-action
2026-05-27T00:00:00Z,PR controller,consumed owner evidence,14,PR07C/HOLD-07C
2026-05-27T00:00:00Z,critical-path launches,benchmark canary/exact-stack,2,benchmark-canary-fuzzer-gap
2026-05-27T00:00:00Z,critical-path launches,critical-path launch,3,productive-analysis-action
2026-05-27T00:30:00Z,PR controller,consumed owner evidence,14,PR07C/HOLD-07C
2026-05-27T00:30:00Z,critical-path launches,benchmark canary/exact-stack,1,benchmark-canary-fuzzer-gap
2026-05-27T00:30:00Z,critical-path launches,critical-path launch,3,productive-analysis-action
2026-05-27T01:00:00Z,PR controller,consumed owner evidence,14,PR07C/HOLD-07C
2026-05-27T01:00:00Z,critical-path launches,benchmark canary/exact-stack,2,benchmark-canary-fuzzer-gap
2026-05-27T01:00:00Z,critical-path launches,critical-path launch,3,productive-analysis-action
2026-05-27T01:30:00Z,PR controller,consumed owner evidence,15,PR07C/HOLD-07C
2026-05-27T01:30:00Z,critical-path launches,benchmark canary/exact-stack,2,benchmark-canary-fuzzer-gap
2026-05-27T01:30:00Z,critical-path launches,critical-path launch,3,productive-analysis-action
2026-05-27T02:00:00Z,PR controller,consumed owner evidence,14,PR07C/HOLD-07C
2026-05-27T02:00:00Z,critical-path launches,benchmark canary/exact-stack,1,benchmark-canary-fuzzer-gap
2026-05-27T02:00:00Z,critical-path launches,critical-path launch,3,productive-analysis-action
2026-05-27T02:30:00Z,PR controller,consumed owner evidence,14,PR07C/HOLD-07C
2026-05-27T02:30:00Z,critical-path launches,critical-path launch,3,productive-analysis-action
2026-05-27T03:00:00Z,PR controller,consumed owner evidence,14,PR07C/HOLD-07C
2026-05-27T03:00:00Z,critical-path launches,benchmark canary/exact-stack,2,benchmark-canary-fuzzer-gap
2026-05-27T03:00:00Z,critical-path launches,critical-path launch,4,productive-analysis-action; unknown
2026-05-27T03:30:00Z,PR controller,consumed owner evidence,14,PR07C/HOLD-07C
2026-05-27T03:30:00Z,critical-path launches,critical-path launch,4,productive-analysis-action; unknown
2026-05-27T04:00:00Z,PR controller,consumed owner evidence,14,PR07C/HOLD-07C
2026-05-27T04:00:00Z,critical-path launches,critical-path launch,4,productive-analysis-action; unknown
2026-05-27T04:30:00Z,PR controller,consumed owner evidence,15,PR07C/HOLD-07C
2026-05-27T04:30:00Z,critical-path launches,benchmark canary/exact-stack,1,benchmark-canary-fuzzer-gap
2026-05-27T04:30:00Z,critical-path launches,critical-path launch,3,productive-analysis-action
2026-05-27T05:00:00Z,PR controller,consumed owner evidence,14,PR07C/HOLD-07C
2026-05-27T05:00:00Z,critical-path launches,critical-path launch,2,productive-analysis-action
2026-05-27T05:30:00Z,PR controller,consumed owner evidence,14,PR07C/HOLD-07C
2026-05-27T05:30:00Z,critical-path launches,critical-path launch,3,productive-analysis-action
2026-05-27T06:00:00Z,PR controller,consumed owner evidence,14,PR07C/HOLD-07C
2026-05-27T06:00:00Z,critical-path launches,critical-path launch,2,productive-analysis-action
2026-05-27T06:30:00Z,PR controller,consumed owner evidence,14,PR07C/HOLD-07C
2026-05-27T06:30:00Z,critical-path launches,critical-path launch,2,productive-analysis-action
2026-05-27T07:00:00Z,PR controller,consumed owner evidence,15,PR07C/HOLD-07C
2026-05-27T07:00:00Z,critical-path launches,critical-path launch,2,productive-analysis-action
2026-05-27T07:30:00Z,PR controller,consumed owner evidence,14,PR07C/HOLD-07C
2026-05-27T07:30:00Z,critical-path launches,critical-path launch,2,productive-analysis-action
2026-05-27T08:00:00Z,PR controller,consumed owner evidence,14,PR07C/HOLD-07C
2026-05-27T08:00:00Z,critical-path launches,critical-path launch,2,productive-analysis-action
2026-05-27T08:30:00Z,PR controller,consumed owner evidence,14,PR07C/HOLD-07C
2026-05-27T08:30:00Z,critical-path launches,critical-path launch,1,productive-analysis-action
2026-05-27T09:00:00Z,PR controller,consumed owner evidence,15,PR07C/HOLD-07C
2026-05-27T09:00:00Z,critical-path launches,critical-path launch,2,productive-analysis-action
2026-05-27T09:30:00Z,PR controller,consumed owner evidence,14,PR07C/HOLD-07C
2026-05-27T09:30:00Z,critical-path launches,critical-path launch,3,productive-analysis-action
2026-05-27T10:00:00Z,PR controller,consumed owner evidence,14,PR07C/HOLD-07C
2026-05-27T10:00:00Z,critical-path launches,critical-path launch,2,productive-analysis-action
2026-05-27T10:30:00Z,PR controller,consumed owner evidence,14,PR07C/HOLD-07C
2026-05-27T10:30:00Z,critical-path launches,critical-path launch,2,productive-analysis-action
2026-05-27T11:00:00Z,PR controller,consumed owner evidence,14,PR07C/HOLD-07C
2026-05-27T11:00:00Z,critical-path launches,critical-path launch,3,productive-analysis-action
2026-05-27T11:30:00Z,PR controller,consumed owner evidence,15,PR07C/HOLD-07C
2026-05-27T11:30:00Z,critical-path launches,critical-path launch,3,productive-analysis-action
2026-05-27T12:00:00Z,PR controller,consumed owner evidence,14,PR07C/HOLD-07C
2026-05-27T12:00:00Z,critical-path launches,critical-path launch,3,productive-analysis-action
2026-05-27T12:30:00Z,PR controller,consumed owner evidence,14,PR07C/HOLD-07C
2026-05-27T12:30:00Z,critical-path launches,critical-path launch,3,productive-analysis-action
2026-05-27T13:00:00Z,PR controller,consumed owner evidence,14,PR07C/HOLD-07C
2026-05-27T13:00:00Z,critical-path launches,critical-path launch,3,productive-analysis-action
2026-05-27T13:30:00Z,PR controller,consumed owner evidence,15,PR07C/HOLD-07C
2026-05-27T13:30:00Z,critical-path launches,critical-path launch,3,productive-analysis-action
2026-05-27T14:00:00Z,PR controller,consumed owner evidence,14,PR07C/HOLD-07C
2026-05-27T14:00:00Z,critical-path launches,critical-path launch,3,productive-analysis-action
2026-05-27T14:30:00Z,PR controller,consumed owner evidence,14,PR07C/HOLD-07C
2026-05-27T14:30:00Z,critical-path launches,critical-path launch,3,productive-analysis-action
2026-05-27T15:00:00Z,PR controller,consumed owner evidence,14,PR07C/HOLD-07C
2026-05-27T15:00:00Z,critical-path launches,critical-path launch,3,productive-analysis-action
2026-05-27T15:30:00Z,PR controller,consumed owner evidence,15,PR07C/HOLD-07C
2026-05-27T15:30:00Z,critical-path launches,critical-path launch,3,productive-analysis-action
2026-05-27T16:00:00Z,PR controller,consumed owner evidence,14,PR07C/HOLD-07C
2026-05-27T16:00:00Z,critical-path launches,benchmark canary/exact-stack,2,pa-exact-benchmark-canary-novelty-ws-collaboration-ui-signals-cb5d644e13d8; pa-exact-benchmark-canary-novelty-http-large-post-lifecycle-seed-1140001-a0314e1bdc16
2026-05-27T16:00:00Z,critical-path launches,critical-path launch,1,productive-analysis-action
2026-05-27T16:30:00Z,PR controller,consumed owner evidence,14,PR07C/HOLD-07C
2026-05-27T16:30:00Z,critical-path launches,benchmark canary/exact-stack,3,pa-exact-benchmark-canary-novelty-http-large-post-lifecycle-seed-1140001-final-persistence; pa-exact-benchmark-canary-novelty-ws-collaboration-ui-signals-cb5d644e13d8
2026-05-27T16:30:00Z,critical-path launches,critical-path launch,3,productive-analysis-action
2026-05-27T17:00:00Z,PR controller,consumed owner evidence,14,PR07C/HOLD-07C
2026-05-27T17:00:00Z,critical-path launches,benchmark canary/exact-stack,4,pa-exact-benchmark-canary-novelty-ws-collaboration-ui-signals-cb5d644e13d8; pa-exact-benchmark-canary-novelty-http-large-post-lifecycle-seed-1140001-final-persistence
2026-05-27T17:00:00Z,critical-path launches,critical-path launch,4,productive-analysis-action
2026-05-27T17:30:00Z,PR controller,consumed owner evidence,15,PR07C/HOLD-07C
2026-05-27T17:30:00Z,critical-path launches,benchmark canary/exact-stack,4,pa-exact-benchmark-canary-novelty-ws-collaboration-ui-signals-cb5d644e13d8; pa-exact-benchmark-canary-novelty-http-large-post-lifecycle-seed-1140001-final-persistence
2026-05-27T17:30:00Z,critical-path launches,critical-path launch,2,productive-analysis-action
2026-05-27T18:00:00Z,PR controller,consumed owner evidence,14,PR07C/HOLD-07C
2026-05-27T18:00:00Z,critical-path launches,benchmark canary/exact-stack,4,pa-exact-benchmark-canary-novelty-ws-collaboration-ui-signals-cb5d644e13d8; pa-exact-benchmark-canary-novelty-http-large-post-lifecycle-seed-1140001-final-persistence
2026-05-27T18:00:00Z,critical-path launches,critical-path launch,3,productive-analysis-action
2026-05-27T18:30:00Z,PR controller,consumed owner evidence,14,PR07C/HOLD-07C
2026-05-27T18:30:00Z,critical-path launches,benchmark canary/exact-stack,2,pa-exact-benchmark-canary-novelty-http-large-post-lifecycle-seed-1140001-final-persistence; pa-exact-benchmark-canary-novelty-ws-collaboration-ui-signals-seed-1170001-user-cursor
2026-05-27T18:30:00Z,critical-path launches,critical-path launch,4,productive-analysis-action
2026-05-27T19:00:00Z,PR controller,consumed owner evidence,14,PR07C/HOLD-07C
2026-05-27T19:00:00Z,critical-path launches,benchmark canary/exact-stack,4,pa-exact-benchmark-canary-novelty-http-large-post-lifecycle-seed-1140001-final-persistence; pa-exact-benchmark-canary-novelty-ws-collaboration-ui-signals-seed-1170001-user-cursor
2026-05-27T19:00:00Z,critical-path launches,critical-path launch,2,productive-analysis-action
2026-05-27T19:30:00Z,PR controller,consumed owner evidence,15,PR07C/HOLD-07C
2026-05-27T19:30:00Z,critical-path launches,benchmark canary/exact-stack,4,pa-exact-benchmark-canary-novelty-ws-collaboration-ui-signals-seed-1170001-user-cursor; pa-exact-benchmark-canary-novelty-http-large-post-lifecycle-seed-1140001-final-persistence
2026-05-27T19:30:00Z,critical-path launches,critical-path launch,2,productive-analysis-action
2026-05-27T20:00:00Z,PR controller,consumed owner evidence,14,PR07C/HOLD-07C
2026-05-27T20:00:00Z,critical-path launches,benchmark canary/exact-stack,3,pa-exact-benchmark-canary-novelty-ws-collaboration-ui-signals-seed-1170001-user-cursor; pa-exact-benchmark-canary-novelty-http-large-post-lifecycle-seed-1140001-final-persistence
2026-05-27T20:00:00Z,critical-path launches,critical-path launch,3,productive-analysis-action
2026-05-27T20:30:00Z,PR controller,consumed owner evidence,14,PR07C/HOLD-07C
2026-05-27T20:30:00Z,critical-path launches,benchmark canary/exact-stack,3,pa-exact-benchmark-canary-novelty-ws-collaboration-ui-signals-seed-1170001-user-cursor; pa-exact-benchmark-canary-novelty-http-large-post-lifecycle-seed-1140001-final-persistence
2026-05-27T20:30:00Z,critical-path launches,critical-path launch,3,productive-analysis-action
2026-05-27T21:00:00Z,PR controller,consumed owner evidence,14,PR07C/HOLD-07C
2026-05-27T21:00:00Z,critical-path launches,benchmark canary/exact-stack,4,pa-exact-benchmark-canary-novelty-ws-collaboration-ui-signals-seed-1170001-user-cursor; pa-exact-benchmark-canary-novelty-http-large-post-lifecycle-seed-1140001-final-persistence
2026-05-27T21:00:00Z,critical-path launches,critical-path launch,2,productive-analysis-action
2026-05-27T21:30:00Z,PR controller,consumed owner evidence,15,PR07C/HOLD-07C
2026-05-27T21:30:00Z,critical-path launches,benchmark canary/exact-stack,2,pa-exact-benchmark-canary-novelty-ws-collaboration-ui-signals-seed-1170001-user-cursor; pa-exact-benchmark-canary-novelty-http-large-post-lifecycle-seed-1140001-final-persistence
2026-05-27T21:30:00Z,critical-path launches,critical-path launch,2,productive-analysis-action
2026-05-27T22:00:00Z,PR controller,consumed owner evidence,14,PR07C/HOLD-07C
2026-05-27T22:00:00Z,critical-path launches,benchmark canary/exact-stack,3,pa-exact-benchmark-canary-novelty-ws-collaboration-ui-signals-seed-1170001-user-cursor; pa-exact-benchmark-canary-novelty-http-large-post-lifecycle-seed-1140001-final-persistence
2026-05-27T22:00:00Z,critical-path launches,critical-path launch,4,productive-analysis-action
2026-05-27T22:30:00Z,PR controller,consumed owner evidence,14,PR07C/HOLD-07C
2026-05-27T22:30:00Z,critical-path launches,benchmark canary/exact-stack,3,pa-exact-benchmark-canary-novelty-ws-collaboration-ui-signals-seed-1170001-user-cursor; pa-exact-benchmark-canary-novelty-http-large-post-lifecycle-seed-1140001-final-persistence
2026-05-27T22:30:00Z,critical-path launches,critical-path launch,3,productive-analysis-action
2026-05-27T23:00:00Z,PR controller,consumed owner evidence,14,PR07C/HOLD-07C
2026-05-27T23:00:00Z,critical-path launches,benchmark canary/exact-stack,4,pa-exact-benchmark-canary-novelty-http-large-post-lifecycle-seed-1140001-final-persistence; pa-exact-benchmark-canary-novelty-ws-collaboration-ui-signals-seed-1170001-user-cursor
2026-05-27T23:00:00Z,critical-path launches,critical-path launch,3,productive-analysis-action
2026-05-27T23:30:00Z,PR controller,consumed owner evidence,15,PR07C/HOLD-07C
2026-05-27T23:30:00Z,critical-path launches,benchmark canary/exact-stack,4,pa-exact-benchmark-canary-novelty-http-large-post-lifecycle-seed-1140001-final-persistence; pa-exact-benchmark-canary-novelty-ws-collaboration-ui-signals-seed-1170001-user-cursor; pa-exact-benchmark-canary-novelty-http-self-presence-ui-signals-seed-1250001-remote-cursor-overlay
2026-05-27T23:30:00Z,critical-path launches,critical-path launch,3,productive-analysis-action
2026-05-28T00:00:00Z,PR controller,consumed owner evidence,14,PR07C/HOLD-07C
2026-05-28T00:00:00Z,critical-path launches,benchmark canary/exact-stack,6,pa-exact-benchmark-canary-novelty-ws-collaboration-ui-signals-seed-1170001-user-cursor; pa-exact-benchmark-canary-novelty-http-self-presence-ui-signals-seed-1250001-remote-cursor-overlay; pa-exact-benchmark-canary-novelty-http-large-post-lifecycle-seed-1140001-final-persistence
2026-05-28T00:00:00Z,critical-path launches,critical-path launch,2,productive-analysis-action
2026-05-28T00:30:00Z,PR controller,consumed owner evidence,14,PR07C/HOLD-07C
2026-05-28T00:30:00Z,critical-path launches,benchmark canary/exact-stack,7,benchmark-canary-fuzzer-gap; pa-exact-benchmark-canary-novelty-ws-collaboration-ui-signals-seed-1170001-user-cursor; pa-exact-benchmark-canary-novelty-http-self-presence-ui-signals-seed-1250001-remote-cursor-overlay; pa-exact-benchmark-canary-novelty-http-large-post-lifecycle-seed-1140001-final-persistence
2026-05-28T00:30:00Z,critical-path launches,critical-path launch,1,productive-analysis-action
2026-05-28T01:00:00Z,PR controller,consumed owner evidence,14,PR07C/HOLD-07C
2026-05-28T01:00:00Z,critical-path launches,benchmark canary/exact-stack,6,benchmark-canary-fuzzer-gap; pa-exact-benchmark-canary-novelty-ws-collaboration-ui-signals-seed-1170001-user-cursor; pa-exact-benchmark-canary-novelty-http-self-presence-ui-signals-seed-1250001-remote-cursor-overlay; pa-exact-benchmark-canary-novelty-http-large-post-lifecycle-seed-1140001-final-persistence
2026-05-28T01:00:00Z,critical-path launches,critical-path launch,2,productive-analysis-action
2026-05-28T01:30:00Z,PR controller,consumed owner evidence,15,PR07C/HOLD-07C
2026-05-28T01:30:00Z,critical-path launches,benchmark canary/exact-stack,7,pa-exact-benchmark-canary-novelty-http-large-post-lifecycle-seed-1140001-final-persistence; pa-exact-benchmark-canary-novelty-ws-collaboration-ui-signals-seed-1170001-user-cursor; pa-exact-benchmark-canary-novelty-http-self-presence-ui-signals-seed-1250001-remote-cursor-overlay; benchmark-canary-fuzzer-gap
2026-05-28T01:30:00Z,critical-path launches,critical-path launch,2,productive-analysis-action
2026-05-28T02:00:00Z,PR controller,consumed owner evidence,14,PR07C/HOLD-07C
2026-05-28T02:00:00Z,critical-path launches,benchmark canary/exact-stack,5,pa-exact-benchmark-canary-novelty-ws-collaboration-ui-signals-seed-1170001-user-cursor; pa-exact-benchmark-canary-novelty-http-self-presence-ui-signals-seed-1250001-remote-cursor-overlay; benchmark-canary-fuzzer-gap
2026-05-28T02:00:00Z,critical-path launches,critical-path launch,2,productive-analysis-action
2026-05-28T02:30:00Z,PR controller,consumed owner evidence,14,PR07C/HOLD-07C
2026-05-28T02:30:00Z,critical-path launches,benchmark canary/exact-stack,4,benchmark-canary-fuzzer-gap; pa-exact-benchmark-canary-novelty-ws-collaboration-ui-signals-seed-1170001-user-cursor; pa-exact-benchmark-canary-novelty-http-self-presence-ui-signals-seed-1250001-remote-cursor-overlay
2026-05-28T02:30:00Z,critical-path launches,critical-path launch,1,productive-analysis-action
2026-05-28T03:00:00Z,PR controller,consumed owner evidence,14,PR07C/HOLD-07C
2026-05-28T03:00:00Z,critical-path launches,benchmark canary/exact-stack,5,pa-exact-benchmark-canary-novelty-http-self-presence-ui-signals-seed-1250001-remote-cursor-overlay; benchmark-canary-fuzzer-gap; pa-exact-benchmark-canary-novelty-ws-collaboration-ui-signals-seed-1170001-user-cursor
2026-05-28T03:00:00Z,critical-path launches,critical-path launch,3,productive-analysis-action
2026-05-28T03:30:00Z,PR controller,consumed owner evidence,15,PR07C/HOLD-07C
2026-05-28T03:30:00Z,critical-path launches,benchmark canary/exact-stack,3,pa-exact-benchmark-canary-novelty-http-self-presence-ui-signals-seed-1250001-remote-cursor-overlay; pa-exact-benchmark-canary-novelty-ws-collaboration-ui-signals-seed-1170001-user-cursor
2026-05-28T03:30:00Z,critical-path launches,critical-path launch,2,productive-analysis-action
2026-05-28T04:00:00Z,PR controller,consumed owner evidence,11,PR07C/HOLD-07C
2026-05-28T04:00:00Z,PR controller,single-flight/concurrency,4,PR07C/HOLD-07C
2026-05-28T04:00:00Z,critical-path launches,benchmark canary/exact-stack,5,benchmark-canary-fuzzer-gap; pa-exact-benchmark-canary-novelty-ws-collaboration-ui-signals-seed-1170001-user-cursor; pa-exact-benchmark-canary-novelty-http-self-presence-ui-signals-seed-1250001-remote-cursor-overlay
2026-05-28T04:00:00Z,critical-path launches,critical-path launch,3,productive-analysis-action
2026-05-28T04:30:00Z,PR controller,consumed owner evidence,12,PR07C/HOLD-07C
2026-05-28T04:30:00Z,PR controller,persona/control block,2,PR07C/HOLD-07C
2026-05-28T04:30:00Z,critical-path launches,benchmark canary/exact-stack,5,pa-exact-benchmark-canary-novelty-ws-collaboration-ui-signals-seed-1170001-user-cursor; pa-exact-benchmark-canary-novelty-http-self-presence-ui-signals-seed-1250001-remote-cursor-overlay; benchmark-canary-fuzzer-gap
2026-05-28T04:30:00Z,critical-path launches,critical-path launch,3,productive-analysis-action
2026-05-28T05:00:00Z,PR controller,consumed owner evidence,2,PR07C/HOLD-07C
2026-05-28T05:00:00Z,PR controller,persona/control block,10,PR07C/HOLD-07C
2026-05-28T05:00:00Z,PR controller,single-flight/concurrency,1,PR07C/HOLD-07C
2026-05-28T05:00:00Z,critical-path launches,benchmark canary/exact-stack,5,pa-exact-benchmark-canary-novelty-ws-collaboration-ui-signals-seed-1170001-user-cursor; pa-exact-benchmark-canary-novelty-http-self-presence-ui-signals-seed-1250001-remote-cursor-overlay; benchmark-canary-fuzzer-gap
2026-05-28T05:00:00Z,critical-path launches,critical-path launch,3,productive-analysis-action
2026-05-28T05:30:00Z,PR controller,consumed owner evidence,13,PR07C/HOLD-07C
2026-05-28T05:30:00Z,PR controller,persona/control block,2,PR07C/HOLD-07C
2026-05-28T05:30:00Z,critical-path launches,benchmark canary/exact-stack,5,pa-exact-benchmark-canary-novelty-ws-collaboration-ui-signals-seed-1170001-user-cursor; pa-exact-benchmark-canary-novelty-http-self-presence-ui-signals-seed-1250001-remote-cursor-overlay; benchmark-canary-fuzzer-gap
2026-05-28T05:30:00Z,critical-path launches,critical-path launch,3,productive-analysis-action
2026-05-28T06:00:00Z,PR controller,persona/control block,14,PR07C/HOLD-07C
2026-05-28T06:00:00Z,critical-path launches,benchmark canary/exact-stack,2,pa-exact-benchmark-canary-novelty-http-self-presence-ui-signals-seed-1250001-remote-cursor-overlay
2026-05-28T06:00:00Z,critical-path launches,critical-path launch,3,productive-analysis-action
2026-05-28T06:30:00Z,PR controller,consumed owner evidence,6,PR07C/HOLD-07C
2026-05-28T06:30:00Z,PR controller,persona/control block,7,PR07C/HOLD-07C
2026-05-28T06:30:00Z,PR controller,single-flight/concurrency,1,PR07C/HOLD-07C
2026-05-28T06:30:00Z,critical-path launches,benchmark canary/exact-stack,3,benchmark-canary-fuzzer-gap; pa-exact-benchmark-canary-novelty-http-self-presence-ui-signals-seed-1250001-remote-cursor-overlay
2026-05-28T06:30:00Z,critical-path launches,critical-path launch,3,productive-analysis-action
2026-05-28T07:00:00Z,PR controller,consumed owner evidence,12,PR07C/HOLD-07C
2026-05-28T07:00:00Z,PR controller,single-flight/concurrency,1,PR07C/HOLD-07C
2026-05-28T07:00:00Z,critical-path launches,benchmark canary/exact-stack,2,benchmark-canary-fuzzer-gap; pa-exact-benchmark-canary-novelty-http-self-presence-ui-signals-seed-1250001-remote-cursor-overlay
2026-05-28T07:00:00Z,critical-path launches,critical-path launch,3,productive-analysis-action
2026-05-28T07:30:00Z,PR controller,consumed owner evidence,12,PR07C/HOLD-07C
2026-05-28T07:30:00Z,PR controller,persona/control block,2,PR07C/HOLD-07C
2026-05-28T07:30:00Z,critical-path launches,benchmark canary/exact-stack,2,pa-exact-benchmark-canary-novelty-http-self-presence-ui-signals-seed-1250001-remote-cursor-overlay
2026-05-28T07:30:00Z,critical-path launches,critical-path launch,3,productive-analysis-action
2026-05-28T08:00:00Z,PR controller,persona/control block,15,PR07C/HOLD-07C
2026-05-28T08:00:00Z,critical-path launches,benchmark canary/exact-stack,2,pa-exact-benchmark-canary-novelty-http-self-presence-ui-signals-seed-1250001-remote-cursor-overlay
2026-05-28T08:00:00Z,critical-path launches,critical-path launch,3,productive-analysis-action
2026-05-28T08:30:00Z,PR controller,persona/control block,14,PR07C/HOLD-07C
2026-05-28T08:30:00Z,critical-path launches,benchmark canary/exact-stack,2,pa-exact-benchmark-canary-novelty-http-self-presence-ui-signals-seed-1250001-remote-cursor-overlay
2026-05-28T08:30:00Z,critical-path launches,critical-path launch,3,productive-analysis-action
2026-05-28T09:00:00Z,PR controller,consumed owner evidence,5,PR07C/HOLD-07C
2026-05-28T09:00:00Z,PR controller,persona/control block,10,PR07C/HOLD-07C
2026-05-28T09:00:00Z,critical-path launches,benchmark canary/exact-stack,2,pa-exact-benchmark-canary-novelty-http-self-presence-ui-signals-seed-1250001-remote-cursor-overlay
2026-05-28T09:00:00Z,critical-path launches,critical-path launch,3,productive-analysis-action
2026-05-28T09:30:00Z,PR controller,consumed owner evidence,15,PR07C/HOLD-07C
2026-05-28T09:30:00Z,critical-path launches,benchmark canary/exact-stack,2,pa-exact-benchmark-canary-novelty-http-self-presence-ui-signals-seed-1250001-remote-cursor-overlay
2026-05-28T09:30:00Z,critical-path launches,critical-path launch,3,productive-analysis-action
2026-05-28T10:00:00Z,PR controller,consumed owner evidence,15,PR07C/HOLD-07C
2026-05-28T10:00:00Z,critical-path launches,benchmark canary/exact-stack,1,pa-exact-benchmark-canary-novelty-http-self-presence-ui-signals-seed-1250001-remote-cursor-overlay
2026-05-28T10:00:00Z,critical-path launches,critical-path launch,3,productive-analysis-action
2026-05-28T10:30:00Z,PR controller,consumed owner evidence,14,PR07C/HOLD-07C
2026-05-28T10:30:00Z,critical-path launches,critical-path launch,3,productive-analysis-action
2026-05-28T11:00:00Z,PR controller,consumed owner evidence,15,PR07C/HOLD-07C
2026-05-28T11:00:00Z,critical-path launches,critical-path launch,3,productive-analysis-action
2026-05-28T11:30:00Z,PR controller,consumed owner evidence,14,PR07C/HOLD-07C
2026-05-28T11:30:00Z,critical-path launches,critical-path launch,3,productive-analysis-action
2026-05-28T12:00:00Z,PR controller,consumed owner evidence,15,PR07C/HOLD-07C
2026-05-28T12:00:00Z,critical-path launches,critical-path launch,3,productive-analysis-action
2026-05-28T12:30:00Z,PR controller,consumed owner evidence,14,PR07C/HOLD-07C
2026-05-28T12:30:00Z,critical-path launches,critical-path launch,3,productive-analysis-action
2026-05-28T13:00:00Z,PR controller,consumed owner evidence,15,PR07C/HOLD-07C
2026-05-28T13:00:00Z,critical-path launches,critical-path launch,3,productive-analysis-action
2026-05-28T13:30:00Z,PR controller,consumed owner evidence,15,PR07C/HOLD-07C
2026-05-28T13:30:00Z,critical-path launches,critical-path launch,3,productive-analysis-action
2026-05-28T14:00:00Z,PR controller,consumed owner evidence,14,PR07C/HOLD-07C
2026-05-28T14:00:00Z,critical-path launches,critical-path launch,3,productive-analysis-action
2026-05-28T14:30:00Z,PR controller,consumed owner evidence,15,PR07C/HOLD-07C
2026-05-28T14:30:00Z,critical-path launches,critical-path launch,3,productive-analysis-action
2026-05-28T15:00:00Z,PR controller,consumed owner evidence,14,PR07C/HOLD-07C
2026-05-28T15:00:00Z,critical-path launches,critical-path launch,3,productive-analysis-action
2026-05-28T15:30:00Z,PR controller,consumed owner evidence,15,PR07C/HOLD-07C
2026-05-28T15:30:00Z,critical-path launches,critical-path launch,2,productive-analysis-action
2026-05-28T16:00:00Z,PR controller,consumed owner evidence,15,PR07C/HOLD-07C
2026-05-28T16:00:00Z,critical-path launches,critical-path launch,3,productive-analysis-action
2026-05-28T16:30:00Z,PR controller,consumed owner evidence,14,PR07C/HOLD-07C
2026-05-28T16:30:00Z,critical-path launches,critical-path launch,2,productive-analysis-action
2026-05-28T17:00:00Z,PR controller,consumed owner evidence,15,PR07C/HOLD-07C
2026-05-28T17:00:00Z,critical-path launches,critical-path launch,4,productive-analysis-action
2026-05-28T17:30:00Z,PR controller,consumed owner evidence,14,PR07C/HOLD-07C
2026-05-28T17:30:00Z,critical-path launches,critical-path launch,3,productive-analysis-action
2026-05-28T18:00:00Z,PR controller,consumed owner evidence,15,PR07C/HOLD-07C
2026-05-28T18:00:00Z,critical-path launches,critical-path launch,3,productive-analysis-action
2026-05-28T18:30:00Z,PR controller,consumed owner evidence,15,PR07C/HOLD-07C
2026-05-28T18:30:00Z,critical-path launches,critical-path launch,3,productive-analysis-action
2026-05-28T19:00:00Z,PR controller,consumed owner evidence,14,PR07C/HOLD-07C
2026-05-28T19:00:00Z,critical-path launches,critical-path launch,3,productive-analysis-action
2026-05-28T19:30:00Z,PR controller,consumed owner evidence,15,PR07C/HOLD-07C
2026-05-28T19:30:00Z,critical-path launches,critical-path launch,2,productive-analysis-action
2026-05-28T20:00:00Z,PR controller,consumed owner evidence,14,PR07C/HOLD-07C
2026-05-28T20:00:00Z,critical-path launches,critical-path launch,3,productive-analysis-action
2026-05-28T20:00:00Z,critical-path launches,deferred-family validation,1,reload-hydration-reproducer-reacquire
2026-05-28T20:00:00Z,critical-path launches,seed reducer/final-stack,1,pa-exact-novelty-http-self-presence-ui-signals-seed-1250001-4992392c050a
2026-05-28T20:30:00Z,PR controller,consumed owner evidence,14,PR07C/HOLD-07C
2026-05-28T20:30:00Z,critical-path launches,critical-path launch,3,productive-analysis-action
2026-05-28T20:30:00Z,critical-path launches,seed reducer/final-stack,2,pa-exact-novelty-http-self-presence-ui-signals-seed-1250001-4992392c050a
2026-05-28T21:00:00Z,PR controller,consumed owner evidence,15,PR07C/HOLD-07C
2026-05-28T21:00:00Z,critical-path launches,critical-path launch,2,productive-analysis-action
2026-05-28T21:00:00Z,critical-path launches,seed reducer/final-stack,2,pa-exact-novelty-http-self-presence-ui-signals-seed-1250001-4992392c050a
2026-05-28T21:30:00Z,PR controller,consumed owner evidence,14,PR07C/HOLD-07C
2026-05-28T21:30:00Z,critical-path launches,critical-path launch,1,productive-analysis-action
2026-05-28T21:30:00Z,critical-path launches,seed reducer/final-stack,2,pa-exact-novelty-http-self-presence-ui-signals-seed-1250001-4992392c050a
2026-05-28T22:00:00Z,PR controller,consumed owner evidence,15,PR07C/HOLD-07C
2026-05-28T22:00:00Z,critical-path launches,critical-path launch,4,productive-analysis-action
2026-05-28T22:00:00Z,critical-path launches,seed reducer/final-stack,1,pa-exact-novelty-http-self-presence-ui-signals-seed-1250001-4992392c050a
2026-05-28T22:30:00Z,PR controller,consumed owner evidence,14,PR07C/HOLD-07C
2026-05-28T22:30:00Z,critical-path launches,critical-path launch,2,productive-analysis-action
2026-05-28T22:30:00Z,critical-path launches,seed reducer/final-stack,3,pa-exact-novelty-http-self-presence-ui-signals-seed-1250001-4992392c050a; pa-exact-novelty-http-self-presence-ui-signals-seed-1250001
2026-05-28T23:00:00Z,PR controller,consumed owner evidence,14,PR07C/HOLD-07C
2026-05-28T23:00:00Z,critical-path launches,benchmark canary/exact-stack,2,pa-exact-benchmark-canary-novelty-http-large-post-lifecycle-seed-1140001
2026-05-28T23:00:00Z,critical-path launches,critical-path launch,4,productive-analysis-action
2026-05-28T23:00:00Z,critical-path launches,seed reducer/final-stack,2,pa-exact-novelty-http-self-presence-ui-signals-seed-1250001-4992392c050a; pa-exact-novelty-http-self-presence-ui-signals-seed-1250001
2026-05-28T23:30:00Z,PR controller,consumed owner evidence,15,PR07C/HOLD-07C
2026-05-28T23:30:00Z,critical-path launches,benchmark canary/exact-stack,1,pa-exact-benchmark-canary-novelty-http-large-post-lifecycle-seed-1140001
2026-05-28T23:30:00Z,critical-path launches,critical-path launch,3,productive-analysis-action
2026-05-28T23:30:00Z,critical-path launches,seed reducer/final-stack,2,pa-exact-novelty-http-self-presence-ui-signals-seed-1250001
2026-05-29T00:00:00Z,PR controller,consumed owner evidence,14,PR07C/HOLD-07C
2026-05-29T00:00:00Z,critical-path launches,benchmark canary/exact-stack,2,pa-exact-benchmark-canary-novelty-http-large-post-lifecycle-seed-1140001
2026-05-29T00:00:00Z,critical-path launches,critical-path launch,3,productive-analysis-action
2026-05-29T00:00:00Z,critical-path launches,seed reducer/final-stack,2,pa-exact-novelty-http-self-presence-ui-signals-seed-1250001
2026-05-29T00:30:00Z,PR controller,consumed owner evidence,14,PR07C/HOLD-07C
2026-05-29T00:30:00Z,critical-path launches,benchmark canary/exact-stack,2,pa-exact-benchmark-canary-novelty-http-large-post-lifecycle-seed-1140001
2026-05-29T00:30:00Z,critical-path launches,critical-path launch,2,productive-analysis-action
2026-05-29T00:30:00Z,critical-path launches,seed reducer/final-stack,2,pa-exact-novelty-http-self-presence-ui-signals-seed-1250001
2026-05-29T01:00:00Z,PR controller,consumed owner evidence,14,PR07C/HOLD-07C
2026-05-29T01:00:00Z,critical-path launches,benchmark canary/exact-stack,2,pa-exact-benchmark-canary-novelty-http-large-post-lifecycle-seed-1140001
2026-05-29T01:00:00Z,critical-path launches,critical-path launch,3,productive-analysis-action
2026-05-29T01:00:00Z,critical-path launches,seed reducer/final-stack,2,pa-exact-novelty-http-self-presence-ui-signals-seed-1250001
2026-05-29T01:30:00Z,PR controller,consumed owner evidence,15,PR07C/HOLD-07C
2026-05-29T01:30:00Z,critical-path launches,benchmark canary/exact-stack,3,pa-exact-benchmark-canary-novelty-http-large-post-lifecycle-seed-1140001; pa-exact-benchmark-canary-novelty-ws-parser-serialization-seed-1010001
2026-05-29T01:30:00Z,critical-path launches,critical-path launch,3,productive-analysis-action
2026-05-29T01:30:00Z,critical-path launches,seed reducer/final-stack,1,pa-exact-novelty-http-self-presence-ui-signals-seed-1250001
2026-05-29T02:00:00Z,PR controller,consumed owner evidence,14,PR07C/HOLD-07C
2026-05-29T02:00:00Z,critical-path launches,benchmark canary/exact-stack,2,pa-exact-benchmark-canary-novelty-ws-parser-serialization-seed-1010001
2026-05-29T02:00:00Z,critical-path launches,critical-path launch,3,productive-analysis-action
2026-05-29T02:30:00Z,PR controller,consumed owner evidence,14,PR07C/HOLD-07C
2026-05-29T02:30:00Z,critical-path launches,benchmark canary/exact-stack,2,pa-exact-benchmark-canary-novelty-ws-parser-serialization-seed-1010001
2026-05-29T02:30:00Z,critical-path launches,critical-path launch,3,productive-analysis-action
2026-05-29T03:00:00Z,PR controller,consumed owner evidence,15,PR07C/HOLD-07C
2026-05-29T03:00:00Z,critical-path launches,benchmark canary/exact-stack,2,pa-exact-benchmark-canary-novelty-ws-parser-serialization-seed-1010001
2026-05-29T03:00:00Z,critical-path launches,critical-path launch,3,productive-analysis-action
2026-05-29T03:30:00Z,PR controller,consumed owner evidence,14,PR07C/HOLD-07C
2026-05-29T03:30:00Z,critical-path launches,benchmark canary/exact-stack,2,pa-exact-benchmark-canary-novelty-ws-parser-serialization-seed-1010001
2026-05-29T03:30:00Z,critical-path launches,critical-path launch,3,productive-analysis-action
2026-05-29T04:00:00Z,PR controller,consumed owner evidence,14,PR07C/HOLD-07C
2026-05-29T04:00:00Z,critical-path launches,benchmark canary/exact-stack,2,pa-exact-benchmark-canary-novelty-ws-parser-serialization-seed-1010001
2026-05-29T04:00:00Z,critical-path launches,critical-path launch,3,productive-analysis-action
2026-05-29T04:30:00Z,PR controller,consumed owner evidence,15,PR07C/HOLD-07C
2026-05-29T04:30:00Z,critical-path launches,benchmark canary/exact-stack,1,pa-exact-benchmark-canary-novelty-ws-parser-serialization-seed-1010001
2026-05-29T04:30:00Z,critical-path launches,critical-path launch,3,productive-analysis-action
2026-05-29T05:00:00Z,PR controller,consumed owner evidence,14,PR07C/HOLD-07C
2026-05-29T05:00:00Z,critical-path launches,critical-path launch,3,productive-analysis-action
2026-05-29T05:30:00Z,PR controller,consumed owner evidence,14,PR07C/HOLD-07C
2026-05-29T05:30:00Z,critical-path launches,critical-path launch,3,productive-analysis-action
2026-05-29T06:00:00Z,PR controller,consumed owner evidence,15,PR07C/HOLD-07C
2026-05-29T06:00:00Z,critical-path launches,critical-path launch,3,productive-analysis-action
2026-05-29T06:30:00Z,PR controller,consumed owner evidence,2,PR07C/HOLD-07C
2026-05-29T06:30:00Z,critical-path launches,critical-path launch,1,productive-analysis-action
